opaque_id	seed_index	world_seed	checkpoint_sha256	run	observed	p_two_sided	reject_alpha_0_05	domain_fraction	elapsed_s	peak_memory_bytes
PanelMember-01	1	91500001.0	29054B636C0977B82991BB03F78383E973AFCFE0C08CCEC6634648B1B79485DF	R1	-0.0017665135065093745	0.414520263671875	0		260.226258	3103621120.0
PanelMember-01	1	91500001.0	29054B636C0977B82991BB03F78383E973AFCFE0C08CCEC6634648B1B79485DF	R2	-0.0024806078375234288	0.14306640625	0		260.226258	3103621120.0
PanelMember-01	2	91500002.0	2AD2D46A8C591C7B5C89AB3F1CCCA7B07BC1C22417AA33D81B7307B6364E5046	R1	-0.001266567172887147	0.4561767578125	0		260.8547013	3056414720.0
PanelMember-01	2	91500002.0	2AD2D46A8C591C7B5C89AB3F1CCCA7B07BC1C22417AA33D81B7307B6364E5046	R2	-0.0002949629269415439	0.857666015625	0		260.8547013	3056414720.0
PanelMember-01	3	91500003.0	54057B1AFB939D79880DA26A1D263A96948145D1F75D82BD2C6B8D1B6F69AB9F	R1	0.0012490059112831079	0.656890869140625	0		261.0299818	3097071616.0
PanelMember-01	3	91500003.0	54057B1AFB939D79880DA26A1D263A96948145D1F75D82BD2C6B8D1B6F69AB9F	R2	0.002638592723896404	0.153564453125	0		261.0299818	3097071616.0
PanelMember-01	4	91500004.0	FC0414C7A9CC6220DAA27CDEDE529B0E8D7A41EDC0F517BBB621AC1523A6DD9A	R1	0.0037852776338072667	0.037353515625	1		268.7677074	3100766208.0
PanelMember-01	4	91500004.0	FC0414C7A9CC6220DAA27CDEDE529B0E8D7A41EDC0F517BBB621AC1523A6DD9A	R2	0.003001738497155577	0.084716796875	0		268.7677074	3100766208.0
PanelMember-01	5	91500005.0	312177143423912A22C468091DAD477F5EC60CC3482285C5332A75C7514C088C	R1	0.0005269395419238044	0.785888671875	0		262.6723079	3095900160.0
PanelMember-01	5	91500005.0	312177143423912A22C468091DAD477F5EC60CC3482285C5332A75C7514C088C	R2	0.0013579195988359409	0.419921875	0		262.6723079	3095900160.0
PanelMember-01	6	91500006.0	19C1486A411C1EFDF77101C8E58B31B2B17B080CB93276F5B2ADBFBD8BADC01A	R1	-0.0002527322871901598	0.863525390625	0		260.5068739	3090501632.0
PanelMember-01	6	91500006.0	19C1486A411C1EFDF77101C8E58B31B2B17B080CB93276F5B2ADBFBD8BADC01A	R2	0.0034181675831203265	0.126708984375	0		260.5068739	3090501632.0
PanelMember-01	7	91500007.0	A9E870ECAC365244C8D4C96FF4722F9A1B57B93C57BFC56DD320E38D1C25A738	R1	-0.0008674824894697481	0.579803466796875	0		260.9478529	3096330240.0
PanelMember-01	7	91500007.0	A9E870ECAC365244C8D4C96FF4722F9A1B57B93C57BFC56DD320E38D1C25A738	R2	0.0025735710597412083	0.069091796875	0		260.9478529	3096330240.0
PanelMember-01	8	91500008.0	E743597A4A01E6B1C6681BB752970E8A2C18E49ADA3BE3C4E3E37C4253BE7B98	R1	-0.00250903174360513	0.1910400390625	0		261.2578344	3087622144.0
PanelMember-01	8	91500008.0	E743597A4A01E6B1C6681BB752970E8A2C18E49ADA3BE3C4E3E37C4253BE7B98	R2	-0.0005253430264790816	0.728515625	0		261.2578344	3087622144.0
PanelMember-01	9	91500009.0	2339D9F6522989AE5A8EBD30AD3E853A846C07AEB0956CF6EB53C646D4443044	R1	-0.0025133440150725164	0.0733642578125	0		260.1345505	3094925312.0
PanelMember-01	9	91500009.0	2339D9F6522989AE5A8EBD30AD3E853A846C07AEB0956CF6EB53C646D4443044	R2	-0.00027290057547526794	0.880859375	0		260.1345505	3094925312.0
PanelMember-01	10	91500010.0	2F78D8FA8F71F6EB246F6E8D8D38CCB40386A1FB1C7B27F790D07A39DE85919C	R1	-0.002259935547680654	0.300750732421875	0		266.0407171	3094990848.0
PanelMember-01	10	91500010.0	2F78D8FA8F71F6EB246F6E8D8D38CCB40386A1FB1C7B27F790D07A39DE85919C	R2	0.000803122304867583	0.535888671875	0		266.0407171	3094990848.0
PanelMember-01	11	91500011.0	E81CECCDB31387329557EAAEF0FCF0D03A244AC65020F28B99DB0E5E2C5A2E30	R1	-0.001131904674963532	0.436553955078125	0		260.0487716	3097018368.0
PanelMember-01	11	91500011.0	E81CECCDB31387329557EAAEF0FCF0D03A244AC65020F28B99DB0E5E2C5A2E30	R2	-0.0015581304413240015	0.40087890625	0		260.0487716	3097018368.0
PanelMember-01	12	91500012.0	A9CFCE418A7A37464A92A306D5646A799E1EB43D4493349333E7A01E8CD84A23	R1	-5.861945344342928e-05	0.9693603515625	0		259.91589	3101237248.0
PanelMember-01	12	91500012.0	A9CFCE418A7A37464A92A306D5646A799E1EB43D4493349333E7A01E8CD84A23	R2	0.00027067671300828904	0.867431640625	0		259.91589	3101237248.0
PanelMember-01	13	91500013.0	C4AF30B9DAD7152D044A685629AC94FC7A191CCC834BC19A2F98E193DC798BB7	R1	-0.003500522362005097	0.100433349609375	0		342.6155032	3162435584.0
PanelMember-01	13	91500013.0	C4AF30B9DAD7152D044A685629AC94FC7A191CCC834BC19A2F98E193DC798BB7	R2	0.0005231636085262903	0.773681640625	0		342.6155032	3162435584.0
PanelMember-01	14	91500014.0	E7C7389E6C1B34C9F889C6DB32755CF861951DA0D8F3DC76BD18850695F1935B	R1	-0.0011157659799221288	0.379974365234375	0		324.5617784	3161919488.0
PanelMember-01	14	91500014.0	E7C7389E6C1B34C9F889C6DB32755CF861951DA0D8F3DC76BD18850695F1935B	R2	-0.003070394567572096	0.13720703125	0		324.5617784	3161919488.0
PanelMember-01	15	91500015.0	85B3A7E00484D18F550A4729E20FF8B9921D254846DE68FD271FDF462ABCF414	R1	-0.0006913063482259336	0.6685791015625	0		237.9053153	3160600576.0
PanelMember-01	15	91500015.0	85B3A7E00484D18F550A4729E20FF8B9921D254846DE68FD271FDF462ABCF414	R2	0.0018892364054068568	0.434326171875	0		237.9053153	3160600576.0
PanelMember-01	16	91500016.0	43807EC2BAE46A9D5441D63EA7BBCFB4DBEB37500577DF2CDB112595FF9D7941	R1	-0.0013076381782392802	0.233978271484375	0		240.56702	3153915904.0
PanelMember-01	16	91500016.0	43807EC2BAE46A9D5441D63EA7BBCFB4DBEB37500577DF2CDB112595FF9D7941	R2	-0.004465046402375116	0.041748046875	1		240.56702	3153915904.0
PanelMember-01	17	91500017.0	F1809E6DD20A00BC860BAC7E2A5C448734EA8F09EA7698A759AEA3BED4171F7C	R1	-0.0005577863276391082	0.633697509765625	0		244.373978	3139420160.0
PanelMember-01	17	91500017.0	F1809E6DD20A00BC860BAC7E2A5C448734EA8F09EA7698A759AEA3BED4171F7C	R2	2.7650447087835694e-05	0.9853515625	0		244.373978	3139420160.0
PanelMember-01	18	91500018.0	3409829B905DBC43C9676E4F0453938D5C94E5D6A2EAF30BC181DB2ACFF03BD5	R1	-0.0017862364209269084	0.30169677734375	0		343.1297969	3119529984.0
PanelMember-01	18	91500018.0	3409829B905DBC43C9676E4F0453938D5C94E5D6A2EAF30BC181DB2ACFF03BD5	R2	0.001728933212242391	0.238525390625	0		343.1297969	3119529984.0
PanelMember-01	19	91500019.0	95D196B0AA2ABE177EE58DB1C7CEAABBF195B0B043DDEF355544F76A8D212A67	R1	-0.0015252320028006005	0.3330078125	0		332.0371736	3114598400.0
PanelMember-01	19	91500019.0	95D196B0AA2ABE177EE58DB1C7CEAABBF195B0B043DDEF355544F76A8D212A67	R2	0.0013426249907433202	0.49658203125	0		332.0371736	3114598400.0
PanelMember-01	20	91500020.0	19E14D3EC56588F7D4A498D1EF3C5522CBCFFD8E45F851B35AEF8F7854187407	R1	0.0016037704437067953	0.23944091796875	0		240.4903457	3113390080.0
PanelMember-01	20	91500020.0	19E14D3EC56588F7D4A498D1EF3C5522CBCFFD8E45F851B35AEF8F7854187407	R2	-0.00034230492033356964	0.77001953125	0		240.4903457	3113390080.0
PanelMember-01	21	91500021.0	D464813D5C0ED4AA05E8FC939DE8A6F87066D1A3480B8207C2C340474FFF4FF2	R1	-0.0012240596495808778	0.449432373046875	0		242.2625518	3106058240.0
PanelMember-01	21	91500021.0	D464813D5C0ED4AA05E8FC939DE8A6F87066D1A3480B8207C2C340474FFF4FF2	R2	-0.00044089354120160185	0.744384765625	0		242.2625518	3106058240.0
PanelMember-01	22	91500022.0	89BE3BEB1E93241EE3D83AC4D5E62EC3789642B272431AA373ACB9A872CCCD46	R1	-0.0009749513695192442	0.568695068359375	0		246.3712124	3093073920.0
PanelMember-01	22	91500022.0	89BE3BEB1E93241EE3D83AC4D5E62EC3789642B272431AA373ACB9A872CCCD46	R2	-0.0011728227230609115	0.513916015625	0		246.3712124	3093073920.0
PanelMember-01	23	91500023.0	FF4F6AD76BC903F4C5D563D406483F7384EA5724AFBFE4E75A136B3E10EEE1AF	R1	0.0008954765193970993	0.531402587890625	0		343.077623	3145310208.0
PanelMember-01	23	91500023.0	FF4F6AD76BC903F4C5D563D406483F7384EA5724AFBFE4E75A136B3E10EEE1AF	R2	0.00013932498516089177	0.944580078125	0		343.077623	3145310208.0
PanelMember-01	24	91500024.0	61F06A7E82CFADB8C5F4C839C31872DD94C7D62C987A1F4840188C12C4525228	R1	-0.0008316983810025295	0.49169921875	0		331.1118261	3143561216.0
PanelMember-01	24	91500024.0	61F06A7E82CFADB8C5F4C839C31872DD94C7D62C987A1F4840188C12C4525228	R2	-0.0008355190532559563	0.60791015625	0		331.1118261	3143561216.0
PanelMember-01	25	91500025.0	D082687A8782B3F0D5D310196340E3A0A3E1F5BC52C9863D913CA94BBD903021	R1	-0.0005957845910764983	0.69537353515625	0		239.7437222	3146203136.0
PanelMember-01	25	91500025.0	D082687A8782B3F0D5D310196340E3A0A3E1F5BC52C9863D913CA94BBD903021	R2	-0.0010285231371950693	0.6005859375	0		239.7437222	3146203136.0
PanelMember-01	26	91500026.0	AC7386427962C6F665CC18A1E903F6AD5FA7878D85673613F4DD88C525B9039D	R1	-0.0022512628870427105	0.17584228515625	0		241.533756	3141459968.0
PanelMember-01	26	91500026.0	AC7386427962C6F665CC18A1E903F6AD5FA7878D85673613F4DD88C525B9039D	R2	-0.0012662342643525782	0.402099609375	0		241.533756	3141459968.0
PanelMember-01	27	91500027.0	12C32EBFBED50A962FEAF763899E77347132F2E027B97F0E0927383E7F43A270	R1	0.0010808773186688696	0.559967041015625	0		244.8530748	3131666432.0
PanelMember-01	27	91500027.0	12C32EBFBED50A962FEAF763899E77347132F2E027B97F0E0927383E7F43A270	R2	-0.0034120484350930883	0.13818359375	0		244.8530748	3131666432.0
PanelMember-01	28	91500028.0	3D72B987A1F362055253E408479FD38B1DA9613B36858DD5359F6170C53E7212	R1	0.0010169110825155904	0.475250244140625	0		353.9073194	3163037696.0
PanelMember-01	28	91500028.0	3D72B987A1F362055253E408479FD38B1DA9613B36858DD5359F6170C53E7212	R2	-0.0031658500443909466	0.029296875	1		353.9073194	3163037696.0
PanelMember-01	29	91500029.0	E20F0BFE202904DB55B807779497BEACA8C3483E332AF5151EF3DBE61EDA5B7E	R1	0.0010523940029058731	0.551544189453125	0		337.0854787	3158495232.0
PanelMember-01	29	91500029.0	E20F0BFE202904DB55B807779497BEACA8C3483E332AF5151EF3DBE61EDA5B7E	R2	0.0017117852951179231	0.32861328125	0		337.0854787	3158495232.0
PanelMember-01	30	91500030.0	D8F749533EB1C71A6830D2B11688B431E99B6C0C40748B679B6B940C0925E8B0	R1	-0.0003222815272322802	0.806732177734375	0		239.32618	3155607552.0
PanelMember-01	30	91500030.0	D8F749533EB1C71A6830D2B11688B431E99B6C0C40748B679B6B940C0925E8B0	R2	-0.001436074640976256	0.464111328125	0		239.32618	3155607552.0
PanelMember-01	31	91500031.0	981598D80D025505050D90DF41CC744524604ED9BC8EC332C274EB8544B06F03	R1	-0.0010234790804779265	0.611358642578125	0		240.9614397	3149357056.0
PanelMember-01	31	91500031.0	981598D80D025505050D90DF41CC744524604ED9BC8EC332C274EB8544B06F03	R2	0.0022287099811938178	0.273193359375	0		240.9614397	3149357056.0
PanelMember-01	32	91500032.0	E19F47F0DDC760FFE9F00DB3FDCE256BF1F3AA63CE050E5A202F319B13978573	R1	-0.0005554713159562905	0.7073974609375	0		243.8931861	3136733184.0
PanelMember-01	32	91500032.0	E19F47F0DDC760FFE9F00DB3FDCE256BF1F3AA63CE050E5A202F319B13978573	R2	0.0003794014271689683	0.776123046875	0		243.8931861	3136733184.0
PanelMember-01	33	91500033.0	6AA53111200967387DB1F3E36874B7E3DBEA04593DA95D1ACB0E4235E385630C	R1	0.002168741859828716	0.195526123046875	0		344.5403286	3157061632.0
PanelMember-01	33	91500033.0	6AA53111200967387DB1F3E36874B7E3DBEA04593DA95D1ACB0E4235E385630C	R2	0.00031127503016955535	0.841796875	0		344.5403286	3157061632.0
PanelMember-01	34	91500034.0	0D48D53CE568469BCBF379202AA94CE1D0C9A3F97289EB19E9433C36432275EE	R1	0.0005956390708599347	0.738800048828125	0		334.774882	3154923520.0
PanelMember-01	34	91500034.0	0D48D53CE568469BCBF379202AA94CE1D0C9A3F97289EB19E9433C36432275EE	R2	0.002976355631444936	0.03955078125	1		334.774882	3154923520.0
PanelMember-01	35	91500035.0	AC4F2FC648BF412AF4914CB22563778ED7C8F1D725ED2E07A07F165FB34F82B0	R1	0.00043480146903919254	0.77935791015625	0		240.3881148	3154845696.0
PanelMember-01	35	91500035.0	AC4F2FC648BF412AF4914CB22563778ED7C8F1D725ED2E07A07F165FB34F82B0	R2	0.0010925994033645994	0.493896484375	0		240.3881148	3154845696.0
PanelMember-01	36	91500036.0	7A912E0A4BA1E613DCFACF5506AD20AAFF4F368D85C7CD4A13F4F213E41622A9	R1	-0.0012158115056819729	0.571929931640625	0		243.2520926	3148455936.0
PanelMember-01	36	91500036.0	7A912E0A4BA1E613DCFACF5506AD20AAFF4F368D85C7CD4A13F4F213E41622A9	R2	0.0021165510850341216	0.218994140625	0		243.2520926	3148455936.0
PanelMember-01	37	91500037.0	E467B98F4FF81F907EEFA5D91BD9E6A9F819602E3756D96D27C4E5C2F98C9216	R1	0.002060084393689832	0.136932373046875	0		245.4503284	3136348160.0
PanelMember-01	37	91500037.0	E467B98F4FF81F907EEFA5D91BD9E6A9F819602E3756D96D27C4E5C2F98C9216	R2	-0.0023558139622196104	0.00732421875	1		245.4503284	3136348160.0
PanelMember-01	38	91500038.0	33F1F0EC5F0E1FF747608060A01B4630360E3F899EC132B0CAC1E6C370CCC512	R1	-0.0002223056265238578	0.912567138671875	0		345.4951395	3152904192.0
PanelMember-01	38	91500038.0	33F1F0EC5F0E1FF747608060A01B4630360E3F899EC132B0CAC1E6C370CCC512	R2	0.0002614494111514396	0.88330078125	0		345.4951395	3152904192.0
PanelMember-01	39	91500039.0	94DB296349FE224E010D0A5A7FC27F18508EDC9252019C0A3C5CA36D0DD10285	R1	0.0014857008660809229	0.283538818359375	0		331.7863205	3148795904.0
PanelMember-01	39	91500039.0	94DB296349FE224E010D0A5A7FC27F18508EDC9252019C0A3C5CA36D0DD10285	R2	-0.0010392401661450971	0.456298828125	0		331.7863205	3148795904.0
PanelMember-01	40	91500040.0	12FE1A21EF1687982268E518D6E8238E91464142143BB91EC223A0108A6A28FE	R1	0.002192740574865504	0.08514404296875	0		240.220196	3149885440.0
PanelMember-01	40	91500040.0	12FE1A21EF1687982268E518D6E8238E91464142143BB91EC223A0108A6A28FE	R2	0.0005185365091820513	0.514404296875	0		240.220196	3149885440.0
PanelMember-01	41	91500041.0	2461A64824899292B102A0B6A5A1BF2C370FBDB93245C10BFAA5B23BD6AB2F03	R1	0.0004849369252933641	0.81585693359375	0		242.4993713	3144904704.0
PanelMember-01	41	91500041.0	2461A64824899292B102A0B6A5A1BF2C370FBDB93245C10BFAA5B23BD6AB2F03	R2	0.0026207204860050387	0.18359375	0		242.4993713	3144904704.0
PanelMember-01	42	91500042.0	752D3C82562D2AAF3E194DB11C70FB2C8110AAB39C5A03368D8FB71A9E96E279	R1	-0.002471211404908237	0.184234619140625	0		246.2861037	3137019904.0
PanelMember-01	42	91500042.0	752D3C82562D2AAF3E194DB11C70FB2C8110AAB39C5A03368D8FB71A9E96E279	R2	2.207028797191257e-05	0.994140625	0		246.2861037	3137019904.0
PanelMember-01	43	91500043.0	2CB66FDD7C3E8DE4B2DFE5BAAC374A7842196AC1FB07BF17A602F97A9156C5FA	R1	-0.00031815647720098255	0.83233642578125	0		342.2091943	3144384512.0
PanelMember-01	43	91500043.0	2CB66FDD7C3E8DE4B2DFE5BAAC374A7842196AC1FB07BF17A602F97A9156C5FA	R2	-0.0022114674974500993	0.19091796875	0		342.2091943	3144384512.0
PanelMember-01	44	91500044.0	F86B3182E809C07AEF06F82A06492E707D8D581FFA513AFEFDAF9F75BFF90269	R1	-2.4484174446960476e-05	0.98651123046875	0		333.4944755	3141308416.0
PanelMember-01	44	91500044.0	F86B3182E809C07AEF06F82A06492E707D8D581FFA513AFEFDAF9F75BFF90269	R2	-0.002191220077980611	0.321533203125	0		333.4944755	3141308416.0
PanelMember-01	45	91500045.0	7854941A447880562254B51B2872AF3B91C37C5EFD88AAFAE52D3427670E5A91	R1	-0.00023532419812016423	0.9129638671875	0		240.8348982	3142561792.0
PanelMember-01	45	91500045.0	7854941A447880562254B51B2872AF3B91C37C5EFD88AAFAE52D3427670E5A91	R2	0.0008375742495861393	0.58837890625	0		240.8348982	3142561792.0
PanelMember-01	46	91500046.0	C72D6313C2F6210E6D58DAFA4D8A04BF00F2DED1FE239DB521FFA78433C7BA4C	R1	-0.0011807269465719955	0.42864990234375	0		243.4018607	3137724416.0
PanelMember-01	46	91500046.0	C72D6313C2F6210E6D58DAFA4D8A04BF00F2DED1FE239DB521FFA78433C7BA4C	R2	0.003171240762146282	0.134521484375	0		243.4018607	3137724416.0
PanelMember-01	47	91500047.0	3EA2BE555528FDE5DB9571866F533FA8500BFD96BD2E3C0A62246A28E99F5E90	R1	-0.0033894806138269917	0.0009765625	1		246.321886	3125932032.0
PanelMember-01	47	91500047.0	3EA2BE555528FDE5DB9571866F533FA8500BFD96BD2E3C0A62246A28E99F5E90	R2	0.0004679725350260085	0.7939453125	0		246.321886	3125932032.0
PanelMember-01	48	91500048.0	FA1239AFE3249CE5951B7C8283B7362AF0AF48452DAF1B4FBF1DBA8CE81290A2	R1	0.00019352363543454894	0.87060546875	0		345.3285436	3149160448.0
PanelMember-01	48	91500048.0	FA1239AFE3249CE5951B7C8283B7362AF0AF48452DAF1B4FBF1DBA8CE81290A2	R2	0.0014669269987193296	0.53125	0		345.3285436	3149160448.0
PanelMember-01	49	91500049.0	E959A332E10C5FE73D98F73376AF8F8B604A7AE216B371823C5B65220BA853CD	R1	-0.002040475775522669	0.145172119140625	0		332.671262	3143761920.0
PanelMember-01	49	91500049.0	E959A332E10C5FE73D98F73376AF8F8B604A7AE216B371823C5B65220BA853CD	R2	-0.0030648351207631258	0.1328125	0		332.671262	3143761920.0
PanelMember-01	50	91500050.0	C47815EA81E4EEDD80A795CC245D5225E4712AAF7E7C1FD850D679E63B0C61EF	R1	0.003658822236020888	0.072296142578125	0		240.2380386	3145723904.0
PanelMember-01	50	91500050.0	C47815EA81E4EEDD80A795CC245D5225E4712AAF7E7C1FD850D679E63B0C61EF	R2	0.002064549206074696	0.40966796875	0		240.2380386	3145723904.0
PanelMember-01	51	91500051.0	C7C232B5BBC85BAE20461C072016475BD364105195A5588BEB6B333E68C31DC5	R1	-0.0015921606862237662	0.356170654296875	0		242.784117	3139854336.0
PanelMember-01	51	91500051.0	C7C232B5BBC85BAE20461C072016475BD364105195A5588BEB6B333E68C31DC5	R2	-0.0016127274365045569	0.24951171875	0		242.784117	3139854336.0
PanelMember-01	52	91500052.0	CDA8F2E1006BF98936934F727104C52318388CEB093712B808E7752835A16991	R1	0.0023060077712774084	0.1427001953125	0		246.7803371	3132080128.0
PanelMember-01	52	91500052.0	CDA8F2E1006BF98936934F727104C52318388CEB093712B808E7752835A16991	R2	-0.001594286552824332	0.35205078125	0		246.7803371	3132080128.0
PanelMember-01	53	91500053.0	41E9BD8E5F986F01BC305BEDEF300DC023B9267B76EE91FAAE165C5B88AA65AF	R1	-0.0014308011934706494	0.46636962890625	0		345.9961037	3155116032.0
PanelMember-01	53	91500053.0	41E9BD8E5F986F01BC305BEDEF300DC023B9267B76EE91FAAE165C5B88AA65AF	R2	0.0007758365333656691	0.72119140625	0		345.9961037	3155116032.0
PanelMember-01	54	91500054.0	B43AD43AFCA289E191C1E0E2783373C5AB06DADAF319C6FEC419709662E33968	R1	-0.0016841175154063866	0.313232421875	0		335.9404249	3151757312.0
PanelMember-01	54	91500054.0	B43AD43AFCA289E191C1E0E2783373C5AB06DADAF319C6FEC419709662E33968	R2	0.0008017668522071188	0.6171875	0		335.9404249	3151757312.0
PanelMember-01	55	91500055.0	7FA965207AEE02C01B39424E2CA09E5909FAA4AA947B80252B5CA0CF65FDAE3D	R1	-0.0001254318313253451	0.928924560546875	0		241.4747578	3152388096.0
PanelMember-01	55	91500055.0	7FA965207AEE02C01B39424E2CA09E5909FAA4AA947B80252B5CA0CF65FDAE3D	R2	-0.002754035324849293	0.141845703125	0		241.4747578	3152388096.0
PanelMember-01	56	91500056.0	B5C9C4F076A8A1596993126F2A6A4E41787F3A29ED91D9B99198D7EC86F972D5	R1	0.0026667398446773224	0.136077880859375	0		242.4755257	3143073792.0
PanelMember-01	56	91500056.0	B5C9C4F076A8A1596993126F2A6A4E41787F3A29ED91D9B99198D7EC86F972D5	R2	0.0009048492913224609	0.558837890625	0		242.4755257	3143073792.0
PanelMember-01	57	91500057.0	99C2FBB0786D424D6AA41042D01A7B782334677F5C716B13E79D3BA991AFA719	R1	-0.001582486650554913	0.455963134765625	0		246.2489777	3132313600.0
PanelMember-01	57	91500057.0	99C2FBB0786D424D6AA41042D01A7B782334677F5C716B13E79D3BA991AFA719	R2	-0.0017507613578784868	0.154052734375	0		246.2489777	3132313600.0
PanelMember-01	58	91500058.0	C4C3B390611FE628D44D1669984EB88E59C08E8E3CCD223C5A23A40AB1F0EB53	R1	-0.00021302452263727355	0.877960205078125	0		343.0448455	3151384576.0
PanelMember-01	58	91500058.0	C4C3B390611FE628D44D1669984EB88E59C08E8E3CCD223C5A23A40AB1F0EB53	R2	-0.0011660971154740694	0.6337890625	0		343.0448455	3151384576.0
PanelMember-01	59	91500059.0	486C7409347E50A8CE3B7D5EA38294D4EF9D9CCCF26F64A1BC7D18AEBC1528D9	R1	0.004081743171469789	0.0108642578125	1		330.8304342	3151409152.0
PanelMember-01	59	91500059.0	486C7409347E50A8CE3B7D5EA38294D4EF9D9CCCF26F64A1BC7D18AEBC1528D9	R2	-0.0010973131990349245	0.483642578125	0		330.8304342	3151409152.0
PanelMember-01	60	91500060.0	CC236A3A95DED05F7E1B1E8F632485FC9467DD38EE3AAE54EF001A2BC7F17168	R1	0.0020478057172385656	0.3245849609375	0		237.9058995	3150307328.0
PanelMember-01	60	91500060.0	CC236A3A95DED05F7E1B1E8F632485FC9467DD38EE3AAE54EF001A2BC7F17168	R2	-0.0018698384828585782	0.251953125	0		237.9058995	3150307328.0
PanelMember-01	61	91500061.0	EEAD8AE3A9AC3D61DDC5FAC91DFB807AFED2C5C2A1B0F835C392AF9E01A9E1B7	R1	0.0022810339481585426	0.193267822265625	0		240.0375539	3145523200.0
PanelMember-01	61	91500061.0	EEAD8AE3A9AC3D61DDC5FAC91DFB807AFED2C5C2A1B0F835C392AF9E01A9E1B7	R2	-0.0004880223886971021	0.79931640625	0		240.0375539	3145523200.0
PanelMember-01	62	91500062.0	0413EABD6BC58E5C1DA11F51FBFEB4C3307075914961B5A7B3ED050DCD6CCB16	R1	-0.0014676747218663375	0.21990966796875	0		243.003071	3133390848.0
PanelMember-01	62	91500062.0	0413EABD6BC58E5C1DA11F51FBFEB4C3307075914961B5A7B3ED050DCD6CCB16	R2	-0.0013114512263866416	0.395751953125	0		243.003071	3133390848.0
PanelMember-01	63	91500063.0	B354B1855C586E9855E51447FBF6D518EE551789238EB7989436A31B8920DD09	R1	-0.0011323946888201584	0.4888916015625	0		342.8974332	3153432576.0
PanelMember-01	63	91500063.0	B354B1855C586E9855E51447FBF6D518EE551789238EB7989436A31B8920DD09	R2	0.0010700050413534365	0.430419921875	0		342.8974332	3153432576.0
PanelMember-01	64	91500064.0	4391D06F1D368E9C8FCFC0A6C5058DC79D826C48A22519FEDBB6EE5DFF7AB148	R1	0.0025860653404830604	0.12835693359375	0		331.1833985	3152187392.0
PanelMember-01	64	91500064.0	4391D06F1D368E9C8FCFC0A6C5058DC79D826C48A22519FEDBB6EE5DFF7AB148	R2	0.001629338357949444	0.119384765625	0		331.1833985	3152187392.0
PanelMember-01	65	91500065.0	8587E32C9963AB069836F8086556CC39E1739B593B01D80FA17EEB1DDFEE70DA	R1	-0.002607078754812929	0.13250732421875	0		240.1628655	3151462400.0
PanelMember-01	65	91500065.0	8587E32C9963AB069836F8086556CC39E1739B593B01D80FA17EEB1DDFEE70DA	R2	-0.0022238715708157	0.12353515625	0		240.1628655	3151462400.0
PanelMember-01	66	91500066.0	688E3D5CDE200B4C9AEA90220F4412B5254F8983077679E81B64FA5943F9FDF1	R1	-0.00146099256649774	0.42132568359375	0		241.6545241	3144413184.0
PanelMember-01	66	91500066.0	688E3D5CDE200B4C9AEA90220F4412B5254F8983077679E81B64FA5943F9FDF1	R2	-0.0013755984163676667	0.459716796875	0		241.6545241	3144413184.0
PanelMember-01	67	91500067.0	FF9D637E27DB7A4C7BF4733DC107C4B695A9A27F92B2E1C890FFF2211A5937DF	R1	-0.0005927651051691042	0.7401123046875	0		245.8450926	3133181952.0
PanelMember-01	67	91500067.0	FF9D637E27DB7A4C7BF4733DC107C4B695A9A27F92B2E1C890FFF2211A5937DF	R2	0.0027900425890443514	0.1728515625	0		245.8450926	3133181952.0
PanelMember-01	68	91500068.0	3978B347F78B9533D1BE7528FD2966EA6D601C2B542DFB4185171CF895D14EB8	R1	0.0028063479943500457	0.04388427734375	1		342.4148533	3157602304.0
PanelMember-01	68	91500068.0	3978B347F78B9533D1BE7528FD2966EA6D601C2B542DFB4185171CF895D14EB8	R2	-0.00037659946931306105	0.81689453125	0		342.4148533	3157602304.0
PanelMember-01	69	91500069.0	7B6D472BD83BA8BFACEA9E7165236C7558E162DBFA0B676A618F1F5F3ED99DBF	R1	-0.0020675424966588806	0.272552490234375	0		327.0778985	3152486400.0
PanelMember-01	69	91500069.0	7B6D472BD83BA8BFACEA9E7165236C7558E162DBFA0B676A618F1F5F3ED99DBF	R2	-0.0016207003727663045	0.387939453125	0		327.0778985	3152486400.0
PanelMember-01	70	91500070.0	D4BFE1256D80DF5E5F093C396CB4928FA4C555DBC64F43C4F125FB5409FFB1A3	R1	2.058129173751732e-05	0.99041748046875	0		239.2289054	3151011840.0
PanelMember-01	70	91500070.0	D4BFE1256D80DF5E5F093C396CB4928FA4C555DBC64F43C4F125FB5409FFB1A3	R2	-0.0008563633395824233	0.595947265625	0		239.2289054	3151011840.0
PanelMember-01	71	91500071.0	B3FA3712CD62435CB6DCC512FC2BAF83111707CF2FFC945C7DCCCA9067541E57	R1	0.0026662993521010987	0.18133544921875	0		240.8737888	3144675328.0
PanelMember-01	71	91500071.0	B3FA3712CD62435CB6DCC512FC2BAF83111707CF2FFC945C7DCCCA9067541E57	R2	0.001109936736844237	0.489013671875	0		240.8737888	3144675328.0
PanelMember-01	72	91500072.0	BF5F2C21FF14E84B23E79F27887B2E0B83938B931494A1F1609867958A29DD08	R1	-3.582345895424379e-05	0.983917236328125	0		244.8934721	3134451712.0
PanelMember-01	72	91500072.0	BF5F2C21FF14E84B23E79F27887B2E0B83938B931494A1F1609867958A29DD08	R2	0.002434900377089443	0.19921875	0		244.8934721	3134451712.0
PanelMember-01	73	91500073.0	1AD0E90F048BA3438C014DA4C94D4D3E7CD4705E4332B701FBEC62FEF1CDDDEE	R1	-0.00022038095496422288	0.821197509765625	0		338.8895194	3160735744.0
PanelMember-01	73	91500073.0	1AD0E90F048BA3438C014DA4C94D4D3E7CD4705E4332B701FBEC62FEF1CDDDEE	R2	-0.0026686898894031437	0.216796875	0		338.8895194	3160735744.0
PanelMember-01	74	91500074.0	072C7FED44F437626537D84B9ECDEB8FD95071EF6B3510922DADBAD28F62589A	R1	0.0011733432373854714	0.50384521484375	0		341.6942083	3159425024.0
PanelMember-01	74	91500074.0	072C7FED44F437626537D84B9ECDEB8FD95071EF6B3510922DADBAD28F62589A	R2	0.0025671268511320224	0.01416015625	1		341.6942083	3159425024.0
PanelMember-01	75	91500075.0	699AA0AB65C607C2C2A70897D2940DD3EB3AE32928C6EB030BCEF81BF2AB1FE9	R1	-0.0019631171616881224	0.24383544921875	0		350.1885695	3155361792.0
PanelMember-01	75	91500075.0	699AA0AB65C607C2C2A70897D2940DD3EB3AE32928C6EB030BCEF81BF2AB1FE9	R2	0.0023513890855699016	0.318359375	0		350.1885695	3155361792.0
PanelMember-01	76	91500076.0	E85B4E6A299775DFE7F0EBEAE8B74D47266E466F80B27B796C087AC368D0279A	R1	0.002752113158475017	0.091583251953125	0		350.3047479	3154530304.0
PanelMember-01	76	91500076.0	E85B4E6A299775DFE7F0EBEAE8B74D47266E466F80B27B796C087AC368D0279A	R2	-0.0037262735070153737	0.04248046875	1		350.3047479	3154530304.0
PanelMember-01	77	91500077.0	2197A93E994D5FCB1E637D9901A551FF16B425CCBC60176E5E97CAD85CBF7B86	R1	-0.0020862041161386754	0.232147216796875	0		342.2636929	3161600000.0
PanelMember-01	77	91500077.0	2197A93E994D5FCB1E637D9901A551FF16B425CCBC60176E5E97CAD85CBF7B86	R2	0.003448233847778837	0.03173828125	1		342.2636929	3161600000.0
PanelMember-01	78	91500078.0	4DD3411B9FE446F20AAF2C2C6AA80431AA25C62005F1D1C8623E6FC7B40ED2A4	R1	0.0013920432960659998	0.35302734375	0		344.8478347	3160104960.0
PanelMember-01	78	91500078.0	4DD3411B9FE446F20AAF2C2C6AA80431AA25C62005F1D1C8623E6FC7B40ED2A4	R2	-0.0046179298436893855	0.032958984375	1		344.8478347	3160104960.0
PanelMember-01	79	91500079.0	37ED2B7B81B45DB584C784DAFC243260D1F4431F0B22CDE6C5880A1792DEFD6D	R1	-0.0016716000196592186	0.321990966796875	0		341.7036839	3168051200.0
PanelMember-01	79	91500079.0	37ED2B7B81B45DB584C784DAFC243260D1F4431F0B22CDE6C5880A1792DEFD6D	R2	0.0015571921960353832	0.375732421875	0		341.7036839	3168051200.0
PanelMember-01	80	91500080.0	13E2A6174989D9BA86CCF9844536237416734CFD30143496BFA8F66E6A423788	R1	0.00220018407780251	0.11163330078125	0		339.7180501	3166179328.0
PanelMember-01	80	91500080.0	13E2A6174989D9BA86CCF9844536237416734CFD30143496BFA8F66E6A423788	R2	-0.001028670944224033	0.614501953125	0		339.7180501	3166179328.0
PanelMember-01	81	91500081.0	C34B2176D05345451011898EA17F40C7F1F375A1FC4769F06CEBCA37097CA9B8	R1	0.0008988292661670388	0.60107421875	0		342.9733781	3153256448.0
PanelMember-01	81	91500081.0	C34B2176D05345451011898EA17F40C7F1F375A1FC4769F06CEBCA37097CA9B8	R2	-0.0013926105046742528	0.2880859375	0		342.9733781	3153256448.0
PanelMember-01	82	91500082.0	D9CB2C88097D16FD71F33EF7E03F7F40C672C6F5BEECE0F293178BC0B9E267BA	R1	0.000753353621139182	0.635833740234375	0		344.0929598	3151101952.0
PanelMember-01	82	91500082.0	D9CB2C88097D16FD71F33EF7E03F7F40C672C6F5BEECE0F293178BC0B9E267BA	R2	0.003288978641841472	0.029296875	1		344.0929598	3151101952.0
PanelMember-01	83	91500083.0	50394CE1678BDF48540A830C131CB7C1613659501C6A97A49BF63B52BB13A7C6	R1	-5.776368801252321e-06	0.997344970703125	0		351.0165886	3124539392.0
PanelMember-01	83	91500083.0	50394CE1678BDF48540A830C131CB7C1613659501C6A97A49BF63B52BB13A7C6	R2	0.0017130438461539022	0.457275390625	0		351.0165886	3124539392.0
PanelMember-01	84	91500084.0	6316BC9D99F9A6DE154F85210A2AF86A9B962D283109B19BDBC4DAD69730EDEB	R1	0.0008441447631993766	0.625701904296875	0		349.468288	3123978240.0
PanelMember-01	84	91500084.0	6316BC9D99F9A6DE154F85210A2AF86A9B962D283109B19BDBC4DAD69730EDEB	R2	0.00019718481933896748	0.91748046875	0		349.468288	3123978240.0
PanelMember-01	85	91500085.0	726E87FFE6CE3DAD8907E40524809D13FB2228C63092B6D88660B9C95DC09DE7	R1	-0.0008401216792725268	0.637725830078125	0		341.1282221	3159662592.0
PanelMember-01	85	91500085.0	726E87FFE6CE3DAD8907E40524809D13FB2228C63092B6D88660B9C95DC09DE7	R2	0.00026393884879637863	0.859619140625	0		341.1282221	3159662592.0
PanelMember-01	86	91500086.0	2D7AA3C0938646F661907DAC0BE3A90C391EB8E768DD8C0094AE34CF7755A490	R1	-0.00034405241529552005	0.83441162109375	0		345.2859511	3155058688.0
PanelMember-01	86	91500086.0	2D7AA3C0938646F661907DAC0BE3A90C391EB8E768DD8C0094AE34CF7755A490	R2	0.0026047244985981147	0.18408203125	0		345.2859511	3155058688.0
PanelMember-01	87	91500087.0	6EC2D310D169428DF3121CC28F0BA024896DC04A35E9FE884768369BF0EEB17D	R1	-0.00012595028312743317	0.93841552734375	0		342.3834719	3147747328.0
PanelMember-01	87	91500087.0	6EC2D310D169428DF3121CC28F0BA024896DC04A35E9FE884768369BF0EEB17D	R2	0.0018874021775733098	0.367431640625	0		342.3834719	3147747328.0
PanelMember-01	88	91500088.0	7CD4BCF51EDCE03AB0B8D61C8251F098E954FD640DFC26C87123A822A9C7FBA1	R1	0.0010099925003233517	0.460845947265625	0		342.6471898	3146051584.0
PanelMember-01	88	91500088.0	7CD4BCF51EDCE03AB0B8D61C8251F098E954FD640DFC26C87123A822A9C7FBA1	R2	0.0004850018399350853	0.81787109375	0		342.6471898	3146051584.0
PanelMember-01	89	91500089.0	9E682B2582FF204F5EDEE9F4E34DB14A7425E042A92AB67A3D5AE29E595141F5	R1	0.0008401590590350199	0.479400634765625	0		345.0256629	3149131776.0
PanelMember-01	89	91500089.0	9E682B2582FF204F5EDEE9F4E34DB14A7425E042A92AB67A3D5AE29E595141F5	R2	-0.0013719809321902899	0.437744140625	0		345.0256629	3149131776.0
PanelMember-01	90	91500090.0	8729BBEE2B8ACF30C231AD15B7A246F6A9DA7C28BDA320BF870D7D5AC91370F2	R1	0.0008016833487828369	0.505859375	0		343.549163	3146444800.0
PanelMember-01	90	91500090.0	8729BBEE2B8ACF30C231AD15B7A246F6A9DA7C28BDA320BF870D7D5AC91370F2	R2	0.00041129767585600655	0.829833984375	0		343.549163	3146444800.0
PanelMember-01	91	91500091.0	EE8301188E45FCAA6B5AC8DFB7AF09391858AA27C1C833CA8E45B71B12CEED30	R1	-0.00167088404352384	0.3101806640625	0		341.6326877	3161882624.0
PanelMember-01	91	91500091.0	EE8301188E45FCAA6B5AC8DFB7AF09391858AA27C1C833CA8E45B71B12CEED30	R2	-0.00029409269926474656	0.853271484375	0		341.6326877	3161882624.0
PanelMember-01	92	91500092.0	8C93C949D6ECE5E97FE531C438672E3FD8C7A24E07A2B845D6CBD8D49B2483D6	R1	0.0020799770645769525	0.108154296875	0		343.3326927	3160551424.0
PanelMember-01	92	91500092.0	8C93C949D6ECE5E97FE531C438672E3FD8C7A24E07A2B845D6CBD8D49B2483D6	R2	-0.001757536160831475	0.36767578125	0		343.3326927	3160551424.0
PanelMember-01	93	91500093.0	E103860B4F6606569AA63C5BBD8F2E61F0D672C636F5428D0DF5613FD5A95925	R1	0.0004112064323474963	0.798492431640625	0		342.3229264	3155845120.0
PanelMember-01	93	91500093.0	E103860B4F6606569AA63C5BBD8F2E61F0D672C636F5428D0DF5613FD5A95925	R2	0.002145320596187923	0.286376953125	0		342.3229264	3155845120.0
PanelMember-01	94	91500094.0	DFE037447A37B943B657FFE045BE8D1F55525E8F77D02763F89DD9F703790E0B	R1	-0.0013660957803659187	0.3670654296875	0		343.2553313	3152109568.0
PanelMember-01	94	91500094.0	DFE037447A37B943B657FFE045BE8D1F55525E8F77D02763F89DD9F703790E0B	R2	-0.0036081480236363037	0.07373046875	0		343.2553313	3152109568.0
PanelMember-01	95	91500095.0	172CB033CE1A553763AE87FE421F78D299458E78D71534A9C8680F441E702FD8	R1	-0.0004113792316935746	0.79296875	0		350.0245896	3166388224.0
PanelMember-01	95	91500095.0	172CB033CE1A553763AE87FE421F78D299458E78D71534A9C8680F441E702FD8	R2	5.6235243540788596e-05	0.977783203125	0		350.0245896	3166388224.0
PanelMember-01	96	91500096.0	00026BE7299071E5078ACFB971E390D8B3FC34D847FB3C88C8A85774930A89E3	R1	-0.0016292796943829842	0.344390869140625	0		348.6812821	3165970432.0
PanelMember-01	96	91500096.0	00026BE7299071E5078ACFB971E390D8B3FC34D847FB3C88C8A85774930A89E3	R2	0.0008068733133924998	0.6201171875	0		348.6812821	3165970432.0
PanelMember-01	97	91500097.0	039D1B1FB885BFA2114295CD26280F990E844B4152CA4C6E4AC7247E9ED004FA	R1	0.0017109852983020841	0.43994140625	0		339.3316569	3170820096.0
PanelMember-01	97	91500097.0	039D1B1FB885BFA2114295CD26280F990E844B4152CA4C6E4AC7247E9ED004FA	R2	-0.00029295199824415764	0.874755859375	0		339.3316569	3170820096.0
PanelMember-01	98	91500098.0	31AE55B9A7790D23E0254C72C1DEC3310DC4F130406AFFB335E3C86C9788297E	R1	0.001426164003063907	0.466705322265625	0		339.4838258	3162628096.0
PanelMember-01	98	91500098.0	31AE55B9A7790D23E0254C72C1DEC3310DC4F130406AFFB335E3C86C9788297E	R2	-0.0012656118780030058	0.504638671875	0		339.4838258	3162628096.0
PanelMember-01	99	91500099.0	EAC118D9723C4CB205FDDA2D07BD9495E11F74A017C01FBDC3E23A31246F2C0C	R1	-0.002042409133890952	0.178131103515625	0		341.1061947	3147907072.0
PanelMember-01	99	91500099.0	EAC118D9723C4CB205FDDA2D07BD9495E11F74A017C01FBDC3E23A31246F2C0C	R2	3.0868271730249145e-05	0.988525390625	0		341.1061947	3147907072.0
PanelMember-01	100	91500100.0	E0367619709A6577D04A9C2FEFE411AB2FA5E6BC89223B21B2DEEC3B851F6283	R1	0.0009417450315768851	0.483489990234375	0		348.1721003	3155603456.0
PanelMember-01	100	91500100.0	E0367619709A6577D04A9C2FEFE411AB2FA5E6BC89223B21B2DEEC3B851F6283	R2	-0.000609418579590598	0.708251953125	0		348.1721003	3155603456.0
PanelMember-01	101	91500101.0	97CE74D28A497778E5B0A0415D4FEB0E91CF9AFC804F3B430DB9316C0FE701A5	R1	0.0031993683458445576	0.057098388671875	0		340.3437676	3158863872.0
PanelMember-01	101	91500101.0	97CE74D28A497778E5B0A0415D4FEB0E91CF9AFC804F3B430DB9316C0FE701A5	R2	0.0010512273820342806	0.6142578125	0		340.3437676	3158863872.0
PanelMember-01	102	91500102.0	F8F28B18298F22B2B8219DABAA11F02185526D55D4CF1EE7255D898157C9CDDB	R1	-0.0014512710157026007	0.458038330078125	0		349.802062	3126255616.0
PanelMember-01	102	91500102.0	F8F28B18298F22B2B8219DABAA11F02185526D55D4CF1EE7255D898157C9CDDB	R2	0.0022440421886059446	0.17333984375	0		349.802062	3126255616.0
PanelMember-01	103	91500103.0	D3CD3B13D01BF386258A6EAA50A812DCD788E6F68EA4189C67F11C45600F68BF	R1	-0.0017168383564901463	0.380950927734375	0		340.8271638	3160096768.0
PanelMember-01	103	91500103.0	D3CD3B13D01BF386258A6EAA50A812DCD788E6F68EA4189C67F11C45600F68BF	R2	0.00016344789523775965	0.938232421875	0		340.8271638	3160096768.0
PanelMember-01	104	91500104.0	90FE93926D5FDCBA9CCB844969BAC7890F1AACC7E8EDE56F6D59B67DBAA46A53	R1	0.0017029484870316803	0.33648681640625	0		341.4220163	3155009536.0
PanelMember-01	104	91500104.0	90FE93926D5FDCBA9CCB844969BAC7890F1AACC7E8EDE56F6D59B67DBAA46A53	R2	0.0014761670922542737	0.445556640625	0		341.4220163	3155009536.0
PanelMember-01	105	91500105.0	E1195ED396456585F8EE71B96525A23D4D4827BB90E97138FE465D5CF742C264	R1	-0.00047596063038467164	0.7567138671875	0		343.8871236	3150802944.0
PanelMember-01	105	91500105.0	E1195ED396456585F8EE71B96525A23D4D4827BB90E97138FE465D5CF742C264	R2	0.002794613426605675	0.30029296875	0		343.8871236	3150802944.0
PanelMember-01	106	91500106.0	F40F79BCE0692A14752A0F8D1CB95D45F6CE84CD7D411B6FB362B88D96201322	R1	-1.379132300316377e-05	0.992034912109375	0		345.7863367	3164041216.0
PanelMember-01	106	91500106.0	F40F79BCE0692A14752A0F8D1CB95D45F6CE84CD7D411B6FB362B88D96201322	R2	-0.0039597080245834795	0.083984375	0		345.7863367	3164041216.0
PanelMember-01	107	91500107.0	6F81957B07255D1CB9BD8EF84E4AF88B853A7C043182BCC627B262108275C5FC	R1	0.0002349932990870215	0.89453125	0		344.0976375	3163856896.0
PanelMember-01	107	91500107.0	6F81957B07255D1CB9BD8EF84E4AF88B853A7C043182BCC627B262108275C5FC	R2	0.00017669601140766282	0.899169921875	0		344.0976375	3163856896.0
PanelMember-01	108	91500108.0	F859D6ACEA86C7EB6349C80EB01DC0819BB7F9CBD89F372F68CC6FCC7820F546	R1	0.00016211730824761817	0.933746337890625	0		341.6968391	3168370688.0
PanelMember-01	108	91500108.0	F859D6ACEA86C7EB6349C80EB01DC0819BB7F9CBD89F372F68CC6FCC7820F546	R2	-0.0019297242491730893	0.166015625	0		341.6968391	3168370688.0
PanelMember-01	109	91500109.0	299A4FB55A434BEF62B60258F175D9088B1E743B7908C4427D8E0B535B3E0C7D	R1	0.0006977406366958572	0.634063720703125	0		340.2680523	3171196928.0
PanelMember-01	109	91500109.0	299A4FB55A434BEF62B60258F175D9088B1E743B7908C4427D8E0B535B3E0C7D	R2	0.0015283149622142228	0.395751953125	0		340.2680523	3171196928.0
PanelMember-01	110	91500110.0	D58391402F64A86A93B0819F2740717C85DB5B188632116B95BC16E9BD2E0CB3	R1	7.835439918283809e-05	0.939971923828125	0		337.7063476	3161751552.0
PanelMember-01	110	91500110.0	D58391402F64A86A93B0819F2740717C85DB5B188632116B95BC16E9BD2E0CB3	R2	-0.0005733930206294225	0.71728515625	0		337.7063476	3161751552.0
PanelMember-01	111	91500111.0	7E49C41D10B4D80BABAD830BF9865176A56FC900D3C6AAC529C31AEB4B26B29A	R1	-0.0015426350405658867	0.337799072265625	0		337.4186342	3148337152.0
PanelMember-01	111	91500111.0	7E49C41D10B4D80BABAD830BF9865176A56FC900D3C6AAC529C31AEB4B26B29A	R2	0.0016153472801076032	0.35986328125	0		337.4186342	3148337152.0
PanelMember-01	112	91500112.0	B92CDDC95D58825C778BBBF1F2D71929E3E85B4FB401BC6C51E7923F569A978E	R1	0.0024467073565204293	0.168060302734375	0		336.9213095	3163234304.0
PanelMember-01	112	91500112.0	B92CDDC95D58825C778BBBF1F2D71929E3E85B4FB401BC6C51E7923F569A978E	R2	-0.00010368459095007298	0.951416015625	0		336.9213095	3163234304.0
PanelMember-01	113	91500113.0	4B5A7B5194803EB03F92701BECD656D85AB41B19B8E177153B3F449778173DCC	R1	0.0014320355662939814	0.49188232421875	0		337.1593194	3163500544.0
PanelMember-01	113	91500113.0	4B5A7B5194803EB03F92701BECD656D85AB41B19B8E177153B3F449778173DCC	R2	0.00013189637478336125	0.923583984375	0		337.1593194	3163500544.0
PanelMember-01	114	91500114.0	E9302F6BE7E9C83DDAE3496D31B94C5555B352AE8F8AEEAFC119D380A02F5C65	R1	-9.068856407345728e-05	0.94036865234375	0		334.3714868	3159355392.0
PanelMember-01	114	91500114.0	E9302F6BE7E9C83DDAE3496D31B94C5555B352AE8F8AEEAFC119D380A02F5C65	R2	0.00043759884031971825	0.79248046875	0		334.3714868	3159355392.0
PanelMember-01	115	91500115.0	AA7CD349872070144E87F0CF443167F712A8907FC4864713391F492B7E28CDD8	R1	-0.0009386717026603493	0.47735595703125	0		333.525241	3150868480.0
PanelMember-01	115	91500115.0	AA7CD349872070144E87F0CF443167F712A8907FC4864713391F492B7E28CDD8	R2	-0.0013896536831524955	0.46484375	0		333.525241	3150868480.0
PanelMember-01	116	91500116.0	D2DA1587E845F3F8502EE97DA2C49B427CC8433C374F39FBC7AC56F0CE74D667	R1	0.0004312395187198706	0.80419921875	0		334.4696778	3163447296.0
PanelMember-01	116	91500116.0	D2DA1587E845F3F8502EE97DA2C49B427CC8433C374F39FBC7AC56F0CE74D667	R2	0.0005242994295955206	0.79541015625	0		334.4696778	3163447296.0
PanelMember-01	117	91500117.0	991060BFDDEB709D8DAEEE3C1D72F627268CEBAB50C07FC25F0ED1697CFEAF8A	R1	-0.0003904605982917017	0.8095703125	0		333.87005	3164209152.0
PanelMember-01	117	91500117.0	991060BFDDEB709D8DAEEE3C1D72F627268CEBAB50C07FC25F0ED1697CFEAF8A	R2	-0.00041182834383503606	0.833251953125	0		333.87005	3164209152.0
PanelMember-01	118	91500118.0	E5185E83333CAF0B1BD50F60EA32C2ABA4E1D58CF8B6A36162A6836D72817FFC	R1	0.0007279861195019142	0.615631103515625	0		334.6286067	3167199232.0
PanelMember-01	118	91500118.0	E5185E83333CAF0B1BD50F60EA32C2ABA4E1D58CF8B6A36162A6836D72817FFC	R2	-0.0010584239502338252	0.487548828125	0		334.6286067	3167199232.0
PanelMember-01	119	91500119.0	05E39D8D65F6326BCF09E2A911229410FBF886FB501C71166B06CBAEE731C7EE	R1	0.0026531310951082216	0.05792236328125	0		331.7587073	3126652928.0
PanelMember-01	119	91500119.0	05E39D8D65F6326BCF09E2A911229410FBF886FB501C71166B06CBAEE731C7EE	R2	-0.00187075253530722	0.38720703125	0		331.7587073	3126652928.0
PanelMember-01	120	91500120.0	3F800E05D7853A357ED8BD8AA258DF5D5679B47A25CDF6F677BF263B910A75F6	R1	-0.0023863674731231526	0.153656005859375	0		322.0859677	3170082816.0
PanelMember-01	120	91500120.0	3F800E05D7853A357ED8BD8AA258DF5D5679B47A25CDF6F677BF263B910A75F6	R2	0.0024820617751518106	0.197509765625	0		322.0859677	3170082816.0
PanelMember-02	1	91500001.0	FFEFD2ADE920E2E2B087B1B735A4E6B7500873D51F3F68F5E7C6E06E6DE9385F	R1	-0.0001264077820941378	0.2708740234375	0	0.00880641430256223	544.6966575	3170963456.0
PanelMember-02	1	91500001.0	FFEFD2ADE920E2E2B087B1B735A4E6B7500873D51F3F68F5E7C6E06E6DE9385F	R2	-7.516801699072448e-05	0.488525390625	0	0.00880641430256223	544.6966575	3170963456.0
PanelMember-02	2	91500002.0	E69486DD6D8392506405D1A29F9FF9879798CEB793F315CBB93381D9FB908EC1	R1	-8.891662191761487e-06	0.928253173828125	0	0.00880641430256223	545.9954752	3127091200.0
PanelMember-02	2	91500002.0	E69486DD6D8392506405D1A29F9FF9879798CEB793F315CBB93381D9FB908EC1	R2	-0.00015685381707012536	0.081787109375	0	0.00880641430256223	545.9954752	3127091200.0
PanelMember-02	3	91500003.0	47B7713D415652DBAA7B0DDBAD513DF66F8AFECE7F3AD180FF3BA271A70B5766	R1	-0.00017726118888678657	0.048095703125	1	0.00880641430256223	547.4652154	3150049280.0
PanelMember-02	3	91500003.0	47B7713D415652DBAA7B0DDBAD513DF66F8AFECE7F3AD180FF3BA271A70B5766	R2	-0.000133116517818334	0.22900390625	0	0.00880641430256223	547.4652154	3150049280.0
PanelMember-02	4	91500004.0	619417D279E73710E1829E76068F08F07D24C26CE3071DC7FDB68CBE422B124C	R1	-7.383576002228183e-05	0.4686279296875	0	0.00880641430256223	550.7099259	3172204544.0
PanelMember-02	4	91500004.0	619417D279E73710E1829E76068F08F07D24C26CE3071DC7FDB68CBE422B124C	R2	-9.928302106706589e-05	0.47265625	0	0.00880641430256223	550.7099259	3172204544.0
PanelMember-02	5	91500005.0	FA41C27880027ABACECC0E978FD006BB12B9E4E90013C34F97C600F86224FC88	R1	8.515916825218538e-05	0.5233154296875	0	0.00880641430256223	540.7233124	3165528064.0
PanelMember-02	5	91500005.0	FA41C27880027ABACECC0E978FD006BB12B9E4E90013C34F97C600F86224FC88	R2	-0.00023303454506821806	0.019287109375	1	0.00880641430256223	540.7233124	3165528064.0
PanelMember-02	6	91500006.0	FFF62D2D3EFAF71EB98C38544987CB93C5FCDA9D2F57D9151D04D13082FF6CE5	R1	-0.00028246913166515267	0.0035400390625	1	0.00880641430256223	549.4851913	3161001984.0
PanelMember-02	6	91500006.0	FFF62D2D3EFAF71EB98C38544987CB93C5FCDA9D2F57D9151D04D13082FF6CE5	R2	-0.0001436602409753661	0.0390625	1	0.00880641430256223	549.4851913	3161001984.0
PanelMember-02	7	91500007.0	54FD23ADAF9CE1C6D22C3CAF501EACE9185F54AABEBAEEE973521A7BCA9B8EFE	R1	-0.00010499451869537118	0.166748046875	0	0.00880641430256223	547.3858091	3164893184.0
PanelMember-02	7	91500007.0	54FD23ADAF9CE1C6D22C3CAF501EACE9185F54AABEBAEEE973521A7BCA9B8EFE	R2	-1.6614251096332478e-05	0.88037109375	0	0.00880641430256223	547.3858091	3164893184.0
PanelMember-02	8	91500008.0	0A22A805F282680E8446459395A54F525E1D962CAA247C0A3F987A62CFD63A80	R1	-7.127463949529844e-05	0.5479736328125	0	0.00880641430256223	546.5429754	3151908864.0
PanelMember-02	8	91500008.0	0A22A805F282680E8446459395A54F525E1D962CAA247C0A3F987A62CFD63A80	R2	-9.054587252385868e-06	0.944580078125	0	0.00880641430256223	546.5429754	3151908864.0
PanelMember-02	9	91500009.0	88B83A576F0CAFE93451DA0B57E95A5F96F0BB5E38D59BE44CB33229F899239D	R1	-0.00020259264898314256	0.023681640625	1	0.00880641430256223	542.3602525	3164999680.0
PanelMember-02	9	91500009.0	88B83A576F0CAFE93451DA0B57E95A5F96F0BB5E38D59BE44CB33229F899239D	R2	-9.403204421390359e-05	0.35595703125	0	0.00880641430256223	542.3602525	3164999680.0
PanelMember-02	10	91500010.0	F35DBA932F7FDC4C3BC50D5A8E468560E49EAF52BABD56B8A12F1E5E4EF03CE4	R1	-0.00022560124624053135	0.0052490234375	1	0.00880641430256223	544.8098166	3165618176.0
PanelMember-02	10	91500010.0	F35DBA932F7FDC4C3BC50D5A8E468560E49EAF52BABD56B8A12F1E5E4EF03CE4	R2	-5.6726113181969336e-05	0.498291015625	0	0.00880641430256223	544.8098166	3165618176.0
PanelMember-02	11	91500011.0	F7E975BADD6A4BE0CB72D4567EB1D81AF19F414EA3E377897FA5727A3AB381CB	R1	-0.00020981334780256476	0.0897216796875	0	0.00880641430256223	544.8830486	3168284672.0
PanelMember-02	11	91500011.0	F7E975BADD6A4BE0CB72D4567EB1D81AF19F414EA3E377897FA5727A3AB381CB	R2	-0.0001030359985835447	0.293212890625	0	0.00880641430256223	544.8830486	3168284672.0
PanelMember-02	12	91500012.0	57CFCC3F3C2E9A1AA246E19C9805470A6A53F4118B7F0EE2BFDF6CB5D994BC4F	R1	-0.00014687781880445917	0.251678466796875	0	0.00880641430256223	544.4130266	3162234880.0
PanelMember-02	12	91500012.0	57CFCC3F3C2E9A1AA246E19C9805470A6A53F4118B7F0EE2BFDF6CB5D994BC4F	R2	-0.00014343393410378845	0.029296875	1	0.00880641430256223	544.4130266	3162234880.0
PanelMember-02	13	91500013.0	937CDC97C2C647DFD1A21D3DD0489078D838F0EA8E027B2EC44D27BCBFB35C6E	R1	-0.0002553838337537791	0.03619384765625	1	0.00880641430256223	575.2647775	3222274048.0
PanelMember-02	13	91500013.0	937CDC97C2C647DFD1A21D3DD0489078D838F0EA8E027B2EC44D27BCBFB35C6E	R2	-0.00018696297592846097	0.08642578125	0	0.00880641430256223	575.2647775	3222274048.0
PanelMember-02	14	91500014.0	0DCB202F5B398F5100A42A4CD5D38192F4C93366228B37B6860D79CC8F021487	R1	-0.00018520457050828784	0.08160400390625	0	0.00880641430256223	572.5177084	3215994880.0
PanelMember-02	14	91500014.0	0DCB202F5B398F5100A42A4CD5D38192F4C93366228B37B6860D79CC8F021487	R2	-0.000251244370459178	0.029052734375	1	0.00880641430256223	572.5177084	3215994880.0
PanelMember-02	15	91500015.0	7DB4DA222288DA4408A8E052A5805E36AE059B6D454EDD199D6519894DE588FA	R1	-0.00016862779057843802	0.13616943359375	0	0.00880641430256223	546.4491207	3212906496.0
PanelMember-02	15	91500015.0	7DB4DA222288DA4408A8E052A5805E36AE059B6D454EDD199D6519894DE588FA	R2	-2.070489705445158e-05	0.86572265625	0	0.00880641430256223	546.4491207	3212906496.0
PanelMember-02	16	91500016.0	ED8924D689431B82009AA287BBA6145A571DE11A320FADD448C72A7492F0EA86	R1	-0.0002240721863353236	0.041717529296875	1	0.00880641430256223	544.4306888	3190771712.0
PanelMember-02	16	91500016.0	ED8924D689431B82009AA287BBA6145A571DE11A320FADD448C72A7492F0EA86	R2	-0.00027402474827811936	0.0009765625	1	0.00880641430256223	544.4306888	3190771712.0
PanelMember-02	17	91500017.0	A22B22554075858156F3479C5CE2B7A4025B23D745992E78699EE6405A96407F	R1	-0.00012448249732337772	0.21331787109375	0	0.00880641430256223	578.5525984	3181088768.0
PanelMember-02	17	91500017.0	A22B22554075858156F3479C5CE2B7A4025B23D745992E78699EE6405A96407F	R2	-7.0000351992216e-05	0.460693359375	0	0.00880641430256223	578.5525984	3181088768.0
PanelMember-02	18	91500018.0	D88FFAD593472BE8A0A54AD69A43DA6604798F99F885C0CCFFF9C0A8966EF1C1	R1	-0.000253090859829835	0.00762939453125	1	0.00880641430256223	575.1312536	3262476288.0
PanelMember-02	18	91500018.0	D88FFAD593472BE8A0A54AD69A43DA6604798F99F885C0CCFFF9C0A8966EF1C1	R2	-2.1396114712011757e-05	0.8466796875	0	0.00880641430256223	575.1312536	3262476288.0
PanelMember-02	19	91500019.0	23829B31C99432891AA67E44F57E5508AE733EA78060D7542A605BE613574C31	R1	-7.658801208196227e-05	0.43560791015625	0	0.00880641430256223	575.5900671	3256639488.0
PanelMember-02	19	91500019.0	23829B31C99432891AA67E44F57E5508AE733EA78060D7542A605BE613574C31	R2	-0.0001398734168291747	0.192138671875	0	0.00880641430256223	575.5900671	3256639488.0
PanelMember-02	20	91500020.0	A7D651D3127C5E67CF495C7724DFF8220C75C28359F0AB4BEE8DCD3B785F1820	R1	7.008010072541005e-06	0.929473876953125	0	0.00880641430256223	547.1075529	3252895744.0
PanelMember-02	20	91500020.0	A7D651D3127C5E67CF495C7724DFF8220C75C28359F0AB4BEE8DCD3B785F1820	R2	-0.00015509750254724227	0.130615234375	0	0.00880641430256223	547.1075529	3252895744.0
PanelMember-02	21	91500021.0	68D9702E882D932CBC9C9139319939DABC37B50BCCD1B8095D35C136B3E65D1C	R1	-3.090030048917951e-05	0.785919189453125	0	0.00880641430256223	547.3415533	3230748672.0
PanelMember-02	21	91500021.0	68D9702E882D932CBC9C9139319939DABC37B50BCCD1B8095D35C136B3E65D1C	R2	-0.00023395928787248494	0.001708984375	1	0.00880641430256223	547.3415533	3230748672.0
PanelMember-02	22	91500022.0	6B6F91A426DF42474278EEED9CBA5D27BCF8E1D0B87A7AE826A3D7786D9DCD5E	R1	-8.966353345990467e-05	0.2939453125	0	0.00880641430256223	579.6035234	3220553728.0
PanelMember-02	22	91500022.0	6B6F91A426DF42474278EEED9CBA5D27BCF8E1D0B87A7AE826A3D7786D9DCD5E	R2	-0.00011632232723752111	0.26318359375	0	0.00880641430256223	579.6035234	3220553728.0
PanelMember-02	23	91500023.0	1289A0FA634D7E7671EC8155109E0EBF7C3ACD1BCD962B21DA8CBAEFBBD33E48	R1	-9.438357786394396e-05	0.2445068359375	0	0.00880641430256223	589.3217883	3248427008.0
PanelMember-02	23	91500023.0	1289A0FA634D7E7671EC8155109E0EBF7C3ACD1BCD962B21DA8CBAEFBBD33E48	R2	-9.592301413363194e-05	0.3173828125	0	0.00880641430256223	589.3217883	3248427008.0
PanelMember-02	24	91500024.0	1A740B8DBE30D07047E6F51AE97F24ED35935A302BBA26213A6F32F61DC80126	R1	-0.00013327281038307473	0.26092529296875	0	0.00880641430256223	588.3072376	3243790336.0
PanelMember-02	24	91500024.0	1A740B8DBE30D07047E6F51AE97F24ED35935A302BBA26213A6F32F61DC80126	R2	6.287091385848228e-05	0.642822265625	0	0.00880641430256223	588.3072376	3243790336.0
PanelMember-02	25	91500025.0	9FE2131017FA37BB3DDD5946CAD33B13D41BC1796FE2209FF65DE62E53B1E773	R1	-0.00014774264862790396	0.24078369140625	0	0.00880641430256223	557.2875221	3239555072.0
PanelMember-02	25	91500025.0	9FE2131017FA37BB3DDD5946CAD33B13D41BC1796FE2209FF65DE62E53B1E773	R2	1.1778056516544415e-05	0.89892578125	0	0.00880641430256223	557.2875221	3239555072.0
PanelMember-02	26	91500026.0	8590A4045BA02C231241DD3369A603BCB8CA63DA1B0145E3C158C631BE2E4CC4	R1	-4.6842702183470376e-05	0.540557861328125	0	0.00880641430256223	549.9392593	3217809408.0
PanelMember-02	26	91500026.0	8590A4045BA02C231241DD3369A603BCB8CA63DA1B0145E3C158C631BE2E4CC4	R2	-9.975635902774038e-05	0.47412109375	0	0.00880641430256223	549.9392593	3217809408.0
PanelMember-02	27	91500027.0	8129B3F162B50EE8AF193E0739EE0AAD3B48690332FC9A19D3CCC26207DA5592	R1	-0.00014002848558714888	0.239990234375	0	0.00880641430256223	591.1520456	3206656000.0
PanelMember-02	27	91500027.0	8129B3F162B50EE8AF193E0739EE0AAD3B48690332FC9A19D3CCC26207DA5592	R2	-0.0003173317375245359	0.001220703125	1	0.00880641430256223	591.1520456	3206656000.0
PanelMember-02	28	91500028.0	16B31FFC9CA7603FCD8DEBCE85A0511607004BA7FCDAE402C414B6FA7E180DA5	R1	-0.00032267015688628364	0.001251220703125	1	0.00880641430256223	587.3309692	3255275520.0
PanelMember-02	28	91500028.0	16B31FFC9CA7603FCD8DEBCE85A0511607004BA7FCDAE402C414B6FA7E180DA5	R2	-0.0001825179443452232	0.00830078125	1	0.00880641430256223	587.3309692	3255275520.0
PanelMember-02	29	91500029.0	FB81B8E57F6664FE2C84E9F2B2E286F2E574F076AD83C0CBD94C945A7A895D7A	R1	-0.0001568122032333009	0.09124755859375	0	0.00880641430256223	587.7626313	3254185984.0
PanelMember-02	29	91500029.0	FB81B8E57F6664FE2C84E9F2B2E286F2E574F076AD83C0CBD94C945A7A895D7A	R2	-0.00010892813033216766	0.1806640625	0	0.00880641430256223	587.7626313	3254185984.0
PanelMember-02	30	91500030.0	4E3570C611BC0CC8F94774715F2D37450248164A7AD37E9E090C6E45527F26BE	R1	-0.00017738104697117912	0.0897216796875	0	0.00880641430256223	556.3123668	3251068928.0
PanelMember-02	30	91500030.0	4E3570C611BC0CC8F94774715F2D37450248164A7AD37E9E090C6E45527F26BE	R2	-0.00023838157782166337	0.004638671875	1	0.00880641430256223	556.3123668	3251068928.0
PanelMember-02	31	91500031.0	54DA96492D92965BAFDB81CF1CAFCAC58FC501980BC6334C3BE663C2E6619B93	R1	-0.00010973724443266422	0.36688232421875	0	0.00880641430256223	549.2492583	3229376512.0
PanelMember-02	31	91500031.0	54DA96492D92965BAFDB81CF1CAFCAC58FC501980BC6334C3BE663C2E6619B93	R2	-0.0003250652863754169	0.010498046875	1	0.00880641430256223	549.2492583	3229376512.0
PanelMember-02	32	91500032.0	54729B09796185B8D53D4B37623666BFDCFE0B458CF6569306BEF85BA735C32A	R1	-0.00019816118021332416	0.066619873046875	0	0.00880641430256223	590.2725981	3219943424.0
PanelMember-02	32	91500032.0	54729B09796185B8D53D4B37623666BFDCFE0B458CF6569306BEF85BA735C32A	R2	-0.0002277910582648014	0.00732421875	1	0.00880641430256223	590.2725981	3219943424.0
PanelMember-02	33	91500033.0	A1FDF2E702256AB2319C1686030DD82A309767B664D8D0C7D40EE3F2193AAF77	R1	-0.00029030025261445025	0.000701904296875	1	0.00880641430256223	573.0994743	3255279616.0
PanelMember-02	33	91500033.0	A1FDF2E702256AB2319C1686030DD82A309767B664D8D0C7D40EE3F2193AAF77	R2	-0.00023036578286487447	0.01220703125	1	0.00880641430256223	573.0994743	3255279616.0
PanelMember-02	34	91500034.0	8E2075372B727009362FC61E17FF8B438091D40943307C809956E5009369AB98	R1	-0.000149029310693308	0.080780029296875	0	0.00880641430256223	573.2382409	3253383168.0
PanelMember-02	34	91500034.0	8E2075372B727009362FC61E17FF8B438091D40943307C809956E5009369AB98	R2	-0.00029813158587937505	0.00390625	1	0.00880641430256223	573.2382409	3253383168.0
PanelMember-02	35	91500035.0	4067CB287800BE4999AE2E6FD1FDEDE1CD9182256FFFAB92E59FE49C4EECEACF	R1	-0.00017536041855446436	0.05767822265625	0	0.00880641430256223	542.1600381	3249598464.0
PanelMember-02	35	91500035.0	4067CB287800BE4999AE2E6FD1FDEDE1CD9182256FFFAB92E59FE49C4EECEACF	R2	-0.0003182626633819908	0.0048828125	1	0.00880641430256223	542.1600381	3249598464.0
PanelMember-02	36	91500036.0	994FEAD38F503D36FC3FAC557ECFB117ACF2E055181E31412A2328A1B51ADD3C	R1	-0.00031517696786020747	0.010467529296875	1	0.00880641430256223	543.0836423	3230760960.0
PanelMember-02	36	91500036.0	994FEAD38F503D36FC3FAC557ECFB117ACF2E055181E31412A2328A1B51ADD3C	R2	-9.326815058869825e-05	0.35888671875	0	0.00880641430256223	543.0836423	3230760960.0
PanelMember-02	37	91500037.0	3AA164396CABD785548A70CA18F66C8C1EFB32D33FFCC366471E0B531CFB91D2	R1	-0.0002521074633757064	0.017578125	1	0.00880641430256223	574.0013732	3219468288.0
PanelMember-02	37	91500037.0	3AA164396CABD785548A70CA18F66C8C1EFB32D33FFCC366471E0B531CFB91D2	R2	-0.00024307389053288605	0.017822265625	1	0.00880641430256223	574.0013732	3219468288.0
PanelMember-02	38	91500038.0	CC88154CEEE510EF3E77CA6FF43FF64CF4B4949EA2A3FDE42F56F2145B8AB00A	R1	-0.00015910429267655376	0.1126708984375	0	0.00880641430256223	583.9775986	3259990016.0
PanelMember-02	38	91500038.0	CC88154CEEE510EF3E77CA6FF43FF64CF4B4949EA2A3FDE42F56F2145B8AB00A	R2	-0.00012995920880077164	0.10205078125	0	0.00880641430256223	583.9775986	3259990016.0
PanelMember-02	39	91500039.0	F98886232B2D6562E3A8624494FDB096FA2DE89FF47CDE869BB80E74C1B23AF2	R1	-0.00024541334083187237	0.022491455078125	1	0.00880641430256223	587.6638474	3253309440.0
PanelMember-02	39	91500039.0	F98886232B2D6562E3A8624494FDB096FA2DE89FF47CDE869BB80E74C1B23AF2	R2	-0.00010454122089456727	0.363037109375	0	0.00880641430256223	587.6638474	3253309440.0
PanelMember-02	40	91500040.0	42189767F588F9674442C6F86C98DB65B9B766E1123CA1C258C84D85E12D0C3F	R1	-0.00032171860481907793	0.010162353515625	1	0.00880641430256223	553.5352025	3247640576.0
PanelMember-02	40	91500040.0	42189767F588F9674442C6F86C98DB65B9B766E1123CA1C258C84D85E12D0C3F	R2	-0.00024396696777186276	0.058349609375	0	0.00880641430256223	553.5352025	3247640576.0
PanelMember-02	41	91500041.0	A2993D30C2699640915781ACCDE2C567FF29C053192DC9382871472611513004	R1	-0.000319884378463639	0.00115966796875	1	0.00880641430256223	550.5068449	3227992064.0
PanelMember-02	41	91500041.0	A2993D30C2699640915781ACCDE2C567FF29C053192DC9382871472611513004	R2	-0.00010934580729130336	0.447509765625	0	0.00880641430256223	550.5068449	3227992064.0
PanelMember-02	42	91500042.0	C95CCDE156D2AEA1F59925B0E9ABDC8074AB3FEBE2AAAA18E3FE740EC3D5F46F	R1	-0.0001091073624107267	0.27496337890625	0	0.00880641430256223	590.7768308	3216998400.0
PanelMember-02	42	91500042.0	C95CCDE156D2AEA1F59925B0E9ABDC8074AB3FEBE2AAAA18E3FE740EC3D5F46F	R2	3.568397982416814e-05	0.707763671875	0	0.00880641430256223	590.7768308	3216998400.0
PanelMember-02	43	91500043.0	241B49CD248A75C1068797BB7D951B5EA657103416459CCB04A6193A2F8C7BAA	R1	-0.0001639409590374802	0.185882568359375	0	0.00880641430256223	575.1217963	3242414080.0
PanelMember-02	43	91500043.0	241B49CD248A75C1068797BB7D951B5EA657103416459CCB04A6193A2F8C7BAA	R2	-0.0003278044045750995	0.005615234375	1	0.00880641430256223	575.1217963	3242414080.0
PanelMember-02	44	91500044.0	967B3F18836794E40E2EB38E10AC2B706F6E92A13D38C6A837078F7AEEB706A6	R1	-2.8357915335400106e-05	0.74615478515625	0	0.00880641430256223	573.856245	3239317504.0
PanelMember-02	44	91500044.0	967B3F18836794E40E2EB38E10AC2B706F6E92A13D38C6A837078F7AEEB706A6	R2	-0.00016256772151357173	0.1484375	0	0.00880641430256223	573.856245	3239317504.0
PanelMember-02	45	91500045.0	1B9FC5AFD9CDFE2BDCA364C8427FA3FFB0A95D291FFDD44CAE0D032ECB6042FC	R1	-7.602527879503929e-05	0.252471923828125	0	0.00880641430256223	545.8607161	3234156544.0
PanelMember-02	45	91500045.0	1B9FC5AFD9CDFE2BDCA364C8427FA3FFB0A95D291FFDD44CAE0D032ECB6042FC	R2	-4.7067941266405464e-05	0.6298828125	0	0.00880641430256223	545.8607161	3234156544.0
PanelMember-02	46	91500046.0	A0AA9DF2973045D76CF41089535930AB2B13A2C8ABCC5B7E76D0412DB014751F	R1	-0.0001348012829364952	0.076629638671875	0	0.00880641430256223	546.0672747	3210248192.0
PanelMember-02	46	91500046.0	A0AA9DF2973045D76CF41089535930AB2B13A2C8ABCC5B7E76D0412DB014751F	R2	-0.00012095331277834205	0.32763671875	0	0.00880641430256223	546.0672747	3210248192.0
PanelMember-02	47	91500047.0	BF6C5A58007F5E5DF204C838AFE0852F74039521957AADE153F3F238CC4B2A26	R1	-7.358865683622734e-05	0.506378173828125	0	0.00880641430256223	579.8836451	3201908736.0
PanelMember-02	47	91500047.0	BF6C5A58007F5E5DF204C838AFE0852F74039521957AADE153F3F238CC4B2A26	R2	-0.00020888186895025188	0.15478515625	0	0.00880641430256223	579.8836451	3201908736.0
PanelMember-02	48	91500048.0	D545308FC36DC925345E11952BD0FF72122AD1436AAE6B37D5450F2F11E4B44E	R1	-7.336967712720109e-05	0.475067138671875	0	0.00880641430256223	587.1628366	3248050176.0
PanelMember-02	48	91500048.0	D545308FC36DC925345E11952BD0FF72122AD1436AAE6B37D5450F2F11E4B44E	R2	-0.0002486634074776435	0.062744140625	0	0.00880641430256223	587.1628366	3248050176.0
PanelMember-02	49	91500049.0	4CDF41D3FFBFD14980CEDCD656F5D13A46A67FF51DD3BDE4D79A5E8EAA9AC477	R1	-0.0003391204600864733	0.00079345703125	1	0.00880641430256223	585.9907938	3248295936.0
PanelMember-02	49	91500049.0	4CDF41D3FFBFD14980CEDCD656F5D13A46A67FF51DD3BDE4D79A5E8EAA9AC477	R2	-0.00012918545375367786	0.176513671875	0	0.00880641430256223	585.9907938	3248295936.0
PanelMember-02	50	91500050.0	D85D390E003521BA076D124DF008B1849C1CE5F1BBCA4091271996AA5AA775E7	R1	-0.00023738256892133085	0.05279541015625	0	0.00880641430256223	555.235486	3245543424.0
PanelMember-02	50	91500050.0	D85D390E003521BA076D124DF008B1849C1CE5F1BBCA4091271996AA5AA775E7	R2	0.00014627369234044793	0.225341796875	0	0.00880641430256223	555.235486	3245543424.0
PanelMember-02	51	91500051.0	6AD82D615530A45ACB04E2DC5FCA837191F8FE1C65B3D3021F805FEDF9F22277	R1	-0.00017062426140193598	0.06158447265625	0	0.00880641430256223	550.806258	3238928384.0
PanelMember-02	51	91500051.0	6AD82D615530A45ACB04E2DC5FCA837191F8FE1C65B3D3021F805FEDF9F22277	R2	-5.4296199315270604e-05	0.648681640625	0	0.00880641430256223	550.806258	3238928384.0
PanelMember-02	52	91500052.0	2A584D78B41913D3F2969BFD9B0CF89F665972EE05ACD01180F79A31F507A1AC	R1	-2.8748684973285205e-05	0.817108154296875	0	0.00880641430256223	590.8108295	3211309056.0
PanelMember-02	52	91500052.0	2A584D78B41913D3F2969BFD9B0CF89F665972EE05ACD01180F79A31F507A1AC	R2	-0.00017514871928139142	0.051513671875	0	0.00880641430256223	590.8108295	3211309056.0
PanelMember-02	53	91500053.0	2DEDB6B0C995502F013E58F4E761ED641689A6F57CE3D0D7C09383870281DDB1	R1	-0.00018433410982653323	0.077484130859375	0	0.00880641430256223	576.7623192	3253760000.0
PanelMember-02	53	91500053.0	2DEDB6B0C995502F013E58F4E761ED641689A6F57CE3D0D7C09383870281DDB1	R2	-0.00022031171381700564	0.009521484375	1	0.00880641430256223	576.7623192	3253760000.0
PanelMember-02	54	91500054.0	AF111D309489928BACF848BB1AF50CB43AB71A56B15096FFEEB2127A3CF660C9	R1	-0.00016667018771425874	0.042144775390625	1	0.00880641430256223	578.2795193	3250872320.0
PanelMember-02	54	91500054.0	AF111D309489928BACF848BB1AF50CB43AB71A56B15096FFEEB2127A3CF660C9	R2	-0.0002239245060166634	0.015380859375	1	0.00880641430256223	578.2795193	3250872320.0
PanelMember-02	55	91500055.0	DD51DEC607026103AFA60F1BA81AD30B0837AC348CF7B00B10B7E33BC5A1D904	R1	-0.00016310190896349626	0.02252197265625	1	0.00880641430256223	545.2463188	3248254976.0
PanelMember-02	55	91500055.0	DD51DEC607026103AFA60F1BA81AD30B0837AC348CF7B00B10B7E33BC5A1D904	R2	8.531792417189088e-05	0.47900390625	0	0.00880641430256223	545.2463188	3248254976.0
PanelMember-02	56	91500056.0	7B81B26DB5466275F1C0DEF07615523CE346ED9AD36CBBD558399101EBD2FB1C	R1	-0.00015427821800737484	0.100830078125	0	0.00880641430256223	541.6786085	3241820160.0
PanelMember-02	56	91500056.0	7B81B26DB5466275F1C0DEF07615523CE346ED9AD36CBBD558399101EBD2FB1C	R2	-0.0001106706656493884	0.13720703125	0	0.00880641430256223	541.6786085	3241820160.0
PanelMember-02	57	91500057.0	99BED4C5F9962B06C110C110DA9A68CAAC514F3813509DE283F53E530CFD9925	R1	-0.00013303052569076375	0.089447021484375	0	0.00880641430256223	574.8279497	3230715904.0
PanelMember-02	57	91500057.0	99BED4C5F9962B06C110C110DA9A68CAAC514F3813509DE283F53E530CFD9925	R2	-0.00014006287629487882	0.101318359375	0	0.00880641430256223	574.8279497	3230715904.0
PanelMember-02	58	91500058.0	7DF167B2D4506543C9281E09323B90A971D24026CBD6FE1E91E29540124D7FB6	R1	-0.00017546844422044374	0.077545166015625	0	0.00880641430256223	575.7980906	3253850112.0
PanelMember-02	58	91500058.0	7DF167B2D4506543C9281E09323B90A971D24026CBD6FE1E91E29540124D7FB6	R2	-0.00011664012710963737	0.23486328125	0	0.00880641430256223	575.7980906	3253850112.0
PanelMember-02	59	91500059.0	4B5F5FC9AC678E7EC206DFAF92C501E4619E324EE9E72808BA0E270924C5C2B9	R1	-0.00019129689105089334	0.032012939453125	1	0.00880641430256223	573.3634439	3249917952.0
PanelMember-02	59	91500059.0	4B5F5FC9AC678E7EC206DFAF92C501E4619E324EE9E72808BA0E270924C5C2B9	R2	-0.000157522445535867	0.08154296875	0	0.00880641430256223	573.3634439	3249917952.0
PanelMember-02	60	91500060.0	84161FCDC66DD0CED40C9C0C29281E440B91BCF7A004CD3D1D11B452CDB33969	R1	-0.0001582134714791998	0.1368408203125	0	0.00880641430256223	546.3868307	3247038464.0
PanelMember-02	60	91500060.0	84161FCDC66DD0CED40C9C0C29281E440B91BCF7A004CD3D1D11B452CDB33969	R2	-0.000275371300886855	0.0146484375	1	0.00880641430256223	546.3868307	3247038464.0
PanelMember-02	61	91500061.0	BFAB45C32B28EBF9204A49FBE4B807A0E249AEEEC8E818C4F688E6D738C4DA61	R1	-0.0001943123357482158	0.04766845703125	1	0.00880641430256223	546.3843987	3244945408.0
PanelMember-02	61	91500061.0	BFAB45C32B28EBF9204A49FBE4B807A0E249AEEEC8E818C4F688E6D738C4DA61	R2	-9.713970692084392e-05	0.36669921875	0	0.00880641430256223	546.3843987	3244945408.0
PanelMember-02	62	91500062.0	0F90AD635088BEE6AF4BF8B4BEE30D31277257DC1503EB950D3585F2477E59CB	R1	-0.00010536857382276689	0.30731201171875	0	0.00880641430256223	578.3519588	3235708928.0
PanelMember-02	62	91500062.0	0F90AD635088BEE6AF4BF8B4BEE30D31277257DC1503EB950D3585F2477E59CB	R2	-0.000175669420233888	0.13134765625	0	0.00880641430256223	578.3519588	3235708928.0
PanelMember-02	63	91500063.0	2C4872B762FAEFC6DBFD8D849BFEDC3B9D655FD1B2BAA69995ECEF55BBB031FC	R1	-7.327384160069206e-05	0.3175048828125	0	0.00880641430256223	574.7671743	3249258496.0
PanelMember-02	63	91500063.0	2C4872B762FAEFC6DBFD8D849BFEDC3B9D655FD1B2BAA69995ECEF55BBB031FC	R2	-0.0001696514251258497	0.08203125	0	0.00880641430256223	574.7671743	3249258496.0
PanelMember-02	64	91500064.0	725150C2DD63F8CAB81C0FB6D5B19F6528460D39283456C5B417888BBA272104	R1	-0.00025964510533123736	0.003021240234375	1	0.00880641430256223	573.4806175	3242795008.0
PanelMember-02	64	91500064.0	725150C2DD63F8CAB81C0FB6D5B19F6528460D39283456C5B417888BBA272104	R2	-7.780059987921517e-05	0.26220703125	0	0.00880641430256223	573.4806175	3242795008.0
PanelMember-02	65	91500065.0	539DB16A290CA28E6488B73CC8D3838D881C614AA5274EF8CF3D2A53778B1566	R1	-0.00016857212563998932	0.05987548828125	0	0.00880641430256223	545.7892233	3236134912.0
PanelMember-02	65	91500065.0	539DB16A290CA28E6488B73CC8D3838D881C614AA5274EF8CF3D2A53778B1566	R2	-8.413386189617314e-05	0.484375	0	0.00880641430256223	545.7892233	3236134912.0
PanelMember-02	66	91500066.0	770FC6B452AD27E42195FFC0789CC6259CD495E760728879247CA95557494863	R1	-8.601671762953632e-05	0.2510986328125	0	0.00880641430256223	546.0818607	3232985088.0
PanelMember-02	66	91500066.0	770FC6B452AD27E42195FFC0789CC6259CD495E760728879247CA95557494863	R2	-0.00023961510236660135	0.092529296875	0	0.00880641430256223	546.0818607	3232985088.0
PanelMember-02	67	91500067.0	104FA44F579CD849813A213263F4466E347073759556569DF8EC53B2771EFCA2	R1	-6.79276574973843e-05	0.501800537109375	0	0.00880641430256223	580.3422777	3220258816.0
PanelMember-02	67	91500067.0	104FA44F579CD849813A213263F4466E347073759556569DF8EC53B2771EFCA2	R2	-0.00014245530705547796	0.28564453125	0	0.00880641430256223	580.3422777	3220258816.0
PanelMember-02	68	91500068.0	197ACD30BEEC8F104CD9B072D35A91E13A453261CD2736C5FE6AD3A7B7F6CD4D	R1	-8.410766893976677e-05	0.485565185546875	0	0.00880641430256223	576.4698564	3258597376.0
PanelMember-02	68	91500068.0	197ACD30BEEC8F104CD9B072D35A91E13A453261CD2736C5FE6AD3A7B7F6CD4D	R2	-7.607406351163472e-05	0.567626953125	0	0.00880641430256223	576.4698564	3258597376.0
PanelMember-02	69	91500069.0	01EDEEF9BC5CEE6B37C938F6B47457C7F5BA0B3A5D297848367BD9436CD56D80	R1	-0.0001277310907601517	0.1553955078125	0	0.00880641430256223	575.0141644	3257630720.0
PanelMember-02	69	91500069.0	01EDEEF9BC5CEE6B37C938F6B47457C7F5BA0B3A5D297848367BD9436CD56D80	R2	-0.00026582799950737715	0.028076171875	1	0.00880641430256223	575.0141644	3257630720.0
PanelMember-02	70	91500070.0	98DF2FE2CE7AF7203788331E334B7354F3D64B048CF85AA1BDBB7EDFD2B18DCE	R1	-0.0002110032300491063	0.00408935546875	1	0.00880641430256223	545.3010998	3253436416.0
PanelMember-02	70	91500070.0	98DF2FE2CE7AF7203788331E334B7354F3D64B048CF85AA1BDBB7EDFD2B18DCE	R2	-0.00030890806648859533	0.016845703125	1	0.00880641430256223	545.3010998	3253436416.0
PanelMember-02	71	91500071.0	CA3C11A1D52ED755ECF6EC9F031CD3F17813DC12882335DC2F88F1B7A0913075	R1	-0.00022060803656967073	0.028533935546875	1	0.00880641430256223	544.0657968	3227656192.0
PanelMember-02	71	91500071.0	CA3C11A1D52ED755ECF6EC9F031CD3F17813DC12882335DC2F88F1B7A0913075	R2	-0.00024113111152934468	0.0244140625	1	0.00880641430256223	544.0657968	3227656192.0
PanelMember-02	72	91500072.0	AAC89D5576D0E2D2575481339B67B20555CDE9CBABD8777580AD7061C5F6B1B8	R1	-0.0002897294602161224	0.006256103515625	1	0.00880641430256223	578.4058378	3214745600.0
PanelMember-02	72	91500072.0	AAC89D5576D0E2D2575481339B67B20555CDE9CBABD8777580AD7061C5F6B1B8	R2	-6.376970338333151e-05	0.5986328125	0	0.00880641430256223	578.4058378	3214745600.0
PanelMember-02	73	91500073.0	62EFC012DDDDA9A97C23F10898247A960ACE87A77C33AEBF2D1A257A1BD85D18	R1	-0.00016328182677789087	0.185089111328125	0	0.00880641430256223	574.1185021	3256778752.0
PanelMember-02	73	91500073.0	62EFC012DDDDA9A97C23F10898247A960ACE87A77C33AEBF2D1A257A1BD85D18	R2	-8.452537485484316e-05	0.517578125	0	0.00880641430256223	574.1185021	3256778752.0
PanelMember-02	74	91500074.0	0F941D82F6CE069EA8DC93E989C72CC92B391047179DC188372B01A7048A771C	R1	-0.000311584459036241	0.00128173828125	1	0.00880641430256223	571.8422459	3256344576.0
PanelMember-02	74	91500074.0	0F941D82F6CE069EA8DC93E989C72CC92B391047179DC188372B01A7048A771C	R2	-0.00016385051399069427	0.100830078125	0	0.00880641430256223	571.8422459	3256344576.0
PanelMember-02	75	91500075.0	F3189C3B000A1B3DA053BAECA1BB966CBE37B65B792AD10BBDAB413978B42BBF	R1	-0.00019148469602136493	0.03851318359375	1	0.00880641430256223	576.4097744	3252613120.0
PanelMember-02	75	91500075.0	F3189C3B000A1B3DA053BAECA1BB966CBE37B65B792AD10BBDAB413978B42BBF	R2	5.082743205696539e-05	0.7060546875	0	0.00880641430256223	576.4097744	3252613120.0
PanelMember-02	76	91500076.0	6B8ED3D5647A5B694BF19FB50F162B80A8154309D2188ABDD4F67137A398F4A8	R1	-0.00012114574543098402	0.277862548828125	0	0.00880641430256223	576.4610219	3252645888.0
PanelMember-02	76	91500076.0	6B8ED3D5647A5B694BF19FB50F162B80A8154309D2188ABDD4F67137A398F4A8	R2	0.00012503504955882797	0.182861328125	0	0.00880641430256223	576.4610219	3252645888.0
PanelMember-02	77	91500077.0	195FD52EE8F502352834118BC08DD6DBC47CB3DF011D68D135F5ED8BC4684D27	R1	-0.00020008651426017948	0.07672119140625	0	0.00880641430256223	578.0770857	3258822656.0
PanelMember-02	77	91500077.0	195FD52EE8F502352834118BC08DD6DBC47CB3DF011D68D135F5ED8BC4684D27	R2	-0.000248179954642927	0.0615234375	0	0.00880641430256223	578.0770857	3258822656.0
PanelMember-02	78	91500078.0	4E1DCDCC936F88CF566ECD3508E694D18E7EC28AA4B39BFDF0D30384C6AA987B	R1	-0.00017553471946883624	0.11614990234375	0	0.00880641430256223	574.0470295	3258507264.0
PanelMember-02	78	91500078.0	4E1DCDCC936F88CF566ECD3508E694D18E7EC28AA4B39BFDF0D30384C6AA987B	R2	-0.0003274351394123722	0.001220703125	1	0.00880641430256223	574.0470295	3258507264.0
PanelMember-02	79	91500079.0	F4101FB2F87CB807B38AD9F8EE812F6F0AF5DAE3BD6C9DFCE951CE2577F3E4F8	R1	-8.565797858319565e-05	0.334564208984375	0	0.00880641430256223	576.2845422	3267850240.0
PanelMember-02	79	91500079.0	F4101FB2F87CB807B38AD9F8EE812F6F0AF5DAE3BD6C9DFCE951CE2577F3E4F8	R2	8.206930387520494e-05	0.633056640625	0	0.00880641430256223	576.2845422	3267850240.0
PanelMember-02	80	91500080.0	F02FF1B1745857D950BF0854FEB66E906775E575FC040A32DF5DBED5BF7D3431	R1	-0.00024073130528291865	0.010040283203125	1	0.00880641430256223	574.9591693	3266486272.0
PanelMember-02	80	91500080.0	F02FF1B1745857D950BF0854FEB66E906775E575FC040A32DF5DBED5BF7D3431	R2	-0.00014520061683666612	0.288330078125	0	0.00880641430256223	574.9591693	3266486272.0
PanelMember-02	81	91500081.0	6E12C32D66F16967BC28CB083B3DD6CD4301E4EA5E0496863BAB2B1153F93CA5	R1	-0.00015853418749080988	0.13616943359375	0	0.00880641430256223	575.5489195	3255185408.0
PanelMember-02	81	91500081.0	6E12C32D66F16967BC28CB083B3DD6CD4301E4EA5E0496863BAB2B1153F93CA5	R2	7.3393524953015096e-06	0.950439453125	0	0.00880641430256223	575.5489195	3255185408.0
PanelMember-02	82	91500082.0	A948A1E36FC71DD51943CA0A4A9426205D4450FC9BEE1B08D43499C3DA0EBE2D	R1	-0.00011858759442007159	0.275634765625	0	0.00880641430256223	574.7891348	3253194752.0
PanelMember-02	82	91500082.0	A948A1E36FC71DD51943CA0A4A9426205D4450FC9BEE1B08D43499C3DA0EBE2D	R2	-0.00010928524125174861	0.401123046875	0	0.00880641430256223	574.7891348	3253194752.0
PanelMember-02	83	91500083.0	10D0E876A2F6DA440ED09A4BCF5805A466DD7B1AA160EE70A4C5E2BCF5A31A4F	R1	-0.00020773971862373812	0.03656005859375	1	0.00880641430256223	574.0886881	3252215808.0
PanelMember-02	83	91500083.0	10D0E876A2F6DA440ED09A4BCF5805A466DD7B1AA160EE70A4C5E2BCF5A31A4F	R2	-0.00010769027788224123	0.3740234375	0	0.00880641430256223	574.0886881	3252215808.0
PanelMember-02	84	91500084.0	31A4BF29AAD7329C382FA8BCB8E9267DC2039A1E31D45CCB225543F1CC37FE48	R1	-0.00022663731336834244	0.02423095703125	1	0.00880641430256223	575.153054	3251023872.0
PanelMember-02	84	91500084.0	31A4BF29AAD7329C382FA8BCB8E9267DC2039A1E31D45CCB225543F1CC37FE48	R2	-0.0002309532662881344	0.007080078125	1	0.00880641430256223	575.153054	3251023872.0
PanelMember-02	85	91500085.0	05A0301E6ADAF389782D62CAA7C5B3B69A96F3D10A9E5333173E01B645CF9182	R1	-0.0002053901749867039	0.016845703125	1	0.00880641430256223	576.5021377	3224891392.0
PanelMember-02	85	91500085.0	05A0301E6ADAF389782D62CAA7C5B3B69A96F3D10A9E5333173E01B645CF9182	R2	-0.00021793356501095408	0.114013671875	0	0.00880641430256223	576.5021377	3224891392.0
PanelMember-02	86	91500086.0	F1A76A6AAC2430D2E76F28F061F7DDD58E8D24003AA9F1A17965998C849AD1AB	R1	-6.446328673850534e-05	0.661163330078125	0	0.00880641430256223	574.8315864	3225075712.0
PanelMember-02	86	91500086.0	F1A76A6AAC2430D2E76F28F061F7DDD58E8D24003AA9F1A17965998C849AD1AB	R2	-0.00032145510027202246	0.003173828125	1	0.00880641430256223	574.8315864	3225075712.0
PanelMember-02	87	91500087.0	FF4B54828FBA210AAE016ACF79CE5DD02FA92DD8207D4C329976721C906D138A	R1	-0.00022218473417980874	0.008880615234375	1	0.00880641430256223	576.222428	3243835392.0
PanelMember-02	87	91500087.0	FF4B54828FBA210AAE016ACF79CE5DD02FA92DD8207D4C329976721C906D138A	R2	-4.1189403404952294e-05	0.654052734375	0	0.00880641430256223	576.222428	3243835392.0
PanelMember-02	88	91500088.0	3A1FBE2F308D2C8D20969205F018287CE7F8A380D6A6C4AB27258C665DD47368	R1	-0.0001329330259351638	0.071044921875	0	0.00880641430256223	573.9849098	3243520000.0
PanelMember-02	88	91500088.0	3A1FBE2F308D2C8D20969205F018287CE7F8A380D6A6C4AB27258C665DD47368	R2	-9.321204599041223e-05	0.311767578125	0	0.00880641430256223	573.9849098	3243520000.0
PanelMember-02	89	91500089.0	6999F59A44BA168FBA93675B0E1E7177F4379F1E49A7F65CEE9967334D46E89B	R1	-0.0001487530203655965	0.098846435546875	0	0.00880641430256223	584.3640584	3264151552.0
PanelMember-02	89	91500089.0	6999F59A44BA168FBA93675B0E1E7177F4379F1E49A7F65CEE9967334D46E89B	R2	-0.00015320342632464172	0.088623046875	0	0.00880641430256223	584.3640584	3264151552.0
PanelMember-02	90	91500090.0	D9C13DE6800AA218B6CF58CD6F7BC169E61BF34810B7D95BC27E8E97F6AE3563	R1	-3.243433631650161e-05	0.7279052734375	0	0.00880641430256223	587.4988652	3263045632.0
PanelMember-02	90	91500090.0	D9C13DE6800AA218B6CF58CD6F7BC169E61BF34810B7D95BC27E8E97F6AE3563	R2	-0.00021164088740753382	0.01123046875	1	0.00880641430256223	587.4988652	3263045632.0
PanelMember-02	91	91500091.0	FEDB26D556111D421FBCF2B3F8918B5D84A769B7602D5C7B3FF5B0E463F8B4E6	R1	-0.00012799148780080847	0.174896240234375	0	0.00880641430256223	588.7977226	3248943104.0
PanelMember-02	91	91500091.0	FEDB26D556111D421FBCF2B3F8918B5D84A769B7602D5C7B3FF5B0E463F8B4E6	R2	-0.00025252670262333645	0.023193359375	1	0.00880641430256223	588.7977226	3248943104.0
PanelMember-02	92	91500092.0	2F842287BC51876BA00A4A37AE33FF1B71801DC70320DECB1E458F57E1548551	R1	-7.063504190790338e-06	0.95550537109375	0	0.00880641430256223	587.4793197	3248652288.0
PanelMember-02	92	91500092.0	2F842287BC51876BA00A4A37AE33FF1B71801DC70320DECB1E458F57E1548551	R2	-0.0002459289364305075	0.0302734375	1	0.00880641430256223	587.4793197	3248652288.0
PanelMember-02	93	91500093.0	D167FA633625318A5697509DA83D9C9B2C559FD0FB979969AC12D66D88A41590	R1	-0.00016212157279700047	0.13555908203125	0	0.00880641430256223	584.8436907	3251429376.0
PanelMember-02	93	91500093.0	D167FA633625318A5697509DA83D9C9B2C559FD0FB979969AC12D66D88A41590	R2	-0.0001111247804087474	0.344970703125	0	0.00880641430256223	584.8436907	3251429376.0
PanelMember-02	94	91500094.0	3550F6AF08A495674B6F7E734C9ABA3B2E329C19F5C13D00E4227EAC9764D79F	R1	-4.8170077137944904e-05	0.594329833984375	0	0.00880641430256223	584.4543818	3248615424.0
PanelMember-02	94	91500094.0	3550F6AF08A495674B6F7E734C9ABA3B2E329C19F5C13D00E4227EAC9764D79F	R2	-0.0001268702525255457	0.248779296875	0	0.00880641430256223	584.4543818	3248615424.0
PanelMember-02	95	91500095.0	EEFCA5CEFF1A78BE8A00535ED2687801FD7D74577366D5027AFF4641C99068C9	R1	-3.0253559542110362e-05	0.7161865234375	0	0.00880641430256223	585.5503369	3259076608.0
PanelMember-02	95	91500095.0	EEFCA5CEFF1A78BE8A00535ED2687801FD7D74577366D5027AFF4641C99068C9	R2	-0.0004770158675613111	0.000732421875	1	0.00880641430256223	585.5503369	3259076608.0
PanelMember-02	96	91500096.0	A357F1699CA94590A559A6951FF66D4524DCD042A7E5611E1BD968AFE125DFF7	R1	-0.00031341144322482705	0.006195068359375	1	0.00880641430256223	586.3351713	3257643008.0
PanelMember-02	96	91500096.0	A357F1699CA94590A559A6951FF66D4524DCD042A7E5611E1BD968AFE125DFF7	R2	5.694459768142887e-05	0.666748046875	0	0.00880641430256223	586.3351713	3257643008.0
PanelMember-02	97	91500097.0	8576B42F69691258A06F93EFAB681C904CF78DF8FDF53668DB0D4CB18AA3C6C8	R1	-5.18367905853902e-05	0.515899658203125	0	0.00880641430256223	570.5429669	3260854272.0
PanelMember-02	97	91500097.0	8576B42F69691258A06F93EFAB681C904CF78DF8FDF53668DB0D4CB18AA3C6C8	R2	-2.7989922896633467e-05	0.765625	0	0.00880641430256223	570.5429669	3260854272.0
PanelMember-02	98	91500098.0	F68EBFC630CF420AFA507B1B95E9D92BFFE9340C8CB910084F4936FF17692381	R1	-0.0001486251192444443	0.172576904296875	0	0.00880641430256223	573.4210423	3255197696.0
PanelMember-02	98	91500098.0	F68EBFC630CF420AFA507B1B95E9D92BFFE9340C8CB910084F4936FF17692381	R2	-8.497476008679608e-05	0.24072265625	0	0.00880641430256223	573.4210423	3255197696.0
PanelMember-02	99	91500099.0	B8DE63DCB66B1A8E099A1B4E7B2DC7650F84B0B4D4D9AE87171E59430D8E66C8	R1	-0.0001406966540506256	0.1402587890625	0	0.00880641430256223	572.3435006	3229032448.0
PanelMember-02	99	91500099.0	B8DE63DCB66B1A8E099A1B4E7B2DC7650F84B0B4D4D9AE87171E59430D8E66C8	R2	-0.00017220085324402202	0.051513671875	0	0.00880641430256223	572.3435006	3229032448.0
PanelMember-02	100	91500100.0	7D08DC1207D1D47AB6783CD0C514A451E56E18C759030054E561293E2BD2D95B	R1	-0.0002650048938977389	0.0015869140625	1	0.00880641430256223	569.18891	3260506112.0
PanelMember-02	100	91500100.0	7D08DC1207D1D47AB6783CD0C514A451E56E18C759030054E561293E2BD2D95B	R2	-0.000207042239403445	0.1044921875	0	0.00880641430256223	569.18891	3260506112.0
PanelMember-02	101	91500101.0	C9224C800A105D561C02CAB2FB56DCEBFB1D8CE74A63892198B43B3B81ADCEF6	R1	-0.00027781042559018156	0.00152587890625	1	0.00880641430256223	572.4549365	3252318208.0
PanelMember-02	101	91500101.0	C9224C800A105D561C02CAB2FB56DCEBFB1D8CE74A63892198B43B3B81ADCEF6	R2	-0.000158430227145664	0.148193359375	0	0.00880641430256223	572.4549365	3252318208.0
PanelMember-02	102	91500102.0	9906DA5FBD9748AE13925355B9802D4954BCB74A1EBEFFAD50101532AF2F4E77	R1	-6.314366689115565e-05	0.49591064453125	0	0.00880641430256223	569.7239227	3256020992.0
PanelMember-02	102	91500102.0	9906DA5FBD9748AE13925355B9802D4954BCB74A1EBEFFAD50101532AF2F4E77	R2	-0.0002493508552598066	0.0419921875	1	0.00880641430256223	569.7239227	3256020992.0
PanelMember-02	103	91500103.0	941274FDC7E1110ABF0995CAD4700459BDA9447929DE1AABF0B83ADF7EA96BC6	R1	-0.00030574922907829053	0.006072998046875	1	0.00880641430256223	567.5621799	3243319296.0
PanelMember-02	103	91500103.0	941274FDC7E1110ABF0995CAD4700459BDA9447929DE1AABF0B83ADF7EA96BC6	R2	-0.00017213125415455462	0.169677734375	0	0.00880641430256223	567.5621799	3243319296.0
PanelMember-02	104	91500104.0	C946EA49696118C42EB3917892E0264A6358F440AF0BAEE1AA0A8A053D688F2A	R1	-0.00014749134449647334	0.0263671875	1	0.00880641430256223	571.4527369	3273965568.0
PanelMember-02	104	91500104.0	C946EA49696118C42EB3917892E0264A6358F440AF0BAEE1AA0A8A053D688F2A	R2	6.2401342804084e-05	0.62353515625	0	0.00880641430256223	571.4527369	3273965568.0
PanelMember-02	105	91500105.0	B6A10301486DECD2FC1CB0A9736601C15D83506A58C89B079EC3CC18B790236E	R1	-4.178377719631324e-05	0.732269287109375	0	0.00880641430256223	580.9048911	3264131072.0
PanelMember-02	105	91500105.0	B6A10301486DECD2FC1CB0A9736601C15D83506A58C89B079EC3CC18B790236E	R2	-8.123989469580928e-06	0.9287109375	0	0.00880641430256223	580.9048911	3264131072.0
PanelMember-02	106	91500106.0	9D7D2211C5D516442FF6E9DB78449DA87B5717826FF2037D74AFDC30F406DD66	R1	-0.0001687862686449166	0.104705810546875	0	0.00880641430256223	578.7872621	3258183680.0
PanelMember-02	106	91500106.0	9D7D2211C5D516442FF6E9DB78449DA87B5717826FF2037D74AFDC30F406DD66	R2	-0.00021264576175202847	0.14453125	0	0.00880641430256223	578.7872621	3258183680.0
PanelMember-02	107	91500107.0	C80422BE17F8EDC4E2F1F317518BAC2CCCCA12E3D1575863E9A46847832499BA	R1	-0.00026177708623638667	0.011016845703125	1	0.00880641430256223	580.5447899	3264851968.0
PanelMember-02	107	91500107.0	C80422BE17F8EDC4E2F1F317518BAC2CCCCA12E3D1575863E9A46847832499BA	R2	-0.00013084653714228814	0.22119140625	0	0.00880641430256223	580.5447899	3264851968.0
PanelMember-02	108	91500108.0	0CFD503B23A3868B08FA7549E87F001D60DE14E0C4E8005596041DFFDB4F24ED	R1	-3.664190940418683e-05	0.67816162109375	0	0.00880641430256223	584.3258654	3248791552.0
PanelMember-02	108	91500108.0	0CFD503B23A3868B08FA7549E87F001D60DE14E0C4E8005596041DFFDB4F24ED	R2	-8.853810775001626e-05	0.53662109375	0	0.00880641430256223	584.3258654	3248791552.0
PanelMember-02	109	91500109.0	587271211D1C5D36B97C6F99AB70A28A622A8C68F84D3D768FA2C17D84FE0E7D	R1	-0.00014312029066282326	0.123626708984375	0	0.00880641430256223	523.9609325	3261988864.0
PanelMember-02	109	91500109.0	587271211D1C5D36B97C6F99AB70A28A622A8C68F84D3D768FA2C17D84FE0E7D	R2	-7.500504707049022e-05	0.558349609375	0	0.00880641430256223	523.9609325	3261988864.0
PanelMember-02	110	91500110.0	AAF0C8303C0949251CD5CC77289BAE45C36DBEAF57A7E055F0A751788CD76DAF	R1	-0.00018632117217680987	0.04559326171875	1	0.00880641430256223	521.6989223	3255803904.0
PanelMember-02	110	91500110.0	AAF0C8303C0949251CD5CC77289BAE45C36DBEAF57A7E055F0A751788CD76DAF	R2	-5.9671355967611675e-05	0.353759765625	0	0.00880641430256223	521.6989223	3255803904.0
PanelMember-02	111	91500111.0	8F0BF167FB7D71DF138643EF0EAAA6F155FA65F60824ABFEB2F8A4B4E45A83D8	R1	-0.00020470416040324708	0.0560302734375	0	0.00880641430256223	522.7230341	3255504896.0
PanelMember-02	111	91500111.0	8F0BF167FB7D71DF138643EF0EAAA6F155FA65F60824ABFEB2F8A4B4E45A83D8	R2	-6.735501925664132e-05	0.451904296875	0	0.00880641430256223	522.7230341	3255504896.0
PanelMember-02	112	91500112.0	1CA5A33B4170BBD7427A8E5FF25C11CE654BF396AF8D7DA6474A58E488D287D6	R1	-3.020622539118937e-05	0.7313232421875	0	0.00880641430256223	521.2668095	3231477760.0
PanelMember-02	112	91500112.0	1CA5A33B4170BBD7427A8E5FF25C11CE654BF396AF8D7DA6474A58E488D287D6	R2	-3.780004846308259e-05	0.705078125	0	0.00880641430256223	521.2668095	3231477760.0
PanelMember-02	113	91500113.0	C5B9B2FF150D7C335D61F8237DCD90ABB3BD9AE0465E95FAC1D4514DB5F562F0	R1	-0.00013118350811099061	0.1038818359375	0	0.00880641430256223	520.8491047	3258306560.0
PanelMember-02	113	91500113.0	C5B9B2FF150D7C335D61F8237DCD90ABB3BD9AE0465E95FAC1D4514DB5F562F0	R2	-0.00015610483489629038	0.11181640625	0	0.00880641430256223	520.8491047	3258306560.0
PanelMember-02	114	91500114.0	B021636FC82AD65DB003CB99DF5820B083A6A4EE3C362771EFD534B701917B58	R1	-0.00013004781135924845	0.173553466796875	0	0.00880641430256223	521.0300402	3260076032.0
PanelMember-02	114	91500114.0	B021636FC82AD65DB003CB99DF5820B083A6A4EE3C362771EFD534B701917B58	R2	-0.00023127664652179645	0.01171875	1	0.00880641430256223	521.0300402	3260076032.0
PanelMember-02	115	91500115.0	4B2A6C12D265282F10F5C17524AC5E4A83EED20E2710C96858009BB6CC113207	R1	-0.00019248113473095408	0.012542724609375	1	0.00880641430256223	520.02372	3246043136.0
PanelMember-02	115	91500115.0	4B2A6C12D265282F10F5C17524AC5E4A83EED20E2710C96858009BB6CC113207	R2	-0.0001886286256339419	0.10693359375	0	0.00880641430256223	520.02372	3246043136.0
PanelMember-02	116	91500116.0	9BB574763583E3B43E165C48D620DA08C1A71CBD65A2B3142A36D2FB08F9953B	R1	-0.00030868205835806226	0.00091552734375	1	0.00880641430256223	518.9846167	3274067968.0
PanelMember-02	116	91500116.0	9BB574763583E3B43E165C48D620DA08C1A71CBD65A2B3142A36D2FB08F9953B	R2	-0.00018746681924419292	0.03955078125	1	0.00880641430256223	518.9846167	3274067968.0
PanelMember-02	117	91500117.0	B37E01E816415DCC06158E89E8E85CC27CB05AA31AFEED1C7592A1184CEDFF5E	R1	-0.00019094273533826076	0.017059326171875	1	0.00880641430256223	476.4267904	3267854336.0
PanelMember-02	117	91500117.0	B37E01E816415DCC06158E89E8E85CC27CB05AA31AFEED1C7592A1184CEDFF5E	R2	-0.0002406353030313659	0.021484375	1	0.00880641430256223	476.4267904	3267854336.0
PanelMember-02	118	91500118.0	70861AE835C01F802D7EE05793CBDC41B5C5D34338DF04C08790F6B642099E49	R1	-0.00024241878675990912	0.037567138671875	1	0.00880641430256223	474.0803657	3265445888.0
PanelMember-02	118	91500118.0	70861AE835C01F802D7EE05793CBDC41B5C5D34338DF04C08790F6B642099E49	R2	-0.00017701612582627502	0.042236328125	1	0.00880641430256223	474.0803657	3265445888.0
PanelMember-02	119	91500119.0	80E5042A44E8CE53F976A25CA7E9FA379FC88E674A7AD6C344145706A1EC55F3	R1	-1.0519447539105207e-08	0.999969482421875	0	0.00880641430256223	471.6156315	3267551232.0
PanelMember-02	119	91500119.0	80E5042A44E8CE53F976A25CA7E9FA379FC88E674A7AD6C344145706A1EC55F3	R2	-6.515224853448477e-05	0.43798828125	0	0.00880641430256223	471.6156315	3267551232.0
PanelMember-02	120	91500120.0	997613B7BC09403BFE95ED8B3FBC9E19C30034A1B4DC97CF07E2FA2EBF277A80	R1	-0.0001382463379123405	0.097076416015625	0	0.00880641430256223	467.9513561	3250642944.0
PanelMember-02	120	91500120.0	997613B7BC09403BFE95ED8B3FBC9E19C30034A1B4DC97CF07E2FA2EBF277A80	R2	-0.00014842864332437878	0.222412109375	0	0.00880641430256223	467.9513561	3250642944.0
PanelMember-03	1	91500001.0	E1B39354DC5EAC7E78812A0E7B853E0E74A5C1F66F85FCF127B92C2D60259AF6	R1	-0.00022990373324307617	0.031463623046875	1	0.039763965473923475	503.4834965	3272822784.0
PanelMember-03	1	91500001.0	E1B39354DC5EAC7E78812A0E7B853E0E74A5C1F66F85FCF127B92C2D60259AF6	R2	-0.00011976304247499823	0.3173828125	0	0.039763965473923475	503.4834965	3272822784.0
PanelMember-03	2	91500002.0	F967179BE2C04D8468FC4E10BDD28FE9B91968B37340011F2173341DA95349D7	R1	-2.847557111948985e-05	0.781951904296875	0	0.039763965473923475	503.3182861	3234381824.0
PanelMember-03	2	91500002.0	F967179BE2C04D8468FC4E10BDD28FE9B91968B37340011F2173341DA95349D7	R2	-0.0002439200370164813	0.014892578125	1	0.039763965473923475	503.3182861	3234381824.0
PanelMember-03	3	91500003.0	987C273D815F560CFEAA93EA549DD0E8124AC65247647BB5F3A0F1480B18E1E4	R1	-0.00026476460826497475	0.0224609375	1	0.039763965473923475	505.5828094	3254665216.0
PanelMember-03	3	91500003.0	987C273D815F560CFEAA93EA549DD0E8124AC65247647BB5F3A0F1480B18E1E4	R2	-0.00013436103732658293	0.30224609375	0	0.039763965473923475	505.5828094	3254665216.0
PanelMember-03	4	91500004.0	A616E287CBEBF593208C8F740D593FD29F0A1C3CE6EC215808EF47D6ECA72B49	R1	-0.0001868346525090909	0.04541015625	1	0.039763965473923475	503.1963767	3270762496.0
PanelMember-03	4	91500004.0	A616E287CBEBF593208C8F740D593FD29F0A1C3CE6EC215808EF47D6ECA72B49	R2	-0.00017295634045198384	0.267333984375	0	0.039763965473923475	503.1963767	3270762496.0
PanelMember-03	5	91500005.0	F3120C0508BDFAC5526D8A686CAD415C680A2D88CD1330D448677485ACD52D3F	R1	-5.198307909320477e-08	0.999786376953125	0	0.039763965473923475	501.0992177	3267141632.0
PanelMember-03	5	91500005.0	F3120C0508BDFAC5526D8A686CAD415C680A2D88CD1330D448677485ACD52D3F	R2	-0.0002581714592600886	0.029052734375	1	0.039763965473923475	501.0992177	3267141632.0
PanelMember-03	6	91500006.0	C1AE0BEAEFFB147851BC6298C64168FDB41ABB2D3B5E01F0EF739644923F63FE	R1	-0.0003432153082619437	0.001373291015625	1	0.039763965473923475	501.5245616	3266056192.0
PanelMember-03	6	91500006.0	C1AE0BEAEFFB147851BC6298C64168FDB41ABB2D3B5E01F0EF739644923F63FE	R2	-0.00017897039141675776	0.107666015625	0	0.039763965473923475	501.5245616	3266056192.0
PanelMember-03	7	91500007.0	4D21F09CDC5A29AD186EA226A89CBF5F16C137BBCD9E862204EB560208A1A0F9	R1	-0.00025858524716684117	0.03460693359375	1	0.039763965473923475	503.573596	3269865472.0
PanelMember-03	7	91500007.0	4D21F09CDC5A29AD186EA226A89CBF5F16C137BBCD9E862204EB560208A1A0F9	R2	-0.00010877035462875849	0.44921875	0	0.039763965473923475	503.573596	3269865472.0
PanelMember-03	8	91500008.0	EDD4129E695C4981C93ABD41BBAE7EFA0822B8428FB7D0042FAFB7A8B9314EA0	R1	-0.0001686844400611169	0.156158447265625	0	0.039763965473923475	500.7832778	3250339840.0
PanelMember-03	8	91500008.0	EDD4129E695C4981C93ABD41BBAE7EFA0822B8428FB7D0042FAFB7A8B9314EA0	R2	-0.00011606946162091074	0.486083984375	0	0.039763965473923475	500.7832778	3250339840.0
PanelMember-03	9	91500009.0	C512120F239FBBB81B9E19AC140221CDC4C5A622CBD0B5AAE15705B3E5906C89	R1	-0.0002291125983447861	0.00616455078125	1	0.039763965473923475	498.6351384	3261063168.0
PanelMember-03	9	91500009.0	C512120F239FBBB81B9E19AC140221CDC4C5A622CBD0B5AAE15705B3E5906C89	R2	-8.451224173779217e-05	0.355712890625	0	0.039763965473923475	498.6351384	3261063168.0
PanelMember-03	10	91500010.0	EC56436B74577AD6821DF29CD856E66310374CDEFF90962D10C8EC3F516C8E0F	R1	-0.00036393689060495977	0.0003662109375	1	0.039763965473923475	503.0405913	3262492672.0
PanelMember-03	10	91500010.0	EC56436B74577AD6821DF29CD856E66310374CDEFF90962D10C8EC3F516C8E0F	R2	-0.0002116561354069237	0.096923828125	0	0.039763965473923475	503.0405913	3262492672.0
PanelMember-03	11	91500011.0	8C6E4C8D2F5AD04AAF80CA73E3A5D43CF6FE4B6F587741F418D058889DD4D709	R1	-0.00022985136308469433	0.077117919921875	0	0.039763965473923475	502.8066179	3260112896.0
PanelMember-03	11	91500011.0	8C6E4C8D2F5AD04AAF80CA73E3A5D43CF6FE4B6F587741F418D058889DD4D709	R2	-5.2742360163867335e-05	0.6826171875	0	0.039763965473923475	502.8066179	3260112896.0
PanelMember-03	12	91500012.0	07ADF79EA03C1913A4FDD5862D29D34ADE9E55BF2E409339E0E1FC1BA47760CC	R1	-0.00026647225385284875	0.019073486328125	1	0.039763965473923475	501.4954288	3262468096.0
PanelMember-03	12	91500012.0	07ADF79EA03C1913A4FDD5862D29D34ADE9E55BF2E409339E0E1FC1BA47760CC	R2	-0.00017852528370976113	0.13232421875	0	0.039763965473923475	501.4954288	3262468096.0
PanelMember-03	13	91500013.0	F788CB6532A390359CE188804DCA13C6A3169279D1EBB68E481EA5D6B516F197	R1	-0.000162512028369137	0.172760009765625	0	0.039763965473923475	541.2467846	3239989248.0
PanelMember-03	13	91500013.0	F788CB6532A390359CE188804DCA13C6A3169279D1EBB68E481EA5D6B516F197	R2	-0.00028895486272640487	0.052001953125	0	0.039763965473923475	541.2467846	3239989248.0
PanelMember-03	14	91500014.0	6953576E92BBD639CFD354702B1987E98E5C94FB513B4E743483E796104131B1	R1	-0.00019027162011503413	0.061279296875	0	0.039763965473923475	569.7517312	3240079360.0
PanelMember-03	14	91500014.0	6953576E92BBD639CFD354702B1987E98E5C94FB513B4E743483E796104131B1	R2	-0.00036225509144759756	0.007568359375	1	0.039763965473923475	569.7517312	3240079360.0
PanelMember-03	15	91500015.0	EE5439D308066C1476F006C1999194B2702461E6B8D52F68C32814324F2EECFA	R1	-0.0002595682108396979	0.010986328125	1	0.039763965473923475	572.8208219	3240280064.0
PanelMember-03	15	91500015.0	EE5439D308066C1476F006C1999194B2702461E6B8D52F68C32814324F2EECFA	R2	-0.00016518649117017194	0.244140625	0	0.039763965473923475	572.8208219	3240280064.0
PanelMember-03	16	91500016.0	C2230300355EF152D5D54C9FB61DA5C3B577CAED7663B81505738BE5A5F3BBE0	R1	-0.000311373237603043	0.009765625	1	0.039763965473923475	573.9469071	3237396480.0
PanelMember-03	16	91500016.0	C2230300355EF152D5D54C9FB61DA5C3B577CAED7663B81505738BE5A5F3BBE0	R2	-0.0003971058502261726	0.00048828125	1	0.039763965473923475	573.9469071	3237396480.0
PanelMember-03	17	91500017.0	83E82FFBE0DA99CE616FFE9C20577F897C477B6C01BD5E165E3B83FC2657D21B	R1	-0.0001415959752874792	0.232330322265625	0	0.039763965473923475	541.9924623	3233820672.0
PanelMember-03	17	91500017.0	83E82FFBE0DA99CE616FFE9C20577F897C477B6C01BD5E165E3B83FC2657D21B	R2	-9.162656521403249e-05	0.479248046875	0	0.039763965473923475	541.9924623	3233820672.0
PanelMember-03	18	91500018.0	7F3D29D5EAA994485DAA0CB01B3EEF936024AB0C772B9D40D22D690E4DE0A17F	R1	-0.0001613680205428518	0.042633056640625	1	0.039763965473923475	533.9097696	3280293888.0
PanelMember-03	18	91500018.0	7F3D29D5EAA994485DAA0CB01B3EEF936024AB0C772B9D40D22D690E4DE0A17F	R2	-6.382005140392721e-05	0.529296875	0	0.039763965473923475	533.9097696	3280293888.0
PanelMember-03	19	91500019.0	2485A5FABAEBAC1F31B12991B172B3E479E790F197E9781A43A76635EAE8F75A	R1	-0.000158473650360655	0.087371826171875	0	0.039763965473923475	572.4746081	3276541952.0
PanelMember-03	19	91500019.0	2485A5FABAEBAC1F31B12991B172B3E479E790F197E9781A43A76635EAE8F75A	R2	-0.000158269283979487	0.16943359375	0	0.039763965473923475	572.4746081	3276541952.0
PanelMember-03	20	91500020.0	6E6F9478BD5D8651EA9D17CC7437764064F9B7B3E1752C3D5A122A1184621D67	R1	-0.00010325685892003667	0.363494873046875	0	0.039763965473923475	571.7339107	3277107200.0
PanelMember-03	20	91500020.0	6E6F9478BD5D8651EA9D17CC7437764064F9B7B3E1752C3D5A122A1184621D67	R2	-0.000362068076166559	0.004150390625	1	0.039763965473923475	571.7339107	3277107200.0
PanelMember-03	21	91500021.0	FB1E1BAE096B73B873C288C064440C48DCC3C324CB0E8CA6A20CF3D710E4FABF	R1	-0.00022560726448791894	0.048583984375	1	0.039763965473923475	571.8157297	3276148736.0
PanelMember-03	21	91500021.0	FB1E1BAE096B73B873C288C064440C48DCC3C324CB0E8CA6A20CF3D710E4FABF	R2	-0.00029335477369991713	0.00634765625	1	0.039763965473923475	571.8157297	3276148736.0
PanelMember-03	22	91500022.0	658FB1B66E5793E700C11AEDF9C9EA35D46619BF43949CEDBA8AF123887AFD4C	R1	-8.928544185709953e-05	0.3768310546875	0	0.039763965473923475	539.2067364	3274665984.0
PanelMember-03	22	91500022.0	658FB1B66E5793E700C11AEDF9C9EA35D46619BF43949CEDBA8AF123887AFD4C	R2	-0.00019765948076106555	0.055419921875	0	0.039763965473923475	539.2067364	3274665984.0
PanelMember-03	23	91500023.0	CCF051AC51C1BD11FB74B6FFD4956D1D74FF0DE9AA43BFF44767777AB72B31BC	R1	-0.00031661885609106025	0.010833740234375	1	0.039763965473923475	548.8920488	3277463552.0
PanelMember-03	23	91500023.0	CCF051AC51C1BD11FB74B6FFD4956D1D74FF0DE9AA43BFF44767777AB72B31BC	R2	-7.05894798565953e-05	0.491455078125	0	0.039763965473923475	548.8920488	3277463552.0
PanelMember-03	24	91500024.0	836D839C0BC00DC8A7CD1A1F49113CC1C009618AFF1C5F6A34F1DF4C42210567	R1	-0.00011147633548473735	0.483642578125	0	0.039763965473923475	580.5083304	3276914688.0
PanelMember-03	24	91500024.0	836D839C0BC00DC8A7CD1A1F49113CC1C009618AFF1C5F6A34F1DF4C42210567	R2	4.470468002564083e-05	0.742919921875	0	0.039763965473923475	580.5083304	3276914688.0
PanelMember-03	25	91500025.0	0AC53F24AEC6AA886F92BEED58F2DAA3A015167DF2221F4BCD34859F2DD1E442	R1	-0.00019631522466720852	0.15728759765625	0	0.039763965473923475	579.8318731	3276931072.0
PanelMember-03	25	91500025.0	0AC53F24AEC6AA886F92BEED58F2DAA3A015167DF2221F4BCD34859F2DD1E442	R2	-8.650523942310329e-05	0.564453125	0	0.039763965473923475	579.8318731	3276931072.0
PanelMember-03	26	91500026.0	2A2D279CFAE2DC8374FE38E4ADFD3D734125622E5B5D56746F68C77E30E5DEAB	R1	-6.170536846340995e-05	0.70269775390625	0	0.039763965473923475	582.1429252	3274739712.0
PanelMember-03	26	91500026.0	2A2D279CFAE2DC8374FE38E4ADFD3D734125622E5B5D56746F68C77E30E5DEAB	R2	-0.00020361613242209997	0.171142578125	0	0.039763965473923475	582.1429252	3274739712.0
PanelMember-03	27	91500027.0	B6403A670AE3A98246154D62579B7D473320B1B02F92F7D68B2079FFEBC0704F	R1	-0.00010489589642919839	0.3544921875	0	0.039763965473923475	542.1423154	3273281536.0
PanelMember-03	27	91500027.0	B6403A670AE3A98246154D62579B7D473320B1B02F92F7D68B2079FFEBC0704F	R2	-0.0004415876585725141	0.0009765625	1	0.039763965473923475	542.1423154	3273281536.0
PanelMember-03	28	91500028.0	BB7D233745B80FB19A9DE369657202F8074CEC9D19B04B3B1CCB1CE5B48AC8AD	R1	-0.00039439175514300093	0.002532958984375	1	0.039763965473923475	540.9884457	3282337792.0
PanelMember-03	28	91500028.0	BB7D233745B80FB19A9DE369657202F8074CEC9D19B04B3B1CCB1CE5B48AC8AD	R2	-0.00018162231455571165	0.033447265625	1	0.039763965473923475	540.9884457	3282337792.0
PanelMember-03	29	91500029.0	60E80D7D2A73B6C176CB3F5ED684875E367FF0ED759CC68F60497125DDD26425	R1	-0.00012392253111613918	0.2542724609375	0	0.039763965473923475	567.5032107	3281948672.0
PanelMember-03	29	91500029.0	60E80D7D2A73B6C176CB3F5ED684875E367FF0ED759CC68F60497125DDD26425	R2	-0.0001256890136286921	0.35107421875	0	0.039763965473923475	567.5032107	3281948672.0
PanelMember-03	30	91500030.0	93FCAD7F1A5ADD5F554A54B27E08636C79E31CEFD633F6C954E428D90ABC54ED	R1	-0.00034226908278015537	0.00067138671875	1	0.039763965473923475	569.1252218	3275558912.0
PanelMember-03	30	91500030.0	93FCAD7F1A5ADD5F554A54B27E08636C79E31CEFD633F6C954E428D90ABC54ED	R2	-0.0002452770854532612	0.044677734375	1	0.039763965473923475	569.1252218	3275558912.0
PanelMember-03	31	91500031.0	25A9ED39376CC384FC0821A761130FA2677FE6FB3F000368C63C633A83AA1512	R1	-8.94081658745086e-05	0.349212646484375	0	0.039763965473923475	568.6451459	3270651904.0
PanelMember-03	31	91500031.0	25A9ED39376CC384FC0821A761130FA2677FE6FB3F000368C63C633A83AA1512	R2	-0.000351069622390209	0.001220703125	1	0.039763965473923475	568.6451459	3270651904.0
PanelMember-03	32	91500032.0	8F25A9E4D88A83D521A4BF09CB451D02BA4883B18A01BB5FCBD0B619147882B9	R1	-0.0001641263909192582	0.0689697265625	0	0.039763965473923475	536.3056102	3267891200.0
PanelMember-03	32	91500032.0	8F25A9E4D88A83D521A4BF09CB451D02BA4883B18A01BB5FCBD0B619147882B9	R2	-0.0002853887552574506	0.020263671875	1	0.039763965473923475	536.3056102	3267891200.0
PanelMember-03	33	91500033.0	1043556885E5D0378C2087924A21576538751B8866665265D71E0B2A426B7F01	R1	-0.0003341274657846435	0.001220703125	1	0.039763965473923475	556.751968	3272876032.0
PanelMember-03	33	91500033.0	1043556885E5D0378C2087924A21576538751B8866665265D71E0B2A426B7F01	R2	-0.00026990495383888554	0.01806640625	1	0.039763965473923475	556.751968	3272876032.0
PanelMember-03	34	91500034.0	CF6B7A8F6B1D2D8C6E387D8E779D0465344D05F3356F146E7A1D3902C97D88BC	R1	-0.00015658329864622983	0.12994384765625	0	0.039763965473923475	580.6643493	3274547200.0
PanelMember-03	34	91500034.0	CF6B7A8F6B1D2D8C6E387D8E779D0465344D05F3356F146E7A1D3902C97D88BC	R2	-0.00021290884343218698	0.03857421875	1	0.039763965473923475	580.6643493	3274547200.0
PanelMember-03	35	91500035.0	6BAE96B0BD3D973E58C3C6678063F75325F5D3B2B1953EA78460168678606E68	R1	-0.0002824959171436142	0.0023193359375	1	0.039763965473923475	581.7101253	3270197248.0
PanelMember-03	35	91500035.0	6BAE96B0BD3D973E58C3C6678063F75325F5D3B2B1953EA78460168678606E68	R2	-0.00042735950262741174	0.0009765625	1	0.039763965473923475	581.7101253	3270197248.0
PanelMember-03	36	91500036.0	E8F58AF333958780779ACEA9F662752980C7DCB3D448E66531A86072EFF5D38D	R1	-0.000340238685390704	0.0047607421875	1	0.039763965473923475	581.455068	3268194304.0
PanelMember-03	36	91500036.0	E8F58AF333958780779ACEA9F662752980C7DCB3D448E66531A86072EFF5D38D	R2	-0.00015464723805957113	0.20556640625	0	0.039763965473923475	581.455068	3268194304.0
PanelMember-03	37	91500037.0	BCC0676EB0D0A89C26B8D4CE34439AF4B857798592B624FBAE0D26B70D83E25E	R1	-0.00030474696717574417	0.019195556640625	1	0.039763965473923475	541.4842056	3268366336.0
PanelMember-03	37	91500037.0	BCC0676EB0D0A89C26B8D4CE34439AF4B857798592B624FBAE0D26B70D83E25E	R2	-0.00036143106668519925	0.002685546875	1	0.039763965473923475	541.4842056	3268366336.0
PanelMember-03	38	91500038.0	545D714B4C6C300AA9A8656089598AB87CE4AD81E71544636034A19D647EFF33	R1	-0.00011489175043363908	0.210540771484375	0	0.039763965473923475	558.4586346	3269472256.0
PanelMember-03	38	91500038.0	545D714B4C6C300AA9A8656089598AB87CE4AD81E71544636034A19D647EFF33	R2	-0.0003029073782793451	0.0029296875	1	0.039763965473923475	558.4586346	3269472256.0
PanelMember-03	39	91500039.0	31D8EFF32BC9C3A579818E71A729D600515FBE99B292C2F7B9A86A2ECC964610	R1	-0.0003673200202376879	0.0010986328125	1	0.039763965473923475	586.886998	3266195456.0
PanelMember-03	39	91500039.0	31D8EFF32BC9C3A579818E71A729D600515FBE99B292C2F7B9A86A2ECC964610	R2	-0.000207434970010534	0.1416015625	0	0.039763965473923475	586.886998	3266195456.0
PanelMember-03	40	91500040.0	273C5ACCF14620A175DCD105C5023CA9F58DC60497D22B1F433AABCAF72A01E7	R1	-0.00035328307671197214	0.006805419921875	1	0.039763965473923475	586.2385804	3265986560.0
PanelMember-03	40	91500040.0	273C5ACCF14620A175DCD105C5023CA9F58DC60497D22B1F433AABCAF72A01E7	R2	-0.000188580573435378	0.103515625	0	0.039763965473923475	586.2385804	3265986560.0
PanelMember-03	41	91500041.0	86B0BE73FDD9A6068EAF8712E606AB78CF7F41FC37AB0445F901300BC28EBA6B	R1	-0.00044891359861395344	0.001220703125	1	0.039763965473923475	584.6768481	3263016960.0
PanelMember-03	41	91500041.0	86B0BE73FDD9A6068EAF8712E606AB78CF7F41FC37AB0445F901300BC28EBA6B	R2	-0.00014603488262349812	0.18310546875	0	0.039763965473923475	584.6768481	3263016960.0
PanelMember-03	42	91500042.0	25346A0AA0563D7A8509156AC76BFEC2E457F290B8660000AF8A4B75CA137402	R1	-0.00019236096034645333	0.053131103515625	0	0.039763965473923475	547.8617642	3257143296.0
PanelMember-03	42	91500042.0	25346A0AA0563D7A8509156AC76BFEC2E457F290B8660000AF8A4B75CA137402	R2	-0.00012268622144023577	0.426025390625	0	0.039763965473923475	547.8617642	3257143296.0
PanelMember-03	43	91500043.0	DB3E98572A581ACE979E8D1394ADCD8FE81F333F50D9876FFEEE862EEE05DA60	R1	-0.00016571061784236214	0.208587646484375	0	0.039763965473923475	553.6884839	3278303232.0
PanelMember-03	43	91500043.0	DB3E98572A581ACE979E8D1394ADCD8FE81F333F50D9876FFEEE862EEE05DA60	R2	-0.0003675903917910684	0.009033203125	1	0.039763965473923475	553.6884839	3278303232.0
PanelMember-03	44	91500044.0	7EC6277784CDE4F86FF2BD81AF416E8AC87C7A87CF4A72ED35CD3822E1CE2D3C	R1	-0.00022422850551019355	0.039520263671875	1	0.039763965473923475	586.512551	3277455360.0
PanelMember-03	44	91500044.0	7EC6277784CDE4F86FF2BD81AF416E8AC87C7A87CF4A72ED35CD3822E1CE2D3C	R2	-0.00021407651243307956	0.084228515625	0	0.039763965473923475	586.512551	3277455360.0
PanelMember-03	45	91500045.0	13229C61F987034055361B59E87CC4043BE06A5D9F872301B330E9258058F063	R1	-0.00011627792656531517	0.181915283203125	0	0.039763965473923475	585.7541106	3278069760.0
PanelMember-03	45	91500045.0	13229C61F987034055361B59E87CC4043BE06A5D9F872301B330E9258058F063	R2	-0.00012095726993374234	0.371337890625	0	0.039763965473923475	585.7541106	3278069760.0
PanelMember-03	46	91500046.0	B503760EF50EA020A0205BE57DEA7F484E9F0FFB94F66EB7AA53DAA64DC67351	R1	-7.302287402229714e-05	0.52618408203125	0	0.039763965473923475	584.2039353	3277946880.0
PanelMember-03	46	91500046.0	B503760EF50EA020A0205BE57DEA7F484E9F0FFB94F66EB7AA53DAA64DC67351	R2	-0.00011454096891244401	0.33349609375	0	0.039763965473923475	584.2039353	3277946880.0
PanelMember-03	47	91500047.0	3DE021CC3CD5486B12813BA514D535AD9CF464E578229303C6E2482310AFDF90	R1	-0.00019085439019923462	0.06298828125	0	0.039763965473923475	545.9334114	3271790592.0
PanelMember-03	47	91500047.0	3DE021CC3CD5486B12813BA514D535AD9CF464E578229303C6E2482310AFDF90	R2	-0.0002282314056554446	0.107666015625	0	0.039763965473923475	545.9334114	3271790592.0
PanelMember-03	48	91500048.0	466BA31B50F85CF76DE09D1B19AA112E055811BCD6DB6FE2EDBC23E988814D69	R1	-5.1876318763004974e-05	0.621063232421875	0	0.039763965473923475	541.994124	3264032768.0
PanelMember-03	48	91500048.0	466BA31B50F85CF76DE09D1B19AA112E055811BCD6DB6FE2EDBC23E988814D69	R2	-0.00036991438295925084	0.01123046875	1	0.039763965473923475	541.994124	3264032768.0
PanelMember-03	49	91500049.0	C11863D83C49A34F9720F5ACD9CD8DA9FB15CCE1AA0FB525E4E34DAD120BED24	R1	-0.0003427927343020123	0.00604248046875	1	0.039763965473923475	569.7611832	3262316544.0
PanelMember-03	49	91500049.0	C11863D83C49A34F9720F5ACD9CD8DA9FB15CCE1AA0FB525E4E34DAD120BED24	R2	-0.0001133999785167918	0.3642578125	0	0.039763965473923475	569.7611832	3262316544.0
PanelMember-03	50	91500050.0	5724661F1386071E64ABDCDA095A2570B816EC8B15A74A6EC67879A410F41ADA	R1	-0.00023165053672422232	0.08123779296875	0	0.039763965473923475	568.8531845	3259146240.0
PanelMember-03	50	91500050.0	5724661F1386071E64ABDCDA095A2570B816EC8B15A74A6EC67879A410F41ADA	R2	-8.182449591256384e-06	0.944580078125	0	0.039763965473923475	568.8531845	3259146240.0
PanelMember-03	51	91500051.0	E6FF19D9733C6239E7EF94869C53C6A43E8F4A7516F5DBFB05B639BCFBCEAF6D	R1	-0.0002979793695403394	0.001739501953125	1	0.039763965473923475	567.6879537	3256496128.0
PanelMember-03	51	91500051.0	E6FF19D9733C6239E7EF94869C53C6A43E8F4A7516F5DBFB05B639BCFBCEAF6D	R2	-5.635607224480258e-05	0.67919921875	0	0.039763965473923475	567.6879537	3256496128.0
PanelMember-03	52	91500052.0	B7012696337D83D0CCDC7EC6FE0A96759C77DD46B411EBDF611BFB6A0C518C63	R1	-0.00012220789737804437	0.57696533203125	0	0.039763965473923475	533.6751111	3253526528.0
PanelMember-03	52	91500052.0	B7012696337D83D0CCDC7EC6FE0A96759C77DD46B411EBDF611BFB6A0C518C63	R2	-0.00024266962425422342	0.053955078125	0	0.039763965473923475	533.6751111	3253526528.0
PanelMember-03	53	91500053.0	3D822DD3EFD1239C7F6845F59A64939E72637FF8B13BBAE47C677FE49A8525E4	R1	-0.00018886680412304776	0.105316162109375	0	0.039763965473923475	535.9314777	3271798784.0
PanelMember-03	53	91500053.0	3D822DD3EFD1239C7F6845F59A64939E72637FF8B13BBAE47C677FE49A8525E4	R2	-0.00019329497186828558	0.142822265625	0	0.039763965473923475	535.9314777	3271798784.0
PanelMember-03	54	91500054.0	538A33F4B258DF6DDAE1214A2EA26D151D459C891439A9E1C25EF68F9E93FC03	R1	-0.00014270104597311433	0.160980224609375	0	0.039763965473923475	571.5655372	3271626752.0
PanelMember-03	54	91500054.0	538A33F4B258DF6DDAE1214A2EA26D151D459C891439A9E1C25EF68F9E93FC03	R2	-0.00032184181344795375	0.0146484375	1	0.039763965473923475	571.5655372	3271626752.0
PanelMember-03	55	91500055.0	B5D05503CE0D5044EFDCD917DF2687E6CF884A68CC5C824045AB496D6EAC5B51	R1	-0.0002913805370700087	0.005035400390625	1	0.039763965473923475	570.6338201	3267772416.0
PanelMember-03	55	91500055.0	B5D05503CE0D5044EFDCD917DF2687E6CF884A68CC5C824045AB496D6EAC5B51	R2	3.215109411017117e-05	0.8173828125	0	0.039763965473923475	570.6338201	3267772416.0
PanelMember-03	56	91500056.0	D5E784980D9B30ED630207F839D224AC58D45A14097D4CD8476E84857260FE45	R1	-0.00018110848003695414	0.107330322265625	0	0.039763965473923475	570.8102088	3265724416.0
PanelMember-03	56	91500056.0	D5E784980D9B30ED630207F839D224AC58D45A14097D4CD8476E84857260FE45	R2	-0.00014496520937013282	0.1484375	0	0.039763965473923475	570.8102088	3265724416.0
PanelMember-03	57	91500057.0	6CC6A45B9D73F9E97BA6B9EA315CF7C76CBBAB1248C0F8B18098CEA80BBF449D	R1	-7.42732136912223e-05	0.5140380859375	0	0.039763965473923475	532.703603	3263971328.0
PanelMember-03	57	91500057.0	6CC6A45B9D73F9E97BA6B9EA315CF7C76CBBAB1248C0F8B18098CEA80BBF449D	R2	-0.0002481613509890559	0.07861328125	0	0.039763965473923475	532.703603	3263971328.0
PanelMember-03	58	91500058.0	70BE7F338684764266F3B26C82CCDD0FB281FBF241BF48EAC488BF4954B73344	R1	-0.00020932638711686552	0.01611328125	1	0.039763965473923475	540.0577757	3270160384.0
PanelMember-03	58	91500058.0	70BE7F338684764266F3B26C82CCDD0FB281FBF241BF48EAC488BF4954B73344	R2	-0.00020988055462752556	0.058349609375	0	0.039763965473923475	540.0577757	3270160384.0
PanelMember-03	59	91500059.0	62D5B16189FFFECD20E1B5E0A00286BAC8F210E81252FD0D14E41B256F147060	R1	-0.0001957277236536625	0.07940673828125	0	0.039763965473923475	570.2910547	3267661824.0
PanelMember-03	59	91500059.0	62D5B16189FFFECD20E1B5E0A00286BAC8F210E81252FD0D14E41B256F147060	R2	-0.00019819790965047978	0.048828125	1	0.039763965473923475	570.2910547	3267661824.0
PanelMember-03	60	91500060.0	6CDCA88983BEFD88BFF199CEE4978FDC768F482FA45010656BA27C4F40505AF7	R1	-0.0002529864278152518	0.048675537109375	1	0.039763965473923475	571.3193271	3269296128.0
PanelMember-03	60	91500060.0	6CDCA88983BEFD88BFF199CEE4978FDC768F482FA45010656BA27C4F40505AF7	R2	-0.0003637739125866099	0.003662109375	1	0.039763965473923475	571.3193271	3269296128.0
PanelMember-03	61	91500061.0	FA096CCAFD601B62C014616A3BEC32B1FAE82A41A6C39A0DA1322E5FD74E4DCA	R1	-0.0002805595071711921	0.000640869140625	1	0.039763965473923475	571.108987	3268685824.0
PanelMember-03	61	91500061.0	FA096CCAFD601B62C014616A3BEC32B1FAE82A41A6C39A0DA1322E5FD74E4DCA	R2	-0.00012207541837367918	0.286865234375	0	0.039763965473923475	571.108987	3268685824.0
PanelMember-03	62	91500062.0	F42CB9C719F62BC096E8E7CCE446576B6243C01E0BCAAF849AF5BA486E1955EF	R1	-0.00027313940327287087	0.010589599609375	1	0.039763965473923475	536.1805174	3265802240.0
PanelMember-03	62	91500062.0	F42CB9C719F62BC096E8E7CCE446576B6243C01E0BCAAF849AF5BA486E1955EF	R2	-0.0003769768835233575	0.00048828125	1	0.039763965473923475	536.1805174	3265802240.0
PanelMember-03	63	91500063.0	37B2E49FCD4518A4FDE61FA0AE76C9180203B0C553A45A4FD0B999974EC44622	R1	-0.00013771971417699005	0.164337158203125	0	0.039763965473923475	538.9279489	3269263360.0
PanelMember-03	63	91500063.0	37B2E49FCD4518A4FDE61FA0AE76C9180203B0C553A45A4FD0B999974EC44622	R2	-0.0002829912165293841	0.01513671875	1	0.039763965473923475	538.9279489	3269263360.0
PanelMember-03	64	91500064.0	3C80D529D573EF200C55BB1C058B83B5EFF2585987AD29149DF31CED4273EF9E	R1	-0.00026047483394823785	0.018310546875	1	0.039763965473923475	572.7454402	3266805760.0
PanelMember-03	64	91500064.0	3C80D529D573EF200C55BB1C058B83B5EFF2585987AD29149DF31CED4273EF9E	R2	-5.0437898301148214e-05	0.554931640625	0	0.039763965473923475	572.7454402	3266805760.0
PanelMember-03	65	91500065.0	58C6B5E8D0223301929BC99CA8F7A0DB3C38E318AAB73CA60DD8683F0291144F	R1	-0.00031245281913169337	0.012939453125	1	0.039763965473923475	573.6337981	3266052096.0
PanelMember-03	65	91500065.0	58C6B5E8D0223301929BC99CA8F7A0DB3C38E318AAB73CA60DD8683F0291144F	R2	-0.0002242501270127913	0.029541015625	1	0.039763965473923475	573.6337981	3266052096.0
PanelMember-03	66	91500066.0	EF3DFF8991BFEB88A561E65B5DD54CCDBEB75519B13AFC8FAD9D002C8F9C18BA	R1	-8.415106379535099e-05	0.564300537109375	0	0.039763965473923475	573.7417259	3264446464.0
PanelMember-03	66	91500066.0	EF3DFF8991BFEB88A561E65B5DD54CCDBEB75519B13AFC8FAD9D002C8F9C18BA	R2	-0.00028782407365572144	0.106201171875	0	0.039763965473923475	573.7417259	3264446464.0
PanelMember-03	67	91500067.0	7C6C9F6B542CC545CC557B010D2688B0387B58B01485AA81EDF27A1C0326E9F0	R1	-8.754609165984115e-05	0.349578857421875	0	0.039763965473923475	539.884824	3260116992.0
PanelMember-03	67	91500067.0	7C6C9F6B542CC545CC557B010D2688B0387B58B01485AA81EDF27A1C0326E9F0	R2	-0.00030119092017893555	0.052490234375	0	0.039763965473923475	539.884824	3260116992.0
PanelMember-03	68	91500068.0	0D3F3E56E2BFAE5AC194B5A3B7C49DBF65D876665131D51654532AC2A1F60BF3	R1	-0.00021374643395066447	0.074615478515625	0	0.039763965473923475	547.4756029	3273818112.0
PanelMember-03	68	91500068.0	0D3F3E56E2BFAE5AC194B5A3B7C49DBF65D876665131D51654532AC2A1F60BF3	R2	-0.0002018801187335549	0.248046875	0	0.039763965473923475	547.4756029	3273818112.0
PanelMember-03	69	91500069.0	889884A3BEE3BEAD00603ED44B1E09190A7B173AE4B817AB1E28B3103FC3A1E6	R1	-0.00010881083184825878	0.28179931640625	0	0.039763965473923475	569.9549566	3273924608.0
PanelMember-03	69	91500069.0	889884A3BEE3BEAD00603ED44B1E09190A7B173AE4B817AB1E28B3103FC3A1E6	R2	-0.000419508659025922	0.001953125	1	0.039763965473923475	569.9549566	3273924608.0
PanelMember-03	70	91500070.0	5F58E0E8B32B4DD35240E16CE47411532964994A80314B909970CC65124AFAE5	R1	-0.00020285910395359747	0.006378173828125	1	0.039763965473923475	570.8586564	3270561792.0
PanelMember-03	70	91500070.0	5F58E0E8B32B4DD35240E16CE47411532964994A80314B909970CC65124AFAE5	R2	-0.0004088528267521081	0.013427734375	1	0.039763965473923475	570.8586564	3270561792.0
PanelMember-03	71	91500071.0	E794F8585A86CC9E5D88D359117B4559D4523A7D59EBC38264E1B981BE285347	R1	-0.00030562753175389563	0.00933837890625	1	0.039763965473923475	569.7979133	3263234048.0
PanelMember-03	71	91500071.0	E794F8585A86CC9E5D88D359117B4559D4523A7D59EBC38264E1B981BE285347	R2	-0.0002508368790155686	0.036865234375	1	0.039763965473923475	569.7979133	3263234048.0
PanelMember-03	72	91500072.0	02B90AE14E6BEE9CD52E4EB5DE9F388A2412A00F837F5CBE0129827619BA5B71	R1	-0.00019057049726238615	0.026702880859375	1	0.039763965473923475	539.9926291	3262976000.0
PanelMember-03	72	91500072.0	02B90AE14E6BEE9CD52E4EB5DE9F388A2412A00F837F5CBE0129827619BA5B71	R2	-0.00022249841182824998	0.077880859375	0	0.039763965473923475	539.9926291	3262976000.0
PanelMember-03	73	91500073.0	DC4BE64646484947FA10CE53F5FB46CD459E954FBAA7DC837FE18764A517DCDE	R1	-0.0002681880215351695	0.026458740234375	1	0.039763965473923475	558.2647363	3274223616.0
PanelMember-03	73	91500073.0	DC4BE64646484947FA10CE53F5FB46CD459E954FBAA7DC837FE18764A517DCDE	R2	-0.00023837770996810412	0.135498046875	0	0.039763965473923475	558.2647363	3274223616.0
PanelMember-03	74	91500074.0	B4DE8BB5699CADC1A061CCA0213B290B2EBCCCAAA9E93A2F48EF658A593EF97E	R1	-0.0004036008695170643	0.00128173828125	1	0.039763965473923475	540.6317701	3271069696.0
PanelMember-03	74	91500074.0	B4DE8BB5699CADC1A061CCA0213B290B2EBCCCAAA9E93A2F48EF658A593EF97E	R2	-0.00022571616814207838	0.076171875	0	0.039763965473923475	540.6317701	3271069696.0
PanelMember-03	75	91500075.0	4BF4E38B82BDD891B9878E6433A29BABAF6072B1A3E80959ED9BAD89166C62D4	R1	-0.00017601825961730235	0.08056640625	0	0.039763965473923475	557.8069096	3261181952.0
PanelMember-03	75	91500075.0	4BF4E38B82BDD891B9878E6433A29BABAF6072B1A3E80959ED9BAD89166C62D4	R2	-0.00010921189996446789	0.568115234375	0	0.039763965473923475	557.8069096	3261181952.0
PanelMember-03	76	91500076.0	940798FC3C44340D6E143EBBB9B1221C556DFA04C73EE138DCA8032CF3F6BFE4	R1	-0.00013898619016108654	0.32403564453125	0	0.039763965473923475	541.1875015	3263270912.0
PanelMember-03	76	91500076.0	940798FC3C44340D6E143EBBB9B1221C556DFA04C73EE138DCA8032CF3F6BFE4	R2	4.956673837281066e-06	0.97265625	0	0.039763965473923475	541.1875015	3263270912.0
PanelMember-03	77	91500077.0	C65AD3DEA49E815C40DB44A510C73EB424145AFB91CA12B0DF091CB9E419579E	R1	-0.0002692377599043433	0.005523681640625	1	0.039763965473923475	561.3197026	3284508672.0
PanelMember-03	77	91500077.0	C65AD3DEA49E815C40DB44A510C73EB424145AFB91CA12B0DF091CB9E419579E	R2	-0.0002651165321253811	0.024658203125	1	0.039763965473923475	561.3197026	3284508672.0
PanelMember-03	78	91500078.0	1063AD1A2221B9A62AB4E848B7E71D3759BABC67267B0412A63B12760BE22BEA	R1	-0.0003671236052823711	0.001556396484375	1	0.039763965473923475	536.5986649	3283193856.0
PanelMember-03	78	91500078.0	1063AD1A2221B9A62AB4E848B7E71D3759BABC67267B0412A63B12760BE22BEA	R2	-0.00033308725042413095	0.00048828125	1	0.039763965473923475	536.5986649	3283193856.0
PanelMember-03	79	91500079.0	E52794F6E8237C00BA2A409128658E6283164DBA8CF1E9DF1BD1AB052EBEDDC3	R1	-0.00021177326722850572	0.072662353515625	0	0.039763965473923475	573.076103	3273867264.0
PanelMember-03	79	91500079.0	E52794F6E8237C00BA2A409128658E6283164DBA8CF1E9DF1BD1AB052EBEDDC3	R2	1.968978546357729e-05	0.870361328125	0	0.039763965473923475	573.076103	3273867264.0
PanelMember-03	80	91500080.0	9E2814E0E9B79D665288B1321D090F43D8CEA1F7BCC76447027D418C9C7DFD42	R1	-0.00022894277391598638	0.01397705078125	1	0.039763965473923475	554.6142063	3271192576.0
PanelMember-03	80	91500080.0	9E2814E0E9B79D665288B1321D090F43D8CEA1F7BCC76447027D418C9C7DFD42	R2	-0.00022382793935723366	0.08251953125	0	0.039763965473923475	554.6142063	3271192576.0
PanelMember-03	81	91500081.0	23E2F29827477E7E63BBF8DA5BA22CE9A75A3B60472ABE72DADB1C5638E235C6	R1	-0.00013069531155491724	0.133392333984375	0	0.039763965473923475	563.0150499	3274432512.0
PanelMember-03	81	91500081.0	23E2F29827477E7E63BBF8DA5BA22CE9A75A3B60472ABE72DADB1C5638E235C6	R2	-6.324215699123048e-05	0.593017578125	0	0.039763965473923475	563.0150499	3274432512.0
PanelMember-03	82	91500082.0	2119C38ECAF0BA4FBCAC345CD49D02A45F15A6C41CC1D32B8A257A633FD2EDCF	R1	-0.00019271037874075392	0.103729248046875	0	0.039763965473923475	541.5006642	3273039872.0
PanelMember-03	82	91500082.0	2119C38ECAF0BA4FBCAC345CD49D02A45F15A6C41CC1D32B8A257A633FD2EDCF	R2	-0.00013873462272898419	0.30517578125	0	0.039763965473923475	541.5006642	3273039872.0
PanelMember-03	83	91500083.0	6C330E4CFA52FADB2E5518D64D49F8425B3D5B5F065317E8E6E88224F4101A17	R1	-0.00035521681931027197	0.00152587890625	1	0.039763965473923475	562.9967176	3271200768.0
PanelMember-03	83	91500083.0	6C330E4CFA52FADB2E5518D64D49F8425B3D5B5F065317E8E6E88224F4101A17	R2	-0.0001168006996887073	0.42578125	0	0.039763965473923475	562.9967176	3271200768.0
PanelMember-03	84	91500084.0	1B60A3CB28103834591412B1F8B2180E487135E0186699953D4FA9AAC7BE344C	R1	-0.00029589388142185974	0.016937255859375	1	0.039763965473923475	543.6014599	3270418432.0
PanelMember-03	84	91500084.0	1B60A3CB28103834591412B1F8B2180E487135E0186699953D4FA9AAC7BE344C	R2	-0.00011861440640179458	0.275634765625	0	0.039763965473923475	543.6014599	3270418432.0
PanelMember-03	85	91500085.0	3547B1851139DBFDA643EC705A811B6703450902D2F7B2BE47A62EFEF1A86F06	R1	-9.71768029205842e-05	0.139923095703125	0	0.039763965473923475	558.4760773	3270860800.0
PanelMember-03	85	91500085.0	3547B1851139DBFDA643EC705A811B6703450902D2F7B2BE47A62EFEF1A86F06	R2	-0.00022014757710190206	0.05712890625	0	0.039763965473923475	558.4760773	3270860800.0
PanelMember-03	86	91500086.0	6F9C1661C083C70128FA82EC84C83D5C879A9D277154B1379B3EA383277E1CCA	R1	-0.0001910832243620322	0.2823486328125	0	0.039763965473923475	539.2708799	3270107136.0
PanelMember-03	86	91500086.0	6F9C1661C083C70128FA82EC84C83D5C879A9D277154B1379B3EA383277E1CCA	R2	-0.00035533061470355715	0.000244140625	1	0.039763965473923475	539.2708799	3270107136.0
PanelMember-03	87	91500087.0	E58B2556C0219CDFDA5BDDE77417E90FCB098AEF1066114FD0F75AEC0B2B254F	R1	-0.0002466566580380047	0.02410888671875	1	0.039763965473923475	571.8288479	3276783616.0
PanelMember-03	87	91500087.0	E58B2556C0219CDFDA5BDDE77417E90FCB098AEF1066114FD0F75AEC0B2B254F	R2	-0.0001506596171848348	0.09423828125	0	0.039763965473923475	571.8288479	3276783616.0
PanelMember-03	88	91500088.0	21E4CA5EC735FAC9F44484BA519248869D6109CBB06C024192C986480E489850	R1	-2.8296049532146635e-05	0.7506103515625	0	0.039763965473923475	549.5896131	3275780096.0
PanelMember-03	88	91500088.0	21E4CA5EC735FAC9F44484BA519248869D6109CBB06C024192C986480E489850	R2	-0.00021790397085912256	0.0029296875	1	0.039763965473923475	549.5896131	3275780096.0
PanelMember-03	89	91500089.0	5B4755C6C74916D5E3CB9F19253AB21F1D5180EB841A8F8FF523A1504DECCAD8	R1	-0.00028427392691278473	0.027801513671875	1	0.039763965473923475	559.1152724	3244769280.0
PanelMember-03	89	91500089.0	5B4755C6C74916D5E3CB9F19253AB21F1D5180EB841A8F8FF523A1504DECCAD8	R2	-0.00023362265797538715	0.028564453125	1	0.039763965473923475	559.1152724	3244769280.0
PanelMember-03	90	91500090.0	05516E4C14BD926E042AA152F727006B8B4B88A92C0C45A52EC7A0C793D23CAA	R1	-7.020605605113269e-06	0.94635009765625	0	0.039763965473923475	543.1629533	3240275968.0
PanelMember-03	90	91500090.0	05516E4C14BD926E042AA152F727006B8B4B88A92C0C45A52EC7A0C793D23CAA	R2	-0.00027490496987273407	0.014892578125	1	0.039763965473923475	543.1629533	3240275968.0
PanelMember-03	91	91500091.0	6F6D99FAD8B5804879F34A8D14ABA5B74FBDDA606CC4CA280FDA349CE76E80D4	R1	-0.0002200558189256658	0.02349853515625	1	0.039763965473923475	556.0130305	3279732736.0
PanelMember-03	91	91500091.0	6F6D99FAD8B5804879F34A8D14ABA5B74FBDDA606CC4CA280FDA349CE76E80D4	R2	-0.000423128565861287	0.002197265625	1	0.039763965473923475	556.0130305	3279732736.0
PanelMember-03	92	91500092.0	7F87FA4424ABC79671D263FBAEA0AC9A73F64E0D62023985107CD2968B8FDB83	R1	-3.685232890767505e-05	0.797393798828125	0	0.039763965473923475	531.7669999	3280363520.0
PanelMember-03	92	91500092.0	7F87FA4424ABC79671D263FBAEA0AC9A73F64E0D62023985107CD2968B8FDB83	R2	-0.0001992607030803857	0.083984375	0	0.039763965473923475	531.7669999	3280363520.0
PanelMember-03	93	91500093.0	18889BB55E051ADC5031BB4D7F30BE432D27F2CB2D317C085A69045520D65A4D	R1	-0.00020507783585610055	0.076171875	0	0.039763965473923475	572.9063311	3282296832.0
PanelMember-03	93	91500093.0	18889BB55E051ADC5031BB4D7F30BE432D27F2CB2D317C085A69045520D65A4D	R2	-0.00022823719408501328	0.12841796875	0	0.039763965473923475	572.9063311	3282296832.0
PanelMember-03	94	91500094.0	802DDF3F722F9D596FE239B95DB39AF43B90FD383A2A736893F4EFE80BE632C6	R1	-0.00010363806395249496	0.094512939453125	0	0.039763965473923475	557.715016	3278671872.0
PanelMember-03	94	91500094.0	802DDF3F722F9D596FE239B95DB39AF43B90FD383A2A736893F4EFE80BE632C6	R2	-0.0002460003956839715	0.03271484375	1	0.039763965473923475	557.715016	3278671872.0
PanelMember-03	95	91500095.0	1DFCCDCB8B8ECACE42AEEC2428DB6F731339C26EA56F716ABBC316770E9570CE	R1	1.3024252523815663e-05	0.914581298828125	0	0.039763965473923475	574.8195131	3273408512.0
PanelMember-03	95	91500095.0	1DFCCDCB8B8ECACE42AEEC2428DB6F731339C26EA56F716ABBC316770E9570CE	R2	-0.0003542312652928313	0.004150390625	1	0.039763965473923475	574.8195131	3273408512.0
PanelMember-03	96	91500096.0	2E45FBB658AFBD56EFBCD68F90B792C7CC6B6FE1624237BED429A24CF0CDB0FE	R1	-0.00041913585843382327	0.001800537109375	1	0.039763965473923475	558.2500822	3272040448.0
PanelMember-03	96	91500096.0	2E45FBB658AFBD56EFBCD68F90B792C7CC6B6FE1624237BED429A24CF0CDB0FE	R2	2.6976188345233002e-05	0.82373046875	0	0.039763965473923475	558.2500822	3272040448.0
PanelMember-03	97	91500097.0	B6103FF2FA6F8E9529AFE8B04D4B7A47B164A1F34C038F1F4431DF10E9035162	R1	-4.657444459130296e-05	0.6602783203125	0	0.039763965473923475	559.5729915	3276345344.0
PanelMember-03	97	91500097.0	B6103FF2FA6F8E9529AFE8B04D4B7A47B164A1F34C038F1F4431DF10E9035162	R2	-0.00019479552769483514	0.0732421875	0	0.039763965473923475	559.5729915	3276345344.0
PanelMember-03	98	91500098.0	B0DCF7ED2EF7F2FE27BA8D287D4899E1CF777694B3A726AC71985508A9F69B1D	R1	-0.00017607951172059666	0.13983154296875	0	0.039763965473923475	560.3798735	3262758912.0
PanelMember-03	98	91500098.0	B0DCF7ED2EF7F2FE27BA8D287D4899E1CF777694B3A726AC71985508A9F69B1D	R2	-0.00018368752615533036	0.041015625	1	0.039763965473923475	560.3798735	3262758912.0
PanelMember-03	99	91500099.0	ED2862AC34BF84FAB3BBAB6C04215CE7EAFE5928815006EA58E3E21A98CAE03A	R1	-0.0002699291890340306	0.008941650390625	1	0.039763965473923475	557.4462871	3285475328.0
PanelMember-03	99	91500099.0	ED2862AC34BF84FAB3BBAB6C04215CE7EAFE5928815006EA58E3E21A98CAE03A	R2	-0.00028188797420274694	0.00634765625	1	0.039763965473923475	557.4462871	3285475328.0
PanelMember-03	100	91500100.0	9C95ECC135517A5415E37C5FDFE93DB9DB891F6F7DD6C222255E74FD12FE755A	R1	-0.00019513575434357836	0.1024169921875	0	0.039763965473923475	558.7315649	3274596352.0
PanelMember-03	100	91500100.0	9C95ECC135517A5415E37C5FDFE93DB9DB891F6F7DD6C222255E74FD12FE755A	R2	-0.00021428514655310641	0.122802734375	0	0.039763965473923475	558.7315649	3274596352.0
PanelMember-03	101	91500101.0	1B43A6FC083F817905FA8A5BFD6C78209D8041A2875AC4054DDDDC8B6A416B22	R1	-0.0004583835050510056	3.0517578125e-05	1	0.039763965473923475	550.7374579	3279650816.0
PanelMember-03	101	91500101.0	1B43A6FC083F817905FA8A5BFD6C78209D8041A2875AC4054DDDDC8B6A416B22	R2	-0.0002283336107597579	0.043701171875	1	0.039763965473923475	550.7374579	3279650816.0
PanelMember-03	102	91500102.0	ED93482A2E0B44A95C80BB409B962E621E253DB232EEB017DA26AE87C9B91E2B	R1	-0.00012903363234521156	0.180419921875	0	0.039763965473923475	558.8242377	3279212544.0
PanelMember-03	102	91500102.0	ED93482A2E0B44A95C80BB409B962E621E253DB232EEB017DA26AE87C9B91E2B	R2	-0.0003440426112335414	0.017578125	1	0.039763965473923475	558.8242377	3279212544.0
PanelMember-03	103	91500103.0	19C58C858207979159E73366D01CA948C855C6BB6BABFBC5FB3EFFE77DE40B01	R1	-0.0003691744241247679	0.00067138671875	1	0.039763965473923475	559.8265662	3271901184.0
PanelMember-03	103	91500103.0	19C58C858207979159E73366D01CA948C855C6BB6BABFBC5FB3EFFE77DE40B01	R2	-0.00026651452158727053	0.018798828125	1	0.039763965473923475	559.8265662	3271901184.0
PanelMember-03	104	91500104.0	1B98ADA37B2C760AA2B2C5A4ACBF7D889CFD1AA0217CA994764076D9C3AB52CD	R1	-0.00025416061982414694	0.001251220703125	1	0.039763965473923475	558.386022	3246354432.0
PanelMember-03	104	91500104.0	1B98ADA37B2C760AA2B2C5A4ACBF7D889CFD1AA0217CA994764076D9C3AB52CD	R2	9.112597626285563e-06	0.953857421875	0	0.039763965473923475	558.386022	3246354432.0
PanelMember-03	105	91500105.0	B1095FF8138C5960F6AEFA5C03BAA781832E731F899BF656CEB0D74BA1A14AE7	R1	-2.172214713107833e-05	0.8653564453125	0	0.039763965473923475	570.5401482	3280748544.0
PanelMember-03	105	91500105.0	B1095FF8138C5960F6AEFA5C03BAA781832E731F899BF656CEB0D74BA1A14AE7	R2	-2.8187727386620764e-05	0.77978515625	0	0.039763965473923475	570.5401482	3280748544.0
PanelMember-03	106	91500106.0	50694D4889E9BC0F0A983FC459E1BDD768C95CDCF7EA850CFB5A1D10AEC35831	R1	-0.0002297107015008041	0.019866943359375	1	0.039763965473923475	575.2094401	3273879552.0
PanelMember-03	106	91500106.0	50694D4889E9BC0F0A983FC459E1BDD768C95CDCF7EA850CFB5A1D10AEC35831	R2	-0.0003242651080973287	0.032470703125	1	0.039763965473923475	575.2094401	3273879552.0
PanelMember-03	107	91500107.0	076CCD72B7B4F8DFF93D292319E3936FB867EA519CCECA36A07C061F50AE76FE	R1	-0.00026593190641597674	0.00634765625	1	0.039763965473923475	569.3513247	3282694144.0
PanelMember-03	107	91500107.0	076CCD72B7B4F8DFF93D292319E3936FB867EA519CCECA36A07C061F50AE76FE	R2	-0.00015132733001479022	0.398193359375	0	0.039763965473923475	569.3513247	3282694144.0
PanelMember-03	108	91500108.0	7B8DE1187E7AD5D4F5E997B758B72943D9E4024862B9D518001874F0B9DA7844	R1	4.6418378596651223e-05	0.667694091796875	0	0.039763965473923475	577.4399652	3271524352.0
PanelMember-03	108	91500108.0	7B8DE1187E7AD5D4F5E997B758B72943D9E4024862B9D518001874F0B9DA7844	R2	-0.0002282404477787229	0.19970703125	0	0.039763965473923475	577.4399652	3271524352.0
PanelMember-03	109	91500109.0	090892084F228AFBCC402C0D98F73E6FCFB2474D5F0F7E89B0C643F752518343	R1	-0.00014123614177237372	0.089080810546875	0	0.039763965473923475	559.0047007	3277864960.0
PanelMember-03	109	91500109.0	090892084F228AFBCC402C0D98F73E6FCFB2474D5F0F7E89B0C643F752518343	R2	-0.00013624713503687704	0.2421875	0	0.039763965473923475	559.0047007	3277864960.0
PanelMember-03	110	91500110.0	7BC837A95975C79DE7E7E1FC1F8C080A2DDFAEC183F152E98601D156AF9C90C5	R1	-0.00017972604608738	0.108306884765625	0	0.039763965473923475	554.2320855	3280052224.0
PanelMember-03	110	91500110.0	7BC837A95975C79DE7E7E1FC1F8C080A2DDFAEC183F152E98601D156AF9C90C5	R2	-0.00014487177157470013	0.164306640625	0	0.039763965473923475	554.2320855	3280052224.0
PanelMember-03	111	91500111.0	71111F0E9CABDE9555714641439E248CCA079DA582C603BC2B4D350FA8E13C8C	R1	-0.00029956416395530766	0.00604248046875	1	0.039763965473923475	558.3573398	3286302720.0
PanelMember-03	111	91500111.0	71111F0E9CABDE9555714641439E248CCA079DA582C603BC2B4D350FA8E13C8C	R2	-7.60996897550147e-05	0.46533203125	0	0.039763965473923475	558.3573398	3286302720.0
PanelMember-03	112	91500112.0	FC86C23F7BEF4AB3BC6745941F3C1E8DD675F6ED768A8549B06D1CCFC8E72F95	R1	-7.505390279469123e-05	0.524688720703125	0	0.039763965473923475	557.2783796	3264602112.0
PanelMember-03	112	91500112.0	FC86C23F7BEF4AB3BC6745941F3C1E8DD675F6ED768A8549B06D1CCFC8E72F95	R2	-5.135916632375922e-05	0.6953125	0	0.039763965473923475	557.2783796	3264602112.0
PanelMember-03	113	91500113.0	A30E25A93E5CBD8E808E4A7EE7152206CFF3C0470BA1755E081ED58BA5229788	R1	-0.00021057598695834164	0.0394287109375	1	0.039763965473923475	553.8503632	3278602240.0
PanelMember-03	113	91500113.0	A30E25A93E5CBD8E808E4A7EE7152206CFF3C0470BA1755E081ED58BA5229788	R2	-0.0001393776521585997	0.112060546875	0	0.039763965473923475	553.8503632	3278602240.0
PanelMember-03	114	91500114.0	E8F230F705162B5970DDB21858976FCEFDD6CCEC1B2521DFC3084D5293342965	R1	-0.000233693837593423	0.02783203125	1	0.039763965473923475	551.0588761	3281215488.0
PanelMember-03	114	91500114.0	E8F230F705162B5970DDB21858976FCEFDD6CCEC1B2521DFC3084D5293342965	R2	-0.0002706295714669848	0.005859375	1	0.039763965473923475	551.0588761	3281215488.0
PanelMember-03	115	91500115.0	A591B0B0877B9B133E6CF2ACA4C6A8697F3C38ECCEBF7874CD7F6A1C97A3F302	R1	-0.0003761758898519575	0.00018310546875	1	0.039763965473923475	551.3154901	3245682688.0
PanelMember-03	115	91500115.0	A591B0B0877B9B133E6CF2ACA4C6A8697F3C38ECCEBF7874CD7F6A1C97A3F302	R2	-0.00028271502173836036	0.017822265625	1	0.039763965473923475	551.3154901	3245682688.0
PanelMember-03	116	91500116.0	EF36EE6ECD8C1425BF4127E1C51E7660EBC4704C41DEA37DCF90A4D8801479A4	R1	-0.00028836315259942255	0.02099609375	1	0.039763965473923475	548.1646878	3272404992.0
PanelMember-03	116	91500116.0	EF36EE6ECD8C1425BF4127E1C51E7660EBC4704C41DEA37DCF90A4D8801479A4	R2	-0.000289976637963351	0.003662109375	1	0.039763965473923475	548.1646878	3272404992.0
PanelMember-03	117	91500117.0	0B4A7ACD84D29EDA69D29F4898B5503A026DEC419FA965E9BA2CDB92F54651F4	R1	-0.00025233081538129974	0.015472412109375	1	0.039763965473923475	524.8061145	3285020672.0
PanelMember-03	117	91500117.0	0B4A7ACD84D29EDA69D29F4898B5503A026DEC419FA965E9BA2CDB92F54651F4	R2	-0.0002795914945626331	0.03857421875	1	0.039763965473923475	524.8061145	3285020672.0
PanelMember-03	118	91500118.0	ADF2FA5FD1110E89005E214DA6627863FED533C14323AC09B4A466FDB8E1AECC	R1	-0.00022642893520294686	0.034454345703125	1	0.039763965473923475	520.1287782	3274297344.0
PanelMember-03	118	91500118.0	ADF2FA5FD1110E89005E214DA6627863FED533C14323AC09B4A466FDB8E1AECC	R2	-0.00017389794063139014	0.146728515625	0	0.039763965473923475	520.1287782	3274297344.0
PanelMember-03	119	91500119.0	96707D7E0CDD85DD0D3CABB5D7266DCA90401165F2D1E81377E6FE6A1E9CA4C6	R1	-0.00012540758935566766	0.327239990234375	0	0.039763965473923475	513.8391152	3282309120.0
PanelMember-03	119	91500119.0	96707D7E0CDD85DD0D3CABB5D7266DCA90401165F2D1E81377E6FE6A1E9CA4C6	R2	-0.00022540981036337537	0.03857421875	1	0.039763965473923475	513.8391152	3282309120.0
PanelMember-03	120	91500120.0	8FABFF16F3293003DFBE2FDDA6E1BFF6F51E0FA657965D1A2285C08FAE7DBC28	R1	-0.00020422241669697477	0.0455322265625	1	0.039763965473923475	501.9050383	3273965568.0
PanelMember-03	120	91500120.0	8FABFF16F3293003DFBE2FDDA6E1BFF6F51E0FA657965D1A2285C08FAE7DBC28	R2	-5.4449400210063684e-05	0.6943359375	0	0.039763965473923475	501.9050383	3273965568.0
PanelMember-04	1	91500001.0	410E1AA12877D7F6669A8B0FFBD1AC93BC23C09A680D7590BC046288E1E2D8F6	R1	-0.0026543467078969825	3.0517578125e-05	1	0.00880641430256223	423.7564256	3279785984.0
PanelMember-04	1	91500001.0	410E1AA12877D7F6669A8B0FFBD1AC93BC23C09A680D7590BC046288E1E2D8F6	R2	-0.002911644877968354	0.000244140625	1	0.00880641430256223	423.7564256	3279785984.0
PanelMember-04	2	91500002.0	826853C8D9231D76F6B49ADF42A671DC0E113D0F924919473BE14D48E240C073	R1	-0.0030809433202651946	3.0517578125e-05	1	0.00880641430256223	423.1881062	3249192960.0
PanelMember-04	2	91500002.0	826853C8D9231D76F6B49ADF42A671DC0E113D0F924919473BE14D48E240C073	R2	-0.0031337134416500423	0.000244140625	1	0.00880641430256223	423.1881062	3249192960.0
PanelMember-04	3	91500003.0	54B8700776A402E749285E3272C04E20015BD03EEE46E046DC640B2F0DD42D56	R1	-0.002718287152393165	3.0517578125e-05	1	0.00880641430256223	422.3603579	3274407936.0
PanelMember-04	3	91500003.0	54B8700776A402E749285E3272C04E20015BD03EEE46E046DC640B2F0DD42D56	R2	-0.0024459102191471543	0.000244140625	1	0.00880641430256223	422.3603579	3274407936.0
PanelMember-04	4	91500004.0	D3A744BA6C634ECB8237338B000107FE645D2C67A6BA4CA8D15963ADB13C7B2B	R1	-0.002934775026001431	3.0517578125e-05	1	0.00880641430256223	430.6417196	3282296832.0
PanelMember-04	4	91500004.0	D3A744BA6C634ECB8237338B000107FE645D2C67A6BA4CA8D15963ADB13C7B2B	R2	-0.0026885557810085283	0.000244140625	1	0.00880641430256223	430.6417196	3282296832.0
PanelMember-04	5	91500005.0	DA3E2EB1D23602F44E827E58C5E215F0E07C0E4CAFD593FF4084A3921A89629E	R1	-0.0027754228526584274	3.0517578125e-05	1	0.00880641430256223	429.5202487	3283763200.0
PanelMember-04	5	91500005.0	DA3E2EB1D23602F44E827E58C5E215F0E07C0E4CAFD593FF4084A3921A89629E	R2	-0.0027866131524961588	0.000244140625	1	0.00880641430256223	429.5202487	3283763200.0
PanelMember-04	6	91500006.0	FB51F50B4038C699FE86E97FB732FF1DB542395C84FADC5172B5D277B6731F15	R1	-0.002697161214114949	3.0517578125e-05	1	0.00880641430256223	416.187843	3274256384.0
PanelMember-04	6	91500006.0	FB51F50B4038C699FE86E97FB732FF1DB542395C84FADC5172B5D277B6731F15	R2	-0.0026983181065808677	0.000244140625	1	0.00880641430256223	416.187843	3274256384.0
PanelMember-04	7	91500007.0	D6EEF11BED61930FA251607AD809F8A3FAB6D9684C5D544E9F859C4DF4524157	R1	-0.0029184154097506776	3.0517578125e-05	1	0.00880641430256223	417.7294098	3283775488.0
PanelMember-04	7	91500007.0	D6EEF11BED61930FA251607AD809F8A3FAB6D9684C5D544E9F859C4DF4524157	R2	-0.002452993876133345	0.000244140625	1	0.00880641430256223	417.7294098	3283775488.0
PanelMember-04	8	91500008.0	A3C9ECC5208952DF25EA7FECAE5C340224B4E2C87669AF1978064BEF5377D10D	R1	-0.0028755968210636097	3.0517578125e-05	1	0.00880641430256223	418.7814205	3263537152.0
PanelMember-04	8	91500008.0	A3C9ECC5208952DF25EA7FECAE5C340224B4E2C87669AF1978064BEF5377D10D	R2	-0.0029533540466169	0.000244140625	1	0.00880641430256223	418.7814205	3263537152.0
PanelMember-04	9	91500009.0	E2B9CBF2A7E5F2FEF4692E7BACC0B48E007C1192F9329672F33B07E2EB24D332	R1	-0.002531549885184392	3.0517578125e-05	1	0.00880641430256223	421.5383838	3278209024.0
PanelMember-04	9	91500009.0	E2B9CBF2A7E5F2FEF4692E7BACC0B48E007C1192F9329672F33B07E2EB24D332	R2	-0.0027863773856260337	0.000244140625	1	0.00880641430256223	421.5383838	3278209024.0
PanelMember-04	10	91500010.0	D42F0982EED9268A8608A18590151F0284926ED7DCFE310AC49F697B08436579	R1	-0.0026034914140190377	3.0517578125e-05	1	0.00880641430256223	420.9885961	3277631488.0
PanelMember-04	10	91500010.0	D42F0982EED9268A8608A18590151F0284926ED7DCFE310AC49F697B08436579	R2	-0.002714525725913906	0.000244140625	1	0.00880641430256223	420.9885961	3277631488.0
PanelMember-04	11	91500011.0	B90888613C13959B63E58301B65A295DC98E3DE1277B90710F27B1883362C6A0	R1	-0.0026737720351427655	3.0517578125e-05	1	0.00880641430256223	423.5028764	3272364032.0
PanelMember-04	11	91500011.0	B90888613C13959B63E58301B65A295DC98E3DE1277B90710F27B1883362C6A0	R2	-0.003158892859398878	0.000244140625	1	0.00880641430256223	423.5028764	3272364032.0
PanelMember-04	12	91500012.0	D848DC6A072E156535A70CC3729BCD774588DCB9DA90AE78ACF7249383FD1442	R1	-0.0028623683947751957	3.0517578125e-05	1	0.00880641430256223	424.8367657	3280261120.0
PanelMember-04	12	91500012.0	D848DC6A072E156535A70CC3729BCD774588DCB9DA90AE78ACF7249383FD1442	R2	-0.002973930495093033	0.000244140625	1	0.00880641430256223	424.8367657	3280261120.0
PanelMember-04	13	91500013.0	F854A1B6D3DE580CA8D51E39985E3A08929E8546523B201099ABE8124A21C96F	R1	-0.002719300065508352	3.0517578125e-05	1	0.00880641430256223	471.6484957	3256238080.0
PanelMember-04	13	91500013.0	F854A1B6D3DE580CA8D51E39985E3A08929E8546523B201099ABE8124A21C96F	R2	-0.002825347493583454	0.000244140625	1	0.00880641430256223	471.6484957	3256238080.0
PanelMember-04	14	91500014.0	DB7C6A6F2477F11448189726BE38545FF71DA6AE8D3FEB04CF94C0B691E32332	R1	-0.002732663410917982	3.0517578125e-05	1	0.00880641430256223	429.4378049	3251941376.0
PanelMember-04	14	91500014.0	DB7C6A6F2477F11448189726BE38545FF71DA6AE8D3FEB04CF94C0B691E32332	R2	-0.0028663893300872193	0.000244140625	1	0.00880641430256223	429.4378049	3251941376.0
PanelMember-04	15	91500015.0	5ED38D02B8738DA583540AE3B4DBED4D412F4DBCEC5F8499A4C1A632B6948392	R1	-0.002676723990943129	3.0517578125e-05	1	0.00880641430256223	404.3028837	3251048448.0
PanelMember-04	15	91500015.0	5ED38D02B8738DA583540AE3B4DBED4D412F4DBCEC5F8499A4C1A632B6948392	R2	-0.0027943420310116685	0.000244140625	1	0.00880641430256223	404.3028837	3251048448.0
PanelMember-04	16	91500016.0	E47DCFEC4E50431B59B9981C1B6AEA253EB47B0D5151D66D505B328F8BB8215F	R1	-0.002814718283541775	3.0517578125e-05	1	0.00880641430256223	405.2096408	3247968256.0
PanelMember-04	16	91500016.0	E47DCFEC4E50431B59B9981C1B6AEA253EB47B0D5151D66D505B328F8BB8215F	R2	-0.002609117218976394	0.000244140625	1	0.00880641430256223	405.2096408	3247968256.0
PanelMember-04	17	91500017.0	99CA4FB5DEAD4BD77B9AD9C3B22F709CE4F3F3A62CAB93A5645F9A0CEA17A496	R1	-0.0027310670374066015	3.0517578125e-05	1	0.00880641430256223	416.7252716	3247394816.0
PanelMember-04	17	91500017.0	99CA4FB5DEAD4BD77B9AD9C3B22F709CE4F3F3A62CAB93A5645F9A0CEA17A496	R2	-0.002646221544222402	0.000244140625	1	0.00880641430256223	416.7252716	3247394816.0
PanelMember-04	18	91500018.0	AE80D627C78A1AD83B3B5B18DA2CE3DD5BC4F0032A43BC46FFF8C6C091A72B86	R1	-0.002764999163118808	3.0517578125e-05	1	0.00880641430256223	471.9499207	3283320832.0
PanelMember-04	18	91500018.0	AE80D627C78A1AD83B3B5B18DA2CE3DD5BC4F0032A43BC46FFF8C6C091A72B86	R2	-0.0026913449764313967	0.000244140625	1	0.00880641430256223	471.9499207	3283320832.0
PanelMember-04	19	91500019.0	4F1AA78A10E71B89082448AEA3119A8D2A041E65DD6F57DEA959FD21AAF9AF8F	R1	-0.0027126551811860523	3.0517578125e-05	1	0.00880641430256223	432.0132698	3283017728.0
PanelMember-04	19	91500019.0	4F1AA78A10E71B89082448AEA3119A8D2A041E65DD6F57DEA959FD21AAF9AF8F	R2	-0.0028677745697956196	0.000244140625	1	0.00880641430256223	432.0132698	3283017728.0
PanelMember-04	20	91500020.0	5C465500A89C903E840C2074A45DCB1BDEFCDE78944F8789FFA8778DA8734D46	R1	-0.002670146959776972	3.0517578125e-05	1	0.00880641430256223	406.423414	3281846272.0
PanelMember-04	20	91500020.0	5C465500A89C903E840C2074A45DCB1BDEFCDE78944F8789FFA8778DA8734D46	R2	-0.0026484163934361333	0.000244140625	1	0.00880641430256223	406.423414	3281846272.0
PanelMember-04	21	91500021.0	DFD7E30B7CBD78C03D27DD5FAB7CC6A8478DD15C5C7F56225743B6598A50E658	R1	-0.0029376874849118065	3.0517578125e-05	1	0.00880641430256223	403.9787542	3281383424.0
PanelMember-04	21	91500021.0	DFD7E30B7CBD78C03D27DD5FAB7CC6A8478DD15C5C7F56225743B6598A50E658	R2	-0.0031161742621604307	0.000244140625	1	0.00880641430256223	403.9787542	3281383424.0
PanelMember-04	22	91500022.0	EFF3F5BBE97181FE3436C78484FE392D473A99BB9855E9243C98D589B64243AF	R1	-0.0024677286253730842	3.0517578125e-05	1	0.00880641430256223	417.9366665	3279966208.0
PanelMember-04	22	91500022.0	EFF3F5BBE97181FE3436C78484FE392D473A99BB9855E9243C98D589B64243AF	R2	-0.0028861274719433365	0.000244140625	1	0.00880641430256223	417.9366665	3279966208.0
PanelMember-04	23	91500023.0	28B73E26221EF3E065FB5862370926FEBB5BEB36BFEE4D5018C5135CB8250C07	R1	-0.0029953837234751933	3.0517578125e-05	1	0.00880641430256223	474.384226	3281043456.0
PanelMember-04	23	91500023.0	28B73E26221EF3E065FB5862370926FEBB5BEB36BFEE4D5018C5135CB8250C07	R2	-0.0026077548829465257	0.000244140625	1	0.00880641430256223	474.384226	3281043456.0
PanelMember-04	24	91500024.0	1B72D37EB529D298D0085B2E39E4E6E7021EA755AEC77B122502AF096EBEA020	R1	-0.0031734826538348084	3.0517578125e-05	1	0.00880641430256223	426.041373	3278966784.0
PanelMember-04	24	91500024.0	1B72D37EB529D298D0085B2E39E4E6E7021EA755AEC77B122502AF096EBEA020	R2	-0.0024229997479551187	0.000244140625	1	0.00880641430256223	426.041373	3278966784.0
PanelMember-04	25	91500025.0	B75F53D831174CE722FB53546C30847A0F9A3A52873B8E51A488AADF6D345536	R1	-0.0026659354700914284	3.0517578125e-05	1	0.00880641430256223	402.0121159	3279339520.0
PanelMember-04	25	91500025.0	B75F53D831174CE722FB53546C30847A0F9A3A52873B8E51A488AADF6D345536	R2	-0.0030506347597019983	0.000244140625	1	0.00880641430256223	402.0121159	3279339520.0
PanelMember-04	26	91500026.0	AFDFC6E60BC1D94B60811111563EFD756D19F787401EC74CC0D3B0C9A3623E20	R1	-0.002980494653408022	3.0517578125e-05	1	0.00880641430256223	401.9040459	3278364672.0
PanelMember-04	26	91500026.0	AFDFC6E60BC1D94B60811111563EFD756D19F787401EC74CC0D3B0C9A3623E20	R2	-0.0027520938103905855	0.000244140625	1	0.00880641430256223	401.9040459	3278364672.0
PanelMember-04	27	91500027.0	93B2CC0C0132A01928D8EE13694AF974D753B914515D00F3950891D221738342	R1	-0.0028902591168254973	3.0517578125e-05	1	0.00880641430256223	413.6373999	3276075008.0
PanelMember-04	27	91500027.0	93B2CC0C0132A01928D8EE13694AF974D753B914515D00F3950891D221738342	R2	-0.0030147769954046314	0.000244140625	1	0.00880641430256223	413.6373999	3276075008.0
PanelMember-04	28	91500028.0	2BC8377F8AD6163E94D33C77188575C3A4753688DFA68960776FB8093B2B6250	R1	-0.0027334963424691093	3.0517578125e-05	1	0.00880641430256223	467.2434042	3291979776.0
PanelMember-04	28	91500028.0	2BC8377F8AD6163E94D33C77188575C3A4753688DFA68960776FB8093B2B6250	R2	-0.0025636604538100015	0.000244140625	1	0.00880641430256223	467.2434042	3291979776.0
PanelMember-04	29	91500029.0	B8DFBD32BA7780FB209A241048267428F2F09009C5E57911C63550BA9F80F4E6	R1	-0.00309920350976083	3.0517578125e-05	1	0.00880641430256223	444.4436675	3287105536.0
PanelMember-04	29	91500029.0	B8DFBD32BA7780FB209A241048267428F2F09009C5E57911C63550BA9F80F4E6	R2	-0.0028933010837370893	0.000244140625	1	0.00880641430256223	444.4436675	3287105536.0
PanelMember-04	30	91500030.0	5B8CBF17E518BFB0E8F4225CF0CBE2AAAFDB24991F4CC788B0D4D2B88D9CECC3	R1	-0.0030045584837377006	3.0517578125e-05	1	0.00880641430256223	411.0240439	3286642688.0
PanelMember-04	30	91500030.0	5B8CBF17E518BFB0E8F4225CF0CBE2AAAFDB24991F4CC788B0D4D2B88D9CECC3	R2	-0.002493848177296458	0.000244140625	1	0.00880641430256223	411.0240439	3286642688.0
PanelMember-04	31	91500031.0	1CED3B228E3818028076195C70809D07BFE795BC89F9B4785448C49E011768D4	R1	-0.003136804151181838	3.0517578125e-05	1	0.00880641430256223	411.8193191	3283558400.0
PanelMember-04	31	91500031.0	1CED3B228E3818028076195C70809D07BFE795BC89F9B4785448C49E011768D4	R2	-0.0029101642474625034	0.000244140625	1	0.00880641430256223	411.8193191	3283558400.0
PanelMember-04	32	91500032.0	EEFE67E7849005C7019C8CBD8CC9FA1C2A7B47B9E1B6507CD814F8CB0CE6085C	R1	-0.0027215665443096975	3.0517578125e-05	1	0.00880641430256223	421.2586746	3283800064.0
PanelMember-04	32	91500032.0	EEFE67E7849005C7019C8CBD8CC9FA1C2A7B47B9E1B6507CD814F8CB0CE6085C	R2	-0.002940297123419237	0.000244140625	1	0.00880641430256223	421.2586746	3283800064.0
PanelMember-04	33	91500033.0	CDD02F639134CC2330817B889B4809A7F8932BB0180E02F1A5465C6816F13847	R1	-0.002960873702629379	3.0517578125e-05	1	0.00880641430256223	468.4718308	3286487040.0
PanelMember-04	33	91500033.0	CDD02F639134CC2330817B889B4809A7F8932BB0180E02F1A5465C6816F13847	R2	-0.00280181691001516	0.000244140625	1	0.00880641430256223	468.4718308	3286487040.0
PanelMember-04	34	91500034.0	A6501D30AA1C06FC623025F5A9F06BAF7098A369DDDAC88665EDE1F870F5F4A3	R1	-0.0030105026367460903	3.0517578125e-05	1	0.00880641430256223	439.8963927	3285331968.0
PanelMember-04	34	91500034.0	A6501D30AA1C06FC623025F5A9F06BAF7098A369DDDAC88665EDE1F870F5F4A3	R2	-0.0028859575445374513	0.000244140625	1	0.00880641430256223	439.8963927	3285331968.0
PanelMember-04	35	91500035.0	48435E09A97F8126399DE87C7A01C0BE1727A73D26C7D34086CBC3068D6A605C	R1	-0.0029652021656303095	3.0517578125e-05	1	0.00880641430256223	410.539795	3284312064.0
PanelMember-04	35	91500035.0	48435E09A97F8126399DE87C7A01C0BE1727A73D26C7D34086CBC3068D6A605C	R2	-0.0026374822292210163	0.000244140625	1	0.00880641430256223	410.539795	3284312064.0
PanelMember-04	36	91500036.0	41A30C1B67A58CF90C8CFF4D420262A6DE6C3A4F6EF11473AE24CC75E012CAD3	R1	-0.0027271723184017645	3.0517578125e-05	1	0.00880641430256223	407.1024367	3283808256.0
PanelMember-04	36	91500036.0	41A30C1B67A58CF90C8CFF4D420262A6DE6C3A4F6EF11473AE24CC75E012CAD3	R2	-0.0029338383354065092	0.000244140625	1	0.00880641430256223	407.1024367	3283808256.0
PanelMember-04	37	91500037.0	9FC7BF8FBC33C8E4198CA121D72C5C6ED1ADB4A0E39F7F21F9854E2ABB6D13BC	R1	-0.0026305115282956736	3.0517578125e-05	1	0.00880641430256223	423.3562586	3283775488.0
PanelMember-04	37	91500037.0	9FC7BF8FBC33C8E4198CA121D72C5C6ED1ADB4A0E39F7F21F9854E2ABB6D13BC	R2	-0.00253917665055979	0.000244140625	1	0.00880641430256223	423.3562586	3283775488.0
PanelMember-04	38	91500038.0	239A4115F49F86C69614E3E50CB934B2ED75C74894584DF67B7BCA4548FDD5DE	R1	-0.002686989988181915	3.0517578125e-05	1	0.00880641430256223	475.873722	3278725120.0
PanelMember-04	38	91500038.0	239A4115F49F86C69614E3E50CB934B2ED75C74894584DF67B7BCA4548FDD5DE	R2	-0.0027051727222190585	0.000244140625	1	0.00880641430256223	475.873722	3278725120.0
PanelMember-04	39	91500039.0	B4A9BE58CFE8CD1F9636EC6ADB4EB0445822770E4C769E0038AE1BD0EE0097B8	R1	-0.0027150285409957143	3.0517578125e-05	1	0.00880641430256223	420.3995178	3277385728.0
PanelMember-04	39	91500039.0	B4A9BE58CFE8CD1F9636EC6ADB4EB0445822770E4C769E0038AE1BD0EE0097B8	R2	-0.0027050686834355514	0.000244140625	1	0.00880641430256223	420.3995178	3277385728.0
PanelMember-04	40	91500040.0	69FB7F9065334CCBF728C1ED38AA6AAE8C801242A5C93668B74ACA65CD179E2F	R1	-0.003073901313068108	3.0517578125e-05	1	0.00880641430256223	401.7870116	3276529664.0
PanelMember-04	40	91500040.0	69FB7F9065334CCBF728C1ED38AA6AAE8C801242A5C93668B74ACA65CD179E2F	R2	-0.0025306095611899427	0.000244140625	1	0.00880641430256223	401.7870116	3276529664.0
PanelMember-04	41	91500041.0	5ED0E09686C4907EC1879D7A6AC6F4842745E827624D618E40135AAEA37AA743	R1	-0.0029043167699027584	3.0517578125e-05	1	0.00880641430256223	398.0839659	3276636160.0
PanelMember-04	41	91500041.0	5ED0E09686C4907EC1879D7A6AC6F4842745E827624D618E40135AAEA37AA743	R2	-0.002650770242075911	0.000244140625	1	0.00880641430256223	398.0839659	3276636160.0
PanelMember-04	42	91500042.0	65DBFCAA898924F66E4758D52D26D60090DBEC14D58A4E99859B76105A3C2CEF	R1	-0.0026287768086623096	3.0517578125e-05	1	0.00880641430256223	412.3466991	3276271616.0
PanelMember-04	42	91500042.0	65DBFCAA898924F66E4758D52D26D60090DBEC14D58A4E99859B76105A3C2CEF	R2	-0.002635566531136233	0.000244140625	1	0.00880641430256223	412.3466991	3276271616.0
PanelMember-04	43	91500043.0	A6D7B3EA4566866C41C3BEC71589AB10A40BBBA5ED64CA3BA3DBF302C89476B6	R1	-0.002847918328310047	3.0517578125e-05	1	0.00880641430256223	474.6712811	3269640192.0
PanelMember-04	43	91500043.0	A6D7B3EA4566866C41C3BEC71589AB10A40BBBA5ED64CA3BA3DBF302C89476B6	R2	-0.0028643160262879492	0.000244140625	1	0.00880641430256223	474.6712811	3269640192.0
PanelMember-04	44	91500044.0	D4F14EDD07572232798DE0A1692309309C6E6FA5BC054684ED53068CBD0C0F48	R1	-0.002424060477420699	3.0517578125e-05	1	0.00880641430256223	417.9623946	3265576960.0
PanelMember-04	44	91500044.0	D4F14EDD07572232798DE0A1692309309C6E6FA5BC054684ED53068CBD0C0F48	R2	-0.0029754555736007104	0.000244140625	1	0.00880641430256223	417.9623946	3265576960.0
PanelMember-04	45	91500045.0	20FB09D910D05619776BD6C521942B7CD2EBAC6C97C6FB50DA3C5711CD8A384F	R1	-0.0027132285908230687	3.0517578125e-05	1	0.00880641430256223	400.5670659	3266043904.0
PanelMember-04	45	91500045.0	20FB09D910D05619776BD6C521942B7CD2EBAC6C97C6FB50DA3C5711CD8A384F	R2	-0.0031104144486509906	0.000244140625	1	0.00880641430256223	400.5670659	3266043904.0
PanelMember-04	46	91500046.0	06DB649EA69405BDA63576BC3D8A651BE5E62CC492BB65653D8FD00988CC062A	R1	-0.002808765821959263	3.0517578125e-05	1	0.00880641430256223	398.7358694	3264110592.0
PanelMember-04	46	91500046.0	06DB649EA69405BDA63576BC3D8A651BE5E62CC492BB65653D8FD00988CC062A	R2	-0.0027552401456662065	0.000244140625	1	0.00880641430256223	398.7358694	3264110592.0
PanelMember-04	47	91500047.0	FFE7678931481840DDFD2E6532358785FE77229BD76BE17C97FEC59DD8ED6FEE	R1	-0.0025635439197041554	3.0517578125e-05	1	0.00880641430256223	411.5652734	3268546560.0
PanelMember-04	47	91500047.0	FFE7678931481840DDFD2E6532358785FE77229BD76BE17C97FEC59DD8ED6FEE	R2	-0.002900118084922685	0.000244140625	1	0.00880641430256223	411.5652734	3268546560.0
PanelMember-04	48	91500048.0	F0817D72FE052C9E9B3ECC67470E578240BABFB70015B36775CB657BC716AB64	R1	-0.002716047046078632	3.0517578125e-05	1	0.00880641430256223	472.9525402	3283091456.0
PanelMember-04	48	91500048.0	F0817D72FE052C9E9B3ECC67470E578240BABFB70015B36775CB657BC716AB64	R2	-0.00303030729595985	0.000244140625	1	0.00880641430256223	472.9525402	3283091456.0
PanelMember-04	49	91500049.0	C9584AA3A56380F81D970D2AB1BF4578D4FC597A00F4DFE9941E351390398893	R1	-0.002848232707075362	3.0517578125e-05	1	0.00880641430256223	431.5478047	3284484096.0
PanelMember-04	49	91500049.0	C9584AA3A56380F81D970D2AB1BF4578D4FC597A00F4DFE9941E351390398893	R2	-0.0027164293447176817	0.000244140625	1	0.00880641430256223	431.5478047	3284484096.0
PanelMember-04	50	91500050.0	21C653C91599607764AC8EC49AED70F3B5ED83F49AD1B4BCC83EE02345B86E92	R1	-0.0026059879942548127	3.0517578125e-05	1	0.00880641430256223	409.1649735	3284512768.0
PanelMember-04	50	91500050.0	21C653C91599607764AC8EC49AED70F3B5ED83F49AD1B4BCC83EE02345B86E92	R2	-0.002750864014600104	0.000244140625	1	0.00880641430256223	409.1649735	3284512768.0
PanelMember-04	51	91500051.0	6966353A3965CBF3244E5EFA8C2514FA93C1339938C57519519CFBF31EE5E2F8	R1	-0.00277117296558593	3.0517578125e-05	1	0.00880641430256223	402.9502318	3281821696.0
PanelMember-04	51	91500051.0	6966353A3965CBF3244E5EFA8C2514FA93C1339938C57519519CFBF31EE5E2F8	R2	-0.00285427667648408	0.000244140625	1	0.00880641430256223	402.9502318	3281821696.0
PanelMember-04	52	91500052.0	0BDC35AE7E75D19A477753C5CC3785485CE678EB3030A5041CD155169D7D5690	R1	-0.0025653807310602283	3.0517578125e-05	1	0.00880641430256223	417.0032995	3278659584.0
PanelMember-04	52	91500052.0	0BDC35AE7E75D19A477753C5CC3785485CE678EB3030A5041CD155169D7D5690	R2	-0.002891251302912929	0.000244140625	1	0.00880641430256223	417.0032995	3278659584.0
PanelMember-04	53	91500053.0	8D456D6D16C38975218E5409E2AA842F980A6E083B97E6C1B4E02C0C71EFF7CA	R1	-0.0025956697997543293	3.0517578125e-05	1	0.00880641430256223	471.1828664	3289948160.0
PanelMember-04	53	91500053.0	8D456D6D16C38975218E5409E2AA842F980A6E083B97E6C1B4E02C0C71EFF7CA	R2	-0.002715960621813405	0.000244140625	1	0.00880641430256223	471.1828664	3289948160.0
PanelMember-04	54	91500054.0	BE9A5239F2ADA7749367C27FBB3C1AF66ADD706307BB79F3350292BE22FC954D	R1	-0.002622800249480163	3.0517578125e-05	1	0.00880641430256223	421.7546888	3290775552.0
PanelMember-04	54	91500054.0	BE9A5239F2ADA7749367C27FBB3C1AF66ADD706307BB79F3350292BE22FC954D	R2	-0.0028842247801823175	0.000244140625	1	0.00880641430256223	421.7546888	3290775552.0
PanelMember-04	55	91500055.0	7896A27A21F1152D76BF3A35AF8E8D917C9ABB1799E44997B1ACE23EA511324D	R1	-0.0029822106786415266	3.0517578125e-05	1	0.00880641430256223	400.9000585	3289010176.0
PanelMember-04	55	91500055.0	7896A27A21F1152D76BF3A35AF8E8D917C9ABB1799E44997B1ACE23EA511324D	R2	-0.002485272742022514	0.000244140625	1	0.00880641430256223	400.9000585	3289010176.0
PanelMember-04	56	91500056.0	8851E3DC468B5023745AE95D3114088065BB59CEEF479F9B905A7FC08FF34768	R1	-0.002682153010601615	3.0517578125e-05	1	0.00880641430256223	401.0194503	3287019520.0
PanelMember-04	56	91500056.0	8851E3DC468B5023745AE95D3114088065BB59CEEF479F9B905A7FC08FF34768	R2	-0.002740563709559204	0.000244140625	1	0.00880641430256223	401.0194503	3287019520.0
PanelMember-04	57	91500057.0	55BD64B04C2D2270D9E5EB3AAD8812F9E8C9912906CA4D12EE3D06398728B63F	R1	-0.0029761629197805383	3.0517578125e-05	1	0.00880641430256223	409.0769485	3283869696.0
PanelMember-04	57	91500057.0	55BD64B04C2D2270D9E5EB3AAD8812F9E8C9912906CA4D12EE3D06398728B63F	R2	-0.0026399530301669896	0.000244140625	1	0.00880641430256223	409.0769485	3283869696.0
PanelMember-04	58	91500058.0	C491865B502297226A651444069FFE286298CC55707630C4B49DAB63114B20B1	R1	-0.0028222437343672366	3.0517578125e-05	1	0.00880641430256223	472.8272993	3283169280.0
PanelMember-04	58	91500058.0	C491865B502297226A651444069FFE286298CC55707630C4B49DAB63114B20B1	R2	-0.0028882620963503057	0.000244140625	1	0.00880641430256223	472.8272993	3283169280.0
PanelMember-04	59	91500059.0	63630CFF4F06A2A73204AB070412DBCC26C387A17EE630D066037C9759F45263	R1	-0.0027038256804540043	3.0517578125e-05	1	0.00880641430256223	424.5467937	3282911232.0
PanelMember-04	59	91500059.0	63630CFF4F06A2A73204AB070412DBCC26C387A17EE630D066037C9759F45263	R2	-0.0030098176110757466	0.000244140625	1	0.00880641430256223	424.5467937	3282911232.0
PanelMember-04	60	91500060.0	5C1C7BE23E299D3787FCCD4836DBBD5C2AA17FFC76457E13C86C77BA7A549349	R1	-0.0026303383951851566	3.0517578125e-05	1	0.00880641430256223	405.8083653	3280535552.0
PanelMember-04	60	91500060.0	5C1C7BE23E299D3787FCCD4836DBBD5C2AA17FFC76457E13C86C77BA7A549349	R2	-0.0028482753512186565	0.000244140625	1	0.00880641430256223	405.8083653	3280535552.0
PanelMember-04	61	91500061.0	DD8DE06759401B0343A75F91B7B8D95CC2A4AA0F11C9AE1BC1A6DB2B25980225	R1	-0.002737853270783761	3.0517578125e-05	1	0.00880641430256223	401.728113	3280277504.0
PanelMember-04	61	91500061.0	DD8DE06759401B0343A75F91B7B8D95CC2A4AA0F11C9AE1BC1A6DB2B25980225	R2	-0.0025955500291918654	0.000244140625	1	0.00880641430256223	401.728113	3280277504.0
PanelMember-04	62	91500062.0	EAFB2417D3EB0AE55FF983BA5C712CE6C330861E0748956DA2CFDF1F6EAC338C	R1	-0.0025862138600737414	3.0517578125e-05	1	0.00880641430256223	411.3892263	3279781888.0
PanelMember-04	62	91500062.0	EAFB2417D3EB0AE55FF983BA5C712CE6C330861E0748956DA2CFDF1F6EAC338C	R2	-0.0025210526468389073	0.000244140625	1	0.00880641430256223	411.3892263	3279781888.0
PanelMember-04	63	91500063.0	473FC633C665FBD273546385645545B8E1905FF08F711DAEEEBC07F8CBB572C6	R1	-0.0027211061579163493	3.0517578125e-05	1	0.00880641430256223	469.4032421	3280855040.0
PanelMember-04	63	91500063.0	473FC633C665FBD273546385645545B8E1905FF08F711DAEEEBC07F8CBB572C6	R2	-0.002767855177033443	0.000244140625	1	0.00880641430256223	469.4032421	3280855040.0
PanelMember-04	64	91500064.0	66CEF121677371E06B42DA1E9884C1F6FA16D0D871A8FD77D189BD59F495E028	R1	-0.0027953967658682333	3.0517578125e-05	1	0.00880641430256223	433.9668979	3279904768.0
PanelMember-04	64	91500064.0	66CEF121677371E06B42DA1E9884C1F6FA16D0D871A8FD77D189BD59F495E028	R2	-0.002901398692657084	0.000244140625	1	0.00880641430256223	433.9668979	3279904768.0
PanelMember-04	65	91500065.0	37E60DEA35A14DECD82DBC1788095C457311B869F7DD6B28206DD6E105D4A296	R1	-0.002593589672165289	3.0517578125e-05	1	0.00880641430256223	411.0557381	3275456512.0
PanelMember-04	65	91500065.0	37E60DEA35A14DECD82DBC1788095C457311B869F7DD6B28206DD6E105D4A296	R2	-0.002991764785711723	0.000244140625	1	0.00880641430256223	411.0557381	3275456512.0
PanelMember-04	66	91500066.0	33F5153FE1DCBD8C366187C94FE6653FEAD9C5DB9376E2C0D53D8DFB3502C30A	R1	-0.002810575990189142	3.0517578125e-05	1	0.00880641430256223	408.8180326	3276120064.0
PanelMember-04	66	91500066.0	33F5153FE1DCBD8C366187C94FE6653FEAD9C5DB9376E2C0D53D8DFB3502C30A	R2	-0.002909966120621816	0.000244140625	1	0.00880641430256223	408.8180326	3276120064.0
PanelMember-04	67	91500067.0	AA93B5DB99409269188FFBEE2E24B8FAE89C6CC2642BBA54BC4BC759FBA595FD	R1	-0.0026407454200964636	3.0517578125e-05	1	0.00880641430256223	419.9482011	3275169792.0
PanelMember-04	67	91500067.0	AA93B5DB99409269188FFBEE2E24B8FAE89C6CC2642BBA54BC4BC759FBA595FD	R2	-0.002678102648230919	0.000244140625	1	0.00880641430256223	419.9482011	3275169792.0
PanelMember-04	68	91500068.0	D24B17056C4B4F193869B744CDCC75C3313B03DFD41BF8035101A7B080B40522	R1	-0.002837260884741333	3.0517578125e-05	1	0.00880641430256223	468.1263452	3285819392.0
PanelMember-04	68	91500068.0	D24B17056C4B4F193869B744CDCC75C3313B03DFD41BF8035101A7B080B40522	R2	-0.0026462393751179977	0.000244140625	1	0.00880641430256223	468.1263452	3285819392.0
PanelMember-04	69	91500069.0	F66461F204EE552F85CBEC66A6BD26EEDC9B611F539CE0C3BD9DA370045DD9B7	R1	-0.0025124515082536342	3.0517578125e-05	1	0.00880641430256223	429.9025813	3282591744.0
PanelMember-04	69	91500069.0	F66461F204EE552F85CBEC66A6BD26EEDC9B611F539CE0C3BD9DA370045DD9B7	R2	-0.0029311471433729475	0.000244140625	1	0.00880641430256223	429.9025813	3282591744.0
PanelMember-04	70	91500070.0	2384382A73D5E1BC0B47A06EBD7C0A154A13349EA040437EA03BDFAE0DBA2F12	R1	-0.00268926661428241	3.0517578125e-05	1	0.00880641430256223	408.1274078	3282767872.0
PanelMember-04	70	91500070.0	2384382A73D5E1BC0B47A06EBD7C0A154A13349EA040437EA03BDFAE0DBA2F12	R2	-0.002730979110780356	0.000244140625	1	0.00880641430256223	408.1274078	3282767872.0
PanelMember-04	71	91500071.0	286724423A4E7D2492CA95DBE9A3D7AFCB6D10333DA2D7DD550876D1C5EE1917	R1	-0.0029362280670980237	3.0517578125e-05	1	0.00880641430256223	408.1032424	3282006016.0
PanelMember-04	71	91500071.0	286724423A4E7D2492CA95DBE9A3D7AFCB6D10333DA2D7DD550876D1C5EE1917	R2	-0.002840582542585456	0.000244140625	1	0.00880641430256223	408.1032424	3282006016.0
PanelMember-04	72	91500072.0	5E30A04B373AF76F20881E6BF2486D5FA881DA0F2F4CE5D1E37C40CBC4F0D67C	R1	-0.0030250355609869996	3.0517578125e-05	1	0.00880641430256223	416.7220302	3282771968.0
PanelMember-04	72	91500072.0	5E30A04B373AF76F20881E6BF2486D5FA881DA0F2F4CE5D1E37C40CBC4F0D67C	R2	-0.002644513874489119	0.000244140625	1	0.00880641430256223	416.7220302	3282771968.0
PanelMember-04	73	91500073.0	5F2A9B79835B1B94073E5B3CB7DC6179B6E75C69C574E95E5D9751485555F00F	R1	-0.0027014339317763788	3.0517578125e-05	1	0.00880641430256223	423.696207	3284058112.0
PanelMember-04	73	91500073.0	5F2A9B79835B1B94073E5B3CB7DC6179B6E75C69C574E95E5D9751485555F00F	R2	-0.0026721620111838486	0.000244140625	1	0.00880641430256223	423.696207	3284058112.0
PanelMember-04	74	91500074.0	782E75370B7B860C7309CD5B2376C0FF6D9A0067E93A9DD52191FD9B7753A82B	R1	-0.0024793335588427926	3.0517578125e-05	1	0.00880641430256223	417.3210015	3280654336.0
PanelMember-04	74	91500074.0	782E75370B7B860C7309CD5B2376C0FF6D9A0067E93A9DD52191FD9B7753A82B	R2	-0.0026288766190277414	0.000244140625	1	0.00880641430256223	417.3210015	3280654336.0
PanelMember-04	75	91500075.0	3FF04B860F87A1D54ECA12258B84A6FAF2D67A5D4213D31853AF89F7B043C6EA	R1	-0.002540525168792963	3.0517578125e-05	1	0.00880641430256223	420.372525	3290370048.0
PanelMember-04	75	91500075.0	3FF04B860F87A1D54ECA12258B84A6FAF2D67A5D4213D31853AF89F7B043C6EA	R2	-0.002831391944430303	0.000244140625	1	0.00880641430256223	420.372525	3290370048.0
PanelMember-04	76	91500076.0	0D04748815D61E146C5F6AF4D0A106117D4000CF233C97C6424F2C73F6FCF55F	R1	-0.0028809269954707967	3.0517578125e-05	1	0.00880641430256223	414.5365867	3290087424.0
PanelMember-04	76	91500076.0	0D04748815D61E146C5F6AF4D0A106117D4000CF233C97C6424F2C73F6FCF55F	R2	-0.002398066967111611	0.000244140625	1	0.00880641430256223	414.5365867	3290087424.0
PanelMember-04	77	91500077.0	71C0D033D4BD06D1EC8D26B69F774B47AF20850B813A19F5E4F385448232AFF9	R1	-0.0026202704662740607	3.0517578125e-05	1	0.00880641430256223	418.6526359	3271692288.0
PanelMember-04	77	91500077.0	71C0D033D4BD06D1EC8D26B69F774B47AF20850B813A19F5E4F385448232AFF9	R2	-0.0028334241376576984	0.000244140625	1	0.00880641430256223	418.6526359	3271692288.0
PanelMember-04	78	91500078.0	A00D9303203888B3BE3F12F2506B07AB66E97B63594D84374046A2E278F2C740	R1	-0.0029326631226747153	3.0517578125e-05	1	0.00880641430256223	412.0517595	3269185536.0
PanelMember-04	78	91500078.0	A00D9303203888B3BE3F12F2506B07AB66E97B63594D84374046A2E278F2C740	R2	-0.0030593388843627575	0.000244140625	1	0.00880641430256223	412.0517595	3269185536.0
PanelMember-04	79	91500079.0	512395B865A4304BACD29BDA3EA3924734E8624E5981F5CEA22AD37F11DCBDD8	R1	-0.0028318625491499877	3.0517578125e-05	1	0.00880641430256223	426.4003099	3285659648.0
PanelMember-04	79	91500079.0	512395B865A4304BACD29BDA3EA3924734E8624E5981F5CEA22AD37F11DCBDD8	R2	-0.0022650747336550865	0.000244140625	1	0.00880641430256223	426.4003099	3285659648.0
PanelMember-04	80	91500080.0	60F4E3FF92CED93D72935440C6799E614DBC920B7C446017E660694DC661A15F	R1	-0.002824822773608587	3.0517578125e-05	1	0.00880641430256223	413.8942235	3285176320.0
PanelMember-04	80	91500080.0	60F4E3FF92CED93D72935440C6799E614DBC920B7C446017E660694DC661A15F	R2	-0.002686387894438402	0.000244140625	1	0.00880641430256223	413.8942235	3285176320.0
PanelMember-04	81	91500081.0	BB90BA2A70C712357E0F09E1D976A5E5C804167ABE0D124EC57C2A07F30A338A	R1	-0.003047792712859444	3.0517578125e-05	1	0.00880641430256223	429.7480537	3283181568.0
PanelMember-04	81	91500081.0	BB90BA2A70C712357E0F09E1D976A5E5C804167ABE0D124EC57C2A07F30A338A	R2	-0.0025828526443021607	0.000244140625	1	0.00880641430256223	429.7480537	3283181568.0
PanelMember-04	82	91500082.0	1069A854B8DB1D0900EBEF9693C6CE4663FD7AEA7C0F15A9D7D48B9B4AF5CDBB	R1	-0.0027050815101548643	3.0517578125e-05	1	0.00880641430256223	419.2834318	3285467136.0
PanelMember-04	82	91500082.0	1069A854B8DB1D0900EBEF9693C6CE4663FD7AEA7C0F15A9D7D48B9B4AF5CDBB	R2	-0.0029109669439204436	0.000244140625	1	0.00880641430256223	419.2834318	3285467136.0
PanelMember-04	83	91500083.0	89E9D9B2167D82790301B4323F8403435DBC7496089EC10D49A8584D9A8D7504	R1	-0.002584390591076664	3.0517578125e-05	1	0.00880641430256223	428.8251825	3280216064.0
PanelMember-04	83	91500083.0	89E9D9B2167D82790301B4323F8403435DBC7496089EC10D49A8584D9A8D7504	R2	-0.0026377594027122264	0.000244140625	1	0.00880641430256223	428.8251825	3280216064.0
PanelMember-04	84	91500084.0	FA572BAA88D74A98874A154BC48C7776B388466C1AE79B3479E9D499E82F4D5C	R1	-0.003001260164299275	3.0517578125e-05	1	0.00880641430256223	418.4598016	3280818176.0
PanelMember-04	84	91500084.0	FA572BAA88D74A98874A154BC48C7776B388466C1AE79B3479E9D499E82F4D5C	R2	-0.0029737096051346184	0.000244140625	1	0.00880641430256223	418.4598016	3280818176.0
PanelMember-04	85	91500085.0	18F9534E1A09E5A9EE1DF172D866B37B7E6669125E90CA31B6CCD3B3A7A91FA7	R1	-0.0027285576812931325	3.0517578125e-05	1	0.00880641430256223	429.1749614	3260100608.0
PanelMember-04	85	91500085.0	18F9534E1A09E5A9EE1DF172D866B37B7E6669125E90CA31B6CCD3B3A7A91FA7	R2	-0.002791046334690142	0.000244140625	1	0.00880641430256223	429.1749614	3260100608.0
PanelMember-04	86	91500086.0	56ABA20302B09BCBD2651968B225FE65558CF4E2269C4A50BABDE96690DCCAAB	R1	-0.0027208496632816596	3.0517578125e-05	1	0.00880641430256223	420.8954186	3257266176.0
PanelMember-04	86	91500086.0	56ABA20302B09BCBD2651968B225FE65558CF4E2269C4A50BABDE96690DCCAAB	R2	-0.0026016566213381653	0.000244140625	1	0.00880641430256223	420.8954186	3257266176.0
PanelMember-04	87	91500087.0	E7898EEDA0EB0E1896E48BCA834BEEF88BF3727C57C2EA97D2C65937584ED9C2	R1	-0.0027219392488294324	3.0517578125e-05	1	0.00880641430256223	433.5814025	3286405120.0
PanelMember-04	87	91500087.0	E7898EEDA0EB0E1896E48BCA834BEEF88BF3727C57C2EA97D2C65937584ED9C2	R2	-0.0027812830877880367	0.000244140625	1	0.00880641430256223	433.5814025	3286405120.0
PanelMember-04	88	91500088.0	D34B5B7D5FC7AC12066552C479D284D88544573655F266D4FAB3E3125F7E75CC	R1	-0.002660727907703987	3.0517578125e-05	1	0.00880641430256223	426.1593798	3284201472.0
PanelMember-04	88	91500088.0	D34B5B7D5FC7AC12066552C479D284D88544573655F266D4FAB3E3125F7E75CC	R2	-0.0028764955190382366	0.000244140625	1	0.00880641430256223	426.1593798	3284201472.0
PanelMember-04	89	91500089.0	8D64F749B25743C577DE23C714C580107DD58FB3FA735FC4368605B55D25F2E9	R1	-0.0027330549550553295	3.0517578125e-05	1	0.00880641430256223	433.5739648	3288981504.0
PanelMember-04	89	91500089.0	8D64F749B25743C577DE23C714C580107DD58FB3FA735FC4368605B55D25F2E9	R2	-0.002663149446444374	0.000244140625	1	0.00880641430256223	433.5739648	3288981504.0
PanelMember-04	90	91500090.0	0BF32219A70F5CE6E141B85140241893D1DAA2751A16361B8086B78B3CEE8BFB	R1	-0.0025187232694999957	3.0517578125e-05	1	0.00880641430256223	421.1067981	3286360064.0
PanelMember-04	90	91500090.0	0BF32219A70F5CE6E141B85140241893D1DAA2751A16361B8086B78B3CEE8BFB	R2	-0.0029656032325964836	0.000244140625	1	0.00880641430256223	421.1067981	3286360064.0
PanelMember-04	91	91500091.0	C66D9EB2B53E1D31D149F26F9A6E5DBCC565A4B123E5A82B4384B8057F914B8F	R1	-0.0028039102212861393	3.0517578125e-05	1	0.00880641430256223	428.6418678	3286540288.0
PanelMember-04	91	91500091.0	C66D9EB2B53E1D31D149F26F9A6E5DBCC565A4B123E5A82B4384B8057F914B8F	R2	-0.0029053281512964532	0.000244140625	1	0.00880641430256223	428.6418678	3286540288.0
PanelMember-04	92	91500092.0	7C47B49503739DB0E7D1F4E49F00F390FAD3F0E2DAB5F4BCDB66459F2885B8B5	R1	-0.0028602363251035764	3.0517578125e-05	1	0.00880641430256223	421.6093648	3284070400.0
PanelMember-04	92	91500092.0	7C47B49503739DB0E7D1F4E49F00F390FAD3F0E2DAB5F4BCDB66459F2885B8B5	R2	-0.002685937596212008	0.000244140625	1	0.00880641430256223	421.6093648	3284070400.0
PanelMember-04	93	91500093.0	C222B34877A1E5FC9E286D78C103889C8813784765805031999BD92F8B34403C	R1	-0.0026799139956505866	3.0517578125e-05	1	0.00880641430256223	432.3423567	3287302144.0
PanelMember-04	93	91500093.0	C222B34877A1E5FC9E286D78C103889C8813784765805031999BD92F8B34403C	R2	-0.0025673883596447553	0.000244140625	1	0.00880641430256223	432.3423567	3287302144.0
PanelMember-04	94	91500094.0	23FDE67B6EACF26EBDF14C30E3B0FBCB5813F6673377F064DBDBAD2360A4FEE3	R1	-0.002568444513509264	3.0517578125e-05	1	0.00880641430256223	422.4900655	3285913600.0
PanelMember-04	94	91500094.0	23FDE67B6EACF26EBDF14C30E3B0FBCB5813F6673377F064DBDBAD2360A4FEE3	R2	-0.002724276199141315	0.000244140625	1	0.00880641430256223	422.4900655	3285913600.0
PanelMember-04	95	91500095.0	465E21DF70D290262AB257CB081CA386F2B019EB0E050F2B7FB655564892B9D9	R1	-0.0026631867129106672	3.0517578125e-05	1	0.00880641430256223	438.3410612	3294511104.0
PanelMember-04	95	91500095.0	465E21DF70D290262AB257CB081CA386F2B019EB0E050F2B7FB655564892B9D9	R2	-0.0026262692591897327	0.000244140625	1	0.00880641430256223	438.3410612	3294511104.0
PanelMember-04	96	91500096.0	0292D36FCE48C95F724BD920FC10F35D1B915F471796952FA1F81CF8A89DBBDD	R1	-0.0029716628749072676	3.0517578125e-05	1	0.00880641430256223	427.5224634	3294629888.0
PanelMember-04	96	91500096.0	0292D36FCE48C95F724BD920FC10F35D1B915F471796952FA1F81CF8A89DBBDD	R2	-0.0029406854814204232	0.000244140625	1	0.00880641430256223	427.5224634	3294629888.0
PanelMember-04	97	91500097.0	A9650160ADB0CCAD9E495B8C0F22E92E2DC0C6F4A64E5F4A57953B4550818AB6	R1	-0.0028839532291798538	3.0517578125e-05	1	0.00880641430256223	422.7637219	3290140672.0
PanelMember-04	97	91500097.0	A9650160ADB0CCAD9E495B8C0F22E92E2DC0C6F4A64E5F4A57953B4550818AB6	R2	-0.002854128437992644	0.000244140625	1	0.00880641430256223	422.7637219	3290140672.0
PanelMember-04	98	91500098.0	349FCD4226F54900C3F9D846BD6F4AC9DE5B1DBBC9D10DCD37C5E6B243F1BBD2	R1	-0.002485450382602555	3.0517578125e-05	1	0.00880641430256223	420.8720728	3272753152.0
PanelMember-04	98	91500098.0	349FCD4226F54900C3F9D846BD6F4AC9DE5B1DBBC9D10DCD37C5E6B243F1BBD2	R2	-0.0024185425403648363	0.000244140625	1	0.00880641430256223	420.8720728	3272753152.0
PanelMember-04	99	91500099.0	5EEE22ABD2C922CDEC0EC8E54340C8C4942C1B0D2361928150CE2BD2A566EEE3	R1	-0.002837387701194078	3.0517578125e-05	1	0.00880641430256223	421.1511444	3281920000.0
PanelMember-04	99	91500099.0	5EEE22ABD2C922CDEC0EC8E54340C8C4942C1B0D2361928150CE2BD2A566EEE3	R2	-0.002563573049423667	0.000244140625	1	0.00880641430256223	421.1511444	3281920000.0
PanelMember-04	100	91500100.0	EB63C6F6E967597ABE87C2640287D9F398AC25616D5E6AEA644AF19E1A87A834	R1	-0.0026186655763457273	3.0517578125e-05	1	0.00880641430256223	423.8190587	3285356544.0
PanelMember-04	100	91500100.0	EB63C6F6E967597ABE87C2640287D9F398AC25616D5E6AEA644AF19E1A87A834	R2	-0.0027817441591504967	0.000244140625	1	0.00880641430256223	423.8190587	3285356544.0
PanelMember-04	101	91500101.0	7293741CECB34F094C04B777CC061BA25FA0DE3227FEBA29A53BA31ADD82E15E	R1	-0.002429317289135759	3.0517578125e-05	1	0.00880641430256223	427.3358848	3284946944.0
PanelMember-04	101	91500101.0	7293741CECB34F094C04B777CC061BA25FA0DE3227FEBA29A53BA31ADD82E15E	R2	-0.0025578647375849163	0.000244140625	1	0.00880641430256223	427.3358848	3284946944.0
PanelMember-04	102	91500102.0	53C7826116C01D66FA080CDD8394FE54CF5A3D4C35FC59F5B69334F39DE746EA	R1	-0.002613251633553533	3.0517578125e-05	1	0.00880641430256223	423.3991611	3260977152.0
PanelMember-04	102	91500102.0	53C7826116C01D66FA080CDD8394FE54CF5A3D4C35FC59F5B69334F39DE746EA	R2	-0.0025721097586770174	0.000244140625	1	0.00880641430256223	423.3991611	3260977152.0
PanelMember-04	103	91500103.0	90E73B677DB4C33A59A0866640AC873E4CFD332D5FC9BF330C77B63816A85509	R1	-0.002545436224257808	3.0517578125e-05	1	0.00880641430256223	426.2294038	3283140608.0
PanelMember-04	103	91500103.0	90E73B677DB4C33A59A0866640AC873E4CFD332D5FC9BF330C77B63816A85509	R2	-0.002650089239701551	0.000244140625	1	0.00880641430256223	426.2294038	3283140608.0
PanelMember-04	104	91500104.0	9E581FA04AEC46BB1C2A989BB354A10972E4FA62BA6A6C0594D9A7D465093B1F	R1	-0.002641328034971805	3.0517578125e-05	1	0.00880641430256223	429.6729156	3291598848.0
PanelMember-04	104	91500104.0	9E581FA04AEC46BB1C2A989BB354A10972E4FA62BA6A6C0594D9A7D465093B1F	R2	-0.0027093467930401783	0.000244140625	1	0.00880641430256223	429.6729156	3291598848.0
PanelMember-04	105	91500105.0	4ED6B338FF104F5414066086F85F2334273430C1EB530BC56FCDDC3A879DB2FD	R1	-0.0028324998516813275	3.0517578125e-05	1	0.00880641430256223	425.8852111	3288002560.0
PanelMember-04	105	91500105.0	4ED6B338FF104F5414066086F85F2334273430C1EB530BC56FCDDC3A879DB2FD	R2	-0.002814102213792519	0.000244140625	1	0.00880641430256223	425.8852111	3288002560.0
PanelMember-04	106	91500106.0	0572E7DC488A7F89952494EEC165EAC2FD15F483446C8F134914BBDDB3C70A66	R1	-0.00282166351354689	3.0517578125e-05	1	0.00880641430256223	432.5726909	3289141248.0
PanelMember-04	106	91500106.0	0572E7DC488A7F89952494EEC165EAC2FD15F483446C8F134914BBDDB3C70A66	R2	-0.00268999887287107	0.000244140625	1	0.00880641430256223	432.5726909	3289141248.0
PanelMember-04	107	91500107.0	22C22F6C0890C97984A9B9C8B14F34FF891D214F13D997DF67579C71343E279F	R1	-0.002538555665184752	3.0517578125e-05	1	0.00880641430256223	432.1466331	3285749760.0
PanelMember-04	107	91500107.0	22C22F6C0890C97984A9B9C8B14F34FF891D214F13D997DF67579C71343E279F	R2	-0.002612049644336631	0.000244140625	1	0.00880641430256223	432.1466331	3285749760.0
PanelMember-04	108	91500108.0	B99FA2B1E0023F21A865683C21BC9D467BDEAED6C09DEF83CF56F2534F410AD4	R1	-0.0025375090661395507	3.0517578125e-05	1	0.00880641430256223	431.4742968	3293167616.0
PanelMember-04	108	91500108.0	B99FA2B1E0023F21A865683C21BC9D467BDEAED6C09DEF83CF56F2534F410AD4	R2	-0.0024045899096970394	0.000244140625	1	0.00880641430256223	431.4742968	3293167616.0
PanelMember-04	109	91500109.0	5CB39823A27C2C86EB2C18FADB45BD2EF582F48D1F2337203FDA482271FDD34A	R1	-0.0026106853061115157	3.0517578125e-05	1	0.00880641430256223	425.8772739	3272540160.0
PanelMember-04	109	91500109.0	5CB39823A27C2C86EB2C18FADB45BD2EF582F48D1F2337203FDA482271FDD34A	R2	-0.0025978412406003973	0.000244140625	1	0.00880641430256223	425.8772739	3272540160.0
PanelMember-04	110	91500110.0	369DCEC6944944F1BFC98D326205698AE2315878C5747CE3FA7EB657133F5163	R1	-0.00296562963230279	3.0517578125e-05	1	0.00880641430256223	425.1075377	3290062848.0
PanelMember-04	110	91500110.0	369DCEC6944944F1BFC98D326205698AE2315878C5747CE3FA7EB657133F5163	R2	-0.0025356252690081414	0.000244140625	1	0.00880641430256223	425.1075377	3290062848.0
PanelMember-04	111	91500111.0	04D8F042B9CBBFC6D9C41007787820851BB3EDD53694C0ACC7B8C764DC7FF4FE	R1	-0.0028800103281557145	3.0517578125e-05	1	0.00880641430256223	424.0507096	3285278720.0
PanelMember-04	111	91500111.0	04D8F042B9CBBFC6D9C41007787820851BB3EDD53694C0ACC7B8C764DC7FF4FE	R2	-0.002670835684259609	0.000244140625	1	0.00880641430256223	424.0507096	3285278720.0
PanelMember-04	112	91500112.0	08A254268FF4A8D664947DB844AA986C819F8694F0AB719A12F0A0D1F1AB811F	R1	-0.002844311436920499	3.0517578125e-05	1	0.00880641430256223	421.9652713	3284205568.0
PanelMember-04	112	91500112.0	08A254268FF4A8D664947DB844AA986C819F8694F0AB719A12F0A0D1F1AB811F	R2	-0.002618123875937741	0.000244140625	1	0.00880641430256223	421.9652713	3284205568.0
PanelMember-04	113	91500113.0	642BAB6C0F34A02F090ED47537D02C86EC87FAD69F0411EFA3D0D43BAAE69798	R1	-0.0029313766732672717	3.0517578125e-05	1	0.00880641430256223	418.2634073	3282518016.0
PanelMember-04	113	91500113.0	642BAB6C0F34A02F090ED47537D02C86EC87FAD69F0411EFA3D0D43BAAE69798	R2	-0.0028348611967748795	0.000244140625	1	0.00880641430256223	418.2634073	3282518016.0
PanelMember-04	114	91500114.0	075E402579C6910143A1296ABD199E41C8A0FA6B6D9181EF85453157EBF7DD8A	R1	-0.0030641224864114344	3.0517578125e-05	1	0.00880641430256223	417.6104675	3262017536.0
PanelMember-04	114	91500114.0	075E402579C6910143A1296ABD199E41C8A0FA6B6D9181EF85453157EBF7DD8A	R2	-0.002552958511025021	0.000244140625	1	0.00880641430256223	417.6104675	3262017536.0
PanelMember-04	115	91500115.0	71423E67B0DEC9759CB6F47A931DEC65EB25C3D0D6CFA4938BEAC2C06914323C	R1	-0.0027641918249005086	3.0517578125e-05	1	0.00880641430256223	416.3959246	3282620416.0
PanelMember-04	115	91500115.0	71423E67B0DEC9759CB6F47A931DEC65EB25C3D0D6CFA4938BEAC2C06914323C	R2	-0.0025808856605986173	0.000244140625	1	0.00880641430256223	416.3959246	3282620416.0
PanelMember-04	116	91500116.0	8B366972D3920B676707EAD433B69A48A351F45E50C168DC370736AB84D74854	R1	-0.0032520646623999893	3.0517578125e-05	1	0.00880641430256223	415.5723359	3286700032.0
PanelMember-04	116	91500116.0	8B366972D3920B676707EAD433B69A48A351F45E50C168DC370736AB84D74854	R2	-0.0030610066876607923	0.000244140625	1	0.00880641430256223	415.5723359	3286700032.0
PanelMember-04	117	91500117.0	E78B90295CB4201BA10A21F0FB5578C27EB9C0874CDD172688CFCF1A4E8ED7FC	R1	-0.002815391590755009	3.0517578125e-05	1	0.00880641430256223	412.8548313	3290853376.0
PanelMember-04	117	91500117.0	E78B90295CB4201BA10A21F0FB5578C27EB9C0874CDD172688CFCF1A4E8ED7FC	R2	-0.0031259507608888243	0.000244140625	1	0.00880641430256223	412.8548313	3290853376.0
PanelMember-04	118	91500118.0	5CEE8DC5DDA2730BF11D0CEBE0D5E614029433EBA31446E680B52F3073627096	R1	-0.00285424113096499	3.0517578125e-05	1	0.00880641430256223	402.1945406	3288756224.0
PanelMember-04	118	91500118.0	5CEE8DC5DDA2730BF11D0CEBE0D5E614029433EBA31446E680B52F3073627096	R2	-0.0026215102286428274	0.000244140625	1	0.00880641430256223	402.1945406	3288756224.0
PanelMember-04	119	91500119.0	1DB11BBC75F85CF1899004C6720ADE0A92CCEFEA0F14DA80D45ACC0B56D0A21A	R1	-0.0026750568469301444	3.0517578125e-05	1	0.00880641430256223	402.7211854	3286532096.0
PanelMember-04	119	91500119.0	1DB11BBC75F85CF1899004C6720ADE0A92CCEFEA0F14DA80D45ACC0B56D0A21A	R2	-0.002533957224736135	0.000244140625	1	0.00880641430256223	402.7211854	3286532096.0
PanelMember-04	120	91500120.0	420E59E1E8A3DB398796EAFAF5C8BD1829A081B79E7FD691BC764E7D2238C4C8	R1	-0.0025580187243788594	3.0517578125e-05	1	0.00880641430256223	390.3936531	3294126080.0
PanelMember-04	120	91500120.0	420E59E1E8A3DB398796EAFAF5C8BD1829A081B79E7FD691BC764E7D2238C4C8	R2	-0.002447821818484447	0.000244140625	1	0.00880641430256223	390.3936531	3294126080.0
