grid_id	grid_index	seed_index	seed	run	A_uV	beta_gen	true_bridge_slope	observed_slope	p_two_sided_mpower	reject_alpha_0_05	ci_theta_low	ci_theta_high	ci_noncontiguous	theta_at_truth_grid	p_at_truth_grid	truth_grid_distance	truth_in_ci	robustfit_fit_count	robustfit_iteration_limit_count	elapsed_s	peak_memory_bytes	checkpoint_filename	checkpoint_sha256	paper_contract_sha256	parent_historical_contract_sha256
G01	1	1	91201001	R1	0.052877352944147	0.00361050970350995	5.873688631216023e-07	0.0008377573258469231	0.548828125	0	-0.00213	0.0037900000000000017	False	0.0	0.548828125	5.873688631216023e-07	True	1332264.0	40152.0	328.353214	3123027968.0	world_g01_n001.mat	FDA64D20B90B5DDCF816BD96EF75F8BAA518086A5BF8F5EA5D883DAABA53E4DA	59B22764181C475D824B3847F1FC4F2E3EA726C62618AB02D8691B028031CC55	AE9B0EEE540CC07AA3D3FE45D445B0C71815E95D7D461C6AB615903532705D09
G01	1	1	91201001	R2	0.052877352944147	0.00361050970350995	5.873688631216023e-07	0.0003448426393921305	0.85498046875	0	-0.0036500000000000005	0.004410000000000001	False	0.0	0.85498046875	5.873688631216023e-07	True	1332264.0	40152.0	328.353214	3123027968.0	world_g01_n001.mat	FDA64D20B90B5DDCF816BD96EF75F8BAA518086A5BF8F5EA5D883DAABA53E4DA	59B22764181C475D824B3847F1FC4F2E3EA726C62618AB02D8691B028031CC55	AE9B0EEE540CC07AA3D3FE45D445B0C71815E95D7D461C6AB615903532705D09
G01	1	2	91201002	R1	0.052877352944147	0.00361050970350995	5.873688631216023e-07	0.0013091110097571581	0.546600341796875	0	-0.0030799999999999994	0.005670000000000001	False	0.0	0.546600341796875	5.873688631216023e-07	True	1332264.0	40136.0	280.7145509	3109625856.0	world_g01_n002.mat	BAF9FB8B2053923C5AD1D1097588B5EA891AAF71723E943532580202519CD881	59B22764181C475D824B3847F1FC4F2E3EA726C62618AB02D8691B028031CC55	AE9B0EEE540CC07AA3D3FE45D445B0C71815E95D7D461C6AB615903532705D09
G01	1	2	91201002	R2	0.052877352944147	0.00361050970350995	5.873688631216023e-07	-0.0012559086279829634	0.40673828125	0	-0.004419999999999999	0.0018200000000000022	False	0.0	0.40673828125	5.873688631216023e-07	True	1332264.0	40136.0	280.7145509	3109625856.0	world_g01_n002.mat	BAF9FB8B2053923C5AD1D1097588B5EA891AAF71723E943532580202519CD881	59B22764181C475D824B3847F1FC4F2E3EA726C62618AB02D8691B028031CC55	AE9B0EEE540CC07AA3D3FE45D445B0C71815E95D7D461C6AB615903532705D09
G01	1	3	91201003	R1	0.052877352944147	0.00361050970350995	5.873688631216023e-07	0.0023781898651898973	0.254608154296875	0	-0.0018700000000000001	0.006650000000000003	False	0.0	0.254608154296875	5.873688631216023e-07	True	1332264.0	39964.0	329.0237603	3101179904.0	world_g01_n003.mat	917AF4CF6F6A51A97E48727C8A1CD0B9697852AEF09234013EE6D98D62E00DFC	59B22764181C475D824B3847F1FC4F2E3EA726C62618AB02D8691B028031CC55	AE9B0EEE540CC07AA3D3FE45D445B0C71815E95D7D461C6AB615903532705D09
G01	1	3	91201003	R2	0.052877352944147	0.00361050970350995	5.873688631216023e-07	-7.428417659566472e-05	0.966796875	0	-0.0039299999999999995	0.0037700000000000025	False	0.0	0.966796875	5.873688631216023e-07	True	1332264.0	39964.0	329.0237603	3101179904.0	world_g01_n003.mat	917AF4CF6F6A51A97E48727C8A1CD0B9697852AEF09234013EE6D98D62E00DFC	59B22764181C475D824B3847F1FC4F2E3EA726C62618AB02D8691B028031CC55	AE9B0EEE540CC07AA3D3FE45D445B0C71815E95D7D461C6AB615903532705D09
G01	1	4	91201004	R1	0.052877352944147	0.00361050970350995	5.873688631216023e-07	0.0008038046759768865	0.60498046875	0	-0.0023999999999999994	0.003890000000000001	False	0.0	0.60498046875	5.873688631216023e-07	True	1332264.0	39956.0	279.2870921	3096342528.0	world_g01_n004.mat	A27650C942436135B907772FA887513C7EACB8CAD558B6262316F807F4E9A1F5	59B22764181C475D824B3847F1FC4F2E3EA726C62618AB02D8691B028031CC55	AE9B0EEE540CC07AA3D3FE45D445B0C71815E95D7D461C6AB615903532705D09
G01	1	4	91201004	R2	0.052877352944147	0.00361050970350995	5.873688631216023e-07	-0.0010269305708074485	0.67138671875	0	-0.006119999999999999	0.0038800000000000015	False	0.0	0.67138671875	5.873688631216023e-07	True	1332264.0	39956.0	279.2870921	3096342528.0	world_g01_n004.mat	A27650C942436135B907772FA887513C7EACB8CAD558B6262316F807F4E9A1F5	59B22764181C475D824B3847F1FC4F2E3EA726C62618AB02D8691B028031CC55	AE9B0EEE540CC07AA3D3FE45D445B0C71815E95D7D461C6AB615903532705D09
G01	1	5	91201005	R1	0.052877352944147	0.00361050970350995	5.873688631216023e-07	0.00019071387723215634	0.90228271484375	0	-0.00315	0.0035400000000000015	False	0.0	0.90228271484375	5.873688631216023e-07	True	1332264.0	40050.0	290.3920573	3061198848.0	world_g01_n005.mat	E53805937793FD0E560A7670F70570592BD58D9A6C2E0B8A03C30A6A40E925D7	59B22764181C475D824B3847F1FC4F2E3EA726C62618AB02D8691B028031CC55	AE9B0EEE540CC07AA3D3FE45D445B0C71815E95D7D461C6AB615903532705D09
G01	1	5	91201005	R2	0.052877352944147	0.00361050970350995	5.873688631216023e-07	0.00017799521643353545	0.916015625	0	-0.0035099999999999992	0.0039400000000000025	False	0.0	0.916015625	5.873688631216023e-07	True	1332264.0	40050.0	290.3920573	3061198848.0	world_g01_n005.mat	E53805937793FD0E560A7670F70570592BD58D9A6C2E0B8A03C30A6A40E925D7	59B22764181C475D824B3847F1FC4F2E3EA726C62618AB02D8691B028031CC55	AE9B0EEE540CC07AA3D3FE45D445B0C71815E95D7D461C6AB615903532705D09
G01	1	6	91201006	R1	0.052877352944147	0.00361050970350995	5.873688631216023e-07	0.001081744002168948	0.546661376953125	0	-0.0026300000000000004	0.004860000000000003	False	0.0	0.546661376953125	5.873688631216023e-07	True	1332264.0	39982.0	314.7032555	3138527232.0	world_g01_n006.mat	49F89E5E183D6B12A120A804948153C69141960CFA08CADE3450B5C91F00E7F8	59B22764181C475D824B3847F1FC4F2E3EA726C62618AB02D8691B028031CC55	AE9B0EEE540CC07AA3D3FE45D445B0C71815E95D7D461C6AB615903532705D09
G01	1	6	91201006	R2	0.052877352944147	0.00361050970350995	5.873688631216023e-07	-0.0025542421565400964	0.16943359375	0	-0.0063799999999999985	0.0012500000000000011	False	0.0	0.16943359375	5.873688631216023e-07	True	1332264.0	39982.0	314.7032555	3138527232.0	world_g01_n006.mat	49F89E5E183D6B12A120A804948153C69141960CFA08CADE3450B5C91F00E7F8	59B22764181C475D824B3847F1FC4F2E3EA726C62618AB02D8691B028031CC55	AE9B0EEE540CC07AA3D3FE45D445B0C71815E95D7D461C6AB615903532705D09
G01	1	7	91201007	R1	0.052877352944147	0.00361050970350995	5.873688631216023e-07	0.0012209967447541874	0.350921630859375	0	-0.0015399999999999997	0.003950000000000002	False	0.0	0.350921630859375	5.873688631216023e-07	True	1332264.0	40163.0	276.9148022	3137040384.0	world_g01_n007.mat	5823CCBFCAFE792087450E9230112F47C12C7F6CEF854449CCDAF2F110D956C8	59B22764181C475D824B3847F1FC4F2E3EA726C62618AB02D8691B028031CC55	AE9B0EEE540CC07AA3D3FE45D445B0C71815E95D7D461C6AB615903532705D09
G01	1	7	91201007	R2	0.052877352944147	0.00361050970350995	5.873688631216023e-07	0.0030800247379134294	0.051513671875	0	-1.9999999999999185e-05	0.0061800000000000015	False	0.0	0.051513671875	5.873688631216023e-07	True	1332264.0	40163.0	276.9148022	3137040384.0	world_g01_n007.mat	5823CCBFCAFE792087450E9230112F47C12C7F6CEF854449CCDAF2F110D956C8	59B22764181C475D824B3847F1FC4F2E3EA726C62618AB02D8691B028031CC55	AE9B0EEE540CC07AA3D3FE45D445B0C71815E95D7D461C6AB615903532705D09
G01	1	8	91201008	R1	0.052877352944147	0.00361050970350995	5.873688631216023e-07	0.0009252681253374778	0.629119873046875	0	-0.0030399999999999976	0.004800000000000002	False	0.0	0.629119873046875	5.873688631216023e-07	True	1332264.0	39730.0	325.8356242	3130281984.0	world_g01_n008.mat	598765D647230633BE1795E12BBCEACB50FF2759427FF579F1A13AEB1D8B12D5	59B22764181C475D824B3847F1FC4F2E3EA726C62618AB02D8691B028031CC55	AE9B0EEE540CC07AA3D3FE45D445B0C71815E95D7D461C6AB615903532705D09
G01	1	8	91201008	R2	0.052877352944147	0.00361050970350995	5.873688631216023e-07	0.0003801582933890359	0.81884765625	0	-0.0032699999999999986	0.0039400000000000025	False	0.0	0.81884765625	5.873688631216023e-07	True	1332264.0	39730.0	325.8356242	3130281984.0	world_g01_n008.mat	598765D647230633BE1795E12BBCEACB50FF2759427FF579F1A13AEB1D8B12D5	59B22764181C475D824B3847F1FC4F2E3EA726C62618AB02D8691B028031CC55	AE9B0EEE540CC07AA3D3FE45D445B0C71815E95D7D461C6AB615903532705D09
G01	1	9	91201009	R1	0.052877352944147	0.00361050970350995	5.873688631216023e-07	-0.0024566749922138986	0.10760498046875	0	-0.0055299999999999985	0.0005999999999999998	False	0.0	0.10760498046875	5.873688631216023e-07	True	1332264.0	40225.0	273.491166	3125784576.0	world_g01_n009.mat	7FB8ADDBCF40289F94C00500AAF023971E4BAAB167F2C809A76857BF3AB238F2	59B22764181C475D824B3847F1FC4F2E3EA726C62618AB02D8691B028031CC55	AE9B0EEE540CC07AA3D3FE45D445B0C71815E95D7D461C6AB615903532705D09
G01	1	9	91201009	R2	0.052877352944147	0.00361050970350995	5.873688631216023e-07	-0.0030523062770178824	0.156982421875	0	-0.00754	0.0011600000000000013	False	0.0	0.156982421875	5.873688631216023e-07	True	1332264.0	40225.0	273.491166	3125784576.0	world_g01_n009.mat	7FB8ADDBCF40289F94C00500AAF023971E4BAAB167F2C809A76857BF3AB238F2	59B22764181C475D824B3847F1FC4F2E3EA726C62618AB02D8691B028031CC55	AE9B0EEE540CC07AA3D3FE45D445B0C71815E95D7D461C6AB615903532705D09
G01	1	10	91201010	R1	0.052877352944147	0.00361050970350995	5.873688631216023e-07	0.0009998678743915145	0.618438720703125	0	-0.002859999999999998	0.004990000000000001	False	0.0	0.618438720703125	5.873688631216023e-07	True	1332264.0	40151.0	289.9539314	3088580608.0	world_g01_n010.mat	DE376B726D981DA88C43788F69F996B1BB2AA0E04CED50E34FB4445DEDE6B6C6	59B22764181C475D824B3847F1FC4F2E3EA726C62618AB02D8691B028031CC55	AE9B0EEE540CC07AA3D3FE45D445B0C71815E95D7D461C6AB615903532705D09
G01	1	10	91201010	R2	0.052877352944147	0.00361050970350995	5.873688631216023e-07	-0.0024491402241194568	0.2578125	0	-0.006919999999999999	0.0018799999999999997	False	0.0	0.2578125	5.873688631216023e-07	True	1332264.0	40151.0	289.9539314	3088580608.0	world_g01_n010.mat	DE376B726D981DA88C43788F69F996B1BB2AA0E04CED50E34FB4445DEDE6B6C6	59B22764181C475D824B3847F1FC4F2E3EA726C62618AB02D8691B028031CC55	AE9B0EEE540CC07AA3D3FE45D445B0C71815E95D7D461C6AB615903532705D09
G01	1	11	91201011	R1	0.052877352944147	0.00361050970350995	5.873688631216023e-07	-0.0007865131210711421	0.603546142578125	0	-0.003939999999999999	0.0023500000000000014	False	0.0	0.603546142578125	5.873688631216023e-07	True	1332264.0	39810.0	328.4202674	3148468224.0	world_g01_n011.mat	C83D4009F2C0094DC1DDA4508441449E6D7BD2BCFD8428770ABEE0D470DBE31C	59B22764181C475D824B3847F1FC4F2E3EA726C62618AB02D8691B028031CC55	AE9B0EEE540CC07AA3D3FE45D445B0C71815E95D7D461C6AB615903532705D09
G01	1	11	91201011	R2	0.052877352944147	0.00361050970350995	5.873688631216023e-07	0.0024608910253668052	0.28369140625	0	-0.0024199999999999985	0.007280000000000002	False	0.0	0.28369140625	5.873688631216023e-07	True	1332264.0	39810.0	328.4202674	3148468224.0	world_g01_n011.mat	C83D4009F2C0094DC1DDA4508441449E6D7BD2BCFD8428770ABEE0D470DBE31C	59B22764181C475D824B3847F1FC4F2E3EA726C62618AB02D8691B028031CC55	AE9B0EEE540CC07AA3D3FE45D445B0C71815E95D7D461C6AB615903532705D09
G01	1	12	91201012	R1	0.052877352944147	0.00361050970350995	5.873688631216023e-07	-0.0028446141851609496	0.156158447265625	0	-0.0069099999999999995	0.0011300000000000025	False	0.0	0.156158447265625	5.873688631216023e-07	True	1332264.0	40181.0	280.8988627	3134873600.0	world_g01_n012.mat	D2F968AC029DA4DB80E8A9A17A74EC3D53ABA2A55F55E43EF13CB088D09F1620	59B22764181C475D824B3847F1FC4F2E3EA726C62618AB02D8691B028031CC55	AE9B0EEE540CC07AA3D3FE45D445B0C71815E95D7D461C6AB615903532705D09
G01	1	12	91201012	R2	0.052877352944147	0.00361050970350995	5.873688631216023e-07	-0.0021362113672504864	0.264892578125	0	-0.006149999999999999	0.0019000000000000024	False	0.0	0.264892578125	5.873688631216023e-07	True	1332264.0	40181.0	280.8988627	3134873600.0	world_g01_n012.mat	D2F968AC029DA4DB80E8A9A17A74EC3D53ABA2A55F55E43EF13CB088D09F1620	59B22764181C475D824B3847F1FC4F2E3EA726C62618AB02D8691B028031CC55	AE9B0EEE540CC07AA3D3FE45D445B0C71815E95D7D461C6AB615903532705D09
G01	1	13	91201013	R1	0.052877352944147	0.00361050970350995	5.873688631216023e-07	-0.0003065995596475269	0.77581787109375	0	-0.002579999999999999	0.0019300000000000012	False	0.0	0.77581787109375	5.873688631216023e-07	True	1332264.0	39936.0	330.5297751	3129692160.0	world_g01_n013.mat	AFDC5D88C6E2404A47FC31367ADFB64BB28D11DBC25449AC1DA52C5427B37009	59B22764181C475D824B3847F1FC4F2E3EA726C62618AB02D8691B028031CC55	AE9B0EEE540CC07AA3D3FE45D445B0C71815E95D7D461C6AB615903532705D09
G01	1	13	91201013	R2	0.052877352944147	0.00361050970350995	5.873688631216023e-07	0.0018231031647214656	0.328369140625	0	-0.0019099999999999985	0.005690000000000001	False	0.0	0.328369140625	5.873688631216023e-07	True	1332264.0	39936.0	330.5297751	3129692160.0	world_g01_n013.mat	AFDC5D88C6E2404A47FC31367ADFB64BB28D11DBC25449AC1DA52C5427B37009	59B22764181C475D824B3847F1FC4F2E3EA726C62618AB02D8691B028031CC55	AE9B0EEE540CC07AA3D3FE45D445B0C71815E95D7D461C6AB615903532705D09
G01	1	14	91201014	R1	0.052877352944147	0.00361050970350995	5.873688631216023e-07	0.0009621683239541775	0.431671142578125	0	-0.0013999999999999985	0.0034300000000000025	False	0.0	0.431671142578125	5.873688631216023e-07	True	1332264.0	40584.0	277.6040887	3126530048.0	world_g01_n014.mat	7E6F833254C4259991463D9434122A01C9A93A5E0F7973F161544034D2A20413	59B22764181C475D824B3847F1FC4F2E3EA726C62618AB02D8691B028031CC55	AE9B0EEE540CC07AA3D3FE45D445B0C71815E95D7D461C6AB615903532705D09
G01	1	14	91201014	R2	0.052877352944147	0.00361050970350995	5.873688631216023e-07	-0.0007787483456784094	0.576171875	0	-0.0038099999999999974	0.0022600000000000016	False	0.0	0.576171875	5.873688631216023e-07	True	1332264.0	40584.0	277.6040887	3126530048.0	world_g01_n014.mat	7E6F833254C4259991463D9434122A01C9A93A5E0F7973F161544034D2A20413	59B22764181C475D824B3847F1FC4F2E3EA726C62618AB02D8691B028031CC55	AE9B0EEE540CC07AA3D3FE45D445B0C71815E95D7D461C6AB615903532705D09
G01	1	15	91201015	R1	0.052877352944147	0.00361050970350995	5.873688631216023e-07	0.0011779459100504288	0.359130859375	0	-0.001299999999999999	0.003760000000000003	False	0.0	0.359130859375	5.873688631216023e-07	True	1332264.0	40032.0	292.8622918	3090051072.0	world_g01_n015.mat	F526372363C9728B0BCD0479C6F02ED112647447F3FC4E66E2D46B41093A1AC5	59B22764181C475D824B3847F1FC4F2E3EA726C62618AB02D8691B028031CC55	AE9B0EEE540CC07AA3D3FE45D445B0C71815E95D7D461C6AB615903532705D09
G01	1	15	91201015	R2	0.052877352944147	0.00361050970350995	5.873688631216023e-07	0.0008619552914392183	0.656005859375	0	-0.0033599999999999984	0.005140000000000002	False	0.0	0.656005859375	5.873688631216023e-07	True	1332264.0	40032.0	292.8622918	3090051072.0	world_g01_n015.mat	F526372363C9728B0BCD0479C6F02ED112647447F3FC4E66E2D46B41093A1AC5	59B22764181C475D824B3847F1FC4F2E3EA726C62618AB02D8691B028031CC55	AE9B0EEE540CC07AA3D3FE45D445B0C71815E95D7D461C6AB615903532705D09
G01	1	16	91201016	R1	0.052877352944147	0.00361050970350995	5.873688631216023e-07	0.00045873468164690345	0.7471923828125	0	-0.0024999999999999988	0.0034500000000000017	False	0.0	0.7471923828125	5.873688631216023e-07	True	1332264.0	40109.0	323.4840534	3139751936.0	world_g01_n016.mat	F5E63A25F343182E2C6A8C3DA9BB0A24490443EEE8C6A90476F71D65D2B285A0	59B22764181C475D824B3847F1FC4F2E3EA726C62618AB02D8691B028031CC55	AE9B0EEE540CC07AA3D3FE45D445B0C71815E95D7D461C6AB615903532705D09
G01	1	16	91201016	R2	0.052877352944147	0.00361050970350995	5.873688631216023e-07	-0.0013728761986022092	0.48681640625	0	-0.00545	0.0026000000000000016	False	0.0	0.48681640625	5.873688631216023e-07	True	1332264.0	40109.0	323.4840534	3139751936.0	world_g01_n016.mat	F5E63A25F343182E2C6A8C3DA9BB0A24490443EEE8C6A90476F71D65D2B285A0	59B22764181C475D824B3847F1FC4F2E3EA726C62618AB02D8691B028031CC55	AE9B0EEE540CC07AA3D3FE45D445B0C71815E95D7D461C6AB615903532705D09
G01	1	17	91201017	R1	0.052877352944147	0.00361050970350995	5.873688631216023e-07	-0.00036108889585691233	0.807037353515625	0	-0.0035099999999999992	0.002760000000000002	False	0.0	0.807037353515625	5.873688631216023e-07	True	1332264.0	39831.0	277.7351842	3138150400.0	world_g01_n017.mat	9600A319963AE40AE756A2AE0C71104ACC524BB5BC66127F998D75274D971941	59B22764181C475D824B3847F1FC4F2E3EA726C62618AB02D8691B028031CC55	AE9B0EEE540CC07AA3D3FE45D445B0C71815E95D7D461C6AB615903532705D09
G01	1	17	91201017	R2	0.052877352944147	0.00361050970350995	5.873688631216023e-07	0.00016274817866937906	0.919189453125	0	-0.0033900000000000007	0.003760000000000003	False	0.0	0.919189453125	5.873688631216023e-07	True	1332264.0	39831.0	277.7351842	3138150400.0	world_g01_n017.mat	9600A319963AE40AE756A2AE0C71104ACC524BB5BC66127F998D75274D971941	59B22764181C475D824B3847F1FC4F2E3EA726C62618AB02D8691B028031CC55	AE9B0EEE540CC07AA3D3FE45D445B0C71815E95D7D461C6AB615903532705D09
G01	1	18	91201018	R1	0.052877352944147	0.00361050970350995	5.873688631216023e-07	0.0014503184457296818	0.382476806640625	0	-0.0019999999999999983	0.00485	False	0.0	0.382476806640625	5.873688631216023e-07	True	1332264.0	40164.0	329.3494471	3131568128.0	world_g01_n018.mat	41DDCA9D7E148E6BCA36BB951E0062A970A1D1BD2D1757180CC622E7A3870A86	59B22764181C475D824B3847F1FC4F2E3EA726C62618AB02D8691B028031CC55	AE9B0EEE540CC07AA3D3FE45D445B0C71815E95D7D461C6AB615903532705D09
G01	1	18	91201018	R2	0.052877352944147	0.00361050970350995	5.873688631216023e-07	-0.00220146309026564	0.122314453125	0	-0.005089999999999999	0.0006600000000000009	False	0.0	0.122314453125	5.873688631216023e-07	True	1332264.0	40164.0	329.3494471	3131568128.0	world_g01_n018.mat	41DDCA9D7E148E6BCA36BB951E0062A970A1D1BD2D1757180CC622E7A3870A86	59B22764181C475D824B3847F1FC4F2E3EA726C62618AB02D8691B028031CC55	AE9B0EEE540CC07AA3D3FE45D445B0C71815E95D7D461C6AB615903532705D09
G01	1	19	91201019	R1	0.052877352944147	0.00361050970350995	5.873688631216023e-07	4.807152039800654e-05	0.977325439453125	0	-0.003539999999999998	0.003610000000000002	False	0.0	0.977325439453125	5.873688631216023e-07	True	1332264.0	40611.0	275.01154	3128205312.0	world_g01_n019.mat	3BE1F67EB3C70D4BDA5EB64C7ABD6A865EFF12FECAFEA87DE301C654E5D75C7B	59B22764181C475D824B3847F1FC4F2E3EA726C62618AB02D8691B028031CC55	AE9B0EEE540CC07AA3D3FE45D445B0C71815E95D7D461C6AB615903532705D09
G01	1	19	91201019	R2	0.052877352944147	0.00361050970350995	5.873688631216023e-07	-0.002673322560208459	0.23779296875	0	-0.0072	0.0020300000000000006	False	0.0	0.23779296875	5.873688631216023e-07	True	1332264.0	40611.0	275.01154	3128205312.0	world_g01_n019.mat	3BE1F67EB3C70D4BDA5EB64C7ABD6A865EFF12FECAFEA87DE301C654E5D75C7B	59B22764181C475D824B3847F1FC4F2E3EA726C62618AB02D8691B028031CC55	AE9B0EEE540CC07AA3D3FE45D445B0C71815E95D7D461C6AB615903532705D09
G01	1	20	91201020	R1	0.052877352944147	0.00361050970350995	5.873688631216023e-07	0.004349858295620689	0.035614013671875	1	0.0003499999999999996	0.008260000000000003	False	0.0	0.035614013671875	5.873688631216023e-07	False	1332264.0	39909.0	291.3232426	3089727488.0	world_g01_n020.mat	0C6A33CB7AE0510E768EA2048E4A60ED579826B0EF745B3B992C0DC70A416F16	59B22764181C475D824B3847F1FC4F2E3EA726C62618AB02D8691B028031CC55	AE9B0EEE540CC07AA3D3FE45D445B0C71815E95D7D461C6AB615903532705D09
G01	1	20	91201020	R2	0.052877352944147	0.00361050970350995	5.873688631216023e-07	-0.0011090602059260217	0.576171875	0	-0.0054199999999999995	0.0032200000000000006	False	0.0	0.576171875	5.873688631216023e-07	True	1332264.0	39909.0	291.3232426	3089727488.0	world_g01_n020.mat	0C6A33CB7AE0510E768EA2048E4A60ED579826B0EF745B3B992C0DC70A416F16	59B22764181C475D824B3847F1FC4F2E3EA726C62618AB02D8691B028031CC55	AE9B0EEE540CC07AA3D3FE45D445B0C71815E95D7D461C6AB615903532705D09
G01	1	21	91201021	R1	0.052877352944147	0.00361050970350995	5.873688631216023e-07	0.0004609834059180827	0.7845458984375	0	-0.003109999999999998	0.0039400000000000025	False	0.0	0.7845458984375	5.873688631216023e-07	True	1332264.0	40240.0	328.103651	3140087808.0	world_g01_n021.mat	A32929601E786C086852BE525899F646C0841847001C5977D471492636598E3A	59B22764181C475D824B3847F1FC4F2E3EA726C62618AB02D8691B028031CC55	AE9B0EEE540CC07AA3D3FE45D445B0C71815E95D7D461C6AB615903532705D09
G01	1	21	91201021	R2	0.052877352944147	0.00361050970350995	5.873688631216023e-07	-0.0013071274969819618	0.439453125	0	-0.004959999999999999	0.0022800000000000008	False	0.0	0.439453125	5.873688631216023e-07	True	1332264.0	40240.0	328.103651	3140087808.0	world_g01_n021.mat	A32929601E786C086852BE525899F646C0841847001C5977D471492636598E3A	59B22764181C475D824B3847F1FC4F2E3EA726C62618AB02D8691B028031CC55	AE9B0EEE540CC07AA3D3FE45D445B0C71815E95D7D461C6AB615903532705D09
G01	1	22	91201022	R1	0.052877352944147	0.00361050970350995	5.873688631216023e-07	0.0009265114525984578	0.51580810546875	0	-0.0020799999999999985	0.003930000000000003	False	0.0	0.51580810546875	5.873688631216023e-07	True	1332264.0	40229.0	280.5789778	3138654208.0	world_g01_n022.mat	1DBE1625E9B2A47169C091C0D85278D245725AC7CA15572CEA09F8D5F5A33F48	59B22764181C475D824B3847F1FC4F2E3EA726C62618AB02D8691B028031CC55	AE9B0EEE540CC07AA3D3FE45D445B0C71815E95D7D461C6AB615903532705D09
G01	1	22	91201022	R2	0.052877352944147	0.00361050970350995	5.873688631216023e-07	-0.0008084749547720459	0.6630859375	0	-0.004639999999999998	0.00289	False	0.0	0.6630859375	5.873688631216023e-07	True	1332264.0	40229.0	280.5789778	3138654208.0	world_g01_n022.mat	1DBE1625E9B2A47169C091C0D85278D245725AC7CA15572CEA09F8D5F5A33F48	59B22764181C475D824B3847F1FC4F2E3EA726C62618AB02D8691B028031CC55	AE9B0EEE540CC07AA3D3FE45D445B0C71815E95D7D461C6AB615903532705D09
G01	1	23	91201023	R1	0.052877352944147	0.00361050970350995	5.873688631216023e-07	0.0002623155920483196	0.83123779296875	0	-0.00238	0.002910000000000003	False	0.0	0.83123779296875	5.873688631216023e-07	True	1332264.0	40108.0	330.0686641	3132526592.0	world_g01_n023.mat	724A6CB8F639EF4979A55604C67DBCDE03B37714193046488147143B096A29E8	59B22764181C475D824B3847F1FC4F2E3EA726C62618AB02D8691B028031CC55	AE9B0EEE540CC07AA3D3FE45D445B0C71815E95D7D461C6AB615903532705D09
G01	1	23	91201023	R2	0.052877352944147	0.00361050970350995	5.873688631216023e-07	0.0017770641022464796	0.424072265625	0	-0.003029999999999998	0.0066300000000000005	False	0.0	0.424072265625	5.873688631216023e-07	True	1332264.0	40108.0	330.0686641	3132526592.0	world_g01_n023.mat	724A6CB8F639EF4979A55604C67DBCDE03B37714193046488147143B096A29E8	59B22764181C475D824B3847F1FC4F2E3EA726C62618AB02D8691B028031CC55	AE9B0EEE540CC07AA3D3FE45D445B0C71815E95D7D461C6AB615903532705D09
G01	1	24	91201024	R1	0.052877352944147	0.00361050970350995	5.873688631216023e-07	0.0005919329480850684	0.702301025390625	0	-0.0021599999999999987	0.002960000000000001	False	0.0	0.702301025390625	5.873688631216023e-07	True	1332264.0	40437.0	276.0881181	3127816192.0	world_g01_n024.mat	AC0546ABBF019C724ECF2D8600504B8BCD62E9BCF84C5E3076D36CCB24C57D28	59B22764181C475D824B3847F1FC4F2E3EA726C62618AB02D8691B028031CC55	AE9B0EEE540CC07AA3D3FE45D445B0C71815E95D7D461C6AB615903532705D09
G01	1	24	91201024	R2	0.052877352944147	0.00361050970350995	5.873688631216023e-07	-0.0026999985057106607	0.072998046875	0	-0.00601	0.0002700000000000029	False	0.0	0.072998046875	5.873688631216023e-07	True	1332264.0	40437.0	276.0881181	3127816192.0	world_g01_n024.mat	AC0546ABBF019C724ECF2D8600504B8BCD62E9BCF84C5E3076D36CCB24C57D28	59B22764181C475D824B3847F1FC4F2E3EA726C62618AB02D8691B028031CC55	AE9B0EEE540CC07AA3D3FE45D445B0C71815E95D7D461C6AB615903532705D09
G01	1	25	91201025	R1	0.052877352944147	0.00361050970350995	5.873688631216023e-07	3.910211028602446e-05	0.978759765625	0	-0.0030999999999999986	0.003210000000000001	False	0.0	0.978759765625	5.873688631216023e-07	True	1332264.0	40307.0	293.3291664	3090505728.0	world_g01_n025.mat	7D9F0533ABA9976F28DE3A4CC89412C805A6F6E0913E71B86E83782080D214E7	59B22764181C475D824B3847F1FC4F2E3EA726C62618AB02D8691B028031CC55	AE9B0EEE540CC07AA3D3FE45D445B0C71815E95D7D461C6AB615903532705D09
G01	1	25	91201025	R2	0.052877352944147	0.00361050970350995	5.873688631216023e-07	-0.0007464751578981343	0.647216796875	0	-0.004119999999999999	0.0027800000000000012	False	0.0	0.647216796875	5.873688631216023e-07	True	1332264.0	40307.0	293.3291664	3090505728.0	world_g01_n025.mat	7D9F0533ABA9976F28DE3A4CC89412C805A6F6E0913E71B86E83782080D214E7	59B22764181C475D824B3847F1FC4F2E3EA726C62618AB02D8691B028031CC55	AE9B0EEE540CC07AA3D3FE45D445B0C71815E95D7D461C6AB615903532705D09
G01	1	26	91201026	R1	0.052877352944147	0.00361050970350995	5.873688631216023e-07	0.0018450287482570126	0.13739013671875	0	-0.0006899999999999996	0.00434	False	0.0	0.13739013671875	5.873688631216023e-07	True	1332264.0	39880.0	334.8624906	3134222336.0	world_g01_n026.mat	BFBDB36B9A2127C6E1EE1F8B569190AB6F44D68F1111D5EFEBBB33A52177B2F1	59B22764181C475D824B3847F1FC4F2E3EA726C62618AB02D8691B028031CC55	AE9B0EEE540CC07AA3D3FE45D445B0C71815E95D7D461C6AB615903532705D09
G01	1	26	91201026	R2	0.052877352944147	0.00361050970350995	5.873688631216023e-07	-0.0010218039314974848	0.638916015625	0	-0.00584	0.0038000000000000013	False	0.0	0.638916015625	5.873688631216023e-07	True	1332264.0	39880.0	334.8624906	3134222336.0	world_g01_n026.mat	BFBDB36B9A2127C6E1EE1F8B569190AB6F44D68F1111D5EFEBBB33A52177B2F1	59B22764181C475D824B3847F1FC4F2E3EA726C62618AB02D8691B028031CC55	AE9B0EEE540CC07AA3D3FE45D445B0C71815E95D7D461C6AB615903532705D09
G01	1	27	91201027	R1	0.052877352944147	0.00361050970350995	5.873688631216023e-07	-0.004563502206358513	0.0023193359375	1	-0.007089999999999999	-0.0020199999999999975	False	0.0	0.0023193359375	5.873688631216023e-07	False	1332264.0	39689.0	287.0096735	3133718528.0	world_g01_n027.mat	88EC7ECE10EBF4ACA5893F8726E4BAB086DC32DAA6D7858456F7BA15886EBBFF	59B22764181C475D824B3847F1FC4F2E3EA726C62618AB02D8691B028031CC55	AE9B0EEE540CC07AA3D3FE45D445B0C71815E95D7D461C6AB615903532705D09
G01	1	27	91201027	R2	0.052877352944147	0.00361050970350995	5.873688631216023e-07	0.0022805510314191832	0.125732421875	0	-0.000789999999999999	0.005300000000000003	False	0.0	0.125732421875	5.873688631216023e-07	True	1332264.0	39689.0	287.0096735	3133718528.0	world_g01_n027.mat	88EC7ECE10EBF4ACA5893F8726E4BAB086DC32DAA6D7858456F7BA15886EBBFF	59B22764181C475D824B3847F1FC4F2E3EA726C62618AB02D8691B028031CC55	AE9B0EEE540CC07AA3D3FE45D445B0C71815E95D7D461C6AB615903532705D09
G01	1	28	91201028	R1	0.052877352944147	0.00361050970350995	5.873688631216023e-07	-0.0007423879145964172	0.666900634765625	0	-0.004409999999999999	0.002910000000000003	False	0.0	0.666900634765625	5.873688631216023e-07	True	1332264.0	40135.0	336.5114491	3127664640.0	world_g01_n028.mat	B6C565EFC04BDAB4B0929868115794A8D83C8F1D1D1B0EFAE6A8D16ACA34967D	59B22764181C475D824B3847F1FC4F2E3EA726C62618AB02D8691B028031CC55	AE9B0EEE540CC07AA3D3FE45D445B0C71815E95D7D461C6AB615903532705D09
G01	1	28	91201028	R2	0.052877352944147	0.00361050970350995	5.873688631216023e-07	-0.002070948980611777	0.21728515625	0	-0.005479999999999999	0.001120000000000003	False	0.0	0.21728515625	5.873688631216023e-07	True	1332264.0	40135.0	336.5114491	3127664640.0	world_g01_n028.mat	B6C565EFC04BDAB4B0929868115794A8D83C8F1D1D1B0EFAE6A8D16ACA34967D	59B22764181C475D824B3847F1FC4F2E3EA726C62618AB02D8691B028031CC55	AE9B0EEE540CC07AA3D3FE45D445B0C71815E95D7D461C6AB615903532705D09
G01	1	29	91201029	R1	0.052877352944147	0.00361050970350995	5.873688631216023e-07	0.00022119309970447176	0.840728759765625	0	-0.002009999999999998	0.0024900000000000026	False	0.0	0.840728759765625	5.873688631216023e-07	True	1332264.0	40113.0	275.383172	3123068928.0	world_g01_n029.mat	27811D606D11AB94F747A0810E94227E36704C469D5C4E61A79FAE33C73B5376	59B22764181C475D824B3847F1FC4F2E3EA726C62618AB02D8691B028031CC55	AE9B0EEE540CC07AA3D3FE45D445B0C71815E95D7D461C6AB615903532705D09
G01	1	29	91201029	R2	0.052877352944147	0.00361050970350995	5.873688631216023e-07	0.0005010109155188715	0.769287109375	0	-0.00324	0.004100000000000003	False	0.0	0.769287109375	5.873688631216023e-07	True	1332264.0	40113.0	275.383172	3123068928.0	world_g01_n029.mat	27811D606D11AB94F747A0810E94227E36704C469D5C4E61A79FAE33C73B5376	59B22764181C475D824B3847F1FC4F2E3EA726C62618AB02D8691B028031CC55	AE9B0EEE540CC07AA3D3FE45D445B0C71815E95D7D461C6AB615903532705D09
G01	1	30	91201030	R1	0.052877352944147	0.00361050970350995	5.873688631216023e-07	0.0012672278702025308	0.39105224609375	0	-0.00179	0.004350000000000003	False	0.0	0.39105224609375	5.873688631216023e-07	True	1332264.0	40320.0	292.9506529	3085045760.0	world_g01_n030.mat	1B9CD351DFCCA82A668486D95B953467C338478F4942B880585164E9FCE116BA	59B22764181C475D824B3847F1FC4F2E3EA726C62618AB02D8691B028031CC55	AE9B0EEE540CC07AA3D3FE45D445B0C71815E95D7D461C6AB615903532705D09
G01	1	30	91201030	R2	0.052877352944147	0.00361050970350995	5.873688631216023e-07	-0.004380361496990661	0.050537109375	0	-0.00889	2.0000000000002655e-05	False	0.0	0.050537109375	5.873688631216023e-07	True	1332264.0	40320.0	292.9506529	3085045760.0	world_g01_n030.mat	1B9CD351DFCCA82A668486D95B953467C338478F4942B880585164E9FCE116BA	59B22764181C475D824B3847F1FC4F2E3EA726C62618AB02D8691B028031CC55	AE9B0EEE540CC07AA3D3FE45D445B0C71815E95D7D461C6AB615903532705D09
G01	1	31	91201031	R1	0.052877352944147	0.00361050970350995	5.873688631216023e-07	-0.001605631928089659	0.263702392578125	0	-0.004529999999999999	0.0013300000000000013	False	0.0	0.263702392578125	5.873688631216023e-07	True	1332264.0	40072.0	327.788309	3136892928.0	world_g01_n031.mat	40A9071579AECF76A08AEAAEEC869DB8D7F3B36475CD9FA08AC7AF51167F21D1	59B22764181C475D824B3847F1FC4F2E3EA726C62618AB02D8691B028031CC55	AE9B0EEE540CC07AA3D3FE45D445B0C71815E95D7D461C6AB615903532705D09
G01	1	31	91201031	R2	0.052877352944147	0.00361050970350995	5.873688631216023e-07	-0.0014486773332208472	0.5595703125	0	-0.006829999999999999	0.0038600000000000023	False	0.0	0.5595703125	5.873688631216023e-07	True	1332264.0	40072.0	327.788309	3136892928.0	world_g01_n031.mat	40A9071579AECF76A08AEAAEEC869DB8D7F3B36475CD9FA08AC7AF51167F21D1	59B22764181C475D824B3847F1FC4F2E3EA726C62618AB02D8691B028031CC55	AE9B0EEE540CC07AA3D3FE45D445B0C71815E95D7D461C6AB615903532705D09
G01	1	32	91201032	R1	0.052877352944147	0.00361050970350995	5.873688631216023e-07	0.0009880811171081578	0.42828369140625	0	-0.001639999999999999	0.003610000000000002	False	0.0	0.42828369140625	5.873688631216023e-07	True	1332264.0	40318.0	281.8207592	3137675264.0	world_g01_n032.mat	784FB14CC3CDC1B9D6682DDFBFF6F68E5CB2B0C87C1B3FF938BF138972DFED27	59B22764181C475D824B3847F1FC4F2E3EA726C62618AB02D8691B028031CC55	AE9B0EEE540CC07AA3D3FE45D445B0C71815E95D7D461C6AB615903532705D09
G01	1	32	91201032	R2	0.052877352944147	0.00361050970350995	5.873688631216023e-07	-0.0004191207669276761	0.7841796875	0	-0.003769999999999999	0.002870000000000001	False	0.0	0.7841796875	5.873688631216023e-07	True	1332264.0	40318.0	281.8207592	3137675264.0	world_g01_n032.mat	784FB14CC3CDC1B9D6682DDFBFF6F68E5CB2B0C87C1B3FF938BF138972DFED27	59B22764181C475D824B3847F1FC4F2E3EA726C62618AB02D8691B028031CC55	AE9B0EEE540CC07AA3D3FE45D445B0C71815E95D7D461C6AB615903532705D09
G01	1	33	91201033	R1	0.052877352944147	0.00361050970350995	5.873688631216023e-07	-0.0026401664371566345	0.106231689453125	0	-0.0058699999999999985	0.0006600000000000009	False	0.0	0.106231689453125	5.873688631216023e-07	True	1332264.0	40446.0	331.6801082	3131928576.0	world_g01_n033.mat	EDB601F1B4F10567F78A1B029AC84F32F84C908F5D871CD45DC4E81ECCD3B239	59B22764181C475D824B3847F1FC4F2E3EA726C62618AB02D8691B028031CC55	AE9B0EEE540CC07AA3D3FE45D445B0C71815E95D7D461C6AB615903532705D09
G01	1	33	91201033	R2	0.052877352944147	0.00361050970350995	5.873688631216023e-07	-0.003966150295524875	0.107666015625	0	-0.00855	0.001060000000000002	False	0.0	0.107666015625	5.873688631216023e-07	True	1332264.0	40446.0	331.6801082	3131928576.0	world_g01_n033.mat	EDB601F1B4F10567F78A1B029AC84F32F84C908F5D871CD45DC4E81ECCD3B239	59B22764181C475D824B3847F1FC4F2E3EA726C62618AB02D8691B028031CC55	AE9B0EEE540CC07AA3D3FE45D445B0C71815E95D7D461C6AB615903532705D09
G01	1	34	91201034	R1	0.052877352944147	0.00361050970350995	5.873688631216023e-07	0.001228729300439072	0.380615234375	0	-0.0016799999999999975	0.004140000000000001	False	0.0	0.380615234375	5.873688631216023e-07	True	1332264.0	40308.0	276.7929557	3126071296.0	world_g01_n034.mat	0030DDCCE0F4E102EC9A779E9C0EB8FC7CAF7F0A2364C0998DF2C502D0DB87A8	59B22764181C475D824B3847F1FC4F2E3EA726C62618AB02D8691B028031CC55	AE9B0EEE540CC07AA3D3FE45D445B0C71815E95D7D461C6AB615903532705D09
G01	1	34	91201034	R2	0.052877352944147	0.00361050970350995	5.873688631216023e-07	-0.00036324649433249005	0.85205078125	0	-0.004229999999999998	0.0037300000000000007	False	0.0	0.85205078125	5.873688631216023e-07	True	1332264.0	40308.0	276.7929557	3126071296.0	world_g01_n034.mat	0030DDCCE0F4E102EC9A779E9C0EB8FC7CAF7F0A2364C0998DF2C502D0DB87A8	59B22764181C475D824B3847F1FC4F2E3EA726C62618AB02D8691B028031CC55	AE9B0EEE540CC07AA3D3FE45D445B0C71815E95D7D461C6AB615903532705D09
G01	1	35	91201035	R1	0.052877352944147	0.00361050970350995	5.873688631216023e-07	0.0005327530366067098	0.72210693359375	0	-0.0026199999999999973	0.0036000000000000025	False	0.0	0.72210693359375	5.873688631216023e-07	True	1332264.0	40030.0	293.2121808	3087949824.0	world_g01_n035.mat	3254B8EC495CDB6141A0FE88D0150BACDE30E73498807B3549A0482607FF8466	59B22764181C475D824B3847F1FC4F2E3EA726C62618AB02D8691B028031CC55	AE9B0EEE540CC07AA3D3FE45D445B0C71815E95D7D461C6AB615903532705D09
G01	1	35	91201035	R2	0.052877352944147	0.00361050970350995	5.873688631216023e-07	-0.0005603972303124029	0.6904296875	0	-0.0036099999999999986	0.0024900000000000026	False	0.0	0.6904296875	5.873688631216023e-07	True	1332264.0	40030.0	293.2121808	3087949824.0	world_g01_n035.mat	3254B8EC495CDB6141A0FE88D0150BACDE30E73498807B3549A0482607FF8466	59B22764181C475D824B3847F1FC4F2E3EA726C62618AB02D8691B028031CC55	AE9B0EEE540CC07AA3D3FE45D445B0C71815E95D7D461C6AB615903532705D09
G01	1	36	91201036	R1	0.052877352944147	0.00361050970350995	5.873688631216023e-07	0.001435709086367829	0.363800048828125	0	-0.0018299999999999983	0.00468	False	0.0	0.363800048828125	5.873688631216023e-07	True	1332264.0	40223.0	327.138581	3141795840.0	world_g01_n036.mat	4D2CFDD3A474D3A60C1090D6362C9EF35C66013CF75FB55349776A98FF3D1C22	59B22764181C475D824B3847F1FC4F2E3EA726C62618AB02D8691B028031CC55	AE9B0EEE540CC07AA3D3FE45D445B0C71815E95D7D461C6AB615903532705D09
G01	1	36	91201036	R2	0.052877352944147	0.00361050970350995	5.873688631216023e-07	-0.0015668156945202393	0.38916015625	0	-0.00541	0.0022800000000000008	False	0.0	0.38916015625	5.873688631216023e-07	True	1332264.0	40223.0	327.138581	3141795840.0	world_g01_n036.mat	4D2CFDD3A474D3A60C1090D6362C9EF35C66013CF75FB55349776A98FF3D1C22	59B22764181C475D824B3847F1FC4F2E3EA726C62618AB02D8691B028031CC55	AE9B0EEE540CC07AA3D3FE45D445B0C71815E95D7D461C6AB615903532705D09
G01	1	37	91201037	R1	0.052877352944147	0.00361050970350995	5.873688631216023e-07	-0.0008695496529421419	0.55487060546875	0	-0.003979999999999997	0.00221	False	0.0	0.55487060546875	5.873688631216023e-07	True	1332264.0	39988.0	279.7655365	3140620288.0	world_g01_n037.mat	8EFE2CC544E8E6053AB7D8900300D5445ED9AF8E60D1D0D93095B26C681CB390	59B22764181C475D824B3847F1FC4F2E3EA726C62618AB02D8691B028031CC55	AE9B0EEE540CC07AA3D3FE45D445B0C71815E95D7D461C6AB615903532705D09
G01	1	37	91201037	R2	0.052877352944147	0.00361050970350995	5.873688631216023e-07	0.0020922658062182127	0.121826171875	0	-0.0006899999999999996	0.004810000000000002	False	0.0	0.121826171875	5.873688631216023e-07	True	1332264.0	39988.0	279.7655365	3140620288.0	world_g01_n037.mat	8EFE2CC544E8E6053AB7D8900300D5445ED9AF8E60D1D0D93095B26C681CB390	59B22764181C475D824B3847F1FC4F2E3EA726C62618AB02D8691B028031CC55	AE9B0EEE540CC07AA3D3FE45D445B0C71815E95D7D461C6AB615903532705D09
G01	1	38	91201038	R1	0.052877352944147	0.00361050970350995	5.873688631216023e-07	-0.001685085392632007	0.228729248046875	0	-0.00456	0.0011400000000000021	False	0.0	0.228729248046875	5.873688631216023e-07	True	1332264.0	40096.0	333.0752046	3132956672.0	world_g01_n038.mat	7B489838294FED1AC9AD783610409070DDE228DECA4C011CB78BC25ACF8FA75C	59B22764181C475D824B3847F1FC4F2E3EA726C62618AB02D8691B028031CC55	AE9B0EEE540CC07AA3D3FE45D445B0C71815E95D7D461C6AB615903532705D09
G01	1	38	91201038	R2	0.052877352944147	0.00361050970350995	5.873688631216023e-07	-0.0003396368150724262	0.76708984375	0	-0.0028399999999999988	0.002190000000000001	False	0.0	0.76708984375	5.873688631216023e-07	True	1332264.0	40096.0	333.0752046	3132956672.0	world_g01_n038.mat	7B489838294FED1AC9AD783610409070DDE228DECA4C011CB78BC25ACF8FA75C	59B22764181C475D824B3847F1FC4F2E3EA726C62618AB02D8691B028031CC55	AE9B0EEE540CC07AA3D3FE45D445B0C71815E95D7D461C6AB615903532705D09
G01	1	39	91201039	R1	0.052877352944147	0.00361050970350995	5.873688631216023e-07	7.282074879331042e-05	0.962188720703125	0	-0.003089999999999999	0.0031400000000000004	False	0.0	0.962188720703125	5.873688631216023e-07	True	1332264.0	40021.0	274.831366	3128496128.0	world_g01_n039.mat	568DCC83F6671D03C12043A5BBA7A76E8ADD607B94404DC551385FE8C69931B5	59B22764181C475D824B3847F1FC4F2E3EA726C62618AB02D8691B028031CC55	AE9B0EEE540CC07AA3D3FE45D445B0C71815E95D7D461C6AB615903532705D09
G01	1	39	91201039	R2	0.052877352944147	0.00361050970350995	5.873688631216023e-07	-0.0006370892883169658	0.791748046875	0	-0.00579	0.004570000000000001	False	0.0	0.791748046875	5.873688631216023e-07	True	1332264.0	40021.0	274.831366	3128496128.0	world_g01_n039.mat	568DCC83F6671D03C12043A5BBA7A76E8ADD607B94404DC551385FE8C69931B5	59B22764181C475D824B3847F1FC4F2E3EA726C62618AB02D8691B028031CC55	AE9B0EEE540CC07AA3D3FE45D445B0C71815E95D7D461C6AB615903532705D09
G01	1	40	91201040	R1	0.052877352944147	0.00361050970350995	5.873688631216023e-07	0.0005102852790092841	0.769378662109375	0	-0.0031899999999999984	0.004190000000000003	False	0.0	0.769378662109375	5.873688631216023e-07	True	1332264.0	40323.0	292.3298141	3091808256.0	world_g01_n040.mat	96789CB4D2AA2A901D5EA763598D390B947F9B1D048B8D800F535468539A867C	59B22764181C475D824B3847F1FC4F2E3EA726C62618AB02D8691B028031CC55	AE9B0EEE540CC07AA3D3FE45D445B0C71815E95D7D461C6AB615903532705D09
G01	1	40	91201040	R2	0.052877352944147	0.00361050970350995	5.873688631216023e-07	0.003278758564956849	0.003662109375	1	0.0013900000000000023	0.005170000000000001	False	0.0	0.003662109375	5.873688631216023e-07	False	1332264.0	40323.0	292.3298141	3091808256.0	world_g01_n040.mat	96789CB4D2AA2A901D5EA763598D390B947F9B1D048B8D800F535468539A867C	59B22764181C475D824B3847F1FC4F2E3EA726C62618AB02D8691B028031CC55	AE9B0EEE540CC07AA3D3FE45D445B0C71815E95D7D461C6AB615903532705D09
G01	1	41	91201041	R1	0.052877352944147	0.00361050970350995	5.873688631216023e-07	-0.0015149738314722979	0.243316650390625	0	-0.004119999999999999	0.00102	False	0.0	0.243316650390625	5.873688631216023e-07	True	1332264.0	40202.0	324.7409557	3137114112.0	world_g01_n041.mat	824A51BD6824DA30BE5C20ACDDA50DF27CD95F6C2EA227DF0F58961902D86402	59B22764181C475D824B3847F1FC4F2E3EA726C62618AB02D8691B028031CC55	AE9B0EEE540CC07AA3D3FE45D445B0C71815E95D7D461C6AB615903532705D09
G01	1	41	91201041	R2	0.052877352944147	0.00361050970350995	5.873688631216023e-07	0.002809575124508675	0.009033203125	1	0.0009399999999999999	0.004710000000000002	False	0.0	0.009033203125	5.873688631216023e-07	False	1332264.0	40202.0	324.7409557	3137114112.0	world_g01_n041.mat	824A51BD6824DA30BE5C20ACDDA50DF27CD95F6C2EA227DF0F58961902D86402	59B22764181C475D824B3847F1FC4F2E3EA726C62618AB02D8691B028031CC55	AE9B0EEE540CC07AA3D3FE45D445B0C71815E95D7D461C6AB615903532705D09
G01	1	42	91201042	R1	0.052877352944147	0.00361050970350995	5.873688631216023e-07	0.00336468590612025	0.1134033203125	0	-0.000899999999999998	0.007590000000000003	False	0.0	0.1134033203125	5.873688631216023e-07	True	1332264.0	40536.0	281.2957332	3137826816.0	world_g01_n042.mat	1E44A0100D8B5ED910B3BEBE0E4F67992E96895EF0391CBB45E136283F1E53D0	59B22764181C475D824B3847F1FC4F2E3EA726C62618AB02D8691B028031CC55	AE9B0EEE540CC07AA3D3FE45D445B0C71815E95D7D461C6AB615903532705D09
G01	1	42	91201042	R2	0.052877352944147	0.00361050970350995	5.873688631216023e-07	0.002007418940099965	0.2578125	0	-0.001749999999999998	0.0057300000000000025	False	0.0	0.2578125	5.873688631216023e-07	True	1332264.0	40536.0	281.2957332	3137826816.0	world_g01_n042.mat	1E44A0100D8B5ED910B3BEBE0E4F67992E96895EF0391CBB45E136283F1E53D0	59B22764181C475D824B3847F1FC4F2E3EA726C62618AB02D8691B028031CC55	AE9B0EEE540CC07AA3D3FE45D445B0C71815E95D7D461C6AB615903532705D09
G01	1	43	91201043	R1	0.052877352944147	0.00361050970350995	5.873688631216023e-07	0.0011663443465202105	0.39935302734375	0	-0.001749999999999998	0.004	False	0.0	0.39935302734375	5.873688631216023e-07	True	1332264.0	40048.0	328.4571016	3134861312.0	world_g01_n043.mat	2D8C62115356763B635C8559F269C7BEA4C9A7D8259615CA4784EB1E5589F51F	59B22764181C475D824B3847F1FC4F2E3EA726C62618AB02D8691B028031CC55	AE9B0EEE540CC07AA3D3FE45D445B0C71815E95D7D461C6AB615903532705D09
G01	1	43	91201043	R2	0.052877352944147	0.00361050970350995	5.873688631216023e-07	-0.003115064786793338	0.06396484375	0	-0.00618	0.00023000000000000104	False	0.0	0.06396484375	5.873688631216023e-07	True	1332264.0	40048.0	328.4571016	3134861312.0	world_g01_n043.mat	2D8C62115356763B635C8559F269C7BEA4C9A7D8259615CA4784EB1E5589F51F	59B22764181C475D824B3847F1FC4F2E3EA726C62618AB02D8691B028031CC55	AE9B0EEE540CC07AA3D3FE45D445B0C71815E95D7D461C6AB615903532705D09
G01	1	44	91201044	R1	0.052877352944147	0.00361050970350995	5.873688631216023e-07	0.0007017691584137569	0.559967041015625	0	-0.0018199999999999987	0.003190000000000002	False	0.0	0.559967041015625	5.873688631216023e-07	True	1332264.0	40772.0	275.9551841	3128991744.0	world_g01_n044.mat	4FB74B4B17582277BF0D0DDDB824360A450222817AE725179AB25CDDFFD21B64	59B22764181C475D824B3847F1FC4F2E3EA726C62618AB02D8691B028031CC55	AE9B0EEE540CC07AA3D3FE45D445B0C71815E95D7D461C6AB615903532705D09
G01	1	44	91201044	R2	0.052877352944147	0.00361050970350995	5.873688631216023e-07	-0.0008433475594651292	0.646240234375	0	-0.00477	0.0030900000000000025	False	0.0	0.646240234375	5.873688631216023e-07	True	1332264.0	40772.0	275.9551841	3128991744.0	world_g01_n044.mat	4FB74B4B17582277BF0D0DDDB824360A450222817AE725179AB25CDDFFD21B64	59B22764181C475D824B3847F1FC4F2E3EA726C62618AB02D8691B028031CC55	AE9B0EEE540CC07AA3D3FE45D445B0C71815E95D7D461C6AB615903532705D09
G01	1	45	91201045	R1	0.052877352944147	0.00361050970350995	5.873688631216023e-07	0.0010270787942927037	0.631988525390625	0	-0.0035600000000000007	0.005580000000000002	False	0.0	0.631988525390625	5.873688631216023e-07	True	1332264.0	40118.0	289.4867804	3093151744.0	world_g01_n045.mat	778603101BEE79B001C4D0C19E08A9685F50EAC5D20A24EEAD4F868B062C52AA	59B22764181C475D824B3847F1FC4F2E3EA726C62618AB02D8691B028031CC55	AE9B0EEE540CC07AA3D3FE45D445B0C71815E95D7D461C6AB615903532705D09
G01	1	45	91201045	R2	0.052877352944147	0.00361050970350995	5.873688631216023e-07	-0.0007056964619309703	0.795166015625	0	-0.006589999999999999	0.005250000000000001	False	0.0	0.795166015625	5.873688631216023e-07	True	1332264.0	40118.0	289.4867804	3093151744.0	world_g01_n045.mat	778603101BEE79B001C4D0C19E08A9685F50EAC5D20A24EEAD4F868B062C52AA	59B22764181C475D824B3847F1FC4F2E3EA726C62618AB02D8691B028031CC55	AE9B0EEE540CC07AA3D3FE45D445B0C71815E95D7D461C6AB615903532705D09
G01	1	46	91201046	R1	0.052877352944147	0.00361050970350995	5.873688631216023e-07	0.001353539794250694	0.2646484375	0	-0.0011399999999999987	0.003840000000000003	False	0.0	0.2646484375	5.873688631216023e-07	True	1332264.0	40127.0	329.8088422	3141455872.0	world_g01_n046.mat	C7B39AA00253E05E4C071AD5E69B3330775EEFA49A54B8E2D964C50EA34F35FD	59B22764181C475D824B3847F1FC4F2E3EA726C62618AB02D8691B028031CC55	AE9B0EEE540CC07AA3D3FE45D445B0C71815E95D7D461C6AB615903532705D09
G01	1	46	91201046	R2	0.052877352944147	0.00361050970350995	5.873688631216023e-07	-0.0006835472892883969	0.6787109375	0	-0.004309999999999998	0.0029200000000000025	False	0.0	0.6787109375	5.873688631216023e-07	True	1332264.0	40127.0	329.8088422	3141455872.0	world_g01_n046.mat	C7B39AA00253E05E4C071AD5E69B3330775EEFA49A54B8E2D964C50EA34F35FD	59B22764181C475D824B3847F1FC4F2E3EA726C62618AB02D8691B028031CC55	AE9B0EEE540CC07AA3D3FE45D445B0C71815E95D7D461C6AB615903532705D09
G01	1	47	91201047	R1	0.052877352944147	0.00361050970350995	5.873688631216023e-07	0.001402311423786819	0.459075927734375	0	-0.002429999999999998	0.005310000000000002	False	0.0	0.459075927734375	5.873688631216023e-07	True	1332264.0	40230.0	283.3841072	3140321280.0	world_g01_n047.mat	7C7BCB9FF9DD33AF96B71040D47A4314364300DC036D9C1170C3C6CBCEE7BF5A	59B22764181C475D824B3847F1FC4F2E3EA726C62618AB02D8691B028031CC55	AE9B0EEE540CC07AA3D3FE45D445B0C71815E95D7D461C6AB615903532705D09
G01	1	47	91201047	R2	0.052877352944147	0.00361050970350995	5.873688631216023e-07	-0.0004346490618329355	0.795166015625	0	-0.0036999999999999984	0.003020000000000002	False	0.0	0.795166015625	5.873688631216023e-07	True	1332264.0	40230.0	283.3841072	3140321280.0	world_g01_n047.mat	7C7BCB9FF9DD33AF96B71040D47A4314364300DC036D9C1170C3C6CBCEE7BF5A	59B22764181C475D824B3847F1FC4F2E3EA726C62618AB02D8691B028031CC55	AE9B0EEE540CC07AA3D3FE45D445B0C71815E95D7D461C6AB615903532705D09
G01	1	48	91201048	R1	0.052877352944147	0.00361050970350995	5.873688631216023e-07	0.001527599472982971	0.123382568359375	0	-0.0004699999999999982	0.0035400000000000015	False	0.0	0.123382568359375	5.873688631216023e-07	True	1332264.0	40292.0	327.4924059	3131871232.0	world_g01_n048.mat	515B37C1E92754022C8BBA42095831C88787E9987BD9FA87905095BCEBC8EDB7	59B22764181C475D824B3847F1FC4F2E3EA726C62618AB02D8691B028031CC55	AE9B0EEE540CC07AA3D3FE45D445B0C71815E95D7D461C6AB615903532705D09
G01	1	48	91201048	R2	0.052877352944147	0.00361050970350995	5.873688631216023e-07	-0.001340830600678889	0.552490234375	0	-0.006159999999999999	0.003530000000000002	False	0.0	0.552490234375	5.873688631216023e-07	True	1332264.0	40292.0	327.4924059	3131871232.0	world_g01_n048.mat	515B37C1E92754022C8BBA42095831C88787E9987BD9FA87905095BCEBC8EDB7	59B22764181C475D824B3847F1FC4F2E3EA726C62618AB02D8691B028031CC55	AE9B0EEE540CC07AA3D3FE45D445B0C71815E95D7D461C6AB615903532705D09
G01	1	49	91201049	R1	0.052877352944147	0.00361050970350995	5.873688631216023e-07	-0.0007757392639426653	0.61798095703125	0	-0.004029999999999999	0.002480000000000003	False	0.0	0.61798095703125	5.873688631216023e-07	True	1332264.0	40223.0	273.5398487	3127283712.0	world_g01_n049.mat	D0E12721361DD10BA9A34F23AED6E300496749500CABA092273D2EDD532880F3	59B22764181C475D824B3847F1FC4F2E3EA726C62618AB02D8691B028031CC55	AE9B0EEE540CC07AA3D3FE45D445B0C71815E95D7D461C6AB615903532705D09
G01	1	49	91201049	R2	0.052877352944147	0.00361050970350995	5.873688631216023e-07	-0.0026563211888923355	0.200439453125	0	-0.00685	0.00162	False	0.0	0.200439453125	5.873688631216023e-07	True	1332264.0	40223.0	273.5398487	3127283712.0	world_g01_n049.mat	D0E12721361DD10BA9A34F23AED6E300496749500CABA092273D2EDD532880F3	59B22764181C475D824B3847F1FC4F2E3EA726C62618AB02D8691B028031CC55	AE9B0EEE540CC07AA3D3FE45D445B0C71815E95D7D461C6AB615903532705D09
G01	1	50	91201050	R1	0.052877352944147	0.00361050970350995	5.873688631216023e-07	0.0010852641716348204	0.4583740234375	0	-0.002009999999999998	0.004190000000000003	False	0.0	0.4583740234375	5.873688631216023e-07	True	1332264.0	40120.0	290.2415818	3089928192.0	world_g01_n050.mat	8903F3D5E3CD7CED412F70F2251C76554C164BDCB92517240E34D6CC6EBA5120	59B22764181C475D824B3847F1FC4F2E3EA726C62618AB02D8691B028031CC55	AE9B0EEE540CC07AA3D3FE45D445B0C71815E95D7D461C6AB615903532705D09
G01	1	50	91201050	R2	0.052877352944147	0.00361050970350995	5.873688631216023e-07	-0.0009337117471095722	0.5703125	0	-0.004409999999999999	0.0024100000000000024	False	0.0	0.5703125	5.873688631216023e-07	True	1332264.0	40120.0	290.2415818	3089928192.0	world_g01_n050.mat	8903F3D5E3CD7CED412F70F2251C76554C164BDCB92517240E34D6CC6EBA5120	59B22764181C475D824B3847F1FC4F2E3EA726C62618AB02D8691B028031CC55	AE9B0EEE540CC07AA3D3FE45D445B0C71815E95D7D461C6AB615903532705D09
G01	1	51	91201051	R1	0.052877352944147	0.00361050970350995	5.873688631216023e-07	-0.0008033066406314493	0.6527099609375	0	-0.004579999999999999	0.0029500000000000012	False	0.0	0.6527099609375	5.873688631216023e-07	True	1332264.0	40151.0	322.6167483	3129147392.0	world_g01_n051.mat	3ACF3B9AFC22C999485CFC53FC3A89AFC34A0E1006CA95E3D6D9D7AD34B5F3DA	59B22764181C475D824B3847F1FC4F2E3EA726C62618AB02D8691B028031CC55	AE9B0EEE540CC07AA3D3FE45D445B0C71815E95D7D461C6AB615903532705D09
G01	1	51	91201051	R2	0.052877352944147	0.00361050970350995	5.873688631216023e-07	0.0021732936494795884	0.197998046875	0	-0.0013099999999999987	0.005330000000000001	False	0.0	0.197998046875	5.873688631216023e-07	True	1332264.0	40151.0	322.6167483	3129147392.0	world_g01_n051.mat	3ACF3B9AFC22C999485CFC53FC3A89AFC34A0E1006CA95E3D6D9D7AD34B5F3DA	59B22764181C475D824B3847F1FC4F2E3EA726C62618AB02D8691B028031CC55	AE9B0EEE540CC07AA3D3FE45D445B0C71815E95D7D461C6AB615903532705D09
G01	1	52	91201052	R1	0.052877352944147	0.00361050970350995	5.873688631216023e-07	0.0024269576478957574	0.21002197265625	0	-0.0015200000000000005	0.0064100000000000025	False	0.0	0.21002197265625	5.873688631216023e-07	True	1332264.0	40211.0	279.2513816	3128803328.0	world_g01_n052.mat	78C5514A3958609F5AACB94F9DAE6CF346C7880D686FC70DC3BF746351346683	59B22764181C475D824B3847F1FC4F2E3EA726C62618AB02D8691B028031CC55	AE9B0EEE540CC07AA3D3FE45D445B0C71815E95D7D461C6AB615903532705D09
G01	1	52	91201052	R2	0.052877352944147	0.00361050970350995	5.873688631216023e-07	-0.0017073275263259817	0.392333984375	0	-0.006019999999999999	0.002620000000000001	False	0.0	0.392333984375	5.873688631216023e-07	True	1332264.0	40211.0	279.2513816	3128803328.0	world_g01_n052.mat	78C5514A3958609F5AACB94F9DAE6CF346C7880D686FC70DC3BF746351346683	59B22764181C475D824B3847F1FC4F2E3EA726C62618AB02D8691B028031CC55	AE9B0EEE540CC07AA3D3FE45D445B0C71815E95D7D461C6AB615903532705D09
G01	1	53	91201053	R1	0.052877352944147	0.00361050970350995	5.873688631216023e-07	0.000253248507979437	0.867431640625	0	-0.0029899999999999996	0.0035200000000000023	False	0.0	0.867431640625	5.873688631216023e-07	True	1332264.0	40329.0	329.0629376	3123945472.0	world_g01_n053.mat	2964EEC46CDD86B4FA003F5F059F8C4AF1517816AFD04265DB53EA7A96067D24	59B22764181C475D824B3847F1FC4F2E3EA726C62618AB02D8691B028031CC55	AE9B0EEE540CC07AA3D3FE45D445B0C71815E95D7D461C6AB615903532705D09
G01	1	53	91201053	R2	0.052877352944147	0.00361050970350995	5.873688631216023e-07	0.0015843736082592089	0.330322265625	0	-0.0018600000000000005	0.005050000000000002	False	0.0	0.330322265625	5.873688631216023e-07	True	1332264.0	40329.0	329.0629376	3123945472.0	world_g01_n053.mat	2964EEC46CDD86B4FA003F5F059F8C4AF1517816AFD04265DB53EA7A96067D24	59B22764181C475D824B3847F1FC4F2E3EA726C62618AB02D8691B028031CC55	AE9B0EEE540CC07AA3D3FE45D445B0C71815E95D7D461C6AB615903532705D09
G01	1	54	91201054	R1	0.052877352944147	0.00361050970350995	5.873688631216023e-07	0.00030756321732972074	0.82867431640625	0	-0.002689999999999998	0.003300000000000001	False	0.0	0.82867431640625	5.873688631216023e-07	True	1332264.0	40135.0	274.371659	3119116288.0	world_g01_n054.mat	4AAFB0CEB90D8D293D66A65588C477B5B302C0316403A5EB1DF68C51BF769A53	59B22764181C475D824B3847F1FC4F2E3EA726C62618AB02D8691B028031CC55	AE9B0EEE540CC07AA3D3FE45D445B0C71815E95D7D461C6AB615903532705D09
G01	1	54	91201054	R2	0.052877352944147	0.00361050970350995	5.873688631216023e-07	-0.00421512368400926	0.02099609375	1	-0.00775	-0.000729999999999998	False	0.0	0.02099609375	5.873688631216023e-07	False	1332264.0	40135.0	274.371659	3119116288.0	world_g01_n054.mat	4AAFB0CEB90D8D293D66A65588C477B5B302C0316403A5EB1DF68C51BF769A53	59B22764181C475D824B3847F1FC4F2E3EA726C62618AB02D8691B028031CC55	AE9B0EEE540CC07AA3D3FE45D445B0C71815E95D7D461C6AB615903532705D09
G01	1	55	91201055	R1	0.052877352944147	0.00361050970350995	5.873688631216023e-07	-0.0007146734622993211	0.57208251953125	0	-0.0031299999999999974	0.001850000000000001	False	0.0	0.57208251953125	5.873688631216023e-07	True	1332264.0	40020.0	288.9631891	3080962048.0	world_g01_n055.mat	E2F0E807925353A646690FB5EEE483A47C415D3B74648F1033407DB44DE9BF36	59B22764181C475D824B3847F1FC4F2E3EA726C62618AB02D8691B028031CC55	AE9B0EEE540CC07AA3D3FE45D445B0C71815E95D7D461C6AB615903532705D09
G01	1	55	91201055	R2	0.052877352944147	0.00361050970350995	5.873688631216023e-07	0.0003767701578778135	0.688232421875	0	-0.0016900000000000005	0.002420000000000002	False	0.0	0.688232421875	5.873688631216023e-07	True	1332264.0	40020.0	288.9631891	3080962048.0	world_g01_n055.mat	E2F0E807925353A646690FB5EEE483A47C415D3B74648F1033407DB44DE9BF36	59B22764181C475D824B3847F1FC4F2E3EA726C62618AB02D8691B028031CC55	AE9B0EEE540CC07AA3D3FE45D445B0C71815E95D7D461C6AB615903532705D09
G01	1	56	91201056	R1	0.052877352944147	0.00361050970350995	5.873688631216023e-07	0.00014241263954581	0.9241943359375	0	-0.00307	0.003360000000000002	False	0.0	0.9241943359375	5.873688631216023e-07	True	1332264.0	40251.0	326.0596811	3132551168.0	world_g01_n056.mat	217A1E7D4BC7AAD22B5131A9F59326B846157CD0B4581C7DECE97FD2F47DC74E	59B22764181C475D824B3847F1FC4F2E3EA726C62618AB02D8691B028031CC55	AE9B0EEE540CC07AA3D3FE45D445B0C71815E95D7D461C6AB615903532705D09
G01	1	56	91201056	R2	0.052877352944147	0.00361050970350995	5.873688631216023e-07	-0.0023282614634685655	0.321044921875	0	-0.007089999999999999	0.002160000000000002	False	0.0	0.321044921875	5.873688631216023e-07	True	1332264.0	40251.0	326.0596811	3132551168.0	world_g01_n056.mat	217A1E7D4BC7AAD22B5131A9F59326B846157CD0B4581C7DECE97FD2F47DC74E	59B22764181C475D824B3847F1FC4F2E3EA726C62618AB02D8691B028031CC55	AE9B0EEE540CC07AA3D3FE45D445B0C71815E95D7D461C6AB615903532705D09
G01	1	57	91201057	R1	0.052877352944147	0.00361050970350995	5.873688631216023e-07	0.0006784109292242092	0.63525390625	0	-0.0023899999999999998	0.00375	False	0.0	0.63525390625	5.873688631216023e-07	True	1332264.0	39962.0	279.0875104	3132801024.0	world_g01_n057.mat	F23D7E527C81318D5B5EEBBC871848FB1F2DAA84385C9105DB8857E6FE4A28EB	59B22764181C475D824B3847F1FC4F2E3EA726C62618AB02D8691B028031CC55	AE9B0EEE540CC07AA3D3FE45D445B0C71815E95D7D461C6AB615903532705D09
G01	1	57	91201057	R2	0.052877352944147	0.00361050970350995	5.873688631216023e-07	-0.002573435849912098	0.11181640625	0	-0.00592	0.0006500000000000013	False	0.0	0.11181640625	5.873688631216023e-07	True	1332264.0	39962.0	279.0875104	3132801024.0	world_g01_n057.mat	F23D7E527C81318D5B5EEBBC871848FB1F2DAA84385C9105DB8857E6FE4A28EB	59B22764181C475D824B3847F1FC4F2E3EA726C62618AB02D8691B028031CC55	AE9B0EEE540CC07AA3D3FE45D445B0C71815E95D7D461C6AB615903532705D09
G01	1	58	91201058	R1	0.052877352944147	0.00361050970350995	5.873688631216023e-07	-0.003353346837132909	0.079071044921875	0	-0.00724	0.00037000000000000227	False	0.0	0.079071044921875	5.873688631216023e-07	True	1332264.0	40298.0	330.0336283	3125960704.0	world_g01_n058.mat	2F1A93C8147FC911C3F482C01A69F8579A0A331A2A541D472787B06EF82455CA	59B22764181C475D824B3847F1FC4F2E3EA726C62618AB02D8691B028031CC55	AE9B0EEE540CC07AA3D3FE45D445B0C71815E95D7D461C6AB615903532705D09
G01	1	58	91201058	R2	0.052877352944147	0.00361050970350995	5.873688631216023e-07	-0.0025414742963391144	0.193359375	0	-0.0065499999999999985	0.0011999999999999997	False	0.0	0.193359375	5.873688631216023e-07	True	1332264.0	40298.0	330.0336283	3125960704.0	world_g01_n058.mat	2F1A93C8147FC911C3F482C01A69F8579A0A331A2A541D472787B06EF82455CA	59B22764181C475D824B3847F1FC4F2E3EA726C62618AB02D8691B028031CC55	AE9B0EEE540CC07AA3D3FE45D445B0C71815E95D7D461C6AB615903532705D09
G01	1	59	91201059	R1	0.052877352944147	0.00361050970350995	5.873688631216023e-07	0.0008254622727390616	0.538238525390625	0	-0.0018799999999999997	0.0036200000000000017	False	0.0	0.538238525390625	5.873688631216023e-07	True	1332264.0	40233.0	274.9819248	3122159616.0	world_g01_n059.mat	A11CD1509C6E13DA1EFDBAFCB9FA466E68AA36FFB20606203649E2D3686CA42B	59B22764181C475D824B3847F1FC4F2E3EA726C62618AB02D8691B028031CC55	AE9B0EEE540CC07AA3D3FE45D445B0C71815E95D7D461C6AB615903532705D09
G01	1	59	91201059	R2	0.052877352944147	0.00361050970350995	5.873688631216023e-07	0.001801831210051007	0.15869140625	0	-0.0008500000000000001	0.0043300000000000005	False	0.0	0.15869140625	5.873688631216023e-07	True	1332264.0	40233.0	274.9819248	3122159616.0	world_g01_n059.mat	A11CD1509C6E13DA1EFDBAFCB9FA466E68AA36FFB20606203649E2D3686CA42B	59B22764181C475D824B3847F1FC4F2E3EA726C62618AB02D8691B028031CC55	AE9B0EEE540CC07AA3D3FE45D445B0C71815E95D7D461C6AB615903532705D09
G01	1	60	91201060	R1	0.052877352944147	0.00361050970350995	5.873688631216023e-07	-0.0012555210885442987	0.513275146484375	0	-0.005259999999999999	0.0026700000000000022	False	0.0	0.513275146484375	5.873688631216023e-07	True	1332264.0	39777.0	292.225376	3082698752.0	world_g01_n060.mat	8A97DF970A2BBCA6E29FBBC833533CB40E723201DBD4475C01918502FDAC7566	59B22764181C475D824B3847F1FC4F2E3EA726C62618AB02D8691B028031CC55	AE9B0EEE540CC07AA3D3FE45D445B0C71815E95D7D461C6AB615903532705D09
G01	1	60	91201060	R2	0.052877352944147	0.00361050970350995	5.873688631216023e-07	-0.001242271352522408	0.366943359375	0	-0.004129999999999998	0.0016600000000000018	False	0.0	0.366943359375	5.873688631216023e-07	True	1332264.0	39777.0	292.225376	3082698752.0	world_g01_n060.mat	8A97DF970A2BBCA6E29FBBC833533CB40E723201DBD4475C01918502FDAC7566	59B22764181C475D824B3847F1FC4F2E3EA726C62618AB02D8691B028031CC55	AE9B0EEE540CC07AA3D3FE45D445B0C71815E95D7D461C6AB615903532705D09
G01	1	61	91201061	R1	0.052877352944147	0.00361050970350995	5.873688631216023e-07	0.0013047288948728067	0.41845703125	0	-0.0021099999999999973	0.004650000000000001	False	0.0	0.41845703125	5.873688631216023e-07	True	1332264.0	39736.0	350.2160826	3140886528.0	world_g01_n061.mat	1BA0C30C55EEDD44507BD15F60548562FD9036F0740938656968C08D6B06CDD7	59B22764181C475D824B3847F1FC4F2E3EA726C62618AB02D8691B028031CC55	AE9B0EEE540CC07AA3D3FE45D445B0C71815E95D7D461C6AB615903532705D09
G01	1	61	91201061	R2	0.052877352944147	0.00361050970350995	5.873688631216023e-07	-0.0011130906849576572	0.574951171875	0	-0.0053999999999999986	0.00324	False	0.0	0.574951171875	5.873688631216023e-07	True	1332264.0	39736.0	350.2160826	3140886528.0	world_g01_n061.mat	1BA0C30C55EEDD44507BD15F60548562FD9036F0740938656968C08D6B06CDD7	59B22764181C475D824B3847F1FC4F2E3EA726C62618AB02D8691B028031CC55	AE9B0EEE540CC07AA3D3FE45D445B0C71815E95D7D461C6AB615903532705D09
G01	1	62	91201062	R1	0.052877352944147	0.00361050970350995	5.873688631216023e-07	0.00027450165232659966	0.8541259765625	0	-0.0026799999999999984	0.00307	False	0.0	0.8541259765625	5.873688631216023e-07	True	1332264.0	40142.0	354.0410798	3139866624.0	world_g01_n062.mat	E530BE80574105ABAC2445AD0882990546475FBC1027B98ECCE92FB5C5A09048	59B22764181C475D824B3847F1FC4F2E3EA726C62618AB02D8691B028031CC55	AE9B0EEE540CC07AA3D3FE45D445B0C71815E95D7D461C6AB615903532705D09
G01	1	62	91201062	R2	0.052877352944147	0.00361050970350995	5.873688631216023e-07	-0.0035912288989059463	0.015380859375	1	-0.00643	-0.000789999999999999	False	0.0	0.015380859375	5.873688631216023e-07	False	1332264.0	40142.0	354.0410798	3139866624.0	world_g01_n062.mat	E530BE80574105ABAC2445AD0882990546475FBC1027B98ECCE92FB5C5A09048	59B22764181C475D824B3847F1FC4F2E3EA726C62618AB02D8691B028031CC55	AE9B0EEE540CC07AA3D3FE45D445B0C71815E95D7D461C6AB615903532705D09
G01	1	63	91201063	R1	0.052877352944147	0.00361050970350995	5.873688631216023e-07	0.0007155140802469587	0.629852294921875	0	-0.0023999999999999994	0.0038500000000000027	False	0.0	0.629852294921875	5.873688631216023e-07	True	1332264.0	40140.0	344.025145	3139874816.0	world_g01_n063.mat	21425692101B3ED3555AE3DAE2D79E2F2A5BFDAE8D9EFC9F78C543E2EB8C8497	59B22764181C475D824B3847F1FC4F2E3EA726C62618AB02D8691B028031CC55	AE9B0EEE540CC07AA3D3FE45D445B0C71815E95D7D461C6AB615903532705D09
G01	1	63	91201063	R2	0.052877352944147	0.00361050970350995	5.873688631216023e-07	0.0033633268800824677	0.102783203125	0	-0.0007099999999999988	0.007630000000000001	False	0.0	0.102783203125	5.873688631216023e-07	True	1332264.0	40140.0	344.025145	3139874816.0	world_g01_n063.mat	21425692101B3ED3555AE3DAE2D79E2F2A5BFDAE8D9EFC9F78C543E2EB8C8497	59B22764181C475D824B3847F1FC4F2E3EA726C62618AB02D8691B028031CC55	AE9B0EEE540CC07AA3D3FE45D445B0C71815E95D7D461C6AB615903532705D09
G01	1	64	91201064	R1	0.052877352944147	0.00361050970350995	5.873688631216023e-07	0.00019253096963399495	0.917938232421875	0	-0.0034800000000000005	0.003970000000000001	False	0.0	0.917938232421875	5.873688631216023e-07	True	1332264.0	40236.0	343.1033231	3139739648.0	world_g01_n064.mat	A78EB99DCCAC997A1B5ACBC929B35B825B0AC09751280A4389F9447ADEC32573	59B22764181C475D824B3847F1FC4F2E3EA726C62618AB02D8691B028031CC55	AE9B0EEE540CC07AA3D3FE45D445B0C71815E95D7D461C6AB615903532705D09
G01	1	64	91201064	R2	0.052877352944147	0.00361050970350995	5.873688631216023e-07	0.0010520364908883743	0.535400390625	0	-0.0026799999999999984	0.004660000000000001	False	0.0	0.535400390625	5.873688631216023e-07	True	1332264.0	40236.0	343.1033231	3139739648.0	world_g01_n064.mat	A78EB99DCCAC997A1B5ACBC929B35B825B0AC09751280A4389F9447ADEC32573	59B22764181C475D824B3847F1FC4F2E3EA726C62618AB02D8691B028031CC55	AE9B0EEE540CC07AA3D3FE45D445B0C71815E95D7D461C6AB615903532705D09
G01	1	65	91201065	R1	0.052877352944147	0.00361050970350995	5.873688631216023e-07	0.0028127378276471987	0.23162841796875	0	-0.0017999999999999995	0.007580000000000003	False	0.0	0.23162841796875	5.873688631216023e-07	True	1332264.0	40341.0	341.5453367	3139866624.0	world_g01_n065.mat	8965D97CE82C5FF9C3AA5AF918CECCE79AB648DFEA246F2949DA5C86B01DCBE9	59B22764181C475D824B3847F1FC4F2E3EA726C62618AB02D8691B028031CC55	AE9B0EEE540CC07AA3D3FE45D445B0C71815E95D7D461C6AB615903532705D09
G01	1	65	91201065	R2	0.052877352944147	0.00361050970350995	5.873688631216023e-07	-0.00021671518152337787	0.91796875	0	-0.0050599999999999985	0.004480000000000001	False	0.0	0.91796875	5.873688631216023e-07	True	1332264.0	40341.0	341.5453367	3139866624.0	world_g01_n065.mat	8965D97CE82C5FF9C3AA5AF918CECCE79AB648DFEA246F2949DA5C86B01DCBE9	59B22764181C475D824B3847F1FC4F2E3EA726C62618AB02D8691B028031CC55	AE9B0EEE540CC07AA3D3FE45D445B0C71815E95D7D461C6AB615903532705D09
G01	1	66	91201066	R1	0.052877352944147	0.00361050970350995	5.873688631216023e-07	0.001977914589768425	0.2413330078125	0	-0.0014400000000000003	0.00544	False	0.0	0.2413330078125	5.873688631216023e-07	True	1332264.0	40047.0	342.6537993	3138973696.0	world_g01_n066.mat	B060512580471FCB2EE1A1405C6DC2DFF9E53B27630EFA72F060C3B94D4663E5	59B22764181C475D824B3847F1FC4F2E3EA726C62618AB02D8691B028031CC55	AE9B0EEE540CC07AA3D3FE45D445B0C71815E95D7D461C6AB615903532705D09
G01	1	66	91201066	R2	0.052877352944147	0.00361050970350995	5.873688631216023e-07	-0.0020831604065216715	0.11279296875	0	-0.004739999999999999	0.0005700000000000011	False	0.0	0.11279296875	5.873688631216023e-07	True	1332264.0	40047.0	342.6537993	3138973696.0	world_g01_n066.mat	B060512580471FCB2EE1A1405C6DC2DFF9E53B27630EFA72F060C3B94D4663E5	59B22764181C475D824B3847F1FC4F2E3EA726C62618AB02D8691B028031CC55	AE9B0EEE540CC07AA3D3FE45D445B0C71815E95D7D461C6AB615903532705D09
G01	1	67	91201067	R1	0.052877352944147	0.00361050970350995	5.873688631216023e-07	-0.002882907539361232	0.12847900390625	0	-0.00673	0.0009300000000000003	False	0.0	0.12847900390625	5.873688631216023e-07	True	1332264.0	40032.0	341.6708712	3138961408.0	world_g01_n067.mat	164ACCB11A712442C478E49575A7A4B51156B85464F6DF181B72A140FD3B3EA8	59B22764181C475D824B3847F1FC4F2E3EA726C62618AB02D8691B028031CC55	AE9B0EEE540CC07AA3D3FE45D445B0C71815E95D7D461C6AB615903532705D09
G01	1	67	91201067	R2	0.052877352944147	0.00361050970350995	5.873688631216023e-07	-0.001216929319109817	0.695556640625	0	-0.006189999999999999	0.003130000000000001	False	0.0	0.695556640625	5.873688631216023e-07	True	1332264.0	40032.0	341.6708712	3138961408.0	world_g01_n067.mat	164ACCB11A712442C478E49575A7A4B51156B85464F6DF181B72A140FD3B3EA8	59B22764181C475D824B3847F1FC4F2E3EA726C62618AB02D8691B028031CC55	AE9B0EEE540CC07AA3D3FE45D445B0C71815E95D7D461C6AB615903532705D09
G01	1	68	91201068	R1	0.052877352944147	0.00361050970350995	5.873688631216023e-07	-8.018555615536218e-05	0.952789306640625	0	-0.0029099999999999994	0.002740000000000003	False	0.0	0.952789306640625	5.873688631216023e-07	True	1332264.0	40086.0	350.610575	3138007040.0	world_g01_n068.mat	99B4891565CF64C6AD30EB1E976F440F72981095AF15B9E5907094680AE2B2F2	59B22764181C475D824B3847F1FC4F2E3EA726C62618AB02D8691B028031CC55	AE9B0EEE540CC07AA3D3FE45D445B0C71815E95D7D461C6AB615903532705D09
G01	1	68	91201068	R2	0.052877352944147	0.00361050970350995	5.873688631216023e-07	0.0030541713181045783	0.128173828125	0	-0.0010299999999999997	0.007160000000000003	False	0.0	0.128173828125	5.873688631216023e-07	True	1332264.0	40086.0	350.610575	3138007040.0	world_g01_n068.mat	99B4891565CF64C6AD30EB1E976F440F72981095AF15B9E5907094680AE2B2F2	59B22764181C475D824B3847F1FC4F2E3EA726C62618AB02D8691B028031CC55	AE9B0EEE540CC07AA3D3FE45D445B0C71815E95D7D461C6AB615903532705D09
G01	1	69	91201069	R1	0.052877352944147	0.00361050970350995	5.873688631216023e-07	-0.003317492034756924	0.09112548828125	0	-0.007229999999999999	0.0005900000000000002	False	0.0	0.09112548828125	5.873688631216023e-07	True	1332264.0	40109.0	343.5607251	3137929216.0	world_g01_n069.mat	4A970784336E8D90CD701E6BEC5F7CABCF1CB64436C2549EAD0BEC4B67ABA490	59B22764181C475D824B3847F1FC4F2E3EA726C62618AB02D8691B028031CC55	AE9B0EEE540CC07AA3D3FE45D445B0C71815E95D7D461C6AB615903532705D09
G01	1	69	91201069	R2	0.052877352944147	0.00361050970350995	5.873688631216023e-07	0.001635921246277632	0.357421875	0	-0.0020199999999999975	0.005290000000000003	False	0.0	0.357421875	5.873688631216023e-07	True	1332264.0	40109.0	343.5607251	3137929216.0	world_g01_n069.mat	4A970784336E8D90CD701E6BEC5F7CABCF1CB64436C2549EAD0BEC4B67ABA490	59B22764181C475D824B3847F1FC4F2E3EA726C62618AB02D8691B028031CC55	AE9B0EEE540CC07AA3D3FE45D445B0C71815E95D7D461C6AB615903532705D09
G01	1	70	91201070	R1	0.052877352944147	0.00361050970350995	5.873688631216023e-07	0.0018563380223736712	0.1414794921875	0	-0.0007099999999999988	0.00443	False	0.0	0.1414794921875	5.873688631216023e-07	True	1332264.0	39976.0	342.4919657	3136000000.0	world_g01_n070.mat	546F141CA8E9ED6B653706E6C27C2643FBF4E9701FA5B54682FEEA92B0AC9EBB	59B22764181C475D824B3847F1FC4F2E3EA726C62618AB02D8691B028031CC55	AE9B0EEE540CC07AA3D3FE45D445B0C71815E95D7D461C6AB615903532705D09
G01	1	70	91201070	R2	0.052877352944147	0.00361050970350995	5.873688631216023e-07	0.0027290826831673945	0.13818359375	0	-0.0008599999999999997	0.00647	False	0.0	0.13818359375	5.873688631216023e-07	True	1332264.0	39976.0	342.4919657	3136000000.0	world_g01_n070.mat	546F141CA8E9ED6B653706E6C27C2643FBF4E9701FA5B54682FEEA92B0AC9EBB	59B22764181C475D824B3847F1FC4F2E3EA726C62618AB02D8691B028031CC55	AE9B0EEE540CC07AA3D3FE45D445B0C71815E95D7D461C6AB615903532705D09
G01	1	71	91201071	R1	0.052877352944147	0.00361050970350995	5.873688631216023e-07	-0.00017996177143130032	0.8955078125	0	-0.003089999999999999	0.0026900000000000014	False	0.0	0.8955078125	5.873688631216023e-07	True	1332264.0	40147.0	341.804679	3135991808.0	world_g01_n071.mat	E549C41309EE0A6F774C14133FD43B630FFEAF53AE816CF2F70C5362FB2526CC	59B22764181C475D824B3847F1FC4F2E3EA726C62618AB02D8691B028031CC55	AE9B0EEE540CC07AA3D3FE45D445B0C71815E95D7D461C6AB615903532705D09
G01	1	71	91201071	R2	0.052877352944147	0.00361050970350995	5.873688631216023e-07	-0.003761575265242893	0.0400390625	1	-0.00741	-0.00020999999999999838	False	0.0	0.0400390625	5.873688631216023e-07	False	1332264.0	40147.0	341.804679	3135991808.0	world_g01_n071.mat	E549C41309EE0A6F774C14133FD43B630FFEAF53AE816CF2F70C5362FB2526CC	59B22764181C475D824B3847F1FC4F2E3EA726C62618AB02D8691B028031CC55	AE9B0EEE540CC07AA3D3FE45D445B0C71815E95D7D461C6AB615903532705D09
G01	1	72	91201072	R1	0.052877352944147	0.00361050970350995	5.873688631216023e-07	-0.00029628706428321265	0.845672607421875	0	-0.003429999999999999	0.0029	False	0.0	0.845672607421875	5.873688631216023e-07	True	1332264.0	40341.0	342.5235501	3135967232.0	world_g01_n072.mat	8E9CB7C90E08B228E8367C2B4EE943D2200E35A861BC5FC036194D86CCF77401	59B22764181C475D824B3847F1FC4F2E3EA726C62618AB02D8691B028031CC55	AE9B0EEE540CC07AA3D3FE45D445B0C71815E95D7D461C6AB615903532705D09
G01	1	72	91201072	R2	0.052877352944147	0.00361050970350995	5.873688631216023e-07	0.0007652353023597033	0.697998046875	0	-0.003429999999999999	0.005070000000000002	False	0.0	0.697998046875	5.873688631216023e-07	True	1332264.0	40341.0	342.5235501	3135967232.0	world_g01_n072.mat	8E9CB7C90E08B228E8367C2B4EE943D2200E35A861BC5FC036194D86CCF77401	59B22764181C475D824B3847F1FC4F2E3EA726C62618AB02D8691B028031CC55	AE9B0EEE540CC07AA3D3FE45D445B0C71815E95D7D461C6AB615903532705D09
G01	1	73	91201073	R1	0.052877352944147	0.00361050970350995	5.873688631216023e-07	3.904484104910933e-05	0.9755859375	0	-0.0026499999999999996	0.0026900000000000014	False	0.0	0.9755859375	5.873688631216023e-07	True	1332264.0	40264.0	338.2890325	3135000576.0	world_g01_n073.mat	8AD6F8CFACF15B0C12357FA5153D4D128E51104FBC555A3FEA36FCD8816F9A2F	59B22764181C475D824B3847F1FC4F2E3EA726C62618AB02D8691B028031CC55	AE9B0EEE540CC07AA3D3FE45D445B0C71815E95D7D461C6AB615903532705D09
G01	1	73	91201073	R2	0.052877352944147	0.00361050970350995	5.873688631216023e-07	-0.000543153031126484	0.77294921875	0	-0.00452	0.00349	False	0.0	0.77294921875	5.873688631216023e-07	True	1332264.0	40264.0	338.2890325	3135000576.0	world_g01_n073.mat	8AD6F8CFACF15B0C12357FA5153D4D128E51104FBC555A3FEA36FCD8816F9A2F	59B22764181C475D824B3847F1FC4F2E3EA726C62618AB02D8691B028031CC55	AE9B0EEE540CC07AA3D3FE45D445B0C71815E95D7D461C6AB615903532705D09
G01	1	74	91201074	R1	0.052877352944147	0.00361050970350995	5.873688631216023e-07	0.001605679076709019	0.35565185546875	0	-0.0020300000000000006	0.005250000000000001	False	0.0	0.35565185546875	5.873688631216023e-07	True	1332264.0	40124.0	342.4721969	3134132224.0	world_g01_n074.mat	C54472FD68B4F129D331B7E795B713DFAA7FA464BE7DF304B3A1604DDC8BFE05	59B22764181C475D824B3847F1FC4F2E3EA726C62618AB02D8691B028031CC55	AE9B0EEE540CC07AA3D3FE45D445B0C71815E95D7D461C6AB615903532705D09
G01	1	74	91201074	R2	0.052877352944147	0.00361050970350995	5.873688631216023e-07	0.00011346318586472275	0.939453125	0	-0.0031599999999999996	0.00341	False	0.0	0.939453125	5.873688631216023e-07	True	1332264.0	40124.0	342.4721969	3134132224.0	world_g01_n074.mat	C54472FD68B4F129D331B7E795B713DFAA7FA464BE7DF304B3A1604DDC8BFE05	59B22764181C475D824B3847F1FC4F2E3EA726C62618AB02D8691B028031CC55	AE9B0EEE540CC07AA3D3FE45D445B0C71815E95D7D461C6AB615903532705D09
G01	1	75	91201075	R1	0.052877352944147	0.00361050970350995	5.873688631216023e-07	-0.0009155475808196292	0.550048828125	0	-0.004049999999999998	0.002310000000000003	False	0.0	0.550048828125	5.873688631216023e-07	True	1332264.0	40119.0	340.1697147	3134963712.0	world_g01_n075.mat	B209BEECEDC01B5D28C775807597F209EC022D78C975C4A25A877318CBD12D56	59B22764181C475D824B3847F1FC4F2E3EA726C62618AB02D8691B028031CC55	AE9B0EEE540CC07AA3D3FE45D445B0C71815E95D7D461C6AB615903532705D09
G01	1	75	91201075	R2	0.052877352944147	0.00361050970350995	5.873688631216023e-07	0.0010499772065442159	0.590087890625	0	-0.003089999999999999	0.005140000000000002	False	0.0	0.590087890625	5.873688631216023e-07	True	1332264.0	40119.0	340.1697147	3134963712.0	world_g01_n075.mat	B209BEECEDC01B5D28C775807597F209EC022D78C975C4A25A877318CBD12D56	59B22764181C475D824B3847F1FC4F2E3EA726C62618AB02D8691B028031CC55	AE9B0EEE540CC07AA3D3FE45D445B0C71815E95D7D461C6AB615903532705D09
G01	1	76	91201076	R1	0.052877352944147	0.00361050970350995	5.873688631216023e-07	-0.00023215555200880155	0.86737060546875	0	-0.003169999999999999	0.002680000000000002	False	0.0	0.86737060546875	5.873688631216023e-07	True	1332264.0	40495.0	342.0684758	3133997056.0	world_g01_n076.mat	9670BA6300910872AF1A6BB5AC2742EA21282EABBFC978A7BB852B29AAB960F7	59B22764181C475D824B3847F1FC4F2E3EA726C62618AB02D8691B028031CC55	AE9B0EEE540CC07AA3D3FE45D445B0C71815E95D7D461C6AB615903532705D09
G01	1	76	91201076	R2	0.052877352944147	0.00361050970350995	5.873688631216023e-07	0.001132567841707698	0.63037109375	0	-0.0040399999999999985	0.0062900000000000005	False	0.0	0.63037109375	5.873688631216023e-07	True	1332264.0	40495.0	342.0684758	3133997056.0	world_g01_n076.mat	9670BA6300910872AF1A6BB5AC2742EA21282EABBFC978A7BB852B29AAB960F7	59B22764181C475D824B3847F1FC4F2E3EA726C62618AB02D8691B028031CC55	AE9B0EEE540CC07AA3D3FE45D445B0C71815E95D7D461C6AB615903532705D09
G01	1	77	91201077	R1	0.052877352944147	0.00361050970350995	5.873688631216023e-07	0.00013330411650676127	0.938262939453125	0	-0.003449999999999998	0.00375	False	0.0	0.938262939453125	5.873688631216023e-07	True	1332264.0	40077.0	342.7912413	3134091264.0	world_g01_n077.mat	AAC49E714EC54DB23A587AE39CC5FDD3C406BB4126A4E098CD03916A5DFED630	59B22764181C475D824B3847F1FC4F2E3EA726C62618AB02D8691B028031CC55	AE9B0EEE540CC07AA3D3FE45D445B0C71815E95D7D461C6AB615903532705D09
G01	1	77	91201077	R2	0.052877352944147	0.00361050970350995	5.873688631216023e-07	-0.0008371294465950817	0.626220703125	0	-0.004409999999999999	0.002620000000000001	False	0.0	0.626220703125	5.873688631216023e-07	True	1332264.0	40077.0	342.7912413	3134091264.0	world_g01_n077.mat	AAC49E714EC54DB23A587AE39CC5FDD3C406BB4126A4E098CD03916A5DFED630	59B22764181C475D824B3847F1FC4F2E3EA726C62618AB02D8691B028031CC55	AE9B0EEE540CC07AA3D3FE45D445B0C71815E95D7D461C6AB615903532705D09
G01	1	78	91201078	R1	0.052877352944147	0.00361050970350995	5.873688631216023e-07	2.0835931521987665e-05	0.991912841796875	0	-0.0041499999999999974	0.004230000000000001	False	0.0	0.991912841796875	5.873688631216023e-07	True	1332264.0	40197.0	342.0904612	3133960192.0	world_g01_n078.mat	5DAC545F5EDBEDF2266F802F5D13DA4703E0E84DF3B524A6E1086466FBF66E9E	59B22764181C475D824B3847F1FC4F2E3EA726C62618AB02D8691B028031CC55	AE9B0EEE540CC07AA3D3FE45D445B0C71815E95D7D461C6AB615903532705D09
G01	1	78	91201078	R2	0.052877352944147	0.00361050970350995	5.873688631216023e-07	-0.0006631120443610105	0.830322265625	0	-0.005339999999999999	0.00477	False	0.0	0.830322265625	5.873688631216023e-07	True	1332264.0	40197.0	342.0904612	3133960192.0	world_g01_n078.mat	5DAC545F5EDBEDF2266F802F5D13DA4703E0E84DF3B524A6E1086466FBF66E9E	59B22764181C475D824B3847F1FC4F2E3EA726C62618AB02D8691B028031CC55	AE9B0EEE540CC07AA3D3FE45D445B0C71815E95D7D461C6AB615903532705D09
G01	1	79	91201079	R1	0.052877352944147	0.00361050970350995	5.873688631216023e-07	-0.003322936499475586	0.06085205078125	0	-0.006869999999999999	0.00015000000000000083	False	0.0	0.06085205078125	5.873688631216023e-07	True	1332264.0	40030.0	347.64924	3133939712.0	world_g01_n079.mat	E4F768FD55F4337FEA579F7E638839228A46F13D6A671DA6D711C8A1A841D407	59B22764181C475D824B3847F1FC4F2E3EA726C62618AB02D8691B028031CC55	AE9B0EEE540CC07AA3D3FE45D445B0C71815E95D7D461C6AB615903532705D09
G01	1	79	91201079	R2	0.052877352944147	0.00361050970350995	5.873688631216023e-07	-0.0009229058229539027	0.672607421875	0	-0.005519999999999999	0.003810000000000001	False	0.0	0.672607421875	5.873688631216023e-07	True	1332264.0	40030.0	347.64924	3133939712.0	world_g01_n079.mat	E4F768FD55F4337FEA579F7E638839228A46F13D6A671DA6D711C8A1A841D407	59B22764181C475D824B3847F1FC4F2E3EA726C62618AB02D8691B028031CC55	AE9B0EEE540CC07AA3D3FE45D445B0C71815E95D7D461C6AB615903532705D09
G01	1	80	91201080	R1	0.052877352944147	0.00361050970350995	5.873688631216023e-07	1.6207278386992646e-05	0.989013671875	0	-0.0019299999999999977	0.002080000000000002	False	0.0	0.989013671875	5.873688631216023e-07	True	1332264.0	39884.0	349.0000849	3133931520.0	world_g01_n080.mat	E7A21D341C65E41D8B58FC2D5AE4D5117DF53D421C255B94FF8C98AF009AA955	59B22764181C475D824B3847F1FC4F2E3EA726C62618AB02D8691B028031CC55	AE9B0EEE540CC07AA3D3FE45D445B0C71815E95D7D461C6AB615903532705D09
G01	1	80	91201080	R2	0.052877352944147	0.00361050970350995	5.873688631216023e-07	0.0014505959599599046	0.473388671875	0	-0.0029299999999999986	0.00562	False	0.0	0.473388671875	5.873688631216023e-07	True	1332264.0	39884.0	349.0000849	3133931520.0	world_g01_n080.mat	E7A21D341C65E41D8B58FC2D5AE4D5117DF53D421C255B94FF8C98AF009AA955	59B22764181C475D824B3847F1FC4F2E3EA726C62618AB02D8691B028031CC55	AE9B0EEE540CC07AA3D3FE45D445B0C71815E95D7D461C6AB615903532705D09
G01	1	81	91201081	R1	0.052877352944147	0.00361050970350995	5.873688631216023e-07	0.002343417894559711	0.125579833984375	0	-0.0006899999999999996	0.005410000000000002	False	0.0	0.125579833984375	5.873688631216023e-07	True	1332264.0	40372.0	349.4648109	3133923328.0	world_g01_n081.mat	0F228643B42504B458070337A19B10CAB1F909702D97210D818D96CAFD43FEF5	59B22764181C475D824B3847F1FC4F2E3EA726C62618AB02D8691B028031CC55	AE9B0EEE540CC07AA3D3FE45D445B0C71815E95D7D461C6AB615903532705D09
G01	1	81	91201081	R2	0.052877352944147	0.00361050970350995	5.873688631216023e-07	-0.0006715519470897503	0.735107421875	0	-0.005019999999999998	0.0036000000000000025	False	0.0	0.735107421875	5.873688631216023e-07	True	1332264.0	40372.0	349.4648109	3133923328.0	world_g01_n081.mat	0F228643B42504B458070337A19B10CAB1F909702D97210D818D96CAFD43FEF5	59B22764181C475D824B3847F1FC4F2E3EA726C62618AB02D8691B028031CC55	AE9B0EEE540CC07AA3D3FE45D445B0C71815E95D7D461C6AB615903532705D09
G01	1	82	91201082	R1	0.052877352944147	0.00361050970350995	5.873688631216023e-07	-0.0015391133580995814	0.359710693359375	0	-0.00507	0.0019800000000000026	False	0.0	0.359710693359375	5.873688631216023e-07	True	1332264.0	39956.0	347.2659765	3133652992.0	world_g01_n082.mat	57BAFE8F6C2F00D42E690C13796E5C7050C5C957504BB7777155662923B0ED08	59B22764181C475D824B3847F1FC4F2E3EA726C62618AB02D8691B028031CC55	AE9B0EEE540CC07AA3D3FE45D445B0C71815E95D7D461C6AB615903532705D09
G01	1	82	91201082	R2	0.052877352944147	0.00361050970350995	5.873688631216023e-07	0.001058002251061416	0.539794921875	0	-0.00264	0.004650000000000001	False	0.0	0.539794921875	5.873688631216023e-07	True	1332264.0	39956.0	347.2659765	3133652992.0	world_g01_n082.mat	57BAFE8F6C2F00D42E690C13796E5C7050C5C957504BB7777155662923B0ED08	59B22764181C475D824B3847F1FC4F2E3EA726C62618AB02D8691B028031CC55	AE9B0EEE540CC07AA3D3FE45D445B0C71815E95D7D461C6AB615903532705D09
G01	1	83	91201083	R1	0.052877352944147	0.00361050970350995	5.873688631216023e-07	0.0001596737653104752	0.91644287109375	0	-0.002999999999999999	0.003250000000000003	False	0.0	0.91644287109375	5.873688631216023e-07	True	1332264.0	40081.0	346.6052434	3133640704.0	world_g01_n083.mat	2E922128AA34A9BFC5D111B36759DAA5A9C55D0485EF2F48A508B0120CB56B9F	59B22764181C475D824B3847F1FC4F2E3EA726C62618AB02D8691B028031CC55	AE9B0EEE540CC07AA3D3FE45D445B0C71815E95D7D461C6AB615903532705D09
G01	1	83	91201083	R2	0.052877352944147	0.00361050970350995	5.873688631216023e-07	0.0025922893825574855	0.112060546875	0	-0.0007199999999999984	0.006000000000000002	False	0.0	0.112060546875	5.873688631216023e-07	True	1332264.0	40081.0	346.6052434	3133640704.0	world_g01_n083.mat	2E922128AA34A9BFC5D111B36759DAA5A9C55D0485EF2F48A508B0120CB56B9F	59B22764181C475D824B3847F1FC4F2E3EA726C62618AB02D8691B028031CC55	AE9B0EEE540CC07AA3D3FE45D445B0C71815E95D7D461C6AB615903532705D09
G01	1	84	91201084	R1	0.052877352944147	0.00361050970350995	5.873688631216023e-07	-0.0005088391367855752	0.779510498046875	0	-0.0042699999999999995	0.00332	False	0.0	0.779510498046875	5.873688631216023e-07	True	1332264.0	40435.0	349.6442792	3133620224.0	world_g01_n084.mat	E70BBD1A2E5391A7E6CC677E1C8372A429A5AFEC8992862EA0459DFC3244F8C6	59B22764181C475D824B3847F1FC4F2E3EA726C62618AB02D8691B028031CC55	AE9B0EEE540CC07AA3D3FE45D445B0C71815E95D7D461C6AB615903532705D09
G01	1	84	91201084	R2	0.052877352944147	0.00361050970350995	5.873688631216023e-07	-0.001283971542344042	0.474853515625	0	-0.0051199999999999996	0.0024600000000000004	False	0.0	0.474853515625	5.873688631216023e-07	True	1332264.0	40435.0	349.6442792	3133620224.0	world_g01_n084.mat	E70BBD1A2E5391A7E6CC677E1C8372A429A5AFEC8992862EA0459DFC3244F8C6	59B22764181C475D824B3847F1FC4F2E3EA726C62618AB02D8691B028031CC55	AE9B0EEE540CC07AA3D3FE45D445B0C71815E95D7D461C6AB615903532705D09
G01	1	85	91201085	R1	0.052877352944147	0.00361050970350995	5.873688631216023e-07	-0.002371493928730191	0.018341064453125	1	-0.004240000000000001	-0.0004899999999999974	False	0.0	0.018341064453125	5.873688631216023e-07	False	1332264.0	39782.0	345.305825	3132743680.0	world_g01_n085.mat	BC0708BA6DCA71B4C5EF9F0074CA3441178D6CD7BC23A95B92964825D23AB2E9	59B22764181C475D824B3847F1FC4F2E3EA726C62618AB02D8691B028031CC55	AE9B0EEE540CC07AA3D3FE45D445B0C71815E95D7D461C6AB615903532705D09
G01	1	85	91201085	R2	0.052877352944147	0.00361050970350995	5.873688631216023e-07	0.0037875753182307664	0.04248046875	1	0.00019000000000000267	0.007450000000000002	False	0.0	0.04248046875	5.873688631216023e-07	False	1332264.0	39782.0	345.305825	3132743680.0	world_g01_n085.mat	BC0708BA6DCA71B4C5EF9F0074CA3441178D6CD7BC23A95B92964825D23AB2E9	59B22764181C475D824B3847F1FC4F2E3EA726C62618AB02D8691B028031CC55	AE9B0EEE540CC07AA3D3FE45D445B0C71815E95D7D461C6AB615903532705D09
G01	1	86	91201086	R1	0.052877352944147	0.00361050970350995	5.873688631216023e-07	-2.7406446448483002e-05	0.990692138671875	0	-0.004029999999999999	0.00408	False	0.0	0.990692138671875	5.873688631216023e-07	True	1332264.0	40220.0	348.7983691	3132608512.0	world_g01_n086.mat	D9168E676D397C718104CB4E5A17CBBEE751190A56A760B132A05C0923ACED0D	59B22764181C475D824B3847F1FC4F2E3EA726C62618AB02D8691B028031CC55	AE9B0EEE540CC07AA3D3FE45D445B0C71815E95D7D461C6AB615903532705D09
G01	1	86	91201086	R2	0.052877352944147	0.00361050970350995	5.873688631216023e-07	-0.000545069725500171	0.75390625	0	-0.004409999999999999	0.0033100000000000004	False	0.0	0.75390625	5.873688631216023e-07	True	1332264.0	40220.0	348.7983691	3132608512.0	world_g01_n086.mat	D9168E676D397C718104CB4E5A17CBBEE751190A56A760B132A05C0923ACED0D	59B22764181C475D824B3847F1FC4F2E3EA726C62618AB02D8691B028031CC55	AE9B0EEE540CC07AA3D3FE45D445B0C71815E95D7D461C6AB615903532705D09
G01	1	87	91201087	R1	0.052877352944147	0.00361050970350995	5.873688631216023e-07	0.001715740575659073	0.375640869140625	0	-0.0018600000000000005	0.005510000000000001	False	0.0	0.375640869140625	5.873688631216023e-07	True	1332264.0	39838.0	346.4189808	3130626048.0	world_g01_n087.mat	C7843382E1DA75069D24AF02F6D5C950E23CBE6026790E23807FE4A3C022A2EE	59B22764181C475D824B3847F1FC4F2E3EA726C62618AB02D8691B028031CC55	AE9B0EEE540CC07AA3D3FE45D445B0C71815E95D7D461C6AB615903532705D09
G01	1	87	91201087	R2	0.052877352944147	0.00361050970350995	5.873688631216023e-07	-0.001132628327414054	0.564208984375	0	-0.004969999999999999	0.002480000000000003	False	0.0	0.564208984375	5.873688631216023e-07	True	1332264.0	39838.0	346.4189808	3130626048.0	world_g01_n087.mat	C7843382E1DA75069D24AF02F6D5C950E23CBE6026790E23807FE4A3C022A2EE	59B22764181C475D824B3847F1FC4F2E3EA726C62618AB02D8691B028031CC55	AE9B0EEE540CC07AA3D3FE45D445B0C71815E95D7D461C6AB615903532705D09
G01	1	88	91201088	R1	0.052877352944147	0.00361050970350995	5.873688631216023e-07	-0.0011372912385735217	0.396514892578125	0	-0.003879999999999998	0.001570000000000002	False	0.0	0.396514892578125	5.873688631216023e-07	True	1332264.0	39930.0	351.4630448	3130589184.0	world_g01_n088.mat	A7F0D4D4B70F07DEC9F5FFA3FF5A12F459ABA1914AE0722D70F34D224857210B	59B22764181C475D824B3847F1FC4F2E3EA726C62618AB02D8691B028031CC55	AE9B0EEE540CC07AA3D3FE45D445B0C71815E95D7D461C6AB615903532705D09
G01	1	88	91201088	R2	0.052877352944147	0.00361050970350995	5.873688631216023e-07	-0.00033692699238488274	0.835205078125	0	-0.0035700000000000003	0.003080000000000003	False	0.0	0.835205078125	5.873688631216023e-07	True	1332264.0	39930.0	351.4630448	3130589184.0	world_g01_n088.mat	A7F0D4D4B70F07DEC9F5FFA3FF5A12F459ABA1914AE0722D70F34D224857210B	59B22764181C475D824B3847F1FC4F2E3EA726C62618AB02D8691B028031CC55	AE9B0EEE540CC07AA3D3FE45D445B0C71815E95D7D461C6AB615903532705D09
G02	2	1	91202001	R1	0.105754705888294	0.0144420388140398	2.349475452486409e-06	0.0010198170415056272	0.510833740234375	0	-0.00213	0.004240000000000001	False	0.0	0.510833740234375	2.349475452486409e-06	True	1332264.0	40515.0	351.9977003	3130560512.0	world_g02_n001.mat	8B91110994AF4FF186B13CE42FB0C510AA31E4C354DC3A907EA0A79E95167201	59B22764181C475D824B3847F1FC4F2E3EA726C62618AB02D8691B028031CC55	AE9B0EEE540CC07AA3D3FE45D445B0C71815E95D7D461C6AB615903532705D09
G02	2	1	91202001	R2	0.105754705888294	0.0144420388140398	2.349475452486409e-06	-0.001065560005839631	0.67529296875	0	-0.0066099999999999996	0.0045000000000000005	False	0.0	0.67529296875	2.349475452486409e-06	True	1332264.0	40515.0	351.9977003	3130560512.0	world_g02_n001.mat	8B91110994AF4FF186B13CE42FB0C510AA31E4C354DC3A907EA0A79E95167201	59B22764181C475D824B3847F1FC4F2E3EA726C62618AB02D8691B028031CC55	AE9B0EEE540CC07AA3D3FE45D445B0C71815E95D7D461C6AB615903532705D09
G02	2	2	91202002	R1	0.105754705888294	0.0144420388140398	2.349475452486409e-06	0.0036456290366663276	0.02093505859375	1	0.0006700000000000005	0.006620000000000001	False	0.0	0.02093505859375	2.349475452486409e-06	False	1332264.0	40200.0	300.8045955	3129602048.0	world_g02_n002.mat	CB316120A3DF53FD7DC74D83FDEBBBCB9218DEBF4019CE683E89C3FC7C58945F	59B22764181C475D824B3847F1FC4F2E3EA726C62618AB02D8691B028031CC55	AE9B0EEE540CC07AA3D3FE45D445B0C71815E95D7D461C6AB615903532705D09
G02	2	2	91202002	R2	0.105754705888294	0.0144420388140398	2.349475452486409e-06	-0.001416936651241344	0.53857421875	0	-0.005849999999999999	0.0027100000000000006	False	0.0	0.53857421875	2.349475452486409e-06	True	1332264.0	40200.0	300.8045955	3129602048.0	world_g02_n002.mat	CB316120A3DF53FD7DC74D83FDEBBBCB9218DEBF4019CE683E89C3FC7C58945F	59B22764181C475D824B3847F1FC4F2E3EA726C62618AB02D8691B028031CC55	AE9B0EEE540CC07AA3D3FE45D445B0C71815E95D7D461C6AB615903532705D09
G02	2	3	91202003	R1	0.105754705888294	0.0144420388140398	2.349475452486409e-06	-0.00019885819345163915	0.9119873046875	0	-0.003979999999999997	0.0035700000000000003	False	0.0	0.9119873046875	2.349475452486409e-06	True	1332264.0	40415.0	354.520729	3130363904.0	world_g02_n003.mat	F495747A3C76602F4C11BF74FE9CCB6917C4CC0CEC4C7A39C4C9E1D76A4989FE	59B22764181C475D824B3847F1FC4F2E3EA726C62618AB02D8691B028031CC55	AE9B0EEE540CC07AA3D3FE45D445B0C71815E95D7D461C6AB615903532705D09
G02	2	3	91202003	R2	0.105754705888294	0.0144420388140398	2.349475452486409e-06	0.0016087855170596457	0.46533203125	0	-0.003109999999999998	0.006360000000000001	False	0.0	0.46533203125	2.349475452486409e-06	True	1332264.0	40415.0	354.520729	3130363904.0	world_g02_n003.mat	F495747A3C76602F4C11BF74FE9CCB6917C4CC0CEC4C7A39C4C9E1D76A4989FE	59B22764181C475D824B3847F1FC4F2E3EA726C62618AB02D8691B028031CC55	AE9B0EEE540CC07AA3D3FE45D445B0C71815E95D7D461C6AB615903532705D09
G02	2	4	91202004	R1	0.105754705888294	0.0144420388140398	2.349475452486409e-06	-0.0004243614694548973	0.73406982421875	0	-0.002939999999999998	0.002160000000000002	False	0.0	0.73406982421875	2.349475452486409e-06	True	1332264.0	40338.0	352.7705588	3130363904.0	world_g02_n004.mat	F6D3D875E63A95F53ADEC27A3C56D23D76821533D12F09959A72E782909677CB	59B22764181C475D824B3847F1FC4F2E3EA726C62618AB02D8691B028031CC55	AE9B0EEE540CC07AA3D3FE45D445B0C71815E95D7D461C6AB615903532705D09
G02	2	4	91202004	R2	0.105754705888294	0.0144420388140398	2.349475452486409e-06	0.0029282310526714188	0.201171875	0	-0.001899999999999999	0.00774	False	0.0	0.201171875	2.349475452486409e-06	True	1332264.0	40338.0	352.7705588	3130363904.0	world_g02_n004.mat	F6D3D875E63A95F53ADEC27A3C56D23D76821533D12F09959A72E782909677CB	59B22764181C475D824B3847F1FC4F2E3EA726C62618AB02D8691B028031CC55	AE9B0EEE540CC07AA3D3FE45D445B0C71815E95D7D461C6AB615903532705D09
G02	2	5	91202005	R1	0.105754705888294	0.0144420388140398	2.349475452486409e-06	3.5440949036290824e-05	0.985687255859375	0	-0.004129999999999998	0.004230000000000001	False	0.0	0.985687255859375	2.349475452486409e-06	True	1332264.0	40324.0	272.5948945	3129192448.0	world_g02_n005.mat	067934D926A2A425E12A9808A8A71649B72F0F85C39B4CF1295D4F24060AFF3B	59B22764181C475D824B3847F1FC4F2E3EA726C62618AB02D8691B028031CC55	AE9B0EEE540CC07AA3D3FE45D445B0C71815E95D7D461C6AB615903532705D09
G02	2	5	91202005	R2	0.105754705888294	0.0144420388140398	2.349475452486409e-06	-0.003923076074555679	0.00439453125	1	-0.006109999999999999	-0.0016100000000000003	False	0.0	0.00439453125	2.349475452486409e-06	False	1332264.0	40324.0	272.5948945	3129192448.0	world_g02_n005.mat	067934D926A2A425E12A9808A8A71649B72F0F85C39B4CF1295D4F24060AFF3B	59B22764181C475D824B3847F1FC4F2E3EA726C62618AB02D8691B028031CC55	AE9B0EEE540CC07AA3D3FE45D445B0C71815E95D7D461C6AB615903532705D09
G02	2	6	91202006	R1	0.105754705888294	0.0144420388140398	2.349475452486409e-06	0.0030565534355156557	0.093963623046875	0	-0.000559999999999998	0.006730000000000003	False	0.0	0.093963623046875	2.349475452486409e-06	True	1332264.0	40104.0	261.1361715	3128107008.0	world_g02_n006.mat	B594EDED6E851E1A6D47D0892A2148FCED470515067F788C28765B42AC34613A	59B22764181C475D824B3847F1FC4F2E3EA726C62618AB02D8691B028031CC55	AE9B0EEE540CC07AA3D3FE45D445B0C71815E95D7D461C6AB615903532705D09
G02	2	6	91202006	R2	0.105754705888294	0.0144420388140398	2.349475452486409e-06	-6.825023178924378e-05	0.975830078125	0	-0.00477	0.00459	False	0.0	0.975830078125	2.349475452486409e-06	True	1332264.0	40104.0	261.1361715	3128107008.0	world_g02_n006.mat	B594EDED6E851E1A6D47D0892A2148FCED470515067F788C28765B42AC34613A	59B22764181C475D824B3847F1FC4F2E3EA726C62618AB02D8691B028031CC55	AE9B0EEE540CC07AA3D3FE45D445B0C71815E95D7D461C6AB615903532705D09
G02	2	7	91202007	R1	0.105754705888294	0.0144420388140398	2.349475452486409e-06	0.000431200929773092	0.7420654296875	0	-0.0023700000000000006	0.0032200000000000006	False	0.0	0.7420654296875	2.349475452486409e-06	True	1332264.0	40199.0	262.8963279	3127132160.0	world_g02_n007.mat	27C02D4467ADDFA8B56FEB1A0D05EA31004FF2161635CF5237E544EA73F83F41	59B22764181C475D824B3847F1FC4F2E3EA726C62618AB02D8691B028031CC55	AE9B0EEE540CC07AA3D3FE45D445B0C71815E95D7D461C6AB615903532705D09
G02	2	7	91202007	R2	0.105754705888294	0.0144420388140398	2.349475452486409e-06	-0.0011710321457106426	0.4423828125	0	-0.004419999999999999	0.0021200000000000004	False	0.0	0.4423828125	2.349475452486409e-06	True	1332264.0	40199.0	262.8963279	3127132160.0	world_g02_n007.mat	27C02D4467ADDFA8B56FEB1A0D05EA31004FF2161635CF5237E544EA73F83F41	59B22764181C475D824B3847F1FC4F2E3EA726C62618AB02D8691B028031CC55	AE9B0EEE540CC07AA3D3FE45D445B0C71815E95D7D461C6AB615903532705D09
G02	2	8	91202008	R1	0.105754705888294	0.0144420388140398	2.349475452486409e-06	-0.0016776941351752217	0.408538818359375	0	-0.00583	0.0023700000000000006	False	0.0	0.408538818359375	2.349475452486409e-06	True	1332264.0	39746.0	280.6382866	3126960128.0	world_g02_n008.mat	10A69DF435D809F9651DD1B68BFC4B9DEB5A2D14F0314B66703B019B209A7243	59B22764181C475D824B3847F1FC4F2E3EA726C62618AB02D8691B028031CC55	AE9B0EEE540CC07AA3D3FE45D445B0C71815E95D7D461C6AB615903532705D09
G02	2	8	91202008	R2	0.105754705888294	0.0144420388140398	2.349475452486409e-06	0.002027074349342499	0.341552734375	0	-0.0026199999999999973	0.006600000000000002	False	0.0	0.341552734375	2.349475452486409e-06	True	1332264.0	39746.0	280.6382866	3126960128.0	world_g02_n008.mat	10A69DF435D809F9651DD1B68BFC4B9DEB5A2D14F0314B66703B019B209A7243	59B22764181C475D824B3847F1FC4F2E3EA726C62618AB02D8691B028031CC55	AE9B0EEE540CC07AA3D3FE45D445B0C71815E95D7D461C6AB615903532705D09
G02	2	9	91202009	R1	0.105754705888294	0.0144420388140398	2.349475452486409e-06	-0.0021573992996339673	0.370635986328125	0	-0.00703	0.00255	False	0.0	0.370635986328125	2.349475452486409e-06	True	1332264.0	40493.0	375.1139828	3126624256.0	world_g02_n009.mat	140FBF53E7734926CEE658B43750FFCE9EFD3724F14A8BD98453B3686608A239	59B22764181C475D824B3847F1FC4F2E3EA726C62618AB02D8691B028031CC55	AE9B0EEE540CC07AA3D3FE45D445B0C71815E95D7D461C6AB615903532705D09
G02	2	9	91202009	R2	0.105754705888294	0.0144420388140398	2.349475452486409e-06	0.0003113904516341524	0.774169921875	0	-0.00196	0.002610000000000001	False	0.0	0.774169921875	2.349475452486409e-06	True	1332264.0	40493.0	375.1139828	3126624256.0	world_g02_n009.mat	140FBF53E7734926CEE658B43750FFCE9EFD3724F14A8BD98453B3686608A239	59B22764181C475D824B3847F1FC4F2E3EA726C62618AB02D8691B028031CC55	AE9B0EEE540CC07AA3D3FE45D445B0C71815E95D7D461C6AB615903532705D09
G02	2	10	91202010	R1	0.105754705888294	0.0144420388140398	2.349475452486409e-06	0.0022488046912956527	0.286956787109375	0	-0.0019699999999999995	0.006540000000000001	False	0.0	0.286956787109375	2.349475452486409e-06	True	1332264.0	39742.0	383.2597282	3124621312.0	world_g02_n010.mat	92C8A5D20E7CED51DCB9FD4D34113A76483A332C7F14B8782455374E7453DB8D	59B22764181C475D824B3847F1FC4F2E3EA726C62618AB02D8691B028031CC55	AE9B0EEE540CC07AA3D3FE45D445B0C71815E95D7D461C6AB615903532705D09
G02	2	10	91202010	R2	0.105754705888294	0.0144420388140398	2.349475452486409e-06	-0.0007866688731344802	0.631103515625	0	-0.004240000000000001	0.0027700000000000016	False	0.0	0.631103515625	2.349475452486409e-06	True	1332264.0	39742.0	383.2597282	3124621312.0	world_g02_n010.mat	92C8A5D20E7CED51DCB9FD4D34113A76483A332C7F14B8782455374E7453DB8D	59B22764181C475D824B3847F1FC4F2E3EA726C62618AB02D8691B028031CC55	AE9B0EEE540CC07AA3D3FE45D445B0C71815E95D7D461C6AB615903532705D09
G02	2	11	91202011	R1	0.105754705888294	0.0144420388140398	2.349475452486409e-06	-0.0007500210400268779	0.404144287109375	0	-0.0026099999999999977	0.0011099999999999999	False	0.0	0.404144287109375	2.349475452486409e-06	True	1332264.0	40265.0	383.8243284	3111575552.0	world_g02_n011.mat	C5D5497369720181B0D4A981FB6D94FE0E1B07B5C2EA343F874080E80E0039A2	59B22764181C475D824B3847F1FC4F2E3EA726C62618AB02D8691B028031CC55	AE9B0EEE540CC07AA3D3FE45D445B0C71815E95D7D461C6AB615903532705D09
G02	2	11	91202011	R2	0.105754705888294	0.0144420388140398	2.349475452486409e-06	-0.0014448769737926187	0.330322265625	0	-0.004569999999999999	0.0016500000000000022	False	0.0	0.330322265625	2.349475452486409e-06	True	1332264.0	40265.0	383.8243284	3111575552.0	world_g02_n011.mat	C5D5497369720181B0D4A981FB6D94FE0E1B07B5C2EA343F874080E80E0039A2	59B22764181C475D824B3847F1FC4F2E3EA726C62618AB02D8691B028031CC55	AE9B0EEE540CC07AA3D3FE45D445B0C71815E95D7D461C6AB615903532705D09
G02	2	12	91202012	R1	0.105754705888294	0.0144420388140398	2.349475452486409e-06	-0.0006533879242007195	0.7685546875	0	-0.005179999999999999	0.0039900000000000005	False	0.0	0.7685546875	2.349475452486409e-06	True	1332264.0	40238.0	324.8692894	3168448512.0	world_g02_n012.mat	5BEE1CEB726CA1746475B8ADE305B4965AF29103198F3C2147B28FD432733F3B	59B22764181C475D824B3847F1FC4F2E3EA726C62618AB02D8691B028031CC55	AE9B0EEE540CC07AA3D3FE45D445B0C71815E95D7D461C6AB615903532705D09
G02	2	12	91202012	R2	0.105754705888294	0.0144420388140398	2.349475452486409e-06	-0.0010091252226544	0.527099609375	0	-0.0044399999999999995	0.00238	False	0.0	0.527099609375	2.349475452486409e-06	True	1332264.0	40238.0	324.8692894	3168448512.0	world_g02_n012.mat	5BEE1CEB726CA1746475B8ADE305B4965AF29103198F3C2147B28FD432733F3B	59B22764181C475D824B3847F1FC4F2E3EA726C62618AB02D8691B028031CC55	AE9B0EEE540CC07AA3D3FE45D445B0C71815E95D7D461C6AB615903532705D09
G02	2	13	91202013	R1	0.105754705888294	0.0144420388140398	2.349475452486409e-06	0.0014523278129994807	0.38433837890625	0	-0.0017699999999999973	0.004240000000000001	False	0.0	0.38433837890625	2.349475452486409e-06	True	1332264.0	40237.0	323.5724735	3168395264.0	world_g02_n013.mat	E7286805512D98E926118D4851BA1F2210F6FA2E8CB7B821205DB4C18E1EFDF8	59B22764181C475D824B3847F1FC4F2E3EA726C62618AB02D8691B028031CC55	AE9B0EEE540CC07AA3D3FE45D445B0C71815E95D7D461C6AB615903532705D09
G02	2	13	91202013	R2	0.105754705888294	0.0144420388140398	2.349475452486409e-06	0.0040731200363504	0.00927734375	1	0.0012100000000000027	0.006990000000000003	False	0.0	0.00927734375	2.349475452486409e-06	False	1332264.0	40237.0	323.5724735	3168395264.0	world_g02_n013.mat	E7286805512D98E926118D4851BA1F2210F6FA2E8CB7B821205DB4C18E1EFDF8	59B22764181C475D824B3847F1FC4F2E3EA726C62618AB02D8691B028031CC55	AE9B0EEE540CC07AA3D3FE45D445B0C71815E95D7D461C6AB615903532705D09
G02	2	14	91202014	R1	0.105754705888294	0.0144420388140398	2.349475452486409e-06	0.000872914184850222	0.627716064453125	0	-0.0029099999999999994	0.0046700000000000005	False	0.0	0.627716064453125	2.349475452486409e-06	True	1332264.0	40189.0	328.8451803	3168464896.0	world_g02_n014.mat	48F4ABE29574B8C74CCEEE16596BFB7AC739FA79941E8DF953FAD60BC605CE59	59B22764181C475D824B3847F1FC4F2E3EA726C62618AB02D8691B028031CC55	AE9B0EEE540CC07AA3D3FE45D445B0C71815E95D7D461C6AB615903532705D09
G02	2	14	91202014	R2	0.105754705888294	0.0144420388140398	2.349475452486409e-06	0.0003064683991950563	0.906494140625	0	-0.00546	0.006080000000000002	False	0.0	0.906494140625	2.349475452486409e-06	True	1332264.0	40189.0	328.8451803	3168464896.0	world_g02_n014.mat	48F4ABE29574B8C74CCEEE16596BFB7AC739FA79941E8DF953FAD60BC605CE59	59B22764181C475D824B3847F1FC4F2E3EA726C62618AB02D8691B028031CC55	AE9B0EEE540CC07AA3D3FE45D445B0C71815E95D7D461C6AB615903532705D09
G02	2	15	91202015	R1	0.105754705888294	0.0144420388140398	2.349475452486409e-06	0.0015020295587857852	0.37506103515625	0	-0.0020599999999999993	0.00502	False	0.0	0.37506103515625	2.349475452486409e-06	True	1332264.0	39959.0	333.8712114	3168337920.0	world_g02_n015.mat	568F40CB578ED9DC8EF188AD46FA06F9A872463FDBE2FA05B7E9425C0E69C1BA	59B22764181C475D824B3847F1FC4F2E3EA726C62618AB02D8691B028031CC55	AE9B0EEE540CC07AA3D3FE45D445B0C71815E95D7D461C6AB615903532705D09
G02	2	15	91202015	R2	0.105754705888294	0.0144420388140398	2.349475452486409e-06	-0.0016162168338448037	0.397705078125	0	-0.005559999999999999	0.002310000000000003	False	0.0	0.397705078125	2.349475452486409e-06	True	1332264.0	39959.0	333.8712114	3168337920.0	world_g02_n015.mat	568F40CB578ED9DC8EF188AD46FA06F9A872463FDBE2FA05B7E9425C0E69C1BA	59B22764181C475D824B3847F1FC4F2E3EA726C62618AB02D8691B028031CC55	AE9B0EEE540CC07AA3D3FE45D445B0C71815E95D7D461C6AB615903532705D09
G02	2	16	91202016	R1	0.105754705888294	0.0144420388140398	2.349475452486409e-06	0.0009201897972697648	0.477630615234375	0	-0.0019099999999999985	0.003670000000000003	False	0.0	0.477630615234375	2.349475452486409e-06	True	1332264.0	40117.0	332.2344326	3168337920.0	world_g02_n016.mat	0C5010A24108063C3EE362353F8B9B58D130A0AA912CC5DCF6A36A2DFB195790	59B22764181C475D824B3847F1FC4F2E3EA726C62618AB02D8691B028031CC55	AE9B0EEE540CC07AA3D3FE45D445B0C71815E95D7D461C6AB615903532705D09
G02	2	16	91202016	R2	0.105754705888294	0.0144420388140398	2.349475452486409e-06	0.0011784271700545506	0.472900390625	0	-0.0023899999999999998	0.00476	False	0.0	0.472900390625	2.349475452486409e-06	True	1332264.0	40117.0	332.2344326	3168337920.0	world_g02_n016.mat	0C5010A24108063C3EE362353F8B9B58D130A0AA912CC5DCF6A36A2DFB195790	59B22764181C475D824B3847F1FC4F2E3EA726C62618AB02D8691B028031CC55	AE9B0EEE540CC07AA3D3FE45D445B0C71815E95D7D461C6AB615903532705D09
G02	2	17	91202017	R1	0.105754705888294	0.0144420388140398	2.349475452486409e-06	-0.0010156666088775045	0.433685302734375	0	-0.003599999999999999	0.001680000000000001	False	0.0	0.433685302734375	2.349475452486409e-06	True	1332264.0	40129.0	328.8443307	3167453184.0	world_g02_n017.mat	5420260C8C090D84D8E05A7B7AA6FAA4D84947962243FFAB2B43A98DA482AA24	59B22764181C475D824B3847F1FC4F2E3EA726C62618AB02D8691B028031CC55	AE9B0EEE540CC07AA3D3FE45D445B0C71815E95D7D461C6AB615903532705D09
G02	2	17	91202017	R2	0.105754705888294	0.0144420388140398	2.349475452486409e-06	-0.0007393958904271789	0.677001953125	0	-0.004579999999999999	0.003020000000000002	False	0.0	0.677001953125	2.349475452486409e-06	True	1332264.0	40129.0	328.8443307	3167453184.0	world_g02_n017.mat	5420260C8C090D84D8E05A7B7AA6FAA4D84947962243FFAB2B43A98DA482AA24	59B22764181C475D824B3847F1FC4F2E3EA726C62618AB02D8691B028031CC55	AE9B0EEE540CC07AA3D3FE45D445B0C71815E95D7D461C6AB615903532705D09
G02	2	18	91202018	R1	0.105754705888294	0.0144420388140398	2.349475452486409e-06	-0.0028700482347989225	0.102386474609375	0	-0.00639	0.0006500000000000013	False	0.0	0.102386474609375	2.349475452486409e-06	True	1332264.0	40150.0	330.2440353	3167412224.0	world_g02_n018.mat	6D83798C58A95836CE36EAA65AFD54BB121B541D8CE98FA26670CD8FCCD5D6AE	59B22764181C475D824B3847F1FC4F2E3EA726C62618AB02D8691B028031CC55	AE9B0EEE540CC07AA3D3FE45D445B0C71815E95D7D461C6AB615903532705D09
G02	2	18	91202018	R2	0.105754705888294	0.0144420388140398	2.349475452486409e-06	0.002441161021924843	0.07861328125	0	-0.0003499999999999996	0.0051	False	0.0	0.07861328125	2.349475452486409e-06	True	1332264.0	40150.0	330.2440353	3167412224.0	world_g02_n018.mat	6D83798C58A95836CE36EAA65AFD54BB121B541D8CE98FA26670CD8FCCD5D6AE	59B22764181C475D824B3847F1FC4F2E3EA726C62618AB02D8691B028031CC55	AE9B0EEE540CC07AA3D3FE45D445B0C71815E95D7D461C6AB615903532705D09
G02	2	19	91202019	R1	0.105754705888294	0.0144420388140398	2.349475452486409e-06	-0.00033131363322067735	0.863250732421875	0	-0.004299999999999998	0.0036900000000000023	False	0.0	0.863250732421875	2.349475452486409e-06	True	1332264.0	40042.0	330.7072664	3167322112.0	world_g02_n019.mat	A8C7987D96A5524BE248366F2452E1DF887298B50D6A099A4C33CF167BD790F3	59B22764181C475D824B3847F1FC4F2E3EA726C62618AB02D8691B028031CC55	AE9B0EEE540CC07AA3D3FE45D445B0C71815E95D7D461C6AB615903532705D09
G02	2	19	91202019	R2	0.105754705888294	0.0144420388140398	2.349475452486409e-06	-0.0010909541482120545	0.451416015625	0	-0.004219999999999998	0.002060000000000003	False	0.0	0.451416015625	2.349475452486409e-06	True	1332264.0	40042.0	330.7072664	3167322112.0	world_g02_n019.mat	A8C7987D96A5524BE248366F2452E1DF887298B50D6A099A4C33CF167BD790F3	59B22764181C475D824B3847F1FC4F2E3EA726C62618AB02D8691B028031CC55	AE9B0EEE540CC07AA3D3FE45D445B0C71815E95D7D461C6AB615903532705D09
G02	2	20	91202020	R1	0.105754705888294	0.0144420388140398	2.349475452486409e-06	-0.00013993543301658976	0.938262939453125	0	-0.00392	0.0036200000000000017	False	0.0	0.938262939453125	2.349475452486409e-06	True	1332264.0	40014.0	329.0797156	3167260672.0	world_g02_n020.mat	98682342B390489387708D62335A349E6B48FEEBB11B7D1DADE6CEE34BCA3441	59B22764181C475D824B3847F1FC4F2E3EA726C62618AB02D8691B028031CC55	AE9B0EEE540CC07AA3D3FE45D445B0C71815E95D7D461C6AB615903532705D09
G02	2	20	91202020	R2	0.105754705888294	0.0144420388140398	2.349475452486409e-06	0.0008873395853591026	0.6552734375	0	-0.0034199999999999994	0.005240000000000002	False	0.0	0.6552734375	2.349475452486409e-06	True	1332264.0	40014.0	329.0797156	3167260672.0	world_g02_n020.mat	98682342B390489387708D62335A349E6B48FEEBB11B7D1DADE6CEE34BCA3441	59B22764181C475D824B3847F1FC4F2E3EA726C62618AB02D8691B028031CC55	AE9B0EEE540CC07AA3D3FE45D445B0C71815E95D7D461C6AB615903532705D09
G02	2	21	91202021	R1	0.105754705888294	0.0144420388140398	2.349475452486409e-06	0.0013971557390206773	0.398284912109375	0	-0.0021099999999999973	0.004860000000000003	False	0.0	0.398284912109375	2.349475452486409e-06	True	1332264.0	39886.0	325.4082403	3164864512.0	world_g02_n021.mat	2EC2BF748ECA18A9EF39AF1B9EC9E432F844BB4D2C2A0FCEF7AB982D12CF4B68	59B22764181C475D824B3847F1FC4F2E3EA726C62618AB02D8691B028031CC55	AE9B0EEE540CC07AA3D3FE45D445B0C71815E95D7D461C6AB615903532705D09
G02	2	21	91202021	R2	0.105754705888294	0.0144420388140398	2.349475452486409e-06	0.0014365606448672056	0.284912109375	0	-0.00102	0.004100000000000003	False	0.0	0.284912109375	2.349475452486409e-06	True	1332264.0	39886.0	325.4082403	3164864512.0	world_g02_n021.mat	2EC2BF748ECA18A9EF39AF1B9EC9E432F844BB4D2C2A0FCEF7AB982D12CF4B68	59B22764181C475D824B3847F1FC4F2E3EA726C62618AB02D8691B028031CC55	AE9B0EEE540CC07AA3D3FE45D445B0C71815E95D7D461C6AB615903532705D09
G02	2	22	91202022	R1	0.105754705888294	0.0144420388140398	2.349475452486409e-06	-0.0017868265024458293	0.31158447265625	0	-0.00528	0.0017700000000000007	False	0.0	0.31158447265625	2.349475452486409e-06	True	1332264.0	40043.0	323.8303319	3164848128.0	world_g02_n022.mat	4CAD6FD612B5E5524EA260971CFA8B863AEE2C7C707FFF4DA071CB7389AA21B9	59B22764181C475D824B3847F1FC4F2E3EA726C62618AB02D8691B028031CC55	AE9B0EEE540CC07AA3D3FE45D445B0C71815E95D7D461C6AB615903532705D09
G02	2	22	91202022	R2	0.105754705888294	0.0144420388140398	2.349475452486409e-06	0.00035615983758318634	0.8388671875	0	-0.00324	0.004020000000000003	False	0.0	0.8388671875	2.349475452486409e-06	True	1332264.0	40043.0	323.8303319	3164848128.0	world_g02_n022.mat	4CAD6FD612B5E5524EA260971CFA8B863AEE2C7C707FFF4DA071CB7389AA21B9	59B22764181C475D824B3847F1FC4F2E3EA726C62618AB02D8691B028031CC55	AE9B0EEE540CC07AA3D3FE45D445B0C71815E95D7D461C6AB615903532705D09
G02	2	23	91202023	R1	0.105754705888294	0.0144420388140398	2.349475452486409e-06	-0.0015746866055377528	0.222320556640625	0	-0.004199999999999999	0.0010299999999999997	False	0.0	0.222320556640625	2.349475452486409e-06	True	1332264.0	40270.0	321.7227419	3164844032.0	world_g02_n023.mat	55E74493D0123E30B6D81C516D4DBA164883A3053ABA141786BC8A91F64E33D1	59B22764181C475D824B3847F1FC4F2E3EA726C62618AB02D8691B028031CC55	AE9B0EEE540CC07AA3D3FE45D445B0C71815E95D7D461C6AB615903532705D09
G02	2	23	91202023	R2	0.105754705888294	0.0144420388140398	2.349475452486409e-06	0.001283766315169434	0.401611328125	0	-0.0019999999999999983	0.0045000000000000005	False	0.0	0.401611328125	2.349475452486409e-06	True	1332264.0	40270.0	321.7227419	3164844032.0	world_g02_n023.mat	55E74493D0123E30B6D81C516D4DBA164883A3053ABA141786BC8A91F64E33D1	59B22764181C475D824B3847F1FC4F2E3EA726C62618AB02D8691B028031CC55	AE9B0EEE540CC07AA3D3FE45D445B0C71815E95D7D461C6AB615903532705D09
G02	2	24	91202024	R1	0.105754705888294	0.0144420388140398	2.349475452486409e-06	0.00010540370040729391	0.951690673828125	0	-0.0034800000000000005	0.0037900000000000017	False	0.0	0.951690673828125	2.349475452486409e-06	True	1332264.0	39686.0	316.9366391	3164868608.0	world_g02_n024.mat	079BC5FDE2FF162475157B75CDEF725E3B285C9708883134D1795E8B9E067963	59B22764181C475D824B3847F1FC4F2E3EA726C62618AB02D8691B028031CC55	AE9B0EEE540CC07AA3D3FE45D445B0C71815E95D7D461C6AB615903532705D09
G02	2	24	91202024	R2	0.105754705888294	0.0144420388140398	2.349475452486409e-06	-0.00047489834376402264	0.795166015625	0	-0.004489999999999999	0.0035700000000000003	False	0.0	0.795166015625	2.349475452486409e-06	True	1332264.0	39686.0	316.9366391	3164868608.0	world_g02_n024.mat	079BC5FDE2FF162475157B75CDEF725E3B285C9708883134D1795E8B9E067963	59B22764181C475D824B3847F1FC4F2E3EA726C62618AB02D8691B028031CC55	AE9B0EEE540CC07AA3D3FE45D445B0C71815E95D7D461C6AB615903532705D09
G02	2	25	91202025	R1	0.105754705888294	0.0144420388140398	2.349475452486409e-06	-0.001050578580999289	0.54351806640625	0	-0.004659999999999999	0.0025400000000000006	False	0.0	0.54351806640625	2.349475452486409e-06	True	1332264.0	40007.0	315.5943463	3164844032.0	world_g02_n025.mat	6DCDE730266AE5C25D08031F13DC0C62ADDAD603AC9B6C8476C3816EB3C3B4B6	59B22764181C475D824B3847F1FC4F2E3EA726C62618AB02D8691B028031CC55	AE9B0EEE540CC07AA3D3FE45D445B0C71815E95D7D461C6AB615903532705D09
G02	2	25	91202025	R2	0.105754705888294	0.0144420388140398	2.349475452486409e-06	0.003719845301976221	0.030029296875	1	0.00040000000000000105	0.007130000000000001	False	0.0	0.030029296875	2.349475452486409e-06	False	1332264.0	40007.0	315.5943463	3164844032.0	world_g02_n025.mat	6DCDE730266AE5C25D08031F13DC0C62ADDAD603AC9B6C8476C3816EB3C3B4B6	59B22764181C475D824B3847F1FC4F2E3EA726C62618AB02D8691B028031CC55	AE9B0EEE540CC07AA3D3FE45D445B0C71815E95D7D461C6AB615903532705D09
G02	2	26	91202026	R1	0.105754705888294	0.0144420388140398	2.349475452486409e-06	0.0016183228035922194	0.36297607421875	0	-0.0017000000000000001	0.00511	False	0.0	0.36297607421875	2.349475452486409e-06	True	1332264.0	40275.0	318.2094019	3164815360.0	world_g02_n026.mat	84AFFC7FDC519FB22B800EC129EE6AFFDE499F55410796577BE8CD4E09D055C5	59B22764181C475D824B3847F1FC4F2E3EA726C62618AB02D8691B028031CC55	AE9B0EEE540CC07AA3D3FE45D445B0C71815E95D7D461C6AB615903532705D09
G02	2	26	91202026	R2	0.105754705888294	0.0144420388140398	2.349475452486409e-06	-0.0033492751572268896	0.06005859375	0	-0.0068899999999999986	0.00016000000000000042	False	0.0	0.06005859375	2.349475452486409e-06	True	1332264.0	40275.0	318.2094019	3164815360.0	world_g02_n026.mat	84AFFC7FDC519FB22B800EC129EE6AFFDE499F55410796577BE8CD4E09D055C5	59B22764181C475D824B3847F1FC4F2E3EA726C62618AB02D8691B028031CC55	AE9B0EEE540CC07AA3D3FE45D445B0C71815E95D7D461C6AB615903532705D09
G02	2	27	91202027	R1	0.105754705888294	0.0144420388140398	2.349475452486409e-06	0.0014111490265692546	0.25567626953125	0	-0.0011499999999999982	0.003980000000000001	False	0.0	0.25567626953125	2.349475452486409e-06	True	1332264.0	40022.0	322.683141	3164798976.0	world_g02_n027.mat	D16543AF3DA1D46A705BADFC4C54178925E2B7969142195885550B50E027860D	59B22764181C475D824B3847F1FC4F2E3EA726C62618AB02D8691B028031CC55	AE9B0EEE540CC07AA3D3FE45D445B0C71815E95D7D461C6AB615903532705D09
G02	2	27	91202027	R2	0.105754705888294	0.0144420388140398	2.349475452486409e-06	-0.0007544053257332755	0.647705078125	0	-0.00439	0.0028600000000000014	False	0.0	0.647705078125	2.349475452486409e-06	True	1332264.0	40022.0	322.683141	3164798976.0	world_g02_n027.mat	D16543AF3DA1D46A705BADFC4C54178925E2B7969142195885550B50E027860D	59B22764181C475D824B3847F1FC4F2E3EA726C62618AB02D8691B028031CC55	AE9B0EEE540CC07AA3D3FE45D445B0C71815E95D7D461C6AB615903532705D09
G02	2	28	91202028	R1	0.105754705888294	0.0144420388140398	2.349475452486409e-06	-0.002590447863832931	0.1617431640625	0	-0.006369999999999999	0.001170000000000001	False	0.0	0.1617431640625	2.349475452486409e-06	True	1332264.0	40566.0	322.009799	3163860992.0	world_g02_n028.mat	0EC625F07BFBAA23EB5C1933A314AC537451BAF51D250A57948C1AAF7257C42D	59B22764181C475D824B3847F1FC4F2E3EA726C62618AB02D8691B028031CC55	AE9B0EEE540CC07AA3D3FE45D445B0C71815E95D7D461C6AB615903532705D09
G02	2	28	91202028	R2	0.105754705888294	0.0144420388140398	2.349475452486409e-06	-0.00038255073981158596	0.840087890625	0	-0.00418	0.003610000000000002	False	0.0	0.840087890625	2.349475452486409e-06	True	1332264.0	40566.0	322.009799	3163860992.0	world_g02_n028.mat	0EC625F07BFBAA23EB5C1933A314AC537451BAF51D250A57948C1AAF7257C42D	59B22764181C475D824B3847F1FC4F2E3EA726C62618AB02D8691B028031CC55	AE9B0EEE540CC07AA3D3FE45D445B0C71815E95D7D461C6AB615903532705D09
G02	2	29	91202029	R1	0.105754705888294	0.0144420388140398	2.349475452486409e-06	0.0018581096381884365	0.327423095703125	0	-0.0020999999999999977	0.005760000000000001	False	0.0	0.327423095703125	2.349475452486409e-06	True	1332264.0	40051.0	321.8621273	3163832320.0	world_g02_n029.mat	FD247391F4A80988A9F22A38582A2EED3BF79314570A76F80E28BDB06CD32A85	59B22764181C475D824B3847F1FC4F2E3EA726C62618AB02D8691B028031CC55	AE9B0EEE540CC07AA3D3FE45D445B0C71815E95D7D461C6AB615903532705D09
G02	2	29	91202029	R2	0.105754705888294	0.0144420388140398	2.349475452486409e-06	0.0025135499456257642	0.138427734375	0	-0.000959999999999999	0.006000000000000002	False	0.0	0.138427734375	2.349475452486409e-06	True	1332264.0	40051.0	321.8621273	3163832320.0	world_g02_n029.mat	FD247391F4A80988A9F22A38582A2EED3BF79314570A76F80E28BDB06CD32A85	59B22764181C475D824B3847F1FC4F2E3EA726C62618AB02D8691B028031CC55	AE9B0EEE540CC07AA3D3FE45D445B0C71815E95D7D461C6AB615903532705D09
G02	2	30	91202030	R1	0.105754705888294	0.0144420388140398	2.349475452486409e-06	0.00039380655444954657	0.718231201171875	0	-0.001899999999999999	0.002700000000000001	False	0.0	0.718231201171875	2.349475452486409e-06	True	1332264.0	39730.0	325.3421715	3163820032.0	world_g02_n030.mat	5450A2D5A1C34359A573F4046AA38226749A6004D5D7A3035ED24C979713DABE	59B22764181C475D824B3847F1FC4F2E3EA726C62618AB02D8691B028031CC55	AE9B0EEE540CC07AA3D3FE45D445B0C71815E95D7D461C6AB615903532705D09
G02	2	30	91202030	R2	0.105754705888294	0.0144420388140398	2.349475452486409e-06	0.0028117846082044502	0.037353515625	1	0.00021000000000000185	0.005340000000000001	False	0.0	0.037353515625	2.349475452486409e-06	False	1332264.0	39730.0	325.3421715	3163820032.0	world_g02_n030.mat	5450A2D5A1C34359A573F4046AA38226749A6004D5D7A3035ED24C979713DABE	59B22764181C475D824B3847F1FC4F2E3EA726C62618AB02D8691B028031CC55	AE9B0EEE540CC07AA3D3FE45D445B0C71815E95D7D461C6AB615903532705D09
G02	2	31	91202031	R1	0.105754705888294	0.0144420388140398	2.349475452486409e-06	-0.0010412259523179803	0.438385009765625	0	-0.0038699999999999984	0.0018100000000000026	False	0.0	0.438385009765625	2.349475452486409e-06	True	1332264.0	40404.0	326.6090416	3163906048.0	world_g02_n031.mat	4F1FCB3D00224E1202FB3A3E4F5F11DCA255E730CBCF0FCA6C7812853FC7026C	59B22764181C475D824B3847F1FC4F2E3EA726C62618AB02D8691B028031CC55	AE9B0EEE540CC07AA3D3FE45D445B0C71815E95D7D461C6AB615903532705D09
G02	2	31	91202031	R2	0.105754705888294	0.0144420388140398	2.349475452486409e-06	0.004267283737885406	0.00439453125	1	0.0017600000000000011	0.006840000000000002	False	0.0	0.00439453125	2.349475452486409e-06	False	1332264.0	40404.0	326.6090416	3163906048.0	world_g02_n031.mat	4F1FCB3D00224E1202FB3A3E4F5F11DCA255E730CBCF0FCA6C7812853FC7026C	59B22764181C475D824B3847F1FC4F2E3EA726C62618AB02D8691B028031CC55	AE9B0EEE540CC07AA3D3FE45D445B0C71815E95D7D461C6AB615903532705D09
G02	2	32	91202032	R1	0.105754705888294	0.0144420388140398	2.349475452486409e-06	0.0026193567179729547	0.158721923828125	0	-0.0011499999999999982	0.006400000000000003	False	0.0	0.158721923828125	2.349475452486409e-06	True	1332264.0	40520.0	328.0178424	3162914816.0	world_g02_n032.mat	7A78EA267D18977FA20B9B1819DB415118C7CA65BF9915EE48F1CE73CC7D26EC	59B22764181C475D824B3847F1FC4F2E3EA726C62618AB02D8691B028031CC55	AE9B0EEE540CC07AA3D3FE45D445B0C71815E95D7D461C6AB615903532705D09
G02	2	32	91202032	R2	0.105754705888294	0.0144420388140398	2.349475452486409e-06	0.0009746841016810583	0.6171875	0	-0.0033599999999999984	0.00527	False	0.0	0.6171875	2.349475452486409e-06	True	1332264.0	40520.0	328.0178424	3162914816.0	world_g02_n032.mat	7A78EA267D18977FA20B9B1819DB415118C7CA65BF9915EE48F1CE73CC7D26EC	59B22764181C475D824B3847F1FC4F2E3EA726C62618AB02D8691B028031CC55	AE9B0EEE540CC07AA3D3FE45D445B0C71815E95D7D461C6AB615903532705D09
G02	2	33	91202033	R1	0.105754705888294	0.0144420388140398	2.349475452486409e-06	-0.0007777002079721321	0.589508056640625	0	-0.0036799999999999992	0.002230000000000003	False	0.0	0.589508056640625	2.349475452486409e-06	True	1332264.0	40139.0	325.3556709	3163377664.0	world_g02_n033.mat	4119AD5894C848CCBCE1CC00828A75F22D4A680EF2F63D95F01F8257C73E49BF	59B22764181C475D824B3847F1FC4F2E3EA726C62618AB02D8691B028031CC55	AE9B0EEE540CC07AA3D3FE45D445B0C71815E95D7D461C6AB615903532705D09
G02	2	33	91202033	R2	0.105754705888294	0.0144420388140398	2.349475452486409e-06	-0.002152123570391505	0.2568359375	0	-0.005939999999999999	0.001570000000000002	False	0.0	0.2568359375	2.349475452486409e-06	True	1332264.0	40139.0	325.3556709	3163377664.0	world_g02_n033.mat	4119AD5894C848CCBCE1CC00828A75F22D4A680EF2F63D95F01F8257C73E49BF	59B22764181C475D824B3847F1FC4F2E3EA726C62618AB02D8691B028031CC55	AE9B0EEE540CC07AA3D3FE45D445B0C71815E95D7D461C6AB615903532705D09
G02	2	34	91202034	R1	0.105754705888294	0.0144420388140398	2.349475452486409e-06	0.0036112442507847528	0.036651611328125	1	0.0002500000000000002	0.00706	False	0.0	0.036651611328125	2.349475452486409e-06	False	1332264.0	40104.0	325.8825435	3162390528.0	world_g02_n034.mat	8BA1B1F70636AF97E86BFAFA820D5640370FDC1CCCFCAB319A927ECF8DDFFE04	59B22764181C475D824B3847F1FC4F2E3EA726C62618AB02D8691B028031CC55	AE9B0EEE540CC07AA3D3FE45D445B0C71815E95D7D461C6AB615903532705D09
G02	2	34	91202034	R2	0.105754705888294	0.0144420388140398	2.349475452486409e-06	0.001798829934937996	0.312744140625	0	-0.0015099999999999975	0.005380000000000003	False	0.0	0.312744140625	2.349475452486409e-06	True	1332264.0	40104.0	325.8825435	3162390528.0	world_g02_n034.mat	8BA1B1F70636AF97E86BFAFA820D5640370FDC1CCCFCAB319A927ECF8DDFFE04	59B22764181C475D824B3847F1FC4F2E3EA726C62618AB02D8691B028031CC55	AE9B0EEE540CC07AA3D3FE45D445B0C71815E95D7D461C6AB615903532705D09
G02	2	35	91202035	R1	0.105754705888294	0.0144420388140398	2.349475452486409e-06	0.002078325825475372	0.203033447265625	0	-0.0012700000000000003	0.005400000000000002	False	0.0	0.203033447265625	2.349475452486409e-06	True	1332264.0	40170.0	325.8985274	3163332608.0	world_g02_n035.mat	B33E5A8CE502D04EC69935C86D182425DEE94BF6442113C8AB6AA2E0C0ED4C4A	59B22764181C475D824B3847F1FC4F2E3EA726C62618AB02D8691B028031CC55	AE9B0EEE540CC07AA3D3FE45D445B0C71815E95D7D461C6AB615903532705D09
G02	2	35	91202035	R2	0.105754705888294	0.0144420388140398	2.349475452486409e-06	-0.0006883737407338407	0.743896484375	0	-0.005299999999999999	0.003950000000000002	False	0.0	0.743896484375	2.349475452486409e-06	True	1332264.0	40170.0	325.8985274	3163332608.0	world_g02_n035.mat	B33E5A8CE502D04EC69935C86D182425DEE94BF6442113C8AB6AA2E0C0ED4C4A	59B22764181C475D824B3847F1FC4F2E3EA726C62618AB02D8691B028031CC55	AE9B0EEE540CC07AA3D3FE45D445B0C71815E95D7D461C6AB615903532705D09
G02	2	36	91202036	R1	0.105754705888294	0.0144420388140398	2.349475452486409e-06	0.0018067528516244843	0.325531005859375	0	-0.001979999999999999	0.00562	False	0.0	0.325531005859375	2.349475452486409e-06	True	1332264.0	40367.0	327.5941647	3162316800.0	world_g02_n036.mat	360EA6EB1A9A74BFC8BA5138EAAEF880727D1B1D4F3048E062562DED62CCFC0E	59B22764181C475D824B3847F1FC4F2E3EA726C62618AB02D8691B028031CC55	AE9B0EEE540CC07AA3D3FE45D445B0C71815E95D7D461C6AB615903532705D09
G02	2	36	91202036	R2	0.105754705888294	0.0144420388140398	2.349475452486409e-06	0.0025390214035154865	0.228515625	0	-0.0017999999999999995	0.007000000000000003	False	0.0	0.228515625	2.349475452486409e-06	True	1332264.0	40367.0	327.5941647	3162316800.0	world_g02_n036.mat	360EA6EB1A9A74BFC8BA5138EAAEF880727D1B1D4F3048E062562DED62CCFC0E	59B22764181C475D824B3847F1FC4F2E3EA726C62618AB02D8691B028031CC55	AE9B0EEE540CC07AA3D3FE45D445B0C71815E95D7D461C6AB615903532705D09
G02	2	37	91202037	R1	0.105754705888294	0.0144420388140398	2.349475452486409e-06	0.0019856631747699038	0.204345703125	0	-0.0012199999999999989	0.00519	False	0.0	0.204345703125	2.349475452486409e-06	True	1332264.0	40120.0	326.9990479	3161333760.0	world_g02_n037.mat	231A2F7FB9983FE969D11F2098BDFFBD6418496D913F13050608978FD34BBBA4	59B22764181C475D824B3847F1FC4F2E3EA726C62618AB02D8691B028031CC55	AE9B0EEE540CC07AA3D3FE45D445B0C71815E95D7D461C6AB615903532705D09
G02	2	37	91202037	R2	0.105754705888294	0.0144420388140398	2.349475452486409e-06	-0.00198936735649833	0.356201171875	0	-0.00647	0.00238	False	0.0	0.356201171875	2.349475452486409e-06	True	1332264.0	40120.0	326.9990479	3161333760.0	world_g02_n037.mat	231A2F7FB9983FE969D11F2098BDFFBD6418496D913F13050608978FD34BBBA4	59B22764181C475D824B3847F1FC4F2E3EA726C62618AB02D8691B028031CC55	AE9B0EEE540CC07AA3D3FE45D445B0C71815E95D7D461C6AB615903532705D09
G02	2	38	91202038	R1	0.105754705888294	0.0144420388140398	2.349475452486409e-06	0.00316631794543649	0.040374755859375	1	0.00016000000000000042	0.006200000000000001	False	0.0	0.040374755859375	2.349475452486409e-06	False	1332264.0	40012.0	326.2337436	3160334336.0	world_g02_n038.mat	626A3486EEC8E400D7043CC47F1E343AD11692E6DD91ED8FB50D3F71FAE16DB0	59B22764181C475D824B3847F1FC4F2E3EA726C62618AB02D8691B028031CC55	AE9B0EEE540CC07AA3D3FE45D445B0C71815E95D7D461C6AB615903532705D09
G02	2	38	91202038	R2	0.105754705888294	0.0144420388140398	2.349475452486409e-06	0.0028919516156494444	0.1103515625	0	-0.0007600000000000003	0.006700000000000001	False	0.0	0.1103515625	2.349475452486409e-06	True	1332264.0	40012.0	326.2337436	3160334336.0	world_g02_n038.mat	626A3486EEC8E400D7043CC47F1E343AD11692E6DD91ED8FB50D3F71FAE16DB0	59B22764181C475D824B3847F1FC4F2E3EA726C62618AB02D8691B028031CC55	AE9B0EEE540CC07AA3D3FE45D445B0C71815E95D7D461C6AB615903532705D09
G02	2	39	91202039	R1	0.105754705888294	0.0144420388140398	2.349475452486409e-06	-0.0028951286406907386	0.079803466796875	0	-0.006189999999999999	0.00040000000000000105	False	0.0	0.079803466796875	2.349475452486409e-06	True	1332264.0	40203.0	328.1721064	3159302144.0	world_g02_n039.mat	114B8AAFC4C543E4F638090E90B36010B40BEA921D7DC21BF5F9121A971D77F8	59B22764181C475D824B3847F1FC4F2E3EA726C62618AB02D8691B028031CC55	AE9B0EEE540CC07AA3D3FE45D445B0C71815E95D7D461C6AB615903532705D09
G02	2	39	91202039	R2	0.105754705888294	0.0144420388140398	2.349475452486409e-06	0.0005815347125117351	0.72998046875	0	-0.002999999999999999	0.004230000000000001	False	0.0	0.72998046875	2.349475452486409e-06	True	1332264.0	40203.0	328.1721064	3159302144.0	world_g02_n039.mat	114B8AAFC4C543E4F638090E90B36010B40BEA921D7DC21BF5F9121A971D77F8	59B22764181C475D824B3847F1FC4F2E3EA726C62618AB02D8691B028031CC55	AE9B0EEE540CC07AA3D3FE45D445B0C71815E95D7D461C6AB615903532705D09
G02	2	40	91202040	R1	0.105754705888294	0.0144420388140398	2.349475452486409e-06	-0.0002626323081752756	0.838470458984375	0	-0.0030199999999999984	0.002510000000000002	False	0.0	0.838470458984375	2.349475452486409e-06	True	1332264.0	40264.0	310.6125213	3160182784.0	world_g02_n040.mat	BF07BDDD726291FC2396E18898AA3588D3838749C4E0693CCDCA9DBAED08B1E5	59B22764181C475D824B3847F1FC4F2E3EA726C62618AB02D8691B028031CC55	AE9B0EEE540CC07AA3D3FE45D445B0C71815E95D7D461C6AB615903532705D09
G02	2	40	91202040	R2	0.105754705888294	0.0144420388140398	2.349475452486409e-06	0.0004700407134353503	0.79443359375	0	-0.0034000000000000002	0.0042800000000000026	False	0.0	0.79443359375	2.349475452486409e-06	True	1332264.0	40264.0	310.6125213	3160182784.0	world_g02_n040.mat	BF07BDDD726291FC2396E18898AA3588D3838749C4E0693CCDCA9DBAED08B1E5	59B22764181C475D824B3847F1FC4F2E3EA726C62618AB02D8691B028031CC55	AE9B0EEE540CC07AA3D3FE45D445B0C71815E95D7D461C6AB615903532705D09
G02	2	41	91202041	R1	0.105754705888294	0.0144420388140398	2.349475452486409e-06	-0.0006168438537610056	0.720550537109375	0	-0.004279999999999999	0.00307	False	0.0	0.720550537109375	2.349475452486409e-06	True	1332264.0	39705.0	313.0705324	3160125440.0	world_g02_n041.mat	6F46A5214BCD303CADB0D9855AC9FFC7716C1CCE194BA5A6791C792E2DB2A373	59B22764181C475D824B3847F1FC4F2E3EA726C62618AB02D8691B028031CC55	AE9B0EEE540CC07AA3D3FE45D445B0C71815E95D7D461C6AB615903532705D09
G02	2	41	91202041	R2	0.105754705888294	0.0144420388140398	2.349475452486409e-06	0.0016433994553232442	0.209716796875	0	-0.0011099999999999999	0.004380000000000002	False	0.0	0.209716796875	2.349475452486409e-06	True	1332264.0	39705.0	313.0705324	3160125440.0	world_g02_n041.mat	6F46A5214BCD303CADB0D9855AC9FFC7716C1CCE194BA5A6791C792E2DB2A373	59B22764181C475D824B3847F1FC4F2E3EA726C62618AB02D8691B028031CC55	AE9B0EEE540CC07AA3D3FE45D445B0C71815E95D7D461C6AB615903532705D09
G02	2	42	91202042	R1	0.105754705888294	0.0144420388140398	2.349475452486409e-06	0.0018010633450647306	0.231536865234375	0	-0.0012799999999999999	0.004890000000000002	False	0.0	0.231536865234375	2.349475452486409e-06	True	1332264.0	40001.0	333.1894368	3159109632.0	world_g02_n042.mat	F6A42C41EB61A1BC6281C1FE974FB87D799A90E3AFC41C15E71EADA015235372	59B22764181C475D824B3847F1FC4F2E3EA726C62618AB02D8691B028031CC55	AE9B0EEE540CC07AA3D3FE45D445B0C71815E95D7D461C6AB615903532705D09
G02	2	42	91202042	R2	0.105754705888294	0.0144420388140398	2.349475452486409e-06	-0.004223604748630391	0.016357421875	1	-0.0074199999999999995	-0.0009399999999999999	False	0.0	0.016357421875	2.349475452486409e-06	False	1332264.0	40001.0	333.1894368	3159109632.0	world_g02_n042.mat	F6A42C41EB61A1BC6281C1FE974FB87D799A90E3AFC41C15E71EADA015235372	59B22764181C475D824B3847F1FC4F2E3EA726C62618AB02D8691B028031CC55	AE9B0EEE540CC07AA3D3FE45D445B0C71815E95D7D461C6AB615903532705D09
G02	2	43	91202043	R1	0.105754705888294	0.0144420388140398	2.349475452486409e-06	0.000397213338038405	0.864013671875	0	-0.00435	0.005240000000000002	False	0.0	0.864013671875	2.349475452486409e-06	True	1332264.0	40336.0	338.8805721	3158061056.0	world_g02_n043.mat	6FEAF52E15B3D2A16B7C4C683D1731A4334B895EECFE143D594FBC5576A494B9	59B22764181C475D824B3847F1FC4F2E3EA726C62618AB02D8691B028031CC55	AE9B0EEE540CC07AA3D3FE45D445B0C71815E95D7D461C6AB615903532705D09
G02	2	43	91202043	R2	0.105754705888294	0.0144420388140398	2.349475452486409e-06	0.0009520401016433792	0.392822265625	0	-0.0013399999999999974	0.003040000000000001	False	0.0	0.392822265625	2.349475452486409e-06	True	1332264.0	40336.0	338.8805721	3158061056.0	world_g02_n043.mat	6FEAF52E15B3D2A16B7C4C683D1731A4334B895EECFE143D594FBC5576A494B9	59B22764181C475D824B3847F1FC4F2E3EA726C62618AB02D8691B028031CC55	AE9B0EEE540CC07AA3D3FE45D445B0C71815E95D7D461C6AB615903532705D09
G02	2	44	91202044	R1	0.105754705888294	0.0144420388140398	2.349475452486409e-06	0.0021246077512904657	0.20416259765625	0	-0.0013199999999999983	0.005580000000000002	False	0.0	0.20416259765625	2.349475452486409e-06	True	1332264.0	39944.0	260.3021652	3157987328.0	world_g02_n044.mat	E10744F73328DEAF4674D3C07BBC02AE7F8EA52585E7F932091E52AFC24AF540	59B22764181C475D824B3847F1FC4F2E3EA726C62618AB02D8691B028031CC55	AE9B0EEE540CC07AA3D3FE45D445B0C71815E95D7D461C6AB615903532705D09
G02	2	44	91202044	R2	0.105754705888294	0.0144420388140398	2.349475452486409e-06	-0.0038215206504087955	0.15576171875	0	-0.00921	0.0016600000000000018	False	0.0	0.15576171875	2.349475452486409e-06	True	1332264.0	39944.0	260.3021652	3157987328.0	world_g02_n044.mat	E10744F73328DEAF4674D3C07BBC02AE7F8EA52585E7F932091E52AFC24AF540	59B22764181C475D824B3847F1FC4F2E3EA726C62618AB02D8691B028031CC55	AE9B0EEE540CC07AA3D3FE45D445B0C71815E95D7D461C6AB615903532705D09
G02	2	45	91202045	R1	0.105754705888294	0.0144420388140398	2.349475452486409e-06	-0.001419947871385458	0.476898193359375	0	-0.005469999999999999	0.00264	False	0.0	0.476898193359375	2.349475452486409e-06	True	1332264.0	39950.0	258.0949791	3156942848.0	world_g02_n045.mat	BBC8C3444F5A30BA2D709532D1EE5CEDC97C9C09F9F5C56325BCD1ACD2AFA6C8	59B22764181C475D824B3847F1FC4F2E3EA726C62618AB02D8691B028031CC55	AE9B0EEE540CC07AA3D3FE45D445B0C71815E95D7D461C6AB615903532705D09
G02	2	45	91202045	R2	0.105754705888294	0.0144420388140398	2.349475452486409e-06	-0.00036965252111474634	0.81640625	0	-0.003879999999999998	0.0031200000000000012	False	0.0	0.81640625	2.349475452486409e-06	True	1332264.0	39950.0	258.0949791	3156942848.0	world_g02_n045.mat	BBC8C3444F5A30BA2D709532D1EE5CEDC97C9C09F9F5C56325BCD1ACD2AFA6C8	59B22764181C475D824B3847F1FC4F2E3EA726C62618AB02D8691B028031CC55	AE9B0EEE540CC07AA3D3FE45D445B0C71815E95D7D461C6AB615903532705D09
G02	2	46	91202046	R1	0.105754705888294	0.0144420388140398	2.349475452486409e-06	-0.001577750010525607	0.290985107421875	0	-0.0046	0.0013699999999999997	False	0.0	0.290985107421875	2.349475452486409e-06	True	1332264.0	40404.0	257.9949983	3156832256.0	world_g02_n046.mat	C67B7ECA014D903DCB4133D59FA2F671BADD4C507B330E47748FAE8ABB901F15	59B22764181C475D824B3847F1FC4F2E3EA726C62618AB02D8691B028031CC55	AE9B0EEE540CC07AA3D3FE45D445B0C71815E95D7D461C6AB615903532705D09
G02	2	46	91202046	R2	0.105754705888294	0.0144420388140398	2.349475452486409e-06	0.0006532652173174361	0.68115234375	0	-0.0022199999999999998	0.0037300000000000007	False	0.0	0.68115234375	2.349475452486409e-06	True	1332264.0	40404.0	257.9949983	3156832256.0	world_g02_n046.mat	C67B7ECA014D903DCB4133D59FA2F671BADD4C507B330E47748FAE8ABB901F15	59B22764181C475D824B3847F1FC4F2E3EA726C62618AB02D8691B028031CC55	AE9B0EEE540CC07AA3D3FE45D445B0C71815E95D7D461C6AB615903532705D09
G02	2	47	91202047	R1	0.105754705888294	0.0144420388140398	2.349475452486409e-06	-0.002247564048047466	0.3067626953125	0	-0.0067199999999999985	0.0021200000000000004	False	0.0	0.3067626953125	2.349475452486409e-06	True	1332264.0	40205.0	289.2308718	3155755008.0	world_g02_n047.mat	EF89811FDF02FE6BAF648D49424E2E1A5E8B178DACDAFB5B7257CEC1419F05AC	59B22764181C475D824B3847F1FC4F2E3EA726C62618AB02D8691B028031CC55	AE9B0EEE540CC07AA3D3FE45D445B0C71815E95D7D461C6AB615903532705D09
G02	2	47	91202047	R2	0.105754705888294	0.0144420388140398	2.349475452486409e-06	0.002650723052220988	0.12939453125	0	-0.0009099999999999976	0.006250000000000002	False	0.0	0.12939453125	2.349475452486409e-06	True	1332264.0	40205.0	289.2308718	3155755008.0	world_g02_n047.mat	EF89811FDF02FE6BAF648D49424E2E1A5E8B178DACDAFB5B7257CEC1419F05AC	59B22764181C475D824B3847F1FC4F2E3EA726C62618AB02D8691B028031CC55	AE9B0EEE540CC07AA3D3FE45D445B0C71815E95D7D461C6AB615903532705D09
G02	2	48	91202048	R1	0.105754705888294	0.0144420388140398	2.349475452486409e-06	0.0029377243879607296	0.144439697265625	0	-0.0011399999999999987	0.0070300000000000015	False	0.0	0.144439697265625	2.349475452486409e-06	True	1332264.0	40096.0	373.3128154	3155443712.0	world_g02_n048.mat	6DB157CC94C2E0ED7AF8B69C54C90395DDF31B4742DC16A6A58E7DDAFF989504	59B22764181C475D824B3847F1FC4F2E3EA726C62618AB02D8691B028031CC55	AE9B0EEE540CC07AA3D3FE45D445B0C71815E95D7D461C6AB615903532705D09
G02	2	48	91202048	R2	0.105754705888294	0.0144420388140398	2.349475452486409e-06	-0.0004828653907399079	0.810302734375	0	-0.004679999999999998	0.0038800000000000015	False	0.0	0.810302734375	2.349475452486409e-06	True	1332264.0	40096.0	373.3128154	3155443712.0	world_g02_n048.mat	6DB157CC94C2E0ED7AF8B69C54C90395DDF31B4742DC16A6A58E7DDAFF989504	59B22764181C475D824B3847F1FC4F2E3EA726C62618AB02D8691B028031CC55	AE9B0EEE540CC07AA3D3FE45D445B0C71815E95D7D461C6AB615903532705D09
G02	2	49	91202049	R1	0.105754705888294	0.0144420388140398	2.349475452486409e-06	0.000547596276485378	0.798431396484375	0	-0.0031899999999999984	0.004580000000000001	False	0.0	0.798431396484375	2.349475452486409e-06	True	1332264.0	40367.0	383.3118453	3154341888.0	world_g02_n049.mat	249E5F4C88530D1D8E48FDBFDCD5577A3D676DAD7E122FDF75F01E44D44CA8B1	59B22764181C475D824B3847F1FC4F2E3EA726C62618AB02D8691B028031CC55	AE9B0EEE540CC07AA3D3FE45D445B0C71815E95D7D461C6AB615903532705D09
G02	2	49	91202049	R2	0.105754705888294	0.0144420388140398	2.349475452486409e-06	0.0012359292397793136	0.52001953125	0	-0.0029899999999999996	0.005470000000000003	False	0.0	0.52001953125	2.349475452486409e-06	True	1332264.0	40367.0	383.3118453	3154341888.0	world_g02_n049.mat	249E5F4C88530D1D8E48FDBFDCD5577A3D676DAD7E122FDF75F01E44D44CA8B1	59B22764181C475D824B3847F1FC4F2E3EA726C62618AB02D8691B028031CC55	AE9B0EEE540CC07AA3D3FE45D445B0C71815E95D7D461C6AB615903532705D09
G02	2	50	91202050	R1	0.105754705888294	0.0144420388140398	2.349475452486409e-06	-0.001374160196737911	0.3287353515625	0	-0.004	0.0010500000000000023	False	0.0	0.3287353515625	2.349475452486409e-06	True	1332264.0	40386.0	383.8436311	3129921536.0	world_g02_n050.mat	039B4DC7515205A68345D1D6DA564AE036E0D4823A63CEED2AAE55E625BCE063	59B22764181C475D824B3847F1FC4F2E3EA726C62618AB02D8691B028031CC55	AE9B0EEE540CC07AA3D3FE45D445B0C71815E95D7D461C6AB615903532705D09
G02	2	50	91202050	R2	0.105754705888294	0.0144420388140398	2.349475452486409e-06	-0.00031859601631386403	0.850830078125	0	-0.004019999999999999	0.003420000000000003	False	0.0	0.850830078125	2.349475452486409e-06	True	1332264.0	40386.0	383.8436311	3129921536.0	world_g02_n050.mat	039B4DC7515205A68345D1D6DA564AE036E0D4823A63CEED2AAE55E625BCE063	59B22764181C475D824B3847F1FC4F2E3EA726C62618AB02D8691B028031CC55	AE9B0EEE540CC07AA3D3FE45D445B0C71815E95D7D461C6AB615903532705D09
G02	2	51	91202051	R1	0.105754705888294	0.0144420388140398	2.349475452486409e-06	0.00142089648512342	0.169097900390625	0	-0.0006499999999999978	0.003530000000000002	False	0.0	0.169097900390625	2.349475452486409e-06	True	1332264.0	40092.0	346.921336	3157159936.0	world_g02_n051.mat	F5326E492E84FCB0D70F63B61E4053135A782926E176F88FC696F73FE86C7344	59B22764181C475D824B3847F1FC4F2E3EA726C62618AB02D8691B028031CC55	AE9B0EEE540CC07AA3D3FE45D445B0C71815E95D7D461C6AB615903532705D09
G02	2	51	91202051	R2	0.105754705888294	0.0144420388140398	2.349475452486409e-06	-0.002507177674385381	0.1689453125	0	-0.00626	0.0011500000000000017	False	0.0	0.1689453125	2.349475452486409e-06	True	1332264.0	40092.0	346.921336	3157159936.0	world_g02_n051.mat	F5326E492E84FCB0D70F63B61E4053135A782926E176F88FC696F73FE86C7344	59B22764181C475D824B3847F1FC4F2E3EA726C62618AB02D8691B028031CC55	AE9B0EEE540CC07AA3D3FE45D445B0C71815E95D7D461C6AB615903532705D09
G02	2	52	91202052	R1	0.105754705888294	0.0144420388140398	2.349475452486409e-06	-0.0029280300885426583	0.187957763671875	0	-0.00749	0.0016600000000000018	False	0.0	0.187957763671875	2.349475452486409e-06	True	1332264.0	40360.0	348.735969	3157086208.0	world_g02_n052.mat	964592AEBF0F415F50347F3E7051BB8C5032CA9D3478C81F03D2F5C7EBFC7413	59B22764181C475D824B3847F1FC4F2E3EA726C62618AB02D8691B028031CC55	AE9B0EEE540CC07AA3D3FE45D445B0C71815E95D7D461C6AB615903532705D09
G02	2	52	91202052	R2	0.105754705888294	0.0144420388140398	2.349475452486409e-06	-0.0016893826786389592	0.358154296875	0	-0.005469999999999999	0.001990000000000002	False	0.0	0.358154296875	2.349475452486409e-06	True	1332264.0	40360.0	348.735969	3157086208.0	world_g02_n052.mat	964592AEBF0F415F50347F3E7051BB8C5032CA9D3478C81F03D2F5C7EBFC7413	59B22764181C475D824B3847F1FC4F2E3EA726C62618AB02D8691B028031CC55	AE9B0EEE540CC07AA3D3FE45D445B0C71815E95D7D461C6AB615903532705D09
G02	2	53	91202053	R1	0.105754705888294	0.0144420388140398	2.349475452486409e-06	0.00045425552998121525	0.7122802734375	0	-0.0020599999999999993	0.003020000000000002	False	0.0	0.7122802734375	2.349475452486409e-06	True	1332264.0	40237.0	349.7417236	3158118400.0	world_g02_n053.mat	092350C461C051D1CBA8D40CF0BDC00A9A707359152947FD0779365257554961	59B22764181C475D824B3847F1FC4F2E3EA726C62618AB02D8691B028031CC55	AE9B0EEE540CC07AA3D3FE45D445B0C71815E95D7D461C6AB615903532705D09
G02	2	53	91202053	R2	0.105754705888294	0.0144420388140398	2.349475452486409e-06	0.0011905349381378415	0.64599609375	0	-0.00452	0.006730000000000003	False	0.0	0.64599609375	2.349475452486409e-06	True	1332264.0	40237.0	349.7417236	3158118400.0	world_g02_n053.mat	092350C461C051D1CBA8D40CF0BDC00A9A707359152947FD0779365257554961	59B22764181C475D824B3847F1FC4F2E3EA726C62618AB02D8691B028031CC55	AE9B0EEE540CC07AA3D3FE45D445B0C71815E95D7D461C6AB615903532705D09
G02	2	54	91202054	R1	0.105754705888294	0.0144420388140398	2.349475452486409e-06	-0.0016514703022531328	0.438446044921875	0	-0.0059299999999999995	0.0024600000000000004	False	0.0	0.438446044921875	2.349475452486409e-06	True	1332264.0	39907.0	346.7259485	3157053440.0	world_g02_n054.mat	2E43BAA3C9BEF3FA31F69E54EB77994135F4E35C13D4BF631DA0F6DC74E617EC	59B22764181C475D824B3847F1FC4F2E3EA726C62618AB02D8691B028031CC55	AE9B0EEE540CC07AA3D3FE45D445B0C71815E95D7D461C6AB615903532705D09
G02	2	54	91202054	R2	0.105754705888294	0.0144420388140398	2.349475452486409e-06	-0.0020676091403816514	0.223876953125	0	-0.00567	0.001510000000000001	False	0.0	0.223876953125	2.349475452486409e-06	True	1332264.0	39907.0	346.7259485	3157053440.0	world_g02_n054.mat	2E43BAA3C9BEF3FA31F69E54EB77994135F4E35C13D4BF631DA0F6DC74E617EC	59B22764181C475D824B3847F1FC4F2E3EA726C62618AB02D8691B028031CC55	AE9B0EEE540CC07AA3D3FE45D445B0C71815E95D7D461C6AB615903532705D09
G02	2	55	91202055	R1	0.105754705888294	0.0144420388140398	2.349475452486409e-06	0.0001856769475594626	0.90203857421875	0	-0.002919999999999999	0.0033400000000000027	False	0.0	0.90203857421875	2.349475452486409e-06	True	1332264.0	40111.0	346.1062976	3157045248.0	world_g02_n055.mat	51A37F1CC8166DEF5153009EE32FE2AF877B894D2DEB7EF098C2EA19EB12E1BD	59B22764181C475D824B3847F1FC4F2E3EA726C62618AB02D8691B028031CC55	AE9B0EEE540CC07AA3D3FE45D445B0C71815E95D7D461C6AB615903532705D09
G02	2	55	91202055	R2	0.105754705888294	0.0144420388140398	2.349475452486409e-06	-0.0013822244604244996	0.467529296875	0	-0.00537	0.0026900000000000014	False	0.0	0.467529296875	2.349475452486409e-06	True	1332264.0	40111.0	346.1062976	3157045248.0	world_g02_n055.mat	51A37F1CC8166DEF5153009EE32FE2AF877B894D2DEB7EF098C2EA19EB12E1BD	59B22764181C475D824B3847F1FC4F2E3EA726C62618AB02D8691B028031CC55	AE9B0EEE540CC07AA3D3FE45D445B0C71815E95D7D461C6AB615903532705D09
G02	2	56	91202056	R1	0.105754705888294	0.0144420388140398	2.349475452486409e-06	0.0010166209723097392	0.505706787109375	0	-0.00213	0.0041100000000000025	False	0.0	0.505706787109375	2.349475452486409e-06	True	1332264.0	39883.0	344.5847056	3158048768.0	world_g02_n056.mat	34F2131816AF4BA92680A8015FE0B748CFA9CA2A8C242E57902D59B975B17F1D	59B22764181C475D824B3847F1FC4F2E3EA726C62618AB02D8691B028031CC55	AE9B0EEE540CC07AA3D3FE45D445B0C71815E95D7D461C6AB615903532705D09
G02	2	56	91202056	R2	0.105754705888294	0.0144420388140398	2.349475452486409e-06	-0.0012638407133598274	0.425537109375	0	-0.004739999999999999	0.0020900000000000016	False	0.0	0.425537109375	2.349475452486409e-06	True	1332264.0	39883.0	344.5847056	3158048768.0	world_g02_n056.mat	34F2131816AF4BA92680A8015FE0B748CFA9CA2A8C242E57902D59B975B17F1D	59B22764181C475D824B3847F1FC4F2E3EA726C62618AB02D8691B028031CC55	AE9B0EEE540CC07AA3D3FE45D445B0C71815E95D7D461C6AB615903532705D09
G02	2	57	91202057	R1	0.105754705888294	0.0144420388140398	2.349475452486409e-06	0.0006820081099062051	0.702301025390625	0	-0.003089999999999999	0.004460000000000002	False	0.0	0.702301025390625	2.349475452486409e-06	True	1332264.0	40114.0	342.7490017	3157094400.0	world_g02_n057.mat	20115037ED0730A1269B2FF8C466D28429748E9BDFFA64683E609CDE9D2D1874	59B22764181C475D824B3847F1FC4F2E3EA726C62618AB02D8691B028031CC55	AE9B0EEE540CC07AA3D3FE45D445B0C71815E95D7D461C6AB615903532705D09
G02	2	57	91202057	R2	0.105754705888294	0.0144420388140398	2.349475452486409e-06	-0.0003245227849660665	0.8486328125	0	-0.004049999999999998	0.0033700000000000015	False	0.0	0.8486328125	2.349475452486409e-06	True	1332264.0	40114.0	342.7490017	3157094400.0	world_g02_n057.mat	20115037ED0730A1269B2FF8C466D28429748E9BDFFA64683E609CDE9D2D1874	59B22764181C475D824B3847F1FC4F2E3EA726C62618AB02D8691B028031CC55	AE9B0EEE540CC07AA3D3FE45D445B0C71815E95D7D461C6AB615903532705D09
G02	2	58	91202058	R1	0.105754705888294	0.0144420388140398	2.349475452486409e-06	-0.000697067548224247	0.62176513671875	0	-0.003709999999999998	0.0022800000000000008	False	0.0	0.62176513671875	2.349475452486409e-06	True	1332264.0	40406.0	348.6201587	3157008384.0	world_g02_n058.mat	482C4CBACD8D55E8F6F500196E5085E314FF300876D4F4ACF306E3B9A4401DC3	59B22764181C475D824B3847F1FC4F2E3EA726C62618AB02D8691B028031CC55	AE9B0EEE540CC07AA3D3FE45D445B0C71815E95D7D461C6AB615903532705D09
G02	2	58	91202058	R2	0.105754705888294	0.0144420388140398	2.349475452486409e-06	-0.0006155111151569038	0.762451171875	0	-0.005209999999999999	0.00392	False	0.0	0.762451171875	2.349475452486409e-06	True	1332264.0	40406.0	348.6201587	3157008384.0	world_g02_n058.mat	482C4CBACD8D55E8F6F500196E5085E314FF300876D4F4ACF306E3B9A4401DC3	59B22764181C475D824B3847F1FC4F2E3EA726C62618AB02D8691B028031CC55	AE9B0EEE540CC07AA3D3FE45D445B0C71815E95D7D461C6AB615903532705D09
G02	2	59	91202059	R1	0.105754705888294	0.0144420388140398	2.349475452486409e-06	0.0031520727837252055	0.052703857421875	0	-6.999999999999715e-05	0.006370000000000001	False	0.0	0.052703857421875	2.349475452486409e-06	True	1332264.0	40049.0	347.4605596	3157970944.0	world_g02_n059.mat	806E6076139ED706394F7DB814AE7B101C5F69B236B2FED03986B569649AAFF9	59B22764181C475D824B3847F1FC4F2E3EA726C62618AB02D8691B028031CC55	AE9B0EEE540CC07AA3D3FE45D445B0C71815E95D7D461C6AB615903532705D09
G02	2	59	91202059	R2	0.105754705888294	0.0144420388140398	2.349475452486409e-06	-0.00145419633074243	0.504638671875	0	-0.0058699999999999985	0.0032600000000000025	False	0.0	0.504638671875	2.349475452486409e-06	True	1332264.0	40049.0	347.4605596	3157970944.0	world_g02_n059.mat	806E6076139ED706394F7DB814AE7B101C5F69B236B2FED03986B569649AAFF9	59B22764181C475D824B3847F1FC4F2E3EA726C62618AB02D8691B028031CC55	AE9B0EEE540CC07AA3D3FE45D445B0C71815E95D7D461C6AB615903532705D09
G02	2	60	91202060	R1	0.105754705888294	0.0144420388140398	2.349475452486409e-06	-8.093789441864494e-05	0.952178955078125	0	-0.002859999999999998	0.0027500000000000024	False	0.0	0.952178955078125	2.349475452486409e-06	True	1332264.0	40011.0	346.9318929	3157004288.0	world_g02_n060.mat	91B24751FA21B3A885340CADB918375B77F0FACBECA3514EE21B76C316897D58	59B22764181C475D824B3847F1FC4F2E3EA726C62618AB02D8691B028031CC55	AE9B0EEE540CC07AA3D3FE45D445B0C71815E95D7D461C6AB615903532705D09
G02	2	60	91202060	R2	0.105754705888294	0.0144420388140398	2.349475452486409e-06	-0.002411832145068804	0.3544921875	0	-0.007739999999999999	0.002620000000000001	False	0.0	0.3544921875	2.349475452486409e-06	True	1332264.0	40011.0	346.9318929	3157004288.0	world_g02_n060.mat	91B24751FA21B3A885340CADB918375B77F0FACBECA3514EE21B76C316897D58	59B22764181C475D824B3847F1FC4F2E3EA726C62618AB02D8691B028031CC55	AE9B0EEE540CC07AA3D3FE45D445B0C71815E95D7D461C6AB615903532705D09
G02	2	61	91202061	R1	0.105754705888294	0.0144420388140398	2.349475452486409e-06	-0.0013019602872002115	0.38568115234375	0	-0.004449999999999999	0.0018300000000000018	False	0.0	0.38568115234375	2.349475452486409e-06	True	1332264.0	40620.0	346.75242	3156070400.0	world_g02_n061.mat	35C87FC00EF2077D94E397535E3D27E189D8F0EF0B3B5E3AE7FF57D04C7EFED6	59B22764181C475D824B3847F1FC4F2E3EA726C62618AB02D8691B028031CC55	AE9B0EEE540CC07AA3D3FE45D445B0C71815E95D7D461C6AB615903532705D09
G02	2	61	91202061	R2	0.105754705888294	0.0144420388140398	2.349475452486409e-06	-0.0025312399362124646	0.30322265625	0	-0.00754	0.0025200000000000014	False	0.0	0.30322265625	2.349475452486409e-06	True	1332264.0	40620.0	346.75242	3156070400.0	world_g02_n061.mat	35C87FC00EF2077D94E397535E3D27E189D8F0EF0B3B5E3AE7FF57D04C7EFED6	59B22764181C475D824B3847F1FC4F2E3EA726C62618AB02D8691B028031CC55	AE9B0EEE540CC07AA3D3FE45D445B0C71815E95D7D461C6AB615903532705D09
G02	2	62	91202062	R1	0.105754705888294	0.0144420388140398	2.349475452486409e-06	-0.0004206269191966376	0.7774658203125	0	-0.0034399999999999986	0.0027100000000000006	False	0.0	0.7774658203125	2.349475452486409e-06	True	1332264.0	40427.0	345.1517777	3156889600.0	world_g02_n062.mat	2E4C0C961EF6CFDF5150D5378F0C282C0B83C5D313680612077AF2E4B822C396	59B22764181C475D824B3847F1FC4F2E3EA726C62618AB02D8691B028031CC55	AE9B0EEE540CC07AA3D3FE45D445B0C71815E95D7D461C6AB615903532705D09
G02	2	62	91202062	R2	0.105754705888294	0.0144420388140398	2.349475452486409e-06	-0.0002305926312532795	0.885009765625	0	-0.0037199999999999976	0.0032800000000000017	False	0.0	0.885009765625	2.349475452486409e-06	True	1332264.0	40427.0	345.1517777	3156889600.0	world_g02_n062.mat	2E4C0C961EF6CFDF5150D5378F0C282C0B83C5D313680612077AF2E4B822C396	59B22764181C475D824B3847F1FC4F2E3EA726C62618AB02D8691B028031CC55	AE9B0EEE540CC07AA3D3FE45D445B0C71815E95D7D461C6AB615903532705D09
G02	2	63	91202063	R1	0.105754705888294	0.0144420388140398	2.349475452486409e-06	-0.0006910802859381986	0.699737548828125	0	-0.004499999999999999	0.0031200000000000012	False	0.0	0.699737548828125	2.349475452486409e-06	True	1332264.0	39940.0	340.7909731	3156021248.0	world_g02_n063.mat	8C7C4120971686828A6B309F4588B40C96F0FCBD74D46FBB65C4EB6A311AA24E	59B22764181C475D824B3847F1FC4F2E3EA726C62618AB02D8691B028031CC55	AE9B0EEE540CC07AA3D3FE45D445B0C71815E95D7D461C6AB615903532705D09
G02	2	63	91202063	R2	0.105754705888294	0.0144420388140398	2.349475452486409e-06	0.000564606222596822	0.7490234375	0	-0.0032999999999999974	0.0043900000000000015	False	0.0	0.7490234375	2.349475452486409e-06	True	1332264.0	39940.0	340.7909731	3156021248.0	world_g02_n063.mat	8C7C4120971686828A6B309F4588B40C96F0FCBD74D46FBB65C4EB6A311AA24E	59B22764181C475D824B3847F1FC4F2E3EA726C62618AB02D8691B028031CC55	AE9B0EEE540CC07AA3D3FE45D445B0C71815E95D7D461C6AB615903532705D09
G02	2	64	91202064	R1	0.105754705888294	0.0144420388140398	2.349475452486409e-06	0.0030425826233294925	0.19012451171875	0	-0.0016799999999999975	0.007800000000000001	False	0.0	0.19012451171875	2.349475452486409e-06	True	1332264.0	39984.0	344.7788036	3156938752.0	world_g02_n064.mat	4A713740E2EA9A05323955FCE0040C887A31825E8F9B5F9AF7C1F9E72F41A885	59B22764181C475D824B3847F1FC4F2E3EA726C62618AB02D8691B028031CC55	AE9B0EEE540CC07AA3D3FE45D445B0C71815E95D7D461C6AB615903532705D09
G02	2	64	91202064	R2	0.105754705888294	0.0144420388140398	2.349475452486409e-06	0.0018263305335879788	0.2822265625	0	-0.0018499999999999975	0.00544	False	0.0	0.2822265625	2.349475452486409e-06	True	1332264.0	39984.0	344.7788036	3156938752.0	world_g02_n064.mat	4A713740E2EA9A05323955FCE0040C887A31825E8F9B5F9AF7C1F9E72F41A885	59B22764181C475D824B3847F1FC4F2E3EA726C62618AB02D8691B028031CC55	AE9B0EEE540CC07AA3D3FE45D445B0C71815E95D7D461C6AB615903532705D09
G02	2	65	91202065	R1	0.105754705888294	0.0144420388140398	2.349475452486409e-06	0.0004179535650695647	0.772918701171875	0	-0.0022699999999999977	0.0032600000000000025	False	0.0	0.772918701171875	2.349475452486409e-06	True	1332264.0	40244.0	344.6576268	3155988480.0	world_g02_n065.mat	34974184741FCBE052295804DB2BB6FF89857AD7953CBB2ABEA6BD2B1686FA0B	59B22764181C475D824B3847F1FC4F2E3EA726C62618AB02D8691B028031CC55	AE9B0EEE540CC07AA3D3FE45D445B0C71815E95D7D461C6AB615903532705D09
G02	2	65	91202065	R2	0.105754705888294	0.0144420388140398	2.349475452486409e-06	-0.00044172039137908446	0.7763671875	0	-0.0037899999999999982	0.0029200000000000025	False	0.0	0.7763671875	2.349475452486409e-06	True	1332264.0	40244.0	344.6576268	3155988480.0	world_g02_n065.mat	34974184741FCBE052295804DB2BB6FF89857AD7953CBB2ABEA6BD2B1686FA0B	59B22764181C475D824B3847F1FC4F2E3EA726C62618AB02D8691B028031CC55	AE9B0EEE540CC07AA3D3FE45D445B0C71815E95D7D461C6AB615903532705D09
G02	2	66	91202066	R1	0.105754705888294	0.0144420388140398	2.349475452486409e-06	0.0008038392305994866	0.621978759765625	0	-0.002579999999999999	0.004190000000000003	False	0.0	0.621978759765625	2.349475452486409e-06	True	1332264.0	40228.0	346.19228	3156934656.0	world_g02_n066.mat	A21BEA07BA9390CAC54DA705A3EA5B71C609F4D46A553F60DEF4BEDE36FB231C	59B22764181C475D824B3847F1FC4F2E3EA726C62618AB02D8691B028031CC55	AE9B0EEE540CC07AA3D3FE45D445B0C71815E95D7D461C6AB615903532705D09
G02	2	66	91202066	R2	0.105754705888294	0.0144420388140398	2.349475452486409e-06	0.0020690517116588873	0.417724609375	0	-0.0033399999999999992	0.007440000000000002	False	0.0	0.417724609375	2.349475452486409e-06	True	1332264.0	40228.0	346.19228	3156934656.0	world_g02_n066.mat	A21BEA07BA9390CAC54DA705A3EA5B71C609F4D46A553F60DEF4BEDE36FB231C	59B22764181C475D824B3847F1FC4F2E3EA726C62618AB02D8691B028031CC55	AE9B0EEE540CC07AA3D3FE45D445B0C71815E95D7D461C6AB615903532705D09
G02	2	67	91202067	R1	0.105754705888294	0.0144420388140398	2.349475452486409e-06	0.00405990239163738	0.01788330078125	1	0.0008300000000000009	0.007290000000000001	False	0.0	0.01788330078125	2.349475452486409e-06	False	1332264.0	40170.0	347.0374449	3155435520.0	world_g02_n067.mat	8543725324B7A6839B85FA5F836B9AD1B90E24C02D6C727162FECC6D8BB19DA3	59B22764181C475D824B3847F1FC4F2E3EA726C62618AB02D8691B028031CC55	AE9B0EEE540CC07AA3D3FE45D445B0C71815E95D7D461C6AB615903532705D09
G02	2	67	91202067	R2	0.105754705888294	0.0144420388140398	2.349475452486409e-06	-0.00155287419630813	0.523193359375	0	-0.0067399999999999995	0.003720000000000001	False	0.0	0.523193359375	2.349475452486409e-06	True	1332264.0	40170.0	347.0374449	3155435520.0	world_g02_n067.mat	8543725324B7A6839B85FA5F836B9AD1B90E24C02D6C727162FECC6D8BB19DA3	59B22764181C475D824B3847F1FC4F2E3EA726C62618AB02D8691B028031CC55	AE9B0EEE540CC07AA3D3FE45D445B0C71815E95D7D461C6AB615903532705D09
G02	2	68	91202068	R1	0.105754705888294	0.0144420388140398	2.349475452486409e-06	-0.000909112645932539	0.519805908203125	0	-0.003879999999999998	0.0020499999999999997	False	0.0	0.519805908203125	2.349475452486409e-06	True	1332264.0	40163.0	344.7576813	3154051072.0	world_g02_n068.mat	0FE2CF617EB45B2FFDCB4802DE786EE209626EE65B411CD74911D266CFAB5971	59B22764181C475D824B3847F1FC4F2E3EA726C62618AB02D8691B028031CC55	AE9B0EEE540CC07AA3D3FE45D445B0C71815E95D7D461C6AB615903532705D09
G02	2	68	91202068	R2	0.105754705888294	0.0144420388140398	2.349475452486409e-06	-0.0019880901314494473	0.330078125	0	-0.00639	0.0024100000000000024	False	0.0	0.330078125	2.349475452486409e-06	True	1332264.0	40163.0	344.7576813	3154051072.0	world_g02_n068.mat	0FE2CF617EB45B2FFDCB4802DE786EE209626EE65B411CD74911D266CFAB5971	59B22764181C475D824B3847F1FC4F2E3EA726C62618AB02D8691B028031CC55	AE9B0EEE540CC07AA3D3FE45D445B0C71815E95D7D461C6AB615903532705D09
G02	2	69	91202069	R1	0.105754705888294	0.0144420388140398	2.349475452486409e-06	-0.004786001610719797	0.0133056640625	1	-0.00861	-0.0010599999999999984	False	0.0	0.0133056640625	2.349475452486409e-06	False	1332264.0	40374.0	347.0941823	3155021824.0	world_g02_n069.mat	C3A011D74F86041A5A056945D644D7B4BACE93E7A822A5B7AC2790416DB36720	59B22764181C475D824B3847F1FC4F2E3EA726C62618AB02D8691B028031CC55	AE9B0EEE540CC07AA3D3FE45D445B0C71815E95D7D461C6AB615903532705D09
G02	2	69	91202069	R2	0.105754705888294	0.0144420388140398	2.349475452486409e-06	-0.002328190618910983	0.038330078125	1	-0.00434	-0.00017	False	0.0	0.038330078125	2.349475452486409e-06	False	1332264.0	40374.0	347.0941823	3155021824.0	world_g02_n069.mat	C3A011D74F86041A5A056945D644D7B4BACE93E7A822A5B7AC2790416DB36720	59B22764181C475D824B3847F1FC4F2E3EA726C62618AB02D8691B028031CC55	AE9B0EEE540CC07AA3D3FE45D445B0C71815E95D7D461C6AB615903532705D09
G02	2	70	91202070	R1	0.105754705888294	0.0144420388140398	2.349475452486409e-06	-0.003328183908615172	0.00177001953125	1	-0.005089999999999999	-0.0015499999999999993	False	0.0	0.00177001953125	2.349475452486409e-06	False	1332264.0	40093.0	346.0117305	3154014208.0	world_g02_n070.mat	90CC2960936DC8C8CFE11292CE8DA41A896C63F44F73B16B19005DEBE7845208	59B22764181C475D824B3847F1FC4F2E3EA726C62618AB02D8691B028031CC55	AE9B0EEE540CC07AA3D3FE45D445B0C71815E95D7D461C6AB615903532705D09
G02	2	70	91202070	R2	0.105754705888294	0.0144420388140398	2.349475452486409e-06	0.0006705172669322885	0.679931640625	0	-0.0026699999999999988	0.0041100000000000025	False	0.0	0.679931640625	2.349475452486409e-06	True	1332264.0	40093.0	346.0117305	3154014208.0	world_g02_n070.mat	90CC2960936DC8C8CFE11292CE8DA41A896C63F44F73B16B19005DEBE7845208	59B22764181C475D824B3847F1FC4F2E3EA726C62618AB02D8691B028031CC55	AE9B0EEE540CC07AA3D3FE45D445B0C71815E95D7D461C6AB615903532705D09
G02	2	71	91202071	R1	0.105754705888294	0.0144420388140398	2.349475452486409e-06	0.0004247164828841694	0.80535888671875	0	-0.0032999999999999974	0.004100000000000003	False	0.0	0.80535888671875	2.349475452486409e-06	True	1332264.0	40267.0	349.6841558	3155013632.0	world_g02_n071.mat	B42F550306D29BFA4C7C7C741A7FB364A2FF2AADCBF5D4FD91FFC3C98799C484	59B22764181C475D824B3847F1FC4F2E3EA726C62618AB02D8691B028031CC55	AE9B0EEE540CC07AA3D3FE45D445B0C71815E95D7D461C6AB615903532705D09
G02	2	71	91202071	R2	0.105754705888294	0.0144420388140398	2.349475452486409e-06	0.0026227947513803576	0.2021484375	0	-0.0014299999999999972	0.0068600000000000015	False	0.0	0.2021484375	2.349475452486409e-06	True	1332264.0	40267.0	349.6841558	3155013632.0	world_g02_n071.mat	B42F550306D29BFA4C7C7C741A7FB364A2FF2AADCBF5D4FD91FFC3C98799C484	59B22764181C475D824B3847F1FC4F2E3EA726C62618AB02D8691B028031CC55	AE9B0EEE540CC07AA3D3FE45D445B0C71815E95D7D461C6AB615903532705D09
G02	2	72	91202072	R1	0.105754705888294	0.0144420388140398	2.349475452486409e-06	0.0007341653224054072	0.780914306640625	0	-0.0026499999999999996	0.004630000000000002	False	0.0	0.780914306640625	2.349475452486409e-06	True	1332264.0	40261.0	346.6471183	3154489344.0	world_g02_n072.mat	D0E13CFF8554910DEB74EFA086F608A4237968D8C954FEDABC08ADE53877ACAC	59B22764181C475D824B3847F1FC4F2E3EA726C62618AB02D8691B028031CC55	AE9B0EEE540CC07AA3D3FE45D445B0C71815E95D7D461C6AB615903532705D09
G02	2	72	91202072	R2	0.105754705888294	0.0144420388140398	2.349475452486409e-06	0.0007082318839847039	0.685302734375	0	-0.0028499999999999984	0.004360000000000003	False	0.0	0.685302734375	2.349475452486409e-06	True	1332264.0	40261.0	346.6471183	3154489344.0	world_g02_n072.mat	D0E13CFF8554910DEB74EFA086F608A4237968D8C954FEDABC08ADE53877ACAC	59B22764181C475D824B3847F1FC4F2E3EA726C62618AB02D8691B028031CC55	AE9B0EEE540CC07AA3D3FE45D445B0C71815E95D7D461C6AB615903532705D09
G02	2	73	91202073	R1	0.105754705888294	0.0144420388140398	2.349475452486409e-06	0.001555587217487462	0.198516845703125	0	-0.000899999999999998	0.0040500000000000015	False	0.0	0.198516845703125	2.349475452486409e-06	True	1332264.0	40050.0	344.5990826	3154595840.0	world_g02_n073.mat	1C65222074A5E3EC4735151B24D8C477AB3D677FA19EABCBA2DDC0F74AC107BD	59B22764181C475D824B3847F1FC4F2E3EA726C62618AB02D8691B028031CC55	AE9B0EEE540CC07AA3D3FE45D445B0C71815E95D7D461C6AB615903532705D09
G02	2	73	91202073	R2	0.105754705888294	0.0144420388140398	2.349475452486409e-06	0.0013192061315531248	0.4677734375	0	-0.002579999999999999	0.005220000000000002	False	0.0	0.4677734375	2.349475452486409e-06	True	1332264.0	40050.0	344.5990826	3154595840.0	world_g02_n073.mat	1C65222074A5E3EC4735151B24D8C477AB3D677FA19EABCBA2DDC0F74AC107BD	59B22764181C475D824B3847F1FC4F2E3EA726C62618AB02D8691B028031CC55	AE9B0EEE540CC07AA3D3FE45D445B0C71815E95D7D461C6AB615903532705D09
G02	2	74	91202074	R1	0.105754705888294	0.0144420388140398	2.349475452486409e-06	0.001352679103394248	0.511322021484375	0	-0.0026999999999999975	0.005150000000000002	False	0.0	0.511322021484375	2.349475452486409e-06	True	1332264.0	39997.0	346.472311	3154587648.0	world_g02_n074.mat	0FEEDD6EA3706E0E3D342D37B3CE3EABB30699E0C2BB3B7D640AB731A59E10AE	59B22764181C475D824B3847F1FC4F2E3EA726C62618AB02D8691B028031CC55	AE9B0EEE540CC07AA3D3FE45D445B0C71815E95D7D461C6AB615903532705D09
G02	2	74	91202074	R2	0.105754705888294	0.0144420388140398	2.349475452486409e-06	-0.00076311685187085	0.740234375	0	-0.005339999999999999	0.0034800000000000005	False	0.0	0.740234375	2.349475452486409e-06	True	1332264.0	39997.0	346.472311	3154587648.0	world_g02_n074.mat	0FEEDD6EA3706E0E3D342D37B3CE3EABB30699E0C2BB3B7D640AB731A59E10AE	59B22764181C475D824B3847F1FC4F2E3EA726C62618AB02D8691B028031CC55	AE9B0EEE540CC07AA3D3FE45D445B0C71815E95D7D461C6AB615903532705D09
G02	2	75	91202075	R1	0.105754705888294	0.0144420388140398	2.349475452486409e-06	-0.0009393841778420999	0.44757080078125	0	-0.003539999999999998	0.0016600000000000018	False	0.0	0.44757080078125	2.349475452486409e-06	True	1332264.0	40216.0	345.1840446	3154513920.0	world_g02_n075.mat	FDF2A354321F31D3816D2451C97399CAED6DF1649E894627EC59CF6193E88248	59B22764181C475D824B3847F1FC4F2E3EA726C62618AB02D8691B028031CC55	AE9B0EEE540CC07AA3D3FE45D445B0C71815E95D7D461C6AB615903532705D09
G02	2	75	91202075	R2	0.105754705888294	0.0144420388140398	2.349475452486409e-06	-0.0026690478135004544	0.03076171875	1	-0.005129999999999999	-0.000279999999999999	False	0.0	0.03076171875	2.349475452486409e-06	False	1332264.0	40216.0	345.1840446	3154513920.0	world_g02_n075.mat	FDF2A354321F31D3816D2451C97399CAED6DF1649E894627EC59CF6193E88248	59B22764181C475D824B3847F1FC4F2E3EA726C62618AB02D8691B028031CC55	AE9B0EEE540CC07AA3D3FE45D445B0C71815E95D7D461C6AB615903532705D09
G02	2	76	91202076	R1	0.105754705888294	0.0144420388140398	2.349475452486409e-06	0.0010178729309651097	0.383544921875	0	-0.0013500000000000005	0.0034300000000000025	False	0.0	0.383544921875	2.349475452486409e-06	True	1332264.0	40019.0	344.4332382	3154341888.0	world_g02_n076.mat	3D4602ABB086F01882B88233CAF440BC1A587ECC7C20EAFD5545EF8E33269AEF	59B22764181C475D824B3847F1FC4F2E3EA726C62618AB02D8691B028031CC55	AE9B0EEE540CC07AA3D3FE45D445B0C71815E95D7D461C6AB615903532705D09
G02	2	76	91202076	R2	0.105754705888294	0.0144420388140398	2.349475452486409e-06	-0.00047798164020831544	0.7646484375	0	-0.00401	0.0030300000000000014	False	0.0	0.7646484375	2.349475452486409e-06	True	1332264.0	40019.0	344.4332382	3154341888.0	world_g02_n076.mat	3D4602ABB086F01882B88233CAF440BC1A587ECC7C20EAFD5545EF8E33269AEF	59B22764181C475D824B3847F1FC4F2E3EA726C62618AB02D8691B028031CC55	AE9B0EEE540CC07AA3D3FE45D445B0C71815E95D7D461C6AB615903532705D09
G02	2	77	91202077	R1	0.105754705888294	0.0144420388140398	2.349475452486409e-06	0.001956684945800014	0.21240234375	0	-0.0012799999999999999	0.00519	False	0.0	0.21240234375	2.349475452486409e-06	True	1332264.0	39925.0	346.2582866	3152470016.0	world_g02_n077.mat	4264CD1CBF1E7C76A23C384FD3F4F3A1CC13CB37A5324B09A89B162FF8586EFD	59B22764181C475D824B3847F1FC4F2E3EA726C62618AB02D8691B028031CC55	AE9B0EEE540CC07AA3D3FE45D445B0C71815E95D7D461C6AB615903532705D09
G02	2	77	91202077	R2	0.105754705888294	0.0144420388140398	2.349475452486409e-06	0.0007111887291134233	0.608642578125	0	-0.002319999999999999	0.0036900000000000023	False	0.0	0.608642578125	2.349475452486409e-06	True	1332264.0	39925.0	346.2582866	3152470016.0	world_g02_n077.mat	4264CD1CBF1E7C76A23C384FD3F4F3A1CC13CB37A5324B09A89B162FF8586EFD	59B22764181C475D824B3847F1FC4F2E3EA726C62618AB02D8691B028031CC55	AE9B0EEE540CC07AA3D3FE45D445B0C71815E95D7D461C6AB615903532705D09
G02	2	78	91202078	R1	0.105754705888294	0.0144420388140398	2.349475452486409e-06	-0.0014606779946015208	0.31146240234375	0	-0.00443	0.0015200000000000005	False	0.0	0.31146240234375	2.349475452486409e-06	True	1332264.0	40130.0	348.443051	3153371136.0	world_g02_n078.mat	575CAA0BC0A7E654CF81E13B5D9EF4A044846EC82E5320563E03ECDA3228768F	59B22764181C475D824B3847F1FC4F2E3EA726C62618AB02D8691B028031CC55	AE9B0EEE540CC07AA3D3FE45D445B0C71815E95D7D461C6AB615903532705D09
G02	2	78	91202078	R2	0.105754705888294	0.0144420388140398	2.349475452486409e-06	-0.0033295340779345823	0.019287109375	1	-0.006249999999999999	-0.0005000000000000004	False	0.0	0.019287109375	2.349475452486409e-06	False	1332264.0	40130.0	348.443051	3153371136.0	world_g02_n078.mat	575CAA0BC0A7E654CF81E13B5D9EF4A044846EC82E5320563E03ECDA3228768F	59B22764181C475D824B3847F1FC4F2E3EA726C62618AB02D8691B028031CC55	AE9B0EEE540CC07AA3D3FE45D445B0C71815E95D7D461C6AB615903532705D09
G02	2	79	91202079	R1	0.105754705888294	0.0144420388140398	2.349475452486409e-06	0.000773531626360676	0.634246826171875	0	-0.0026099999999999977	0.004190000000000003	False	0.0	0.634246826171875	2.349475452486409e-06	True	1332264.0	40244.0	351.249248	3153317888.0	world_g02_n079.mat	06AB462898F1BC88E13BC9564780A00C70B113D455FE8EB786DFB95B07F4B937	59B22764181C475D824B3847F1FC4F2E3EA726C62618AB02D8691B028031CC55	AE9B0EEE540CC07AA3D3FE45D445B0C71815E95D7D461C6AB615903532705D09
G02	2	79	91202079	R2	0.105754705888294	0.0144420388140398	2.349475452486409e-06	0.001426624282130081	0.441162109375	0	-0.0026300000000000004	0.005430000000000001	False	0.0	0.441162109375	2.349475452486409e-06	True	1332264.0	40244.0	351.249248	3153317888.0	world_g02_n079.mat	06AB462898F1BC88E13BC9564780A00C70B113D455FE8EB786DFB95B07F4B937	59B22764181C475D824B3847F1FC4F2E3EA726C62618AB02D8691B028031CC55	AE9B0EEE540CC07AA3D3FE45D445B0C71815E95D7D461C6AB615903532705D09
G02	2	80	91202080	R1	0.105754705888294	0.0144420388140398	2.349475452486409e-06	0.0029571944026358663	0.12249755859375	0	-0.0009300000000000003	0.006830000000000003	False	0.0	0.12249755859375	2.349475452486409e-06	True	1332264.0	40166.0	298.1686922	3151192064.0	world_g02_n080.mat	6C497EABC81B614B10C902E7308E5E678148B49DD8FA85C4488B3B11DC891380	59B22764181C475D824B3847F1FC4F2E3EA726C62618AB02D8691B028031CC55	AE9B0EEE540CC07AA3D3FE45D445B0C71815E95D7D461C6AB615903532705D09
G02	2	80	91202080	R2	0.105754705888294	0.0144420388140398	2.349475452486409e-06	0.00015744936095611525	0.9365234375	0	-0.004109999999999999	0.004440000000000003	False	0.0	0.9365234375	2.349475452486409e-06	True	1332264.0	40166.0	298.1686922	3151192064.0	world_g02_n080.mat	6C497EABC81B614B10C902E7308E5E678148B49DD8FA85C4488B3B11DC891380	59B22764181C475D824B3847F1FC4F2E3EA726C62618AB02D8691B028031CC55	AE9B0EEE540CC07AA3D3FE45D445B0C71815E95D7D461C6AB615903532705D09
G02	2	81	91202081	R1	0.105754705888294	0.0144420388140398	2.349475452486409e-06	-0.0005109547099427968	0.66754150390625	0	-0.0030199999999999984	0.001990000000000002	False	0.0	0.66754150390625	2.349475452486409e-06	True	1332264.0	39730.0	353.1765993	3152064512.0	world_g02_n081.mat	CFC543EF97A6DAB73F99F53335D03550BD098C5FDA7263CCCECA97BE365CB89A	59B22764181C475D824B3847F1FC4F2E3EA726C62618AB02D8691B028031CC55	AE9B0EEE540CC07AA3D3FE45D445B0C71815E95D7D461C6AB615903532705D09
G02	2	81	91202081	R2	0.105754705888294	0.0144420388140398	2.349475452486409e-06	-0.0002731049909910456	0.904052734375	0	-0.004679999999999998	0.004370000000000002	False	0.0	0.904052734375	2.349475452486409e-06	True	1332264.0	39730.0	353.1765993	3152064512.0	world_g02_n081.mat	CFC543EF97A6DAB73F99F53335D03550BD098C5FDA7263CCCECA97BE365CB89A	59B22764181C475D824B3847F1FC4F2E3EA726C62618AB02D8691B028031CC55	AE9B0EEE540CC07AA3D3FE45D445B0C71815E95D7D461C6AB615903532705D09
G02	2	82	91202082	R1	0.105754705888294	0.0144420388140398	2.349475452486409e-06	0.0019465036368165965	0.1058349609375	0	-0.0004599999999999986	0.004360000000000003	False	0.0	0.1058349609375	2.349475452486409e-06	True	1332264.0	40300.0	356.6318986	3151040512.0	world_g02_n082.mat	39FC4E94398481DAD4F2499E2560EB7A7658AEFA05F13429117494117D08E3FA	59B22764181C475D824B3847F1FC4F2E3EA726C62618AB02D8691B028031CC55	AE9B0EEE540CC07AA3D3FE45D445B0C71815E95D7D461C6AB615903532705D09
G02	2	82	91202082	R2	0.105754705888294	0.0144420388140398	2.349475452486409e-06	-0.00012697676886226693	0.931396484375	0	-0.0033299999999999996	0.003080000000000003	False	0.0	0.931396484375	2.349475452486409e-06	True	1332264.0	40300.0	356.6318986	3151040512.0	world_g02_n082.mat	39FC4E94398481DAD4F2499E2560EB7A7658AEFA05F13429117494117D08E3FA	59B22764181C475D824B3847F1FC4F2E3EA726C62618AB02D8691B028031CC55	AE9B0EEE540CC07AA3D3FE45D445B0C71815E95D7D461C6AB615903532705D09
G02	2	83	91202083	R1	0.105754705888294	0.0144420388140398	2.349475452486409e-06	0.0024013976833577597	0.201324462890625	0	-0.001469999999999999	0.006270000000000001	False	0.0	0.201324462890625	2.349475452486409e-06	True	1332264.0	39989.0	275.9449121	3151843328.0	world_g02_n083.mat	C776416E6C1B496B1F6DAF7BA2CE182E580A2069E00A80159E44152800E48BE0	59B22764181C475D824B3847F1FC4F2E3EA726C62618AB02D8691B028031CC55	AE9B0EEE540CC07AA3D3FE45D445B0C71815E95D7D461C6AB615903532705D09
G02	2	83	91202083	R2	0.105754705888294	0.0144420388140398	2.349475452486409e-06	-0.000621205748271078	0.6943359375	0	-0.0040399999999999985	0.002790000000000001	False	0.0	0.6943359375	2.349475452486409e-06	True	1332264.0	39989.0	275.9449121	3151843328.0	world_g02_n083.mat	C776416E6C1B496B1F6DAF7BA2CE182E580A2069E00A80159E44152800E48BE0	59B22764181C475D824B3847F1FC4F2E3EA726C62618AB02D8691B028031CC55	AE9B0EEE540CC07AA3D3FE45D445B0C71815E95D7D461C6AB615903532705D09
G02	2	84	91202084	R1	0.105754705888294	0.0144420388140398	2.349475452486409e-06	-0.0014021502930233686	0.252685546875	0	-0.00391	0.0011300000000000025	False	0.0	0.252685546875	2.349475452486409e-06	True	1332264.0	40108.0	261.9375414	3150823424.0	world_g02_n084.mat	3D1985E713526405EC45C879CA86211CD6153E6C4103B937CC5A457F45D0C34D	59B22764181C475D824B3847F1FC4F2E3EA726C62618AB02D8691B028031CC55	AE9B0EEE540CC07AA3D3FE45D445B0C71815E95D7D461C6AB615903532705D09
G02	2	84	91202084	R2	0.105754705888294	0.0144420388140398	2.349475452486409e-06	-0.001161482792423237	0.5263671875	0	-0.004999999999999999	0.0027500000000000024	False	0.0	0.5263671875	2.349475452486409e-06	True	1332264.0	40108.0	261.9375414	3150823424.0	world_g02_n084.mat	3D1985E713526405EC45C879CA86211CD6153E6C4103B937CC5A457F45D0C34D	59B22764181C475D824B3847F1FC4F2E3EA726C62618AB02D8691B028031CC55	AE9B0EEE540CC07AA3D3FE45D445B0C71815E95D7D461C6AB615903532705D09
G02	2	85	91202085	R1	0.105754705888294	0.0144420388140398	2.349475452486409e-06	0.0010691209112479027	0.433135986328125	0	-0.0017800000000000003	0.00391	False	0.0	0.433135986328125	2.349475452486409e-06	True	1332264.0	40161.0	263.1323976	3151634432.0	world_g02_n085.mat	4EF02C010FEDF292F650A42FB87D5D1A626D508DAE3ECA04C5A045AE0B54C807	59B22764181C475D824B3847F1FC4F2E3EA726C62618AB02D8691B028031CC55	AE9B0EEE540CC07AA3D3FE45D445B0C71815E95D7D461C6AB615903532705D09
G02	2	85	91202085	R2	0.105754705888294	0.0144420388140398	2.349475452486409e-06	-0.0003663121326137802	0.845458984375	0	-0.00434	0.003470000000000001	False	0.0	0.845458984375	2.349475452486409e-06	True	1332264.0	40161.0	263.1323976	3151634432.0	world_g02_n085.mat	4EF02C010FEDF292F650A42FB87D5D1A626D508DAE3ECA04C5A045AE0B54C807	59B22764181C475D824B3847F1FC4F2E3EA726C62618AB02D8691B028031CC55	AE9B0EEE540CC07AA3D3FE45D445B0C71815E95D7D461C6AB615903532705D09
G02	2	86	91202086	R1	0.105754705888294	0.0144420388140398	2.349475452486409e-06	-0.0005609164998831727	0.76727294921875	0	-0.004589999999999999	0.003470000000000001	False	0.0	0.76727294921875	2.349475452486409e-06	True	1332264.0	40262.0	278.0860156	3150499840.0	world_g02_n086.mat	8425780B1C0FA51EE7B0DE549ECEAFE00D012C580FC0A73FF41BE537816891C2	59B22764181C475D824B3847F1FC4F2E3EA726C62618AB02D8691B028031CC55	AE9B0EEE540CC07AA3D3FE45D445B0C71815E95D7D461C6AB615903532705D09
G02	2	86	91202086	R2	0.105754705888294	0.0144420388140398	2.349475452486409e-06	-0.003384369931453496	0.084228515625	0	-0.007099999999999999	0.0005900000000000002	False	0.0	0.084228515625	2.349475452486409e-06	True	1332264.0	40262.0	278.0860156	3150499840.0	world_g02_n086.mat	8425780B1C0FA51EE7B0DE549ECEAFE00D012C580FC0A73FF41BE537816891C2	59B22764181C475D824B3847F1FC4F2E3EA726C62618AB02D8691B028031CC55	AE9B0EEE540CC07AA3D3FE45D445B0C71815E95D7D461C6AB615903532705D09
G02	2	87	91202087	R1	0.105754705888294	0.0144420388140398	2.349475452486409e-06	-0.00024041214171067777	0.877838134765625	0	-0.0034800000000000005	0.0030600000000000002	False	0.0	0.877838134765625	2.349475452486409e-06	True	1332264.0	40366.0	374.8902828	3150131200.0	world_g02_n087.mat	18E376ACDA84C800D534E15A0FAA2DA7F98D3CBEAC506BC8B28F20CE54357E90	59B22764181C475D824B3847F1FC4F2E3EA726C62618AB02D8691B028031CC55	AE9B0EEE540CC07AA3D3FE45D445B0C71815E95D7D461C6AB615903532705D09
G02	2	87	91202087	R2	0.105754705888294	0.0144420388140398	2.349475452486409e-06	0.001970887519202941	0.216064453125	0	-0.0013500000000000005	0.00527	False	0.0	0.216064453125	2.349475452486409e-06	True	1332264.0	40366.0	374.8902828	3150131200.0	world_g02_n087.mat	18E376ACDA84C800D534E15A0FAA2DA7F98D3CBEAC506BC8B28F20CE54357E90	59B22764181C475D824B3847F1FC4F2E3EA726C62618AB02D8691B028031CC55	AE9B0EEE540CC07AA3D3FE45D445B0C71815E95D7D461C6AB615903532705D09
G02	2	88	91202088	R1	0.105754705888294	0.0144420388140398	2.349475452486409e-06	-0.0006446271484957621	0.6962890625	0	-0.003689999999999999	0.002620000000000001	False	0.0	0.6962890625	2.349475452486409e-06	True	1332264.0	40278.0	385.5868798	3150008320.0	world_g02_n088.mat	308252BF9D1A68351B43ED71C5E260EAD3BA28EAE745512CAD3897A4022C6FAF	59B22764181C475D824B3847F1FC4F2E3EA726C62618AB02D8691B028031CC55	AE9B0EEE540CC07AA3D3FE45D445B0C71815E95D7D461C6AB615903532705D09
G02	2	88	91202088	R2	0.105754705888294	0.0144420388140398	2.349475452486409e-06	0.001884466412333848	0.267333984375	0	-0.0016699999999999979	0.005400000000000002	False	0.0	0.267333984375	2.349475452486409e-06	True	1332264.0	40278.0	385.5868798	3150008320.0	world_g02_n088.mat	308252BF9D1A68351B43ED71C5E260EAD3BA28EAE745512CAD3897A4022C6FAF	59B22764181C475D824B3847F1FC4F2E3EA726C62618AB02D8691B028031CC55	AE9B0EEE540CC07AA3D3FE45D445B0C71815E95D7D461C6AB615903532705D09
G03	3	1	91203001	R1	0.4266345953514722	0.2350397098685	3.823698549810905e-05	-0.0008468696007760001	0.7308349609375	0	-0.00592	0.004070000000000001	False	4.000000000000184e-05	0.71826171875	1.763014501892793e-06	True	1332264.0	40011.0	387.2781776	3138396160.0	world_g03_n001.mat	C4B616D679FE601D77ECC15540CB4E55A7A23DEE8AAB7EDBC1C9F19266626608	59B22764181C475D824B3847F1FC4F2E3EA726C62618AB02D8691B028031CC55	AE9B0EEE540CC07AA3D3FE45D445B0C71815E95D7D461C6AB615903532705D09
G03	3	1	91203001	R2	0.4266345953514722	0.2350397098685	3.823698549810905e-05	-0.0014416131200415529	0.412353515625	0	-0.005139999999999999	0.0021200000000000004	False	4.000000000000184e-05	0.3994140625	1.763014501892793e-06	True	1332264.0	40011.0	387.2781776	3138396160.0	world_g03_n001.mat	C4B616D679FE601D77ECC15540CB4E55A7A23DEE8AAB7EDBC1C9F19266626608	59B22764181C475D824B3847F1FC4F2E3EA726C62618AB02D8691B028031CC55	AE9B0EEE540CC07AA3D3FE45D445B0C71815E95D7D461C6AB615903532705D09
G03	3	2	91203002	R1	0.4266345953514722	0.2350397098685	3.823698549810905e-05	-0.003410883965184739	0.07220458984375	0	-0.007179999999999999	0.00033000000000000043	False	4.000000000000184e-05	0.068695068359375	1.763014501892793e-06	True	1332264.0	40317.0	351.3261669	3161993216.0	world_g03_n002.mat	E94580A2DDCCEFA25F4A6ACBCE2A412B213027F653E9E25F75C6ACAECF1AF70B	59B22764181C475D824B3847F1FC4F2E3EA726C62618AB02D8691B028031CC55	AE9B0EEE540CC07AA3D3FE45D445B0C71815E95D7D461C6AB615903532705D09
G03	3	2	91203002	R2	0.4266345953514722	0.2350397098685	3.823698549810905e-05	-0.002152557319535235	0.1923828125	0	-0.005509999999999999	0.001120000000000003	False	4.000000000000184e-05	0.184326171875	1.763014501892793e-06	True	1332264.0	40317.0	351.3261669	3161993216.0	world_g03_n002.mat	E94580A2DDCCEFA25F4A6ACBCE2A412B213027F653E9E25F75C6ACAECF1AF70B	59B22764181C475D824B3847F1FC4F2E3EA726C62618AB02D8691B028031CC55	AE9B0EEE540CC07AA3D3FE45D445B0C71815E95D7D461C6AB615903532705D09
G03	3	3	91203003	R1	0.4266345953514722	0.2350397098685	3.823698549810905e-05	-0.000888891201130393	0.515625	0	-0.0037300000000000007	0.0019200000000000016	False	4.000000000000184e-05	0.49688720703125	1.763014501892793e-06	True	1332264.0	39943.0	347.6802498	3161133056.0	world_g03_n003.mat	990B2F0BEEBB06AC9F9B80E477D695470DD6318552230BCC2D06B45934A369CB	59B22764181C475D824B3847F1FC4F2E3EA726C62618AB02D8691B028031CC55	AE9B0EEE540CC07AA3D3FE45D445B0C71815E95D7D461C6AB615903532705D09
G03	3	3	91203003	R2	0.4266345953514722	0.2350397098685	3.823698549810905e-05	-0.00028587023391312316	0.84423828125	0	-0.0034399999999999986	0.0029	False	4.000000000000184e-05	0.821533203125	1.763014501892793e-06	True	1332264.0	39943.0	347.6802498	3161133056.0	world_g03_n003.mat	990B2F0BEEBB06AC9F9B80E477D695470DD6318552230BCC2D06B45934A369CB	59B22764181C475D824B3847F1FC4F2E3EA726C62618AB02D8691B028031CC55	AE9B0EEE540CC07AA3D3FE45D445B0C71815E95D7D461C6AB615903532705D09
G03	3	4	91203004	R1	0.4266345953514722	0.2350397098685	3.823698549810905e-05	0.0017320696446271237	0.321502685546875	0	-0.0018899999999999993	0.00536	False	4.000000000000184e-05	0.332244873046875	1.763014501892793e-06	True	1332264.0	40306.0	346.6531043	3162005504.0	world_g03_n004.mat	77560616E9283B13E90EEFD2459B8D56F144F281EC1463F6147BE8A277DCDD81	59B22764181C475D824B3847F1FC4F2E3EA726C62618AB02D8691B028031CC55	AE9B0EEE540CC07AA3D3FE45D445B0C71815E95D7D461C6AB615903532705D09
G03	3	4	91203004	R2	0.4266345953514722	0.2350397098685	3.823698549810905e-05	0.002469950443765857	0.0791015625	0	-0.0003599999999999992	0.005320000000000002	False	4.000000000000184e-05	0.083740234375	1.763014501892793e-06	True	1332264.0	40306.0	346.6531043	3162005504.0	world_g03_n004.mat	77560616E9283B13E90EEFD2459B8D56F144F281EC1463F6147BE8A277DCDD81	59B22764181C475D824B3847F1FC4F2E3EA726C62618AB02D8691B028031CC55	AE9B0EEE540CC07AA3D3FE45D445B0C71815E95D7D461C6AB615903532705D09
G03	3	5	91203005	R1	0.4266345953514722	0.2350397098685	3.823698549810905e-05	0.001079942703636207	0.553985595703125	0	-0.002659999999999999	0.004890000000000002	False	4.000000000000184e-05	0.567962646484375	1.763014501892793e-06	True	1332264.0	39890.0	343.7053421	3161141248.0	world_g03_n005.mat	A2A97D790F1EBAD3D9F001F28EB5C073135A14165BFDA69E1B718BA80580A8C6	59B22764181C475D824B3847F1FC4F2E3EA726C62618AB02D8691B028031CC55	AE9B0EEE540CC07AA3D3FE45D445B0C71815E95D7D461C6AB615903532705D09
G03	3	5	91203005	R2	0.4266345953514722	0.2350397098685	3.823698549810905e-05	0.0017387596353488116	0.345703125	0	-0.0021599999999999987	0.005690000000000001	False	4.000000000000184e-05	0.357421875	1.763014501892793e-06	True	1332264.0	39890.0	343.7053421	3161141248.0	world_g03_n005.mat	A2A97D790F1EBAD3D9F001F28EB5C073135A14165BFDA69E1B718BA80580A8C6	59B22764181C475D824B3847F1FC4F2E3EA726C62618AB02D8691B028031CC55	AE9B0EEE540CC07AA3D3FE45D445B0C71815E95D7D461C6AB615903532705D09
G03	3	6	91203006	R1	0.4266345953514722	0.2350397098685	3.823698549810905e-05	-0.003059160086224423	0.0146484375	1	-0.0054199999999999995	-0.0007099999999999988	False	4.000000000000184e-05	0.013427734375	1.763014501892793e-06	False	1332264.0	40188.0	344.7877898	3161980928.0	world_g03_n006.mat	49CEB24F0875A2EBCBCC5F8203BE2A3D1F23A8B1DEAEEEDE073D36B58FA4235C	59B22764181C475D824B3847F1FC4F2E3EA726C62618AB02D8691B028031CC55	AE9B0EEE540CC07AA3D3FE45D445B0C71815E95D7D461C6AB615903532705D09
G03	3	6	91203006	R2	0.4266345953514722	0.2350397098685	3.823698549810905e-05	-0.001706608516781558	0.234130859375	0	-0.0047199999999999985	0.0013200000000000017	False	4.000000000000184e-05	0.2255859375	1.763014501892793e-06	True	1332264.0	40188.0	344.7877898	3161980928.0	world_g03_n006.mat	49CEB24F0875A2EBCBCC5F8203BE2A3D1F23A8B1DEAEEEDE073D36B58FA4235C	59B22764181C475D824B3847F1FC4F2E3EA726C62618AB02D8691B028031CC55	AE9B0EEE540CC07AA3D3FE45D445B0C71815E95D7D461C6AB615903532705D09
G03	3	7	91203007	R1	0.4266345953514722	0.2350397098685	3.823698549810905e-05	-0.0007055049400682188	0.6712646484375	0	-0.004240000000000001	0.00281	False	4.000000000000184e-05	0.654510498046875	1.763014501892793e-06	True	1332264.0	40279.0	343.3768018	3161149440.0	world_g03_n007.mat	45C1674583FF73A96E45CC95A7AF37BF27EF6EBFACA495DAA5DB0D9F97807776	59B22764181C475D824B3847F1FC4F2E3EA726C62618AB02D8691B028031CC55	AE9B0EEE540CC07AA3D3FE45D445B0C71815E95D7D461C6AB615903532705D09
G03	3	7	91203007	R2	0.4266345953514722	0.2350397098685	3.823698549810905e-05	3.6273580934962526e-05	0.987060546875	0	-0.004369999999999999	0.004300000000000002	False	4.000000000000184e-05	0.9990234375	1.763014501892793e-06	True	1332264.0	40279.0	343.3768018	3161149440.0	world_g03_n007.mat	45C1674583FF73A96E45CC95A7AF37BF27EF6EBFACA495DAA5DB0D9F97807776	59B22764181C475D824B3847F1FC4F2E3EA726C62618AB02D8691B028031CC55	AE9B0EEE540CC07AA3D3FE45D445B0C71815E95D7D461C6AB615903532705D09
G03	3	8	91203008	R1	0.4266345953514722	0.2350397098685	3.823698549810905e-05	0.0017495241688871542	0.20770263671875	0	-0.0008500000000000001	0.004540000000000002	False	4.000000000000184e-05	0.220001220703125	1.763014501892793e-06	True	1332264.0	40487.0	339.2835671	3161972736.0	world_g03_n008.mat	C0F73DCE020BCF3A8A4DC36413D37BD3E5578516D9A6833F6402700A77767590	59B22764181C475D824B3847F1FC4F2E3EA726C62618AB02D8691B028031CC55	AE9B0EEE540CC07AA3D3FE45D445B0C71815E95D7D461C6AB615903532705D09
G03	3	8	91203008	R2	0.4266345953514722	0.2350397098685	3.823698549810905e-05	0.000717706677071719	0.728759765625	0	-0.003799999999999998	0.005240000000000002	False	4.000000000000184e-05	0.7431640625	1.763014501892793e-06	True	1332264.0	40487.0	339.2835671	3161972736.0	world_g03_n008.mat	C0F73DCE020BCF3A8A4DC36413D37BD3E5578516D9A6833F6402700A77767590	59B22764181C475D824B3847F1FC4F2E3EA726C62618AB02D8691B028031CC55	AE9B0EEE540CC07AA3D3FE45D445B0C71815E95D7D461C6AB615903532705D09
G03	3	9	91203009	R1	0.4266345953514722	0.2350397098685	3.823698549810905e-05	0.0022270446902457057	0.260345458984375	0	-0.0018700000000000001	0.006340000000000002	False	4.000000000000184e-05	0.267303466796875	1.763014501892793e-06	True	1332264.0	39983.0	345.1397896	3161108480.0	world_g03_n009.mat	D8634BAB5113D5A58A4ADDAE0E3D47B92A45AD23EC6B1DD466F593FED22DDF6D	59B22764181C475D824B3847F1FC4F2E3EA726C62618AB02D8691B028031CC55	AE9B0EEE540CC07AA3D3FE45D445B0C71815E95D7D461C6AB615903532705D09
G03	3	9	91203009	R2	0.4266345953514722	0.2350397098685	3.823698549810905e-05	0.0039005312588380123	0.119384765625	0	-0.0011999999999999997	0.00901	False	4.000000000000184e-05	0.122314453125	1.763014501892793e-06	True	1332264.0	39983.0	345.1397896	3161108480.0	world_g03_n009.mat	D8634BAB5113D5A58A4ADDAE0E3D47B92A45AD23EC6B1DD466F593FED22DDF6D	59B22764181C475D824B3847F1FC4F2E3EA726C62618AB02D8691B028031CC55	AE9B0EEE540CC07AA3D3FE45D445B0C71815E95D7D461C6AB615903532705D09
G03	3	10	91203010	R1	0.4266345953514722	0.2350397098685	3.823698549810905e-05	-0.0001200810002724898	0.9384765625	0	-0.003259999999999999	0.0031100000000000017	False	4.000000000000184e-05	0.91796875	1.763014501892793e-06	True	1332264.0	40480.0	346.5052587	3160985600.0	world_g03_n010.mat	89409D7D45D5C49F8DFE702B43272DB81FF6AEFB9AD2E8D9BCE6F8C226F39A37	59B22764181C475D824B3847F1FC4F2E3EA726C62618AB02D8691B028031CC55	AE9B0EEE540CC07AA3D3FE45D445B0C71815E95D7D461C6AB615903532705D09
G03	3	10	91203010	R2	0.4266345953514722	0.2350397098685	3.823698549810905e-05	0.001417080376711558	0.36767578125	0	-0.0016499999999999987	0.00459	False	4.000000000000184e-05	0.37939453125	1.763014501892793e-06	True	1332264.0	40480.0	346.5052587	3160985600.0	world_g03_n010.mat	89409D7D45D5C49F8DFE702B43272DB81FF6AEFB9AD2E8D9BCE6F8C226F39A37	59B22764181C475D824B3847F1FC4F2E3EA726C62618AB02D8691B028031CC55	AE9B0EEE540CC07AA3D3FE45D445B0C71815E95D7D461C6AB615903532705D09
G03	3	11	91203011	R1	0.4266345953514722	0.2350397098685	3.823698549810905e-05	-0.0001985648823221222	0.895782470703125	0	-0.00341	0.003020000000000002	False	4.000000000000184e-05	0.875091552734375	1.763014501892793e-06	True	1332264.0	40079.0	347.1793242	3160969216.0	world_g03_n011.mat	16A7956454F4C6EE3482706C6DF93C49671E9643BD637AD8D1D64BAD4C7D0105	59B22764181C475D824B3847F1FC4F2E3EA726C62618AB02D8691B028031CC55	AE9B0EEE540CC07AA3D3FE45D445B0C71815E95D7D461C6AB615903532705D09
G03	3	11	91203011	R2	0.4266345953514722	0.2350397098685	3.823698549810905e-05	-0.00030459111492474057	0.9013671875	0	-0.00546	0.004960000000000003	False	4.000000000000184e-05	0.89208984375	1.763014501892793e-06	True	1332264.0	40079.0	347.1793242	3160969216.0	world_g03_n011.mat	16A7956454F4C6EE3482706C6DF93C49671E9643BD637AD8D1D64BAD4C7D0105	59B22764181C475D824B3847F1FC4F2E3EA726C62618AB02D8691B028031CC55	AE9B0EEE540CC07AA3D3FE45D445B0C71815E95D7D461C6AB615903532705D09
G03	3	12	91203012	R1	0.4266345953514722	0.2350397098685	3.823698549810905e-05	-0.0015971815370501802	0.294647216796875	0	-0.004699999999999999	0.0014200000000000011	False	4.000000000000184e-05	0.28369140625	1.763014501892793e-06	True	1332264.0	40260.0	343.5537378	3160002560.0	world_g03_n012.mat	896E2B9CE1631CD7D7A4D7CE16C3D01EB25C488E5FDD9D16C307C417928093E9	59B22764181C475D824B3847F1FC4F2E3EA726C62618AB02D8691B028031CC55	AE9B0EEE540CC07AA3D3FE45D445B0C71815E95D7D461C6AB615903532705D09
G03	3	12	91203012	R2	0.4266345953514722	0.2350397098685	3.823698549810905e-05	0.0030726729793961742	0.03369140625	1	0.00031000000000000125	0.0058400000000000014	False	4.000000000000184e-05	0.03564453125	1.763014501892793e-06	False	1332264.0	40260.0	343.5537378	3160002560.0	world_g03_n012.mat	896E2B9CE1631CD7D7A4D7CE16C3D01EB25C488E5FDD9D16C307C417928093E9	59B22764181C475D824B3847F1FC4F2E3EA726C62618AB02D8691B028031CC55	AE9B0EEE540CC07AA3D3FE45D445B0C71815E95D7D461C6AB615903532705D09
G03	3	13	91203013	R1	0.4266345953514722	0.2350397098685	3.823698549810905e-05	-0.0001183456078445393	0.931884765625	0	-0.002999999999999999	0.0027500000000000024	False	4.000000000000184e-05	0.909271240234375	1.763014501892793e-06	True	1332264.0	39874.0	344.4158782	3160944640.0	world_g03_n013.mat	1A31B14392C32D0B7160F666E4C2CC4E614920E7B59CA7C8C47EC3509A8EC1CD	59B22764181C475D824B3847F1FC4F2E3EA726C62618AB02D8691B028031CC55	AE9B0EEE540CC07AA3D3FE45D445B0C71815E95D7D461C6AB615903532705D09
G03	3	13	91203013	R2	0.4266345953514722	0.2350397098685	3.823698549810905e-05	-0.0032106304856749234	0.007080078125	1	-0.00554	-0.000959999999999999	False	4.000000000000184e-05	0.0068359375	1.763014501892793e-06	False	1332264.0	39874.0	344.4158782	3160944640.0	world_g03_n013.mat	1A31B14392C32D0B7160F666E4C2CC4E614920E7B59CA7C8C47EC3509A8EC1CD	59B22764181C475D824B3847F1FC4F2E3EA726C62618AB02D8691B028031CC55	AE9B0EEE540CC07AA3D3FE45D445B0C71815E95D7D461C6AB615903532705D09
G03	3	14	91203014	R1	0.4266345953514722	0.2350397098685	3.823698549810905e-05	-0.0016156050611809561	0.24554443359375	0	-0.004509999999999998	0.0012500000000000011	False	4.000000000000184e-05	0.23492431640625	1.763014501892793e-06	True	1332264.0	39994.0	342.1204657	3160002560.0	world_g03_n014.mat	4B83FD61751367E30ADD506B794A3BEC9887713F956C815825B69E16530520E9	59B22764181C475D824B3847F1FC4F2E3EA726C62618AB02D8691B028031CC55	AE9B0EEE540CC07AA3D3FE45D445B0C71815E95D7D461C6AB615903532705D09
G03	3	14	91203014	R2	0.4266345953514722	0.2350397098685	3.823698549810905e-05	-0.001620197336817426	0.4033203125	0	-0.00583	0.00255	False	4.000000000000184e-05	0.3916015625	1.763014501892793e-06	True	1332264.0	39994.0	342.1204657	3160002560.0	world_g03_n014.mat	4B83FD61751367E30ADD506B794A3BEC9887713F956C815825B69E16530520E9	59B22764181C475D824B3847F1FC4F2E3EA726C62618AB02D8691B028031CC55	AE9B0EEE540CC07AA3D3FE45D445B0C71815E95D7D461C6AB615903532705D09
G03	3	15	91203015	R1	0.4266345953514722	0.2350397098685	3.823698549810905e-05	-0.000438340973224221	0.75390625	0	-0.0033599999999999984	0.0024600000000000004	False	4.000000000000184e-05	0.731201171875	1.763014501892793e-06	True	1332264.0	40072.0	345.0733565	3160006656.0	world_g03_n015.mat	7F69A2251B3DB9649E06BCE3C5486077843512DDA71ED134EFD8F3D6FD34A8BC	59B22764181C475D824B3847F1FC4F2E3EA726C62618AB02D8691B028031CC55	AE9B0EEE540CC07AA3D3FE45D445B0C71815E95D7D461C6AB615903532705D09
G03	3	15	91203015	R2	0.4266345953514722	0.2350397098685	3.823698549810905e-05	-0.002359563446984009	0.14453125	0	-0.00567	0.0008100000000000017	False	4.000000000000184e-05	0.1376953125	1.763014501892793e-06	True	1332264.0	40072.0	345.0733565	3160006656.0	world_g03_n015.mat	7F69A2251B3DB9649E06BCE3C5486077843512DDA71ED134EFD8F3D6FD34A8BC	59B22764181C475D824B3847F1FC4F2E3EA726C62618AB02D8691B028031CC55	AE9B0EEE540CC07AA3D3FE45D445B0C71815E95D7D461C6AB615903532705D09
G03	3	16	91203016	R1	0.4266345953514722	0.2350397098685	3.823698549810905e-05	-0.0016194758831794675	0.116180419921875	0	-0.003689999999999999	0.00047000000000000167	False	4.000000000000184e-05	0.108184814453125	1.763014501892793e-06	True	1332264.0	39731.0	345.4671343	3158978560.0	world_g03_n016.mat	63EAF0038DB4031B2FD72A5B6E09287109BD85B3D80949DAAE192C6335AE7C4D	59B22764181C475D824B3847F1FC4F2E3EA726C62618AB02D8691B028031CC55	AE9B0EEE540CC07AA3D3FE45D445B0C71815E95D7D461C6AB615903532705D09
G03	3	16	91203016	R2	0.4266345953514722	0.2350397098685	3.823698549810905e-05	0.0029731116934758567	0.205322265625	0	-0.001979999999999999	0.007920000000000003	False	4.000000000000184e-05	0.21044921875	1.763014501892793e-06	True	1332264.0	39731.0	345.4671343	3158978560.0	world_g03_n016.mat	63EAF0038DB4031B2FD72A5B6E09287109BD85B3D80949DAAE192C6335AE7C4D	59B22764181C475D824B3847F1FC4F2E3EA726C62618AB02D8691B028031CC55	AE9B0EEE540CC07AA3D3FE45D445B0C71815E95D7D461C6AB615903532705D09
G03	3	17	91203017	R1	0.4266345953514722	0.2350397098685	3.823698549810905e-05	0.0007762862303198831	0.6640625	0	-0.0029899999999999996	0.004530000000000003	False	4.000000000000184e-05	0.68096923828125	1.763014501892793e-06	True	1332264.0	40454.0	343.4566159	3159920640.0	world_g03_n017.mat	FFFB71CE20C8AF83FCC916E35725AAF3206A9CDF13E062ACB81897009B820BAF	59B22764181C475D824B3847F1FC4F2E3EA726C62618AB02D8691B028031CC55	AE9B0EEE540CC07AA3D3FE45D445B0C71815E95D7D461C6AB615903532705D09
G03	3	17	91203017	R2	0.4266345953514722	0.2350397098685	3.823698549810905e-05	0.0018822622231169618	0.29052734375	0	-0.001899999999999999	0.005660000000000002	False	4.000000000000184e-05	0.302490234375	1.763014501892793e-06	True	1332264.0	40454.0	343.4566159	3159920640.0	world_g03_n017.mat	FFFB71CE20C8AF83FCC916E35725AAF3206A9CDF13E062ACB81897009B820BAF	59B22764181C475D824B3847F1FC4F2E3EA726C62618AB02D8691B028031CC55	AE9B0EEE540CC07AA3D3FE45D445B0C71815E95D7D461C6AB615903532705D09
G03	3	18	91203018	R1	0.4266345953514722	0.2350397098685	3.823698549810905e-05	-0.002532168655545088	0.106903076171875	0	-0.0056999999999999985	0.0006200000000000025	False	4.000000000000184e-05	0.102081298828125	1.763014501892793e-06	True	1332264.0	40326.0	346.7074597	3158990848.0	world_g03_n018.mat	ABC6DFC03E4886C83F3E52985B92578014347F339B77B298D1BFCBCB81D8F89C	59B22764181C475D824B3847F1FC4F2E3EA726C62618AB02D8691B028031CC55	AE9B0EEE540CC07AA3D3FE45D445B0C71815E95D7D461C6AB615903532705D09
G03	3	18	91203018	R2	0.4266345953514722	0.2350397098685	3.823698549810905e-05	-0.0006676102278520038	0.693603515625	0	-0.004029999999999999	0.00247	False	4.000000000000184e-05	0.677001953125	1.763014501892793e-06	True	1332264.0	40326.0	346.7074597	3158990848.0	world_g03_n018.mat	ABC6DFC03E4886C83F3E52985B92578014347F339B77B298D1BFCBCB81D8F89C	59B22764181C475D824B3847F1FC4F2E3EA726C62618AB02D8691B028031CC55	AE9B0EEE540CC07AA3D3FE45D445B0C71815E95D7D461C6AB615903532705D09
G03	3	19	91203019	R1	0.4266345953514722	0.2350397098685	3.823698549810905e-05	-0.002868154393482275	0.04681396484375	1	-0.00566	-5.9999999999997555e-05	False	4.000000000000184e-05	0.044036865234375	1.763014501892793e-06	False	1332264.0	40069.0	347.8749965	3158974464.0	world_g03_n019.mat	F0F44AABE00CB70F7D4EF98AECF12E38DC8CE9BD7A43936FC8117C4457E18B87	59B22764181C475D824B3847F1FC4F2E3EA726C62618AB02D8691B028031CC55	AE9B0EEE540CC07AA3D3FE45D445B0C71815E95D7D461C6AB615903532705D09
G03	3	19	91203019	R2	0.4266345953514722	0.2350397098685	3.823698549810905e-05	0.000524242126391128	0.78515625	0	-0.0036199999999999982	0.0047300000000000016	False	4.000000000000184e-05	0.802490234375	1.763014501892793e-06	True	1332264.0	40069.0	347.8749965	3158974464.0	world_g03_n019.mat	F0F44AABE00CB70F7D4EF98AECF12E38DC8CE9BD7A43936FC8117C4457E18B87	59B22764181C475D824B3847F1FC4F2E3EA726C62618AB02D8691B028031CC55	AE9B0EEE540CC07AA3D3FE45D445B0C71815E95D7D461C6AB615903532705D09
G03	3	20	91203020	R1	0.4266345953514722	0.2350397098685	3.823698549810905e-05	0.001998021348422643	0.335174560546875	0	-0.0018399999999999979	0.006080000000000002	False	4.000000000000184e-05	0.345306396484375	1.763014501892793e-06	True	1332264.0	40179.0	348.0277305	3158945792.0	world_g03_n020.mat	E8AA96E24065CADD7B5CF10F625B6BE4210FF2D39BF5923D4C55621844CC9C7E	59B22764181C475D824B3847F1FC4F2E3EA726C62618AB02D8691B028031CC55	AE9B0EEE540CC07AA3D3FE45D445B0C71815E95D7D461C6AB615903532705D09
G03	3	20	91203020	R2	0.4266345953514722	0.2350397098685	3.823698549810905e-05	0.001683909168781458	0.194580078125	0	-0.0010100000000000005	0.00434	False	4.000000000000184e-05	0.20458984375	1.763014501892793e-06	True	1332264.0	40179.0	348.0277305	3158945792.0	world_g03_n020.mat	E8AA96E24065CADD7B5CF10F625B6BE4210FF2D39BF5923D4C55621844CC9C7E	59B22764181C475D824B3847F1FC4F2E3EA726C62618AB02D8691B028031CC55	AE9B0EEE540CC07AA3D3FE45D445B0C71815E95D7D461C6AB615903532705D09
G03	3	21	91203021	R1	0.4266345953514722	0.2350397098685	3.823698549810905e-05	-0.00034557860342950057	0.80029296875	0	-0.003289999999999998	0.0025800000000000024	False	4.000000000000184e-05	0.778167724609375	1.763014501892793e-06	True	1332264.0	40181.0	345.9005574	3158929408.0	world_g03_n021.mat	A623833EA04A0FA33D0F0782ED53AC934DA8782EAF10FA44B6D92E1D26E2FADD	59B22764181C475D824B3847F1FC4F2E3EA726C62618AB02D8691B028031CC55	AE9B0EEE540CC07AA3D3FE45D445B0C71815E95D7D461C6AB615903532705D09
G03	3	21	91203021	R2	0.4266345953514722	0.2350397098685	3.823698549810905e-05	0.002983298472848098	0.193359375	0	-0.0017699999999999973	0.007770000000000003	False	4.000000000000184e-05	0.19970703125	1.763014501892793e-06	True	1332264.0	40181.0	345.9005574	3158929408.0	world_g03_n021.mat	A623833EA04A0FA33D0F0782ED53AC934DA8782EAF10FA44B6D92E1D26E2FADD	59B22764181C475D824B3847F1FC4F2E3EA726C62618AB02D8691B028031CC55	AE9B0EEE540CC07AA3D3FE45D445B0C71815E95D7D461C6AB615903532705D09
G03	3	22	91203022	R1	0.4266345953514722	0.2350397098685	3.823698549810905e-05	0.002461698346819481	0.161834716796875	0	-0.001069999999999998	0.006050000000000003	False	4.000000000000184e-05	0.168060302734375	1.763014501892793e-06	True	1332264.0	40036.0	345.6497225	3158896640.0	world_g03_n022.mat	6C2BDC1D3413B02C7B0B873E597F9512BBEBD06D7968CCA1CADB8810220037AF	59B22764181C475D824B3847F1FC4F2E3EA726C62618AB02D8691B028031CC55	AE9B0EEE540CC07AA3D3FE45D445B0C71815E95D7D461C6AB615903532705D09
G03	3	22	91203022	R2	0.4266345953514722	0.2350397098685	3.823698549810905e-05	0.0015097230324435545	0.4306640625	0	-0.0025599999999999998	0.005660000000000002	False	4.000000000000184e-05	0.441650390625	1.763014501892793e-06	True	1332264.0	40036.0	345.6497225	3158896640.0	world_g03_n022.mat	6C2BDC1D3413B02C7B0B873E597F9512BBEBD06D7968CCA1CADB8810220037AF	59B22764181C475D824B3847F1FC4F2E3EA726C62618AB02D8691B028031CC55	AE9B0EEE540CC07AA3D3FE45D445B0C71815E95D7D461C6AB615903532705D09
G03	3	23	91203023	R1	0.4266345953514722	0.2350397098685	3.823698549810905e-05	-0.0014764199493238566	0.337646484375	0	-0.004629999999999999	0.0016400000000000026	False	4.000000000000184e-05	0.32537841796875	1.763014501892793e-06	True	1332264.0	39989.0	344.5836362	3158470656.0	world_g03_n023.mat	CED69059F8B2B1DDD3DF1F48388862621BDCBF560F92E7DD9E5FD407BA87D029	59B22764181C475D824B3847F1FC4F2E3EA726C62618AB02D8691B028031CC55	AE9B0EEE540CC07AA3D3FE45D445B0C71815E95D7D461C6AB615903532705D09
G03	3	23	91203023	R2	0.4266345953514722	0.2350397098685	3.823698549810905e-05	-0.0013083274599021669	0.335693359375	0	-0.004029999999999999	0.001570000000000002	False	4.000000000000184e-05	0.322021484375	1.763014501892793e-06	True	1332264.0	39989.0	344.5836362	3158470656.0	world_g03_n023.mat	CED69059F8B2B1DDD3DF1F48388862621BDCBF560F92E7DD9E5FD407BA87D029	59B22764181C475D824B3847F1FC4F2E3EA726C62618AB02D8691B028031CC55	AE9B0EEE540CC07AA3D3FE45D445B0C71815E95D7D461C6AB615903532705D09
G03	3	24	91203024	R1	0.4266345953514722	0.2350397098685	3.823698549810905e-05	0.0011466233217846112	0.592987060546875	0	-0.0033599999999999984	0.00561	False	4.000000000000184e-05	0.606109619140625	1.763014501892793e-06	True	1332264.0	40081.0	340.930991	3158454272.0	world_g03_n024.mat	2301298DC7C28C19EF9E7042811FDA14B15DCE6A28576C5EF6A96F5E170E13A7	59B22764181C475D824B3847F1FC4F2E3EA726C62618AB02D8691B028031CC55	AE9B0EEE540CC07AA3D3FE45D445B0C71815E95D7D461C6AB615903532705D09
G03	3	24	91203024	R2	0.4266345953514722	0.2350397098685	3.823698549810905e-05	0.0012640434660469682	0.3642578125	0	-0.0016799999999999975	0.004230000000000001	False	4.000000000000184e-05	0.377197265625	1.763014501892793e-06	True	1332264.0	40081.0	340.930991	3158454272.0	world_g03_n024.mat	2301298DC7C28C19EF9E7042811FDA14B15DCE6A28576C5EF6A96F5E170E13A7	59B22764181C475D824B3847F1FC4F2E3EA726C62618AB02D8691B028031CC55	AE9B0EEE540CC07AA3D3FE45D445B0C71815E95D7D461C6AB615903532705D09
G03	3	25	91203025	R1	0.4266345953514722	0.2350397098685	3.823698549810905e-05	-0.0011644712892472928	0.421600341796875	0	-0.004229999999999998	0.0018900000000000028	False	4.000000000000184e-05	0.406280517578125	1.763014501892793e-06	True	1332264.0	40071.0	342.5928493	3158429696.0	world_g03_n025.mat	B13616EB90CDD21301F3FCF8444EACF67E4DBDCB92DF7FB853A8FCD3DB497977	59B22764181C475D824B3847F1FC4F2E3EA726C62618AB02D8691B028031CC55	AE9B0EEE540CC07AA3D3FE45D445B0C71815E95D7D461C6AB615903532705D09
G03	3	25	91203025	R2	0.4266345953514722	0.2350397098685	3.823698549810905e-05	-1.6095671913776904e-05	0.990966796875	0	-0.0033900000000000007	0.003550000000000001	False	4.000000000000184e-05	0.9716796875	1.763014501892793e-06	True	1332264.0	40071.0	342.5928493	3158429696.0	world_g03_n025.mat	B13616EB90CDD21301F3FCF8444EACF67E4DBDCB92DF7FB853A8FCD3DB497977	59B22764181C475D824B3847F1FC4F2E3EA726C62618AB02D8691B028031CC55	AE9B0EEE540CC07AA3D3FE45D445B0C71815E95D7D461C6AB615903532705D09
G03	3	26	91203026	R1	0.4266345953514722	0.2350397098685	3.823698549810905e-05	-0.0021452994305942623	0.092193603515625	0	-0.004659999999999999	0.00041000000000000064	False	4.000000000000184e-05	0.0870361328125	1.763014501892793e-06	True	1332264.0	40154.0	343.5403397	3158495232.0	world_g03_n026.mat	5B214D91F7AE3023F060718C7A9F7DCE1BC7A0192EE74CBCCD02023E70793A38	59B22764181C475D824B3847F1FC4F2E3EA726C62618AB02D8691B028031CC55	AE9B0EEE540CC07AA3D3FE45D445B0C71815E95D7D461C6AB615903532705D09
G03	3	26	91203026	R2	0.4266345953514722	0.2350397098685	3.823698549810905e-05	-0.0006108887084250873	0.77294921875	0	-0.005169999999999999	0.004020000000000003	False	4.000000000000184e-05	0.758056640625	1.763014501892793e-06	True	1332264.0	40154.0	343.5403397	3158495232.0	world_g03_n026.mat	5B214D91F7AE3023F060718C7A9F7DCE1BC7A0192EE74CBCCD02023E70793A38	59B22764181C475D824B3847F1FC4F2E3EA726C62618AB02D8691B028031CC55	AE9B0EEE540CC07AA3D3FE45D445B0C71815E95D7D461C6AB615903532705D09
G03	3	27	91203027	R1	0.4266345953514722	0.2350397098685	3.823698549810905e-05	-0.0024212527805367035	0.12255859375	0	-0.0055899999999999995	0.0007500000000000007	False	4.000000000000184e-05	0.117156982421875	1.763014501892793e-06	True	1332264.0	39952.0	339.2074555	3157319680.0	world_g03_n027.mat	D4E86D007257B18BE1004B9AAD3CC8AD52A17833BB56A533B83C439550237338	59B22764181C475D824B3847F1FC4F2E3EA726C62618AB02D8691B028031CC55	AE9B0EEE540CC07AA3D3FE45D445B0C71815E95D7D461C6AB615903532705D09
G03	3	27	91203027	R2	0.4266345953514722	0.2350397098685	3.823698549810905e-05	-0.0037751453289613657	0.032470703125	1	-0.007209999999999999	-0.0003699999999999988	False	4.000000000000184e-05	0.031494140625	1.763014501892793e-06	False	1332264.0	39952.0	339.2074555	3157319680.0	world_g03_n027.mat	D4E86D007257B18BE1004B9AAD3CC8AD52A17833BB56A533B83C439550237338	59B22764181C475D824B3847F1FC4F2E3EA726C62618AB02D8691B028031CC55	AE9B0EEE540CC07AA3D3FE45D445B0C71815E95D7D461C6AB615903532705D09
G03	3	28	91203028	R1	0.4266345953514722	0.2350397098685	3.823698549810905e-05	-0.00047284419313265547	0.749481201171875	0	-0.0035600000000000007	0.0026000000000000016	False	4.000000000000184e-05	0.729217529296875	1.763014501892793e-06	True	1332264.0	40324.0	344.8726263	3157368832.0	world_g03_n028.mat	08ED2A55E7AA1FD522E71DF9EFC4DCB9FCED54CFD21CA034EE49A033A324CDC7	59B22764181C475D824B3847F1FC4F2E3EA726C62618AB02D8691B028031CC55	AE9B0EEE540CC07AA3D3FE45D445B0C71815E95D7D461C6AB615903532705D09
G03	3	28	91203028	R2	0.4266345953514722	0.2350397098685	3.823698549810905e-05	-0.004265417175260087	0.026611328125	1	-0.00806	-0.0005299999999999992	False	4.000000000000184e-05	0.025146484375	1.763014501892793e-06	False	1332264.0	40324.0	344.8726263	3157368832.0	world_g03_n028.mat	08ED2A55E7AA1FD522E71DF9EFC4DCB9FCED54CFD21CA034EE49A033A324CDC7	59B22764181C475D824B3847F1FC4F2E3EA726C62618AB02D8691B028031CC55	AE9B0EEE540CC07AA3D3FE45D445B0C71815E95D7D461C6AB615903532705D09
G03	3	29	91203029	R1	0.4266345953514722	0.2350397098685	3.823698549810905e-05	0.0007571027302017531	0.61590576171875	0	-0.0024999999999999988	0.0039900000000000005	False	4.000000000000184e-05	0.63525390625	1.763014501892793e-06	True	1332264.0	39959.0	346.6609968	3156353024.0	world_g03_n029.mat	57FE8EF6C1C1B8319F7D01785A27E1006E767F01AC0AF838CD248C6E79D3C533	59B22764181C475D824B3847F1FC4F2E3EA726C62618AB02D8691B028031CC55	AE9B0EEE540CC07AA3D3FE45D445B0C71815E95D7D461C6AB615903532705D09
G03	3	29	91203029	R2	0.4266345953514722	0.2350397098685	3.823698549810905e-05	-0.0005126461492182562	0.802978515625	0	-0.00448	0.0037400000000000003	False	4.000000000000184e-05	0.786376953125	1.763014501892793e-06	True	1332264.0	39959.0	346.6609968	3156353024.0	world_g03_n029.mat	57FE8EF6C1C1B8319F7D01785A27E1006E767F01AC0AF838CD248C6E79D3C533	59B22764181C475D824B3847F1FC4F2E3EA726C62618AB02D8691B028031CC55	AE9B0EEE540CC07AA3D3FE45D445B0C71815E95D7D461C6AB615903532705D09
G03	3	30	91203030	R1	0.4266345953514722	0.2350397098685	3.823698549810905e-05	-0.0023840301165427348	0.12615966796875	0	-0.005549999999999999	0.0007699999999999999	False	4.000000000000184e-05	0.120452880859375	1.763014501892793e-06	True	1332264.0	40110.0	352.9154886	3156172800.0	world_g03_n030.mat	68009C6DE4FAF65030B2900F989F826B83CBD12AF158C75EF91F72522D4F5163	59B22764181C475D824B3847F1FC4F2E3EA726C62618AB02D8691B028031CC55	AE9B0EEE540CC07AA3D3FE45D445B0C71815E95D7D461C6AB615903532705D09
G03	3	30	91203030	R2	0.4266345953514722	0.2350397098685	3.823698549810905e-05	0.0010590958872708565	0.6435546875	0	-0.0039900000000000005	0.00613	False	4.000000000000184e-05	0.656005859375	1.763014501892793e-06	True	1332264.0	40110.0	352.9154886	3156172800.0	world_g03_n030.mat	68009C6DE4FAF65030B2900F989F826B83CBD12AF158C75EF91F72522D4F5163	59B22764181C475D824B3847F1FC4F2E3EA726C62618AB02D8691B028031CC55	AE9B0EEE540CC07AA3D3FE45D445B0C71815E95D7D461C6AB615903532705D09
G03	3	31	91203031	R1	0.4266345953514722	0.2350397098685	3.823698549810905e-05	0.004015109756786754	0.0294189453125	1	0.00042000000000000023	0.007680000000000003	False	4.000000000000184e-05	0.0308837890625	1.763014501892793e-06	False	1332264.0	40190.0	298.3383221	3155128320.0	world_g03_n031.mat	B3407D61C44DC3A1FE760C9D02E4A3422A40095A754EDF303CB1F8C18BE5130C	59B22764181C475D824B3847F1FC4F2E3EA726C62618AB02D8691B028031CC55	AE9B0EEE540CC07AA3D3FE45D445B0C71815E95D7D461C6AB615903532705D09
G03	3	31	91203031	R2	0.4266345953514722	0.2350397098685	3.823698549810905e-05	-0.001124257746722606	0.571533203125	0	-0.005429999999999999	0.003330000000000003	False	4.000000000000184e-05	0.55810546875	1.763014501892793e-06	True	1332264.0	40190.0	298.3383221	3155128320.0	world_g03_n031.mat	B3407D61C44DC3A1FE760C9D02E4A3422A40095A754EDF303CB1F8C18BE5130C	59B22764181C475D824B3847F1FC4F2E3EA726C62618AB02D8691B028031CC55	AE9B0EEE540CC07AA3D3FE45D445B0C71815E95D7D461C6AB615903532705D09
G03	3	32	91203032	R1	0.4266345953514722	0.2350397098685	3.823698549810905e-05	-0.00044272488861021603	0.782684326171875	0	-0.0038699999999999984	0.0029700000000000004	False	4.000000000000184e-05	0.762939453125	1.763014501892793e-06	True	1332264.0	40126.0	355.7920405	3156000768.0	world_g03_n032.mat	EF65562464322CE2E44A2F33CBAEA6BE775431B1C7FAB4B603FC0BABB0D17075	59B22764181C475D824B3847F1FC4F2E3EA726C62618AB02D8691B028031CC55	AE9B0EEE540CC07AA3D3FE45D445B0C71815E95D7D461C6AB615903532705D09
G03	3	32	91203032	R2	0.4266345953514722	0.2350397098685	3.823698549810905e-05	0.00041210554833693175	0.864013671875	0	-0.004499999999999999	0.005500000000000001	False	4.000000000000184e-05	0.875244140625	1.763014501892793e-06	True	1332264.0	40126.0	355.7920405	3156000768.0	world_g03_n032.mat	EF65562464322CE2E44A2F33CBAEA6BE775431B1C7FAB4B603FC0BABB0D17075	59B22764181C475D824B3847F1FC4F2E3EA726C62618AB02D8691B028031CC55	AE9B0EEE540CC07AA3D3FE45D445B0C71815E95D7D461C6AB615903532705D09
G03	3	33	91203033	R1	0.4266345953514722	0.2350397098685	3.823698549810905e-05	0.0025017459492684808	0.231597900390625	0	-0.0015499999999999993	0.006730000000000003	False	4.000000000000184e-05	0.240020751953125	1.763014501892793e-06	True	1332264.0	39956.0	355.5079317	3154948096.0	world_g03_n033.mat	BC73A0E211427E8FECDBA0C4EF1BAE137847556F165FD2B116A2E2B0E435A05D	59B22764181C475D824B3847F1FC4F2E3EA726C62618AB02D8691B028031CC55	AE9B0EEE540CC07AA3D3FE45D445B0C71815E95D7D461C6AB615903532705D09
G03	3	33	91203033	R2	0.4266345953514722	0.2350397098685	3.823698549810905e-05	0.0020241336551752686	0.353759765625	0	-0.0026999999999999975	0.006560000000000003	False	4.000000000000184e-05	0.36328125	1.763014501892793e-06	True	1332264.0	39956.0	355.5079317	3154948096.0	world_g03_n033.mat	BC73A0E211427E8FECDBA0C4EF1BAE137847556F165FD2B116A2E2B0E435A05D	59B22764181C475D824B3847F1FC4F2E3EA726C62618AB02D8691B028031CC55	AE9B0EEE540CC07AA3D3FE45D445B0C71815E95D7D461C6AB615903532705D09
G03	3	34	91203034	R1	0.4266345953514722	0.2350397098685	3.823698549810905e-05	-0.00100548260590412	0.571990966796875	0	-0.0047199999999999985	0.0026600000000000026	False	4.000000000000184e-05	0.556976318359375	1.763014501892793e-06	True	1332264.0	40084.0	278.7524543	3155734528.0	world_g03_n034.mat	38919A2F7711A727B4BB454BCFBD26E8D41513FAF08C2D9749632F837BA0EE9D	59B22764181C475D824B3847F1FC4F2E3EA726C62618AB02D8691B028031CC55	AE9B0EEE540CC07AA3D3FE45D445B0C71815E95D7D461C6AB615903532705D09
G03	3	34	91203034	R2	0.4266345953514722	0.2350397098685	3.823698549810905e-05	-0.001578915936764516	0.38427734375	0	-0.005309999999999999	0.0020100000000000014	False	4.000000000000184e-05	0.370849609375	1.763014501892793e-06	True	1332264.0	40084.0	278.7524543	3155734528.0	world_g03_n034.mat	38919A2F7711A727B4BB454BCFBD26E8D41513FAF08C2D9749632F837BA0EE9D	59B22764181C475D824B3847F1FC4F2E3EA726C62618AB02D8691B028031CC55	AE9B0EEE540CC07AA3D3FE45D445B0C71815E95D7D461C6AB615903532705D09
G03	3	35	91203035	R1	0.4266345953514722	0.2350397098685	3.823698549810905e-05	0.002414093791439517	0.2376708984375	0	-0.0017599999999999977	0.00638	False	4.000000000000184e-05	0.24554443359375	1.763014501892793e-06	True	1332264.0	39806.0	260.9648826	3154771968.0	world_g03_n035.mat	3FF8D694EFADF677FAA3640D2DFE0EB9A76E7A5034C4BA28B62ED60A43AA18BE	59B22764181C475D824B3847F1FC4F2E3EA726C62618AB02D8691B028031CC55	AE9B0EEE540CC07AA3D3FE45D445B0C71815E95D7D461C6AB615903532705D09
G03	3	35	91203035	R2	0.4266345953514722	0.2350397098685	3.823698549810905e-05	0.0017669563312806011	0.13525390625	0	-0.0006999999999999992	0.004200000000000002	False	4.000000000000184e-05	0.14501953125	1.763014501892793e-06	True	1332264.0	39806.0	260.9648826	3154771968.0	world_g03_n035.mat	3FF8D694EFADF677FAA3640D2DFE0EB9A76E7A5034C4BA28B62ED60A43AA18BE	59B22764181C475D824B3847F1FC4F2E3EA726C62618AB02D8691B028031CC55	AE9B0EEE540CC07AA3D3FE45D445B0C71815E95D7D461C6AB615903532705D09
G03	3	36	91203036	R1	0.4266345953514722	0.2350397098685	3.823698549810905e-05	-0.001103077262602157	0.450653076171875	0	-0.00417	0.0020300000000000006	False	4.000000000000184e-05	0.434234619140625	1.763014501892793e-06	True	1332264.0	40351.0	267.1614231	3155492864.0	world_g03_n036.mat	E29405889B17944EC86902874ABAD12F612C9FDB3FCB6787A297EEFFD9BC27E2	59B22764181C475D824B3847F1FC4F2E3EA726C62618AB02D8691B028031CC55	AE9B0EEE540CC07AA3D3FE45D445B0C71815E95D7D461C6AB615903532705D09
G03	3	36	91203036	R2	0.4266345953514722	0.2350397098685	3.823698549810905e-05	-0.0013709971021930271	0.47900390625	0	-0.005509999999999999	0.002650000000000003	False	4.000000000000184e-05	0.468017578125	1.763014501892793e-06	True	1332264.0	40351.0	267.1614231	3155492864.0	world_g03_n036.mat	E29405889B17944EC86902874ABAD12F612C9FDB3FCB6787A297EEFFD9BC27E2	59B22764181C475D824B3847F1FC4F2E3EA726C62618AB02D8691B028031CC55	AE9B0EEE540CC07AA3D3FE45D445B0C71815E95D7D461C6AB615903532705D09
G03	3	37	91203037	R1	0.4266345953514722	0.2350397098685	3.823698549810905e-05	-0.0016381861265099091	0.19171142578125	0	-0.004219999999999998	0.0009399999999999999	False	4.000000000000184e-05	0.18218994140625	1.763014501892793e-06	True	1332264.0	39891.0	285.7719266	3153506304.0	world_g03_n037.mat	F9F3B3E71D33397B09CCF2B8B38A528BFEEB01BA7FAD39231FFB41ED44A5C09B	59B22764181C475D824B3847F1FC4F2E3EA726C62618AB02D8691B028031CC55	AE9B0EEE540CC07AA3D3FE45D445B0C71815E95D7D461C6AB615903532705D09
G03	3	37	91203037	R2	0.4266345953514722	0.2350397098685	3.823698549810905e-05	-0.0022796111287243675	0.305419921875	0	-0.00647	0.002480000000000003	False	4.000000000000184e-05	0.295654296875	1.763014501892793e-06	True	1332264.0	39891.0	285.7719266	3153506304.0	world_g03_n037.mat	F9F3B3E71D33397B09CCF2B8B38A528BFEEB01BA7FAD39231FFB41ED44A5C09B	59B22764181C475D824B3847F1FC4F2E3EA726C62618AB02D8691B028031CC55	AE9B0EEE540CC07AA3D3FE45D445B0C71815E95D7D461C6AB615903532705D09
G03	3	38	91203038	R1	0.4266345953514722	0.2350397098685	3.823698549810905e-05	0.0006256624970030272	0.6666259765625	0	-0.0024600000000000004	0.0037100000000000015	False	4.000000000000184e-05	0.687042236328125	1.763014501892793e-06	True	1332264.0	40244.0	385.3732846	3154038784.0	world_g03_n038.mat	5106AAC43A1B254A8B67B8841198591F34A2EAEE0C22355EE2CE14358701273B	59B22764181C475D824B3847F1FC4F2E3EA726C62618AB02D8691B028031CC55	AE9B0EEE540CC07AA3D3FE45D445B0C71815E95D7D461C6AB615903532705D09
G03	3	38	91203038	R2	0.4266345953514722	0.2350397098685	3.823698549810905e-05	0.0029125789673132233	0.20361328125	0	-0.0015899999999999977	0.00757	False	4.000000000000184e-05	0.210205078125	1.763014501892793e-06	True	1332264.0	40244.0	385.3732846	3154038784.0	world_g03_n038.mat	5106AAC43A1B254A8B67B8841198591F34A2EAEE0C22355EE2CE14358701273B	59B22764181C475D824B3847F1FC4F2E3EA726C62618AB02D8691B028031CC55	AE9B0EEE540CC07AA3D3FE45D445B0C71815E95D7D461C6AB615903532705D09
G03	3	39	91203039	R1	0.4266345953514722	0.2350397098685	3.823698549810905e-05	-0.00012108346395311626	0.94451904296875	0	-0.0035899999999999994	0.0033400000000000027	False	4.000000000000184e-05	0.926483154296875	1.763014501892793e-06	True	1332264.0	40161.0	387.4899636	3140292608.0	world_g03_n039.mat	E2242D38720FCA5E547CF36CC219C8FBD61B4B8802A8C7293ABBE20557917817	59B22764181C475D824B3847F1FC4F2E3EA726C62618AB02D8691B028031CC55	AE9B0EEE540CC07AA3D3FE45D445B0C71815E95D7D461C6AB615903532705D09
G03	3	39	91203039	R2	0.4266345953514722	0.2350397098685	3.823698549810905e-05	-0.0005444829582468042	0.78955078125	0	-0.0049099999999999994	0.00392	False	4.000000000000184e-05	0.778076171875	1.763014501892793e-06	True	1332264.0	40161.0	387.4899636	3140292608.0	world_g03_n039.mat	E2242D38720FCA5E547CF36CC219C8FBD61B4B8802A8C7293ABBE20557917817	59B22764181C475D824B3847F1FC4F2E3EA726C62618AB02D8691B028031CC55	AE9B0EEE540CC07AA3D3FE45D445B0C71815E95D7D461C6AB615903532705D09
G03	3	40	91203040	R1	0.4266345953514722	0.2350397098685	3.823698549810905e-05	0.0006089904829186664	0.6689453125	0	-0.0023599999999999975	0.0035200000000000023	False	4.000000000000184e-05	0.689422607421875	1.763014501892793e-06	True	1332264.0	39991.0	382.1217228	3130142720.0	world_g03_n040.mat	8C75881E4611D0F38886D7BA0D89B26FDCDD226B7863559D735869C648F6DFF9	59B22764181C475D824B3847F1FC4F2E3EA726C62618AB02D8691B028031CC55	AE9B0EEE540CC07AA3D3FE45D445B0C71815E95D7D461C6AB615903532705D09
G03	3	40	91203040	R2	0.4266345953514722	0.2350397098685	3.823698549810905e-05	0.001222831812323907	0.496337890625	0	-0.0020999999999999977	0.00494	False	4.000000000000184e-05	0.504150390625	1.763014501892793e-06	True	1332264.0	39991.0	382.1217228	3130142720.0	world_g03_n040.mat	8C75881E4611D0F38886D7BA0D89B26FDCDD226B7863559D735869C648F6DFF9	59B22764181C475D824B3847F1FC4F2E3EA726C62618AB02D8691B028031CC55	AE9B0EEE540CC07AA3D3FE45D445B0C71815E95D7D461C6AB615903532705D09
G03	3	41	91203041	R1	0.4266345953514722	0.2350397098685	3.823698549810905e-05	0.001381908276005	0.458251953125	0	-0.0025599999999999998	0.005320000000000002	False	4.000000000000184e-05	0.4710693359375	1.763014501892793e-06	True	1332264.0	39826.0	347.5887694	3169501184.0	world_g03_n041.mat	E588CA3F25D14D0A4BE0FE59D4F6A9CA39AC13DB9BBCAC0913025BBB6B9EF6F1	59B22764181C475D824B3847F1FC4F2E3EA726C62618AB02D8691B028031CC55	AE9B0EEE540CC07AA3D3FE45D445B0C71815E95D7D461C6AB615903532705D09
G03	3	41	91203041	R2	0.4266345953514722	0.2350397098685	3.823698549810905e-05	0.0007145726033152676	0.731201171875	0	-0.0032099999999999976	0.0042200000000000015	False	4.000000000000184e-05	0.745849609375	1.763014501892793e-06	True	1332264.0	39826.0	347.5887694	3169501184.0	world_g03_n041.mat	E588CA3F25D14D0A4BE0FE59D4F6A9CA39AC13DB9BBCAC0913025BBB6B9EF6F1	59B22764181C475D824B3847F1FC4F2E3EA726C62618AB02D8691B028031CC55	AE9B0EEE540CC07AA3D3FE45D445B0C71815E95D7D461C6AB615903532705D09
G03	3	42	91203042	R1	0.4266345953514722	0.2350397098685	3.823698549810905e-05	-0.0005768285575111509	0.781646728515625	0	-0.00435	0.0030300000000000014	False	4.000000000000184e-05	0.766693115234375	1.763014501892793e-06	True	1332264.0	40197.0	347.2791488	3169488896.0	world_g03_n042.mat	2A6E8591142F2E44B6B1C8A54C73AB10C96A49D86EE01ED216ECBAAB91255C70	59B22764181C475D824B3847F1FC4F2E3EA726C62618AB02D8691B028031CC55	AE9B0EEE540CC07AA3D3FE45D445B0C71815E95D7D461C6AB615903532705D09
G03	3	42	91203042	R2	0.4266345953514722	0.2350397098685	3.823698549810905e-05	5.4326622362289635e-06	0.996826171875	0	-0.0028000000000000004	0.0030600000000000002	False	4.000000000000184e-05	0.98681640625	1.763014501892793e-06	True	1332264.0	40197.0	347.2791488	3169488896.0	world_g03_n042.mat	2A6E8591142F2E44B6B1C8A54C73AB10C96A49D86EE01ED216ECBAAB91255C70	59B22764181C475D824B3847F1FC4F2E3EA726C62618AB02D8691B028031CC55	AE9B0EEE540CC07AA3D3FE45D445B0C71815E95D7D461C6AB615903532705D09
G03	3	43	91203043	R1	0.4266345953514722	0.2350397098685	3.823698549810905e-05	-5.261866691956844e-05	0.967803955078125	0	-0.0028000000000000004	0.0026900000000000014	False	4.000000000000184e-05	0.94342041015625	1.763014501892793e-06	True	1332264.0	40196.0	347.2794657	3169505280.0	world_g03_n043.mat	DF241EA9ADB0F01D0AA51C882AC5CB2579B35343A2AA1C2D2A3D424EE8E18ED6	59B22764181C475D824B3847F1FC4F2E3EA726C62618AB02D8691B028031CC55	AE9B0EEE540CC07AA3D3FE45D445B0C71815E95D7D461C6AB615903532705D09
G03	3	43	91203043	R2	0.4266345953514722	0.2350397098685	3.823698549810905e-05	0.0018153313887639883	0.39501953125	0	-0.002769999999999998	0.006100000000000001	False	4.000000000000184e-05	0.4072265625	1.763014501892793e-06	True	1332264.0	40196.0	347.2794657	3169505280.0	world_g03_n043.mat	DF241EA9ADB0F01D0AA51C882AC5CB2579B35343A2AA1C2D2A3D424EE8E18ED6	59B22764181C475D824B3847F1FC4F2E3EA726C62618AB02D8691B028031CC55	AE9B0EEE540CC07AA3D3FE45D445B0C71815E95D7D461C6AB615903532705D09
G03	3	44	91203044	R1	0.4266345953514722	0.2350397098685	3.823698549810905e-05	0.0017740200416947985	0.443023681640625	0	-0.0030199999999999984	0.006570000000000003	False	4.000000000000184e-05	0.4517822265625	1.763014501892793e-06	True	1332264.0	40101.0	346.0571247	3169443840.0	world_g03_n044.mat	ACC25BAD8023AD97C807BE744F69647FDC1762B8ED2EB59539A2BDD6133BB448	59B22764181C475D824B3847F1FC4F2E3EA726C62618AB02D8691B028031CC55	AE9B0EEE540CC07AA3D3FE45D445B0C71815E95D7D461C6AB615903532705D09
G03	3	44	91203044	R2	0.4266345953514722	0.2350397098685	3.823698549810905e-05	6.646961755742293e-05	0.972412109375	0	-0.004059999999999998	0.004070000000000001	False	4.000000000000184e-05	0.988037109375	1.763014501892793e-06	True	1332264.0	40101.0	346.0571247	3169443840.0	world_g03_n044.mat	ACC25BAD8023AD97C807BE744F69647FDC1762B8ED2EB59539A2BDD6133BB448	59B22764181C475D824B3847F1FC4F2E3EA726C62618AB02D8691B028031CC55	AE9B0EEE540CC07AA3D3FE45D445B0C71815E95D7D461C6AB615903532705D09
G03	3	45	91203045	R1	0.4266345953514722	0.2350397098685	3.823698549810905e-05	-0.0022556506739624766	0.2305908203125	0	-0.00605	0.0015500000000000028	False	4.000000000000184e-05	0.2230224609375	1.763014501892793e-06	True	1332264.0	40250.0	348.5458472	3168493568.0	world_g03_n045.mat	BEEDED7A59DECF13DC6BFBFB4A65331BE1411C2132B6FF1E5E0886DE2806AED7	59B22764181C475D824B3847F1FC4F2E3EA726C62618AB02D8691B028031CC55	AE9B0EEE540CC07AA3D3FE45D445B0C71815E95D7D461C6AB615903532705D09
G03	3	45	91203045	R2	0.4266345953514722	0.2350397098685	3.823698549810905e-05	-0.0003572364088563846	0.8583984375	0	-0.004619999999999999	0.003980000000000001	False	4.000000000000184e-05	0.841064453125	1.763014501892793e-06	True	1332264.0	40250.0	348.5458472	3168493568.0	world_g03_n045.mat	BEEDED7A59DECF13DC6BFBFB4A65331BE1411C2132B6FF1E5E0886DE2806AED7	59B22764181C475D824B3847F1FC4F2E3EA726C62618AB02D8691B028031CC55	AE9B0EEE540CC07AA3D3FE45D445B0C71815E95D7D461C6AB615903532705D09
G03	3	46	91203046	R1	0.4266345953514722	0.2350397098685	3.823698549810905e-05	-0.0004329351702397659	0.8355712890625	0	-0.004419999999999999	0.003300000000000001	False	4.000000000000184e-05	0.82098388671875	1.763014501892793e-06	True	1332264.0	40135.0	342.7161553	3167662080.0	world_g03_n046.mat	7C53FC137EFEBA77A43346500F0CD3C46D0D8CDCED904B14A1229BCDAC6A42CB	59B22764181C475D824B3847F1FC4F2E3EA726C62618AB02D8691B028031CC55	AE9B0EEE540CC07AA3D3FE45D445B0C71815E95D7D461C6AB615903532705D09
G03	3	46	91203046	R2	0.4266345953514722	0.2350397098685	3.823698549810905e-05	0.0037819543167462977	0.0849609375	0	-0.0006099999999999994	0.008100000000000003	False	4.000000000000184e-05	0.087890625	1.763014501892793e-06	True	1332264.0	40135.0	342.7161553	3167662080.0	world_g03_n046.mat	7C53FC137EFEBA77A43346500F0CD3C46D0D8CDCED904B14A1229BCDAC6A42CB	59B22764181C475D824B3847F1FC4F2E3EA726C62618AB02D8691B028031CC55	AE9B0EEE540CC07AA3D3FE45D445B0C71815E95D7D461C6AB615903532705D09
G03	3	47	91203047	R1	0.4266345953514722	0.2350397098685	3.823698549810905e-05	0.000982872936624672	0.545196533203125	0	-0.0024399999999999977	0.004440000000000003	False	4.000000000000184e-05	0.560638427734375	1.763014501892793e-06	True	1332264.0	40496.0	340.7894266	3166674944.0	world_g03_n047.mat	02477AA8F6EEE927AC2FDE3868BB54CCC19F1198F1F374127F88EFD50D0F1DCA	59B22764181C475D824B3847F1FC4F2E3EA726C62618AB02D8691B028031CC55	AE9B0EEE540CC07AA3D3FE45D445B0C71815E95D7D461C6AB615903532705D09
G03	3	47	91203047	R2	0.4266345953514722	0.2350397098685	3.823698549810905e-05	-0.0022405611974753905	0.1796875	0	-0.005739999999999999	0.0012100000000000027	False	4.000000000000184e-05	0.17236328125	1.763014501892793e-06	True	1332264.0	40496.0	340.7894266	3166674944.0	world_g03_n047.mat	02477AA8F6EEE927AC2FDE3868BB54CCC19F1198F1F374127F88EFD50D0F1DCA	59B22764181C475D824B3847F1FC4F2E3EA726C62618AB02D8691B028031CC55	AE9B0EEE540CC07AA3D3FE45D445B0C71815E95D7D461C6AB615903532705D09
G03	3	48	91203048	R1	0.4266345953514722	0.2350397098685	3.823698549810905e-05	-0.0021625786780882974	0.23089599609375	0	-0.00571	0.0015600000000000024	False	4.000000000000184e-05	0.22247314453125	1.763014501892793e-06	True	1332264.0	40024.0	344.2499949	3167633408.0	world_g03_n048.mat	A073A458CAD92A976C29874496E1F7EAA36789B85C468E737FABFC6FAF1A43B5	59B22764181C475D824B3847F1FC4F2E3EA726C62618AB02D8691B028031CC55	AE9B0EEE540CC07AA3D3FE45D445B0C71815E95D7D461C6AB615903532705D09
G03	3	48	91203048	R2	0.4266345953514722	0.2350397098685	3.823698549810905e-05	0.0013550836824447834	0.538330078125	0	-0.0033100000000000004	0.0059000000000000025	False	4.000000000000184e-05	0.5517578125	1.763014501892793e-06	True	1332264.0	40024.0	344.2499949	3167633408.0	world_g03_n048.mat	A073A458CAD92A976C29874496E1F7EAA36789B85C468E737FABFC6FAF1A43B5	59B22764181C475D824B3847F1FC4F2E3EA726C62618AB02D8691B028031CC55	AE9B0EEE540CC07AA3D3FE45D445B0C71815E95D7D461C6AB615903532705D09
G03	3	49	91203049	R1	0.4266345953514722	0.2350397098685	3.823698549810905e-05	0.0005387658061005814	0.730712890625	0	-0.0027899999999999973	0.003810000000000001	False	4.000000000000184e-05	0.750518798828125	1.763014501892793e-06	True	1332264.0	40274.0	343.5787955	3166674944.0	world_g03_n049.mat	74B2480EF3E22E78B540A596A0F690109FE5232CE5D3EBAC55A174EFCA4F39D1	59B22764181C475D824B3847F1FC4F2E3EA726C62618AB02D8691B028031CC55	AE9B0EEE540CC07AA3D3FE45D445B0C71815E95D7D461C6AB615903532705D09
G03	3	49	91203049	R2	0.4266345953514722	0.2350397098685	3.823698549810905e-05	-0.0006881447439975525	0.550537109375	0	-0.0030199999999999984	0.0017700000000000007	False	4.000000000000184e-05	0.52880859375	1.763014501892793e-06	True	1332264.0	40274.0	343.5787955	3166674944.0	world_g03_n049.mat	74B2480EF3E22E78B540A596A0F690109FE5232CE5D3EBAC55A174EFCA4F39D1	59B22764181C475D824B3847F1FC4F2E3EA726C62618AB02D8691B028031CC55	AE9B0EEE540CC07AA3D3FE45D445B0C71815E95D7D461C6AB615903532705D09
G03	3	50	91203050	R1	0.4266345953514722	0.2350397098685	3.823698549810905e-05	0.0005667652838254992	0.80743408203125	0	-0.0039000000000000007	0.005230000000000002	False	4.000000000000184e-05	0.819580078125	1.763014501892793e-06	True	1332264.0	40292.0	342.9011033	3165605888.0	world_g03_n050.mat	6F64974934D2DC3C349C80197637F46B6827ABA38561C08947E2C8EC882EF689	59B22764181C475D824B3847F1FC4F2E3EA726C62618AB02D8691B028031CC55	AE9B0EEE540CC07AA3D3FE45D445B0C71815E95D7D461C6AB615903532705D09
G03	3	50	91203050	R2	0.4266345953514722	0.2350397098685	3.823698549810905e-05	0.0015276408424086097	0.43408203125	0	-0.00255	0.005670000000000001	False	4.000000000000184e-05	0.44189453125	1.763014501892793e-06	True	1332264.0	40292.0	342.9011033	3165605888.0	world_g03_n050.mat	6F64974934D2DC3C349C80197637F46B6827ABA38561C08947E2C8EC882EF689	59B22764181C475D824B3847F1FC4F2E3EA726C62618AB02D8691B028031CC55	AE9B0EEE540CC07AA3D3FE45D445B0C71815E95D7D461C6AB615903532705D09
G03	3	51	91203051	R1	0.4266345953514722	0.2350397098685	3.823698549810905e-05	-0.0019259658402888686	0.22222900390625	0	-0.00516	0.0012400000000000015	False	4.000000000000184e-05	0.2132568359375	1.763014501892793e-06	True	1332264.0	40183.0	339.7625791	3165618176.0	world_g03_n051.mat	3680F6CADA48ED6FE23054CC9FF93D2388BD8219DF99074807E0A0A0110D2594	59B22764181C475D824B3847F1FC4F2E3EA726C62618AB02D8691B028031CC55	AE9B0EEE540CC07AA3D3FE45D445B0C71815E95D7D461C6AB615903532705D09
G03	3	51	91203051	R2	0.4266345953514722	0.2350397098685	3.823698549810905e-05	0.000901191856972093	0.528564453125	0	-0.0021899999999999975	0.004100000000000003	False	4.000000000000184e-05	0.546630859375	1.763014501892793e-06	True	1332264.0	40183.0	339.7625791	3165618176.0	world_g03_n051.mat	3680F6CADA48ED6FE23054CC9FF93D2388BD8219DF99074807E0A0A0110D2594	59B22764181C475D824B3847F1FC4F2E3EA726C62618AB02D8691B028031CC55	AE9B0EEE540CC07AA3D3FE45D445B0C71815E95D7D461C6AB615903532705D09
G03	3	52	91203052	R1	0.4266345953514722	0.2350397098685	3.823698549810905e-05	-0.0017252254909319168	0.3536376953125	0	-0.005639999999999999	0.002170000000000002	False	4.000000000000184e-05	0.3433837890625	1.763014501892793e-06	True	1332264.0	40162.0	342.087227	3165622272.0	world_g03_n052.mat	70E2A4BE56AF098AFED35D32FE9C81788761317E2697A58D85A81C9732D98FE8	59B22764181C475D824B3847F1FC4F2E3EA726C62618AB02D8691B028031CC55	AE9B0EEE540CC07AA3D3FE45D445B0C71815E95D7D461C6AB615903532705D09
G03	3	52	91203052	R2	0.4266345953514722	0.2350397098685	3.823698549810905e-05	-0.0041243211586321415	0.005859375	1	-0.007609999999999999	-0.0011399999999999987	False	4.000000000000184e-05	0.00537109375	1.763014501892793e-06	False	1332264.0	40162.0	342.087227	3165622272.0	world_g03_n052.mat	70E2A4BE56AF098AFED35D32FE9C81788761317E2697A58D85A81C9732D98FE8	59B22764181C475D824B3847F1FC4F2E3EA726C62618AB02D8691B028031CC55	AE9B0EEE540CC07AA3D3FE45D445B0C71815E95D7D461C6AB615903532705D09
G03	3	53	91203053	R1	0.4266345953514722	0.2350397098685	3.823698549810905e-05	-4.29907915220015e-05	0.98193359375	0	-0.003709999999999998	0.0035400000000000015	False	4.000000000000184e-05	0.963409423828125	1.763014501892793e-06	True	1332264.0	40301.0	338.4229187	3165634560.0	world_g03_n053.mat	A8E419185123EED91CB641BE15DEE69F81AFD0A59037A0493AD988A80CA5E5F6	59B22764181C475D824B3847F1FC4F2E3EA726C62618AB02D8691B028031CC55	AE9B0EEE540CC07AA3D3FE45D445B0C71815E95D7D461C6AB615903532705D09
G03	3	53	91203053	R2	0.4266345953514722	0.2350397098685	3.823698549810905e-05	-0.00047997753350853545	0.711669921875	0	-0.0032999999999999974	0.002310000000000003	False	4.000000000000184e-05	0.689697265625	1.763014501892793e-06	True	1332264.0	40301.0	338.4229187	3165634560.0	world_g03_n053.mat	A8E419185123EED91CB641BE15DEE69F81AFD0A59037A0493AD988A80CA5E5F6	59B22764181C475D824B3847F1FC4F2E3EA726C62618AB02D8691B028031CC55	AE9B0EEE540CC07AA3D3FE45D445B0C71815E95D7D461C6AB615903532705D09
G03	3	54	91203054	R1	0.4266345953514722	0.2350397098685	3.823698549810905e-05	0.0016579993565936525	0.19964599609375	0	-0.0009799999999999982	0.00426	False	4.000000000000184e-05	0.2103271484375	1.763014501892793e-06	True	1332264.0	40545.0	340.8495718	3165618176.0	world_g03_n054.mat	715932503D55EF99395087A8372E6525408D1CD2D8734602BBC4BDEEE14D5400	59B22764181C475D824B3847F1FC4F2E3EA726C62618AB02D8691B028031CC55	AE9B0EEE540CC07AA3D3FE45D445B0C71815E95D7D461C6AB615903532705D09
G03	3	54	91203054	R2	0.4266345953514722	0.2350397098685	3.823698549810905e-05	-0.0024177023113771184	0.1376953125	0	-0.00567	0.0007699999999999999	False	4.000000000000184e-05	0.131591796875	1.763014501892793e-06	True	1332264.0	40545.0	340.8495718	3165618176.0	world_g03_n054.mat	715932503D55EF99395087A8372E6525408D1CD2D8734602BBC4BDEEE14D5400	59B22764181C475D824B3847F1FC4F2E3EA726C62618AB02D8691B028031CC55	AE9B0EEE540CC07AA3D3FE45D445B0C71815E95D7D461C6AB615903532705D09
G03	3	55	91203055	R1	0.4266345953514722	0.2350397098685	3.823698549810905e-05	0.0001404068341884005	0.945404052734375	0	-0.003279999999999998	0.0038500000000000027	False	4.000000000000184e-05	0.961181640625	1.763014501892793e-06	True	1332264.0	40193.0	340.1252715	3165523968.0	world_g03_n055.mat	BCE8B208C189E6D8DB28485C8DE2F656564152A8F0F02050E8326A44F3D4E802	59B22764181C475D824B3847F1FC4F2E3EA726C62618AB02D8691B028031CC55	AE9B0EEE540CC07AA3D3FE45D445B0C71815E95D7D461C6AB615903532705D09
G03	3	55	91203055	R2	0.4266345953514722	0.2350397098685	3.823698549810905e-05	-5.8178963345132673e-05	0.95947265625	0	-0.0028399999999999988	0.0027100000000000006	False	4.000000000000184e-05	0.93798828125	1.763014501892793e-06	True	1332264.0	40193.0	340.1252715	3165523968.0	world_g03_n055.mat	BCE8B208C189E6D8DB28485C8DE2F656564152A8F0F02050E8326A44F3D4E802	59B22764181C475D824B3847F1FC4F2E3EA726C62618AB02D8691B028031CC55	AE9B0EEE540CC07AA3D3FE45D445B0C71815E95D7D461C6AB615903532705D09
G03	3	56	91203056	R1	0.4266345953514722	0.2350397098685	3.823698549810905e-05	0.0008974671348461063	0.704010009765625	0	-0.004129999999999998	0.005930000000000001	False	4.000000000000184e-05	0.715667724609375	1.763014501892793e-06	True	1332264.0	40308.0	341.2184256	3165528064.0	world_g03_n056.mat	CF088306ED38A5FD6277F5F97A0A04D66969619FDDBDB22ABF840C141B212E7C	59B22764181C475D824B3847F1FC4F2E3EA726C62618AB02D8691B028031CC55	AE9B0EEE540CC07AA3D3FE45D445B0C71815E95D7D461C6AB615903532705D09
G03	3	56	91203056	R2	0.4266345953514722	0.2350397098685	3.823698549810905e-05	-0.0019030617307919423	0.355712890625	0	-0.00626	0.002400000000000003	False	4.000000000000184e-05	0.347900390625	1.763014501892793e-06	True	1332264.0	40308.0	341.2184256	3165528064.0	world_g03_n056.mat	CF088306ED38A5FD6277F5F97A0A04D66969619FDDBDB22ABF840C141B212E7C	59B22764181C475D824B3847F1FC4F2E3EA726C62618AB02D8691B028031CC55	AE9B0EEE540CC07AA3D3FE45D445B0C71815E95D7D461C6AB615903532705D09
G03	3	57	91203057	R1	0.4266345953514722	0.2350397098685	3.823698549810905e-05	-0.0011007373329639776	0.675140380859375	0	-0.00597	0.0041100000000000025	False	4.000000000000184e-05	0.66375732421875	1.763014501892793e-06	True	1332264.0	40391.0	345.4104384	3164545024.0	world_g03_n057.mat	C0FF3F00403B287F58C4C6E8126BE31478CEC415BB6F1BB6A236DF11CA22D1D4	59B22764181C475D824B3847F1FC4F2E3EA726C62618AB02D8691B028031CC55	AE9B0EEE540CC07AA3D3FE45D445B0C71815E95D7D461C6AB615903532705D09
G03	3	57	91203057	R2	0.4266345953514722	0.2350397098685	3.823698549810905e-05	-0.0014515532230401516	0.511474609375	0	-0.00635	0.0034500000000000017	False	4.000000000000184e-05	0.496826171875	1.763014501892793e-06	True	1332264.0	40391.0	345.4104384	3164545024.0	world_g03_n057.mat	C0FF3F00403B287F58C4C6E8126BE31478CEC415BB6F1BB6A236DF11CA22D1D4	59B22764181C475D824B3847F1FC4F2E3EA726C62618AB02D8691B028031CC55	AE9B0EEE540CC07AA3D3FE45D445B0C71815E95D7D461C6AB615903532705D09
G03	3	58	91203058	R1	0.4266345953514722	0.2350397098685	3.823698549810905e-05	0.0017547072709629386	0.337921142578125	0	-0.00204	0.005570000000000002	False	4.000000000000184e-05	0.34881591796875	1.763014501892793e-06	True	1332264.0	39993.0	344.0148581	3163676672.0	world_g03_n058.mat	5D33757527D2FEE1367743C87C526E1B8C7B3B80EDB5F86CF21DF16C433F66B0	59B22764181C475D824B3847F1FC4F2E3EA726C62618AB02D8691B028031CC55	AE9B0EEE540CC07AA3D3FE45D445B0C71815E95D7D461C6AB615903532705D09
G03	3	58	91203058	R2	0.4266345953514722	0.2350397098685	3.823698549810905e-05	-0.0017120813073821636	0.388916015625	0	-0.0058	0.002230000000000003	False	4.000000000000184e-05	0.378662109375	1.763014501892793e-06	True	1332264.0	39993.0	344.0148581	3163676672.0	world_g03_n058.mat	5D33757527D2FEE1367743C87C526E1B8C7B3B80EDB5F86CF21DF16C433F66B0	59B22764181C475D824B3847F1FC4F2E3EA726C62618AB02D8691B028031CC55	AE9B0EEE540CC07AA3D3FE45D445B0C71815E95D7D461C6AB615903532705D09
G03	3	59	91203059	R1	0.4266345953514722	0.2350397098685	3.823698549810905e-05	-0.0020178012692338354	0.14251708984375	0	-0.00473	0.0007400000000000011	False	4.000000000000184e-05	0.1346435546875	1.763014501892793e-06	True	1332264.0	39968.0	342.598421	3163541504.0	world_g03_n059.mat	1C71C0D4B49317824AB2035745A776EA0289B12C670F3A25A37255C7E2DD70AD	59B22764181C475D824B3847F1FC4F2E3EA726C62618AB02D8691B028031CC55	AE9B0EEE540CC07AA3D3FE45D445B0C71815E95D7D461C6AB615903532705D09
G03	3	59	91203059	R2	0.4266345953514722	0.2350397098685	3.823698549810905e-05	-0.0031779363630209325	0.081787109375	0	-0.00686	0.0004400000000000029	False	4.000000000000184e-05	0.0791015625	1.763014501892793e-06	True	1332264.0	39968.0	342.598421	3163541504.0	world_g03_n059.mat	1C71C0D4B49317824AB2035745A776EA0289B12C670F3A25A37255C7E2DD70AD	59B22764181C475D824B3847F1FC4F2E3EA726C62618AB02D8691B028031CC55	AE9B0EEE540CC07AA3D3FE45D445B0C71815E95D7D461C6AB615903532705D09
G03	3	60	91203060	R1	0.4266345953514722	0.2350397098685	3.823698549810905e-05	-7.914355217574946e-05	0.962799072265625	0	-0.0036500000000000005	0.0034300000000000025	False	4.000000000000184e-05	0.943878173828125	1.763014501892793e-06	True	1332264.0	40122.0	343.5833638	3163512832.0	world_g03_n060.mat	6A2197336E8A65293279F4C103DB88AB54322E4A77235DDF6C84CEE7C3DE4091	59B22764181C475D824B3847F1FC4F2E3EA726C62618AB02D8691B028031CC55	AE9B0EEE540CC07AA3D3FE45D445B0C71815E95D7D461C6AB615903532705D09
G03	3	60	91203060	R2	0.4266345953514722	0.2350397098685	3.823698549810905e-05	0.0013477463679771073	0.369140625	0	-0.0018899999999999993	0.004490000000000001	False	4.000000000000184e-05	0.38427734375	1.763014501892793e-06	True	1332264.0	40122.0	343.5833638	3163512832.0	world_g03_n060.mat	6A2197336E8A65293279F4C103DB88AB54322E4A77235DDF6C84CEE7C3DE4091	59B22764181C475D824B3847F1FC4F2E3EA726C62618AB02D8691B028031CC55	AE9B0EEE540CC07AA3D3FE45D445B0C71815E95D7D461C6AB615903532705D09
G03	3	61	91203061	R1	0.4266345953514722	0.2350397098685	3.823698549810905e-05	-0.0017767392554298095	0.1834716796875	0	-0.0044399999999999995	0.0009800000000000017	False	4.000000000000184e-05	0.174468994140625	1.763014501892793e-06	True	1332264.0	40507.0	345.3735234	3163496448.0	world_g03_n061.mat	A991B30F4D4515B45BC18FCE6537E3C7468B7B44085D40922D5FA4666110661B	59B22764181C475D824B3847F1FC4F2E3EA726C62618AB02D8691B028031CC55	AE9B0EEE540CC07AA3D3FE45D445B0C71815E95D7D461C6AB615903532705D09
G03	3	61	91203061	R2	0.4266345953514722	0.2350397098685	3.823698549810905e-05	-0.0019849952939061805	0.23876953125	0	-0.005549999999999999	0.0015500000000000028	False	4.000000000000184e-05	0.22802734375	1.763014501892793e-06	True	1332264.0	40507.0	345.3735234	3163496448.0	world_g03_n061.mat	A991B30F4D4515B45BC18FCE6537E3C7468B7B44085D40922D5FA4666110661B	59B22764181C475D824B3847F1FC4F2E3EA726C62618AB02D8691B028031CC55	AE9B0EEE540CC07AA3D3FE45D445B0C71815E95D7D461C6AB615903532705D09
G03	3	62	91203062	R1	0.4266345953514722	0.2350397098685	3.823698549810905e-05	-0.0018557923525175477	0.2025146484375	0	-0.004739999999999999	0.00102	False	4.000000000000184e-05	0.192718505859375	1.763014501892793e-06	True	1332264.0	40234.0	345.7110491	3161518080.0	world_g03_n062.mat	962C64B65E99EB72FA94873064BC8D3CE22BFE96BF9A451CDF73571004EFAC0D	59B22764181C475D824B3847F1FC4F2E3EA726C62618AB02D8691B028031CC55	AE9B0EEE540CC07AA3D3FE45D445B0C71815E95D7D461C6AB615903532705D09
G03	3	62	91203062	R2	0.4266345953514722	0.2350397098685	3.823698549810905e-05	0.0007001332818756163	0.71484375	0	-0.003289999999999998	0.004830000000000001	False	4.000000000000184e-05	0.73046875	1.763014501892793e-06	True	1332264.0	40234.0	345.7110491	3161518080.0	world_g03_n062.mat	962C64B65E99EB72FA94873064BC8D3CE22BFE96BF9A451CDF73571004EFAC0D	59B22764181C475D824B3847F1FC4F2E3EA726C62618AB02D8691B028031CC55	AE9B0EEE540CC07AA3D3FE45D445B0C71815E95D7D461C6AB615903532705D09
G03	3	63	91203063	R1	0.4266345953514722	0.2350397098685	3.823698549810905e-05	0.0005207016192090525	0.75787353515625	0	-0.0028800000000000006	0.004010000000000003	False	4.000000000000184e-05	0.775970458984375	1.763014501892793e-06	True	1332264.0	39927.0	342.9041435	3162353664.0	world_g03_n063.mat	636D1BE0207402DEA7BB0D3FB29C5135ECDD21083B1B0A0795CAE5E6BDEB8A88	59B22764181C475D824B3847F1FC4F2E3EA726C62618AB02D8691B028031CC55	AE9B0EEE540CC07AA3D3FE45D445B0C71815E95D7D461C6AB615903532705D09
G03	3	63	91203063	R2	0.4266345953514722	0.2350397098685	3.823698549810905e-05	-0.0022876697710166277	0.1201171875	0	-0.0051899999999999984	0.0006899999999999996	False	4.000000000000184e-05	0.111328125	1.763014501892793e-06	True	1332264.0	39927.0	342.9041435	3162353664.0	world_g03_n063.mat	636D1BE0207402DEA7BB0D3FB29C5135ECDD21083B1B0A0795CAE5E6BDEB8A88	59B22764181C475D824B3847F1FC4F2E3EA726C62618AB02D8691B028031CC55	AE9B0EEE540CC07AA3D3FE45D445B0C71815E95D7D461C6AB615903532705D09
G03	3	64	91203064	R1	0.4266345953514722	0.2350397098685	3.823698549810905e-05	-0.0013440292167674135	0.348236083984375	0	-0.0043199999999999975	0.0016100000000000003	False	4.000000000000184e-05	0.334075927734375	1.763014501892793e-06	True	1332264.0	40457.0	342.3845777	3160498176.0	world_g03_n064.mat	6F2B8C2DF67F6AA173C80E597A987C57FD7165C23A4819F95234DBDD59E3F5F1	59B22764181C475D824B3847F1FC4F2E3EA726C62618AB02D8691B028031CC55	AE9B0EEE540CC07AA3D3FE45D445B0C71815E95D7D461C6AB615903532705D09
G03	3	64	91203064	R2	0.4266345953514722	0.2350397098685	3.823698549810905e-05	0.0005527234736181693	0.64453125	0	-0.0020300000000000006	0.003100000000000002	False	4.000000000000184e-05	0.66796875	1.763014501892793e-06	True	1332264.0	40457.0	342.3845777	3160498176.0	world_g03_n064.mat	6F2B8C2DF67F6AA173C80E597A987C57FD7165C23A4819F95234DBDD59E3F5F1	59B22764181C475D824B3847F1FC4F2E3EA726C62618AB02D8691B028031CC55	AE9B0EEE540CC07AA3D3FE45D445B0C71815E95D7D461C6AB615903532705D09
G03	3	65	91203065	R1	0.4266345953514722	0.2350397098685	3.823698549810905e-05	-0.001171172846982782	0.45147705078125	0	-0.004449999999999999	0.0021100000000000008	False	4.000000000000184e-05	0.4368896484375	1.763014501892793e-06	True	1332264.0	40476.0	345.007435	3162259456.0	world_g03_n065.mat	C916B6E21F4CA55035B8B845D600301FC8B4B0A5AF3734D8BBDEAFBE5C704EAB	59B22764181C475D824B3847F1FC4F2E3EA726C62618AB02D8691B028031CC55	AE9B0EEE540CC07AA3D3FE45D445B0C71815E95D7D461C6AB615903532705D09
G03	3	65	91203065	R2	0.4266345953514722	0.2350397098685	3.823698549810905e-05	0.0010278582889775888	0.346923828125	0	-0.0012599999999999972	0.00324	False	4.000000000000184e-05	0.365478515625	1.763014501892793e-06	True	1332264.0	40476.0	345.007435	3162259456.0	world_g03_n065.mat	C916B6E21F4CA55035B8B845D600301FC8B4B0A5AF3734D8BBDEAFBE5C704EAB	59B22764181C475D824B3847F1FC4F2E3EA726C62618AB02D8691B028031CC55	AE9B0EEE540CC07AA3D3FE45D445B0C71815E95D7D461C6AB615903532705D09
G03	3	66	91203066	R1	0.4266345953514722	0.2350397098685	3.823698549810905e-05	0.002866985045900436	0.101226806640625	0	-0.0006099999999999994	0.006370000000000001	False	4.000000000000184e-05	0.10589599609375	1.763014501892793e-06	True	1332264.0	40397.0	344.4900036	3161178112.0	world_g03_n066.mat	37A4F91CD49489A28CC9648745138DCAD976960186D39D3991D0721165E4165B	59B22764181C475D824B3847F1FC4F2E3EA726C62618AB02D8691B028031CC55	AE9B0EEE540CC07AA3D3FE45D445B0C71815E95D7D461C6AB615903532705D09
G03	3	66	91203066	R2	0.4266345953514722	0.2350397098685	3.823698549810905e-05	0.000764728465741561	0.73291015625	0	-0.004229999999999998	0.005670000000000001	False	4.000000000000184e-05	0.749267578125	1.763014501892793e-06	True	1332264.0	40397.0	344.4900036	3161178112.0	world_g03_n066.mat	37A4F91CD49489A28CC9648745138DCAD976960186D39D3991D0721165E4165B	59B22764181C475D824B3847F1FC4F2E3EA726C62618AB02D8691B028031CC55	AE9B0EEE540CC07AA3D3FE45D445B0C71815E95D7D461C6AB615903532705D09
G03	3	67	91203067	R1	0.4266345953514722	0.2350397098685	3.823698549810905e-05	2.6530693130883715e-05	0.983062744140625	0	-0.0027599999999999986	0.0028000000000000004	False	4.000000000000184e-05	0.99139404296875	1.763014501892793e-06	True	1332264.0	39922.0	344.6817262	3160166400.0	world_g03_n067.mat	4A94EEF0F5AB5B4CA87869B38E197EE5C87533D73A2C51780614EFC2E9D4F719	59B22764181C475D824B3847F1FC4F2E3EA726C62618AB02D8691B028031CC55	AE9B0EEE540CC07AA3D3FE45D445B0C71815E95D7D461C6AB615903532705D09
G03	3	67	91203067	R2	0.4266345953514722	0.2350397098685	3.823698549810905e-05	-0.0030511837221112634	0.08642578125	0	-0.006589999999999999	0.00048000000000000126	False	4.000000000000184e-05	0.08349609375	1.763014501892793e-06	True	1332264.0	39922.0	344.6817262	3160166400.0	world_g03_n067.mat	4A94EEF0F5AB5B4CA87869B38E197EE5C87533D73A2C51780614EFC2E9D4F719	59B22764181C475D824B3847F1FC4F2E3EA726C62618AB02D8691B028031CC55	AE9B0EEE540CC07AA3D3FE45D445B0C71815E95D7D461C6AB615903532705D09
G03	3	68	91203068	R1	0.4266345953514722	0.2350397098685	3.823698549810905e-05	0.0012059940379606786	0.401641845703125	0	-0.0016299999999999995	0.00409	False	4.000000000000184e-05	0.41680908203125	1.763014501892793e-06	True	1332264.0	39852.0	348.8842923	3160084480.0	world_g03_n068.mat	65277E5E2DE93139B996C68622971558F1C64E96B4663859560C61A93DE011BC	59B22764181C475D824B3847F1FC4F2E3EA726C62618AB02D8691B028031CC55	AE9B0EEE540CC07AA3D3FE45D445B0C71815E95D7D461C6AB615903532705D09
G03	3	68	91203068	R2	0.4266345953514722	0.2350397098685	3.823698549810905e-05	-0.002058253001013888	0.181640625	0	-0.005179999999999999	0.0010000000000000009	False	4.000000000000184e-05	0.17431640625	1.763014501892793e-06	True	1332264.0	39852.0	348.8842923	3160084480.0	world_g03_n068.mat	65277E5E2DE93139B996C68622971558F1C64E96B4663859560C61A93DE011BC	59B22764181C475D824B3847F1FC4F2E3EA726C62618AB02D8691B028031CC55	AE9B0EEE540CC07AA3D3FE45D445B0C71815E95D7D461C6AB615903532705D09
G03	3	69	91203069	R1	0.4266345953514722	0.2350397098685	3.823698549810905e-05	0.0013770648798091104	0.43280029296875	0	-0.0023399999999999983	0.0051	False	4.000000000000184e-05	0.4462890625	1.763014501892793e-06	True	1332264.0	40389.0	353.8206064	3160002560.0	world_g03_n069.mat	59FA2CB2536967E1FDCEA3D62CE82C082470F807F895400CEE95052E89B8BCDC	59B22764181C475D824B3847F1FC4F2E3EA726C62618AB02D8691B028031CC55	AE9B0EEE540CC07AA3D3FE45D445B0C71815E95D7D461C6AB615903532705D09
G03	3	69	91203069	R2	0.4266345953514722	0.2350397098685	3.823698549810905e-05	-0.003327315392408133	0.077880859375	0	-0.006959999999999999	0.0004500000000000025	False	4.000000000000184e-05	0.074462890625	1.763014501892793e-06	True	1332264.0	40389.0	353.8206064	3160002560.0	world_g03_n069.mat	59FA2CB2536967E1FDCEA3D62CE82C082470F807F895400CEE95052E89B8BCDC	59B22764181C475D824B3847F1FC4F2E3EA726C62618AB02D8691B028031CC55	AE9B0EEE540CC07AA3D3FE45D445B0C71815E95D7D461C6AB615903532705D09
G03	3	70	91203070	R1	0.4266345953514722	0.2350397098685	3.823698549810905e-05	0.00027051933803439105	0.838897705078125	0	-0.0023700000000000006	0.0029400000000000016	False	4.000000000000184e-05	0.863677978515625	1.763014501892793e-06	True	1332264.0	40152.0	298.9733496	3159891968.0	world_g03_n070.mat	3F19F65639815980903341B8202409F15E01637E9B5AB967E9ABF4816F81B9D0	59B22764181C475D824B3847F1FC4F2E3EA726C62618AB02D8691B028031CC55	AE9B0EEE540CC07AA3D3FE45D445B0C71815E95D7D461C6AB615903532705D09
G03	3	70	91203070	R2	0.4266345953514722	0.2350397098685	3.823698549810905e-05	0.00013806936334672212	0.928466796875	0	-0.003029999999999998	0.00341	False	4.000000000000184e-05	0.9501953125	1.763014501892793e-06	True	1332264.0	40152.0	298.9733496	3159891968.0	world_g03_n070.mat	3F19F65639815980903341B8202409F15E01637E9B5AB967E9ABF4816F81B9D0	59B22764181C475D824B3847F1FC4F2E3EA726C62618AB02D8691B028031CC55	AE9B0EEE540CC07AA3D3FE45D445B0C71815E95D7D461C6AB615903532705D09
G03	3	71	91203071	R1	0.4266345953514722	0.2350397098685	3.823698549810905e-05	0.0008367391405088855	0.632659912109375	0	-0.00289	0.004570000000000001	False	4.000000000000184e-05	0.648712158203125	1.763014501892793e-06	True	1332264.0	40054.0	353.0556412	3159785472.0	world_g03_n071.mat	CAAFE05CC4848429968AF13B689E8FCECCBC2DCA405A9B280CAE21E7A43469BF	59B22764181C475D824B3847F1FC4F2E3EA726C62618AB02D8691B028031CC55	AE9B0EEE540CC07AA3D3FE45D445B0C71815E95D7D461C6AB615903532705D09
G03	3	71	91203071	R2	0.4266345953514722	0.2350397098685	3.823698549810905e-05	-0.0005647675316302193	0.783935546875	0	-0.005089999999999999	0.0040500000000000015	False	4.000000000000184e-05	0.771484375	1.763014501892793e-06	True	1332264.0	40054.0	353.0556412	3159785472.0	world_g03_n071.mat	CAAFE05CC4848429968AF13B689E8FCECCBC2DCA405A9B280CAE21E7A43469BF	59B22764181C475D824B3847F1FC4F2E3EA726C62618AB02D8691B028031CC55	AE9B0EEE540CC07AA3D3FE45D445B0C71815E95D7D461C6AB615903532705D09
G03	3	72	91203072	R1	0.4266345953514722	0.2350397098685	3.823698549810905e-05	-0.0013534238265719995	0.464447021484375	0	-0.00524	0.0025000000000000022	False	4.000000000000184e-05	0.4521484375	1.763014501892793e-06	True	1332264.0	40231.0	353.1075129	3158704128.0	world_g03_n072.mat	BAD315D2F27D56759A16260DD484FB42A89319DBD2AC904B748D2F0DDCB7DCDA	59B22764181C475D824B3847F1FC4F2E3EA726C62618AB02D8691B028031CC55	AE9B0EEE540CC07AA3D3FE45D445B0C71815E95D7D461C6AB615903532705D09
G03	3	72	91203072	R2	0.4266345953514722	0.2350397098685	3.823698549810905e-05	-0.00228120902388509	0.10595703125	0	-0.005309999999999999	0.0003499999999999996	False	4.000000000000184e-05	0.097412109375	1.763014501892793e-06	True	1332264.0	40231.0	353.1075129	3158704128.0	world_g03_n072.mat	BAD315D2F27D56759A16260DD484FB42A89319DBD2AC904B748D2F0DDCB7DCDA	59B22764181C475D824B3847F1FC4F2E3EA726C62618AB02D8691B028031CC55	AE9B0EEE540CC07AA3D3FE45D445B0C71815E95D7D461C6AB615903532705D09
G03	3	73	91203073	R1	0.4266345953514722	0.2350397098685	3.823698549810905e-05	0.00023216501284491068	0.876556396484375	0	-0.0029599999999999974	0.0034000000000000002	False	4.000000000000184e-05	0.89801025390625	1.763014501892793e-06	True	1332264.0	40067.0	273.8279146	3157626880.0	world_g03_n073.mat	C1A83BFB118B5E3682F2593416DE39F7F95F22D5B70AFB24EECB7C97F2DEA0DB	59B22764181C475D824B3847F1FC4F2E3EA726C62618AB02D8691B028031CC55	AE9B0EEE540CC07AA3D3FE45D445B0C71815E95D7D461C6AB615903532705D09
G03	3	73	91203073	R2	0.4266345953514722	0.2350397098685	3.823698549810905e-05	0.0002366826727191047	0.879638671875	0	-0.0029	0.0034600000000000013	False	4.000000000000184e-05	0.900146484375	1.763014501892793e-06	True	1332264.0	40067.0	273.8279146	3157626880.0	world_g03_n073.mat	C1A83BFB118B5E3682F2593416DE39F7F95F22D5B70AFB24EECB7C97F2DEA0DB	59B22764181C475D824B3847F1FC4F2E3EA726C62618AB02D8691B028031CC55	AE9B0EEE540CC07AA3D3FE45D445B0C71815E95D7D461C6AB615903532705D09
G03	3	74	91203074	R1	0.4266345953514722	0.2350397098685	3.823698549810905e-05	-0.00272286142045727	0.07037353515625	0	-0.0056999999999999985	0.0002700000000000029	False	4.000000000000184e-05	0.067352294921875	1.763014501892793e-06	True	1332264.0	40295.0	261.3278543	3157495808.0	world_g03_n074.mat	E74845C6D6F4F279E290BF2686C38C58608A56CDFDCE9E9F07737EF1AD079356	59B22764181C475D824B3847F1FC4F2E3EA726C62618AB02D8691B028031CC55	AE9B0EEE540CC07AA3D3FE45D445B0C71815E95D7D461C6AB615903532705D09
G03	3	74	91203074	R2	0.4266345953514722	0.2350397098685	3.823698549810905e-05	-0.0003808582284573038	0.894775390625	0	-0.00634	0.00527	False	4.000000000000184e-05	0.8837890625	1.763014501892793e-06	True	1332264.0	40295.0	261.3278543	3157495808.0	world_g03_n074.mat	E74845C6D6F4F279E290BF2686C38C58608A56CDFDCE9E9F07737EF1AD079356	59B22764181C475D824B3847F1FC4F2E3EA726C62618AB02D8691B028031CC55	AE9B0EEE540CC07AA3D3FE45D445B0C71815E95D7D461C6AB615903532705D09
G03	3	75	91203075	R1	0.4266345953514722	0.2350397098685	3.823698549810905e-05	0.0015010034154103325	0.444610595703125	0	-0.002409999999999999	0.005470000000000003	False	4.000000000000184e-05	0.45538330078125	1.763014501892793e-06	True	1332264.0	39972.0	262.1040258	3157356544.0	world_g03_n075.mat	452D416FBE949FB472F83358A43FE9CF6B1DA024DF565FE113E6868EF8FF24F8	59B22764181C475D824B3847F1FC4F2E3EA726C62618AB02D8691B028031CC55	AE9B0EEE540CC07AA3D3FE45D445B0C71815E95D7D461C6AB615903532705D09
G03	3	75	91203075	R2	0.4266345953514722	0.2350397098685	3.823698549810905e-05	0.0029083062104202384	0.159423828125	0	-0.0013299999999999979	0.007130000000000001	False	4.000000000000184e-05	0.164794921875	1.763014501892793e-06	True	1332264.0	39972.0	262.1040258	3157356544.0	world_g03_n075.mat	452D416FBE949FB472F83358A43FE9CF6B1DA024DF565FE113E6868EF8FF24F8	59B22764181C475D824B3847F1FC4F2E3EA726C62618AB02D8691B028031CC55	AE9B0EEE540CC07AA3D3FE45D445B0C71815E95D7D461C6AB615903532705D09
G03	3	76	91203076	R1	0.4266345953514722	0.2350397098685	3.823698549810905e-05	0.0019699883227167433	0.15606689453125	0	-0.0007999999999999986	0.004720000000000002	False	4.000000000000184e-05	0.164031982421875	1.763014501892793e-06	True	1332264.0	39711.0	278.607939	3155279872.0	world_g03_n076.mat	CBD207AAD2B0A3002312DD0D964E3459B14EFC5417AC87A293989226D0830B73	59B22764181C475D824B3847F1FC4F2E3EA726C62618AB02D8691B028031CC55	AE9B0EEE540CC07AA3D3FE45D445B0C71815E95D7D461C6AB615903532705D09
G03	3	76	91203076	R2	0.4266345953514722	0.2350397098685	3.823698549810905e-05	0.0014322904591551656	0.368896484375	0	-0.0019899999999999987	0.004700000000000003	False	4.000000000000184e-05	0.384033203125	1.763014501892793e-06	True	1332264.0	39711.0	278.607939	3155279872.0	world_g03_n076.mat	CBD207AAD2B0A3002312DD0D964E3459B14EFC5417AC87A293989226D0830B73	59B22764181C475D824B3847F1FC4F2E3EA726C62618AB02D8691B028031CC55	AE9B0EEE540CC07AA3D3FE45D445B0C71815E95D7D461C6AB615903532705D09
G03	3	77	91203077	R1	0.4266345953514722	0.2350397098685	3.823698549810905e-05	-0.0006792343030256841	0.449066162109375	0	-0.002519999999999998	0.0011300000000000025	False	4.000000000000184e-05	0.42352294921875	1.763014501892793e-06	True	1332264.0	40352.0	375.1723346	3156033536.0	world_g03_n077.mat	945CD0E0EBF21E5617A406AD68B2405FD844742377BA5F991AACA09C0B0E81A2	59B22764181C475D824B3847F1FC4F2E3EA726C62618AB02D8691B028031CC55	AE9B0EEE540CC07AA3D3FE45D445B0C71815E95D7D461C6AB615903532705D09
G03	3	77	91203077	R2	0.4266345953514722	0.2350397098685	3.823698549810905e-05	-0.001407456002271437	0.4345703125	0	-0.005179999999999999	0.0022400000000000024	False	4.000000000000184e-05	0.42236328125	1.763014501892793e-06	True	1332264.0	40352.0	375.1723346	3156033536.0	world_g03_n077.mat	945CD0E0EBF21E5617A406AD68B2405FD844742377BA5F991AACA09C0B0E81A2	59B22764181C475D824B3847F1FC4F2E3EA726C62618AB02D8691B028031CC55	AE9B0EEE540CC07AA3D3FE45D445B0C71815E95D7D461C6AB615903532705D09
G03	3	78	91203078	R1	0.4266345953514722	0.2350397098685	3.823698549810905e-05	0.00032077880470419496	0.888641357421875	0	-0.004489999999999999	0.005000000000000001	False	4.000000000000184e-05	0.90252685546875	1.763014501892793e-06	True	1332264.0	40303.0	387.1199286	3154685952.0	world_g03_n078.mat	929FAEF3E59E2489D87689D0F68F626D6D8A533C64E39DCDD9DD8698FDB1315D	59B22764181C475D824B3847F1FC4F2E3EA726C62618AB02D8691B028031CC55	AE9B0EEE540CC07AA3D3FE45D445B0C71815E95D7D461C6AB615903532705D09
G03	3	78	91203078	R2	0.4266345953514722	0.2350397098685	3.823698549810905e-05	0.0022875051905822483	0.242919921875	0	-0.0018799999999999997	0.006420000000000002	False	4.000000000000184e-05	0.250732421875	1.763014501892793e-06	True	1332264.0	40303.0	387.1199286	3154685952.0	world_g03_n078.mat	929FAEF3E59E2489D87689D0F68F626D6D8A533C64E39DCDD9DD8698FDB1315D	59B22764181C475D824B3847F1FC4F2E3EA726C62618AB02D8691B028031CC55	AE9B0EEE540CC07AA3D3FE45D445B0C71815E95D7D461C6AB615903532705D09
G03	3	79	91203079	R1	0.4266345953514722	0.2350397098685	3.823698549810905e-05	-0.0007700781521918119	0.66204833984375	0	-0.004529999999999999	0.0029700000000000004	False	4.000000000000184e-05	0.645751953125	1.763014501892793e-06	True	1332264.0	40130.0	384.86453	3130773504.0	world_g03_n079.mat	55B03CC6D26976F3B7D123119B7065E928F1A724FC1AE7E1986736465A7362CF	59B22764181C475D824B3847F1FC4F2E3EA726C62618AB02D8691B028031CC55	AE9B0EEE540CC07AA3D3FE45D445B0C71815E95D7D461C6AB615903532705D09
G03	3	79	91203079	R2	0.4266345953514722	0.2350397098685	3.823698549810905e-05	0.0007112017526284854	0.718994140625	0	-0.0032200000000000006	0.004820000000000001	False	4.000000000000184e-05	0.73388671875	1.763014501892793e-06	True	1332264.0	40130.0	384.86453	3130773504.0	world_g03_n079.mat	55B03CC6D26976F3B7D123119B7065E928F1A724FC1AE7E1986736465A7362CF	59B22764181C475D824B3847F1FC4F2E3EA726C62618AB02D8691B028031CC55	AE9B0EEE540CC07AA3D3FE45D445B0C71815E95D7D461C6AB615903532705D09
G03	3	80	91203080	R1	0.4266345953514722	0.2350397098685	3.823698549810905e-05	-0.003146235596465128	0.094696044921875	0	-0.00694	0.0006500000000000013	False	4.000000000000184e-05	0.09100341796875	1.763014501892793e-06	True	1332264.0	40080.0	336.9987554	3163844608.0	world_g03_n080.mat	48158C53248D4391703C1CAFA7F2F39D87A2A10F1F94CDEEDDE9EA88F7EB8E11	59B22764181C475D824B3847F1FC4F2E3EA726C62618AB02D8691B028031CC55	AE9B0EEE540CC07AA3D3FE45D445B0C71815E95D7D461C6AB615903532705D09
G03	3	80	91203080	R2	0.4266345953514722	0.2350397098685	3.823698549810905e-05	-0.0002879228147207615	0.81787109375	0	-0.0028499999999999984	0.0022400000000000024	False	4.000000000000184e-05	0.790771484375	1.763014501892793e-06	True	1332264.0	40080.0	336.9987554	3163844608.0	world_g03_n080.mat	48158C53248D4391703C1CAFA7F2F39D87A2A10F1F94CDEEDDE9EA88F7EB8E11	59B22764181C475D824B3847F1FC4F2E3EA726C62618AB02D8691B028031CC55	AE9B0EEE540CC07AA3D3FE45D445B0C71815E95D7D461C6AB615903532705D09
G03	3	81	91203081	R1	0.4266345953514722	0.2350397098685	3.823698549810905e-05	-0.0002114405963799422	0.871795654296875	0	-0.0030399999999999976	0.0026000000000000016	False	4.000000000000184e-05	0.847686767578125	1.763014501892793e-06	True	1332264.0	40144.0	334.7904823	3164794880.0	world_g03_n081.mat	443C3AC593E7CC4D9C8DF0311AF3A7828C88F064F0A6DCFEA78EF37A966B5DB6	59B22764181C475D824B3847F1FC4F2E3EA726C62618AB02D8691B028031CC55	AE9B0EEE540CC07AA3D3FE45D445B0C71815E95D7D461C6AB615903532705D09
G03	3	81	91203081	R2	0.4266345953514722	0.2350397098685	3.823698549810905e-05	0.0012867628642207034	0.486083984375	0	-0.00273	0.00528	False	4.000000000000184e-05	0.49951171875	1.763014501892793e-06	True	1332264.0	40144.0	334.7904823	3164794880.0	world_g03_n081.mat	443C3AC593E7CC4D9C8DF0311AF3A7828C88F064F0A6DCFEA78EF37A966B5DB6	59B22764181C475D824B3847F1FC4F2E3EA726C62618AB02D8691B028031CC55	AE9B0EEE540CC07AA3D3FE45D445B0C71815E95D7D461C6AB615903532705D09
G03	3	82	91203082	R1	0.4266345953514722	0.2350397098685	3.823698549810905e-05	0.00013207540062107215	0.927825927734375	0	-0.0028399999999999988	0.0031700000000000027	False	4.000000000000184e-05	0.947723388671875	1.763014501892793e-06	True	1332264.0	40466.0	335.1498161	3163815936.0	world_g03_n082.mat	95763940846FBF297374621BCB5FDD8968D021F3226C00DB5C51DE8698975E13	59B22764181C475D824B3847F1FC4F2E3EA726C62618AB02D8691B028031CC55	AE9B0EEE540CC07AA3D3FE45D445B0C71815E95D7D461C6AB615903532705D09
G03	3	82	91203082	R2	0.4266345953514722	0.2350397098685	3.823698549810905e-05	0.0026894964496789932	0.1279296875	0	-0.0010499999999999989	0.006370000000000001	False	4.000000000000184e-05	0.132080078125	1.763014501892793e-06	True	1332264.0	40466.0	335.1498161	3163815936.0	world_g03_n082.mat	95763940846FBF297374621BCB5FDD8968D021F3226C00DB5C51DE8698975E13	59B22764181C475D824B3847F1FC4F2E3EA726C62618AB02D8691B028031CC55	AE9B0EEE540CC07AA3D3FE45D445B0C71815E95D7D461C6AB615903532705D09
G03	3	83	91203083	R1	0.4266345953514722	0.2350397098685	3.823698549810905e-05	0.0015835816020481053	0.31658935546875	0	-0.0017399999999999985	0.004880000000000002	False	4.000000000000184e-05	0.3292236328125	1.763014501892793e-06	True	1332264.0	40279.0	336.8017043	3163910144.0	world_g03_n083.mat	B48B527DE1F042F5D8F43B6BDE0E63FD02275FAFAC0CE2E2E5ADF1AB55341D2A	59B22764181C475D824B3847F1FC4F2E3EA726C62618AB02D8691B028031CC55	AE9B0EEE540CC07AA3D3FE45D445B0C71815E95D7D461C6AB615903532705D09
G03	3	83	91203083	R2	0.4266345953514722	0.2350397098685	3.823698549810905e-05	0.001423276934519014	0.31396484375	0	-0.0015300000000000001	0.004350000000000003	False	4.000000000000184e-05	0.32763671875	1.763014501892793e-06	True	1332264.0	40279.0	336.8017043	3163910144.0	world_g03_n083.mat	B48B527DE1F042F5D8F43B6BDE0E63FD02275FAFAC0CE2E2E5ADF1AB55341D2A	59B22764181C475D824B3847F1FC4F2E3EA726C62618AB02D8691B028031CC55	AE9B0EEE540CC07AA3D3FE45D445B0C71815E95D7D461C6AB615903532705D09
G03	3	84	91203084	R1	0.4266345953514722	0.2350397098685	3.823698549810905e-05	0.0018438897290129295	0.390045166015625	0	-0.0026699999999999988	0.006320000000000003	False	4.000000000000184e-05	0.400054931640625	1.763014501892793e-06	True	1332264.0	40018.0	330.6945682	3163893760.0	world_g03_n084.mat	1754DDE3F5C81FCBA60423A3E5EB4E0E5B3E6C98FB3E651FB64F9767E131A936	59B22764181C475D824B3847F1FC4F2E3EA726C62618AB02D8691B028031CC55	AE9B0EEE540CC07AA3D3FE45D445B0C71815E95D7D461C6AB615903532705D09
G03	3	84	91203084	R2	0.4266345953514722	0.2350397098685	3.823698549810905e-05	-0.002525085077236235	0.207763671875	0	-0.0069099999999999995	0.0017600000000000011	False	4.000000000000184e-05	0.202392578125	1.763014501892793e-06	True	1332264.0	40018.0	330.6945682	3163893760.0	world_g03_n084.mat	1754DDE3F5C81FCBA60423A3E5EB4E0E5B3E6C98FB3E651FB64F9767E131A936	59B22764181C475D824B3847F1FC4F2E3EA726C62618AB02D8691B028031CC55	AE9B0EEE540CC07AA3D3FE45D445B0C71815E95D7D461C6AB615903532705D09
G03	3	85	91203085	R1	0.4266345953514722	0.2350397098685	3.823698549810905e-05	0.0015326561307016215	0.361328125	0	-0.0019999999999999983	0.005060000000000002	False	4.000000000000184e-05	0.37384033203125	1.763014501892793e-06	True	1332264.0	40023.0	331.0268747	3163758592.0	world_g03_n085.mat	60E313B06B18F54D1B96E421D808177774AC20407C1F2E56013841BA8D115D34	59B22764181C475D824B3847F1FC4F2E3EA726C62618AB02D8691B028031CC55	AE9B0EEE540CC07AA3D3FE45D445B0C71815E95D7D461C6AB615903532705D09
G03	3	85	91203085	R2	0.4266345953514722	0.2350397098685	3.823698549810905e-05	-0.00019495593183560986	0.9140625	0	-0.004489999999999999	0.004130000000000002	False	4.000000000000184e-05	0.896728515625	1.763014501892793e-06	True	1332264.0	40023.0	331.0268747	3163758592.0	world_g03_n085.mat	60E313B06B18F54D1B96E421D808177774AC20407C1F2E56013841BA8D115D34	59B22764181C475D824B3847F1FC4F2E3EA726C62618AB02D8691B028031CC55	AE9B0EEE540CC07AA3D3FE45D445B0C71815E95D7D461C6AB615903532705D09
G03	3	86	91203086	R1	0.4266345953514722	0.2350397098685	3.823698549810905e-05	0.0012403747721500774	0.47509765625	0	-0.00238	0.004890000000000002	False	4.000000000000184e-05	0.489471435546875	1.763014501892793e-06	True	1332264.0	40315.0	333.4762465	3163844608.0	world_g03_n086.mat	D08C280DCDC06A458E8031CDEDC48B98DEB9123EF41E6EAE56CDC94EB35AB0A3	59B22764181C475D824B3847F1FC4F2E3EA726C62618AB02D8691B028031CC55	AE9B0EEE540CC07AA3D3FE45D445B0C71815E95D7D461C6AB615903532705D09
G03	3	86	91203086	R2	0.4266345953514722	0.2350397098685	3.823698549810905e-05	0.00023639533844970744	0.925048828125	0	-0.004309999999999998	0.005130000000000003	False	4.000000000000184e-05	0.93603515625	1.763014501892793e-06	True	1332264.0	40315.0	333.4762465	3163844608.0	world_g03_n086.mat	D08C280DCDC06A458E8031CDEDC48B98DEB9123EF41E6EAE56CDC94EB35AB0A3	59B22764181C475D824B3847F1FC4F2E3EA726C62618AB02D8691B028031CC55	AE9B0EEE540CC07AA3D3FE45D445B0C71815E95D7D461C6AB615903532705D09
G03	3	87	91203087	R1	0.4266345953514722	0.2350397098685	3.823698549810905e-05	-0.0030178782070188893	0.165924072265625	0	-0.00736	0.0012600000000000007	False	4.000000000000184e-05	0.160552978515625	1.763014501892793e-06	True	1332264.0	39798.0	335.1187005	3163701248.0	world_g03_n087.mat	259940008A4DD3BF6FD9C88A23D15214903F81BBD6D76C8E5267BED9E99A9F3C	59B22764181C475D824B3847F1FC4F2E3EA726C62618AB02D8691B028031CC55	AE9B0EEE540CC07AA3D3FE45D445B0C71815E95D7D461C6AB615903532705D09
G03	3	87	91203087	R2	0.4266345953514722	0.2350397098685	3.823698549810905e-05	0.001451099490507726	0.492919921875	0	-0.00298	0.005940000000000001	False	4.000000000000184e-05	0.50732421875	1.763014501892793e-06	True	1332264.0	39798.0	335.1187005	3163701248.0	world_g03_n087.mat	259940008A4DD3BF6FD9C88A23D15214903F81BBD6D76C8E5267BED9E99A9F3C	59B22764181C475D824B3847F1FC4F2E3EA726C62618AB02D8691B028031CC55	AE9B0EEE540CC07AA3D3FE45D445B0C71815E95D7D461C6AB615903532705D09
G03	3	88	91203088	R1	0.4266345953514722	0.2350397098685	3.823698549810905e-05	-0.0028066924581230225	0.12347412109375	0	-0.00651	0.0009100000000000011	False	4.000000000000184e-05	0.1195068359375	1.763014501892793e-06	True	1332264.0	40292.0	333.8985349	3162836992.0	world_g03_n088.mat	A4A0BB410D3F787B70686F469BC07EFEBF34AF1076DAC44360363DE475B4FDFA	59B22764181C475D824B3847F1FC4F2E3EA726C62618AB02D8691B028031CC55	AE9B0EEE540CC07AA3D3FE45D445B0C71815E95D7D461C6AB615903532705D09
G03	3	88	91203088	R2	0.4266345953514722	0.2350397098685	3.823698549810905e-05	0.0007048162496495618	0.67724609375	0	-0.003029999999999998	0.004410000000000001	False	4.000000000000184e-05	0.69677734375	1.763014501892793e-06	True	1332264.0	40292.0	333.8985349	3162836992.0	world_g03_n088.mat	A4A0BB410D3F787B70686F469BC07EFEBF34AF1076DAC44360363DE475B4FDFA	59B22764181C475D824B3847F1FC4F2E3EA726C62618AB02D8691B028031CC55	AE9B0EEE540CC07AA3D3FE45D445B0C71815E95D7D461C6AB615903532705D09
G04	4	1	91204001	R1	0.5156106918378648	0.343299312061954	5.584899174768344e-05	0.0034190111879404757	0.05657958984375	0	-0.00010999999999999899	0.006940000000000002	False	6.0000000000001025e-05	0.060272216796875	4.151008252317586e-06	True	1332264.0	40118.0	331.0472236	3161518080.0	world_g04_n001.mat	623838DA5DF4EDF3F7C41A5BDCD2F1F29FD667D1ABE4C47681EDF39A7A06F7EB	59B22764181C475D824B3847F1FC4F2E3EA726C62618AB02D8691B028031CC55	AE9B0EEE540CC07AA3D3FE45D445B0C71815E95D7D461C6AB615903532705D09
G04	4	1	91204001	R2	0.5156106918378648	0.343299312061954	5.584899174768344e-05	-0.0006335220395156323	0.70703125	0	-0.0043300000000000005	0.0031400000000000004	False	6.0000000000001025e-05	0.68212890625	4.151008252317586e-06	True	1332264.0	40118.0	331.0472236	3161518080.0	world_g04_n001.mat	623838DA5DF4EDF3F7C41A5BDCD2F1F29FD667D1ABE4C47681EDF39A7A06F7EB	59B22764181C475D824B3847F1FC4F2E3EA726C62618AB02D8691B028031CC55	AE9B0EEE540CC07AA3D3FE45D445B0C71815E95D7D461C6AB615903532705D09
G04	4	2	91204002	R1	0.5156106918378648	0.343299312061954	5.584899174768344e-05	-0.00042761708450960194	0.78912353515625	0	-0.00383	0.002960000000000001	False	6.0000000000001025e-05	0.760009765625	4.151008252317586e-06	True	1332264.0	40088.0	330.9372079	3161477120.0	world_g04_n002.mat	6B9C55F058FEADD68D325B1DCEA46BF6C9C5E5C9CA37A1E26277017B640B69DD	59B22764181C475D824B3847F1FC4F2E3EA726C62618AB02D8691B028031CC55	AE9B0EEE540CC07AA3D3FE45D445B0C71815E95D7D461C6AB615903532705D09
G04	4	2	91204002	R2	0.5156106918378648	0.343299312061954	5.584899174768344e-05	0.0018516487002849572	0.290283203125	0	-0.0017599999999999977	0.005490000000000002	False	6.0000000000001025e-05	0.304443359375	4.151008252317586e-06	True	1332264.0	40088.0	330.9372079	3161477120.0	world_g04_n002.mat	6B9C55F058FEADD68D325B1DCEA46BF6C9C5E5C9CA37A1E26277017B640B69DD	59B22764181C475D824B3847F1FC4F2E3EA726C62618AB02D8691B028031CC55	AE9B0EEE540CC07AA3D3FE45D445B0C71815E95D7D461C6AB615903532705D09
G04	4	3	91204003	R1	0.5156106918378648	0.343299312061954	5.584899174768344e-05	-0.001092823746568604	0.498443603515625	0	-0.004289999999999999	0.001970000000000003	False	6.0000000000001025e-05	0.47515869140625	4.151008252317586e-06	True	1332264.0	39994.0	327.5457169	3161477120.0	world_g04_n003.mat	AB1DC07400574EBCBA19309B90120FC6E12D4E698A8C60A637A7D594FB4BCE26	59B22764181C475D824B3847F1FC4F2E3EA726C62618AB02D8691B028031CC55	AE9B0EEE540CC07AA3D3FE45D445B0C71815E95D7D461C6AB615903532705D09
G04	4	3	91204003	R2	0.5156106918378648	0.343299312061954	5.584899174768344e-05	-0.0006621382789122317	0.677734375	0	-0.004070000000000001	0.0028000000000000004	False	6.0000000000001025e-05	0.651123046875	4.151008252317586e-06	True	1332264.0	39994.0	327.5457169	3161477120.0	world_g04_n003.mat	AB1DC07400574EBCBA19309B90120FC6E12D4E698A8C60A637A7D594FB4BCE26	59B22764181C475D824B3847F1FC4F2E3EA726C62618AB02D8691B028031CC55	AE9B0EEE540CC07AA3D3FE45D445B0C71815E95D7D461C6AB615903532705D09
G04	4	4	91204004	R1	0.5156106918378648	0.343299312061954	5.584899174768344e-05	-0.0007725888962940268	0.62548828125	0	-0.004129999999999998	0.002570000000000003	False	6.0000000000001025e-05	0.59844970703125	4.151008252317586e-06	True	1332264.0	40070.0	328.3945544	3162419200.0	world_g04_n004.mat	97EFF967CE904174E460F9ECC085ED7EAE0A6367304846779903F6779A0AC064	59B22764181C475D824B3847F1FC4F2E3EA726C62618AB02D8691B028031CC55	AE9B0EEE540CC07AA3D3FE45D445B0C71815E95D7D461C6AB615903532705D09
G04	4	4	91204004	R2	0.5156106918378648	0.343299312061954	5.584899174768344e-05	-3.176966002623639e-05	0.982421875	0	-0.002919999999999999	0.0028000000000000004	False	6.0000000000001025e-05	0.946533203125	4.151008252317586e-06	True	1332264.0	40070.0	328.3945544	3162419200.0	world_g04_n004.mat	97EFF967CE904174E460F9ECC085ED7EAE0A6367304846779903F6779A0AC064	59B22764181C475D824B3847F1FC4F2E3EA726C62618AB02D8691B028031CC55	AE9B0EEE540CC07AA3D3FE45D445B0C71815E95D7D461C6AB615903532705D09
G04	4	5	91204005	R1	0.5156106918378648	0.343299312061954	5.584899174768344e-05	-0.0019703890656036674	0.1829833984375	0	-0.00499	0.0010100000000000005	False	6.0000000000001025e-05	0.17083740234375	4.151008252317586e-06	True	1332264.0	40063.0	329.6518639	3161440256.0	world_g04_n005.mat	1394912AE3BDB5C349A80DD4133DB442F7DF778D9151D7F06996F9AB3153942F	59B22764181C475D824B3847F1FC4F2E3EA726C62618AB02D8691B028031CC55	AE9B0EEE540CC07AA3D3FE45D445B0C71815E95D7D461C6AB615903532705D09
G04	4	5	91204005	R2	0.5156106918378648	0.343299312061954	5.584899174768344e-05	-0.0008795026799004751	0.459716796875	0	-0.0033900000000000007	0.0017099999999999997	False	6.0000000000001025e-05	0.4326171875	4.151008252317586e-06	True	1332264.0	40063.0	329.6518639	3161440256.0	world_g04_n005.mat	1394912AE3BDB5C349A80DD4133DB442F7DF778D9151D7F06996F9AB3153942F	59B22764181C475D824B3847F1FC4F2E3EA726C62618AB02D8691B028031CC55	AE9B0EEE540CC07AA3D3FE45D445B0C71815E95D7D461C6AB615903532705D09
G04	4	6	91204006	R1	0.5156106918378648	0.343299312061954	5.584899174768344e-05	0.00234208652689731	0.02850341796875	1	0.00029000000000000206	0.0043900000000000015	False	6.0000000000001025e-05	0.032501220703125	4.151008252317586e-06	False	1332264.0	40543.0	326.3916313	3161378816.0	world_g04_n006.mat	22ACAF3C3D8AC98420A0244974BD266F1E785BA4C70168FAF7FB9036E8767B6D	59B22764181C475D824B3847F1FC4F2E3EA726C62618AB02D8691B028031CC55	AE9B0EEE540CC07AA3D3FE45D445B0C71815E95D7D461C6AB615903532705D09
G04	4	6	91204006	R2	0.5156106918378648	0.343299312061954	5.584899174768344e-05	-0.0004594074716500574	0.648681640625	0	-0.0026099999999999977	0.001680000000000001	False	6.0000000000001025e-05	0.604248046875	4.151008252317586e-06	True	1332264.0	40543.0	326.3916313	3161378816.0	world_g04_n006.mat	22ACAF3C3D8AC98420A0244974BD266F1E785BA4C70168FAF7FB9036E8767B6D	59B22764181C475D824B3847F1FC4F2E3EA726C62618AB02D8691B028031CC55	AE9B0EEE540CC07AA3D3FE45D445B0C71815E95D7D461C6AB615903532705D09
G04	4	7	91204007	R1	0.5156106918378648	0.343299312061954	5.584899174768344e-05	-0.0009667339539759476	0.50933837890625	0	-0.00401	0.002020000000000001	False	6.0000000000001025e-05	0.4844970703125	4.151008252317586e-06	True	1332264.0	40182.0	332.6034246	3161350144.0	world_g04_n007.mat	DADD1BF4EB157E7491E01FF115D34EC40A4AC16889726557D67DA219FCC282A2	59B22764181C475D824B3847F1FC4F2E3EA726C62618AB02D8691B028031CC55	AE9B0EEE540CC07AA3D3FE45D445B0C71815E95D7D461C6AB615903532705D09
G04	4	7	91204007	R2	0.5156106918378648	0.343299312061954	5.584899174768344e-05	0.0010204263697333041	0.622802734375	0	-0.0035099999999999992	0.005540000000000003	False	6.0000000000001025e-05	0.6455078125	4.151008252317586e-06	True	1332264.0	40182.0	332.6034246	3161350144.0	world_g04_n007.mat	DADD1BF4EB157E7491E01FF115D34EC40A4AC16889726557D67DA219FCC282A2	59B22764181C475D824B3847F1FC4F2E3EA726C62618AB02D8691B028031CC55	AE9B0EEE540CC07AA3D3FE45D445B0C71815E95D7D461C6AB615903532705D09
G04	4	8	91204008	R1	0.5156106918378648	0.343299312061954	5.584899174768344e-05	0.0008860902888543959	0.577117919921875	0	-0.0025599999999999998	0.00425	False	6.0000000000001025e-05	0.6021728515625	4.151008252317586e-06	True	1332264.0	40086.0	330.3303413	3161329664.0	world_g04_n008.mat	1B701C7F828E5F8B3329871C888AFDD82294C50AD463813C90CD622AAD58122E	59B22764181C475D824B3847F1FC4F2E3EA726C62618AB02D8691B028031CC55	AE9B0EEE540CC07AA3D3FE45D445B0C71815E95D7D461C6AB615903532705D09
G04	4	8	91204008	R2	0.5156106918378648	0.343299312061954	5.584899174768344e-05	0.00016456004089365555	0.8857421875	0	-0.002349999999999998	0.002680000000000002	False	6.0000000000001025e-05	0.9287109375	4.151008252317586e-06	True	1332264.0	40086.0	330.3303413	3161329664.0	world_g04_n008.mat	1B701C7F828E5F8B3329871C888AFDD82294C50AD463813C90CD622AAD58122E	59B22764181C475D824B3847F1FC4F2E3EA726C62618AB02D8691B028031CC55	AE9B0EEE540CC07AA3D3FE45D445B0C71815E95D7D461C6AB615903532705D09
G04	4	9	91204009	R1	0.5156106918378648	0.343299312061954	5.584899174768344e-05	0.0001288972491430333	0.94384765625	0	-0.003689999999999999	0.0039000000000000007	False	6.0000000000001025e-05	0.9697265625	4.151008252317586e-06	True	1332264.0	40319.0	330.6424268	3160346624.0	world_g04_n009.mat	D3414178499D02894ED50D064EF3D57EB83D4D2BAB0F8EA9D74F1C304C482500	59B22764181C475D824B3847F1FC4F2E3EA726C62618AB02D8691B028031CC55	AE9B0EEE540CC07AA3D3FE45D445B0C71815E95D7D461C6AB615903532705D09
G04	4	9	91204009	R2	0.5156106918378648	0.343299312061954	5.584899174768344e-05	-0.00020304226933734327	0.80810546875	0	-0.002009999999999998	0.00162	False	6.0000000000001025e-05	0.751953125	4.151008252317586e-06	True	1332264.0	40319.0	330.6424268	3160346624.0	world_g04_n009.mat	D3414178499D02894ED50D064EF3D57EB83D4D2BAB0F8EA9D74F1C304C482500	59B22764181C475D824B3847F1FC4F2E3EA726C62618AB02D8691B028031CC55	AE9B0EEE540CC07AA3D3FE45D445B0C71815E95D7D461C6AB615903532705D09
G04	4	10	91204010	R1	0.5156106918378648	0.343299312061954	5.584899174768344e-05	-0.0025985059487077704	0.068389892578125	0	-0.00541	0.00024000000000000063	False	6.0000000000001025e-05	0.062347412109375	4.151008252317586e-06	True	1332264.0	40132.0	329.2658979	3160342528.0	world_g04_n010.mat	0235F9A53722FB5CCB09919C6BCBEC249F20488359B81D3926862EE4AA47817D	59B22764181C475D824B3847F1FC4F2E3EA726C62618AB02D8691B028031CC55	AE9B0EEE540CC07AA3D3FE45D445B0C71815E95D7D461C6AB615903532705D09
G04	4	10	91204010	R2	0.5156106918378648	0.343299312061954	5.584899174768344e-05	0.0015281250494335234	0.303466796875	0	-0.0014799999999999987	0.004610000000000003	False	6.0000000000001025e-05	0.3212890625	4.151008252317586e-06	True	1332264.0	40132.0	329.2658979	3160342528.0	world_g04_n010.mat	0235F9A53722FB5CCB09919C6BCBEC249F20488359B81D3926862EE4AA47817D	59B22764181C475D824B3847F1FC4F2E3EA726C62618AB02D8691B028031CC55	AE9B0EEE540CC07AA3D3FE45D445B0C71815E95D7D461C6AB615903532705D09
G04	4	11	91204011	R1	0.5156106918378648	0.343299312061954	5.584899174768344e-05	-0.0008363303545017246	0.640106201171875	0	-0.004629999999999999	0.0029700000000000004	False	6.0000000000001025e-05	0.617279052734375	4.151008252317586e-06	True	1332264.0	40265.0	326.7458476	3160330240.0	world_g04_n011.mat	A1D81BB230CEAE55FBCF202BA7E36F63E5E3B2CDDF3DA2EF892C9AA85F3847D7	59B22764181C475D824B3847F1FC4F2E3EA726C62618AB02D8691B028031CC55	AE9B0EEE540CC07AA3D3FE45D445B0C71815E95D7D461C6AB615903532705D09
G04	4	11	91204011	R2	0.5156106918378648	0.343299312061954	5.584899174768344e-05	0.0006852617703540038	0.68603515625	0	-0.00298	0.004270000000000003	False	6.0000000000001025e-05	0.7138671875	4.151008252317586e-06	True	1332264.0	40265.0	326.7458476	3160330240.0	world_g04_n011.mat	A1D81BB230CEAE55FBCF202BA7E36F63E5E3B2CDDF3DA2EF892C9AA85F3847D7	59B22764181C475D824B3847F1FC4F2E3EA726C62618AB02D8691B028031CC55	AE9B0EEE540CC07AA3D3FE45D445B0C71815E95D7D461C6AB615903532705D09
G04	4	12	91204012	R1	0.5156106918378648	0.343299312061954	5.584899174768344e-05	-0.0006855611701714835	0.64031982421875	0	-0.003799999999999998	0.0023899999999999998	False	6.0000000000001025e-05	0.61151123046875	4.151008252317586e-06	True	1332264.0	40130.0	325.383312	3159343104.0	world_g04_n012.mat	DC618B8493946F2905EEE3BA14AFB8944DE1D9F33712ED54C431FCB33618466C	59B22764181C475D824B3847F1FC4F2E3EA726C62618AB02D8691B028031CC55	AE9B0EEE540CC07AA3D3FE45D445B0C71815E95D7D461C6AB615903532705D09
G04	4	12	91204012	R2	0.5156106918378648	0.343299312061954	5.584899174768344e-05	-0.00019220156831149658	0.885986328125	0	-0.00324	0.002850000000000002	False	6.0000000000001025e-05	0.851806640625	4.151008252317586e-06	True	1332264.0	40130.0	325.383312	3159343104.0	world_g04_n012.mat	DC618B8493946F2905EEE3BA14AFB8944DE1D9F33712ED54C431FCB33618466C	59B22764181C475D824B3847F1FC4F2E3EA726C62618AB02D8691B028031CC55	AE9B0EEE540CC07AA3D3FE45D445B0C71815E95D7D461C6AB615903532705D09
G04	4	13	91204013	R1	0.5156106918378648	0.343299312061954	5.584899174768344e-05	-0.0022370171406446817	0.26617431640625	0	-0.00643	0.0019300000000000012	False	6.0000000000001025e-05	0.255859375	4.151008252317586e-06	True	1332264.0	40381.0	321.0674437	3159191552.0	world_g04_n013.mat	034BB9D2568D4D19DEED58B889B208967AD491EC3F363060DDD430D870ADABC7	59B22764181C475D824B3847F1FC4F2E3EA726C62618AB02D8691B028031CC55	AE9B0EEE540CC07AA3D3FE45D445B0C71815E95D7D461C6AB615903532705D09
G04	4	13	91204013	R2	0.5156106918378648	0.343299312061954	5.584899174768344e-05	0.0006448001620350467	0.729736328125	0	-0.003459999999999998	0.004720000000000002	False	6.0000000000001025e-05	0.7548828125	4.151008252317586e-06	True	1332264.0	40381.0	321.0674437	3159191552.0	world_g04_n013.mat	034BB9D2568D4D19DEED58B889B208967AD491EC3F363060DDD430D870ADABC7	59B22764181C475D824B3847F1FC4F2E3EA726C62618AB02D8691B028031CC55	AE9B0EEE540CC07AA3D3FE45D445B0C71815E95D7D461C6AB615903532705D09
G04	4	14	91204014	R1	0.5156106918378648	0.343299312061954	5.584899174768344e-05	0.0005834028622343521	0.666046142578125	0	-0.0023099999999999996	0.0034600000000000013	False	6.0000000000001025e-05	0.6982421875	4.151008252317586e-06	True	1332264.0	39969.0	322.8925606	3160051712.0	world_g04_n014.mat	84D3E2787FB22DDEB563AAC10A46D525D45985AE84859271F4EB82AB742D6AF2	59B22764181C475D824B3847F1FC4F2E3EA726C62618AB02D8691B028031CC55	AE9B0EEE540CC07AA3D3FE45D445B0C71815E95D7D461C6AB615903532705D09
G04	4	14	91204014	R2	0.5156106918378648	0.343299312061954	5.584899174768344e-05	-0.0006225781540993551	0.6953125	0	-0.004139999999999998	0.0029400000000000016	False	6.0000000000001025e-05	0.667236328125	4.151008252317586e-06	True	1332264.0	39969.0	322.8925606	3160051712.0	world_g04_n014.mat	84D3E2787FB22DDEB563AAC10A46D525D45985AE84859271F4EB82AB742D6AF2	59B22764181C475D824B3847F1FC4F2E3EA726C62618AB02D8691B028031CC55	AE9B0EEE540CC07AA3D3FE45D445B0C71815E95D7D461C6AB615903532705D09
G04	4	15	91204015	R1	0.5156106918378648	0.343299312061954	5.584899174768344e-05	-0.0009745087758744799	0.62066650390625	0	-0.004999999999999999	0.003130000000000001	False	6.0000000000001025e-05	0.59942626953125	4.151008252317586e-06	True	1332264.0	40631.0	321.8271159	3159060480.0	world_g04_n015.mat	54EB252B1D2F0A3799EAEAAA62675D9DBFCAD4BBBA2DEDAA7ECB30C706CC962D	59B22764181C475D824B3847F1FC4F2E3EA726C62618AB02D8691B028031CC55	AE9B0EEE540CC07AA3D3FE45D445B0C71815E95D7D461C6AB615903532705D09
G04	4	15	91204015	R2	0.5156106918378648	0.343299312061954	5.584899174768344e-05	-0.0005179539590027451	0.76318359375	0	-0.00426	0.003250000000000003	False	6.0000000000001025e-05	0.73583984375	4.151008252317586e-06	True	1332264.0	40631.0	321.8271159	3159060480.0	world_g04_n015.mat	54EB252B1D2F0A3799EAEAAA62675D9DBFCAD4BBBA2DEDAA7ECB30C706CC962D	59B22764181C475D824B3847F1FC4F2E3EA726C62618AB02D8691B028031CC55	AE9B0EEE540CC07AA3D3FE45D445B0C71815E95D7D461C6AB615903532705D09
G04	4	16	91204016	R1	0.5156106918378648	0.343299312061954	5.584899174768344e-05	0.0006729203073144378	0.734375	0	-0.0034999999999999996	0.004880000000000002	False	6.0000000000001025e-05	0.75750732421875	4.151008252317586e-06	True	1332264.0	40483.0	319.5181563	3159101440.0	world_g04_n016.mat	1F8E0A245B9F7F5E9BEBAE5D1EC49888EC97990BBA91D5F68626C07099AE0EAE	59B22764181C475D824B3847F1FC4F2E3EA726C62618AB02D8691B028031CC55	AE9B0EEE540CC07AA3D3FE45D445B0C71815E95D7D461C6AB615903532705D09
G04	4	16	91204016	R2	0.5156106918378648	0.343299312061954	5.584899174768344e-05	0.0008308245914815209	0.50927734375	0	-0.0018499999999999975	0.0035200000000000023	False	6.0000000000001025e-05	0.540283203125	4.151008252317586e-06	True	1332264.0	40483.0	319.5181563	3159101440.0	world_g04_n016.mat	1F8E0A245B9F7F5E9BEBAE5D1EC49888EC97990BBA91D5F68626C07099AE0EAE	59B22764181C475D824B3847F1FC4F2E3EA726C62618AB02D8691B028031CC55	AE9B0EEE540CC07AA3D3FE45D445B0C71815E95D7D461C6AB615903532705D09
G04	4	17	91204017	R1	0.5156106918378648	0.343299312061954	5.584899174768344e-05	-0.0004276926573589542	0.71868896484375	0	-0.00289	0.0020900000000000016	False	6.0000000000001025e-05	0.68310546875	4.151008252317586e-06	True	1332264.0	40159.0	328.5717486	3158970368.0	world_g04_n017.mat	2347C3866DCD759683AE952B465CC353B89CE5A869A48B8F15C58DA5174B0C68	59B22764181C475D824B3847F1FC4F2E3EA726C62618AB02D8691B028031CC55	AE9B0EEE540CC07AA3D3FE45D445B0C71815E95D7D461C6AB615903532705D09
G04	4	17	91204017	R2	0.5156106918378648	0.343299312061954	5.584899174768344e-05	-0.0026527623418981373	0.162353515625	0	-0.00652	0.0012500000000000011	False	6.0000000000001025e-05	0.1552734375	4.151008252317586e-06	True	1332264.0	40159.0	328.5717486	3158970368.0	world_g04_n017.mat	2347C3866DCD759683AE952B465CC353B89CE5A869A48B8F15C58DA5174B0C68	59B22764181C475D824B3847F1FC4F2E3EA726C62618AB02D8691B028031CC55	AE9B0EEE540CC07AA3D3FE45D445B0C71815E95D7D461C6AB615903532705D09
G04	4	18	91204018	R1	0.5156106918378648	0.343299312061954	5.584899174768344e-05	-0.0002977966924568807	0.86639404296875	0	-0.003539999999999998	0.003130000000000001	False	6.0000000000001025e-05	0.8380126953125	4.151008252317586e-06	True	1332264.0	40059.0	330.0391814	3156500480.0	world_g04_n018.mat	A6D7AAC8F4A4356E59069F8DE1F7383FF3DEC79DA0B3D8993AF35DB202E7CD16	59B22764181C475D824B3847F1FC4F2E3EA726C62618AB02D8691B028031CC55	AE9B0EEE540CC07AA3D3FE45D445B0C71815E95D7D461C6AB615903532705D09
G04	4	18	91204018	R2	0.5156106918378648	0.343299312061954	5.584899174768344e-05	0.0005918799128221164	0.717529296875	0	-0.002319999999999999	0.0037900000000000017	False	6.0000000000001025e-05	0.744873046875	4.151008252317586e-06	True	1332264.0	40059.0	330.0391814	3156500480.0	world_g04_n018.mat	A6D7AAC8F4A4356E59069F8DE1F7383FF3DEC79DA0B3D8993AF35DB202E7CD16	59B22764181C475D824B3847F1FC4F2E3EA726C62618AB02D8691B028031CC55	AE9B0EEE540CC07AA3D3FE45D445B0C71815E95D7D461C6AB615903532705D09
G04	4	19	91204019	R1	0.5156106918378648	0.343299312061954	5.584899174768344e-05	4.4406139965288974e-05	0.96453857421875	0	-0.0019899999999999987	0.0020900000000000016	False	6.0000000000001025e-05	0.9873046875	4.151008252317586e-06	True	1332264.0	40138.0	335.6970868	3157381120.0	world_g04_n019.mat	27BB57D715CADE0C087B194C757CDAC1B18383EFF720DF4B8C6106F78EA9108E	59B22764181C475D824B3847F1FC4F2E3EA726C62618AB02D8691B028031CC55	AE9B0EEE540CC07AA3D3FE45D445B0C71815E95D7D461C6AB615903532705D09
G04	4	19	91204019	R2	0.5156106918378648	0.343299312061954	5.584899174768344e-05	-0.00020813572233373354	0.8935546875	0	-0.00375	0.003330000000000003	False	6.0000000000001025e-05	0.8662109375	4.151008252317586e-06	True	1332264.0	40138.0	335.6970868	3157381120.0	world_g04_n019.mat	27BB57D715CADE0C087B194C757CDAC1B18383EFF720DF4B8C6106F78EA9108E	59B22764181C475D824B3847F1FC4F2E3EA726C62618AB02D8691B028031CC55	AE9B0EEE540CC07AA3D3FE45D445B0C71815E95D7D461C6AB615903532705D09
G04	4	20	91204020	R1	0.5156106918378648	0.343299312061954	5.584899174768344e-05	0.0007113357748488409	0.55279541015625	0	-0.0016900000000000005	0.0031800000000000023	False	6.0000000000001025e-05	0.582366943359375	4.151008252317586e-06	True	1332264.0	39952.0	342.9112202	3156332544.0	world_g04_n020.mat	2477D537C1C14867A9309A263965846FA221CAFC7437BC3C5EDBDF12C2991506	59B22764181C475D824B3847F1FC4F2E3EA726C62618AB02D8691B028031CC55	AE9B0EEE540CC07AA3D3FE45D445B0C71815E95D7D461C6AB615903532705D09
G04	4	20	91204020	R2	0.5156106918378648	0.343299312061954	5.584899174768344e-05	0.0014182689564559143	0.402587890625	0	-0.002239999999999999	0.005060000000000002	False	6.0000000000001025e-05	0.42333984375	4.151008252317586e-06	True	1332264.0	39952.0	342.9112202	3156332544.0	world_g04_n020.mat	2477D537C1C14867A9309A263965846FA221CAFC7437BC3C5EDBDF12C2991506	59B22764181C475D824B3847F1FC4F2E3EA726C62618AB02D8691B028031CC55	AE9B0EEE540CC07AA3D3FE45D445B0C71815E95D7D461C6AB615903532705D09
G04	4	21	91204021	R1	0.5156106918378648	0.343299312061954	5.584899174768344e-05	-0.001627307205015363	0.329010009765625	0	-0.004879999999999999	0.0013900000000000023	False	6.0000000000001025e-05	0.309783935546875	4.151008252317586e-06	True	1332264.0	40488.0	299.8429249	3157221376.0	world_g04_n021.mat	C3E1DFA32F1723B99184B864F25486BDCE6FCDBED61A2361674D4EF80D0CF74F	59B22764181C475D824B3847F1FC4F2E3EA726C62618AB02D8691B028031CC55	AE9B0EEE540CC07AA3D3FE45D445B0C71815E95D7D461C6AB615903532705D09
G04	4	21	91204021	R2	0.5156106918378648	0.343299312061954	5.584899174768344e-05	0.0012341830967077896	0.408203125	0	-0.00196	0.004270000000000003	False	6.0000000000001025e-05	0.4296875	4.151008252317586e-06	True	1332264.0	40488.0	299.8429249	3157221376.0	world_g04_n021.mat	C3E1DFA32F1723B99184B864F25486BDCE6FCDBED61A2361674D4EF80D0CF74F	59B22764181C475D824B3847F1FC4F2E3EA726C62618AB02D8691B028031CC55	AE9B0EEE540CC07AA3D3FE45D445B0C71815E95D7D461C6AB615903532705D09
G04	4	22	91204022	R1	0.5156106918378648	0.343299312061954	5.584899174768344e-05	0.0013745069375993124	0.503997802734375	0	-0.0026300000000000004	0.005490000000000002	False	6.0000000000001025e-05	0.5224609375	4.151008252317586e-06	True	1332264.0	40073.0	346.7130233	3156156416.0	world_g04_n022.mat	C746162B2A3E4E2BF01C6E86595D3E003D4A130380BF84D2006D8AD5A55DFBC9	59B22764181C475D824B3847F1FC4F2E3EA726C62618AB02D8691B028031CC55	AE9B0EEE540CC07AA3D3FE45D445B0C71815E95D7D461C6AB615903532705D09
G04	4	22	91204022	R2	0.5156106918378648	0.343299312061954	5.584899174768344e-05	-0.0007792784523102546	0.67138671875	0	-0.004669999999999999	0.003270000000000002	False	6.0000000000001025e-05	0.650146484375	4.151008252317586e-06	True	1332264.0	40073.0	346.7130233	3156156416.0	world_g04_n022.mat	C746162B2A3E4E2BF01C6E86595D3E003D4A130380BF84D2006D8AD5A55DFBC9	59B22764181C475D824B3847F1FC4F2E3EA726C62618AB02D8691B028031CC55	AE9B0EEE540CC07AA3D3FE45D445B0C71815E95D7D461C6AB615903532705D09
G04	4	23	91204023	R1	0.5156106918378648	0.343299312061954	5.584899174768344e-05	-0.00013418426950867636	0.90966796875	0	-0.0026799999999999984	0.002400000000000003	False	6.0000000000001025e-05	0.8697509765625	4.151008252317586e-06	True	1332264.0	40117.0	347.025198	3156979712.0	world_g04_n023.mat	9B600A4E109FE368CF413902627968E7A52A3A3EC7D7BDD6ED7B8535123ED8F3	59B22764181C475D824B3847F1FC4F2E3EA726C62618AB02D8691B028031CC55	AE9B0EEE540CC07AA3D3FE45D445B0C71815E95D7D461C6AB615903532705D09
G04	4	23	91204023	R2	0.5156106918378648	0.343299312061954	5.584899174768344e-05	-0.0024889010810787366	0.176025390625	0	-0.006289999999999999	0.0013100000000000021	False	6.0000000000001025e-05	0.16650390625	4.151008252317586e-06	True	1332264.0	40117.0	347.025198	3156979712.0	world_g04_n023.mat	9B600A4E109FE368CF413902627968E7A52A3A3EC7D7BDD6ED7B8535123ED8F3	59B22764181C475D824B3847F1FC4F2E3EA726C62618AB02D8691B028031CC55	AE9B0EEE540CC07AA3D3FE45D445B0C71815E95D7D461C6AB615903532705D09
G04	4	24	91204024	R1	0.5156106918378648	0.343299312061954	5.584899174768344e-05	0.0004670893890004607	0.737274169921875	0	-0.002489999999999999	0.00341	False	6.0000000000001025e-05	0.769989013671875	4.151008252317586e-06	True	1332264.0	40399.0	276.6143157	3155849216.0	world_g04_n024.mat	7B919B9D3DCBEEB9FCA403667A572343417A6ADDE416329EA9CDC2A8810F067A	59B22764181C475D824B3847F1FC4F2E3EA726C62618AB02D8691B028031CC55	AE9B0EEE540CC07AA3D3FE45D445B0C71815E95D7D461C6AB615903532705D09
G04	4	24	91204024	R2	0.5156106918378648	0.343299312061954	5.584899174768344e-05	-0.0023004714050007995	0.4912109375	0	-0.009179999999999999	0.004360000000000003	False	6.0000000000001025e-05	0.48291015625	4.151008252317586e-06	True	1332264.0	40399.0	276.6143157	3155849216.0	world_g04_n024.mat	7B919B9D3DCBEEB9FCA403667A572343417A6ADDE416329EA9CDC2A8810F067A	59B22764181C475D824B3847F1FC4F2E3EA726C62618AB02D8691B028031CC55	AE9B0EEE540CC07AA3D3FE45D445B0C71815E95D7D461C6AB615903532705D09
G04	4	25	91204025	R1	0.5156106918378648	0.343299312061954	5.584899174768344e-05	-0.000303971106464359	0.80364990234375	0	-0.0027899999999999973	0.0021100000000000008	False	6.0000000000001025e-05	0.76666259765625	4.151008252317586e-06	True	1332264.0	40081.0	261.9937003	3156721664.0	world_g04_n025.mat	7F435726D011E40981DEF3555B131B5252F7148D48BCAE4FF7B6DE717DA5FB3A	59B22764181C475D824B3847F1FC4F2E3EA726C62618AB02D8691B028031CC55	AE9B0EEE540CC07AA3D3FE45D445B0C71815E95D7D461C6AB615903532705D09
G04	4	25	91204025	R2	0.5156106918378648	0.343299312061954	5.584899174768344e-05	0.0003546497744225711	0.862060546875	0	-0.003979999999999997	0.00477	False	6.0000000000001025e-05	0.88427734375	4.151008252317586e-06	True	1332264.0	40081.0	261.9937003	3156721664.0	world_g04_n025.mat	7F435726D011E40981DEF3555B131B5252F7148D48BCAE4FF7B6DE717DA5FB3A	59B22764181C475D824B3847F1FC4F2E3EA726C62618AB02D8691B028031CC55	AE9B0EEE540CC07AA3D3FE45D445B0C71815E95D7D461C6AB615903532705D09
G04	4	26	91204026	R1	0.5156106918378648	0.343299312061954	5.584899174768344e-05	6.844640631798574e-05	0.970001220703125	0	-0.004299999999999998	0.004440000000000003	False	6.0000000000001025e-05	0.996063232421875	4.151008252317586e-06	True	1332264.0	40126.0	262.468985	3156152320.0	world_g04_n026.mat	E2E64AE9124545F36E65D20B04BDE393B28D86D113A0FD2A1208D97D74E6252E	59B22764181C475D824B3847F1FC4F2E3EA726C62618AB02D8691B028031CC55	AE9B0EEE540CC07AA3D3FE45D445B0C71815E95D7D461C6AB615903532705D09
G04	4	26	91204026	R2	0.5156106918378648	0.343299312061954	5.584899174768344e-05	-0.00242302805875069	0.1240234375	0	-0.005599999999999999	0.0008100000000000017	False	6.0000000000001025e-05	0.1162109375	4.151008252317586e-06	True	1332264.0	40126.0	262.468985	3156152320.0	world_g04_n026.mat	E2E64AE9124545F36E65D20B04BDE393B28D86D113A0FD2A1208D97D74E6252E	59B22764181C475D824B3847F1FC4F2E3EA726C62618AB02D8691B028031CC55	AE9B0EEE540CC07AA3D3FE45D445B0C71815E95D7D461C6AB615903532705D09
G04	4	27	91204027	R1	0.5156106918378648	0.343299312061954	5.584899174768344e-05	0.0007859475088422778	0.501220703125	0	-0.0016299999999999995	0.003100000000000002	False	6.0000000000001025e-05	0.5347900390625	4.151008252317586e-06	True	1332264.0	40397.0	279.5742641	3155202048.0	world_g04_n027.mat	69D59D2561847E2DDB7326C141E75ABDB13B52584128A6833C288CA3F392124F	59B22764181C475D824B3847F1FC4F2E3EA726C62618AB02D8691B028031CC55	AE9B0EEE540CC07AA3D3FE45D445B0C71815E95D7D461C6AB615903532705D09
G04	4	27	91204027	R2	0.5156106918378648	0.343299312061954	5.584899174768344e-05	0.0024182093939408124	0.109375	0	-0.0005499999999999984	0.005570000000000002	False	6.0000000000001025e-05	0.118408203125	4.151008252317586e-06	True	1332264.0	40397.0	279.5742641	3155202048.0	world_g04_n027.mat	69D59D2561847E2DDB7326C141E75ABDB13B52584128A6833C288CA3F392124F	59B22764181C475D824B3847F1FC4F2E3EA726C62618AB02D8691B028031CC55	AE9B0EEE540CC07AA3D3FE45D445B0C71815E95D7D461C6AB615903532705D09
G04	4	28	91204028	R1	0.5156106918378648	0.343299312061954	5.584899174768344e-05	0.0002079100053137695	0.87255859375	0	-0.00255	0.00298	False	6.0000000000001025e-05	0.909698486328125	4.151008252317586e-06	True	1332264.0	39856.0	373.3444836	3142336512.0	world_g04_n028.mat	EEABD1146A7668B701B5ECAF00797EE70774FB8C8E9317321B778F94711FEDCD	59B22764181C475D824B3847F1FC4F2E3EA726C62618AB02D8691B028031CC55	AE9B0EEE540CC07AA3D3FE45D445B0C71815E95D7D461C6AB615903532705D09
G04	4	28	91204028	R2	0.5156106918378648	0.343299312061954	5.584899174768344e-05	0.0001253710099888948	0.948486328125	0	-0.00408	0.004350000000000003	False	6.0000000000001025e-05	0.97314453125	4.151008252317586e-06	True	1332264.0	39856.0	373.3444836	3142336512.0	world_g04_n028.mat	EEABD1146A7668B701B5ECAF00797EE70774FB8C8E9317321B778F94711FEDCD	59B22764181C475D824B3847F1FC4F2E3EA726C62618AB02D8691B028031CC55	AE9B0EEE540CC07AA3D3FE45D445B0C71815E95D7D461C6AB615903532705D09
G04	4	29	91204029	R1	0.5156106918378648	0.343299312061954	5.584899174768344e-05	0.00037277571502497374	0.761810302734375	0	-0.0022499999999999985	0.0030000000000000027	False	6.0000000000001025e-05	0.798553466796875	4.151008252317586e-06	True	1332264.0	40378.0	388.2443293	3140935680.0	world_g04_n029.mat	AEEAADE271290CBCF79F335986270FAB66C82B66D388754A1D8E1943012414C6	59B22764181C475D824B3847F1FC4F2E3EA726C62618AB02D8691B028031CC55	AE9B0EEE540CC07AA3D3FE45D445B0C71815E95D7D461C6AB615903532705D09
G04	4	29	91204029	R2	0.5156106918378648	0.343299312061954	5.584899174768344e-05	-0.005176409692206821	0.00048828125	1	-0.007509999999999999	-0.00289	False	6.0000000000001025e-05	0.00048828125	4.151008252317586e-06	False	1332264.0	40378.0	388.2443293	3140935680.0	world_g04_n029.mat	AEEAADE271290CBCF79F335986270FAB66C82B66D388754A1D8E1943012414C6	59B22764181C475D824B3847F1FC4F2E3EA726C62618AB02D8691B028031CC55	AE9B0EEE540CC07AA3D3FE45D445B0C71815E95D7D461C6AB615903532705D09
G04	4	30	91204030	R1	0.5156106918378648	0.343299312061954	5.584899174768344e-05	-0.0012185327467900127	0.332000732421875	0	-0.00383	0.0013699999999999997	False	6.0000000000001025e-05	0.30908203125	4.151008252317586e-06	True	1332264.0	40234.0	384.5342938	3128172544.0	world_g04_n030.mat	1098580B16407F40CBD688DCC784F5F34A132F4DEDA9B90787C2AD8D104E3E8C	59B22764181C475D824B3847F1FC4F2E3EA726C62618AB02D8691B028031CC55	AE9B0EEE540CC07AA3D3FE45D445B0C71815E95D7D461C6AB615903532705D09
G04	4	30	91204030	R2	0.5156106918378648	0.343299312061954	5.584899174768344e-05	-0.002115234981380466	0.3095703125	0	-0.00648	0.0022199999999999998	False	6.0000000000001025e-05	0.298095703125	4.151008252317586e-06	True	1332264.0	40234.0	384.5342938	3128172544.0	world_g04_n030.mat	1098580B16407F40CBD688DCC784F5F34A132F4DEDA9B90787C2AD8D104E3E8C	59B22764181C475D824B3847F1FC4F2E3EA726C62618AB02D8691B028031CC55	AE9B0EEE540CC07AA3D3FE45D445B0C71815E95D7D461C6AB615903532705D09
G04	4	31	91204031	R1	0.5156106918378648	0.343299312061954	5.584899174768344e-05	-0.003179544219558795	0.08160400390625	0	-0.006789999999999999	0.0004299999999999998	False	6.0000000000001025e-05	0.076995849609375	4.151008252317586e-06	True	1332264.0	40093.0	334.3129812	3164872704.0	world_g04_n031.mat	80496AD5CD627987FE55EAF58E5BBF6EC617FB803D5E3D462503B3317EBF0A8A	59B22764181C475D824B3847F1FC4F2E3EA726C62618AB02D8691B028031CC55	AE9B0EEE540CC07AA3D3FE45D445B0C71815E95D7D461C6AB615903532705D09
G04	4	31	91204031	R2	0.5156106918378648	0.343299312061954	5.584899174768344e-05	0.00036153619466846367	0.8466796875	0	-0.0036500000000000005	0.004360000000000003	False	6.0000000000001025e-05	0.87109375	4.151008252317586e-06	True	1332264.0	40093.0	334.3129812	3164872704.0	world_g04_n031.mat	80496AD5CD627987FE55EAF58E5BBF6EC617FB803D5E3D462503B3317EBF0A8A	59B22764181C475D824B3847F1FC4F2E3EA726C62618AB02D8691B028031CC55	AE9B0EEE540CC07AA3D3FE45D445B0C71815E95D7D461C6AB615903532705D09
G04	4	32	91204032	R1	0.5156106918378648	0.343299312061954	5.584899174768344e-05	-0.0007273216210001913	0.669677734375	0	-0.004109999999999999	0.002790000000000001	False	6.0000000000001025e-05	0.6431884765625	4.151008252317586e-06	True	1332264.0	40173.0	333.0796848	3164880896.0	world_g04_n032.mat	C7DCD736BA9B158A84E0BC89D4F922C3841C69E92C31F94BEA3984ABE1399B8D	59B22764181C475D824B3847F1FC4F2E3EA726C62618AB02D8691B028031CC55	AE9B0EEE540CC07AA3D3FE45D445B0C71815E95D7D461C6AB615903532705D09
G04	4	32	91204032	R2	0.5156106918378648	0.343299312061954	5.584899174768344e-05	9.570318880631181e-05	0.95703125	0	-0.003859999999999999	0.004030000000000002	False	6.0000000000001025e-05	0.98486328125	4.151008252317586e-06	True	1332264.0	40173.0	333.0796848	3164880896.0	world_g04_n032.mat	C7DCD736BA9B158A84E0BC89D4F922C3841C69E92C31F94BEA3984ABE1399B8D	59B22764181C475D824B3847F1FC4F2E3EA726C62618AB02D8691B028031CC55	AE9B0EEE540CC07AA3D3FE45D445B0C71815E95D7D461C6AB615903532705D09
G04	4	33	91204033	R1	0.5156106918378648	0.343299312061954	5.584899174768344e-05	0.0008525060961558774	0.612884521484375	0	-0.0025699999999999994	0.00434	False	6.0000000000001025e-05	0.6378173828125	4.151008252317586e-06	True	1332264.0	40432.0	331.7554604	3163914240.0	world_g04_n033.mat	749F3AC9DB23AFBF1DECAD58D27DBA9D05BD0B83051F237FDF869EFAD9733058	59B22764181C475D824B3847F1FC4F2E3EA726C62618AB02D8691B028031CC55	AE9B0EEE540CC07AA3D3FE45D445B0C71815E95D7D461C6AB615903532705D09
G04	4	33	91204033	R2	0.5156106918378648	0.343299312061954	5.584899174768344e-05	-0.0014779661485652376	0.557373046875	0	-0.006879999999999999	0.0038200000000000005	False	6.0000000000001025e-05	0.546142578125	4.151008252317586e-06	True	1332264.0	40432.0	331.7554604	3163914240.0	world_g04_n033.mat	749F3AC9DB23AFBF1DECAD58D27DBA9D05BD0B83051F237FDF869EFAD9733058	59B22764181C475D824B3847F1FC4F2E3EA726C62618AB02D8691B028031CC55	AE9B0EEE540CC07AA3D3FE45D445B0C71815E95D7D461C6AB615903532705D09
G04	4	34	91204034	R1	0.5156106918378648	0.343299312061954	5.584899174768344e-05	-0.0007959491115298652	0.57659912109375	0	-0.0037799999999999986	0.0022199999999999998	False	6.0000000000001025e-05	0.548309326171875	4.151008252317586e-06	True	1332264.0	40378.0	333.7534328	3164880896.0	world_g04_n034.mat	AFFD0E21F85EDCCE0DA74821ED0ACF7092645EC17C45E33CC6A981FE83EA5728	59B22764181C475D824B3847F1FC4F2E3EA726C62618AB02D8691B028031CC55	AE9B0EEE540CC07AA3D3FE45D445B0C71815E95D7D461C6AB615903532705D09
G04	4	34	91204034	R2	0.5156106918378648	0.343299312061954	5.584899174768344e-05	-0.0004767648964610077	0.784423828125	0	-0.004279999999999999	0.0032600000000000025	False	6.0000000000001025e-05	0.760498046875	4.151008252317586e-06	True	1332264.0	40378.0	333.7534328	3164880896.0	world_g04_n034.mat	AFFD0E21F85EDCCE0DA74821ED0ACF7092645EC17C45E33CC6A981FE83EA5728	59B22764181C475D824B3847F1FC4F2E3EA726C62618AB02D8691B028031CC55	AE9B0EEE540CC07AA3D3FE45D445B0C71815E95D7D461C6AB615903532705D09
G04	4	35	91204035	R1	0.5156106918378648	0.343299312061954	5.584899174768344e-05	0.0002746226797704862	0.874847412109375	0	-0.0033599999999999984	0.003930000000000003	False	6.0000000000001025e-05	0.901275634765625	4.151008252317586e-06	True	1332264.0	40487.0	330.2849494	3163848704.0	world_g04_n035.mat	18E27DBDE4452E3C13E65C38DFAF73C9212425893A8DEF60B2164C0A2151BE4A	59B22764181C475D824B3847F1FC4F2E3EA726C62618AB02D8691B028031CC55	AE9B0EEE540CC07AA3D3FE45D445B0C71815E95D7D461C6AB615903532705D09
G04	4	35	91204035	R2	0.5156106918378648	0.343299312061954	5.584899174768344e-05	0.002534012868885713	0.18115234375	0	-0.0013899999999999989	0.006430000000000002	False	6.0000000000001025e-05	0.189697265625	4.151008252317586e-06	True	1332264.0	40487.0	330.2849494	3163848704.0	world_g04_n035.mat	18E27DBDE4452E3C13E65C38DFAF73C9212425893A8DEF60B2164C0A2151BE4A	59B22764181C475D824B3847F1FC4F2E3EA726C62618AB02D8691B028031CC55	AE9B0EEE540CC07AA3D3FE45D445B0C71815E95D7D461C6AB615903532705D09
G04	4	36	91204036	R1	0.5156106918378648	0.343299312061954	5.584899174768344e-05	0.0012398289424912488	0.416748046875	0	-0.0019399999999999973	0.004460000000000002	False	6.0000000000001025e-05	0.4400634765625	4.151008252317586e-06	True	1332264.0	40453.0	321.141202	3165003776.0	world_g04_n036.mat	BC63106C754E04EA313279EA7A042F233F25C9F964A807FBD6E82A43100EE1D3	59B22764181C475D824B3847F1FC4F2E3EA726C62618AB02D8691B028031CC55	AE9B0EEE540CC07AA3D3FE45D445B0C71815E95D7D461C6AB615903532705D09
G04	4	36	91204036	R2	0.5156106918378648	0.343299312061954	5.584899174768344e-05	0.0020485758123927568	0.280517578125	0	-0.001979999999999999	0.00595	False	6.0000000000001025e-05	0.294677734375	4.151008252317586e-06	True	1332264.0	40453.0	321.141202	3165003776.0	world_g04_n036.mat	BC63106C754E04EA313279EA7A042F233F25C9F964A807FBD6E82A43100EE1D3	59B22764181C475D824B3847F1FC4F2E3EA726C62618AB02D8691B028031CC55	AE9B0EEE540CC07AA3D3FE45D445B0C71815E95D7D461C6AB615903532705D09
G04	4	37	91204037	R1	0.5156106918378648	0.343299312061954	5.584899174768344e-05	-0.0024582284258242762	0.08148193359375	0	-0.005169999999999999	0.0003499999999999996	False	6.0000000000001025e-05	0.0748291015625	4.151008252317586e-06	True	1332264.0	40226.0	320.6525115	3163906048.0	world_g04_n037.mat	5D1269F50380139C6EBE64201BC0AC84D2BF32109A8AFB19ACEF1C3931F4C818	59B22764181C475D824B3847F1FC4F2E3EA726C62618AB02D8691B028031CC55	AE9B0EEE540CC07AA3D3FE45D445B0C71815E95D7D461C6AB615903532705D09
G04	4	37	91204037	R2	0.5156106918378648	0.343299312061954	5.584899174768344e-05	0.0022751133552218004	0.113525390625	0	-0.0005999999999999998	0.005260000000000001	False	6.0000000000001025e-05	0.123046875	4.151008252317586e-06	True	1332264.0	40226.0	320.6525115	3163906048.0	world_g04_n037.mat	5D1269F50380139C6EBE64201BC0AC84D2BF32109A8AFB19ACEF1C3931F4C818	59B22764181C475D824B3847F1FC4F2E3EA726C62618AB02D8691B028031CC55	AE9B0EEE540CC07AA3D3FE45D445B0C71815E95D7D461C6AB615903532705D09
G04	4	38	91204038	R1	0.5156106918378648	0.343299312061954	5.584899174768344e-05	0.00010767999424582896	0.958953857421875	0	-0.00443	0.0046	False	6.0000000000001025e-05	0.982269287109375	4.151008252317586e-06	True	1332264.0	40304.0	323.0669383	3164921856.0	world_g04_n038.mat	3AE1C942D518BEE06901CD51981F3B055BEE7D3FF058123FAF9D597824678E2F	59B22764181C475D824B3847F1FC4F2E3EA726C62618AB02D8691B028031CC55	AE9B0EEE540CC07AA3D3FE45D445B0C71815E95D7D461C6AB615903532705D09
G04	4	38	91204038	R2	0.5156106918378648	0.343299312061954	5.584899174768344e-05	0.0009879605169911623	0.618408203125	0	-0.0033900000000000007	0.005370000000000003	False	6.0000000000001025e-05	0.637939453125	4.151008252317586e-06	True	1332264.0	40304.0	323.0669383	3164921856.0	world_g04_n038.mat	3AE1C942D518BEE06901CD51981F3B055BEE7D3FF058123FAF9D597824678E2F	59B22764181C475D824B3847F1FC4F2E3EA726C62618AB02D8691B028031CC55	AE9B0EEE540CC07AA3D3FE45D445B0C71815E95D7D461C6AB615903532705D09
G04	4	39	91204039	R1	0.5156106918378648	0.343299312061954	5.584899174768344e-05	-0.0010149265959182815	0.515045166015625	0	-0.0043199999999999975	0.0022900000000000004	False	6.0000000000001025e-05	0.49102783203125	4.151008252317586e-06	True	1332264.0	40027.0	321.7386228	3163820032.0	world_g04_n039.mat	29141DAE5F6F7CD4A3E8E329D495F81F4353B729EC50867BC202AE89B1ECC2D2	59B22764181C475D824B3847F1FC4F2E3EA726C62618AB02D8691B028031CC55	AE9B0EEE540CC07AA3D3FE45D445B0C71815E95D7D461C6AB615903532705D09
G04	4	39	91204039	R2	0.5156106918378648	0.343299312061954	5.584899174768344e-05	-0.0001851825041748563	0.892333984375	0	-0.003169999999999999	0.002790000000000001	False	6.0000000000001025e-05	0.855224609375	4.151008252317586e-06	True	1332264.0	40027.0	321.7386228	3163820032.0	world_g04_n039.mat	29141DAE5F6F7CD4A3E8E329D495F81F4353B729EC50867BC202AE89B1ECC2D2	59B22764181C475D824B3847F1FC4F2E3EA726C62618AB02D8691B028031CC55	AE9B0EEE540CC07AA3D3FE45D445B0C71815E95D7D461C6AB615903532705D09
G04	4	40	91204040	R1	0.5156106918378648	0.343299312061954	5.584899174768344e-05	0.0003678539749808621	0.808746337890625	0	-0.00272	0.0035100000000000027	False	6.0000000000001025e-05	0.837860107421875	4.151008252317586e-06	True	1332264.0	40080.0	322.2577894	3161243648.0	world_g04_n040.mat	769D53904A322B9645C4E61D2C3C4136A58C7E4638FF8802A73A74A46D8A84AE	59B22764181C475D824B3847F1FC4F2E3EA726C62618AB02D8691B028031CC55	AE9B0EEE540CC07AA3D3FE45D445B0C71815E95D7D461C6AB615903532705D09
G04	4	40	91204040	R2	0.5156106918378648	0.343299312061954	5.584899174768344e-05	-0.0008014800582367113	0.73876953125	0	-0.0060999999999999995	0.0044500000000000026	False	6.0000000000001025e-05	0.71923828125	4.151008252317586e-06	True	1332264.0	40080.0	322.2577894	3161243648.0	world_g04_n040.mat	769D53904A322B9645C4E61D2C3C4136A58C7E4638FF8802A73A74A46D8A84AE	59B22764181C475D824B3847F1FC4F2E3EA726C62618AB02D8691B028031CC55	AE9B0EEE540CC07AA3D3FE45D445B0C71815E95D7D461C6AB615903532705D09
G04	4	41	91204041	R1	0.5156106918378648	0.343299312061954	5.584899174768344e-05	-0.0007811790014349676	0.487335205078125	0	-0.003109999999999998	0.0015200000000000005	False	6.0000000000001025e-05	0.455474853515625	4.151008252317586e-06	True	1332264.0	40068.0	325.5458243	3160371200.0	world_g04_n041.mat	759EEBDF53FF31B66B8F2AF273BFF776A409D3E29FF110295082FB14AD46BFA3	59B22764181C475D824B3847F1FC4F2E3EA726C62618AB02D8691B028031CC55	AE9B0EEE540CC07AA3D3FE45D445B0C71815E95D7D461C6AB615903532705D09
G04	4	41	91204041	R2	0.5156106918378648	0.343299312061954	5.584899174768344e-05	0.005601243338027913	0.008544921875	1	0.0015300000000000001	0.009710000000000003	False	6.0000000000001025e-05	0.009521484375	4.151008252317586e-06	False	1332264.0	40068.0	325.5458243	3160371200.0	world_g04_n041.mat	759EEBDF53FF31B66B8F2AF273BFF776A409D3E29FF110295082FB14AD46BFA3	59B22764181C475D824B3847F1FC4F2E3EA726C62618AB02D8691B028031CC55	AE9B0EEE540CC07AA3D3FE45D445B0C71815E95D7D461C6AB615903532705D09
G04	4	42	91204042	R1	0.5156106918378648	0.343299312061954	5.584899174768344e-05	0.0006304485109324906	0.550750732421875	0	-0.0015899999999999977	0.0028300000000000027	False	6.0000000000001025e-05	0.5888671875	4.151008252317586e-06	True	1332264.0	40176.0	321.9640761	3159293952.0	world_g04_n042.mat	5481FAF4AC1C66833433DDB18D59419649F27FBF88DE851B28A24645A9FE6756	59B22764181C475D824B3847F1FC4F2E3EA726C62618AB02D8691B028031CC55	AE9B0EEE540CC07AA3D3FE45D445B0C71815E95D7D461C6AB615903532705D09
G04	4	42	91204042	R2	0.5156106918378648	0.343299312061954	5.584899174768344e-05	-0.0005835796023598759	0.802734375	0	-0.0055699999999999986	0.004290000000000002	False	6.0000000000001025e-05	0.78173828125	4.151008252317586e-06	True	1332264.0	40176.0	321.9640761	3159293952.0	world_g04_n042.mat	5481FAF4AC1C66833433DDB18D59419649F27FBF88DE851B28A24645A9FE6756	59B22764181C475D824B3847F1FC4F2E3EA726C62618AB02D8691B028031CC55	AE9B0EEE540CC07AA3D3FE45D445B0C71815E95D7D461C6AB615903532705D09
G04	4	43	91204043	R1	0.5156106918378648	0.343299312061954	5.584899174768344e-05	-0.00032158783158474136	0.8409423828125	0	-0.0037199999999999976	0.003100000000000002	False	6.0000000000001025e-05	0.810821533203125	4.151008252317586e-06	True	1332264.0	39898.0	327.8926375	3158368256.0	world_g04_n043.mat	81DD374F8CB3ACD4D96D20AFDB9C396D980F25AAD7FF620643B57C2C3FC4EEB9	59B22764181C475D824B3847F1FC4F2E3EA726C62618AB02D8691B028031CC55	AE9B0EEE540CC07AA3D3FE45D445B0C71815E95D7D461C6AB615903532705D09
G04	4	43	91204043	R2	0.5156106918378648	0.343299312061954	5.584899174768344e-05	0.0023484595935270975	0.273681640625	0	-0.0021599999999999987	0.006850000000000002	False	6.0000000000001025e-05	0.287109375	4.151008252317586e-06	True	1332264.0	39898.0	327.8926375	3158368256.0	world_g04_n043.mat	81DD374F8CB3ACD4D96D20AFDB9C396D980F25AAD7FF620643B57C2C3FC4EEB9	59B22764181C475D824B3847F1FC4F2E3EA726C62618AB02D8691B028031CC55	AE9B0EEE540CC07AA3D3FE45D445B0C71815E95D7D461C6AB615903532705D09
G04	4	44	91204044	R1	0.5156106918378648	0.343299312061954	5.584899174768344e-05	0.002233253873782504	0.203094482421875	0	-0.001299999999999999	0.005800000000000003	False	6.0000000000001025e-05	0.215240478515625	4.151008252317586e-06	True	1332264.0	40001.0	326.2430806	3158409216.0	world_g04_n044.mat	24328D81BB0115E5E6A1C6CB16998F5E15AAAE2D47E193D866CC4758C5DB75CD	59B22764181C475D824B3847F1FC4F2E3EA726C62618AB02D8691B028031CC55	AE9B0EEE540CC07AA3D3FE45D445B0C71815E95D7D461C6AB615903532705D09
G04	4	44	91204044	R2	0.5156106918378648	0.343299312061954	5.584899174768344e-05	-0.0008967855557338515	0.621826171875	0	-0.0044399999999999995	0.0024600000000000004	False	6.0000000000001025e-05	0.59814453125	4.151008252317586e-06	True	1332264.0	40001.0	326.2430806	3158409216.0	world_g04_n044.mat	24328D81BB0115E5E6A1C6CB16998F5E15AAAE2D47E193D866CC4758C5DB75CD	59B22764181C475D824B3847F1FC4F2E3EA726C62618AB02D8691B028031CC55	AE9B0EEE540CC07AA3D3FE45D445B0C71815E95D7D461C6AB615903532705D09
G04	4	45	91204045	R1	0.5156106918378648	0.343299312061954	5.584899174768344e-05	-0.00034398100504406595	0.772003173828125	0	-0.0028399999999999988	0.00213	False	6.0000000000001025e-05	0.733428955078125	4.151008252317586e-06	True	1332264.0	39939.0	325.8205724	3158192128.0	world_g04_n045.mat	28C736228B5CB5DEE9DAE38FD59E98475905FDA66E37DEF781710D2374C103C1	59B22764181C475D824B3847F1FC4F2E3EA726C62618AB02D8691B028031CC55	AE9B0EEE540CC07AA3D3FE45D445B0C71815E95D7D461C6AB615903532705D09
G04	4	45	91204045	R2	0.5156106918378648	0.343299312061954	5.584899174768344e-05	0.0005681738851567509	0.7265625	0	-0.002999999999999999	0.004150000000000001	False	6.0000000000001025e-05	0.753662109375	4.151008252317586e-06	True	1332264.0	39939.0	325.8205724	3158192128.0	world_g04_n045.mat	28C736228B5CB5DEE9DAE38FD59E98475905FDA66E37DEF781710D2374C103C1	59B22764181C475D824B3847F1FC4F2E3EA726C62618AB02D8691B028031CC55	AE9B0EEE540CC07AA3D3FE45D445B0C71815E95D7D461C6AB615903532705D09
G04	4	46	91204046	R1	0.5156106918378648	0.343299312061954	5.584899174768344e-05	-0.00047268557534987357	0.746337890625	0	-0.0036099999999999986	0.00264	False	6.0000000000001025e-05	0.715087890625	4.151008252317586e-06	True	1332264.0	39852.0	326.5126404	3158179840.0	world_g04_n046.mat	84128C8509D0B5E56B6FF261CDBFAD90B1F11A5F03F58FA7AEA803970D5343DC	59B22764181C475D824B3847F1FC4F2E3EA726C62618AB02D8691B028031CC55	AE9B0EEE540CC07AA3D3FE45D445B0C71815E95D7D461C6AB615903532705D09
G04	4	46	91204046	R2	0.5156106918378648	0.343299312061954	5.584899174768344e-05	-0.0014086602457272525	0.32763671875	0	-0.004509999999999998	0.0016900000000000005	False	6.0000000000001025e-05	0.312744140625	4.151008252317586e-06	True	1332264.0	39852.0	326.5126404	3158179840.0	world_g04_n046.mat	84128C8509D0B5E56B6FF261CDBFAD90B1F11A5F03F58FA7AEA803970D5343DC	59B22764181C475D824B3847F1FC4F2E3EA726C62618AB02D8691B028031CC55	AE9B0EEE540CC07AA3D3FE45D445B0C71815E95D7D461C6AB615903532705D09
G04	4	47	91204047	R1	0.5156106918378648	0.343299312061954	5.584899174768344e-05	0.00017510895388042673	0.9052734375	0	-0.0028699999999999976	0.003270000000000002	False	6.0000000000001025e-05	0.937225341796875	4.151008252317586e-06	True	1332264.0	40258.0	327.2501143	3157221376.0	world_g04_n047.mat	1264461840038DCA2F7DE61DD46A974E09DFAFC9242AAA39E1D35741A25FBC72	59B22764181C475D824B3847F1FC4F2E3EA726C62618AB02D8691B028031CC55	AE9B0EEE540CC07AA3D3FE45D445B0C71815E95D7D461C6AB615903532705D09
G04	4	47	91204047	R2	0.5156106918378648	0.343299312061954	5.584899174768344e-05	-0.0017568850628888872	0.45068359375	0	-0.006289999999999999	0.002250000000000002	False	6.0000000000001025e-05	0.43408203125	4.151008252317586e-06	True	1332264.0	40258.0	327.2501143	3157221376.0	world_g04_n047.mat	1264461840038DCA2F7DE61DD46A974E09DFAFC9242AAA39E1D35741A25FBC72	59B22764181C475D824B3847F1FC4F2E3EA726C62618AB02D8691B028031CC55	AE9B0EEE540CC07AA3D3FE45D445B0C71815E95D7D461C6AB615903532705D09
G04	4	48	91204048	R1	0.5156106918378648	0.343299312061954	5.584899174768344e-05	-0.0026878989699851957	0.073211669921875	0	-0.00562	0.0002599999999999998	False	6.0000000000001025e-05	0.067047119140625	4.151008252317586e-06	True	1332264.0	40418.0	325.1834284	3156275200.0	world_g04_n048.mat	799FB6E17426B06871774C9FCB2FBA8C3C92B410F2139E703012C47DBB666814	59B22764181C475D824B3847F1FC4F2E3EA726C62618AB02D8691B028031CC55	AE9B0EEE540CC07AA3D3FE45D445B0C71815E95D7D461C6AB615903532705D09
G04	4	48	91204048	R2	0.5156106918378648	0.343299312061954	5.584899174768344e-05	-0.0013401318198264596	0.408203125	0	-0.00482	0.002140000000000003	False	6.0000000000001025e-05	0.38671875	4.151008252317586e-06	True	1332264.0	40418.0	325.1834284	3156275200.0	world_g04_n048.mat	799FB6E17426B06871774C9FCB2FBA8C3C92B410F2139E703012C47DBB666814	59B22764181C475D824B3847F1FC4F2E3EA726C62618AB02D8691B028031CC55	AE9B0EEE540CC07AA3D3FE45D445B0C71815E95D7D461C6AB615903532705D09
G04	4	49	91204049	R1	0.5156106918378648	0.343299312061954	5.584899174768344e-05	-0.0006330944790054893	0.75421142578125	0	-0.004739999999999999	0.0033100000000000004	False	6.0000000000001025e-05	0.73199462890625	4.151008252317586e-06	True	1332264.0	39975.0	324.1637033	3156238336.0	world_g04_n049.mat	F4E8F25E98BA016F0F94FDA826FB804379B7D73E1E8764F9F2C4A8ADE5A61593	59B22764181C475D824B3847F1FC4F2E3EA726C62618AB02D8691B028031CC55	AE9B0EEE540CC07AA3D3FE45D445B0C71815E95D7D461C6AB615903532705D09
G04	4	49	91204049	R2	0.5156106918378648	0.343299312061954	5.584899174768344e-05	0.001032059542329252	0.677978515625	0	-0.004419999999999999	0.006480000000000003	False	6.0000000000001025e-05	0.6962890625	4.151008252317586e-06	True	1332264.0	39975.0	324.1637033	3156238336.0	world_g04_n049.mat	F4E8F25E98BA016F0F94FDA826FB804379B7D73E1E8764F9F2C4A8ADE5A61593	59B22764181C475D824B3847F1FC4F2E3EA726C62618AB02D8691B028031CC55	AE9B0EEE540CC07AA3D3FE45D445B0C71815E95D7D461C6AB615903532705D09
G04	4	50	91204050	R1	0.5156106918378648	0.343299312061954	5.584899174768344e-05	-0.0009459891501225069	0.65972900390625	0	-0.005519999999999999	0.0036300000000000013	False	6.0000000000001025e-05	0.6383056640625	4.151008252317586e-06	True	1332264.0	40000.0	324.6918322	3156238336.0	world_g04_n050.mat	81DEB72159469750400BF7977036A35ED3EDC7867DB489BB80238D4C72CBCED6	59B22764181C475D824B3847F1FC4F2E3EA726C62618AB02D8691B028031CC55	AE9B0EEE540CC07AA3D3FE45D445B0C71815E95D7D461C6AB615903532705D09
G04	4	50	91204050	R2	0.5156106918378648	0.343299312061954	5.584899174768344e-05	-0.0009480389344507256	0.568359375	0	-0.0046	0.002740000000000003	False	6.0000000000001025e-05	0.543701171875	4.151008252317586e-06	True	1332264.0	40000.0	324.6918322	3156238336.0	world_g04_n050.mat	81DEB72159469750400BF7977036A35ED3EDC7867DB489BB80238D4C72CBCED6	59B22764181C475D824B3847F1FC4F2E3EA726C62618AB02D8691B028031CC55	AE9B0EEE540CC07AA3D3FE45D445B0C71815E95D7D461C6AB615903532705D09
G04	4	51	91204051	R1	0.5156106918378648	0.343299312061954	5.584899174768344e-05	0.00023684642872419168	0.8699951171875	0	-0.0028699999999999976	0.003330000000000003	False	6.0000000000001025e-05	0.901641845703125	4.151008252317586e-06	True	1332264.0	40210.0	325.9684696	3155267584.0	world_g04_n051.mat	FB83B479B9307975FC1A8D3130A8410BEFD7BF47168CF96DBC479D4FCBDA9234	59B22764181C475D824B3847F1FC4F2E3EA726C62618AB02D8691B028031CC55	AE9B0EEE540CC07AA3D3FE45D445B0C71815E95D7D461C6AB615903532705D09
G04	4	51	91204051	R2	0.5156106918378648	0.343299312061954	5.584899174768344e-05	0.0008503339293229055	0.523193359375	0	-0.00196	0.0034600000000000013	False	6.0000000000001025e-05	0.556884765625	4.151008252317586e-06	True	1332264.0	40210.0	325.9684696	3155267584.0	world_g04_n051.mat	FB83B479B9307975FC1A8D3130A8410BEFD7BF47168CF96DBC479D4FCBDA9234	59B22764181C475D824B3847F1FC4F2E3EA726C62618AB02D8691B028031CC55	AE9B0EEE540CC07AA3D3FE45D445B0C71815E95D7D461C6AB615903532705D09
G04	4	52	91204052	R1	0.5156106918378648	0.343299312061954	5.584899174768344e-05	0.003367247979075817	0.00958251953125	1	0.0010000000000000009	0.0057300000000000025	False	6.0000000000001025e-05	0.01043701171875	4.151008252317586e-06	False	1332264.0	40538.0	319.8705253	3154894848.0	world_g04_n052.mat	148DB08C100483CBF544B7F0C1526EF6F83151A0373E4A90BA78828ABFB8EE7E	59B22764181C475D824B3847F1FC4F2E3EA726C62618AB02D8691B028031CC55	AE9B0EEE540CC07AA3D3FE45D445B0C71815E95D7D461C6AB615903532705D09
G04	4	52	91204052	R2	0.5156106918378648	0.343299312061954	5.584899174768344e-05	-0.0008672282773930169	0.568115234375	0	-0.004070000000000001	0.002450000000000001	False	6.0000000000001025e-05	0.539306640625	4.151008252317586e-06	True	1332264.0	40538.0	319.8705253	3154894848.0	world_g04_n052.mat	148DB08C100483CBF544B7F0C1526EF6F83151A0373E4A90BA78828ABFB8EE7E	59B22764181C475D824B3847F1FC4F2E3EA726C62618AB02D8691B028031CC55	AE9B0EEE540CC07AA3D3FE45D445B0C71815E95D7D461C6AB615903532705D09
G04	4	53	91204053	R1	0.5156106918378648	0.343299312061954	5.584899174768344e-05	0.000812732581238084	0.540618896484375	0	-0.0019999999999999983	0.0036300000000000013	False	6.0000000000001025e-05	0.571624755859375	4.151008252317586e-06	True	1332264.0	39914.0	319.6480128	3154886656.0	world_g04_n053.mat	AB1681BCA9802B88448DBAC05C5F2E15B84EBDF34AF4FB2C27E1BB318B74C159	59B22764181C475D824B3847F1FC4F2E3EA726C62618AB02D8691B028031CC55	AE9B0EEE540CC07AA3D3FE45D445B0C71815E95D7D461C6AB615903532705D09
G04	4	53	91204053	R2	0.5156106918378648	0.343299312061954	5.584899174768344e-05	0.0003867422150346442	0.80810546875	0	-0.00289	0.003760000000000003	False	6.0000000000001025e-05	0.8359375	4.151008252317586e-06	True	1332264.0	39914.0	319.6480128	3154886656.0	world_g04_n053.mat	AB1681BCA9802B88448DBAC05C5F2E15B84EBDF34AF4FB2C27E1BB318B74C159	59B22764181C475D824B3847F1FC4F2E3EA726C62618AB02D8691B028031CC55	AE9B0EEE540CC07AA3D3FE45D445B0C71815E95D7D461C6AB615903532705D09
G04	4	54	91204054	R1	0.5156106918378648	0.343299312061954	5.584899174768344e-05	-0.0003041809181343379	0.8912353515625	0	-0.00494	0.00426	False	6.0000000000001025e-05	0.870513916015625	4.151008252317586e-06	True	1332264.0	40042.0	321.7308292	3154894848.0	world_g04_n054.mat	72E4E4BF4F882F7421AA06F594BA0C29AD93ED1C0231B7B2911670850E791B3E	59B22764181C475D824B3847F1FC4F2E3EA726C62618AB02D8691B028031CC55	AE9B0EEE540CC07AA3D3FE45D445B0C71815E95D7D461C6AB615903532705D09
G04	4	54	91204054	R2	0.5156106918378648	0.343299312061954	5.584899174768344e-05	0.00010396472039975403	0.946044921875	0	-0.0032099999999999976	0.003420000000000003	False	6.0000000000001025e-05	0.9765625	4.151008252317586e-06	True	1332264.0	40042.0	321.7308292	3154894848.0	world_g04_n054.mat	72E4E4BF4F882F7421AA06F594BA0C29AD93ED1C0231B7B2911670850E791B3E	59B22764181C475D824B3847F1FC4F2E3EA726C62618AB02D8691B028031CC55	AE9B0EEE540CC07AA3D3FE45D445B0C71815E95D7D461C6AB615903532705D09
G04	4	55	91204055	R1	0.5156106918378648	0.343299312061954	5.584899174768344e-05	-0.0008270741383249411	0.62921142578125	0	-0.004449999999999999	0.002790000000000001	False	6.0000000000001025e-05	0.605255126953125	4.151008252317586e-06	True	1332264.0	40171.0	319.5982221	3154845696.0	world_g04_n055.mat	E90144B9448B4BB076EF773E5D464E65CC5B39699480CFEFA8002DDFCD7E18C4	59B22764181C475D824B3847F1FC4F2E3EA726C62618AB02D8691B028031CC55	AE9B0EEE540CC07AA3D3FE45D445B0C71815E95D7D461C6AB615903532705D09
G04	4	55	91204055	R2	0.5156106918378648	0.343299312061954	5.584899174768344e-05	-0.0006805207197688496	0.707275390625	0	-0.0046	0.003210000000000001	False	6.0000000000001025e-05	0.679931640625	4.151008252317586e-06	True	1332264.0	40171.0	319.5982221	3154845696.0	world_g04_n055.mat	E90144B9448B4BB076EF773E5D464E65CC5B39699480CFEFA8002DDFCD7E18C4	59B22764181C475D824B3847F1FC4F2E3EA726C62618AB02D8691B028031CC55	AE9B0EEE540CC07AA3D3FE45D445B0C71815E95D7D461C6AB615903532705D09
G04	4	56	91204056	R1	0.5156106918378648	0.343299312061954	5.584899174768344e-05	0.00040937312377227095	0.856597900390625	0	-0.00426	0.004920000000000001	False	6.0000000000001025e-05	0.87786865234375	4.151008252317586e-06	True	1332264.0	40185.0	320.8562818	3154759680.0	world_g04_n056.mat	9DFC0A36D4A22A123B372EE4F21ACF35C50E410BADA1642530ACE9DB1A637EF4	59B22764181C475D824B3847F1FC4F2E3EA726C62618AB02D8691B028031CC55	AE9B0EEE540CC07AA3D3FE45D445B0C71815E95D7D461C6AB615903532705D09
G04	4	56	91204056	R2	0.5156106918378648	0.343299312061954	5.584899174768344e-05	0.0006973884440191481	0.790283203125	0	-0.0038099999999999974	0.005660000000000002	False	6.0000000000001025e-05	0.8056640625	4.151008252317586e-06	True	1332264.0	40185.0	320.8562818	3154759680.0	world_g04_n056.mat	9DFC0A36D4A22A123B372EE4F21ACF35C50E410BADA1642530ACE9DB1A637EF4	59B22764181C475D824B3847F1FC4F2E3EA726C62618AB02D8691B028031CC55	AE9B0EEE540CC07AA3D3FE45D445B0C71815E95D7D461C6AB615903532705D09
G04	4	57	91204057	R1	0.5156106918378648	0.343299312061954	5.584899174768344e-05	-0.0017858257349334925	0.34661865234375	0	-0.005739999999999999	0.002190000000000001	False	6.0000000000001025e-05	0.331573486328125	4.151008252317586e-06	True	1332264.0	40317.0	318.6611221	3152797696.0	world_g04_n057.mat	33BAB26DB04D59FF013866087C8E3C6B917D7F5565DA3BBBDBB5F197C27F1325	59B22764181C475D824B3847F1FC4F2E3EA726C62618AB02D8691B028031CC55	AE9B0EEE540CC07AA3D3FE45D445B0C71815E95D7D461C6AB615903532705D09
G04	4	57	91204057	R2	0.5156106918378648	0.343299312061954	5.584899174768344e-05	0.0012657280829973068	0.504150390625	0	-0.0027599999999999986	0.005250000000000001	False	6.0000000000001025e-05	0.52197265625	4.151008252317586e-06	True	1332264.0	40317.0	318.6611221	3152797696.0	world_g04_n057.mat	33BAB26DB04D59FF013866087C8E3C6B917D7F5565DA3BBBDBB5F197C27F1325	59B22764181C475D824B3847F1FC4F2E3EA726C62618AB02D8691B028031CC55	AE9B0EEE540CC07AA3D3FE45D445B0C71815E95D7D461C6AB615903532705D09
G04	4	58	91204058	R1	0.5156106918378648	0.343299312061954	5.584899174768344e-05	0.0008558435372046942	0.627410888671875	0	-0.002829999999999999	0.004580000000000001	False	6.0000000000001025e-05	0.65130615234375	4.151008252317586e-06	True	1332264.0	40202.0	323.3625484	3151732736.0	world_g04_n058.mat	C895B9F9160AA3BAB43AE297235FAE94990EF157F7418692E622E7AE69C61907	59B22764181C475D824B3847F1FC4F2E3EA726C62618AB02D8691B028031CC55	AE9B0EEE540CC07AA3D3FE45D445B0C71815E95D7D461C6AB615903532705D09
G04	4	58	91204058	R2	0.5156106918378648	0.343299312061954	5.584899174768344e-05	-0.0005203898770254702	0.818603515625	0	-0.005389999999999999	0.004270000000000003	False	6.0000000000001025e-05	0.798583984375	4.151008252317586e-06	True	1332264.0	40202.0	323.3625484	3151732736.0	world_g04_n058.mat	C895B9F9160AA3BAB43AE297235FAE94990EF157F7418692E622E7AE69C61907	59B22764181C475D824B3847F1FC4F2E3EA726C62618AB02D8691B028031CC55	AE9B0EEE540CC07AA3D3FE45D445B0C71815E95D7D461C6AB615903532705D09
G04	4	59	91204059	R1	0.5156106918378648	0.343299312061954	5.584899174768344e-05	0.0012572722875426813	0.452728271484375	0	-0.0022199999999999998	0.00459	False	6.0000000000001025e-05	0.474822998046875	4.151008252317586e-06	True	1332264.0	40053.0	326.2388067	3151646720.0	world_g04_n059.mat	65AC9604887081B508F70BDB7F784FDE59F724823E08B409050AE0C1BFD9629A	59B22764181C475D824B3847F1FC4F2E3EA726C62618AB02D8691B028031CC55	AE9B0EEE540CC07AA3D3FE45D445B0C71815E95D7D461C6AB615903532705D09
G04	4	59	91204059	R2	0.5156106918378648	0.343299312061954	5.584899174768344e-05	0.003294891562582211	0.115234375	0	-0.000959999999999999	0.007520000000000002	False	6.0000000000001025e-05	0.120361328125	4.151008252317586e-06	True	1332264.0	40053.0	326.2388067	3151646720.0	world_g04_n059.mat	65AC9604887081B508F70BDB7F784FDE59F724823E08B409050AE0C1BFD9629A	59B22764181C475D824B3847F1FC4F2E3EA726C62618AB02D8691B028031CC55	AE9B0EEE540CC07AA3D3FE45D445B0C71815E95D7D461C6AB615903532705D09
G04	4	60	91204060	R1	0.5156106918378648	0.343299312061954	5.584899174768344e-05	0.00011949412289265102	0.93133544921875	0	-0.0028199999999999996	0.003040000000000001	False	6.0000000000001025e-05	0.965576171875	4.151008252317586e-06	True	1332264.0	40313.0	301.475053	3151577088.0	world_g04_n060.mat	134AEE70B6E698306E2B4872FB15771AEF919ECB8ABCCB1AB06D0F0A6B9FE5FC	59B22764181C475D824B3847F1FC4F2E3EA726C62618AB02D8691B028031CC55	AE9B0EEE540CC07AA3D3FE45D445B0C71815E95D7D461C6AB615903532705D09
G04	4	60	91204060	R2	0.5156106918378648	0.343299312061954	5.584899174768344e-05	0.0013269729283562986	0.243896484375	0	-0.0010100000000000005	0.0036800000000000027	False	6.0000000000001025e-05	0.262939453125	4.151008252317586e-06	True	1332264.0	40313.0	301.475053	3151577088.0	world_g04_n060.mat	134AEE70B6E698306E2B4872FB15771AEF919ECB8ABCCB1AB06D0F0A6B9FE5FC	59B22764181C475D824B3847F1FC4F2E3EA726C62618AB02D8691B028031CC55	AE9B0EEE540CC07AA3D3FE45D445B0C71815E95D7D461C6AB615903532705D09
G04	4	61	91204061	R1	0.5156106918378648	0.343299312061954	5.584899174768344e-05	-0.0024463913920461985	0.117919921875	0	-0.005599999999999999	0.0006899999999999996	False	6.0000000000001025e-05	0.110198974609375	4.151008252317586e-06	True	1332264.0	40037.0	338.8018063	3151462400.0	world_g04_n061.mat	918C5D2ED6F166A9E882B2E5FFD6F2A0035DE672E371D2D9A723378067E61BFB	59B22764181C475D824B3847F1FC4F2E3EA726C62618AB02D8691B028031CC55	AE9B0EEE540CC07AA3D3FE45D445B0C71815E95D7D461C6AB615903532705D09
G04	4	61	91204061	R2	0.5156106918378648	0.343299312061954	5.584899174768344e-05	0.002323692407942875	0.159423828125	0	-0.0011099999999999999	0.0057300000000000025	False	6.0000000000001025e-05	0.169921875	4.151008252317586e-06	True	1332264.0	40037.0	338.8018063	3151462400.0	world_g04_n061.mat	918C5D2ED6F166A9E882B2E5FFD6F2A0035DE672E371D2D9A723378067E61BFB	59B22764181C475D824B3847F1FC4F2E3EA726C62618AB02D8691B028031CC55	AE9B0EEE540CC07AA3D3FE45D445B0C71815E95D7D461C6AB615903532705D09
G04	4	62	91204062	R1	0.5156106918378648	0.343299312061954	5.584899174768344e-05	-0.0005722968397725253	0.743743896484375	0	-0.00408	0.002790000000000001	False	6.0000000000001025e-05	0.718597412109375	4.151008252317586e-06	True	1332264.0	40070.0	340.6291998	3150413824.0	world_g04_n062.mat	9616C79D732F101154947F737E7BD3CC9CB1A2D38F33A5B62D9E47EFCC762B2D	59B22764181C475D824B3847F1FC4F2E3EA726C62618AB02D8691B028031CC55	AE9B0EEE540CC07AA3D3FE45D445B0C71815E95D7D461C6AB615903532705D09
G04	4	62	91204062	R2	0.5156106918378648	0.343299312061954	5.584899174768344e-05	-0.0033540247176736793	0.06103515625	0	-0.00682	0.00017	False	6.0000000000001025e-05	0.056884765625	4.151008252317586e-06	True	1332264.0	40070.0	340.6291998	3150413824.0	world_g04_n062.mat	9616C79D732F101154947F737E7BD3CC9CB1A2D38F33A5B62D9E47EFCC762B2D	59B22764181C475D824B3847F1FC4F2E3EA726C62618AB02D8691B028031CC55	AE9B0EEE540CC07AA3D3FE45D445B0C71815E95D7D461C6AB615903532705D09
G04	4	63	91204063	R1	0.5156106918378648	0.343299312061954	5.584899174768344e-05	0.0011173506090837106	0.47705078125	0	-0.0021099999999999973	0.004400000000000001	False	6.0000000000001025e-05	0.50146484375	4.151008252317586e-06	True	1332264.0	40190.0	274.1452847	3151163392.0	world_g04_n063.mat	9494478149CAB272A8851DCF66B389BC104F8D48B98F5C35E20456173D86C957	59B22764181C475D824B3847F1FC4F2E3EA726C62618AB02D8691B028031CC55	AE9B0EEE540CC07AA3D3FE45D445B0C71815E95D7D461C6AB615903532705D09
G04	4	63	91204063	R2	0.5156106918378648	0.343299312061954	5.584899174768344e-05	-0.0014573724972124552	0.576416015625	0	-0.007179999999999999	0.004210000000000002	False	6.0000000000001025e-05	0.561279296875	4.151008252317586e-06	True	1332264.0	40190.0	274.1452847	3151163392.0	world_g04_n063.mat	9494478149CAB272A8851DCF66B389BC104F8D48B98F5C35E20456173D86C957	59B22764181C475D824B3847F1FC4F2E3EA726C62618AB02D8691B028031CC55	AE9B0EEE540CC07AA3D3FE45D445B0C71815E95D7D461C6AB615903532705D09
G04	4	64	91204064	R1	0.5156106918378648	0.343299312061954	5.584899174768344e-05	-0.0007547170302121663	0.662994384765625	0	-0.003939999999999999	0.002680000000000002	False	6.0000000000001025e-05	0.637176513671875	4.151008252317586e-06	True	1332264.0	39898.0	261.5904803	3150123008.0	world_g04_n064.mat	A05DB2FE64051377234C1EB3F506CE4932229ED7BDED260E8E3209EBE0B4A161	59B22764181C475D824B3847F1FC4F2E3EA726C62618AB02D8691B028031CC55	AE9B0EEE540CC07AA3D3FE45D445B0C71815E95D7D461C6AB615903532705D09
G04	4	64	91204064	R2	0.5156106918378648	0.343299312061954	5.584899174768344e-05	-0.0008892919812883536	0.730224609375	0	-0.006369999999999999	0.0046700000000000005	False	6.0000000000001025e-05	0.71337890625	4.151008252317586e-06	True	1332264.0	39898.0	261.5904803	3150123008.0	world_g04_n064.mat	A05DB2FE64051377234C1EB3F506CE4932229ED7BDED260E8E3209EBE0B4A161	59B22764181C475D824B3847F1FC4F2E3EA726C62618AB02D8691B028031CC55	AE9B0EEE540CC07AA3D3FE45D445B0C71815E95D7D461C6AB615903532705D09
G04	4	65	91204065	R1	0.5156106918378648	0.343299312061954	5.584899174768344e-05	-6.46070524798467e-05	0.96002197265625	0	-0.0027799999999999978	0.002650000000000003	False	6.0000000000001025e-05	0.92205810546875	4.151008252317586e-06	True	1332264.0	40137.0	261.7478025	3150086144.0	world_g04_n065.mat	5BAB031226B9D8CBFDE598A88AA46C49942822CBF063DDFF4D49E47677238268	59B22764181C475D824B3847F1FC4F2E3EA726C62618AB02D8691B028031CC55	AE9B0EEE540CC07AA3D3FE45D445B0C71815E95D7D461C6AB615903532705D09
G04	4	65	91204065	R2	0.5156106918378648	0.343299312061954	5.584899174768344e-05	0.00438699750975827	0.126220703125	0	-0.0012299999999999985	0.010230000000000003	False	6.0000000000001025e-05	0.132080078125	4.151008252317586e-06	True	1332264.0	40137.0	261.7478025	3150086144.0	world_g04_n065.mat	5BAB031226B9D8CBFDE598A88AA46C49942822CBF063DDFF4D49E47677238268	59B22764181C475D824B3847F1FC4F2E3EA726C62618AB02D8691B028031CC55	AE9B0EEE540CC07AA3D3FE45D445B0C71815E95D7D461C6AB615903532705D09
G04	4	66	91204066	R1	0.5156106918378648	0.343299312061954	5.584899174768344e-05	-0.001005505262599626	0.55364990234375	0	-0.004419999999999999	0.002510000000000002	False	6.0000000000001025e-05	0.53143310546875	4.151008252317586e-06	True	1332264.0	40085.0	273.0700615	3149901824.0	world_g04_n066.mat	F1F5EC84105B29CC2D7304C1327BD35274624EC4BE5AB2AA1A0779524F59E128	59B22764181C475D824B3847F1FC4F2E3EA726C62618AB02D8691B028031CC55	AE9B0EEE540CC07AA3D3FE45D445B0C71815E95D7D461C6AB615903532705D09
G04	4	66	91204066	R2	0.5156106918378648	0.343299312061954	5.584899174768344e-05	0.0007776931589863222	0.73193359375	0	-0.00401	0.00562	False	6.0000000000001025e-05	0.754638671875	4.151008252317586e-06	True	1332264.0	40085.0	273.0700615	3149901824.0	world_g04_n066.mat	F1F5EC84105B29CC2D7304C1327BD35274624EC4BE5AB2AA1A0779524F59E128	59B22764181C475D824B3847F1FC4F2E3EA726C62618AB02D8691B028031CC55	AE9B0EEE540CC07AA3D3FE45D445B0C71815E95D7D461C6AB615903532705D09
G04	4	67	91204067	R1	0.5156106918378648	0.343299312061954	5.584899174768344e-05	-0.0018769103533437025	0.27496337890625	0	-0.00545	0.0017300000000000024	False	6.0000000000001025e-05	0.25909423828125	4.151008252317586e-06	True	1332264.0	40182.0	376.2256088	3137945600.0	world_g04_n067.mat	07B781B5E9D336D01F5D13DA777104893D8C9A33A95CA20A66B29282AB62789C	59B22764181C475D824B3847F1FC4F2E3EA726C62618AB02D8691B028031CC55	AE9B0EEE540CC07AA3D3FE45D445B0C71815E95D7D461C6AB615903532705D09
G04	4	67	91204067	R2	0.5156106918378648	0.343299312061954	5.584899174768344e-05	0.0005217251233304357	0.617919921875	0	-0.001749999999999998	0.0028400000000000022	False	6.0000000000001025e-05	0.658935546875	4.151008252317586e-06	True	1332264.0	40182.0	376.2256088	3137945600.0	world_g04_n067.mat	07B781B5E9D336D01F5D13DA777104893D8C9A33A95CA20A66B29282AB62789C	59B22764181C475D824B3847F1FC4F2E3EA726C62618AB02D8691B028031CC55	AE9B0EEE540CC07AA3D3FE45D445B0C71815E95D7D461C6AB615903532705D09
G04	4	68	91204068	R1	0.5156106918378648	0.343299312061954	5.584899174768344e-05	0.0034038421894486332	0.018524169921875	1	0.0007000000000000027	0.006100000000000001	False	6.0000000000001025e-05	0.020050048828125	4.151008252317586e-06	False	1332264.0	40098.0	383.6134894	3136876544.0	world_g04_n068.mat	464EEDF7342EF945558674A5660E56AC00E971DB085E9821007E56BA7D9EB8A2	59B22764181C475D824B3847F1FC4F2E3EA726C62618AB02D8691B028031CC55	AE9B0EEE540CC07AA3D3FE45D445B0C71815E95D7D461C6AB615903532705D09
G04	4	68	91204068	R2	0.5156106918378648	0.343299312061954	5.584899174768344e-05	-0.002271480243246127	0.121337890625	0	-0.00528	0.0006300000000000021	False	6.0000000000001025e-05	0.115234375	4.151008252317586e-06	True	1332264.0	40098.0	383.6134894	3136876544.0	world_g04_n068.mat	464EEDF7342EF945558674A5660E56AC00E971DB085E9821007E56BA7D9EB8A2	59B22764181C475D824B3847F1FC4F2E3EA726C62618AB02D8691B028031CC55	AE9B0EEE540CC07AA3D3FE45D445B0C71815E95D7D461C6AB615903532705D09
G04	4	69	91204069	R1	0.5156106918378648	0.343299312061954	5.584899174768344e-05	-0.001778351903521136	0.258697509765625	0	-0.005049999999999999	0.0015200000000000005	False	6.0000000000001025e-05	0.24346923828125	4.151008252317586e-06	True	1332264.0	40076.0	384.5268967	3125153792.0	world_g04_n069.mat	0B36F7F4E025A4532059CCBBF03E50C50D0DB60ECD3BE06766707C49921310E0	59B22764181C475D824B3847F1FC4F2E3EA726C62618AB02D8691B028031CC55	AE9B0EEE540CC07AA3D3FE45D445B0C71815E95D7D461C6AB615903532705D09
G04	4	69	91204069	R2	0.5156106918378648	0.343299312061954	5.584899174768344e-05	-0.004506092903410373	0.03515625	1	-0.00864	-0.0003699999999999988	False	6.0000000000001025e-05	0.033935546875	4.151008252317586e-06	False	1332264.0	40076.0	384.5268967	3125153792.0	world_g04_n069.mat	0B36F7F4E025A4532059CCBBF03E50C50D0DB60ECD3BE06766707C49921310E0	59B22764181C475D824B3847F1FC4F2E3EA726C62618AB02D8691B028031CC55	AE9B0EEE540CC07AA3D3FE45D445B0C71815E95D7D461C6AB615903532705D09
G04	4	70	91204070	R1	0.5156106918378648	0.343299312061954	5.584899174768344e-05	0.0017069587002198504	0.239532470703125	0	-0.0012899999999999995	0.004660000000000001	False	6.0000000000001025e-05	0.25543212890625	4.151008252317586e-06	True	1332264.0	40456.0	348.0630365	3170615296.0	world_g04_n070.mat	B802FAFC61CB8F3B9E6AA5272A8E31777AC31BCBD5B9F8844DCF7A33CA52788F	59B22764181C475D824B3847F1FC4F2E3EA726C62618AB02D8691B028031CC55	AE9B0EEE540CC07AA3D3FE45D445B0C71815E95D7D461C6AB615903532705D09
G04	4	70	91204070	R2	0.5156106918378648	0.343299312061954	5.584899174768344e-05	-0.00026517397243837923	0.8857421875	0	-0.00425	0.0037400000000000003	False	6.0000000000001025e-05	0.86181640625	4.151008252317586e-06	True	1332264.0	40456.0	348.0630365	3170615296.0	world_g04_n070.mat	B802FAFC61CB8F3B9E6AA5272A8E31777AC31BCBD5B9F8844DCF7A33CA52788F	59B22764181C475D824B3847F1FC4F2E3EA726C62618AB02D8691B028031CC55	AE9B0EEE540CC07AA3D3FE45D445B0C71815E95D7D461C6AB615903532705D09
G04	4	71	91204071	R1	0.5156106918378648	0.343299312061954	5.584899174768344e-05	-0.00015510289954165683	0.90838623046875	0	-0.003029999999999998	0.002760000000000002	False	6.0000000000001025e-05	0.87384033203125	4.151008252317586e-06	True	1332264.0	40246.0	349.9300023	3170594816.0	world_g04_n071.mat	C5640C8BC7FA5CCEEEF9771BE500242FA9F3EB3A72BAD94CABF3A9F8F914E53A	59B22764181C475D824B3847F1FC4F2E3EA726C62618AB02D8691B028031CC55	AE9B0EEE540CC07AA3D3FE45D445B0C71815E95D7D461C6AB615903532705D09
G04	4	71	91204071	R2	0.5156106918378648	0.343299312061954	5.584899174768344e-05	0.0011884840639395469	0.412841796875	0	-0.0018700000000000001	0.004070000000000001	False	6.0000000000001025e-05	0.436279296875	4.151008252317586e-06	True	1332264.0	40246.0	349.9300023	3170594816.0	world_g04_n071.mat	C5640C8BC7FA5CCEEEF9771BE500242FA9F3EB3A72BAD94CABF3A9F8F914E53A	59B22764181C475D824B3847F1FC4F2E3EA726C62618AB02D8691B028031CC55	AE9B0EEE540CC07AA3D3FE45D445B0C71815E95D7D461C6AB615903532705D09
G04	4	72	91204072	R1	0.5156106918378648	0.343299312061954	5.584899174768344e-05	-0.0014124029579518464	0.388214111328125	0	-0.004799999999999999	0.0019500000000000003	False	6.0000000000001025e-05	0.3681640625	4.151008252317586e-06	True	1332264.0	39899.0	347.7576565	3169656832.0	world_g04_n072.mat	EB1FF5C7B63017FEF558F4DC061414372CA1D12AAF5703F83C96C6B2F7D88005	59B22764181C475D824B3847F1FC4F2E3EA726C62618AB02D8691B028031CC55	AE9B0EEE540CC07AA3D3FE45D445B0C71815E95D7D461C6AB615903532705D09
G04	4	72	91204072	R2	0.5156106918378648	0.343299312061954	5.584899174768344e-05	-0.00028583885717664635	0.862060546875	0	-0.0038200000000000005	0.0033400000000000027	False	6.0000000000001025e-05	0.833740234375	4.151008252317586e-06	True	1332264.0	39899.0	347.7576565	3169656832.0	world_g04_n072.mat	EB1FF5C7B63017FEF558F4DC061414372CA1D12AAF5703F83C96C6B2F7D88005	59B22764181C475D824B3847F1FC4F2E3EA726C62618AB02D8691B028031CC55	AE9B0EEE540CC07AA3D3FE45D445B0C71815E95D7D461C6AB615903532705D09
G04	4	73	91204073	R1	0.5156106918378648	0.343299312061954	5.584899174768344e-05	0.0011880298359993292	0.467041015625	0	-0.0022699999999999977	0.004610000000000003	False	6.0000000000001025e-05	0.489898681640625	4.151008252317586e-06	True	1332264.0	39710.0	347.5996358	3169615872.0	world_g04_n073.mat	CC8E21395A8EC5FA2B43CFE60A7F7760C795778DCD13A4AADF96AC85A4A5602D	59B22764181C475D824B3847F1FC4F2E3EA726C62618AB02D8691B028031CC55	AE9B0EEE540CC07AA3D3FE45D445B0C71815E95D7D461C6AB615903532705D09
G04	4	73	91204073	R2	0.5156106918378648	0.343299312061954	5.584899174768344e-05	0.0007263446021314596	0.4931640625	0	-0.0015200000000000005	0.00298	False	6.0000000000001025e-05	0.528564453125	4.151008252317586e-06	True	1332264.0	39710.0	347.5996358	3169615872.0	world_g04_n073.mat	CC8E21395A8EC5FA2B43CFE60A7F7760C795778DCD13A4AADF96AC85A4A5602D	59B22764181C475D824B3847F1FC4F2E3EA726C62618AB02D8691B028031CC55	AE9B0EEE540CC07AA3D3FE45D445B0C71815E95D7D461C6AB615903532705D09
G04	4	74	91204074	R1	0.5156106918378648	0.343299312061954	5.584899174768344e-05	0.0001620160638996274	0.89459228515625	0	-0.0024399999999999977	0.002740000000000003	False	6.0000000000001025e-05	0.93316650390625	4.151008252317586e-06	True	1332264.0	39896.0	346.3426252	3169652736.0	world_g04_n074.mat	23EF1B44307F02EC025D2994BA81D6A29B6C8EF836E70847CECA6421E59DF7BF	59B22764181C475D824B3847F1FC4F2E3EA726C62618AB02D8691B028031CC55	AE9B0EEE540CC07AA3D3FE45D445B0C71815E95D7D461C6AB615903532705D09
G04	4	74	91204074	R2	0.5156106918378648	0.343299312061954	5.584899174768344e-05	-0.00237957009582162	0.309326171875	0	-0.007229999999999999	0.002330000000000002	False	6.0000000000001025e-05	0.29638671875	4.151008252317586e-06	True	1332264.0	39896.0	346.3426252	3169652736.0	world_g04_n074.mat	23EF1B44307F02EC025D2994BA81D6A29B6C8EF836E70847CECA6421E59DF7BF	59B22764181C475D824B3847F1FC4F2E3EA726C62618AB02D8691B028031CC55	AE9B0EEE540CC07AA3D3FE45D445B0C71815E95D7D461C6AB615903532705D09
G04	4	75	91204075	R1	0.5156106918378648	0.343299312061954	5.584899174768344e-05	0.0020730077998694094	0.2183837890625	0	-0.0014400000000000003	0.005570000000000002	False	6.0000000000001025e-05	0.231109619140625	4.151008252317586e-06	True	1332264.0	40543.0	345.8976285	3169628160.0	world_g04_n075.mat	CF4B046396D5E895125710E0D9505F4AFB8E1F1CB9AC20E8C43908B08EB30DF1	59B22764181C475D824B3847F1FC4F2E3EA726C62618AB02D8691B028031CC55	AE9B0EEE540CC07AA3D3FE45D445B0C71815E95D7D461C6AB615903532705D09
G04	4	75	91204075	R2	0.5156106918378648	0.343299312061954	5.584899174768344e-05	0.0027140379440105267	0.2265625	0	-0.00204	0.007390000000000001	False	6.0000000000001025e-05	0.234375	4.151008252317586e-06	True	1332264.0	40543.0	345.8976285	3169628160.0	world_g04_n075.mat	CF4B046396D5E895125710E0D9505F4AFB8E1F1CB9AC20E8C43908B08EB30DF1	59B22764181C475D824B3847F1FC4F2E3EA726C62618AB02D8691B028031CC55	AE9B0EEE540CC07AA3D3FE45D445B0C71815E95D7D461C6AB615903532705D09
G04	4	76	91204076	R1	0.5156106918378648	0.343299312061954	5.584899174768344e-05	0.0013628107968525465	0.375885009765625	0	-0.0018199999999999987	0.004570000000000001	False	6.0000000000001025e-05	0.397674560546875	4.151008252317586e-06	True	1332264.0	40026.0	341.694775	3168698368.0	world_g04_n076.mat	EF187F00FD13498AEC679606AC4928734ECB20FBED4B5CF7410859468941D300	59B22764181C475D824B3847F1FC4F2E3EA726C62618AB02D8691B028031CC55	AE9B0EEE540CC07AA3D3FE45D445B0C71815E95D7D461C6AB615903532705D09
G04	4	76	91204076	R2	0.5156106918378648	0.343299312061954	5.584899174768344e-05	0.001493033023557433	0.427490234375	0	-0.0025400000000000006	0.005540000000000003	False	6.0000000000001025e-05	0.447509765625	4.151008252317586e-06	True	1332264.0	40026.0	341.694775	3168698368.0	world_g04_n076.mat	EF187F00FD13498AEC679606AC4928734ECB20FBED4B5CF7410859468941D300	59B22764181C475D824B3847F1FC4F2E3EA726C62618AB02D8691B028031CC55	AE9B0EEE540CC07AA3D3FE45D445B0C71815E95D7D461C6AB615903532705D09
G04	4	77	91204077	R1	0.5156106918378648	0.343299312061954	5.584899174768344e-05	0.0022809911932354467	0.16058349609375	0	-0.0008899999999999984	0.005540000000000003	False	6.0000000000001025e-05	0.171600341796875	4.151008252317586e-06	True	1332264.0	40243.0	346.5816241	3169652736.0	world_g04_n077.mat	1874E669D47747B81D63F35A80FDE14977B11D732AB300FE712B241A4AE6369A	59B22764181C475D824B3847F1FC4F2E3EA726C62618AB02D8691B028031CC55	AE9B0EEE540CC07AA3D3FE45D445B0C71815E95D7D461C6AB615903532705D09
G04	4	77	91204077	R2	0.5156106918378648	0.343299312061954	5.584899174768344e-05	-0.0005208503189613185	0.782470703125	0	-0.004589999999999999	0.00324	False	6.0000000000001025e-05	0.756103515625	4.151008252317586e-06	True	1332264.0	40243.0	346.5816241	3169652736.0	world_g04_n077.mat	1874E669D47747B81D63F35A80FDE14977B11D732AB300FE712B241A4AE6369A	59B22764181C475D824B3847F1FC4F2E3EA726C62618AB02D8691B028031CC55	AE9B0EEE540CC07AA3D3FE45D445B0C71815E95D7D461C6AB615903532705D09
G04	4	78	91204078	R1	0.5156106918378648	0.343299312061954	5.584899174768344e-05	0.0021373755211433797	0.163665771484375	0	-0.0009899999999999978	0.005230000000000002	False	6.0000000000001025e-05	0.1748046875	4.151008252317586e-06	True	1332264.0	39775.0	344.8076918	3168690176.0	world_g04_n078.mat	856E25123A7158972AE6725CCBCD3034D92C29A7785BAAA36173B264422C1C89	59B22764181C475D824B3847F1FC4F2E3EA726C62618AB02D8691B028031CC55	AE9B0EEE540CC07AA3D3FE45D445B0C71815E95D7D461C6AB615903532705D09
G04	4	78	91204078	R2	0.5156106918378648	0.343299312061954	5.584899174768344e-05	-0.0016859738182297998	0.543701171875	0	-0.0070799999999999995	0.004200000000000002	False	6.0000000000001025e-05	0.526123046875	4.151008252317586e-06	True	1332264.0	39775.0	344.8076918	3168690176.0	world_g04_n078.mat	856E25123A7158972AE6725CCBCD3034D92C29A7785BAAA36173B264422C1C89	59B22764181C475D824B3847F1FC4F2E3EA726C62618AB02D8691B028031CC55	AE9B0EEE540CC07AA3D3FE45D445B0C71815E95D7D461C6AB615903532705D09
G04	4	79	91204079	R1	0.5156106918378648	0.343299312061954	5.584899174768344e-05	-0.0008739160081531269	0.6968994140625	0	-0.005559999999999999	0.0037900000000000017	False	6.0000000000001025e-05	0.67822265625	4.151008252317586e-06	True	1332264.0	40278.0	348.0246311	3167719424.0	world_g04_n079.mat	C5EFFE28DE6F1763C49E02F8FE67462F9AE229FE578D682CD987FA0F38CD8704	59B22764181C475D824B3847F1FC4F2E3EA726C62618AB02D8691B028031CC55	AE9B0EEE540CC07AA3D3FE45D445B0C71815E95D7D461C6AB615903532705D09
G04	4	79	91204079	R2	0.5156106918378648	0.343299312061954	5.584899174768344e-05	-0.0017989563911243451	0.330322265625	0	-0.005739999999999999	0.002170000000000002	False	6.0000000000001025e-05	0.31689453125	4.151008252317586e-06	True	1332264.0	40278.0	348.0246311	3167719424.0	world_g04_n079.mat	C5EFFE28DE6F1763C49E02F8FE67462F9AE229FE578D682CD987FA0F38CD8704	59B22764181C475D824B3847F1FC4F2E3EA726C62618AB02D8691B028031CC55	AE9B0EEE540CC07AA3D3FE45D445B0C71815E95D7D461C6AB615903532705D09
G04	4	80	91204080	R1	0.5156106918378648	0.343299312061954	5.584899174768344e-05	0.004123913765642845	0.00396728515625	1	0.0014800000000000021	0.006820000000000003	False	6.0000000000001025e-05	0.004241943359375	4.151008252317586e-06	False	1332264.0	39943.0	344.4204414	3168681984.0	world_g04_n080.mat	4A52E6845F153C4B9A4A6A3FB7E475C3DB925D310C22B619FB85593DEF2F26C8	59B22764181C475D824B3847F1FC4F2E3EA726C62618AB02D8691B028031CC55	AE9B0EEE540CC07AA3D3FE45D445B0C71815E95D7D461C6AB615903532705D09
G04	4	80	91204080	R2	0.5156106918378648	0.343299312061954	5.584899174768344e-05	0.0005908436882795079	0.77978515625	0	-0.0036999999999999984	0.005090000000000001	False	6.0000000000001025e-05	0.801025390625	4.151008252317586e-06	True	1332264.0	39943.0	344.4204414	3168681984.0	world_g04_n080.mat	4A52E6845F153C4B9A4A6A3FB7E475C3DB925D310C22B619FB85593DEF2F26C8	59B22764181C475D824B3847F1FC4F2E3EA726C62618AB02D8691B028031CC55	AE9B0EEE540CC07AA3D3FE45D445B0C71815E95D7D461C6AB615903532705D09
G04	4	81	91204081	R1	0.5156106918378648	0.343299312061954	5.584899174768344e-05	0.0008651718755060262	0.480499267578125	0	-0.0017000000000000001	0.003440000000000002	False	6.0000000000001025e-05	0.510833740234375	4.151008252317586e-06	True	1332264.0	39838.0	343.6696926	3167686656.0	world_g04_n081.mat	3D68309E91F17B6DB7E09D12FD94BEF435DB7697B47F32D68DF3E28E95F7C5BA	59B22764181C475D824B3847F1FC4F2E3EA726C62618AB02D8691B028031CC55	AE9B0EEE540CC07AA3D3FE45D445B0C71815E95D7D461C6AB615903532705D09
G04	4	81	91204081	R2	0.5156106918378648	0.343299312061954	5.584899174768344e-05	0.0008234187921070685	0.6171875	0	-0.0028199999999999996	0.004470000000000002	False	6.0000000000001025e-05	0.642822265625	4.151008252317586e-06	True	1332264.0	39838.0	343.6696926	3167686656.0	world_g04_n081.mat	3D68309E91F17B6DB7E09D12FD94BEF435DB7697B47F32D68DF3E28E95F7C5BA	59B22764181C475D824B3847F1FC4F2E3EA726C62618AB02D8691B028031CC55	AE9B0EEE540CC07AA3D3FE45D445B0C71815E95D7D461C6AB615903532705D09
G04	4	82	91204082	R1	0.5156106918378648	0.343299312061954	5.584899174768344e-05	0.0008728679015652255	0.66070556640625	0	-0.00332	0.005090000000000001	False	6.0000000000001025e-05	0.681915283203125	4.151008252317586e-06	True	1332264.0	40136.0	342.332572	3167711232.0	world_g04_n082.mat	17488EA678C09DE9CD7FD32740E0ABA313DFAC9850C8A108B4128A030A072ED3	59B22764181C475D824B3847F1FC4F2E3EA726C62618AB02D8691B028031CC55	AE9B0EEE540CC07AA3D3FE45D445B0C71815E95D7D461C6AB615903532705D09
G04	4	82	91204082	R2	0.5156106918378648	0.343299312061954	5.584899174768344e-05	-0.0012447521854800562	0.4228515625	0	-0.004569999999999999	0.002170000000000002	False	6.0000000000001025e-05	0.401123046875	4.151008252317586e-06	True	1332264.0	40136.0	342.332572	3167711232.0	world_g04_n082.mat	17488EA678C09DE9CD7FD32740E0ABA313DFAC9850C8A108B4128A030A072ED3	59B22764181C475D824B3847F1FC4F2E3EA726C62618AB02D8691B028031CC55	AE9B0EEE540CC07AA3D3FE45D445B0C71815E95D7D461C6AB615903532705D09
G04	4	83	91204083	R1	0.5156106918378648	0.343299312061954	5.584899174768344e-05	0.0006710245861621084	0.658905029296875	0	-0.0024999999999999988	0.0038600000000000023	False	6.0000000000001025e-05	0.687530517578125	4.151008252317586e-06	True	1332264.0	39962.0	344.3489155	3167703040.0	world_g04_n083.mat	135CA35171C6ED27771450B3FC8AA48A3FC754DFB07DC61F654B27255AD9BC1B	59B22764181C475D824B3847F1FC4F2E3EA726C62618AB02D8691B028031CC55	AE9B0EEE540CC07AA3D3FE45D445B0C71815E95D7D461C6AB615903532705D09
G04	4	83	91204083	R2	0.5156106918378648	0.343299312061954	5.584899174768344e-05	0.003068657818954366	0.03125	1	0.00033000000000000043	0.005590000000000001	False	6.0000000000001025e-05	0.034912109375	4.151008252317586e-06	False	1332264.0	39962.0	344.3489155	3167703040.0	world_g04_n083.mat	135CA35171C6ED27771450B3FC8AA48A3FC754DFB07DC61F654B27255AD9BC1B	59B22764181C475D824B3847F1FC4F2E3EA726C62618AB02D8691B028031CC55	AE9B0EEE540CC07AA3D3FE45D445B0C71815E95D7D461C6AB615903532705D09
G04	4	84	91204084	R1	0.5156106918378648	0.343299312061954	5.584899174768344e-05	0.0005859289256353684	0.6639404296875	0	-0.0022900000000000004	0.003470000000000001	False	6.0000000000001025e-05	0.6968994140625	4.151008252317586e-06	True	1332264.0	40252.0	347.1373308	3167608832.0	world_g04_n084.mat	58EFD945B0CB5D021837BCEE54CB42A9FCE0288BB046446095B5D4BC34A5E768	59B22764181C475D824B3847F1FC4F2E3EA726C62618AB02D8691B028031CC55	AE9B0EEE540CC07AA3D3FE45D445B0C71815E95D7D461C6AB615903532705D09
G04	4	84	91204084	R2	0.5156106918378648	0.343299312061954	5.584899174768344e-05	-9.539758950615693e-06	0.99609375	0	-0.0038399999999999997	0.003950000000000002	False	6.0000000000001025e-05	0.968017578125	4.151008252317586e-06	True	1332264.0	40252.0	347.1373308	3167608832.0	world_g04_n084.mat	58EFD945B0CB5D021837BCEE54CB42A9FCE0288BB046446095B5D4BC34A5E768	59B22764181C475D824B3847F1FC4F2E3EA726C62618AB02D8691B028031CC55	AE9B0EEE540CC07AA3D3FE45D445B0C71815E95D7D461C6AB615903532705D09
G04	4	85	91204085	R1	0.5156106918378648	0.343299312061954	5.584899174768344e-05	-9.895543457975734e-05	0.95806884765625	0	-0.004119999999999999	0.003890000000000001	False	6.0000000000001025e-05	0.932159423828125	4.151008252317586e-06	True	1332264.0	40101.0	345.1735528	3167588352.0	world_g04_n085.mat	2151624932E291A2811A116EC7E1071C725DF0DDFFE0D95C541A429A9EC51A78	59B22764181C475D824B3847F1FC4F2E3EA726C62618AB02D8691B028031CC55	AE9B0EEE540CC07AA3D3FE45D445B0C71815E95D7D461C6AB615903532705D09
G04	4	85	91204085	R2	0.5156106918378648	0.343299312061954	5.584899174768344e-05	0.0015337904832607766	0.492919921875	0	-0.002599999999999998	0.00596	False	6.0000000000001025e-05	0.510986328125	4.151008252317586e-06	True	1332264.0	40101.0	345.1735528	3167588352.0	world_g04_n085.mat	2151624932E291A2811A116EC7E1071C725DF0DDFFE0D95C541A429A9EC51A78	59B22764181C475D824B3847F1FC4F2E3EA726C62618AB02D8691B028031CC55	AE9B0EEE540CC07AA3D3FE45D445B0C71815E95D7D461C6AB615903532705D09
G04	4	86	91204086	R1	0.5156106918378648	0.343299312061954	5.584899174768344e-05	0.001753628594308296	0.302734375	0	-0.00179	0.00528	False	6.0000000000001025e-05	0.31866455078125	4.151008252317586e-06	True	1332264.0	40176.0	349.72977	3166625792.0	world_g04_n086.mat	535C71D3C868DA808F7EEE2CE38DB81CF552FB242AB438551864F7D4B52D588B	59B22764181C475D824B3847F1FC4F2E3EA726C62618AB02D8691B028031CC55	AE9B0EEE540CC07AA3D3FE45D445B0C71815E95D7D461C6AB615903532705D09
G04	4	86	91204086	R2	0.5156106918378648	0.343299312061954	5.584899174768344e-05	0.000663747528760046	0.666015625	0	-0.0026999999999999975	0.0039400000000000025	False	6.0000000000001025e-05	0.6943359375	4.151008252317586e-06	True	1332264.0	40176.0	349.72977	3166625792.0	world_g04_n086.mat	535C71D3C868DA808F7EEE2CE38DB81CF552FB242AB438551864F7D4B52D588B	59B22764181C475D824B3847F1FC4F2E3EA726C62618AB02D8691B028031CC55	AE9B0EEE540CC07AA3D3FE45D445B0C71815E95D7D461C6AB615903532705D09
G04	4	87	91204087	R1	0.5156106918378648	0.343299312061954	5.584899174768344e-05	0.0007570673558918901	0.643890380859375	0	-0.0026699999999999988	0.004200000000000002	False	6.0000000000001025e-05	0.67022705078125	4.151008252317586e-06	True	1332264.0	39721.0	345.2787607	3166605312.0	world_g04_n087.mat	4E1A8FBB168E84D4B2179A576AF8DE1E214AA09166B6DFDD3778DE1646A26C84	59B22764181C475D824B3847F1FC4F2E3EA726C62618AB02D8691B028031CC55	AE9B0EEE540CC07AA3D3FE45D445B0C71815E95D7D461C6AB615903532705D09
G04	4	87	91204087	R2	0.5156106918378648	0.343299312061954	5.584899174768344e-05	0.0012542422408762888	0.5419921875	0	-0.00324	0.005740000000000002	False	6.0000000000001025e-05	0.5615234375	4.151008252317586e-06	True	1332264.0	39721.0	345.2787607	3166605312.0	world_g04_n087.mat	4E1A8FBB168E84D4B2179A576AF8DE1E214AA09166B6DFDD3778DE1646A26C84	59B22764181C475D824B3847F1FC4F2E3EA726C62618AB02D8691B028031CC55	AE9B0EEE540CC07AA3D3FE45D445B0C71815E95D7D461C6AB615903532705D09
G04	4	88	91204088	R1	0.5156106918378648	0.343299312061954	5.584899174768344e-05	0.0007407532694902867	0.610443115234375	0	-0.0023599999999999975	0.003810000000000001	False	6.0000000000001025e-05	0.643157958984375	4.151008252317586e-06	True	1332264.0	40109.0	346.972644	3166580736.0	world_g04_n088.mat	969D362C3BCCFDF08A0091A2626EA1C6A201B5FD57BA28978D2D57A9AF660543	59B22764181C475D824B3847F1FC4F2E3EA726C62618AB02D8691B028031CC55	AE9B0EEE540CC07AA3D3FE45D445B0C71815E95D7D461C6AB615903532705D09
G04	4	88	91204088	R2	0.5156106918378648	0.343299312061954	5.584899174768344e-05	-0.0007807149895238863	0.773193359375	0	-0.006749999999999999	0.005180000000000001	False	6.0000000000001025e-05	0.7578125	4.151008252317586e-06	True	1332264.0	40109.0	346.972644	3166580736.0	world_g04_n088.mat	969D362C3BCCFDF08A0091A2626EA1C6A201B5FD57BA28978D2D57A9AF660543	59B22764181C475D824B3847F1FC4F2E3EA726C62618AB02D8691B028031CC55	AE9B0EEE540CC07AA3D3FE45D445B0C71815E95D7D461C6AB615903532705D09
G05	5	1	91205001	R1	3.2654140348111795	13.7691019113286	0.00224	0.0008094593862935199	0.578704833984375	0	-0.0023099999999999996	0.0039000000000000007	False	0.0022400000000000024	0.338958740234375	2.6020852139652106e-18	True	1332264.0	40257.0	348.2249414	3166576640.0	world_g05_n001.mat	725F37BC748417A3B0F5E595B8A2621ED2C00875C0F8A06A89EA2CD42817ED17	59B22764181C475D824B3847F1FC4F2E3EA726C62618AB02D8691B028031CC55	AE9B0EEE540CC07AA3D3FE45D445B0C71815E95D7D461C6AB615903532705D09
G05	5	1	91205001	R2	3.2654140348111795	13.7691019113286	0.00224	-0.0016719596606289918	0.341064453125	0	-0.005389999999999999	0.0021100000000000008	False	0.0022400000000000024	0.041748046875	2.6020852139652106e-18	False	1332264.0	40257.0	348.2249414	3166576640.0	world_g05_n001.mat	725F37BC748417A3B0F5E595B8A2621ED2C00875C0F8A06A89EA2CD42817ED17	59B22764181C475D824B3847F1FC4F2E3EA726C62618AB02D8691B028031CC55	AE9B0EEE540CC07AA3D3FE45D445B0C71815E95D7D461C6AB615903532705D09
G05	5	2	91205002	R1	3.2654140348111795	13.7691019113286	0.00224	0.0019464586221809381	0.3050537109375	0	-0.0020199999999999975	0.005820000000000002	False	0.0022400000000000024	0.87640380859375	2.6020852139652106e-18	True	1332264.0	40461.0	347.2191262	3166543872.0	world_g05_n002.mat	727768C7E97332E3B9C4723883A73A8B7E201F5819603C21316AB34D93F7BBC3	59B22764181C475D824B3847F1FC4F2E3EA726C62618AB02D8691B028031CC55	AE9B0EEE540CC07AA3D3FE45D445B0C71815E95D7D461C6AB615903532705D09
G05	5	2	91205002	R2	3.2654140348111795	13.7691019113286	0.00224	0.002106758781875174	0.24560546875	0	-0.0014999999999999979	0.0058400000000000014	False	0.0022400000000000024	0.939453125	2.6020852139652106e-18	True	1332264.0	40461.0	347.2191262	3166543872.0	world_g05_n002.mat	727768C7E97332E3B9C4723883A73A8B7E201F5819603C21316AB34D93F7BBC3	59B22764181C475D824B3847F1FC4F2E3EA726C62618AB02D8691B028031CC55	AE9B0EEE540CC07AA3D3FE45D445B0C71815E95D7D461C6AB615903532705D09
G05	5	3	91205003	R1	3.2654140348111795	13.7691019113286	0.00224	-0.0017455870149275874	0.28460693359375	0	-0.0050599999999999985	0.0015000000000000013	False	0.0022400000000000024	0.015838623046875	2.6020852139652106e-18	False	1332264.0	39787.0	347.5292968	3166375936.0	world_g05_n003.mat	72C3A08AC448F102F3CB46492F86B52D9B93675C4014A8987244CFC246DFFFD2	59B22764181C475D824B3847F1FC4F2E3EA726C62618AB02D8691B028031CC55	AE9B0EEE540CC07AA3D3FE45D445B0C71815E95D7D461C6AB615903532705D09
G05	5	3	91205003	R2	3.2654140348111795	13.7691019113286	0.00224	-3.570654669401211e-05	0.978759765625	0	-0.0028000000000000004	0.002740000000000003	False	0.0022400000000000024	0.1015625	2.6020852139652106e-18	True	1332264.0	39787.0	347.5292968	3166375936.0	world_g05_n003.mat	72C3A08AC448F102F3CB46492F86B52D9B93675C4014A8987244CFC246DFFFD2	59B22764181C475D824B3847F1FC4F2E3EA726C62618AB02D8691B028031CC55	AE9B0EEE540CC07AA3D3FE45D445B0C71815E95D7D461C6AB615903532705D09
G05	5	4	91205004	R1	3.2654140348111795	13.7691019113286	0.00224	-0.0015825235998016586	0.215728759765625	0	-0.0042099999999999985	0.0010400000000000027	False	0.0022400000000000024	0.00506591796875	2.6020852139652106e-18	False	1332264.0	39936.0	342.4253247	3166347264.0	world_g05_n004.mat	552AC1D57B5F98F961B2C210C991D88DCA1C8B6D2F2A21FBA510790BAC260264	59B22764181C475D824B3847F1FC4F2E3EA726C62618AB02D8691B028031CC55	AE9B0EEE540CC07AA3D3FE45D445B0C71815E95D7D461C6AB615903532705D09
G05	5	4	91205004	R2	3.2654140348111795	13.7691019113286	0.00224	0.001464100157987376	0.49658203125	0	-0.002939999999999998	0.0060100000000000015	False	0.0022400000000000024	0.710693359375	2.6020852139652106e-18	True	1332264.0	39936.0	342.4253247	3166347264.0	world_g05_n004.mat	552AC1D57B5F98F961B2C210C991D88DCA1C8B6D2F2A21FBA510790BAC260264	59B22764181C475D824B3847F1FC4F2E3EA726C62618AB02D8691B028031CC55	AE9B0EEE540CC07AA3D3FE45D445B0C71815E95D7D461C6AB615903532705D09
G05	5	5	91205005	R1	3.2654140348111795	13.7691019113286	0.00224	-0.0013931720486591655	0.606658935546875	0	-0.006419999999999999	0.0033100000000000004	False	0.0022400000000000024	0.138641357421875	2.6020852139652106e-18	True	1332264.0	39859.0	341.6716327	3166306304.0	world_g05_n005.mat	F40220A5D30B209C79A4621692F41DC3D95FDAFE69F1F9E7817FB0D9A551DD58	59B22764181C475D824B3847F1FC4F2E3EA726C62618AB02D8691B028031CC55	AE9B0EEE540CC07AA3D3FE45D445B0C71815E95D7D461C6AB615903532705D09
G05	5	5	91205005	R2	3.2654140348111795	13.7691019113286	0.00224	0.00040618599512341183	0.80029296875	0	-0.003029999999999998	0.0038600000000000023	False	0.0022400000000000024	0.2705078125	2.6020852139652106e-18	True	1332264.0	39859.0	341.6716327	3166306304.0	world_g05_n005.mat	F40220A5D30B209C79A4621692F41DC3D95FDAFE69F1F9E7817FB0D9A551DD58	59B22764181C475D824B3847F1FC4F2E3EA726C62618AB02D8691B028031CC55	AE9B0EEE540CC07AA3D3FE45D445B0C71815E95D7D461C6AB615903532705D09
G05	5	6	91205006	R1	3.2654140348111795	13.7691019113286	0.00224	-0.0011398711101007904	0.47125244140625	0	-0.004469999999999998	0.002190000000000001	False	0.0022400000000000024	0.047332763671875	2.6020852139652106e-18	False	1332264.0	39882.0	343.3359702	3166273536.0	world_g05_n006.mat	FB7DCAF6E1D2B38476EA618735C8765C67CB9B8BF2F8313DA0411239FC647BD3	59B22764181C475D824B3847F1FC4F2E3EA726C62618AB02D8691B028031CC55	AE9B0EEE540CC07AA3D3FE45D445B0C71815E95D7D461C6AB615903532705D09
G05	5	6	91205006	R2	3.2654140348111795	13.7691019113286	0.00224	-0.0016050324538314643	0.38720703125	0	-0.005559999999999999	0.002310000000000003	False	0.0022400000000000024	0.0537109375	2.6020852139652106e-18	True	1332264.0	39882.0	343.3359702	3166273536.0	world_g05_n006.mat	FB7DCAF6E1D2B38476EA618735C8765C67CB9B8BF2F8313DA0411239FC647BD3	59B22764181C475D824B3847F1FC4F2E3EA726C62618AB02D8691B028031CC55	AE9B0EEE540CC07AA3D3FE45D445B0C71815E95D7D461C6AB615903532705D09
G05	5	7	91205007	R1	3.2654140348111795	13.7691019113286	0.00224	-0.0007049585129086983	0.666839599609375	0	-0.004189999999999999	0.0027700000000000016	False	0.0022400000000000024	0.091552734375	2.6020852139652106e-18	True	1332264.0	39856.0	341.3558823	3165245440.0	world_g05_n007.mat	316AC5085BA9738EDE75212C08800AA632AB8BFB5670925413163996789CD63A	59B22764181C475D824B3847F1FC4F2E3EA726C62618AB02D8691B028031CC55	AE9B0EEE540CC07AA3D3FE45D445B0C71815E95D7D461C6AB615903532705D09
G05	5	7	91205007	R2	3.2654140348111795	13.7691019113286	0.00224	0.0025146985802107008	0.296875	0	-0.0022199999999999998	0.007380000000000001	False	0.0022400000000000024	0.900634765625	2.6020852139652106e-18	True	1332264.0	39856.0	341.3558823	3165245440.0	world_g05_n007.mat	316AC5085BA9738EDE75212C08800AA632AB8BFB5670925413163996789CD63A	59B22764181C475D824B3847F1FC4F2E3EA726C62618AB02D8691B028031CC55	AE9B0EEE540CC07AA3D3FE45D445B0C71815E95D7D461C6AB615903532705D09
G05	5	8	91205008	R1	3.2654140348111795	13.7691019113286	0.00224	0.0011408289632556605	0.51776123046875	0	-0.002579999999999999	0.004860000000000003	False	0.0022400000000000024	0.533447265625	2.6020852139652106e-18	True	1332264.0	40145.0	345.1995045	3163254784.0	world_g05_n008.mat	D4535D1737A9D3435644E48E1457C292B98AF6C702486EB306317458125E51A7	59B22764181C475D824B3847F1FC4F2E3EA726C62618AB02D8691B028031CC55	AE9B0EEE540CC07AA3D3FE45D445B0C71815E95D7D461C6AB615903532705D09
G05	5	8	91205008	R2	3.2654140348111795	13.7691019113286	0.00224	-0.0007916543146675168	0.49560546875	0	-0.0032200000000000006	0.0015800000000000015	False	0.0022400000000000024	0.01611328125	2.6020852139652106e-18	False	1332264.0	40145.0	345.1995045	3163254784.0	world_g05_n008.mat	D4535D1737A9D3435644E48E1457C292B98AF6C702486EB306317458125E51A7	59B22764181C475D824B3847F1FC4F2E3EA726C62618AB02D8691B028031CC55	AE9B0EEE540CC07AA3D3FE45D445B0C71815E95D7D461C6AB615903532705D09
G05	5	9	91205009	R1	3.2654140348111795	13.7691019113286	0.00224	0.00194494283955413	0.195404052734375	0	-0.0011399999999999987	0.005000000000000001	False	0.0022400000000000024	0.839752197265625	2.6020852139652106e-18	True	1332264.0	40010.0	345.8867076	3162222592.0	world_g05_n009.mat	9BA8E0608F03AFA7FD9DA05C3B8A680574420296EAF6E5F27DEB87AA26A3A3DE	59B22764181C475D824B3847F1FC4F2E3EA726C62618AB02D8691B028031CC55	AE9B0EEE540CC07AA3D3FE45D445B0C71815E95D7D461C6AB615903532705D09
G05	5	9	91205009	R2	3.2654140348111795	13.7691019113286	0.00224	0.0006310256023843007	0.579345703125	0	-0.0017800000000000003	0.00307	False	0.0022400000000000024	0.170654296875	2.6020852139652106e-18	True	1332264.0	40010.0	345.8867076	3162222592.0	world_g05_n009.mat	9BA8E0608F03AFA7FD9DA05C3B8A680574420296EAF6E5F27DEB87AA26A3A3DE	59B22764181C475D824B3847F1FC4F2E3EA726C62618AB02D8691B028031CC55	AE9B0EEE540CC07AA3D3FE45D445B0C71815E95D7D461C6AB615903532705D09
G05	5	10	91205010	R1	3.2654140348111795	13.7691019113286	0.00224	-0.001209850569437142	0.459930419921875	0	-0.00465	0.0022199999999999998	False	0.0022400000000000024	0.049163818359375	2.6020852139652106e-18	False	1332264.0	39906.0	353.2394716	3161178112.0	world_g05_n010.mat	7383335C23D1540BF47275E28F8AAFBD58F2CB78F6E22B1992C7958A54FB0AEF	59B22764181C475D824B3847F1FC4F2E3EA726C62618AB02D8691B028031CC55	AE9B0EEE540CC07AA3D3FE45D445B0C71815E95D7D461C6AB615903532705D09
G05	5	10	91205010	R2	3.2654140348111795	13.7691019113286	0.00224	-0.00010106459880931663	0.956298828125	0	-0.0038899999999999976	0.003700000000000002	False	0.0022400000000000024	0.197265625	2.6020852139652106e-18	True	1332264.0	39906.0	353.2394716	3161178112.0	world_g05_n010.mat	7383335C23D1540BF47275E28F8AAFBD58F2CB78F6E22B1992C7958A54FB0AEF	59B22764181C475D824B3847F1FC4F2E3EA726C62618AB02D8691B028031CC55	AE9B0EEE540CC07AA3D3FE45D445B0C71815E95D7D461C6AB615903532705D09
G05	5	11	91205011	R1	3.2654140348111795	13.7691019113286	0.00224	-0.0018486789139774314	0.331787109375	0	-0.005769999999999999	0.0020300000000000006	False	0.0022400000000000024	0.040008544921875	2.6020852139652106e-18	False	1332264.0	40162.0	297.1132707	3161112576.0	world_g05_n011.mat	0C361422323964D90BF8DE1B762440DAFDA6910A8D04413D09926141A70497AB	59B22764181C475D824B3847F1FC4F2E3EA726C62618AB02D8691B028031CC55	AE9B0EEE540CC07AA3D3FE45D445B0C71815E95D7D461C6AB615903532705D09
G05	5	11	91205011	R2	3.2654140348111795	13.7691019113286	0.00224	-0.0011909956113489244	0.518310546875	0	-0.005209999999999999	0.002870000000000001	False	0.0022400000000000024	0.08935546875	2.6020852139652106e-18	True	1332264.0	40162.0	297.1132707	3161112576.0	world_g05_n011.mat	0C361422323964D90BF8DE1B762440DAFDA6910A8D04413D09926141A70497AB	59B22764181C475D824B3847F1FC4F2E3EA726C62618AB02D8691B028031CC55	AE9B0EEE540CC07AA3D3FE45D445B0C71815E95D7D461C6AB615903532705D09
G05	5	12	91205012	R1	3.2654140348111795	13.7691019113286	0.00224	-0.002159623108996784	0.319671630859375	0	-0.006459999999999999	0.0019500000000000003	False	0.0022400000000000024	0.031890869140625	2.6020852139652106e-18	False	1332264.0	39982.0	352.7534714	3160051712.0	world_g05_n012.mat	7B4751AAD538BF9EBC52377F82C9CB4A5955F251C7A4A1C72BEC5E818F2A545C	59B22764181C475D824B3847F1FC4F2E3EA726C62618AB02D8691B028031CC55	AE9B0EEE540CC07AA3D3FE45D445B0C71815E95D7D461C6AB615903532705D09
G05	5	12	91205012	R2	3.2654140348111795	13.7691019113286	0.00224	0.0005574000806473026	0.68212890625	0	-0.0024199999999999985	0.0035100000000000027	False	0.0022400000000000024	0.236083984375	2.6020852139652106e-18	True	1332264.0	39982.0	352.7534714	3160051712.0	world_g05_n012.mat	7B4751AAD538BF9EBC52377F82C9CB4A5955F251C7A4A1C72BEC5E818F2A545C	59B22764181C475D824B3847F1FC4F2E3EA726C62618AB02D8691B028031CC55	AE9B0EEE540CC07AA3D3FE45D445B0C71815E95D7D461C6AB615903532705D09
G05	5	13	91205013	R1	3.2654140348111795	13.7691019113286	0.00224	0.001113383302878519	0.2362060546875	0	-0.0008099999999999982	0.003040000000000001	False	0.0022400000000000024	0.23199462890625	2.6020852139652106e-18	True	1332264.0	40207.0	355.243647	3158904832.0	world_g05_n013.mat	90B00B014914D0C67429957DD7C25EDD82DD1CEADFF7ABFC4BAA3FD3F37F4F7E	59B22764181C475D824B3847F1FC4F2E3EA726C62618AB02D8691B028031CC55	AE9B0EEE540CC07AA3D3FE45D445B0C71815E95D7D461C6AB615903532705D09
G05	5	13	91205013	R2	3.2654140348111795	13.7691019113286	0.00224	-0.001662650950419803	0.288818359375	0	-0.00498	0.001570000000000002	False	0.0022400000000000024	0.02197265625	2.6020852139652106e-18	False	1332264.0	40207.0	355.243647	3158904832.0	world_g05_n013.mat	90B00B014914D0C67429957DD7C25EDD82DD1CEADFF7ABFC4BAA3FD3F37F4F7E	59B22764181C475D824B3847F1FC4F2E3EA726C62618AB02D8691B028031CC55	AE9B0EEE540CC07AA3D3FE45D445B0C71815E95D7D461C6AB615903532705D09
G05	5	14	91205014	R1	3.2654140348111795	13.7691019113286	0.00224	0.00015107375505758215	0.944793701171875	0	-0.004539999999999999	0.004810000000000002	False	0.0022400000000000024	0.350128173828125	2.6020852139652106e-18	True	1332264.0	40344.0	277.4855089	3158921216.0	world_g05_n014.mat	B61CAFBD8D0E462136ADD0EBE9A63280BD78B3F40E70721120C96689A98D95C6	59B22764181C475D824B3847F1FC4F2E3EA726C62618AB02D8691B028031CC55	AE9B0EEE540CC07AA3D3FE45D445B0C71815E95D7D461C6AB615903532705D09
G05	5	14	91205014	R2	3.2654140348111795	13.7691019113286	0.00224	-0.0017661698027903352	0.395751953125	0	-0.0060999999999999995	0.002760000000000002	False	0.0022400000000000024	0.07275390625	2.6020852139652106e-18	True	1332264.0	40344.0	277.4855089	3158921216.0	world_g05_n014.mat	B61CAFBD8D0E462136ADD0EBE9A63280BD78B3F40E70721120C96689A98D95C6	59B22764181C475D824B3847F1FC4F2E3EA726C62618AB02D8691B028031CC55	AE9B0EEE540CC07AA3D3FE45D445B0C71815E95D7D461C6AB615903532705D09
G05	5	15	91205015	R1	3.2654140348111795	13.7691019113286	0.00224	0.0008830149389935458	0.5426025390625	0	-0.0020999999999999977	0.003720000000000001	False	0.0022400000000000024	0.366790771484375	2.6020852139652106e-18	True	1332264.0	40498.0	264.5172418	3156865024.0	world_g05_n015.mat	58524EDFC36CB7340862A0FD656D4D1B46A99F011C140990ECBE5D85742BD6B6	59B22764181C475D824B3847F1FC4F2E3EA726C62618AB02D8691B028031CC55	AE9B0EEE540CC07AA3D3FE45D445B0C71815E95D7D461C6AB615903532705D09
G05	5	15	91205015	R2	3.2654140348111795	13.7691019113286	0.00224	-0.0004569283836032259	0.813232421875	0	-0.004659999999999999	0.0036000000000000025	False	0.0022400000000000024	0.1865234375	2.6020852139652106e-18	True	1332264.0	40498.0	264.5172418	3156865024.0	world_g05_n015.mat	58524EDFC36CB7340862A0FD656D4D1B46A99F011C140990ECBE5D85742BD6B6	59B22764181C475D824B3847F1FC4F2E3EA726C62618AB02D8691B028031CC55	AE9B0EEE540CC07AA3D3FE45D445B0C71815E95D7D461C6AB615903532705D09
G05	5	16	91205016	R1	3.2654140348111795	13.7691019113286	0.00224	0.0005091340538946325	0.67840576171875	0	-0.0021099999999999973	0.0031400000000000004	False	0.0022400000000000024	0.177398681640625	2.6020852139652106e-18	True	1332264.0	40205.0	263.0385341	3156713472.0	world_g05_n016.mat	6735CE3460E056C0739EF6B68C9C58C10DD856185EE0F8259E267953C670FDF8	59B22764181C475D824B3847F1FC4F2E3EA726C62618AB02D8691B028031CC55	AE9B0EEE540CC07AA3D3FE45D445B0C71815E95D7D461C6AB615903532705D09
G05	5	16	91205016	R2	3.2654140348111795	13.7691019113286	0.00224	-0.000984059154843344	0.5771484375	0	-0.004739999999999999	0.002740000000000003	False	0.0022400000000000024	0.086181640625	2.6020852139652106e-18	True	1332264.0	40205.0	263.0385341	3156713472.0	world_g05_n016.mat	6735CE3460E056C0739EF6B68C9C58C10DD856185EE0F8259E267953C670FDF8	59B22764181C475D824B3847F1FC4F2E3EA726C62618AB02D8691B028031CC55	AE9B0EEE540CC07AA3D3FE45D445B0C71815E95D7D461C6AB615903532705D09
G05	5	17	91205017	R1	3.2654140348111795	13.7691019113286	0.00224	0.00020172539892887825	0.911529541015625	0	-0.003459999999999998	0.003700000000000002	False	0.0022400000000000024	0.263153076171875	2.6020852139652106e-18	True	1332264.0	40060.0	280.4555827	3156463616.0	world_g05_n017.mat	9361B80DB765B9911D074FEE56CECB1DAF3DAEF279A213F4E84D7CF603ABF221	59B22764181C475D824B3847F1FC4F2E3EA726C62618AB02D8691B028031CC55	AE9B0EEE540CC07AA3D3FE45D445B0C71815E95D7D461C6AB615903532705D09
G05	5	17	91205017	R2	3.2654140348111795	13.7691019113286	0.00224	-0.0014211929944754455	0.3818359375	0	-0.00486	0.0020900000000000016	False	0.0022400000000000024	0.04248046875	2.6020852139652106e-18	False	1332264.0	40060.0	280.4555827	3156463616.0	world_g05_n017.mat	9361B80DB765B9911D074FEE56CECB1DAF3DAEF279A213F4E84D7CF603ABF221	59B22764181C475D824B3847F1FC4F2E3EA726C62618AB02D8691B028031CC55	AE9B0EEE540CC07AA3D3FE45D445B0C71815E95D7D461C6AB615903532705D09
G05	5	18	91205018	R1	3.2654140348111795	13.7691019113286	0.00224	-0.001582882377565551	0.33941650390625	0	-0.005019999999999998	0.0018799999999999997	False	0.0022400000000000024	0.03338623046875	2.6020852139652106e-18	False	1332264.0	39751.0	376.5281079	3143778304.0	world_g05_n018.mat	E3E0D28512AF1F33B44F768EE4BF516E6B5E8E117B2C586B94109CD47298C221	59B22764181C475D824B3847F1FC4F2E3EA726C62618AB02D8691B028031CC55	AE9B0EEE540CC07AA3D3FE45D445B0C71815E95D7D461C6AB615903532705D09
G05	5	18	91205018	R2	3.2654140348111795	13.7691019113286	0.00224	-0.0007697447555762972	0.629638671875	0	-0.004139999999999998	0.002680000000000002	False	0.0022400000000000024	0.079833984375	2.6020852139652106e-18	True	1332264.0	39751.0	376.5281079	3143778304.0	world_g05_n018.mat	E3E0D28512AF1F33B44F768EE4BF516E6B5E8E117B2C586B94109CD47298C221	59B22764181C475D824B3847F1FC4F2E3EA726C62618AB02D8691B028031CC55	AE9B0EEE540CC07AA3D3FE45D445B0C71815E95D7D461C6AB615903532705D09
G05	5	19	91205019	R1	3.2654140348111795	13.7691019113286	0.00224	-0.0015031304084017114	0.43658447265625	0	-0.00545	0.00238	False	0.0022400000000000024	0.058746337890625	2.6020852139652106e-18	True	1332264.0	40030.0	386.8481385	3142565888.0	world_g05_n019.mat	F345CB7905D9FCF0F6AFD1F2AD430837E93EF2859500DDE8BB0129D38A2A552F	59B22764181C475D824B3847F1FC4F2E3EA726C62618AB02D8691B028031CC55	AE9B0EEE540CC07AA3D3FE45D445B0C71815E95D7D461C6AB615903532705D09
G05	5	19	91205019	R2	3.2654140348111795	13.7691019113286	0.00224	0.0032928850203785176	0.13916015625	0	-0.0012899999999999995	0.007760000000000003	False	0.0022400000000000024	0.6201171875	2.6020852139652106e-18	True	1332264.0	40030.0	386.8481385	3142565888.0	world_g05_n019.mat	F345CB7905D9FCF0F6AFD1F2AD430837E93EF2859500DDE8BB0129D38A2A552F	59B22764181C475D824B3847F1FC4F2E3EA726C62618AB02D8691B028031CC55	AE9B0EEE540CC07AA3D3FE45D445B0C71815E95D7D461C6AB615903532705D09
G05	5	20	91205020	R1	3.2654140348111795	13.7691019113286	0.00224	0.0018110491240096694	0.17486572265625	0	-0.0009300000000000003	0.0045000000000000005	False	0.0022400000000000024	0.74407958984375	2.6020852139652106e-18	True	1332264.0	40096.0	385.3280239	3131768832.0	world_g05_n020.mat	3CF8F46C5EA55FCA550B5749433FCAFFDCE2B7CE96463AE7E5239D263A9DB974	59B22764181C475D824B3847F1FC4F2E3EA726C62618AB02D8691B028031CC55	AE9B0EEE540CC07AA3D3FE45D445B0C71815E95D7D461C6AB615903532705D09
G05	5	20	91205020	R2	3.2654140348111795	13.7691019113286	0.00224	-0.0024750079725331703	0.020263671875	1	-0.004579999999999999	-0.00040999999999999717	False	0.0022400000000000024	0.000244140625	2.6020852139652106e-18	False	1332264.0	40096.0	385.3280239	3131768832.0	world_g05_n020.mat	3CF8F46C5EA55FCA550B5749433FCAFFDCE2B7CE96463AE7E5239D263A9DB974	59B22764181C475D824B3847F1FC4F2E3EA726C62618AB02D8691B028031CC55	AE9B0EEE540CC07AA3D3FE45D445B0C71815E95D7D461C6AB615903532705D09
G05	5	21	91205021	R1	3.2654140348111795	13.7691019113286	0.00224	0.0005379940980750814	0.76416015625	0	-0.003179999999999999	0.004130000000000002	False	0.0022400000000000024	0.3629150390625	2.6020852139652106e-18	True	1332264.0	40295.0	340.7944038	3165638656.0	world_g05_n021.mat	EBA42487202722879838E7508DB244540DEC9D95EA27DA74BC80ACC6C8B92854	59B22764181C475D824B3847F1FC4F2E3EA726C62618AB02D8691B028031CC55	AE9B0EEE540CC07AA3D3FE45D445B0C71815E95D7D461C6AB615903532705D09
G05	5	21	91205021	R2	3.2654140348111795	13.7691019113286	0.00224	0.0007009304898032856	0.63525390625	0	-0.0025099999999999983	0.00375	False	0.0022400000000000024	0.341796875	2.6020852139652106e-18	True	1332264.0	40295.0	340.7944038	3165638656.0	world_g05_n021.mat	EBA42487202722879838E7508DB244540DEC9D95EA27DA74BC80ACC6C8B92854	59B22764181C475D824B3847F1FC4F2E3EA726C62618AB02D8691B028031CC55	AE9B0EEE540CC07AA3D3FE45D445B0C71815E95D7D461C6AB615903532705D09
G05	5	22	91205022	R1	3.2654140348111795	13.7691019113286	0.00224	0.0019375647291211885	0.197418212890625	0	-0.0011699999999999974	0.005040000000000003	False	0.0022400000000000024	0.834716796875	2.6020852139652106e-18	True	1332264.0	39906.0	338.6218844	3165630464.0	world_g05_n022.mat	1BA56137AFBE83DB27880795DBA7F03784EF419A1DABD651EBAC1BC0D93E6914	59B22764181C475D824B3847F1FC4F2E3EA726C62618AB02D8691B028031CC55	AE9B0EEE540CC07AA3D3FE45D445B0C71815E95D7D461C6AB615903532705D09
G05	5	22	91205022	R2	3.2654140348111795	13.7691019113286	0.00224	-0.005397543166257744	0.013916015625	1	-0.00954	-0.0013099999999999987	False	0.0022400000000000024	0.00146484375	2.6020852139652106e-18	False	1332264.0	39906.0	338.6218844	3165630464.0	world_g05_n022.mat	1BA56137AFBE83DB27880795DBA7F03784EF419A1DABD651EBAC1BC0D93E6914	59B22764181C475D824B3847F1FC4F2E3EA726C62618AB02D8691B028031CC55	AE9B0EEE540CC07AA3D3FE45D445B0C71815E95D7D461C6AB615903532705D09
G05	5	23	91205023	R1	3.2654140348111795	13.7691019113286	0.00224	-0.0014090351549070409	0.285552978515625	0	-0.004129999999999998	0.001290000000000003	False	0.0022400000000000024	0.010589599609375	2.6020852139652106e-18	False	1332264.0	39971.0	339.0247887	3164696576.0	world_g05_n023.mat	2614FC6D80428F32B0558D3541F0508D35C15634E584F4A55A23CB92AA70E58C	59B22764181C475D824B3847F1FC4F2E3EA726C62618AB02D8691B028031CC55	AE9B0EEE540CC07AA3D3FE45D445B0C71815E95D7D461C6AB615903532705D09
G05	5	23	91205023	R2	3.2654140348111795	13.7691019113286	0.00224	0.00030937869579902107	0.89697265625	0	-0.003879999999999998	0.004910000000000001	False	0.0022400000000000024	0.38720703125	2.6020852139652106e-18	True	1332264.0	39971.0	339.0247887	3164696576.0	world_g05_n023.mat	2614FC6D80428F32B0558D3541F0508D35C15634E584F4A55A23CB92AA70E58C	59B22764181C475D824B3847F1FC4F2E3EA726C62618AB02D8691B028031CC55	AE9B0EEE540CC07AA3D3FE45D445B0C71815E95D7D461C6AB615903532705D09
G05	5	24	91205024	R1	3.2654140348111795	13.7691019113286	0.00224	-0.00038203290618598284	0.847412109375	0	-0.004569999999999999	0.0038500000000000027	False	0.0022400000000000024	0.199493408203125	2.6020852139652106e-18	True	1332264.0	40175.0	340.4744277	3165642752.0	world_g05_n024.mat	4D7260E6E68BD422B803143C074F54902CA4F35E52A2062DEFFDAE088A088C1F	59B22764181C475D824B3847F1FC4F2E3EA726C62618AB02D8691B028031CC55	AE9B0EEE540CC07AA3D3FE45D445B0C71815E95D7D461C6AB615903532705D09
G05	5	24	91205024	R2	3.2654140348111795	13.7691019113286	0.00224	0.0021109351267558983	0.16748046875	0	-0.0010399999999999993	0.005260000000000001	False	0.0022400000000000024	0.927734375	2.6020852139652106e-18	True	1332264.0	40175.0	340.4744277	3165642752.0	world_g05_n024.mat	4D7260E6E68BD422B803143C074F54902CA4F35E52A2062DEFFDAE088A088C1F	59B22764181C475D824B3847F1FC4F2E3EA726C62618AB02D8691B028031CC55	AE9B0EEE540CC07AA3D3FE45D445B0C71815E95D7D461C6AB615903532705D09
G05	5	25	91205025	R1	3.2654140348111795	13.7691019113286	0.00224	0.001072309563511276	0.362396240234375	0	-0.00136	0.003380000000000001	False	0.0022400000000000024	0.3380126953125	2.6020852139652106e-18	True	1332264.0	39933.0	338.1761703	3164680192.0	world_g05_n025.mat	68D8E2A3F6B5C9BFED047CCB8EAB07C0461DA8BC79240B328FBD387F10664F9C	59B22764181C475D824B3847F1FC4F2E3EA726C62618AB02D8691B028031CC55	AE9B0EEE540CC07AA3D3FE45D445B0C71815E95D7D461C6AB615903532705D09
G05	5	25	91205025	R2	3.2654140348111795	13.7691019113286	0.00224	0.003335763871289234	0.03662109375	1	0.00021000000000000185	0.006710000000000001	False	0.0022400000000000024	0.525634765625	2.6020852139652106e-18	True	1332264.0	39933.0	338.1761703	3164680192.0	world_g05_n025.mat	68D8E2A3F6B5C9BFED047CCB8EAB07C0461DA8BC79240B328FBD387F10664F9C	59B22764181C475D824B3847F1FC4F2E3EA726C62618AB02D8691B028031CC55	AE9B0EEE540CC07AA3D3FE45D445B0C71815E95D7D461C6AB615903532705D09
G05	5	26	91205026	R1	3.2654140348111795	13.7691019113286	0.00224	-0.0009055968846910786	0.64874267578125	0	-0.005129999999999999	0.0033400000000000027	False	0.0022400000000000024	0.13104248046875	2.6020852139652106e-18	True	1332264.0	40548.0	332.8577612	3164807168.0	world_g05_n026.mat	446C3259A97DE6F8503860829DFC71C80FC9494127B33D02019CDEBC63DE85FA	59B22764181C475D824B3847F1FC4F2E3EA726C62618AB02D8691B028031CC55	AE9B0EEE540CC07AA3D3FE45D445B0C71815E95D7D461C6AB615903532705D09
G05	5	26	91205026	R2	3.2654140348111795	13.7691019113286	0.00224	-0.004507860622261336	0.010498046875	1	-0.00771	-0.0013199999999999983	False	0.0022400000000000024	0.00048828125	2.6020852139652106e-18	False	1332264.0	40548.0	332.8577612	3164807168.0	world_g05_n026.mat	446C3259A97DE6F8503860829DFC71C80FC9494127B33D02019CDEBC63DE85FA	59B22764181C475D824B3847F1FC4F2E3EA726C62618AB02D8691B028031CC55	AE9B0EEE540CC07AA3D3FE45D445B0C71815E95D7D461C6AB615903532705D09
G05	5	27	91205027	R1	3.2654140348111795	13.7691019113286	0.00224	-0.001782460320667272	0.27435302734375	0	-0.0052	0.001630000000000003	False	0.0022400000000000024	0.025787353515625	2.6020852139652106e-18	False	1332264.0	40136.0	334.7447184	3163820032.0	world_g05_n027.mat	15802AE9887EC59DD8AD26FC5921F90CEE23913F911DBE82D3CDCB097946F3EE	59B22764181C475D824B3847F1FC4F2E3EA726C62618AB02D8691B028031CC55	AE9B0EEE540CC07AA3D3FE45D445B0C71815E95D7D461C6AB615903532705D09
G05	5	27	91205027	R2	3.2654140348111795	13.7691019113286	0.00224	-0.0028884474570694514	0.0400390625	1	-0.005649999999999999	-0.00017	False	0.0022400000000000024	0.001708984375	2.6020852139652106e-18	False	1332264.0	40136.0	334.7447184	3163820032.0	world_g05_n027.mat	15802AE9887EC59DD8AD26FC5921F90CEE23913F911DBE82D3CDCB097946F3EE	59B22764181C475D824B3847F1FC4F2E3EA726C62618AB02D8691B028031CC55	AE9B0EEE540CC07AA3D3FE45D445B0C71815E95D7D461C6AB615903532705D09
G05	5	28	91205028	R1	3.2654140348111795	13.7691019113286	0.00224	-0.0001751708333836442	0.9129638671875	0	-0.0036500000000000005	0.00324	False	0.0022400000000000024	0.160186767578125	2.6020852139652106e-18	True	1332264.0	40255.0	335.0742276	3164684288.0	world_g05_n028.mat	F14B93FA7D51A56DBDDD9BC593DCA092A62202F773B4AF5B60D36752CF306E5C	59B22764181C475D824B3847F1FC4F2E3EA726C62618AB02D8691B028031CC55	AE9B0EEE540CC07AA3D3FE45D445B0C71815E95D7D461C6AB615903532705D09
G05	5	28	91205028	R2	3.2654140348111795	13.7691019113286	0.00224	-0.0013428150340912515	0.247802734375	0	-0.0037899999999999982	0.0011300000000000025	False	0.0022400000000000024	0.006103515625	2.6020852139652106e-18	False	1332264.0	40255.0	335.0742276	3164684288.0	world_g05_n028.mat	F14B93FA7D51A56DBDDD9BC593DCA092A62202F773B4AF5B60D36752CF306E5C	59B22764181C475D824B3847F1FC4F2E3EA726C62618AB02D8691B028031CC55	AE9B0EEE540CC07AA3D3FE45D445B0C71815E95D7D461C6AB615903532705D09
G05	5	29	91205029	R1	3.2654140348111795	13.7691019113286	0.00224	0.0007781195277414741	0.64154052734375	0	-0.00272	0.004310000000000001	False	0.0022400000000000024	0.383453369140625	2.6020852139652106e-18	True	1332264.0	40519.0	335.81592	3163729920.0	world_g05_n029.mat	DE6BA0C113BDF8C10C9F62146412483D3448CFC53BF02D8CD9349B87621A3958	59B22764181C475D824B3847F1FC4F2E3EA726C62618AB02D8691B028031CC55	AE9B0EEE540CC07AA3D3FE45D445B0C71815E95D7D461C6AB615903532705D09
G05	5	29	91205029	R2	3.2654140348111795	13.7691019113286	0.00224	-0.002480987288138949	0.08984375	0	-0.00541	0.0004900000000000009	False	0.0022400000000000024	0.00439453125	2.6020852139652106e-18	False	1332264.0	40519.0	335.81592	3163729920.0	world_g05_n029.mat	DE6BA0C113BDF8C10C9F62146412483D3448CFC53BF02D8CD9349B87621A3958	59B22764181C475D824B3847F1FC4F2E3EA726C62618AB02D8691B028031CC55	AE9B0EEE540CC07AA3D3FE45D445B0C71815E95D7D461C6AB615903532705D09
G05	5	30	91205030	R1	3.2654140348111795	13.7691019113286	0.00224	0.001225983546211687	0.383056640625	0	-0.0017099999999999997	0.004150000000000001	False	0.0022400000000000024	0.468536376953125	2.6020852139652106e-18	True	1332264.0	39999.0	331.5342206	3163709440.0	world_g05_n030.mat	72B50329BD0B7C869375D76C5C7608FCED951024A2C50F45C138CC0EECF4428A	59B22764181C475D824B3847F1FC4F2E3EA726C62618AB02D8691B028031CC55	AE9B0EEE540CC07AA3D3FE45D445B0C71815E95D7D461C6AB615903532705D09
G05	5	30	91205030	R2	3.2654140348111795	13.7691019113286	0.00224	-0.0005588492383910937	0.834716796875	0	-0.005739999999999999	0.005030000000000003	False	0.0022400000000000024	0.2900390625	2.6020852139652106e-18	True	1332264.0	39999.0	331.5342206	3163709440.0	world_g05_n030.mat	72B50329BD0B7C869375D76C5C7608FCED951024A2C50F45C138CC0EECF4428A	59B22764181C475D824B3847F1FC4F2E3EA726C62618AB02D8691B028031CC55	AE9B0EEE540CC07AA3D3FE45D445B0C71815E95D7D461C6AB615903532705D09
G05	5	31	91205031	R1	3.2654140348111795	13.7691019113286	0.00224	-5.280310764238828e-05	0.970306396484375	0	-0.0030799999999999994	0.0029400000000000016	False	0.0022400000000000024	0.12689208984375	2.6020852139652106e-18	True	1332264.0	39789.0	330.6162584	3163746304.0	world_g05_n031.mat	3D4636AEEBAA15E3C31C235E33F86A36AAB9DE87718E223AB387EBA6D25B0B02	59B22764181C475D824B3847F1FC4F2E3EA726C62618AB02D8691B028031CC55	AE9B0EEE540CC07AA3D3FE45D445B0C71815E95D7D461C6AB615903532705D09
G05	5	31	91205031	R2	3.2654140348111795	13.7691019113286	0.00224	-0.0044907630241033105	0.06005859375	0	-0.009269999999999999	0.0001799999999999996	False	0.0022400000000000024	0.00830078125	2.6020852139652106e-18	False	1332264.0	39789.0	330.6162584	3163746304.0	world_g05_n031.mat	3D4636AEEBAA15E3C31C235E33F86A36AAB9DE87718E223AB387EBA6D25B0B02	59B22764181C475D824B3847F1FC4F2E3EA726C62618AB02D8691B028031CC55	AE9B0EEE540CC07AA3D3FE45D445B0C71815E95D7D461C6AB615903532705D09
G05	5	32	91205032	R1	3.2654140348111795	13.7691019113286	0.00224	-0.0017731084528663636	0.294464111328125	0	-0.005099999999999999	0.0013000000000000025	False	0.0022400000000000024	0.01080322265625	2.6020852139652106e-18	False	1332264.0	40313.0	328.331493	3162730496.0	world_g05_n032.mat	281892CF5238E448F53F56CE03AEE7AD1CA153A575B2CDACF8CFDEBA192E4139	59B22764181C475D824B3847F1FC4F2E3EA726C62618AB02D8691B028031CC55	AE9B0EEE540CC07AA3D3FE45D445B0C71815E95D7D461C6AB615903532705D09
G05	5	32	91205032	R2	3.2654140348111795	13.7691019113286	0.00224	-2.1861815702738315e-05	0.988525390625	0	-0.00341	0.0033500000000000023	False	0.0022400000000000024	0.179931640625	2.6020852139652106e-18	True	1332264.0	40313.0	328.331493	3162730496.0	world_g05_n032.mat	281892CF5238E448F53F56CE03AEE7AD1CA153A575B2CDACF8CFDEBA192E4139	59B22764181C475D824B3847F1FC4F2E3EA726C62618AB02D8691B028031CC55	AE9B0EEE540CC07AA3D3FE45D445B0C71815E95D7D461C6AB615903532705D09
G05	5	33	91205033	R1	3.2654140348111795	13.7691019113286	0.00224	-0.000989829326671299	0.58123779296875	0	-0.00482	0.0028400000000000022	False	0.0022400000000000024	0.084503173828125	2.6020852139652106e-18	True	1332264.0	40303.0	332.9089198	3161784320.0	world_g05_n033.mat	756FFA69531E347D043584AD56520082AE7D08353CC9A57CC4663FD860335267	59B22764181C475D824B3847F1FC4F2E3EA726C62618AB02D8691B028031CC55	AE9B0EEE540CC07AA3D3FE45D445B0C71815E95D7D461C6AB615903532705D09
G05	5	33	91205033	R2	3.2654140348111795	13.7691019113286	0.00224	0.001334402002554006	0.5576171875	0	-0.0036399999999999974	0.006150000000000003	False	0.0022400000000000024	0.6943359375	2.6020852139652106e-18	True	1332264.0	40303.0	332.9089198	3161784320.0	world_g05_n033.mat	756FFA69531E347D043584AD56520082AE7D08353CC9A57CC4663FD860335267	59B22764181C475D824B3847F1FC4F2E3EA726C62618AB02D8691B028031CC55	AE9B0EEE540CC07AA3D3FE45D445B0C71815E95D7D461C6AB615903532705D09
G05	5	34	91205034	R1	3.2654140348111795	13.7691019113286	0.00224	0.0007476707356769688	0.72271728515625	0	-0.0036699999999999997	0.005060000000000002	False	0.0022400000000000024	0.485137939453125	2.6020852139652106e-18	True	1332264.0	39792.0	332.7136464	3162718208.0	world_g05_n034.mat	4E7730F249BC4DF4EFAD82B4C4FB52ED8594A9071A9F848CE46977A8D204592F	59B22764181C475D824B3847F1FC4F2E3EA726C62618AB02D8691B028031CC55	AE9B0EEE540CC07AA3D3FE45D445B0C71815E95D7D461C6AB615903532705D09
G05	5	34	91205034	R2	3.2654140348111795	13.7691019113286	0.00224	0.0011812528197011037	0.555908203125	0	-0.003089999999999999	0.005500000000000001	False	0.0022400000000000024	0.591552734375	2.6020852139652106e-18	True	1332264.0	39792.0	332.7136464	3162718208.0	world_g05_n034.mat	4E7730F249BC4DF4EFAD82B4C4FB52ED8594A9071A9F848CE46977A8D204592F	59B22764181C475D824B3847F1FC4F2E3EA726C62618AB02D8691B028031CC55	AE9B0EEE540CC07AA3D3FE45D445B0C71815E95D7D461C6AB615903532705D09
G05	5	35	91205035	R1	3.2654140348111795	13.7691019113286	0.00224	0.00025652777697433155	0.873077392578125	0	-0.0028699999999999976	0.003500000000000003	False	0.0022400000000000024	0.205291748046875	2.6020852139652106e-18	True	1332264.0	40413.0	332.6713595	3162636288.0	world_g05_n035.mat	E44E79D1E05AEC700F7AE77B205CD76C55886FEFA8593D604EF127B132363BFD	59B22764181C475D824B3847F1FC4F2E3EA726C62618AB02D8691B028031CC55	AE9B0EEE540CC07AA3D3FE45D445B0C71815E95D7D461C6AB615903532705D09
G05	5	35	91205035	R2	3.2654140348111795	13.7691019113286	0.00224	2.453683939103636e-05	0.98779296875	0	-0.003539999999999998	0.003530000000000002	False	0.0022400000000000024	0.2001953125	2.6020852139652106e-18	True	1332264.0	40413.0	332.6713595	3162636288.0	world_g05_n035.mat	E44E79D1E05AEC700F7AE77B205CD76C55886FEFA8593D604EF127B132363BFD	59B22764181C475D824B3847F1FC4F2E3EA726C62618AB02D8691B028031CC55	AE9B0EEE540CC07AA3D3FE45D445B0C71815E95D7D461C6AB615903532705D09
G05	5	36	91205036	R1	3.2654140348111795	13.7691019113286	0.00224	0.0006618980567221663	0.733001708984375	0	-0.0018899999999999993	0.0035600000000000007	False	0.0022400000000000024	0.276123046875	2.6020852139652106e-18	True	1332264.0	39907.0	333.1424814	3161649152.0	world_g05_n036.mat	654155B02B21555A155698F875A33F5C349E2D6C61D996CA94D608DED63D6098	59B22764181C475D824B3847F1FC4F2E3EA726C62618AB02D8691B028031CC55	AE9B0EEE540CC07AA3D3FE45D445B0C71815E95D7D461C6AB615903532705D09
G05	5	36	91205036	R2	3.2654140348111795	13.7691019113286	0.00224	-0.005516630413501025	0.005126953125	1	-0.00874	-0.0022699999999999977	False	0.0022400000000000024	0.000732421875	2.6020852139652106e-18	False	1332264.0	39907.0	333.1424814	3161649152.0	world_g05_n036.mat	654155B02B21555A155698F875A33F5C349E2D6C61D996CA94D608DED63D6098	59B22764181C475D824B3847F1FC4F2E3EA726C62618AB02D8691B028031CC55	AE9B0EEE540CC07AA3D3FE45D445B0C71815E95D7D461C6AB615903532705D09
G05	5	37	91205037	R1	3.2654140348111795	13.7691019113286	0.00224	-0.0016445266460859667	0.30908203125	0	-0.004999999999999999	0.0017600000000000011	False	0.0022400000000000024	0.02947998046875	2.6020852139652106e-18	False	1332264.0	39805.0	330.748753	3160682496.0	world_g05_n037.mat	3402C014C8C5489F2A2D146E64138D0690034EEC56E768856879AE3B9146C4A6	59B22764181C475D824B3847F1FC4F2E3EA726C62618AB02D8691B028031CC55	AE9B0EEE540CC07AA3D3FE45D445B0C71815E95D7D461C6AB615903532705D09
G05	5	37	91205037	R2	3.2654140348111795	13.7691019113286	0.00224	8.622064155532826e-05	0.951171875	0	-0.0026799999999999984	0.003100000000000002	False	0.0022400000000000024	0.142333984375	2.6020852139652106e-18	True	1332264.0	39805.0	330.748753	3160682496.0	world_g05_n037.mat	3402C014C8C5489F2A2D146E64138D0690034EEC56E768856879AE3B9146C4A6	59B22764181C475D824B3847F1FC4F2E3EA726C62618AB02D8691B028031CC55	AE9B0EEE540CC07AA3D3FE45D445B0C71815E95D7D461C6AB615903532705D09
G05	5	38	91205038	R1	3.2654140348111795	13.7691019113286	0.00224	-0.0018196760180808932	0.327667236328125	0	-0.0053599999999999984	0.0019500000000000003	False	0.0022400000000000024	0.0374755859375	2.6020852139652106e-18	False	1332264.0	39795.0	329.9455965	3161624576.0	world_g05_n038.mat	1183429B49628FF1298FCA9625DCF6280A7C1B052D2E60197FAF19EA871D8B44	59B22764181C475D824B3847F1FC4F2E3EA726C62618AB02D8691B028031CC55	AE9B0EEE540CC07AA3D3FE45D445B0C71815E95D7D461C6AB615903532705D09
G05	5	38	91205038	R2	3.2654140348111795	13.7691019113286	0.00224	0.00031922980210476783	0.82373046875	0	-0.0027599999999999986	0.003330000000000003	False	0.0022400000000000024	0.19287109375	2.6020852139652106e-18	True	1332264.0	39795.0	329.9455965	3161624576.0	world_g05_n038.mat	1183429B49628FF1298FCA9625DCF6280A7C1B052D2E60197FAF19EA871D8B44	59B22764181C475D824B3847F1FC4F2E3EA726C62618AB02D8691B028031CC55	AE9B0EEE540CC07AA3D3FE45D445B0C71815E95D7D461C6AB615903532705D09
G05	5	39	91205039	R1	3.2654140348111795	13.7691019113286	0.00224	-0.0027808809695431696	0.078643798828125	0	-0.005989999999999999	0.00029000000000000206	False	0.0022400000000000024	0.001434326171875	2.6020852139652106e-18	False	1332264.0	40033.0	331.3732903	3160629248.0	world_g05_n039.mat	AA6AE984E1717942558EFD3B6AA100F3985A8FB98488BDA8A7C1F9C6A251884D	59B22764181C475D824B3847F1FC4F2E3EA726C62618AB02D8691B028031CC55	AE9B0EEE540CC07AA3D3FE45D445B0C71815E95D7D461C6AB615903532705D09
G05	5	39	91205039	R2	3.2654140348111795	13.7691019113286	0.00224	-0.0007475060330493757	0.704345703125	0	-0.00507	0.003530000000000002	False	0.0022400000000000024	0.150390625	2.6020852139652106e-18	True	1332264.0	40033.0	331.3732903	3160629248.0	world_g05_n039.mat	AA6AE984E1717942558EFD3B6AA100F3985A8FB98488BDA8A7C1F9C6A251884D	59B22764181C475D824B3847F1FC4F2E3EA726C62618AB02D8691B028031CC55	AE9B0EEE540CC07AA3D3FE45D445B0C71815E95D7D461C6AB615903532705D09
G05	5	40	91205040	R1	3.2654140348111795	13.7691019113286	0.00224	0.0010438316655921919	0.56365966796875	0	-0.0028000000000000004	0.004820000000000001	False	0.0022400000000000024	0.513671875	2.6020852139652106e-18	True	1332264.0	39936.0	329.9508463	3160633344.0	world_g05_n040.mat	082DEBE600E7AD64CAA99E391BB9353227673EF0A08D4490FC21A0CAE4A14B7A	59B22764181C475D824B3847F1FC4F2E3EA726C62618AB02D8691B028031CC55	AE9B0EEE540CC07AA3D3FE45D445B0C71815E95D7D461C6AB615903532705D09
G05	5	40	91205040	R2	3.2654140348111795	13.7691019113286	0.00224	-0.002617971149500341	0.208251953125	0	-0.006999999999999999	0.001740000000000002	False	0.0022400000000000024	0.032470703125	2.6020852139652106e-18	False	1332264.0	39936.0	329.9508463	3160633344.0	world_g05_n040.mat	082DEBE600E7AD64CAA99E391BB9353227673EF0A08D4490FC21A0CAE4A14B7A	59B22764181C475D824B3847F1FC4F2E3EA726C62618AB02D8691B028031CC55	AE9B0EEE540CC07AA3D3FE45D445B0C71815E95D7D461C6AB615903532705D09
G05	5	41	91205041	R1	3.2654140348111795	13.7691019113286	0.00224	-0.0018723181146413762	0.314178466796875	0	-0.005479999999999999	0.0019400000000000008	False	0.0022400000000000024	0.03680419921875	2.6020852139652106e-18	False	1332264.0	40463.0	328.4716542	3161567232.0	world_g05_n041.mat	6615BB9551037FD60CB6888DDF2118BA67709DCB8055C1B05306BCDF6EC169AD	59B22764181C475D824B3847F1FC4F2E3EA726C62618AB02D8691B028031CC55	AE9B0EEE540CC07AA3D3FE45D445B0C71815E95D7D461C6AB615903532705D09
G05	5	41	91205041	R2	3.2654140348111795	13.7691019113286	0.00224	0.00033254266932327146	0.858154296875	0	-0.0037599999999999995	0.00442	False	0.0022400000000000024	0.31689453125	2.6020852139652106e-18	True	1332264.0	40463.0	328.4716542	3161567232.0	world_g05_n041.mat	6615BB9551037FD60CB6888DDF2118BA67709DCB8055C1B05306BCDF6EC169AD	59B22764181C475D824B3847F1FC4F2E3EA726C62618AB02D8691B028031CC55	AE9B0EEE540CC07AA3D3FE45D445B0C71815E95D7D461C6AB615903532705D09
G05	5	42	91205042	R1	3.2654140348111795	13.7691019113286	0.00224	0.00038500514948722675	0.8204345703125	0	-0.00324	0.004010000000000003	False	0.0022400000000000024	0.288543701171875	2.6020852139652106e-18	True	1332264.0	40085.0	325.7324268	3160133632.0	world_g05_n042.mat	33644DA3D409665EE160EC93E86CA581B1618751AFF526112F3398A00AD2F887	59B22764181C475D824B3847F1FC4F2E3EA726C62618AB02D8691B028031CC55	AE9B0EEE540CC07AA3D3FE45D445B0C71815E95D7D461C6AB615903532705D09
G05	5	42	91205042	R2	3.2654140348111795	13.7691019113286	0.00224	-0.0017902828801148218	0.341796875	0	-0.0058699999999999985	0.0022400000000000024	False	0.0022400000000000024	0.050537109375	2.6020852139652106e-18	True	1332264.0	40085.0	325.7324268	3160133632.0	world_g05_n042.mat	33644DA3D409665EE160EC93E86CA581B1618751AFF526112F3398A00AD2F887	59B22764181C475D824B3847F1FC4F2E3EA726C62618AB02D8691B028031CC55	AE9B0EEE540CC07AA3D3FE45D445B0C71815E95D7D461C6AB615903532705D09
G05	5	43	91205043	R1	3.2654140348111795	13.7691019113286	0.00224	-0.00013132907723498893	0.939117431640625	0	-0.0037899999999999982	0.0035200000000000023	False	0.0022400000000000024	0.187286376953125	2.6020852139652106e-18	True	1332264.0	40357.0	324.626151	3160109056.0	world_g05_n043.mat	0E75252C064888E2FBAD297479F20858751C5C9AC88BD772E57C7877C7C06D88	59B22764181C475D824B3847F1FC4F2E3EA726C62618AB02D8691B028031CC55	AE9B0EEE540CC07AA3D3FE45D445B0C71815E95D7D461C6AB615903532705D09
G05	5	43	91205043	R2	3.2654140348111795	13.7691019113286	0.00224	-0.0009819877582874113	0.524658203125	0	-0.004359999999999999	0.002420000000000002	False	0.0022400000000000024	0.059814453125	2.6020852139652106e-18	True	1332264.0	40357.0	324.626151	3160109056.0	world_g05_n043.mat	0E75252C064888E2FBAD297479F20858751C5C9AC88BD772E57C7877C7C06D88	59B22764181C475D824B3847F1FC4F2E3EA726C62618AB02D8691B028031CC55	AE9B0EEE540CC07AA3D3FE45D445B0C71815E95D7D461C6AB615903532705D09
G05	5	44	91205044	R1	3.2654140348111795	13.7691019113286	0.00224	-0.00040039036308744784	0.826812744140625	0	-0.004279999999999999	0.003470000000000001	False	0.0022400000000000024	0.1651611328125	2.6020852139652106e-18	True	1332264.0	39976.0	324.6192456	3161055232.0	world_g05_n044.mat	7FF8FCE8C87E1B6D70AA19C9492C35FF16140E1EEE1ABCA6F9A3F5379106C138	59B22764181C475D824B3847F1FC4F2E3EA726C62618AB02D8691B028031CC55	AE9B0EEE540CC07AA3D3FE45D445B0C71815E95D7D461C6AB615903532705D09
G05	5	44	91205044	R2	3.2654140348111795	13.7691019113286	0.00224	0.00031743822403494	0.8779296875	0	-0.004240000000000001	0.004920000000000001	False	0.0022400000000000024	0.36865234375	2.6020852139652106e-18	True	1332264.0	39976.0	324.6192456	3161055232.0	world_g05_n044.mat	7FF8FCE8C87E1B6D70AA19C9492C35FF16140E1EEE1ABCA6F9A3F5379106C138	59B22764181C475D824B3847F1FC4F2E3EA726C62618AB02D8691B028031CC55	AE9B0EEE540CC07AA3D3FE45D445B0C71815E95D7D461C6AB615903532705D09
G05	5	45	91205045	R1	3.2654140348111795	13.7691019113286	0.00224	0.0006016217603100215	0.635223388671875	0	-0.0016699999999999979	0.0030300000000000014	False	0.0022400000000000024	0.169525146484375	2.6020852139652106e-18	True	1332264.0	40108.0	321.6613444	3160047616.0	world_g05_n045.mat	7C54433C91651A6533168B60293B4E311B01A45D40B042360C4C64DAC2FB9999	59B22764181C475D824B3847F1FC4F2E3EA726C62618AB02D8691B028031CC55	AE9B0EEE540CC07AA3D3FE45D445B0C71815E95D7D461C6AB615903532705D09
G05	5	45	91205045	R2	3.2654140348111795	13.7691019113286	0.00224	0.0034705861845741306	0.087158203125	0	-0.0006399999999999982	0.007560000000000001	False	0.0022400000000000024	0.514892578125	2.6020852139652106e-18	True	1332264.0	40108.0	321.6613444	3160047616.0	world_g05_n045.mat	7C54433C91651A6533168B60293B4E311B01A45D40B042360C4C64DAC2FB9999	59B22764181C475D824B3847F1FC4F2E3EA726C62618AB02D8691B028031CC55	AE9B0EEE540CC07AA3D3FE45D445B0C71815E95D7D461C6AB615903532705D09
G05	5	46	91205046	R1	3.2654140348111795	13.7691019113286	0.00224	0.004095428011075181	0.021759033203125	1	0.0007200000000000019	0.007460000000000001	False	0.0022400000000000024	0.25689697265625	2.6020852139652106e-18	True	1332264.0	40347.0	322.6315863	3159945216.0	world_g05_n046.mat	B4104D98C26CA27549265DBF300DE9B72A09F15DADBCD58BFC16F763ECF87F3D	59B22764181C475D824B3847F1FC4F2E3EA726C62618AB02D8691B028031CC55	AE9B0EEE540CC07AA3D3FE45D445B0C71815E95D7D461C6AB615903532705D09
G05	5	46	91205046	R2	3.2654140348111795	13.7691019113286	0.00224	-0.0031346563462049896	0.0712890625	0	-0.0066099999999999996	0.00030000000000000165	False	0.0022400000000000024	0.005126953125	2.6020852139652106e-18	False	1332264.0	40347.0	322.6315863	3159945216.0	world_g05_n046.mat	B4104D98C26CA27549265DBF300DE9B72A09F15DADBCD58BFC16F763ECF87F3D	59B22764181C475D824B3847F1FC4F2E3EA726C62618AB02D8691B028031CC55	AE9B0EEE540CC07AA3D3FE45D445B0C71815E95D7D461C6AB615903532705D09
G05	5	47	91205047	R1	3.2654140348111795	13.7691019113286	0.00224	-0.0006635840278298067	0.7705078125	0	-0.005379999999999999	0.004140000000000001	False	0.0022400000000000024	0.212127685546875	2.6020852139652106e-18	True	1332264.0	39789.0	325.648443	3157762048.0	world_g05_n047.mat	C7DB762687A75D96471FE9772EC85B6718DA624000F24959DA423EE429C71295	59B22764181C475D824B3847F1FC4F2E3EA726C62618AB02D8691B028031CC55	AE9B0EEE540CC07AA3D3FE45D445B0C71815E95D7D461C6AB615903532705D09
G05	5	47	91205047	R2	3.2654140348111795	13.7691019113286	0.00224	-0.0010460734625046333	0.4208984375	0	-0.0036500000000000005	0.0014300000000000007	False	0.0022400000000000024	0.012451171875	2.6020852139652106e-18	False	1332264.0	39789.0	325.648443	3157762048.0	world_g05_n047.mat	C7DB762687A75D96471FE9772EC85B6718DA624000F24959DA423EE429C71295	59B22764181C475D824B3847F1FC4F2E3EA726C62618AB02D8691B028031CC55	AE9B0EEE540CC07AA3D3FE45D445B0C71815E95D7D461C6AB615903532705D09
G05	5	48	91205048	R1	3.2654140348111795	13.7691019113286	0.00224	0.0003924390102808608	0.78271484375	0	-0.0026199999999999973	0.003420000000000003	False	0.0022400000000000024	0.206817626953125	2.6020852139652106e-18	True	1332264.0	40134.0	332.0507667	3157721088.0	world_g05_n048.mat	0787688EFD18CC27873AC47698FDBC19C40327848C256B2550E85F9B849EDAD6	59B22764181C475D824B3847F1FC4F2E3EA726C62618AB02D8691B028031CC55	AE9B0EEE540CC07AA3D3FE45D445B0C71815E95D7D461C6AB615903532705D09
G05	5	48	91205048	R2	3.2654140348111795	13.7691019113286	0.00224	0.00041506023208433593	0.817138671875	0	-0.0035299999999999984	0.004380000000000002	False	0.0022400000000000024	0.3173828125	2.6020852139652106e-18	True	1332264.0	40134.0	332.0507667	3157721088.0	world_g05_n048.mat	0787688EFD18CC27873AC47698FDBC19C40327848C256B2550E85F9B849EDAD6	59B22764181C475D824B3847F1FC4F2E3EA726C62618AB02D8691B028031CC55	AE9B0EEE540CC07AA3D3FE45D445B0C71815E95D7D461C6AB615903532705D09
G05	5	49	91205049	R1	3.2654140348111795	13.7691019113286	0.00224	-0.0010446164335440797	0.62896728515625	0	-0.00562	0.003550000000000001	False	0.0022400000000000024	0.145263671875	2.6020852139652106e-18	True	1332264.0	40256.0	332.4090546	3157655552.0	world_g05_n049.mat	722267CB66593B3E81345F8D745D9029E83260D1046D787128078E3E22409592	59B22764181C475D824B3847F1FC4F2E3EA726C62618AB02D8691B028031CC55	AE9B0EEE540CC07AA3D3FE45D445B0C71815E95D7D461C6AB615903532705D09
G05	5	49	91205049	R2	3.2654140348111795	13.7691019113286	0.00224	0.0014709149863537513	0.5048828125	0	-0.00324	0.00621	False	0.0022400000000000024	0.721923828125	2.6020852139652106e-18	True	1332264.0	40256.0	332.4090546	3157655552.0	world_g05_n049.mat	722267CB66593B3E81345F8D745D9029E83260D1046D787128078E3E22409592	59B22764181C475D824B3847F1FC4F2E3EA726C62618AB02D8691B028031CC55	AE9B0EEE540CC07AA3D3FE45D445B0C71815E95D7D461C6AB615903532705D09
G05	5	50	91205050	R1	3.2654140348111795	13.7691019113286	0.00224	-0.0016588083474959074	0.26849365234375	0	-0.004759999999999999	0.0014300000000000007	False	0.0022400000000000024	0.016937255859375	2.6020852139652106e-18	False	1332264.0	40360.0	303.7746016	3157569536.0	world_g05_n050.mat	E6A5C8F801AAAFF40713A390034E8922CD1FA89F6CCE366EE5DCC0A3B63E3307	59B22764181C475D824B3847F1FC4F2E3EA726C62618AB02D8691B028031CC55	AE9B0EEE540CC07AA3D3FE45D445B0C71815E95D7D461C6AB615903532705D09
G05	5	50	91205050	R2	3.2654140348111795	13.7691019113286	0.00224	-0.00040813177209665934	0.73681640625	0	-0.00307	0.0022600000000000016	False	0.0022400000000000024	0.052490234375	2.6020852139652106e-18	True	1332264.0	40360.0	303.7746016	3157569536.0	world_g05_n050.mat	E6A5C8F801AAAFF40713A390034E8922CD1FA89F6CCE366EE5DCC0A3B63E3307	59B22764181C475D824B3847F1FC4F2E3EA726C62618AB02D8691B028031CC55	AE9B0EEE540CC07AA3D3FE45D445B0C71815E95D7D461C6AB615903532705D09
G05	5	51	91205051	R1	3.2654140348111795	13.7691019113286	0.00224	0.0007505068684269787	0.7098388671875	0	-0.0034699999999999974	0.004990000000000001	False	0.0022400000000000024	0.463226318359375	2.6020852139652106e-18	True	1332264.0	40153.0	347.3709732	3157471232.0	world_g05_n051.mat	643B677CD40053CEFB7335C310F1C9EFCC99E2FC9520D293889BE2F4C8F3477C	59B22764181C475D824B3847F1FC4F2E3EA726C62618AB02D8691B028031CC55	AE9B0EEE540CC07AA3D3FE45D445B0C71815E95D7D461C6AB615903532705D09
G05	5	51	91205051	R2	3.2654140348111795	13.7691019113286	0.00224	0.004517876564997582	0.0322265625	1	0.0006500000000000013	0.008360000000000003	False	0.0022400000000000024	0.20751953125	2.6020852139652106e-18	True	1332264.0	40153.0	347.3709732	3157471232.0	world_g05_n051.mat	643B677CD40053CEFB7335C310F1C9EFCC99E2FC9520D293889BE2F4C8F3477C	59B22764181C475D824B3847F1FC4F2E3EA726C62618AB02D8691B028031CC55	AE9B0EEE540CC07AA3D3FE45D445B0C71815E95D7D461C6AB615903532705D09
G05	5	52	91205052	R1	3.2654140348111795	13.7691019113286	0.00224	-0.0023962548720392997	0.1513671875	0	-0.00558	0.0009900000000000013	False	0.0022400000000000024	0.011627197265625	2.6020852139652106e-18	False	1332264.0	40145.0	349.5767239	3157364736.0	world_g05_n052.mat	C0F84CB9AAEC0383CDC0AEAB927D7FC822DCF0FD1E01EF8CE5EAF82FB6DB9C58	59B22764181C475D824B3847F1FC4F2E3EA726C62618AB02D8691B028031CC55	AE9B0EEE540CC07AA3D3FE45D445B0C71815E95D7D461C6AB615903532705D09
G05	5	52	91205052	R2	3.2654140348111795	13.7691019113286	0.00224	0.0006432047356298588	0.6083984375	0	-0.0020599999999999993	0.003360000000000002	False	0.0022400000000000024	0.222412109375	2.6020852139652106e-18	True	1332264.0	40145.0	349.5767239	3157364736.0	world_g05_n052.mat	C0F84CB9AAEC0383CDC0AEAB927D7FC822DCF0FD1E01EF8CE5EAF82FB6DB9C58	59B22764181C475D824B3847F1FC4F2E3EA726C62618AB02D8691B028031CC55	AE9B0EEE540CC07AA3D3FE45D445B0C71815E95D7D461C6AB615903532705D09
G05	5	53	91205053	R1	3.2654140348111795	13.7691019113286	0.00224	-0.0030185793846226774	0.046966552734375	1	-0.00592	-4.999999999999796e-05	False	0.0022400000000000024	0.00274658203125	2.6020852139652106e-18	False	1332264.0	40110.0	268.5901514	3144658944.0	world_g05_n053.mat	CC4063E663463840C9BB418D9EE862724E46C775742F9BE26CC98D1D2C0DF0A4	59B22764181C475D824B3847F1FC4F2E3EA726C62618AB02D8691B028031CC55	AE9B0EEE540CC07AA3D3FE45D445B0C71815E95D7D461C6AB615903532705D09
G05	5	53	91205053	R2	3.2654140348111795	13.7691019113286	0.00224	-0.0010442119438333886	0.52734375	0	-0.004399999999999999	0.00255	False	0.0022400000000000024	0.063720703125	2.6020852139652106e-18	True	1332264.0	40110.0	268.5901514	3144658944.0	world_g05_n053.mat	CC4063E663463840C9BB418D9EE862724E46C775742F9BE26CC98D1D2C0DF0A4	59B22764181C475D824B3847F1FC4F2E3EA726C62618AB02D8691B028031CC55	AE9B0EEE540CC07AA3D3FE45D445B0C71815E95D7D461C6AB615903532705D09
G05	5	54	91205054	R1	3.2654140348111795	13.7691019113286	0.00224	-0.0026951451435787933	0.02740478515625	1	-0.005039999999999999	-0.0003499999999999996	False	0.0022400000000000024	0.000579833984375	2.6020852139652106e-18	False	1332264.0	40127.0	259.9889306	3143565312.0	world_g05_n054.mat	38116AB178A77BEA5DE48D5A2AD3CB6EF9545ED2DF04C5DD4C1A935212CB07A1	59B22764181C475D824B3847F1FC4F2E3EA726C62618AB02D8691B028031CC55	AE9B0EEE540CC07AA3D3FE45D445B0C71815E95D7D461C6AB615903532705D09
G05	5	54	91205054	R2	3.2654140348111795	13.7691019113286	0.00224	-0.0031775451557099427	0.196044921875	0	-0.008329999999999999	0.001990000000000002	False	0.0022400000000000024	0.0419921875	2.6020852139652106e-18	False	1332264.0	40127.0	259.9889306	3143565312.0	world_g05_n054.mat	38116AB178A77BEA5DE48D5A2AD3CB6EF9545ED2DF04C5DD4C1A935212CB07A1	59B22764181C475D824B3847F1FC4F2E3EA726C62618AB02D8691B028031CC55	AE9B0EEE540CC07AA3D3FE45D445B0C71815E95D7D461C6AB615903532705D09
G05	5	55	91205055	R1	3.2654140348111795	13.7691019113286	0.00224	0.0002866956061820179	0.886474609375	0	-0.0039900000000000005	0.0045600000000000016	False	0.0022400000000000024	0.34185791015625	2.6020852139652106e-18	True	1332264.0	39813.0	260.7723584	3144294400.0	world_g05_n055.mat	38C5579406D559CF1FAA9EA7E0F92087CD54CC90BB853ABBAABD24DCD3CED06B	59B22764181C475D824B3847F1FC4F2E3EA726C62618AB02D8691B028031CC55	AE9B0EEE540CC07AA3D3FE45D445B0C71815E95D7D461C6AB615903532705D09
G05	5	55	91205055	R2	3.2654140348111795	13.7691019113286	0.00224	0.0020855214859519513	0.2578125	0	-0.0014299999999999972	0.005860000000000001	False	0.0022400000000000024	0.935791015625	2.6020852139652106e-18	True	1332264.0	39813.0	260.7723584	3144294400.0	world_g05_n055.mat	38C5579406D559CF1FAA9EA7E0F92087CD54CC90BB853ABBAABD24DCD3CED06B	59B22764181C475D824B3847F1FC4F2E3EA726C62618AB02D8691B028031CC55	AE9B0EEE540CC07AA3D3FE45D445B0C71815E95D7D461C6AB615903532705D09
G05	5	56	91205056	R1	3.2654140348111795	13.7691019113286	0.00224	-0.0032377931595973042	0.01983642578125	1	-0.0058699999999999985	-0.0006099999999999994	False	0.0022400000000000024	0.000732421875	2.6020852139652106e-18	False	1332264.0	40478.0	283.1588364	3142123520.0	world_g05_n056.mat	6C7A579A72636DE8A29B3668DF5290666F58478D77A524284D59B06E20020F69	59B22764181C475D824B3847F1FC4F2E3EA726C62618AB02D8691B028031CC55	AE9B0EEE540CC07AA3D3FE45D445B0C71815E95D7D461C6AB615903532705D09
G05	5	56	91205056	R2	3.2654140348111795	13.7691019113286	0.00224	-0.0035064306344032036	0.14599609375	0	-0.00849	0.0014900000000000017	False	0.0022400000000000024	0.028564453125	2.6020852139652106e-18	False	1332264.0	40478.0	283.1588364	3142123520.0	world_g05_n056.mat	6C7A579A72636DE8A29B3668DF5290666F58478D77A524284D59B06E20020F69	59B22764181C475D824B3847F1FC4F2E3EA726C62618AB02D8691B028031CC55	AE9B0EEE540CC07AA3D3FE45D445B0C71815E95D7D461C6AB615903532705D09
G05	5	57	91205057	R1	3.2654140348111795	13.7691019113286	0.00224	0.0004236748093677487	0.7896728515625	0	-0.0029599999999999974	0.003780000000000002	False	0.0022400000000000024	0.266571044921875	2.6020852139652106e-18	True	1332264.0	39839.0	376.6004759	3140874240.0	world_g05_n057.mat	B1229593C5746EA9AB672499515959B9B0E45936A869013CB1C65FF960045223	59B22764181C475D824B3847F1FC4F2E3EA726C62618AB02D8691B028031CC55	AE9B0EEE540CC07AA3D3FE45D445B0C71815E95D7D461C6AB615903532705D09
G05	5	57	91205057	R2	3.2654140348111795	13.7691019113286	0.00224	-3.510807761578196e-05	0.984619140625	0	-0.0037300000000000007	0.003590000000000003	False	0.0022400000000000024	0.198974609375	2.6020852139652106e-18	True	1332264.0	39839.0	376.6004759	3140874240.0	world_g05_n057.mat	B1229593C5746EA9AB672499515959B9B0E45936A869013CB1C65FF960045223	59B22764181C475D824B3847F1FC4F2E3EA726C62618AB02D8691B028031CC55	AE9B0EEE540CC07AA3D3FE45D445B0C71815E95D7D461C6AB615903532705D09
G05	5	58	91205058	R1	3.2654140348111795	13.7691019113286	0.00224	-0.001740951261438212	0.330657958984375	0	-0.005469999999999999	0.0020100000000000014	False	0.0022400000000000024	0.03955078125	2.6020852139652106e-18	False	1332264.0	39886.0	384.4758372	3140644864.0	world_g05_n058.mat	7DAA383F3E02A476EB47495331BEAF99F714AE242835EF9D5469BAA2FD1CD899	59B22764181C475D824B3847F1FC4F2E3EA726C62618AB02D8691B028031CC55	AE9B0EEE540CC07AA3D3FE45D445B0C71815E95D7D461C6AB615903532705D09
G05	5	58	91205058	R2	3.2654140348111795	13.7691019113286	0.00224	0.00040736436575761377	0.817626953125	0	-0.00341	0.004150000000000001	False	0.0022400000000000024	0.31494140625	2.6020852139652106e-18	True	1332264.0	39886.0	384.4758372	3140644864.0	world_g05_n058.mat	7DAA383F3E02A476EB47495331BEAF99F714AE242835EF9D5469BAA2FD1CD899	59B22764181C475D824B3847F1FC4F2E3EA726C62618AB02D8691B028031CC55	AE9B0EEE540CC07AA3D3FE45D445B0C71815E95D7D461C6AB615903532705D09
G05	5	59	91205059	R1	3.2654140348111795	13.7691019113286	0.00224	-0.0019070777513082824	0.160491943359375	0	-0.004659999999999999	0.0008300000000000009	False	0.0022400000000000024	0.0062255859375	2.6020852139652106e-18	False	1332264.0	40155.0	384.0279317	3127902208.0	world_g05_n059.mat	E1EC9526C62BEB62A6A72CF1D13E7561A03FC5A1225EC3029C0F534855BAD8CD	59B22764181C475D824B3847F1FC4F2E3EA726C62618AB02D8691B028031CC55	AE9B0EEE540CC07AA3D3FE45D445B0C71815E95D7D461C6AB615903532705D09
G05	5	59	91205059	R2	3.2654140348111795	13.7691019113286	0.00224	0.0020026417368672767	0.27880859375	0	-0.0015599999999999989	0.005770000000000001	False	0.0022400000000000024	0.897216796875	2.6020852139652106e-18	True	1332264.0	40155.0	384.0279317	3127902208.0	world_g05_n059.mat	E1EC9526C62BEB62A6A72CF1D13E7561A03FC5A1225EC3029C0F534855BAD8CD	59B22764181C475D824B3847F1FC4F2E3EA726C62618AB02D8691B028031CC55	AE9B0EEE540CC07AA3D3FE45D445B0C71815E95D7D461C6AB615903532705D09
G05	5	60	91205060	R1	3.2654140348111795	13.7691019113286	0.00224	-0.0006745328513484126	0.68255615234375	0	-0.00418	0.002790000000000001	False	0.0022400000000000024	0.0943603515625	2.6020852139652106e-18	True	1332264.0	39779.0	323.6741921	3168358400.0	world_g05_n060.mat	31957C0E5E91B7270C0905C6179BE760C9D4CE74F99F21ACEB7BB1543980F45E	59B22764181C475D824B3847F1FC4F2E3EA726C62618AB02D8691B028031CC55	AE9B0EEE540CC07AA3D3FE45D445B0C71815E95D7D461C6AB615903532705D09
G05	5	60	91205060	R2	3.2654140348111795	13.7691019113286	0.00224	0.0029339013180527582	0.091796875	0	-0.0005499999999999984	0.006400000000000003	False	0.0022400000000000024	0.666259765625	2.6020852139652106e-18	True	1332264.0	39779.0	323.6741921	3168358400.0	world_g05_n060.mat	31957C0E5E91B7270C0905C6179BE760C9D4CE74F99F21ACEB7BB1543980F45E	59B22764181C475D824B3847F1FC4F2E3EA726C62618AB02D8691B028031CC55	AE9B0EEE540CC07AA3D3FE45D445B0C71815E95D7D461C6AB615903532705D09
G05	5	61	91205061	R1	3.2654140348111795	13.7691019113286	0.00224	-0.0010544299551752223	0.573333740234375	0	-0.00498	0.0028800000000000006	False	0.0022400000000000024	0.094635009765625	2.6020852139652106e-18	True	1332264.0	40286.0	323.857119	3169288192.0	world_g05_n061.mat	CD4A670AD81E79EAD0696EAAED8B79CDDA8412138509A4968E8632C7259CCE8F	59B22764181C475D824B3847F1FC4F2E3EA726C62618AB02D8691B028031CC55	AE9B0EEE540CC07AA3D3FE45D445B0C71815E95D7D461C6AB615903532705D09
G05	5	61	91205061	R2	3.2654140348111795	13.7691019113286	0.00224	-0.00028937009559620744	0.908447265625	0	-0.005049999999999999	0.003970000000000001	False	0.0022400000000000024	0.29541015625	2.6020852139652106e-18	True	1332264.0	40286.0	323.857119	3169288192.0	world_g05_n061.mat	CD4A670AD81E79EAD0696EAAED8B79CDDA8412138509A4968E8632C7259CCE8F	59B22764181C475D824B3847F1FC4F2E3EA726C62618AB02D8691B028031CC55	AE9B0EEE540CC07AA3D3FE45D445B0C71815E95D7D461C6AB615903532705D09
G05	5	62	91205062	R1	3.2654140348111795	13.7691019113286	0.00224	0.0009554486008153688	0.540924072265625	0	-0.0022900000000000004	0.004240000000000001	False	0.0022400000000000024	0.40826416015625	2.6020852139652106e-18	True	1332264.0	40420.0	320.1560696	3168415744.0	world_g05_n062.mat	746D5A1C6DE7C914F2015F30E9B0FB70B429FAD2599ED2058251A62E2E037B07	59B22764181C475D824B3847F1FC4F2E3EA726C62618AB02D8691B028031CC55	AE9B0EEE540CC07AA3D3FE45D445B0C71815E95D7D461C6AB615903532705D09
G05	5	62	91205062	R2	3.2654140348111795	13.7691019113286	0.00224	0.001389675282338022	0.37939453125	0	-0.00204	0.004700000000000003	False	0.0022400000000000024	0.5947265625	2.6020852139652106e-18	True	1332264.0	40420.0	320.1560696	3168415744.0	world_g05_n062.mat	746D5A1C6DE7C914F2015F30E9B0FB70B429FAD2599ED2058251A62E2E037B07	59B22764181C475D824B3847F1FC4F2E3EA726C62618AB02D8691B028031CC55	AE9B0EEE540CC07AA3D3FE45D445B0C71815E95D7D461C6AB615903532705D09
G05	5	63	91205063	R1	3.2654140348111795	13.7691019113286	0.00224	-0.0048427052566272916	0.00482177734375	1	-0.00788	-0.0017999999999999995	False	0.0022400000000000024	0.0003662109375	2.6020852139652106e-18	False	1332264.0	40411.0	320.4356725	3169263616.0	world_g05_n063.mat	2150058E617DCBE23B7C41431727BAB2A955BD07FC6ABA9944F88263392905D7	59B22764181C475D824B3847F1FC4F2E3EA726C62618AB02D8691B028031CC55	AE9B0EEE540CC07AA3D3FE45D445B0C71815E95D7D461C6AB615903532705D09
G05	5	63	91205063	R2	3.2654140348111795	13.7691019113286	0.00224	0.001068920472154879	0.408447265625	0	-0.0015899999999999977	0.003810000000000001	False	0.0022400000000000024	0.3544921875	2.6020852139652106e-18	True	1332264.0	40411.0	320.4356725	3169263616.0	world_g05_n063.mat	2150058E617DCBE23B7C41431727BAB2A955BD07FC6ABA9944F88263392905D7	59B22764181C475D824B3847F1FC4F2E3EA726C62618AB02D8691B028031CC55	AE9B0EEE540CC07AA3D3FE45D445B0C71815E95D7D461C6AB615903532705D09
G05	5	64	91205064	R1	3.2654140348111795	13.7691019113286	0.00224	-0.0013746594987439958	0.211822509765625	0	-0.003429999999999999	0.0008500000000000001	False	0.0022400000000000024	0.0042724609375	2.6020852139652106e-18	False	1332264.0	40051.0	323.2362158	3168296960.0	world_g05_n064.mat	25B564A0ADC3514B4C7984BBBD5CD08B4D31357784337C67C236B6BA7B94293C	59B22764181C475D824B3847F1FC4F2E3EA726C62618AB02D8691B028031CC55	AE9B0EEE540CC07AA3D3FE45D445B0C71815E95D7D461C6AB615903532705D09
G05	5	64	91205064	R2	3.2654140348111795	13.7691019113286	0.00224	0.0002238452958743793	0.917724609375	0	-0.00435	0.004890000000000002	False	0.0022400000000000024	0.3583984375	2.6020852139652106e-18	True	1332264.0	40051.0	323.2362158	3168296960.0	world_g05_n064.mat	25B564A0ADC3514B4C7984BBBD5CD08B4D31357784337C67C236B6BA7B94293C	59B22764181C475D824B3847F1FC4F2E3EA726C62618AB02D8691B028031CC55	AE9B0EEE540CC07AA3D3FE45D445B0C71815E95D7D461C6AB615903532705D09
G05	5	65	91205065	R1	3.2654140348111795	13.7691019113286	0.00224	-0.0009896837272963992	0.3406982421875	0	-0.0031400000000000004	0.0011600000000000013	False	0.0022400000000000024	0.00616455078125	2.6020852139652106e-18	False	1332264.0	40268.0	320.7065074	3169292288.0	world_g05_n065.mat	A25D7F9F1AE88398EA234E041BE3689F40E3B56D1BBC2F26E502748F638E0150	59B22764181C475D824B3847F1FC4F2E3EA726C62618AB02D8691B028031CC55	AE9B0EEE540CC07AA3D3FE45D445B0C71815E95D7D461C6AB615903532705D09
G05	5	65	91205065	R2	3.2654140348111795	13.7691019113286	0.00224	-0.0016911956338856167	0.355712890625	0	-0.00554	0.0022199999999999998	False	0.0022400000000000024	0.04931640625	2.6020852139652106e-18	False	1332264.0	40268.0	320.7065074	3169292288.0	world_g05_n065.mat	A25D7F9F1AE88398EA234E041BE3689F40E3B56D1BBC2F26E502748F638E0150	59B22764181C475D824B3847F1FC4F2E3EA726C62618AB02D8691B028031CC55	AE9B0EEE540CC07AA3D3FE45D445B0C71815E95D7D461C6AB615903532705D09
G05	5	66	91205066	R1	3.2654140348111795	13.7691019113286	0.00224	-0.0022954859527044365	0.137054443359375	0	-0.005439999999999999	0.0007200000000000019	False	0.0022400000000000024	0.004486083984375	2.6020852139652106e-18	False	1332264.0	39860.0	315.6646494	3168358400.0	world_g05_n066.mat	3D8261F02ECBC4C7610A88EEEE505657C6EB02567CD251B0377F36E41F59C750	59B22764181C475D824B3847F1FC4F2E3EA726C62618AB02D8691B028031CC55	AE9B0EEE540CC07AA3D3FE45D445B0C71815E95D7D461C6AB615903532705D09
G05	5	66	91205066	R2	3.2654140348111795	13.7691019113286	0.00224	0.00020631421559760133	0.848388671875	0	-0.0021699999999999983	0.002570000000000003	False	0.0022400000000000024	0.08203125	2.6020852139652106e-18	True	1332264.0	39860.0	315.6646494	3168358400.0	world_g05_n066.mat	3D8261F02ECBC4C7610A88EEEE505657C6EB02567CD251B0377F36E41F59C750	59B22764181C475D824B3847F1FC4F2E3EA726C62618AB02D8691B028031CC55	AE9B0EEE540CC07AA3D3FE45D445B0C71815E95D7D461C6AB615903532705D09
G05	5	67	91205067	R1	3.2654140348111795	13.7691019113286	0.00224	-0.0018832297919191886	0.2188720703125	0	-0.0049499999999999995	0.0009800000000000017	False	0.0022400000000000024	0.0042724609375	2.6020852139652106e-18	False	1332264.0	39807.0	317.7476621	3169210368.0	world_g05_n067.mat	B30C3D29955797A059B98DE81294CF5C20FF2A1973EE2D348366C60B3E8B5526	59B22764181C475D824B3847F1FC4F2E3EA726C62618AB02D8691B028031CC55	AE9B0EEE540CC07AA3D3FE45D445B0C71815E95D7D461C6AB615903532705D09
G05	5	67	91205067	R2	3.2654140348111795	13.7691019113286	0.00224	0.0012219996146031753	0.52734375	0	-0.002919999999999999	0.005290000000000003	False	0.0022400000000000024	0.604736328125	2.6020852139652106e-18	True	1332264.0	39807.0	317.7476621	3169210368.0	world_g05_n067.mat	B30C3D29955797A059B98DE81294CF5C20FF2A1973EE2D348366C60B3E8B5526	59B22764181C475D824B3847F1FC4F2E3EA726C62618AB02D8691B028031CC55	AE9B0EEE540CC07AA3D3FE45D445B0C71815E95D7D461C6AB615903532705D09
G05	5	68	91205068	R1	3.2654140348111795	13.7691019113286	0.00224	6.441308062790781e-05	0.970489501953125	0	-0.003539999999999998	0.00366	False	0.0022400000000000024	0.225372314453125	2.6020852139652106e-18	True	1332264.0	39975.0	323.5556282	3168243712.0	world_g05_n068.mat	63587057C1BB7BE310C461B0DB8619EB1EA1FAE2F238A132F173221596928D27	59B22764181C475D824B3847F1FC4F2E3EA726C62618AB02D8691B028031CC55	AE9B0EEE540CC07AA3D3FE45D445B0C71815E95D7D461C6AB615903532705D09
G05	5	68	91205068	R2	3.2654140348111795	13.7691019113286	0.00224	-0.002100969662887924	0.132568359375	0	-0.0049499999999999995	0.0007500000000000007	False	0.0022400000000000024	0.00634765625	2.6020852139652106e-18	False	1332264.0	39975.0	323.5556282	3168243712.0	world_g05_n068.mat	63587057C1BB7BE310C461B0DB8619EB1EA1FAE2F238A132F173221596928D27	59B22764181C475D824B3847F1FC4F2E3EA726C62618AB02D8691B028031CC55	AE9B0EEE540CC07AA3D3FE45D445B0C71815E95D7D461C6AB615903532705D09
G05	5	69	91205069	R1	3.2654140348111795	13.7691019113286	0.00224	0.004122462616631859	0.01910400390625	1	0.0008000000000000021	0.007470000000000001	False	0.0022400000000000024	0.2464599609375	2.6020852139652106e-18	True	1332264.0	39954.0	325.6712297	3167236096.0	world_g05_n069.mat	8EA503B0A27B3B59757C958758D945CDC23B8A3944F168DC3915747E2FCBBA06	59B22764181C475D824B3847F1FC4F2E3EA726C62618AB02D8691B028031CC55	AE9B0EEE540CC07AA3D3FE45D445B0C71815E95D7D461C6AB615903532705D09
G05	5	69	91205069	R2	3.2654140348111795	13.7691019113286	0.00224	0.0004127980613922957	0.80615234375	0	-0.0031599999999999996	0.0038200000000000005	False	0.0022400000000000024	0.29296875	2.6020852139652106e-18	True	1332264.0	39954.0	325.6712297	3167236096.0	world_g05_n069.mat	8EA503B0A27B3B59757C958758D945CDC23B8A3944F168DC3915747E2FCBBA06	59B22764181C475D824B3847F1FC4F2E3EA726C62618AB02D8691B028031CC55	AE9B0EEE540CC07AA3D3FE45D445B0C71815E95D7D461C6AB615903532705D09
G05	5	70	91205070	R1	3.2654140348111795	13.7691019113286	0.00224	-0.0002137626294985555	0.877777099609375	0	-0.0032099999999999976	0.002790000000000001	False	0.0022400000000000024	0.09906005859375	2.6020852139652106e-18	True	1332264.0	40212.0	327.7616875	3167252480.0	world_g05_n070.mat	5C3CE7633E5C82F18CD24AF10C0271A1EAFC12D1385DFC17D31141BB56D060B1	59B22764181C475D824B3847F1FC4F2E3EA726C62618AB02D8691B028031CC55	AE9B0EEE540CC07AA3D3FE45D445B0C71815E95D7D461C6AB615903532705D09
G05	5	70	91205070	R2	3.2654140348111795	13.7691019113286	0.00224	0.0028357221797833407	0.246826171875	0	-0.0018899999999999993	0.007800000000000001	False	0.0022400000000000024	0.801025390625	2.6020852139652106e-18	True	1332264.0	40212.0	327.7616875	3167252480.0	world_g05_n070.mat	5C3CE7633E5C82F18CD24AF10C0271A1EAFC12D1385DFC17D31141BB56D060B1	59B22764181C475D824B3847F1FC4F2E3EA726C62618AB02D8691B028031CC55	AE9B0EEE540CC07AA3D3FE45D445B0C71815E95D7D461C6AB615903532705D09
G05	5	71	91205071	R1	3.2654140348111795	13.7691019113286	0.00224	0.0008746373659913162	0.605377197265625	0	-0.0021899999999999975	0.0041100000000000025	False	0.0022400000000000024	0.3876953125	2.6020852139652106e-18	True	1332264.0	40515.0	333.4417543	3167244288.0	world_g05_n071.mat	7B8E82FB2274083E635A81E4A94A1DAAB69434084CDB8C428398CB96F57A53B2	59B22764181C475D824B3847F1FC4F2E3EA726C62618AB02D8691B028031CC55	AE9B0EEE540CC07AA3D3FE45D445B0C71815E95D7D461C6AB615903532705D09
G05	5	71	91205071	R2	3.2654140348111795	13.7691019113286	0.00224	0.0004956211720308699	0.82470703125	0	-0.00375	0.004270000000000003	False	0.0022400000000000024	0.43896484375	2.6020852139652106e-18	True	1332264.0	40515.0	333.4417543	3167244288.0	world_g05_n071.mat	7B8E82FB2274083E635A81E4A94A1DAAB69434084CDB8C428398CB96F57A53B2	59B22764181C475D824B3847F1FC4F2E3EA726C62618AB02D8691B028031CC55	AE9B0EEE540CC07AA3D3FE45D445B0C71815E95D7D461C6AB615903532705D09
G05	5	72	91205072	R1	3.2654140348111795	13.7691019113286	0.00224	4.7587572496899446e-05	0.97698974609375	0	-0.00366	0.0037700000000000025	False	0.0022400000000000024	0.221923828125	2.6020852139652106e-18	True	1332264.0	39846.0	332.619786	3167289344.0	world_g05_n072.mat	5BC0AE9D5CF09C1B8EEE49D9672250F81639CF08B0E6F24A220CE9CBAED2CF64	59B22764181C475D824B3847F1FC4F2E3EA726C62618AB02D8691B028031CC55	AE9B0EEE540CC07AA3D3FE45D445B0C71815E95D7D461C6AB615903532705D09
G05	5	72	91205072	R2	3.2654140348111795	13.7691019113286	0.00224	0.002989473085678972	0.139404296875	0	-0.0009799999999999982	0.007130000000000001	False	0.0022400000000000024	0.70361328125	2.6020852139652106e-18	True	1332264.0	39846.0	332.619786	3167289344.0	world_g05_n072.mat	5BC0AE9D5CF09C1B8EEE49D9672250F81639CF08B0E6F24A220CE9CBAED2CF64	59B22764181C475D824B3847F1FC4F2E3EA726C62618AB02D8691B028031CC55	AE9B0EEE540CC07AA3D3FE45D445B0C71815E95D7D461C6AB615903532705D09
G05	5	73	91205073	R1	3.2654140348111795	13.7691019113286	0.00224	0.0005766761826302655	0.72467041015625	0	-0.0028699999999999976	0.0039900000000000005	False	0.0022400000000000024	0.31927490234375	2.6020852139652106e-18	True	1332264.0	40257.0	336.1946978	3167260672.0	world_g05_n073.mat	0D3412F0CB9C43BEA26CA62954F5C94D90D7CC88503FEC0AA208FC7387380EE8	59B22764181C475D824B3847F1FC4F2E3EA726C62618AB02D8691B028031CC55	AE9B0EEE540CC07AA3D3FE45D445B0C71815E95D7D461C6AB615903532705D09
G05	5	73	91205073	R2	3.2654140348111795	13.7691019113286	0.00224	-0.0016153338842393842	0.38232421875	0	-0.0055	0.0023200000000000026	False	0.0022400000000000024	0.0537109375	2.6020852139652106e-18	True	1332264.0	40257.0	336.1946978	3167260672.0	world_g05_n073.mat	0D3412F0CB9C43BEA26CA62954F5C94D90D7CC88503FEC0AA208FC7387380EE8	59B22764181C475D824B3847F1FC4F2E3EA726C62618AB02D8691B028031CC55	AE9B0EEE540CC07AA3D3FE45D445B0C71815E95D7D461C6AB615903532705D09
G05	5	74	91205074	R1	3.2654140348111795	13.7691019113286	0.00224	-0.00027913170165217544	0.8817138671875	0	-0.004219999999999998	0.0036200000000000017	False	0.0022400000000000024	0.19091796875	2.6020852139652106e-18	True	1332264.0	39752.0	334.6684418	3167182848.0	world_g05_n074.mat	EF05B0CBC4518912625BF5A124C2E310804818BB5431C6BD141D21593EC238C5	59B22764181C475D824B3847F1FC4F2E3EA726C62618AB02D8691B028031CC55	AE9B0EEE540CC07AA3D3FE45D445B0C71815E95D7D461C6AB615903532705D09
G05	5	74	91205074	R2	3.2654140348111795	13.7691019113286	0.00224	-0.0014689719358868274	0.4833984375	0	-0.006019999999999999	0.003080000000000003	False	0.0022400000000000024	0.098388671875	2.6020852139652106e-18	True	1332264.0	39752.0	334.6684418	3167182848.0	world_g05_n074.mat	EF05B0CBC4518912625BF5A124C2E310804818BB5431C6BD141D21593EC238C5	59B22764181C475D824B3847F1FC4F2E3EA726C62618AB02D8691B028031CC55	AE9B0EEE540CC07AA3D3FE45D445B0C71815E95D7D461C6AB615903532705D09
G05	5	75	91205075	R1	3.2654140348111795	13.7691019113286	0.00224	0.0008513459724842756	0.497314453125	0	-0.00179	0.0035100000000000027	False	0.0022400000000000024	0.274871826171875	2.6020852139652106e-18	True	1332264.0	40419.0	342.0970348	3167150080.0	world_g05_n075.mat	A6B48D650FFC48A2FA2D4C24FBBF06B7D7C72DD7F3397B9609E5FE25C9FAA598	59B22764181C475D824B3847F1FC4F2E3EA726C62618AB02D8691B028031CC55	AE9B0EEE540CC07AA3D3FE45D445B0C71815E95D7D461C6AB615903532705D09
G05	5	75	91205075	R2	3.2654140348111795	13.7691019113286	0.00224	-0.002970394820951202	0.172119140625	0	-0.007389999999999999	0.001510000000000001	False	0.0022400000000000024	0.026123046875	2.6020852139652106e-18	False	1332264.0	40419.0	342.0970348	3167150080.0	world_g05_n075.mat	A6B48D650FFC48A2FA2D4C24FBBF06B7D7C72DD7F3397B9609E5FE25C9FAA598	59B22764181C475D824B3847F1FC4F2E3EA726C62618AB02D8691B028031CC55	AE9B0EEE540CC07AA3D3FE45D445B0C71815E95D7D461C6AB615903532705D09
G05	5	76	91205076	R1	3.2654140348111795	13.7691019113286	0.00224	-0.0022538120634830847	0.186676025390625	0	-0.005679999999999999	0.001170000000000001	False	0.0022400000000000024	0.01397705078125	2.6020852139652106e-18	False	1332264.0	40015.0	342.3090884	3166220288.0	world_g05_n076.mat	145AA46D0303DDF262D6A7272EECC115E69AA2A89A4547274103DE677607A8C3	59B22764181C475D824B3847F1FC4F2E3EA726C62618AB02D8691B028031CC55	AE9B0EEE540CC07AA3D3FE45D445B0C71815E95D7D461C6AB615903532705D09
G05	5	76	91205076	R2	3.2654140348111795	13.7691019113286	0.00224	-0.00022086768101670472	0.880859375	0	-0.0034399999999999986	0.0030100000000000023	False	0.0022400000000000024	0.119873046875	2.6020852139652106e-18	True	1332264.0	40015.0	342.3090884	3166220288.0	world_g05_n076.mat	145AA46D0303DDF262D6A7272EECC115E69AA2A89A4547274103DE677607A8C3	59B22764181C475D824B3847F1FC4F2E3EA726C62618AB02D8691B028031CC55	AE9B0EEE540CC07AA3D3FE45D445B0C71815E95D7D461C6AB615903532705D09
G05	5	77	91205077	R1	3.2654140348111795	13.7691019113286	0.00224	-0.00027633692599614263	0.848052978515625	0	-0.0032999999999999974	0.0027100000000000006	False	0.0022400000000000024	0.09771728515625	2.6020852139652106e-18	True	1332264.0	40261.0	342.8009553	3166175232.0	world_g05_n077.mat	C4190070B7850875C986BEA660EEFD2038956474BEFED7042DA59FB7369FABB2	59B22764181C475D824B3847F1FC4F2E3EA726C62618AB02D8691B028031CC55	AE9B0EEE540CC07AA3D3FE45D445B0C71815E95D7D461C6AB615903532705D09
G05	5	77	91205077	R2	3.2654140348111795	13.7691019113286	0.00224	0.0011041922141766724	0.493896484375	0	-0.0024199999999999985	0.004540000000000002	False	0.0022400000000000024	0.480712890625	2.6020852139652106e-18	True	1332264.0	40261.0	342.8009553	3166175232.0	world_g05_n077.mat	C4190070B7850875C986BEA660EEFD2038956474BEFED7042DA59FB7369FABB2	59B22764181C475D824B3847F1FC4F2E3EA726C62618AB02D8691B028031CC55	AE9B0EEE540CC07AA3D3FE45D445B0C71815E95D7D461C6AB615903532705D09
G05	5	78	91205078	R1	3.2654140348111795	13.7691019113286	0.00224	-0.0005540642195904748	0.78021240234375	0	-0.004739999999999999	0.0036300000000000013	False	0.0022400000000000024	0.17431640625	2.6020852139652106e-18	True	1332264.0	40058.0	344.8208952	3166162944.0	world_g05_n078.mat	CC2147C09CE03E581D9E0B5A943C44A36ED21E424C58A23F3572E48955E5DB6D	59B22764181C475D824B3847F1FC4F2E3EA726C62618AB02D8691B028031CC55	AE9B0EEE540CC07AA3D3FE45D445B0C71815E95D7D461C6AB615903532705D09
G05	5	78	91205078	R2	3.2654140348111795	13.7691019113286	0.00224	0.002931099194780938	0.113037109375	0	-0.0008500000000000001	0.006650000000000003	False	0.0022400000000000024	0.69873046875	2.6020852139652106e-18	True	1332264.0	40058.0	344.8208952	3166162944.0	world_g05_n078.mat	CC2147C09CE03E581D9E0B5A943C44A36ED21E424C58A23F3572E48955E5DB6D	59B22764181C475D824B3847F1FC4F2E3EA726C62618AB02D8691B028031CC55	AE9B0EEE540CC07AA3D3FE45D445B0C71815E95D7D461C6AB615903532705D09
G05	5	79	91205079	R1	3.2654140348111795	13.7691019113286	0.00224	-0.00022007881651669704	0.88677978515625	0	-0.003279999999999998	0.0029500000000000012	False	0.0022400000000000024	0.1180419921875	2.6020852139652106e-18	True	1332264.0	39897.0	343.9548158	3165179904.0	world_g05_n079.mat	52C237AFB55D060CA118001411CED4C2B57EFF739434B5FF0BC4B9872B3A707A	59B22764181C475D824B3847F1FC4F2E3EA726C62618AB02D8691B028031CC55	AE9B0EEE540CC07AA3D3FE45D445B0C71815E95D7D461C6AB615903532705D09
G05	5	79	91205079	R2	3.2654140348111795	13.7691019113286	0.00224	-0.0020043156179715372	0.184814453125	0	-0.005139999999999999	0.001120000000000003	False	0.0022400000000000024	0.01318359375	2.6020852139652106e-18	False	1332264.0	39897.0	343.9548158	3165179904.0	world_g05_n079.mat	52C237AFB55D060CA118001411CED4C2B57EFF739434B5FF0BC4B9872B3A707A	59B22764181C475D824B3847F1FC4F2E3EA726C62618AB02D8691B028031CC55	AE9B0EEE540CC07AA3D3FE45D445B0C71815E95D7D461C6AB615903532705D09
G05	5	80	91205080	R1	3.2654140348111795	13.7691019113286	0.00224	-0.0015835545361264952	0.321014404296875	0	-0.004739999999999999	0.0017200000000000028	False	0.0022400000000000024	0.027587890625	2.6020852139652106e-18	False	1332264.0	40239.0	345.6767671	3167064064.0	world_g05_n080.mat	28FCF6620BF5D77CD5B609648DC219F10E41835632BE059BF5648A85C86CA3E8	59B22764181C475D824B3847F1FC4F2E3EA726C62618AB02D8691B028031CC55	AE9B0EEE540CC07AA3D3FE45D445B0C71815E95D7D461C6AB615903532705D09
G05	5	80	91205080	R2	3.2654140348111795	13.7691019113286	0.00224	0.0004885401670950974	0.759521484375	0	-0.0029299999999999986	0.003970000000000001	False	0.0022400000000000024	0.2900390625	2.6020852139652106e-18	True	1332264.0	40239.0	345.6767671	3167064064.0	world_g05_n080.mat	28FCF6620BF5D77CD5B609648DC219F10E41835632BE059BF5648A85C86CA3E8	59B22764181C475D824B3847F1FC4F2E3EA726C62618AB02D8691B028031CC55	AE9B0EEE540CC07AA3D3FE45D445B0C71815E95D7D461C6AB615903532705D09
G05	5	81	91205081	R1	3.2654140348111795	13.7691019113286	0.00224	-0.001089526958358412	0.505340576171875	0	-0.004469999999999998	0.0023200000000000026	False	0.0022400000000000024	0.0556640625	2.6020852139652106e-18	True	1332264.0	40179.0	341.4414205	3164827648.0	world_g05_n081.mat	A4047E2C9D8C0BC69ECB98BD0E9CFA5D363239C1922036C65AC8D1BC4081834D	59B22764181C475D824B3847F1FC4F2E3EA726C62618AB02D8691B028031CC55	AE9B0EEE540CC07AA3D3FE45D445B0C71815E95D7D461C6AB615903532705D09
G05	5	81	91205081	R2	3.2654140348111795	13.7691019113286	0.00224	0.002041182695042197	0.391357421875	0	-0.0030199999999999984	0.00689	False	0.0022400000000000024	0.93115234375	2.6020852139652106e-18	True	1332264.0	40179.0	341.4414205	3164827648.0	world_g05_n081.mat	A4047E2C9D8C0BC69ECB98BD0E9CFA5D363239C1922036C65AC8D1BC4081834D	59B22764181C475D824B3847F1FC4F2E3EA726C62618AB02D8691B028031CC55	AE9B0EEE540CC07AA3D3FE45D445B0C71815E95D7D461C6AB615903532705D09
G05	5	82	91205082	R1	3.2654140348111795	13.7691019113286	0.00224	0.0005533327777638703	0.710540771484375	0	-0.0026099999999999977	0.003720000000000001	False	0.0022400000000000024	0.269500732421875	2.6020852139652106e-18	True	1332264.0	39691.0	339.4305707	3165773824.0	world_g05_n082.mat	5E4ABDCF66B7EB8A58D0CEDB61A201FA9BA51371DA6B561C15CC8C4AAAF3C2BA	59B22764181C475D824B3847F1FC4F2E3EA726C62618AB02D8691B028031CC55	AE9B0EEE540CC07AA3D3FE45D445B0C71815E95D7D461C6AB615903532705D09
G05	5	82	91205082	R2	3.2654140348111795	13.7691019113286	0.00224	-0.0008526207381922863	0.6005859375	0	-0.0043799999999999985	0.0026600000000000026	False	0.0022400000000000024	0.081298828125	2.6020852139652106e-18	True	1332264.0	39691.0	339.4305707	3165773824.0	world_g05_n082.mat	5E4ABDCF66B7EB8A58D0CEDB61A201FA9BA51371DA6B561C15CC8C4AAAF3C2BA	59B22764181C475D824B3847F1FC4F2E3EA726C62618AB02D8691B028031CC55	AE9B0EEE540CC07AA3D3FE45D445B0C71815E95D7D461C6AB615903532705D09
G05	5	83	91205083	R1	3.2654140348111795	13.7691019113286	0.00224	-0.0006338355068369685	0.741485595703125	0	-0.0047199999999999985	0.0034300000000000025	False	0.0022400000000000024	0.151458740234375	2.6020852139652106e-18	True	1332264.0	39847.0	339.6344023	3164774400.0	world_g05_n083.mat	F699857D066BA5E120F35FB6ECC33595258017F6F2CBBDEBC6A2D8C0A0EF5333	59B22764181C475D824B3847F1FC4F2E3EA726C62618AB02D8691B028031CC55	AE9B0EEE540CC07AA3D3FE45D445B0C71815E95D7D461C6AB615903532705D09
G05	5	83	91205083	R2	3.2654140348111795	13.7691019113286	0.00224	-0.00047015882076075703	0.713134765625	0	-0.0032699999999999986	0.002310000000000003	False	0.0022400000000000024	0.055908203125	2.6020852139652106e-18	True	1332264.0	39847.0	339.6344023	3164774400.0	world_g05_n083.mat	F699857D066BA5E120F35FB6ECC33595258017F6F2CBBDEBC6A2D8C0A0EF5333	59B22764181C475D824B3847F1FC4F2E3EA726C62618AB02D8691B028031CC55	AE9B0EEE540CC07AA3D3FE45D445B0C71815E95D7D461C6AB615903532705D09
G05	5	84	91205084	R1	3.2654140348111795	13.7691019113286	0.00224	-0.000944947126406372	0.4892578125	0	-0.0037300000000000007	0.0018799999999999997	False	0.0022400000000000024	0.02947998046875	2.6020852139652106e-18	False	1332264.0	40301.0	341.9902667	3164704768.0	world_g05_n084.mat	0DDBFA678CCCAE1FEFBB17CF99EA089D19BC786B189A6FEE2652626B46333748	59B22764181C475D824B3847F1FC4F2E3EA726C62618AB02D8691B028031CC55	AE9B0EEE540CC07AA3D3FE45D445B0C71815E95D7D461C6AB615903532705D09
G05	5	84	91205084	R2	3.2654140348111795	13.7691019113286	0.00224	-0.0007189774764287861	0.6728515625	0	-0.004299999999999998	0.00272	False	0.0022400000000000024	0.091552734375	2.6020852139652106e-18	True	1332264.0	40301.0	341.9902667	3164704768.0	world_g05_n084.mat	0DDBFA678CCCAE1FEFBB17CF99EA089D19BC786B189A6FEE2652626B46333748	59B22764181C475D824B3847F1FC4F2E3EA726C62618AB02D8691B028031CC55	AE9B0EEE540CC07AA3D3FE45D445B0C71815E95D7D461C6AB615903532705D09
G05	5	85	91205085	R1	3.2654140348111795	13.7691019113286	0.00224	0.0017277385721109753	0.259613037109375	0	-0.0014400000000000003	0.004890000000000002	False	0.0022400000000000024	0.73260498046875	2.6020852139652106e-18	True	1332264.0	40266.0	339.3547992	3163713536.0	world_g05_n085.mat	2AD47D627E883F8844DD14A006AD2F81B610C832C82F97D47077AC110CC09884	59B22764181C475D824B3847F1FC4F2E3EA726C62618AB02D8691B028031CC55	AE9B0EEE540CC07AA3D3FE45D445B0C71815E95D7D461C6AB615903532705D09
G05	5	85	91205085	R2	3.2654140348111795	13.7691019113286	0.00224	-4.6547646584321356e-05	0.990966796875	0	-0.00383	0.0035600000000000007	False	0.0022400000000000024	0.20166015625	2.6020852139652106e-18	True	1332264.0	40266.0	339.3547992	3163713536.0	world_g05_n085.mat	2AD47D627E883F8844DD14A006AD2F81B610C832C82F97D47077AC110CC09884	59B22764181C475D824B3847F1FC4F2E3EA726C62618AB02D8691B028031CC55	AE9B0EEE540CC07AA3D3FE45D445B0C71815E95D7D461C6AB615903532705D09
G05	5	86	91205086	R1	3.2654140348111795	13.7691019113286	0.00224	-0.0013203795170280014	0.540985107421875	0	-0.0058	0.003100000000000002	False	0.0022400000000000024	0.11083984375	2.6020852139652106e-18	True	1332264.0	40048.0	338.3339912	3162693632.0	world_g05_n086.mat	963D5D65E7775EAB7ED60F023BB670192108665A2163BDFEB69D441615DE503C	59B22764181C475D824B3847F1FC4F2E3EA726C62618AB02D8691B028031CC55	AE9B0EEE540CC07AA3D3FE45D445B0C71815E95D7D461C6AB615903532705D09
G05	5	86	91205086	R2	3.2654140348111795	13.7691019113286	0.00224	0.0013984680728847917	0.619140625	0	-0.00425	0.0072600000000000026	False	0.0022400000000000024	0.75634765625	2.6020852139652106e-18	True	1332264.0	40048.0	338.3339912	3162693632.0	world_g05_n086.mat	963D5D65E7775EAB7ED60F023BB670192108665A2163BDFEB69D441615DE503C	59B22764181C475D824B3847F1FC4F2E3EA726C62618AB02D8691B028031CC55	AE9B0EEE540CC07AA3D3FE45D445B0C71815E95D7D461C6AB615903532705D09
G05	5	87	91205087	R1	3.2654140348111795	13.7691019113286	0.00224	-0.002387653281783698	0.177520751953125	0	-0.005889999999999999	0.0009900000000000013	False	0.0022400000000000024	0.003692626953125	2.6020852139652106e-18	False	1332264.0	39873.0	337.6752032	3162583040.0	world_g05_n087.mat	A01A5336487E16009116222990182C9BB05BE89F365EE5BF17DB99442F1897D2	59B22764181C475D824B3847F1FC4F2E3EA726C62618AB02D8691B028031CC55	AE9B0EEE540CC07AA3D3FE45D445B0C71815E95D7D461C6AB615903532705D09
G05	5	87	91205087	R2	3.2654140348111795	13.7691019113286	0.00224	-0.004204912697473428	0.070068359375	0	-0.00809	0.00047000000000000167	False	0.0022400000000000024	0.013916015625	2.6020852139652106e-18	False	1332264.0	39873.0	337.6752032	3162583040.0	world_g05_n087.mat	A01A5336487E16009116222990182C9BB05BE89F365EE5BF17DB99442F1897D2	59B22764181C475D824B3847F1FC4F2E3EA726C62618AB02D8691B028031CC55	AE9B0EEE540CC07AA3D3FE45D445B0C71815E95D7D461C6AB615903532705D09
G05	5	88	91205088	R1	3.2654140348111795	13.7691019113286	0.00224	-0.0017823472195291157	0.33514404296875	0	-0.00563	0.0020300000000000006	False	0.0022400000000000024	0.040283203125	2.6020852139652106e-18	False	1332264.0	40119.0	344.1533743	3161546752.0	world_g05_n088.mat	F5A5D6CD702D1B9190755669D9649F7AEA5CC75400C734B11CD402AEE90F8274	59B22764181C475D824B3847F1FC4F2E3EA726C62618AB02D8691B028031CC55	AE9B0EEE540CC07AA3D3FE45D445B0C71815E95D7D461C6AB615903532705D09
G05	5	88	91205088	R2	3.2654140348111795	13.7691019113286	0.00224	-0.00015092176700527604	0.944580078125	0	-0.0045499999999999985	0.004190000000000003	False	0.0022400000000000024	0.25048828125	2.6020852139652106e-18	True	1332264.0	40119.0	344.1533743	3161546752.0	world_g05_n088.mat	F5A5D6CD702D1B9190755669D9649F7AEA5CC75400C734B11CD402AEE90F8274	59B22764181C475D824B3847F1FC4F2E3EA726C62618AB02D8691B028031CC55	AE9B0EEE540CC07AA3D3FE45D445B0C71815E95D7D461C6AB615903532705D09
G05	5	89	91205089	R1	3.2654140348111795	13.7691019113286	0.00224	0.0024036510677364342	0.184967041015625	0	-0.0012299999999999985	0.006060000000000003	False	0.0022400000000000024	0.926177978515625	2.6020852139652106e-18	True	1332264.0	40352.0	301.0903464	3161579520.0	world_g05_n089.mat	A5666D1937BB2DD9CA48B48503B18F3DA06955C2661BD498855B34EFA0E54C4A	59B22764181C475D824B3847F1FC4F2E3EA726C62618AB02D8691B028031CC55	AE9B0EEE540CC07AA3D3FE45D445B0C71815E95D7D461C6AB615903532705D09
G05	5	89	91205089	R2	3.2654140348111795	13.7691019113286	0.00224	0.0023856607549604027	0.246337890625	0	-0.0015599999999999989	0.006590000000000002	False	0.0022400000000000024	0.947021484375	2.6020852139652106e-18	True	1332264.0	40352.0	301.0903464	3161579520.0	world_g05_n089.mat	A5666D1937BB2DD9CA48B48503B18F3DA06955C2661BD498855B34EFA0E54C4A	59B22764181C475D824B3847F1FC4F2E3EA726C62618AB02D8691B028031CC55	AE9B0EEE540CC07AA3D3FE45D445B0C71815E95D7D461C6AB615903532705D09
G05	5	90	91205090	R1	3.2654140348111795	13.7691019113286	0.00224	0.0017596405698398383	0.25994873046875	0	-0.0014400000000000003	0.005000000000000001	False	0.0022400000000000024	0.748016357421875	2.6020852139652106e-18	True	1332264.0	40003.0	347.8164087	3160375296.0	world_g05_n090.mat	6649A399F4FADA777C8864C15BB2BC785C5BECEE3E20AA6A7DA0715347E878B4	59B22764181C475D824B3847F1FC4F2E3EA726C62618AB02D8691B028031CC55	AE9B0EEE540CC07AA3D3FE45D445B0C71815E95D7D461C6AB615903532705D09
G05	5	90	91205090	R2	3.2654140348111795	13.7691019113286	0.00224	-0.0008969834595071844	0.67431640625	0	-0.00566	0.0038200000000000005	False	0.0022400000000000024	0.16552734375	2.6020852139652106e-18	True	1332264.0	40003.0	347.8164087	3160375296.0	world_g05_n090.mat	6649A399F4FADA777C8864C15BB2BC785C5BECEE3E20AA6A7DA0715347E878B4	59B22764181C475D824B3847F1FC4F2E3EA726C62618AB02D8691B028031CC55	AE9B0EEE540CC07AA3D3FE45D445B0C71815E95D7D461C6AB615903532705D09
G05	5	91	91205091	R1	3.2654140348111795	13.7691019113286	0.00224	-0.0025110933156757428	0.10296630859375	0	-0.0055899999999999995	0.0005500000000000019	False	0.0022400000000000024	0.005126953125	2.6020852139652106e-18	False	1332264.0	40183.0	350.2152504	3159314432.0	world_g05_n091.mat	488FFCD88292F8634E76D65961560B27355FD5A8FC4C821C54060A3FD16DCADF	59B22764181C475D824B3847F1FC4F2E3EA726C62618AB02D8691B028031CC55	AE9B0EEE540CC07AA3D3FE45D445B0C71815E95D7D461C6AB615903532705D09
G05	5	91	91205091	R2	3.2654140348111795	13.7691019113286	0.00224	0.002631768409289835	0.21728515625	0	-0.0018799999999999997	0.007080000000000003	False	0.0022400000000000024	0.84716796875	2.6020852139652106e-18	True	1332264.0	40183.0	350.2152504	3159314432.0	world_g05_n091.mat	488FFCD88292F8634E76D65961560B27355FD5A8FC4C821C54060A3FD16DCADF	59B22764181C475D824B3847F1FC4F2E3EA726C62618AB02D8691B028031CC55	AE9B0EEE540CC07AA3D3FE45D445B0C71815E95D7D461C6AB615903532705D09
G05	5	92	91205092	R1	3.2654140348111795	13.7691019113286	0.00224	0.002169827097845074	0.15045166015625	0	-0.0009099999999999976	0.005250000000000001	False	0.0022400000000000024	0.962249755859375	2.6020852139652106e-18	True	1332264.0	40326.0	274.1137247	3159179264.0	world_g05_n092.mat	C2737097503687C77CF7169006DE1AB434AF477BB188378E792203A296F5A2D2	59B22764181C475D824B3847F1FC4F2E3EA726C62618AB02D8691B028031CC55	AE9B0EEE540CC07AA3D3FE45D445B0C71815E95D7D461C6AB615903532705D09
G05	5	92	91205092	R2	3.2654140348111795	13.7691019113286	0.00224	-0.000820708688493037	0.612548828125	0	-0.004359999999999999	0.00264	False	0.0022400000000000024	0.080322265625	2.6020852139652106e-18	True	1332264.0	40326.0	274.1137247	3159179264.0	world_g05_n092.mat	C2737097503687C77CF7169006DE1AB434AF477BB188378E792203A296F5A2D2	59B22764181C475D824B3847F1FC4F2E3EA726C62618AB02D8691B028031CC55	AE9B0EEE540CC07AA3D3FE45D445B0C71815E95D7D461C6AB615903532705D09
G05	5	93	91205093	R1	3.2654140348111795	13.7691019113286	0.00224	-0.00241883535370914	0.078033447265625	0	-0.00516	0.00033000000000000043	False	0.0022400000000000024	0.003143310546875	2.6020852139652106e-18	False	1332264.0	40131.0	260.3758641	3159019520.0	world_g05_n093.mat	2AE5EFC24681364EAA2669594C257F1DD399BA8B074F8635EE56BEF2B51FE60E	59B22764181C475D824B3847F1FC4F2E3EA726C62618AB02D8691B028031CC55	AE9B0EEE540CC07AA3D3FE45D445B0C71815E95D7D461C6AB615903532705D09
G05	5	93	91205093	R2	3.2654140348111795	13.7691019113286	0.00224	-0.0037672055271265725	0.050048828125	0	-0.00775	0.0	False	0.0022400000000000024	0.0029296875	2.6020852139652106e-18	False	1332264.0	40131.0	260.3758641	3159019520.0	world_g05_n093.mat	2AE5EFC24681364EAA2669594C257F1DD399BA8B074F8635EE56BEF2B51FE60E	59B22764181C475D824B3847F1FC4F2E3EA726C62618AB02D8691B028031CC55	AE9B0EEE540CC07AA3D3FE45D445B0C71815E95D7D461C6AB615903532705D09
G05	5	94	91205094	R1	3.2654140348111795	13.7691019113286	0.00224	0.00028892651235054486	0.83270263671875	0	-0.002599999999999998	0.0031700000000000027	False	0.0022400000000000024	0.170501708984375	2.6020852139652106e-18	True	1332264.0	40126.0	266.41685	3158863872.0	world_g05_n094.mat	047CA0FFA70884E3F734FEAC46044BA3F95700EF520BD6CD8A5A9FFC215668F2	59B22764181C475D824B3847F1FC4F2E3EA726C62618AB02D8691B028031CC55	AE9B0EEE540CC07AA3D3FE45D445B0C71815E95D7D461C6AB615903532705D09
G05	5	94	91205094	R2	3.2654140348111795	13.7691019113286	0.00224	-0.0016313525241349997	0.4921875	0	-0.006589999999999999	0.00315	False	0.0022400000000000024	0.105712890625	2.6020852139652106e-18	True	1332264.0	40126.0	266.41685	3158863872.0	world_g05_n094.mat	047CA0FFA70884E3F734FEAC46044BA3F95700EF520BD6CD8A5A9FFC215668F2	59B22764181C475D824B3847F1FC4F2E3EA726C62618AB02D8691B028031CC55	AE9B0EEE540CC07AA3D3FE45D445B0C71815E95D7D461C6AB615903532705D09
G05	5	95	91205095	R1	3.2654140348111795	13.7691019113286	0.00224	0.0031223671276289747	0.027435302734375	1	0.00037000000000000227	0.006000000000000002	False	0.0022400000000000024	0.5421142578125	2.6020852139652106e-18	True	1332264.0	40302.0	283.0767834	3157196800.0	world_g05_n095.mat	797A7753678B79C76F8012A5376212CF3BA90359716AB181BA03B7E83FAAF6E0	59B22764181C475D824B3847F1FC4F2E3EA726C62618AB02D8691B028031CC55	AE9B0EEE540CC07AA3D3FE45D445B0C71815E95D7D461C6AB615903532705D09
G05	5	95	91205095	R2	3.2654140348111795	13.7691019113286	0.00224	-0.002183854720683022	0.29150390625	0	-0.0063999999999999994	0.0021800000000000014	False	0.0022400000000000024	0.046630859375	2.6020852139652106e-18	False	1332264.0	40302.0	283.0767834	3157196800.0	world_g05_n095.mat	797A7753678B79C76F8012A5376212CF3BA90359716AB181BA03B7E83FAAF6E0	59B22764181C475D824B3847F1FC4F2E3EA726C62618AB02D8691B028031CC55	AE9B0EEE540CC07AA3D3FE45D445B0C71815E95D7D461C6AB615903532705D09
G05	5	96	91205096	R1	3.2654140348111795	13.7691019113286	0.00224	-0.0016428515881630487	0.309112548828125	0	-0.0049	0.0015300000000000001	False	0.0022400000000000024	0.017578125	2.6020852139652106e-18	False	1332264.0	39966.0	380.5980808	3156422656.0	world_g05_n096.mat	9E73FC88B176F97A6946CF0FFC8366B953FBE66EFDB9B9927CCD9763C3BCD0B2	59B22764181C475D824B3847F1FC4F2E3EA726C62618AB02D8691B028031CC55	AE9B0EEE540CC07AA3D3FE45D445B0C71815E95D7D461C6AB615903532705D09
G05	5	96	91205096	R2	3.2654140348111795	13.7691019113286	0.00224	-1.5021235300697808e-05	0.996337890625	0	-0.005009999999999999	0.004980000000000002	False	0.0022400000000000024	0.339111328125	2.6020852139652106e-18	True	1332264.0	39966.0	380.5980808	3156422656.0	world_g05_n096.mat	9E73FC88B176F97A6946CF0FFC8366B953FBE66EFDB9B9927CCD9763C3BCD0B2	59B22764181C475D824B3847F1FC4F2E3EA726C62618AB02D8691B028031CC55	AE9B0EEE540CC07AA3D3FE45D445B0C71815E95D7D461C6AB615903532705D09
G05	5	97	91205097	R1	3.2654140348111795	13.7691019113286	0.00224	0.0001287349747112319	0.93231201171875	0	-0.003169999999999999	0.0034000000000000002	False	0.0022400000000000024	0.190155029296875	2.6020852139652106e-18	True	1332264.0	40328.0	384.1800806	3155361792.0	world_g05_n097.mat	AA7837327A6AEE3D1E44A60E87ED86F323E7CAF89C35D86A548C30258FA89468	59B22764181C475D824B3847F1FC4F2E3EA726C62618AB02D8691B028031CC55	AE9B0EEE540CC07AA3D3FE45D445B0C71815E95D7D461C6AB615903532705D09
G05	5	97	91205097	R2	3.2654140348111795	13.7691019113286	0.00224	-0.00027881548824459235	0.92626953125	0	-0.00524	0.005210000000000003	False	0.0022400000000000024	0.337890625	2.6020852139652106e-18	True	1332264.0	40328.0	384.1800806	3155361792.0	world_g05_n097.mat	AA7837327A6AEE3D1E44A60E87ED86F323E7CAF89C35D86A548C30258FA89468	59B22764181C475D824B3847F1FC4F2E3EA726C62618AB02D8691B028031CC55	AE9B0EEE540CC07AA3D3FE45D445B0C71815E95D7D461C6AB615903532705D09
G05	5	98	91205098	R1	3.2654140348111795	13.7691019113286	0.00224	0.0004493361177503949	0.653533935546875	0	-0.0016900000000000005	0.002590000000000002	False	0.0022400000000000024	0.09393310546875	2.6020852139652106e-18	True	1332264.0	39978.0	381.9541848	3143507968.0	world_g05_n098.mat	8EF70CF746090C0F9C9085342AB534699261CE1A815EF3FA2A9A095418E863FC	59B22764181C475D824B3847F1FC4F2E3EA726C62618AB02D8691B028031CC55	AE9B0EEE540CC07AA3D3FE45D445B0C71815E95D7D461C6AB615903532705D09
G05	5	98	91205098	R2	3.2654140348111795	13.7691019113286	0.00224	-3.4874632236686925e-06	0.998779296875	0	-0.00375	0.0037700000000000025	False	0.0022400000000000024	0.20849609375	2.6020852139652106e-18	True	1332264.0	39978.0	381.9541848	3143507968.0	world_g05_n098.mat	8EF70CF746090C0F9C9085342AB534699261CE1A815EF3FA2A9A095418E863FC	59B22764181C475D824B3847F1FC4F2E3EA726C62618AB02D8691B028031CC55	AE9B0EEE540CC07AA3D3FE45D445B0C71815E95D7D461C6AB615903532705D09
G05	5	99	91205099	R1	3.2654140348111795	13.7691019113286	0.00224	-0.0034569465956812134	0.026397705078125	1	-0.0064399999999999995	-0.0005000000000000004	False	0.0022400000000000024	0.001129150390625	2.6020852139652106e-18	False	1332264.0	40338.0	346.3520552	3153244160.0	world_g05_n099.mat	472D6A1B913E120F56B265464979ABFAE85952BE82CC7CA9B35195849B7C6E35	59B22764181C475D824B3847F1FC4F2E3EA726C62618AB02D8691B028031CC55	AE9B0EEE540CC07AA3D3FE45D445B0C71815E95D7D461C6AB615903532705D09
G05	5	99	91205099	R2	3.2654140348111795	13.7691019113286	0.00224	0.0023241397734552163	0.244140625	0	-0.0018399999999999979	0.006500000000000002	False	0.0022400000000000024	0.965087890625	2.6020852139652106e-18	True	1332264.0	40338.0	346.3520552	3153244160.0	world_g05_n099.mat	472D6A1B913E120F56B265464979ABFAE85952BE82CC7CA9B35195849B7C6E35	59B22764181C475D824B3847F1FC4F2E3EA726C62618AB02D8691B028031CC55	AE9B0EEE540CC07AA3D3FE45D445B0C71815E95D7D461C6AB615903532705D09
G05	5	100	91205100	R1	3.2654140348111795	13.7691019113286	0.00224	0.0002766462679738696	0.881683349609375	0	-0.003199999999999998	0.0037300000000000007	False	0.0022400000000000024	0.244476318359375	2.6020852139652106e-18	True	1332264.0	40318.0	345.5287559	3152277504.0	world_g05_n100.mat	C58201A0FE82C0D1E1FE71D78111D307CFCBF19A276BAF5DCE783DACB26384F7	59B22764181C475D824B3847F1FC4F2E3EA726C62618AB02D8691B028031CC55	AE9B0EEE540CC07AA3D3FE45D445B0C71815E95D7D461C6AB615903532705D09
G05	5	100	91205100	R2	3.2654140348111795	13.7691019113286	0.00224	0.002797049351856868	0.02001953125	1	0.0005400000000000023	0.005060000000000002	False	0.0022400000000000024	0.590087890625	2.6020852139652106e-18	True	1332264.0	40318.0	345.5287559	3152277504.0	world_g05_n100.mat	C58201A0FE82C0D1E1FE71D78111D307CFCBF19A276BAF5DCE783DACB26384F7	59B22764181C475D824B3847F1FC4F2E3EA726C62618AB02D8691B028031CC55	AE9B0EEE540CC07AA3D3FE45D445B0C71815E95D7D461C6AB615903532705D09
G05	5	101	91205101	R1	3.2654140348111795	13.7691019113286	0.00224	-0.002629503882870832	0.064300537109375	0	-0.0054199999999999995	0.0001799999999999996	False	0.0022400000000000024	0.002960205078125	2.6020852139652106e-18	False	1332264.0	40349.0	346.3781841	3153289216.0	world_g05_n101.mat	FA55878205726CFE134849ECF8BCC8692B22771794B1C1DF70596D5B7BECBC38	59B22764181C475D824B3847F1FC4F2E3EA726C62618AB02D8691B028031CC55	AE9B0EEE540CC07AA3D3FE45D445B0C71815E95D7D461C6AB615903532705D09
G05	5	101	91205101	R2	3.2654140348111795	13.7691019113286	0.00224	0.0017060613676091576	0.259033203125	0	-0.0013699999999999997	0.004900000000000002	False	0.0022400000000000024	0.72314453125	2.6020852139652106e-18	True	1332264.0	40349.0	346.3781841	3153289216.0	world_g05_n101.mat	FA55878205726CFE134849ECF8BCC8692B22771794B1C1DF70596D5B7BECBC38	59B22764181C475D824B3847F1FC4F2E3EA726C62618AB02D8691B028031CC55	AE9B0EEE540CC07AA3D3FE45D445B0C71815E95D7D461C6AB615903532705D09
G05	5	102	91205102	R1	3.2654140348111795	13.7691019113286	0.00224	-0.0011731481753710802	0.346893310546875	0	-0.0038099999999999974	0.001460000000000003	False	0.0022400000000000024	0.014862060546875	2.6020852139652106e-18	False	1332264.0	40162.0	342.7664764	3152257024.0	world_g05_n102.mat	2E6DA966E30EA5799D1D494DECFA49B25F3D65199C397A1222F4CDCE85FD8E5B	59B22764181C475D824B3847F1FC4F2E3EA726C62618AB02D8691B028031CC55	AE9B0EEE540CC07AA3D3FE45D445B0C71815E95D7D461C6AB615903532705D09
G05	5	102	91205102	R2	3.2654140348111795	13.7691019113286	0.00224	0.001336131813840601	0.582763671875	0	-0.0028399999999999988	0.005930000000000001	False	0.0022400000000000024	0.677490234375	2.6020852139652106e-18	True	1332264.0	40162.0	342.7664764	3152257024.0	world_g05_n102.mat	2E6DA966E30EA5799D1D494DECFA49B25F3D65199C397A1222F4CDCE85FD8E5B	59B22764181C475D824B3847F1FC4F2E3EA726C62618AB02D8691B028031CC55	AE9B0EEE540CC07AA3D3FE45D445B0C71815E95D7D461C6AB615903532705D09
G05	5	103	91205103	R1	3.2654140348111795	13.7691019113286	0.00224	0.0004530497147400763	0.7781982421875	0	-0.0029099999999999994	0.003840000000000003	False	0.0022400000000000024	0.272674560546875	2.6020852139652106e-18	True	1332264.0	40018.0	343.7367665	3153186816.0	world_g05_n103.mat	7FC4A96B22EA3C48587581764E4ACB16695015A621FBC8C8ACFDF0192813474D	59B22764181C475D824B3847F1FC4F2E3EA726C62618AB02D8691B028031CC55	AE9B0EEE540CC07AA3D3FE45D445B0C71815E95D7D461C6AB615903532705D09
G05	5	103	91205103	R2	3.2654140348111795	13.7691019113286	0.00224	0.0018121970629843122	0.393798828125	0	-0.0027100000000000006	0.0062400000000000025	False	0.0022400000000000024	0.838623046875	2.6020852139652106e-18	True	1332264.0	40018.0	343.7367665	3153186816.0	world_g05_n103.mat	7FC4A96B22EA3C48587581764E4ACB16695015A621FBC8C8ACFDF0192813474D	59B22764181C475D824B3847F1FC4F2E3EA726C62618AB02D8691B028031CC55	AE9B0EEE540CC07AA3D3FE45D445B0C71815E95D7D461C6AB615903532705D09
G05	5	104	91205104	R1	3.2654140348111795	13.7691019113286	0.00224	-0.0004644331190951452	0.72821044921875	0	-0.0032499999999999994	0.0023700000000000006	False	0.0022400000000000024	0.0599365234375	2.6020852139652106e-18	True	1332264.0	39925.0	343.4614084	3152326656.0	world_g05_n104.mat	582E859138F86A2EB75A93B7D9B7A985B47684AB43AA7FB01CFB674387A0CD0F	59B22764181C475D824B3847F1FC4F2E3EA726C62618AB02D8691B028031CC55	AE9B0EEE540CC07AA3D3FE45D445B0C71815E95D7D461C6AB615903532705D09
G05	5	104	91205104	R2	3.2654140348111795	13.7691019113286	0.00224	0.0021636613812381156	0.084228515625	0	-0.00034	0.004570000000000001	False	0.0022400000000000024	0.94873046875	2.6020852139652106e-18	True	1332264.0	39925.0	343.4614084	3152326656.0	world_g05_n104.mat	582E859138F86A2EB75A93B7D9B7A985B47684AB43AA7FB01CFB674387A0CD0F	59B22764181C475D824B3847F1FC4F2E3EA726C62618AB02D8691B028031CC55	AE9B0EEE540CC07AA3D3FE45D445B0C71815E95D7D461C6AB615903532705D09
G05	5	105	91205105	R1	3.2654140348111795	13.7691019113286	0.00224	-0.0009542671892099274	0.600799560546875	0	-0.00486	0.002990000000000003	False	0.0022400000000000024	0.10028076171875	2.6020852139652106e-18	True	1332264.0	40020.0	338.8354615	3151380480.0	world_g05_n105.mat	E0A8AF537EDF2864CBBC23FF5FEB8F197CF9DC9273DE1AE7B43DAC6688A888B2	59B22764181C475D824B3847F1FC4F2E3EA726C62618AB02D8691B028031CC55	AE9B0EEE540CC07AA3D3FE45D445B0C71815E95D7D461C6AB615903532705D09
G05	5	105	91205105	R2	3.2654140348111795	13.7691019113286	0.00224	-0.0008783605252463783	0.6240234375	0	-0.004739999999999999	0.00289	False	0.0022400000000000024	0.099365234375	2.6020852139652106e-18	True	1332264.0	40020.0	338.8354615	3151380480.0	world_g05_n105.mat	E0A8AF537EDF2864CBBC23FF5FEB8F197CF9DC9273DE1AE7B43DAC6688A888B2	59B22764181C475D824B3847F1FC4F2E3EA726C62618AB02D8691B028031CC55	AE9B0EEE540CC07AA3D3FE45D445B0C71815E95D7D461C6AB615903532705D09
G05	5	106	91205106	R1	3.2654140348111795	13.7691019113286	0.00224	0.0007391818302627615	0.704437255859375	0	-0.0034000000000000002	0.004790000000000003	False	0.0022400000000000024	0.45050048828125	2.6020852139652106e-18	True	1332264.0	39972.0	350.927647	3152289792.0	world_g05_n106.mat	57A76EE8F9798493FE590889CE496480357C5212B4BA6993DE32A37E77C2CB36	59B22764181C475D824B3847F1FC4F2E3EA726C62618AB02D8691B028031CC55	AE9B0EEE540CC07AA3D3FE45D445B0C71815E95D7D461C6AB615903532705D09
G05	5	106	91205106	R2	3.2654140348111795	13.7691019113286	0.00224	-0.001253567042758303	0.47119140625	0	-0.0049499999999999995	0.0024300000000000016	False	0.0022400000000000024	0.0615234375	2.6020852139652106e-18	True	1332264.0	39972.0	350.927647	3152289792.0	world_g05_n106.mat	57A76EE8F9798493FE590889CE496480357C5212B4BA6993DE32A37E77C2CB36	59B22764181C475D824B3847F1FC4F2E3EA726C62618AB02D8691B028031CC55	AE9B0EEE540CC07AA3D3FE45D445B0C71815E95D7D461C6AB615903532705D09
G05	5	107	91205107	R1	3.2654140348111795	13.7691019113286	0.00224	-8.654424935223374e-05	0.955078125	0	-0.0032499999999999994	0.0030900000000000025	False	0.0022400000000000024	0.137969970703125	2.6020852139652106e-18	True	1332264.0	40139.0	344.7540356	3151355904.0	world_g05_n107.mat	E5EDFA0BBC4A2194ABEFD76E3DD48840383B5057B33DBA6A2196FEFF2F9122CC	59B22764181C475D824B3847F1FC4F2E3EA726C62618AB02D8691B028031CC55	AE9B0EEE540CC07AA3D3FE45D445B0C71815E95D7D461C6AB615903532705D09
G05	5	107	91205107	R2	3.2654140348111795	13.7691019113286	0.00224	-0.0016293661739097335	0.298095703125	0	-0.005049999999999999	0.001800000000000003	False	0.0022400000000000024	0.031494140625	2.6020852139652106e-18	False	1332264.0	40139.0	344.7540356	3151355904.0	world_g05_n107.mat	E5EDFA0BBC4A2194ABEFD76E3DD48840383B5057B33DBA6A2196FEFF2F9122CC	59B22764181C475D824B3847F1FC4F2E3EA726C62618AB02D8691B028031CC55	AE9B0EEE540CC07AA3D3FE45D445B0C71815E95D7D461C6AB615903532705D09
G05	5	108	91205108	R1	3.2654140348111795	13.7691019113286	0.00224	0.0032689748272936472	0.130706787109375	0	-0.0011199999999999995	0.00766	False	0.0022400000000000024	0.616485595703125	2.6020852139652106e-18	True	1332264.0	40487.0	346.2881514	3151364096.0	world_g05_n108.mat	042F5FC262A642162FF71B8F5386589073B1FCCC2C5F327E5E3C671484440B05	59B22764181C475D824B3847F1FC4F2E3EA726C62618AB02D8691B028031CC55	AE9B0EEE540CC07AA3D3FE45D445B0C71815E95D7D461C6AB615903532705D09
G05	5	108	91205108	R2	3.2654140348111795	13.7691019113286	0.00224	-0.00043666057349828	0.7734375	0	-0.0037199999999999976	0.002760000000000002	False	0.0022400000000000024	0.100830078125	2.6020852139652106e-18	True	1332264.0	40487.0	346.2881514	3151364096.0	world_g05_n108.mat	042F5FC262A642162FF71B8F5386589073B1FCCC2C5F327E5E3C671484440B05	59B22764181C475D824B3847F1FC4F2E3EA726C62618AB02D8691B028031CC55	AE9B0EEE540CC07AA3D3FE45D445B0C71815E95D7D461C6AB615903532705D09
G05	5	109	91205109	R1	3.2654140348111795	13.7691019113286	0.00224	0.001900307987749822	0.4412841796875	0	-0.003259999999999999	0.007040000000000001	False	0.0022400000000000024	0.889190673828125	2.6020852139652106e-18	True	1332264.0	40096.0	343.2429422	3152302080.0	world_g05_n109.mat	31A3C6ED5342998F290703D324540834DC3BE89F220AC88A6C72C4F97F18089E	59B22764181C475D824B3847F1FC4F2E3EA726C62618AB02D8691B028031CC55	AE9B0EEE540CC07AA3D3FE45D445B0C71815E95D7D461C6AB615903532705D09
G05	5	109	91205109	R2	3.2654140348111795	13.7691019113286	0.00224	-0.0005608102616521368	0.76123046875	0	-0.004589999999999999	0.0034500000000000017	False	0.0022400000000000024	0.156005859375	2.6020852139652106e-18	True	1332264.0	40096.0	343.2429422	3152302080.0	world_g05_n109.mat	31A3C6ED5342998F290703D324540834DC3BE89F220AC88A6C72C4F97F18089E	59B22764181C475D824B3847F1FC4F2E3EA726C62618AB02D8691B028031CC55	AE9B0EEE540CC07AA3D3FE45D445B0C71815E95D7D461C6AB615903532705D09
G05	5	110	91205110	R1	3.2654140348111795	13.7691019113286	0.00224	0.0003218413770090382	0.798492431640625	0	-0.0022299999999999993	0.002930000000000002	False	0.0022400000000000024	0.1361083984375	2.6020852139652106e-18	True	1332264.0	40376.0	345.4187598	3152293888.0	world_g05_n110.mat	AE4558D844A5A608DACC23F8B56CFAB456684BFF41770FC1ED4B94AD63B1115D	59B22764181C475D824B3847F1FC4F2E3EA726C62618AB02D8691B028031CC55	AE9B0EEE540CC07AA3D3FE45D445B0C71815E95D7D461C6AB615903532705D09
G05	5	110	91205110	R2	3.2654140348111795	13.7691019113286	0.00224	0.0006902629897107217	0.763671875	0	-0.0031199999999999978	0.00494	False	0.0022400000000000024	0.44921875	2.6020852139652106e-18	True	1332264.0	40376.0	345.4187598	3152293888.0	world_g05_n110.mat	AE4558D844A5A608DACC23F8B56CFAB456684BFF41770FC1ED4B94AD63B1115D	59B22764181C475D824B3847F1FC4F2E3EA726C62618AB02D8691B028031CC55	AE9B0EEE540CC07AA3D3FE45D445B0C71815E95D7D461C6AB615903532705D09
G05	5	111	91205111	R1	3.2654140348111795	13.7691019113286	0.00224	-0.0017162632902895246	0.263458251953125	0	-0.00486	0.0014200000000000011	False	0.0022400000000000024	0.016571044921875	2.6020852139652106e-18	False	1332264.0	39957.0	342.1759023	3151372288.0	world_g05_n111.mat	F1FD429FBFFD5D75B416D9A3191BD5C68B3E1B5A167DDD131AA58D0E32F738E3	59B22764181C475D824B3847F1FC4F2E3EA726C62618AB02D8691B028031CC55	AE9B0EEE540CC07AA3D3FE45D445B0C71815E95D7D461C6AB615903532705D09
G05	5	111	91205111	R2	3.2654140348111795	13.7691019113286	0.00224	-0.001592070692882946	0.399658203125	0	-0.005309999999999999	0.0019200000000000016	False	0.0022400000000000024	0.033203125	2.6020852139652106e-18	False	1332264.0	39957.0	342.1759023	3151372288.0	world_g05_n111.mat	F1FD429FBFFD5D75B416D9A3191BD5C68B3E1B5A167DDD131AA58D0E32F738E3	59B22764181C475D824B3847F1FC4F2E3EA726C62618AB02D8691B028031CC55	AE9B0EEE540CC07AA3D3FE45D445B0C71815E95D7D461C6AB615903532705D09
G05	5	112	91205112	R1	3.2654140348111795	13.7691019113286	0.00224	-0.0002640554166705617	0.85205078125	0	-0.002919999999999999	0.002570000000000003	False	0.0022400000000000024	0.0777587890625	2.6020852139652106e-18	True	1332264.0	39929.0	344.5304025	3151384576.0	world_g05_n112.mat	BF05D564C59CBFA1650C4B446D7476A00C8B801D3F62F461EBFE64002A001A1D	59B22764181C475D824B3847F1FC4F2E3EA726C62618AB02D8691B028031CC55	AE9B0EEE540CC07AA3D3FE45D445B0C71815E95D7D461C6AB615903532705D09
G05	5	112	91205112	R2	3.2654140348111795	13.7691019113286	0.00224	0.002142155835259489	0.27783203125	0	-0.0019899999999999987	0.006320000000000003	False	0.0022400000000000024	0.958984375	2.6020852139652106e-18	True	1332264.0	39929.0	344.5304025	3151384576.0	world_g05_n112.mat	BF05D564C59CBFA1650C4B446D7476A00C8B801D3F62F461EBFE64002A001A1D	59B22764181C475D824B3847F1FC4F2E3EA726C62618AB02D8691B028031CC55	AE9B0EEE540CC07AA3D3FE45D445B0C71815E95D7D461C6AB615903532705D09
G05	5	113	91205113	R1	3.2654140348111795	13.7691019113286	0.00224	-0.001295744020934785	0.475311279296875	0	-0.00499	0.0024900000000000026	False	0.0022400000000000024	0.06597900390625	2.6020852139652106e-18	True	1332264.0	40265.0	345.4424346	3152236544.0	world_g05_n113.mat	7C5B94E1C9B8DEE42878808B41E35DCB5296D1333F15B275014CCCCD6352AEF0	59B22764181C475D824B3847F1FC4F2E3EA726C62618AB02D8691B028031CC55	AE9B0EEE540CC07AA3D3FE45D445B0C71815E95D7D461C6AB615903532705D09
G05	5	113	91205113	R2	3.2654140348111795	13.7691019113286	0.00224	0.0007156884854106205	0.747314453125	0	-0.0041499999999999974	0.005580000000000002	False	0.0022400000000000024	0.503173828125	2.6020852139652106e-18	True	1332264.0	40265.0	345.4424346	3152236544.0	world_g05_n113.mat	7C5B94E1C9B8DEE42878808B41E35DCB5296D1333F15B275014CCCCD6352AEF0	59B22764181C475D824B3847F1FC4F2E3EA726C62618AB02D8691B028031CC55	AE9B0EEE540CC07AA3D3FE45D445B0C71815E95D7D461C6AB615903532705D09
G05	5	114	91205114	R1	3.2654140348111795	13.7691019113286	0.00224	-0.000339469855316147	0.785614013671875	0	-0.0030199999999999984	0.002360000000000001	False	0.0022400000000000024	0.05908203125	2.6020852139652106e-18	True	1332264.0	40145.0	342.1638806	3151249408.0	world_g05_n114.mat	5A868B9A452D3210909E72958B01A4D70F7B48378AD8C6EF1C3E799C7192CDA6	59B22764181C475D824B3847F1FC4F2E3EA726C62618AB02D8691B028031CC55	AE9B0EEE540CC07AA3D3FE45D445B0C71815E95D7D461C6AB615903532705D09
G05	5	114	91205114	R2	3.2654140348111795	13.7691019113286	0.00224	-0.0017383774117984583	0.2041015625	0	-0.004589999999999999	0.0009900000000000013	False	0.0022400000000000024	0.00830078125	2.6020852139652106e-18	False	1332264.0	40145.0	342.1638806	3151249408.0	world_g05_n114.mat	5A868B9A452D3210909E72958B01A4D70F7B48378AD8C6EF1C3E799C7192CDA6	59B22764181C475D824B3847F1FC4F2E3EA726C62618AB02D8691B028031CC55	AE9B0EEE540CC07AA3D3FE45D445B0C71815E95D7D461C6AB615903532705D09
G05	5	115	91205115	R1	3.2654140348111795	13.7691019113286	0.00224	-0.0020277841810805493	0.228485107421875	0	-0.005479999999999999	0.0013100000000000021	False	0.0022400000000000024	0.01470947265625	2.6020852139652106e-18	False	1332264.0	39800.0	346.6646651	3151400960.0	world_g05_n115.mat	7816E04F7A0A3E1F2591653AF73DFDAE4DE3794C6133E98F56BC87A60FD502AA	59B22764181C475D824B3847F1FC4F2E3EA726C62618AB02D8691B028031CC55	AE9B0EEE540CC07AA3D3FE45D445B0C71815E95D7D461C6AB615903532705D09
G05	5	115	91205115	R2	3.2654140348111795	13.7691019113286	0.00224	-0.0013521040209138202	0.48291015625	0	-0.0052499999999999995	0.0028300000000000027	False	0.0022400000000000024	0.081298828125	2.6020852139652106e-18	True	1332264.0	39800.0	346.6646651	3151400960.0	world_g05_n115.mat	7816E04F7A0A3E1F2591653AF73DFDAE4DE3794C6133E98F56BC87A60FD502AA	59B22764181C475D824B3847F1FC4F2E3EA726C62618AB02D8691B028031CC55	AE9B0EEE540CC07AA3D3FE45D445B0C71815E95D7D461C6AB615903532705D09
G05	5	116	91205116	R1	3.2654140348111795	13.7691019113286	0.00224	-0.0008517381580390438	0.64862060546875	0	-0.00481	0.003130000000000001	False	0.0022400000000000024	0.11688232421875	2.6020852139652106e-18	True	1332264.0	39721.0	346.3168074	3151331328.0	world_g05_n116.mat	046F102419E13B13681FF17BBDDB24D49CDE9C7DBCA966D2139A1628C6533CB7	59B22764181C475D824B3847F1FC4F2E3EA726C62618AB02D8691B028031CC55	AE9B0EEE540CC07AA3D3FE45D445B0C71815E95D7D461C6AB615903532705D09
G05	5	116	91205116	R2	3.2654140348111795	13.7691019113286	0.00224	-0.003913722725152001	0.01904296875	1	-0.007649999999999999	-0.0005699999999999976	False	0.0022400000000000024	0.000732421875	2.6020852139652106e-18	False	1332264.0	39721.0	346.3168074	3151331328.0	world_g05_n116.mat	046F102419E13B13681FF17BBDDB24D49CDE9C7DBCA966D2139A1628C6533CB7	59B22764181C475D824B3847F1FC4F2E3EA726C62618AB02D8691B028031CC55	AE9B0EEE540CC07AA3D3FE45D445B0C71815E95D7D461C6AB615903532705D09
G05	5	117	91205117	R1	3.2654140348111795	13.7691019113286	0.00224	-0.0008762512388169033	0.477630615234375	0	-0.0034800000000000005	0.0017500000000000016	False	0.0022400000000000024	0.024993896484375	2.6020852139652106e-18	False	1332264.0	40149.0	346.8657262	3151335424.0	world_g05_n117.mat	00BBE44DE2298E8FC58ADFEED9739B85A02ED6196DC774AE28898F5695FE6EDA	59B22764181C475D824B3847F1FC4F2E3EA726C62618AB02D8691B028031CC55	AE9B0EEE540CC07AA3D3FE45D445B0C71815E95D7D461C6AB615903532705D09
G05	5	117	91205117	R2	3.2654140348111795	13.7691019113286	0.00224	0.0011278075506197512	0.441650390625	0	-0.0020599999999999993	0.00434	False	0.0022400000000000024	0.450927734375	2.6020852139652106e-18	True	1332264.0	40149.0	346.8657262	3151335424.0	world_g05_n117.mat	00BBE44DE2298E8FC58ADFEED9739B85A02ED6196DC774AE28898F5695FE6EDA	59B22764181C475D824B3847F1FC4F2E3EA726C62618AB02D8691B028031CC55	AE9B0EEE540CC07AA3D3FE45D445B0C71815E95D7D461C6AB615903532705D09
G05	5	118	91205118	R1	3.2654140348111795	13.7691019113286	0.00224	0.0010133244110618776	0.586456298828125	0	-0.0029700000000000004	0.004950000000000003	False	0.0022400000000000024	0.513092041015625	2.6020852139652106e-18	True	1332264.0	40053.0	346.9429307	3151323136.0	world_g05_n118.mat	5452B5A13113DDA1AEA2F767FB29A2B1EF9F066326CD947986CB2DF9BBE8DE95	59B22764181C475D824B3847F1FC4F2E3EA726C62618AB02D8691B028031CC55	AE9B0EEE540CC07AA3D3FE45D445B0C71815E95D7D461C6AB615903532705D09
G05	5	118	91205118	R2	3.2654140348111795	13.7691019113286	0.00224	-0.001117169446659222	0.4296875	0	-0.004119999999999999	0.0019200000000000016	False	0.0022400000000000024	0.037841796875	2.6020852139652106e-18	False	1332264.0	40053.0	346.9429307	3151323136.0	world_g05_n118.mat	5452B5A13113DDA1AEA2F767FB29A2B1EF9F066326CD947986CB2DF9BBE8DE95	59B22764181C475D824B3847F1FC4F2E3EA726C62618AB02D8691B028031CC55	AE9B0EEE540CC07AA3D3FE45D445B0C71815E95D7D461C6AB615903532705D09
G05	5	119	91205119	R1	3.2654140348111795	13.7691019113286	0.00224	4.6805153155837645e-05	0.97265625	0	-0.0028800000000000006	0.002990000000000003	False	0.0022400000000000024	0.129638671875	2.6020852139652106e-18	True	1332264.0	39765.0	346.0186493	3150344192.0	world_g05_n119.mat	132812561C0ABA441AA2D6D1B52054CF35C9952C30DB52F78760B5E85C4D2863	59B22764181C475D824B3847F1FC4F2E3EA726C62618AB02D8691B028031CC55	AE9B0EEE540CC07AA3D3FE45D445B0C71815E95D7D461C6AB615903532705D09
G05	5	119	91205119	R2	3.2654140348111795	13.7691019113286	0.00224	0.0009541005046919103	0.576171875	0	-0.002829999999999999	0.004690000000000003	False	0.0022400000000000024	0.461181640625	2.6020852139652106e-18	True	1332264.0	39765.0	346.0186493	3150344192.0	world_g05_n119.mat	132812561C0ABA441AA2D6D1B52054CF35C9952C30DB52F78760B5E85C4D2863	59B22764181C475D824B3847F1FC4F2E3EA726C62618AB02D8691B028031CC55	AE9B0EEE540CC07AA3D3FE45D445B0C71815E95D7D461C6AB615903532705D09
G05	5	120	91205120	R1	3.2654140348111795	13.7691019113286	0.00224	-0.002112166397396119	0.210693359375	0	-0.00554	0.001230000000000002	False	0.0022400000000000024	0.011810302734375	2.6020852139652106e-18	False	1332264.0	40034.0	346.089186	3150360576.0	world_g05_n120.mat	2A28B7CB595B577DCE5CDC00C7BC224D3202226F41CE95322BDCB7ADCFB29CC2	59B22764181C475D824B3847F1FC4F2E3EA726C62618AB02D8691B028031CC55	AE9B0EEE540CC07AA3D3FE45D445B0C71815E95D7D461C6AB615903532705D09
G05	5	120	91205120	R2	3.2654140348111795	13.7691019113286	0.00224	0.00043865190646121547	0.783935546875	0	-0.00298	0.003760000000000003	False	0.0022400000000000024	0.2880859375	2.6020852139652106e-18	True	1332264.0	40034.0	346.089186	3150360576.0	world_g05_n120.mat	2A28B7CB595B577DCE5CDC00C7BC224D3202226F41CE95322BDCB7ADCFB29CC2	59B22764181C475D824B3847F1FC4F2E3EA726C62618AB02D8691B028031CC55	AE9B0EEE540CC07AA3D3FE45D445B0C71815E95D7D461C6AB615903532705D09
G05	5	121	91205121	R1	3.2654140348111795	13.7691019113286	0.00224	-0.0012446359918854677	0.409576416015625	0	-0.004449999999999999	0.00196	False	0.0022400000000000024	0.0364990234375	2.6020852139652106e-18	False	1332264.0	40042.0	341.3948432	3151216640.0	world_g05_n121.mat	F45627E08DF53C0F5515AF337A402E3B2E37680DF86987AD9BC5BEC96B277516	59B22764181C475D824B3847F1FC4F2E3EA726C62618AB02D8691B028031CC55	AE9B0EEE540CC07AA3D3FE45D445B0C71815E95D7D461C6AB615903532705D09
G05	5	121	91205121	R2	3.2654140348111795	13.7691019113286	0.00224	-0.0014869804832110267	0.357177734375	0	-0.0048899999999999985	0.0019200000000000016	False	0.0022400000000000024	0.031982421875	2.6020852139652106e-18	False	1332264.0	40042.0	341.3948432	3151216640.0	world_g05_n121.mat	F45627E08DF53C0F5515AF337A402E3B2E37680DF86987AD9BC5BEC96B277516	59B22764181C475D824B3847F1FC4F2E3EA726C62618AB02D8691B028031CC55	AE9B0EEE540CC07AA3D3FE45D445B0C71815E95D7D461C6AB615903532705D09
G05	5	122	91205122	R1	3.2654140348111795	13.7691019113286	0.00224	-0.0012841807838820678	0.371856689453125	0	-0.004279999999999999	0.0017200000000000028	False	0.0022400000000000024	0.024627685546875	2.6020852139652106e-18	False	1332264.0	39828.0	342.7268045	3150327808.0	world_g05_n122.mat	8AB0DEC433E5BE6A8D727448043B2EC59CAE9F4693B7815802B12AFFB09EFE7C	59B22764181C475D824B3847F1FC4F2E3EA726C62618AB02D8691B028031CC55	AE9B0EEE540CC07AA3D3FE45D445B0C71815E95D7D461C6AB615903532705D09
G05	5	122	91205122	R2	3.2654140348111795	13.7691019113286	0.00224	0.0012001720021836057	0.53271484375	0	-0.003029999999999998	0.005400000000000002	False	0.0022400000000000024	0.590576171875	2.6020852139652106e-18	True	1332264.0	39828.0	342.7268045	3150327808.0	world_g05_n122.mat	8AB0DEC433E5BE6A8D727448043B2EC59CAE9F4693B7815802B12AFFB09EFE7C	59B22764181C475D824B3847F1FC4F2E3EA726C62618AB02D8691B028031CC55	AE9B0EEE540CC07AA3D3FE45D445B0C71815E95D7D461C6AB615903532705D09
G05	5	123	91205123	R1	3.2654140348111795	13.7691019113286	0.00224	0.0009533577358076552	0.4210205078125	0	-0.0015399999999999997	0.00341	False	0.0022400000000000024	0.28900146484375	2.6020852139652106e-18	True	1332264.0	40139.0	342.8222922	3151081472.0	world_g05_n123.mat	055B5CB1D7B65F3B2513E8FF07D55BB7A84FDECECB1983EF17EF62EA1C9706E1	59B22764181C475D824B3847F1FC4F2E3EA726C62618AB02D8691B028031CC55	AE9B0EEE540CC07AA3D3FE45D445B0C71815E95D7D461C6AB615903532705D09
G05	5	123	91205123	R2	3.2654140348111795	13.7691019113286	0.00224	-0.0005833670863430803	0.74072265625	0	-0.0043199999999999975	0.0031800000000000023	False	0.0022400000000000024	0.127197265625	2.6020852139652106e-18	True	1332264.0	40139.0	342.8222922	3151081472.0	world_g05_n123.mat	055B5CB1D7B65F3B2513E8FF07D55BB7A84FDECECB1983EF17EF62EA1C9706E1	59B22764181C475D824B3847F1FC4F2E3EA726C62618AB02D8691B028031CC55	AE9B0EEE540CC07AA3D3FE45D445B0C71815E95D7D461C6AB615903532705D09
G05	5	124	91205124	R1	3.2654140348111795	13.7691019113286	0.00224	0.0008503170150972721	0.48236083984375	0	-0.001639999999999999	0.0033700000000000015	False	0.0022400000000000024	0.256439208984375	2.6020852139652106e-18	True	1332264.0	40287.0	342.7979414	3150123008.0	world_g05_n124.mat	9E298A61FAA3629F47C0E6ACC8D249216F29530E47F01FE56A0B1AA46DFE6986	59B22764181C475D824B3847F1FC4F2E3EA726C62618AB02D8691B028031CC55	AE9B0EEE540CC07AA3D3FE45D445B0C71815E95D7D461C6AB615903532705D09
G05	5	124	91205124	R2	3.2654140348111795	13.7691019113286	0.00224	-0.00038764626750355886	0.8447265625	0	-0.004669999999999999	0.0038800000000000015	False	0.0022400000000000024	0.203369140625	2.6020852139652106e-18	True	1332264.0	40287.0	342.7979414	3150123008.0	world_g05_n124.mat	9E298A61FAA3629F47C0E6ACC8D249216F29530E47F01FE56A0B1AA46DFE6986	59B22764181C475D824B3847F1FC4F2E3EA726C62618AB02D8691B028031CC55	AE9B0EEE540CC07AA3D3FE45D445B0C71815E95D7D461C6AB615903532705D09
G05	5	125	91205125	R1	3.2654140348111795	13.7691019113286	0.00224	0.000496121507627146	0.7681884765625	0	-0.0030799999999999994	0.004070000000000001	False	0.0022400000000000024	0.31201171875	2.6020852139652106e-18	True	1332264.0	40133.0	345.7361846	3149123584.0	world_g05_n125.mat	73267A4CF7C7B56223467415699E7A1ED0A1CEFFA9FCABF11C5CD7C2E6F5F535	59B22764181C475D824B3847F1FC4F2E3EA726C62618AB02D8691B028031CC55	AE9B0EEE540CC07AA3D3FE45D445B0C71815E95D7D461C6AB615903532705D09
G05	5	125	91205125	R2	3.2654140348111795	13.7691019113286	0.00224	-0.0014173216075332	0.399658203125	0	-0.00494	0.0021800000000000014	False	0.0022400000000000024	0.04638671875	2.6020852139652106e-18	False	1332264.0	40133.0	345.7361846	3149123584.0	world_g05_n125.mat	73267A4CF7C7B56223467415699E7A1ED0A1CEFFA9FCABF11C5CD7C2E6F5F535	59B22764181C475D824B3847F1FC4F2E3EA726C62618AB02D8691B028031CC55	AE9B0EEE540CC07AA3D3FE45D445B0C71815E95D7D461C6AB615903532705D09
G05	5	126	91205126	R1	3.2654140348111795	13.7691019113286	0.00224	-0.0021618687266892842	0.10845947265625	0	-0.00486	0.0005000000000000004	False	0.0022400000000000024	0.002655029296875	2.6020852139652106e-18	False	1332264.0	40162.0	347.3825094	3149041664.0	world_g05_n126.mat	2AA35EF09C1DFC637D06B3E1DBA3A245CDE9AC996689E5CE4DCBAF85974CB0BB	59B22764181C475D824B3847F1FC4F2E3EA726C62618AB02D8691B028031CC55	AE9B0EEE540CC07AA3D3FE45D445B0C71815E95D7D461C6AB615903532705D09
G05	5	126	91205126	R2	3.2654140348111795	13.7691019113286	0.00224	-0.0010097259634914237	0.592041015625	0	-0.00498	0.0030600000000000002	False	0.0022400000000000024	0.1064453125	2.6020852139652106e-18	True	1332264.0	40162.0	347.3825094	3149041664.0	world_g05_n126.mat	2AA35EF09C1DFC637D06B3E1DBA3A245CDE9AC996689E5CE4DCBAF85974CB0BB	59B22764181C475D824B3847F1FC4F2E3EA726C62618AB02D8691B028031CC55	AE9B0EEE540CC07AA3D3FE45D445B0C71815E95D7D461C6AB615903532705D09
G05	5	127	91205127	R1	3.2654140348111795	13.7691019113286	0.00224	-0.0016094790255008352	0.213958740234375	0	-0.00426	0.0010400000000000027	False	0.0022400000000000024	0.007720947265625	2.6020852139652106e-18	False	1332264.0	40576.0	352.7309673	3148001280.0	world_g05_n127.mat	CFD3A1BC26C4352740146932A15A377ADCBEBCF9A2DE3F6B8CC5154D0EF06D7A	59B22764181C475D824B3847F1FC4F2E3EA726C62618AB02D8691B028031CC55	AE9B0EEE540CC07AA3D3FE45D445B0C71815E95D7D461C6AB615903532705D09
G05	5	127	91205127	R2	3.2654140348111795	13.7691019113286	0.00224	0.0016863256536888307	0.258056640625	0	-0.0014999999999999979	0.004810000000000002	False	0.0022400000000000024	0.681396484375	2.6020852139652106e-18	True	1332264.0	40576.0	352.7309673	3148001280.0	world_g05_n127.mat	CFD3A1BC26C4352740146932A15A377ADCBEBCF9A2DE3F6B8CC5154D0EF06D7A	59B22764181C475D824B3847F1FC4F2E3EA726C62618AB02D8691B028031CC55	AE9B0EEE540CC07AA3D3FE45D445B0C71815E95D7D461C6AB615903532705D09
G05	5	128	91205128	R1	3.2654140348111795	13.7691019113286	0.00224	-0.0012556074210932698	0.4537353515625	0	-0.004749999999999999	0.0022400000000000024	False	0.0022400000000000024	0.050567626953125	2.6020852139652106e-18	True	1332264.0	39754.0	298.7677356	3148861440.0	world_g05_n128.mat	946543B4D25E26B10BE559E7CD282B2A5E2019E2F20268E12CE36E583A60E109	59B22764181C475D824B3847F1FC4F2E3EA726C62618AB02D8691B028031CC55	AE9B0EEE540CC07AA3D3FE45D445B0C71815E95D7D461C6AB615903532705D09
G05	5	128	91205128	R2	3.2654140348111795	13.7691019113286	0.00224	-0.00546906227933217	0.00927734375	1	-0.00925	-0.0017699999999999973	False	0.0022400000000000024	0.001708984375	2.6020852139652106e-18	False	1332264.0	39754.0	298.7677356	3148861440.0	world_g05_n128.mat	946543B4D25E26B10BE559E7CD282B2A5E2019E2F20268E12CE36E583A60E109	59B22764181C475D824B3847F1FC4F2E3EA726C62618AB02D8691B028031CC55	AE9B0EEE540CC07AA3D3FE45D445B0C71815E95D7D461C6AB615903532705D09
G05	5	129	91205129	R1	3.2654140348111795	13.7691019113286	0.00224	-0.0015214492400655757	0.3466796875	0	-0.00482	0.0018100000000000026	False	0.0022400000000000024	0.031585693359375	2.6020852139652106e-18	False	1332264.0	40273.0	356.6853711	3147763712.0	world_g05_n129.mat	68470A4F8C2E63E2AECFC6355C05541EE7F987BE519B1127F8EE24327F832222	59B22764181C475D824B3847F1FC4F2E3EA726C62618AB02D8691B028031CC55	AE9B0EEE540CC07AA3D3FE45D445B0C71815E95D7D461C6AB615903532705D09
G05	5	129	91205129	R2	3.2654140348111795	13.7691019113286	0.00224	-0.003484155767098888	0.137939453125	0	-0.00827	0.0013800000000000028	False	0.0022400000000000024	0.027099609375	2.6020852139652106e-18	False	1332264.0	40273.0	356.6853711	3147763712.0	world_g05_n129.mat	68470A4F8C2E63E2AECFC6355C05541EE7F987BE519B1127F8EE24327F832222	59B22764181C475D824B3847F1FC4F2E3EA726C62618AB02D8691B028031CC55	AE9B0EEE540CC07AA3D3FE45D445B0C71815E95D7D461C6AB615903532705D09
G05	5	130	91205130	R1	3.2654140348111795	13.7691019113286	0.00224	-0.0008378476631329007	0.455413818359375	0	-0.003199999999999998	0.0015000000000000013	False	0.0022400000000000024	0.013275146484375	2.6020852139652106e-18	False	1332264.0	39963.0	354.3943703	3146678272.0	world_g05_n130.mat	D3EF37965F6C3CC6549EDE9841CE9DA0B46E98FEAD6FE91DFBAC71E2E4E06F94	59B22764181C475D824B3847F1FC4F2E3EA726C62618AB02D8691B028031CC55	AE9B0EEE540CC07AA3D3FE45D445B0C71815E95D7D461C6AB615903532705D09
G05	5	130	91205130	R2	3.2654140348111795	13.7691019113286	0.00224	-0.0020186490419445715	0.146240234375	0	-0.004929999999999999	0.0009200000000000007	False	0.0022400000000000024	0.009765625	2.6020852139652106e-18	False	1332264.0	39963.0	354.3943703	3146678272.0	world_g05_n130.mat	D3EF37965F6C3CC6549EDE9841CE9DA0B46E98FEAD6FE91DFBAC71E2E4E06F94	59B22764181C475D824B3847F1FC4F2E3EA726C62618AB02D8691B028031CC55	AE9B0EEE540CC07AA3D3FE45D445B0C71815E95D7D461C6AB615903532705D09
G05	5	131	91205131	R1	3.2654140348111795	13.7691019113286	0.00224	-0.0010825203469012252	0.50506591796875	0	-0.004419999999999999	0.0023500000000000014	False	0.0022400000000000024	0.05633544921875	2.6020852139652106e-18	True	1332264.0	39968.0	273.2410603	3146383360.0	world_g05_n131.mat	DE3E420BA6BA1864694B474F65A1603FCCD7B86677FFA304F83D1A794E075AAC	59B22764181C475D824B3847F1FC4F2E3EA726C62618AB02D8691B028031CC55	AE9B0EEE540CC07AA3D3FE45D445B0C71815E95D7D461C6AB615903532705D09
G05	5	131	91205131	R2	3.2654140348111795	13.7691019113286	0.00224	-0.000272490958455786	0.8837890625	0	-0.00435	0.003670000000000003	False	0.0022400000000000024	0.19580078125	2.6020852139652106e-18	True	1332264.0	39968.0	273.2410603	3146383360.0	world_g05_n131.mat	DE3E420BA6BA1864694B474F65A1603FCCD7B86677FFA304F83D1A794E075AAC	59B22764181C475D824B3847F1FC4F2E3EA726C62618AB02D8691B028031CC55	AE9B0EEE540CC07AA3D3FE45D445B0C71815E95D7D461C6AB615903532705D09
G05	5	132	91205132	R1	3.2654140348111795	13.7691019113286	0.00224	-0.0016823674998465523	0.2164306640625	0	-0.004399999999999999	0.0009000000000000015	False	0.0022400000000000024	0.002777099609375	2.6020852139652106e-18	False	1332264.0	39886.0	260.7312539	3145781248.0	world_g05_n132.mat	BA207FB74A83EE3F98184E30C4EDA04FFAEAE5A664D6BF7D93A1037AEF431BA7	59B22764181C475D824B3847F1FC4F2E3EA726C62618AB02D8691B028031CC55	AE9B0EEE540CC07AA3D3FE45D445B0C71815E95D7D461C6AB615903532705D09
G05	5	132	91205132	R2	3.2654140348111795	13.7691019113286	0.00224	-0.0009731483663606388	0.600830078125	0	-0.004929999999999999	0.003080000000000003	False	0.0022400000000000024	0.104248046875	2.6020852139652106e-18	True	1332264.0	39886.0	260.7312539	3145781248.0	world_g05_n132.mat	BA207FB74A83EE3F98184E30C4EDA04FFAEAE5A664D6BF7D93A1037AEF431BA7	59B22764181C475D824B3847F1FC4F2E3EA726C62618AB02D8691B028031CC55	AE9B0EEE540CC07AA3D3FE45D445B0C71815E95D7D461C6AB615903532705D09
G05	5	133	91205133	R1	3.2654140348111795	13.7691019113286	0.00224	0.0011546160149400195	0.391021728515625	0	-0.001579999999999998	0.003950000000000002	False	0.0022400000000000024	0.410369873046875	2.6020852139652106e-18	True	1332264.0	39746.0	262.5981251	3146108928.0	world_g05_n133.mat	36E6C0061517B595093F9DBFFA6CCF30C74B8799C8A14149324814C2B6AFD6B4	59B22764181C475D824B3847F1FC4F2E3EA726C62618AB02D8691B028031CC55	AE9B0EEE540CC07AA3D3FE45D445B0C71815E95D7D461C6AB615903532705D09
G05	5	133	91205133	R2	3.2654140348111795	13.7691019113286	0.00224	0.0019628255258120186	0.28564453125	0	-0.0019500000000000003	0.005860000000000001	False	0.0022400000000000024	0.876220703125	2.6020852139652106e-18	True	1332264.0	39746.0	262.5981251	3146108928.0	world_g05_n133.mat	36E6C0061517B595093F9DBFFA6CCF30C74B8799C8A14149324814C2B6AFD6B4	59B22764181C475D824B3847F1FC4F2E3EA726C62618AB02D8691B028031CC55	AE9B0EEE540CC07AA3D3FE45D445B0C71815E95D7D461C6AB615903532705D09
G05	5	134	91205134	R1	3.2654140348111795	13.7691019113286	0.00224	-0.0029716581835885153	0.037841796875	1	-0.005849999999999999	-0.0001799999999999996	False	0.0022400000000000024	0.000946044921875	2.6020852139652106e-18	False	1332264.0	40220.0	283.598256	3145613312.0	world_g05_n134.mat	3761D1796AD79B9B680F30EE1A8CBB6FDA815447F659CF6837480AF7CD73C9EE	59B22764181C475D824B3847F1FC4F2E3EA726C62618AB02D8691B028031CC55	AE9B0EEE540CC07AA3D3FE45D445B0C71815E95D7D461C6AB615903532705D09
G05	5	134	91205134	R2	3.2654140348111795	13.7691019113286	0.00224	0.000696518712499256	0.79052734375	0	-0.003629999999999998	0.005490000000000002	False	0.0022400000000000024	0.50634765625	2.6020852139652106e-18	True	1332264.0	40220.0	283.598256	3145613312.0	world_g05_n134.mat	3761D1796AD79B9B680F30EE1A8CBB6FDA815447F659CF6837480AF7CD73C9EE	59B22764181C475D824B3847F1FC4F2E3EA726C62618AB02D8691B028031CC55	AE9B0EEE540CC07AA3D3FE45D445B0C71815E95D7D461C6AB615903532705D09
G05	5	135	91205135	R1	3.2654140348111795	13.7691019113286	0.00224	-0.0011600283546923254	0.5216064453125	0	-0.004969999999999999	0.0026900000000000014	False	0.0022400000000000024	0.07940673828125	2.6020852139652106e-18	True	1332264.0	40159.0	381.7234232	3131465728.0	world_g05_n135.mat	56CB54F738E6AEBF34D63D622F7C13D33051B61B95AEB9D3FD4DC47B3E5BCAB4	59B22764181C475D824B3847F1FC4F2E3EA726C62618AB02D8691B028031CC55	AE9B0EEE540CC07AA3D3FE45D445B0C71815E95D7D461C6AB615903532705D09
G05	5	135	91205135	R2	3.2654140348111795	13.7691019113286	0.00224	-0.000550112098337435	0.783203125	0	-0.00473	0.0037400000000000003	False	0.0022400000000000024	0.17919921875	2.6020852139652106e-18	True	1332264.0	40159.0	381.7234232	3131465728.0	world_g05_n135.mat	56CB54F738E6AEBF34D63D622F7C13D33051B61B95AEB9D3FD4DC47B3E5BCAB4	59B22764181C475D824B3847F1FC4F2E3EA726C62618AB02D8691B028031CC55	AE9B0EEE540CC07AA3D3FE45D445B0C71815E95D7D461C6AB615903532705D09
G05	5	136	91205136	R1	3.2654140348111795	13.7691019113286	0.00224	-0.00016322735121424877	0.9005126953125	0	-0.002919999999999999	0.0025400000000000006	False	0.0022400000000000024	0.081512451171875	2.6020852139652106e-18	True	1332264.0	40528.0	387.0495414	3130359808.0	world_g05_n136.mat	064A6D8C73BCB703CFB21EA7A7B649D2912EECAB8328BA4898A0A2D63756CEF3	59B22764181C475D824B3847F1FC4F2E3EA726C62618AB02D8691B028031CC55	AE9B0EEE540CC07AA3D3FE45D445B0C71815E95D7D461C6AB615903532705D09
G05	5	136	91205136	R2	3.2654140348111795	13.7691019113286	0.00224	-0.002249844042129053	0.174560546875	0	-0.0055699999999999986	0.0010900000000000007	False	0.0022400000000000024	0.010498046875	2.6020852139652106e-18	False	1332264.0	40528.0	387.0495414	3130359808.0	world_g05_n136.mat	064A6D8C73BCB703CFB21EA7A7B649D2912EECAB8328BA4898A0A2D63756CEF3	59B22764181C475D824B3847F1FC4F2E3EA726C62618AB02D8691B028031CC55	AE9B0EEE540CC07AA3D3FE45D445B0C71815E95D7D461C6AB615903532705D09
G05	5	137	91205137	R1	3.2654140348111795	13.7691019113286	0.00224	-0.0023605381806155352	0.139251708984375	0	-0.00558	0.0008800000000000023	False	0.0022400000000000024	0.009735107421875	2.6020852139652106e-18	False	1332264.0	40231.0	384.68145	3118137344.0	world_g05_n137.mat	9EB9CBAFD16120DDD4DDA3FCCE31C09C70C1F37EB64592584C2A0898CC6E6927	59B22764181C475D824B3847F1FC4F2E3EA726C62618AB02D8691B028031CC55	AE9B0EEE540CC07AA3D3FE45D445B0C71815E95D7D461C6AB615903532705D09
G05	5	137	91205137	R2	3.2654140348111795	13.7691019113286	0.00224	0.0010563312488201472	0.5654296875	0	-0.0028000000000000004	0.004660000000000001	False	0.0022400000000000024	0.541015625	2.6020852139652106e-18	True	1332264.0	40231.0	384.68145	3118137344.0	world_g05_n137.mat	9EB9CBAFD16120DDD4DDA3FCCE31C09C70C1F37EB64592584C2A0898CC6E6927	59B22764181C475D824B3847F1FC4F2E3EA726C62618AB02D8691B028031CC55	AE9B0EEE540CC07AA3D3FE45D445B0C71815E95D7D461C6AB615903532705D09
G05	5	138	91205138	R1	3.2654140348111795	13.7691019113286	0.00224	0.002904175871657676	0.04620361328125	1	6.0000000000001025e-05	0.005750000000000002	False	0.0022400000000000024	0.624176025390625	2.6020852139652106e-18	True	1332264.0	40014.0	344.4400416	3160080384.0	world_g05_n138.mat	9D5C15FBDAC47CC48B803DF22168B1D004DF9EDF400733A5DA2897CE1C5A9E6A	59B22764181C475D824B3847F1FC4F2E3EA726C62618AB02D8691B028031CC55	AE9B0EEE540CC07AA3D3FE45D445B0C71815E95D7D461C6AB615903532705D09
G05	5	138	91205138	R2	3.2654140348111795	13.7691019113286	0.00224	-0.0016939589314245115	0.446533203125	0	-0.00647	0.0030500000000000006	False	0.0022400000000000024	0.096435546875	2.6020852139652106e-18	True	1332264.0	40014.0	344.4400416	3160080384.0	world_g05_n138.mat	9D5C15FBDAC47CC48B803DF22168B1D004DF9EDF400733A5DA2897CE1C5A9E6A	59B22764181C475D824B3847F1FC4F2E3EA726C62618AB02D8691B028031CC55	AE9B0EEE540CC07AA3D3FE45D445B0C71815E95D7D461C6AB615903532705D09
G05	5	139	91205139	R1	3.2654140348111795	13.7691019113286	0.00224	0.00013341243156676536	0.93975830078125	0	-0.003539999999999998	0.0037300000000000007	False	0.0022400000000000024	0.244720458984375	2.6020852139652106e-18	True	1332264.0	40224.0	347.5063749	3160031232.0	world_g05_n139.mat	8B1517302983D1FEFB12DEF6BC84CF19DCF27AEA3437BD0C3AF4200EEE31EE62	59B22764181C475D824B3847F1FC4F2E3EA726C62618AB02D8691B028031CC55	AE9B0EEE540CC07AA3D3FE45D445B0C71815E95D7D461C6AB615903532705D09
G05	5	139	91205139	R2	3.2654140348111795	13.7691019113286	0.00224	0.0037042541915318136	0.075927734375	0	-0.0003099999999999978	0.007860000000000002	False	0.0022400000000000024	0.45751953125	2.6020852139652106e-18	True	1332264.0	40224.0	347.5063749	3160031232.0	world_g05_n139.mat	8B1517302983D1FEFB12DEF6BC84CF19DCF27AEA3437BD0C3AF4200EEE31EE62	59B22764181C475D824B3847F1FC4F2E3EA726C62618AB02D8691B028031CC55	AE9B0EEE540CC07AA3D3FE45D445B0C71815E95D7D461C6AB615903532705D09
G05	5	140	91205140	R1	3.2654140348111795	13.7691019113286	0.00224	0.0015877701686084552	0.36627197265625	0	-0.0019999999999999983	0.005250000000000001	False	0.0022400000000000024	0.701171875	2.6020852139652106e-18	True	1332264.0	40447.0	346.1791322	3160989696.0	world_g05_n140.mat	CD8BE99E90D6142B354A3B5BB4502F8A120193C43EB6758AF2A2FDDDAEF821CB	59B22764181C475D824B3847F1FC4F2E3EA726C62618AB02D8691B028031CC55	AE9B0EEE540CC07AA3D3FE45D445B0C71815E95D7D461C6AB615903532705D09
G05	5	140	91205140	R2	3.2654140348111795	13.7691019113286	0.00224	0.0015856267472330726	0.41455078125	0	-0.0020300000000000006	0.005510000000000001	False	0.0022400000000000024	0.728271484375	2.6020852139652106e-18	True	1332264.0	40447.0	346.1791322	3160989696.0	world_g05_n140.mat	CD8BE99E90D6142B354A3B5BB4502F8A120193C43EB6758AF2A2FDDDAEF821CB	59B22764181C475D824B3847F1FC4F2E3EA726C62618AB02D8691B028031CC55	AE9B0EEE540CC07AA3D3FE45D445B0C71815E95D7D461C6AB615903532705D09
G05	5	141	91205141	R1	3.2654140348111795	13.7691019113286	0.00224	0.0008331609282604775	0.64764404296875	0	-0.0030600000000000002	0.004720000000000002	False	0.0022400000000000024	0.444549560546875	2.6020852139652106e-18	True	1332264.0	40258.0	346.9261228	3159023616.0	world_g05_n141.mat	2C172DCFB56E3D8044B46973477D0BFDAF86ED180E1E6B31B7BE96643BC28AEC	59B22764181C475D824B3847F1FC4F2E3EA726C62618AB02D8691B028031CC55	AE9B0EEE540CC07AA3D3FE45D445B0C71815E95D7D461C6AB615903532705D09
G05	5	141	91205141	R2	3.2654140348111795	13.7691019113286	0.00224	1.4536004229601533e-05	0.99072265625	0	-0.002689999999999998	0.00273	False	0.0022400000000000024	0.102294921875	2.6020852139652106e-18	True	1332264.0	40258.0	346.9261228	3159023616.0	world_g05_n141.mat	2C172DCFB56E3D8044B46973477D0BFDAF86ED180E1E6B31B7BE96643BC28AEC	59B22764181C475D824B3847F1FC4F2E3EA726C62618AB02D8691B028031CC55	AE9B0EEE540CC07AA3D3FE45D445B0C71815E95D7D461C6AB615903532705D09
G05	5	142	91205142	R1	3.2654140348111795	13.7691019113286	0.00224	0.0014359787630485491	0.603607177734375	0	-0.0026799999999999984	0.006050000000000003	False	0.0022400000000000024	0.756561279296875	2.6020852139652106e-18	True	1332264.0	40112.0	349.468783	3159859200.0	world_g05_n142.mat	F7FCC4ABA05342C3F04B2EA41A741564F2B7F12229231D9E46EA44AFEC47ADC5	59B22764181C475D824B3847F1FC4F2E3EA726C62618AB02D8691B028031CC55	AE9B0EEE540CC07AA3D3FE45D445B0C71815E95D7D461C6AB615903532705D09
G05	5	142	91205142	R2	3.2654140348111795	13.7691019113286	0.00224	-0.0005518314595444738	0.666748046875	0	-0.0032200000000000006	0.0020000000000000018	False	0.0022400000000000024	0.032958984375	2.6020852139652106e-18	False	1332264.0	40112.0	349.468783	3159859200.0	world_g05_n142.mat	F7FCC4ABA05342C3F04B2EA41A741564F2B7F12229231D9E46EA44AFEC47ADC5	59B22764181C475D824B3847F1FC4F2E3EA726C62618AB02D8691B028031CC55	AE9B0EEE540CC07AA3D3FE45D445B0C71815E95D7D461C6AB615903532705D09
G05	5	143	91205143	R1	3.2654140348111795	13.7691019113286	0.00224	-0.0004207923016318507	0.75933837890625	0	-0.0033100000000000004	0.002510000000000002	False	0.0022400000000000024	0.07183837890625	2.6020852139652106e-18	True	1332264.0	39990.0	341.3708691	3158937600.0	world_g05_n143.mat	D5CB9DB4D9C4747C3FD4430BF09E79CC38ECE4BA7DB5AA4BC759673EABCE12BD	59B22764181C475D824B3847F1FC4F2E3EA726C62618AB02D8691B028031CC55	AE9B0EEE540CC07AA3D3FE45D445B0C71815E95D7D461C6AB615903532705D09
G05	5	143	91205143	R2	3.2654140348111795	13.7691019113286	0.00224	0.0013317650872245704	0.427001953125	0	-0.0022199999999999998	0.004880000000000002	False	0.0022400000000000024	0.58056640625	2.6020852139652106e-18	True	1332264.0	39990.0	341.3708691	3158937600.0	world_g05_n143.mat	D5CB9DB4D9C4747C3FD4430BF09E79CC38ECE4BA7DB5AA4BC759673EABCE12BD	59B22764181C475D824B3847F1FC4F2E3EA726C62618AB02D8691B028031CC55	AE9B0EEE540CC07AA3D3FE45D445B0C71815E95D7D461C6AB615903532705D09
G05	5	144	91205144	R1	3.2654140348111795	13.7691019113286	0.00224	-0.0032518192148395446	0.085968017578125	0	-0.00703	0.0005199999999999996	False	0.0022400000000000024	0.006622314453125	2.6020852139652106e-18	False	1332264.0	40144.0	340.0931331	3159920640.0	world_g05_n144.mat	1C9F304EE0FD1383DA1343FDF4BCCC00B9FEA6E7A97DF3E5955C6AA871D01A54	59B22764181C475D824B3847F1FC4F2E3EA726C62618AB02D8691B028031CC55	AE9B0EEE540CC07AA3D3FE45D445B0C71815E95D7D461C6AB615903532705D09
G05	5	144	91205144	R2	3.2654140348111795	13.7691019113286	0.00224	-0.000529833433772535	0.768310546875	0	-0.004419999999999999	0.003330000000000003	False	0.0022400000000000024	0.14306640625	2.6020852139652106e-18	True	1332264.0	40144.0	340.0931331	3159920640.0	world_g05_n144.mat	1C9F304EE0FD1383DA1343FDF4BCCC00B9FEA6E7A97DF3E5955C6AA871D01A54	59B22764181C475D824B3847F1FC4F2E3EA726C62618AB02D8691B028031CC55	AE9B0EEE540CC07AA3D3FE45D445B0C71815E95D7D461C6AB615903532705D09
G05	5	145	91205145	R1	3.2654140348111795	13.7691019113286	0.00224	0.0012765808797643823	0.406280517578125	0	-0.0019500000000000003	0.0045000000000000005	False	0.0022400000000000024	0.53173828125	2.6020852139652106e-18	True	1332264.0	40532.0	344.5902395	3158888448.0	world_g05_n145.mat	CE9F06B2B6F83FC23C4AB5E87FD3E2A12E8F1C915CD670EC20A7F7799662D27A	59B22764181C475D824B3847F1FC4F2E3EA726C62618AB02D8691B028031CC55	AE9B0EEE540CC07AA3D3FE45D445B0C71815E95D7D461C6AB615903532705D09
G05	5	145	91205145	R2	3.2654140348111795	13.7691019113286	0.00224	0.0015329878942339425	0.236083984375	0	-0.0011399999999999987	0.004200000000000002	False	0.0022400000000000024	0.569580078125	2.6020852139652106e-18	True	1332264.0	40532.0	344.5902395	3158888448.0	world_g05_n145.mat	CE9F06B2B6F83FC23C4AB5E87FD3E2A12E8F1C915CD670EC20A7F7799662D27A	59B22764181C475D824B3847F1FC4F2E3EA726C62618AB02D8691B028031CC55	AE9B0EEE540CC07AA3D3FE45D445B0C71815E95D7D461C6AB615903532705D09
G05	5	146	91205146	R1	3.2654140348111795	13.7691019113286	0.00224	-0.0006199098836787704	0.6375732421875	0	-0.003289999999999998	0.0021200000000000004	False	0.0022400000000000024	0.04180908203125	2.6020852139652106e-18	False	1332264.0	40288.0	345.5550848	3159871488.0	world_g05_n146.mat	E2051E35FFDF4CA72A89F91BF2C5849BBD6A5AEF3945BB809C27E7E2A94B1401	59B22764181C475D824B3847F1FC4F2E3EA726C62618AB02D8691B028031CC55	AE9B0EEE540CC07AA3D3FE45D445B0C71815E95D7D461C6AB615903532705D09
G05	5	146	91205146	R2	3.2654140348111795	13.7691019113286	0.00224	-0.0011130115528280972	0.7060546875	0	-0.00766	0.00544	False	0.0022400000000000024	0.2744140625	2.6020852139652106e-18	True	1332264.0	40288.0	345.5550848	3159871488.0	world_g05_n146.mat	E2051E35FFDF4CA72A89F91BF2C5849BBD6A5AEF3945BB809C27E7E2A94B1401	59B22764181C475D824B3847F1FC4F2E3EA726C62618AB02D8691B028031CC55	AE9B0EEE540CC07AA3D3FE45D445B0C71815E95D7D461C6AB615903532705D09
G05	5	147	91205147	R1	3.2654140348111795	13.7691019113286	0.00224	0.0006799292524245868	0.47882080078125	0	-0.001239999999999998	0.002650000000000003	False	0.0022400000000000024	0.1114501953125	2.6020852139652106e-18	True	1332264.0	39960.0	343.5020249	3157692416.0	world_g05_n147.mat	EAD8BA240B048BEA86128A39FD1CFC100350E58454C2577FEF626EC797588F7E	59B22764181C475D824B3847F1FC4F2E3EA726C62618AB02D8691B028031CC55	AE9B0EEE540CC07AA3D3FE45D445B0C71815E95D7D461C6AB615903532705D09
G05	5	147	91205147	R2	3.2654140348111795	13.7691019113286	0.00224	0.00048065106751484985	0.81787109375	0	-0.003879999999999998	0.00459	False	0.0022400000000000024	0.41015625	2.6020852139652106e-18	True	1332264.0	39960.0	343.5020249	3157692416.0	world_g05_n147.mat	EAD8BA240B048BEA86128A39FD1CFC100350E58454C2577FEF626EC797588F7E	59B22764181C475D824B3847F1FC4F2E3EA726C62618AB02D8691B028031CC55	AE9B0EEE540CC07AA3D3FE45D445B0C71815E95D7D461C6AB615903532705D09
G05	5	148	91205148	R1	3.2654140348111795	13.7691019113286	0.00224	-0.0005855608490972956	0.7210693359375	0	-0.003879999999999998	0.0026000000000000016	False	0.0022400000000000024	0.083587646484375	2.6020852139652106e-18	True	1332264.0	40119.0	342.965996	3157680128.0	world_g05_n148.mat	35C95CE7303EE10D624978927B8A842FD3FEFF4B1B814B32ED7108BDFB52580A	59B22764181C475D824B3847F1FC4F2E3EA726C62618AB02D8691B028031CC55	AE9B0EEE540CC07AA3D3FE45D445B0C71815E95D7D461C6AB615903532705D09
G05	5	148	91205148	R2	3.2654140348111795	13.7691019113286	0.00224	0.0022747265503398786	0.185302734375	0	-0.001299999999999999	0.005820000000000002	False	0.0022400000000000024	0.98388671875	2.6020852139652106e-18	True	1332264.0	40119.0	342.965996	3157680128.0	world_g05_n148.mat	35C95CE7303EE10D624978927B8A842FD3FEFF4B1B814B32ED7108BDFB52580A	59B22764181C475D824B3847F1FC4F2E3EA726C62618AB02D8691B028031CC55	AE9B0EEE540CC07AA3D3FE45D445B0C71815E95D7D461C6AB615903532705D09
G05	5	149	91205149	R1	3.2654140348111795	13.7691019113286	0.00224	0.001519695281911375	0.41046142578125	0	-0.002319999999999999	0.005310000000000002	False	0.0022400000000000024	0.694091796875	2.6020852139652106e-18	True	1332264.0	40401.0	342.0602256	3156697088.0	world_g05_n149.mat	B63322FCDE84B56827A907A38ABA1B86C3D9AE9629FE91B7F11DF25206EB35B2	59B22764181C475D824B3847F1FC4F2E3EA726C62618AB02D8691B028031CC55	AE9B0EEE540CC07AA3D3FE45D445B0C71815E95D7D461C6AB615903532705D09
G05	5	149	91205149	R2	3.2654140348111795	13.7691019113286	0.00224	0.00040939260929335515	0.830810546875	0	-0.0037599999999999995	0.004400000000000001	False	0.0022400000000000024	0.3544921875	2.6020852139652106e-18	True	1332264.0	40401.0	342.0602256	3156697088.0	world_g05_n149.mat	B63322FCDE84B56827A907A38ABA1B86C3D9AE9629FE91B7F11DF25206EB35B2	59B22764181C475D824B3847F1FC4F2E3EA726C62618AB02D8691B028031CC55	AE9B0EEE540CC07AA3D3FE45D445B0C71815E95D7D461C6AB615903532705D09
G05	5	150	91205150	R1	3.2654140348111795	13.7691019113286	0.00224	-0.0030046760020488077	0.0777587890625	0	-0.00648	0.00029000000000000206	False	0.0022400000000000024	0.001556396484375	2.6020852139652106e-18	False	1332264.0	40047.0	340.8137679	3157643264.0	world_g05_n150.mat	ED5D4F57A1E6B6937BA5F8ECDD8145F9EB6915DDCFABA845557492C7A21FC987	59B22764181C475D824B3847F1FC4F2E3EA726C62618AB02D8691B028031CC55	AE9B0EEE540CC07AA3D3FE45D445B0C71815E95D7D461C6AB615903532705D09
G05	5	150	91205150	R2	3.2654140348111795	13.7691019113286	0.00224	0.0019791322381029746	0.442626953125	0	-0.0033100000000000004	0.007440000000000002	False	0.0022400000000000024	0.916748046875	2.6020852139652106e-18	True	1332264.0	40047.0	340.8137679	3157643264.0	world_g05_n150.mat	ED5D4F57A1E6B6937BA5F8ECDD8145F9EB6915DDCFABA845557492C7A21FC987	59B22764181C475D824B3847F1FC4F2E3EA726C62618AB02D8691B028031CC55	AE9B0EEE540CC07AA3D3FE45D445B0C71815E95D7D461C6AB615903532705D09
G05	5	151	91205151	R1	3.2654140348111795	13.7691019113286	0.00224	-0.0012304028237700403	0.261474609375	0	-0.0034999999999999996	0.00102	False	0.0022400000000000024	0.00494384765625	2.6020852139652106e-18	False	1332264.0	40286.0	343.7509808	3156701184.0	world_g05_n151.mat	7AC61E9F698F8DF3F63D5D54A383F2FD49033A484EA0A8FAA83FCE49A96A8BBB	59B22764181C475D824B3847F1FC4F2E3EA726C62618AB02D8691B028031CC55	AE9B0EEE540CC07AA3D3FE45D445B0C71815E95D7D461C6AB615903532705D09
G05	5	151	91205151	R2	3.2654140348111795	13.7691019113286	0.00224	0.0019790536661069584	0.25927734375	0	-0.001729999999999999	0.00553	False	0.0022400000000000024	0.878662109375	2.6020852139652106e-18	True	1332264.0	40286.0	343.7509808	3156701184.0	world_g05_n151.mat	7AC61E9F698F8DF3F63D5D54A383F2FD49033A484EA0A8FAA83FCE49A96A8BBB	59B22764181C475D824B3847F1FC4F2E3EA726C62618AB02D8691B028031CC55	AE9B0EEE540CC07AA3D3FE45D445B0C71815E95D7D461C6AB615903532705D09
G05	5	152	91205152	R1	3.2654140348111795	13.7691019113286	0.00224	0.00025279685735657626	0.875518798828125	0	-0.0031899999999999984	0.0037100000000000015	False	0.0022400000000000024	0.233795166015625	2.6020852139652106e-18	True	1332264.0	40248.0	343.8160107	3156684800.0	world_g05_n152.mat	FB161A8F17F5428B6C0A400C0DBDAD9341232696D4FF309628926FB8AE09A965	59B22764181C475D824B3847F1FC4F2E3EA726C62618AB02D8691B028031CC55	AE9B0EEE540CC07AA3D3FE45D445B0C71815E95D7D461C6AB615903532705D09
G05	5	152	91205152	R2	3.2654140348111795	13.7691019113286	0.00224	-0.0022700450355345333	0.189697265625	0	-0.00588	0.0012600000000000007	False	0.0022400000000000024	0.0166015625	2.6020852139652106e-18	False	1332264.0	40248.0	343.8160107	3156684800.0	world_g05_n152.mat	FB161A8F17F5428B6C0A400C0DBDAD9341232696D4FF309628926FB8AE09A965	59B22764181C475D824B3847F1FC4F2E3EA726C62618AB02D8691B028031CC55	AE9B0EEE540CC07AA3D3FE45D445B0C71815E95D7D461C6AB615903532705D09
G05	5	153	91205153	R1	3.2654140348111795	13.7691019113286	0.00224	-0.0003192372908372966	0.85186767578125	0	-0.003939999999999999	0.0033100000000000004	False	0.0022400000000000024	0.151153564453125	2.6020852139652106e-18	True	1332264.0	40072.0	345.9132298	3156672512.0	world_g05_n153.mat	0909619AA6E3F7D9855031A06C52EEC831989B10982EC1D436B7C66C0617EC62	59B22764181C475D824B3847F1FC4F2E3EA726C62618AB02D8691B028031CC55	AE9B0EEE540CC07AA3D3FE45D445B0C71815E95D7D461C6AB615903532705D09
G05	5	153	91205153	R2	3.2654140348111795	13.7691019113286	0.00224	-0.0029014824648758717	0.115478515625	0	-0.00643	0.0009300000000000003	False	0.0022400000000000024	0.0146484375	2.6020852139652106e-18	False	1332264.0	40072.0	345.9132298	3156672512.0	world_g05_n153.mat	0909619AA6E3F7D9855031A06C52EEC831989B10982EC1D436B7C66C0617EC62	59B22764181C475D824B3847F1FC4F2E3EA726C62618AB02D8691B028031CC55	AE9B0EEE540CC07AA3D3FE45D445B0C71815E95D7D461C6AB615903532705D09
G05	5	154	91205154	R1	3.2654140348111795	13.7691019113286	0.00224	-0.00295632803523717	0.05059814453125	0	-0.005949999999999999	0.0	False	0.0022400000000000024	0.001129150390625	2.6020852139652106e-18	False	1332264.0	40296.0	345.8280359	3155734528.0	world_g05_n154.mat	9D040339B1C3075F17E1D8D2E4287E627C628E91B02E57086738DB7C2DBE0369	59B22764181C475D824B3847F1FC4F2E3EA726C62618AB02D8691B028031CC55	AE9B0EEE540CC07AA3D3FE45D445B0C71815E95D7D461C6AB615903532705D09
G05	5	154	91205154	R2	3.2654140348111795	13.7691019113286	0.00224	-0.0010049172118286797	0.69580078125	0	-0.00669	0.004570000000000001	False	0.0022400000000000024	0.227783203125	2.6020852139652106e-18	True	1332264.0	40296.0	345.8280359	3155734528.0	world_g05_n154.mat	9D040339B1C3075F17E1D8D2E4287E627C628E91B02E57086738DB7C2DBE0369	59B22764181C475D824B3847F1FC4F2E3EA726C62618AB02D8691B028031CC55	AE9B0EEE540CC07AA3D3FE45D445B0C71815E95D7D461C6AB615903532705D09
G05	5	155	91205155	R1	3.2654140348111795	13.7691019113286	0.00224	-0.0036619108650480132	0.073028564453125	0	-0.007689999999999999	0.00042000000000000023	False	0.0022400000000000024	0.009002685546875	2.6020852139652106e-18	False	1332264.0	39795.0	344.6727042	3154759680.0	world_g05_n155.mat	8A6247D7AF96934DF3A54DEE4763A9D617ADCBB0FEA754A8F67C8E0D5B333387	59B22764181C475D824B3847F1FC4F2E3EA726C62618AB02D8691B028031CC55	AE9B0EEE540CC07AA3D3FE45D445B0C71815E95D7D461C6AB615903532705D09
G05	5	155	91205155	R2	3.2654140348111795	13.7691019113286	0.00224	0.0021076037161669764	0.152587890625	0	-0.0009300000000000003	0.005130000000000003	False	0.0022400000000000024	0.924560546875	2.6020852139652106e-18	True	1332264.0	39795.0	344.6727042	3154759680.0	world_g05_n155.mat	8A6247D7AF96934DF3A54DEE4763A9D617ADCBB0FEA754A8F67C8E0D5B333387	59B22764181C475D824B3847F1FC4F2E3EA726C62618AB02D8691B028031CC55	AE9B0EEE540CC07AA3D3FE45D445B0C71815E95D7D461C6AB615903532705D09
G05	5	156	91205156	R1	3.2654140348111795	13.7691019113286	0.00224	0.00017525841681125795	0.93634033203125	0	-0.004449999999999999	0.004750000000000001	False	0.0022400000000000024	0.358489990234375	2.6020852139652106e-18	True	1332264.0	40121.0	346.0899118	3155636224.0	world_g05_n156.mat	0E8708751B575C9596885EC77A4633B15FAB0785E6032B0C0D1867206A70C3BF	59B22764181C475D824B3847F1FC4F2E3EA726C62618AB02D8691B028031CC55	AE9B0EEE540CC07AA3D3FE45D445B0C71815E95D7D461C6AB615903532705D09
G05	5	156	91205156	R2	3.2654140348111795	13.7691019113286	0.00224	0.00011891575924734632	0.946044921875	0	-0.0035600000000000007	0.003810000000000001	False	0.0022400000000000024	0.231689453125	2.6020852139652106e-18	True	1332264.0	40121.0	346.0899118	3155636224.0	world_g05_n156.mat	0E8708751B575C9596885EC77A4633B15FAB0785E6032B0C0D1867206A70C3BF	59B22764181C475D824B3847F1FC4F2E3EA726C62618AB02D8691B028031CC55	AE9B0EEE540CC07AA3D3FE45D445B0C71815E95D7D461C6AB615903532705D09
G05	5	157	91205157	R1	3.2654140348111795	13.7691019113286	0.00224	0.0006545497555837409	0.713104248046875	0	-0.0030600000000000002	0.0043300000000000005	False	0.0022400000000000024	0.37945556640625	2.6020852139652106e-18	True	1332264.0	40052.0	346.0790756	3154673664.0	world_g05_n157.mat	B77F8FB5F18549532A4CF160D7BAD9602FABF1AA428488B0EC0C3F265A735F2C	59B22764181C475D824B3847F1FC4F2E3EA726C62618AB02D8691B028031CC55	AE9B0EEE540CC07AA3D3FE45D445B0C71815E95D7D461C6AB615903532705D09
G05	5	157	91205157	R2	3.2654140348111795	13.7691019113286	0.00224	0.001857737147918337	0.433349609375	0	-0.0029299999999999986	0.006790000000000001	False	0.0022400000000000024	0.867431640625	2.6020852139652106e-18	True	1332264.0	40052.0	346.0790756	3154673664.0	world_g05_n157.mat	B77F8FB5F18549532A4CF160D7BAD9602FABF1AA428488B0EC0C3F265A735F2C	59B22764181C475D824B3847F1FC4F2E3EA726C62618AB02D8691B028031CC55	AE9B0EEE540CC07AA3D3FE45D445B0C71815E95D7D461C6AB615903532705D09
G05	5	158	91205158	R1	3.2654140348111795	13.7691019113286	0.00224	0.000535733470606416	0.535797119140625	0	-0.0016599999999999983	0.0027800000000000012	False	0.0022400000000000024	0.159912109375	2.6020852139652106e-18	True	1332264.0	40189.0	344.3508786	3155677184.0	world_g05_n158.mat	CC299369A663FCFC39C75A3B78B69BEF3A5DD84ED098401FCB77E411AB974006	59B22764181C475D824B3847F1FC4F2E3EA726C62618AB02D8691B028031CC55	AE9B0EEE540CC07AA3D3FE45D445B0C71815E95D7D461C6AB615903532705D09
G05	5	158	91205158	R2	3.2654140348111795	13.7691019113286	0.00224	0.00020538900891011884	0.898681640625	0	-0.0030199999999999984	0.003210000000000001	False	0.0022400000000000024	0.195068359375	2.6020852139652106e-18	True	1332264.0	40189.0	344.3508786	3155677184.0	world_g05_n158.mat	CC299369A663FCFC39C75A3B78B69BEF3A5DD84ED098401FCB77E411AB974006	59B22764181C475D824B3847F1FC4F2E3EA726C62618AB02D8691B028031CC55	AE9B0EEE540CC07AA3D3FE45D445B0C71815E95D7D461C6AB615903532705D09
G05	5	159	91205159	R1	3.2654140348111795	13.7691019113286	0.00224	-0.0026394248567316006	0.083648681640625	0	-0.00567	0.00038000000000000186	False	0.0022400000000000024	0.003448486328125	2.6020852139652106e-18	False	1332264.0	40148.0	344.1031429	3154046976.0	world_g05_n159.mat	D691C6A8EFC2259AEF93FA8204F63E5ED1F1AA8289EC177CA0458D90ED9B4889	59B22764181C475D824B3847F1FC4F2E3EA726C62618AB02D8691B028031CC55	AE9B0EEE540CC07AA3D3FE45D445B0C71815E95D7D461C6AB615903532705D09
G05	5	159	91205159	R2	3.2654140348111795	13.7691019113286	0.00224	0.0026558559063120032	0.213623046875	0	-0.0014999999999999979	0.007070000000000003	False	0.0022400000000000024	0.847900390625	2.6020852139652106e-18	True	1332264.0	40148.0	344.1031429	3154046976.0	world_g05_n159.mat	D691C6A8EFC2259AEF93FA8204F63E5ED1F1AA8289EC177CA0458D90ED9B4889	59B22764181C475D824B3847F1FC4F2E3EA726C62618AB02D8691B028031CC55	AE9B0EEE540CC07AA3D3FE45D445B0C71815E95D7D461C6AB615903532705D09
G05	5	160	91205160	R1	3.2654140348111795	13.7691019113286	0.00224	0.0009876068795456093	0.351806640625	0	-0.0012199999999999989	0.0032000000000000015	False	0.0022400000000000024	0.239776611328125	2.6020852139652106e-18	True	1332264.0	39884.0	338.9861517	3154903040.0	world_g05_n160.mat	4EBC9C97EC42F2043CF262B9AC837AB7F058FCC85E1868A995A390E8E2E06C6C	59B22764181C475D824B3847F1FC4F2E3EA726C62618AB02D8691B028031CC55	AE9B0EEE540CC07AA3D3FE45D445B0C71815E95D7D461C6AB615903532705D09
G05	5	160	91205160	R2	3.2654140348111795	13.7691019113286	0.00224	-0.00025031332578380597	0.90869140625	0	-0.00465	0.003870000000000002	False	0.0022400000000000024	0.248779296875	2.6020852139652106e-18	True	1332264.0	39884.0	338.9861517	3154903040.0	world_g05_n160.mat	4EBC9C97EC42F2043CF262B9AC837AB7F058FCC85E1868A995A390E8E2E06C6C	59B22764181C475D824B3847F1FC4F2E3EA726C62618AB02D8691B028031CC55	AE9B0EEE540CC07AA3D3FE45D445B0C71815E95D7D461C6AB615903532705D09
G05	5	161	91205161	R1	3.2654140348111795	13.7691019113286	0.00224	9.357866844403922e-05	0.948638916015625	0	-0.002919999999999999	0.0031400000000000004	False	0.0022400000000000024	0.151763916015625	2.6020852139652106e-18	True	1332264.0	39966.0	342.8328429	3153969152.0	world_g05_n161.mat	4FF4A947F7F4F3A16B3F3F9AFB802E9F445F02ADAD078B3D87ABD96D27A93200	59B22764181C475D824B3847F1FC4F2E3EA726C62618AB02D8691B028031CC55	AE9B0EEE540CC07AA3D3FE45D445B0C71815E95D7D461C6AB615903532705D09
G05	5	161	91205161	R2	3.2654140348111795	13.7691019113286	0.00224	-0.004418743614861623	0.002685546875	1	-0.00681	-0.0019999999999999983	False	0.0022400000000000024	0.00048828125	2.6020852139652106e-18	False	1332264.0	39966.0	342.8328429	3153969152.0	world_g05_n161.mat	4FF4A947F7F4F3A16B3F3F9AFB802E9F445F02ADAD078B3D87ABD96D27A93200	59B22764181C475D824B3847F1FC4F2E3EA726C62618AB02D8691B028031CC55	AE9B0EEE540CC07AA3D3FE45D445B0C71815E95D7D461C6AB615903532705D09
G05	5	162	91205162	R1	3.2654140348111795	13.7691019113286	0.00224	-0.0020585107649058266	0.044647216796875	1	-0.004059999999999998	-5.9999999999997555e-05	False	0.0022400000000000024	0.0003662109375	2.6020852139652106e-18	False	1332264.0	40418.0	343.6117068	3154726912.0	world_g05_n162.mat	69852F7201E1BE234E9C3ED442EEC63A967A0E5C1B1593568229B84641044B99	59B22764181C475D824B3847F1FC4F2E3EA726C62618AB02D8691B028031CC55	AE9B0EEE540CC07AA3D3FE45D445B0C71815E95D7D461C6AB615903532705D09
G05	5	162	91205162	R2	3.2654140348111795	13.7691019113286	0.00224	0.000976610863646955	0.744873046875	0	-0.005129999999999999	0.0072600000000000026	False	0.0022400000000000024	0.664306640625	2.6020852139652106e-18	True	1332264.0	40418.0	343.6117068	3154726912.0	world_g05_n162.mat	69852F7201E1BE234E9C3ED442EEC63A967A0E5C1B1593568229B84641044B99	59B22764181C475D824B3847F1FC4F2E3EA726C62618AB02D8691B028031CC55	AE9B0EEE540CC07AA3D3FE45D445B0C71815E95D7D461C6AB615903532705D09
G05	5	163	91205163	R1	3.2654140348111795	13.7691019113286	0.00224	-0.0038569449118437443	0.010498046875	1	-0.006619999999999999	-0.0010799999999999976	False	0.0022400000000000024	0.00054931640625	2.6020852139652106e-18	False	1332264.0	40280.0	342.7144587	3152199680.0	world_g05_n163.mat	7295E082CE6907E1596DA37C618FB291A81688DB10CD5A65D8EA08DAD1BB54F7	59B22764181C475D824B3847F1FC4F2E3EA726C62618AB02D8691B028031CC55	AE9B0EEE540CC07AA3D3FE45D445B0C71815E95D7D461C6AB615903532705D09
G05	5	163	91205163	R2	3.2654140348111795	13.7691019113286	0.00224	-0.00032357626085107675	0.824462890625	0	-0.003599999999999999	0.0029700000000000004	False	0.0022400000000000024	0.111083984375	2.6020852139652106e-18	True	1332264.0	40280.0	342.7144587	3152199680.0	world_g05_n163.mat	7295E082CE6907E1596DA37C618FB291A81688DB10CD5A65D8EA08DAD1BB54F7	59B22764181C475D824B3847F1FC4F2E3EA726C62618AB02D8691B028031CC55	AE9B0EEE540CC07AA3D3FE45D445B0C71815E95D7D461C6AB615903532705D09
G05	5	164	91205164	R1	3.2654140348111795	13.7691019113286	0.00224	-0.0019124501803780747	0.06463623046875	0	-0.003939999999999999	0.00013000000000000164	False	0.0022400000000000024	0.000885009765625	2.6020852139652106e-18	False	1332264.0	39909.0	341.3371229	3151187968.0	world_g05_n164.mat	08E6D3F87B89C7D4A5A5F6DEDEFDE4EF5B5D71179091CBB3AC6FC5852247F859	59B22764181C475D824B3847F1FC4F2E3EA726C62618AB02D8691B028031CC55	AE9B0EEE540CC07AA3D3FE45D445B0C71815E95D7D461C6AB615903532705D09
G05	5	164	91205164	R2	3.2654140348111795	13.7691019113286	0.00224	0.0012936311040533635	0.469970703125	0	-0.0023899999999999998	0.005040000000000003	False	0.0022400000000000024	0.59716796875	2.6020852139652106e-18	True	1332264.0	39909.0	341.3371229	3151187968.0	world_g05_n164.mat	08E6D3F87B89C7D4A5A5F6DEDEFDE4EF5B5D71179091CBB3AC6FC5852247F859	59B22764181C475D824B3847F1FC4F2E3EA726C62618AB02D8691B028031CC55	AE9B0EEE540CC07AA3D3FE45D445B0C71815E95D7D461C6AB615903532705D09
G05	5	165	91205165	R1	3.2654140348111795	13.7691019113286	0.00224	0.0013806071948261416	0.307342529296875	0	-0.0013799999999999993	0.00417	False	0.0022400000000000024	0.5137939453125	2.6020852139652106e-18	True	1332264.0	39950.0	346.270688	3152076800.0	world_g05_n165.mat	3215A59388CB357B15AAF456F2ABF1156F46738473904C5023BFC16963868EBE	59B22764181C475D824B3847F1FC4F2E3EA726C62618AB02D8691B028031CC55	AE9B0EEE540CC07AA3D3FE45D445B0C71815E95D7D461C6AB615903532705D09
G05	5	165	91205165	R2	3.2654140348111795	13.7691019113286	0.00224	-0.00023589633743169308	0.9013671875	0	-0.00448	0.004100000000000003	False	0.0022400000000000024	0.22314453125	2.6020852139652106e-18	True	1332264.0	39950.0	346.270688	3152076800.0	world_g05_n165.mat	3215A59388CB357B15AAF456F2ABF1156F46738473904C5023BFC16963868EBE	59B22764181C475D824B3847F1FC4F2E3EA726C62618AB02D8691B028031CC55	AE9B0EEE540CC07AA3D3FE45D445B0C71815E95D7D461C6AB615903532705D09
G05	5	166	91205166	R1	3.2654140348111795	13.7691019113286	0.00224	0.00033218681763357976	0.857574462890625	0	-0.00358	0.004230000000000001	False	0.0022400000000000024	0.310028076171875	2.6020852139652106e-18	True	1332264.0	40411.0	351.8576471	3151015936.0	world_g05_n166.mat	8596DD9883FCDB5E5100E38D9B7C87019EFC563808D8917987913FA348B548B7	59B22764181C475D824B3847F1FC4F2E3EA726C62618AB02D8691B028031CC55	AE9B0EEE540CC07AA3D3FE45D445B0C71815E95D7D461C6AB615903532705D09
G05	5	166	91205166	R2	3.2654140348111795	13.7691019113286	0.00224	-0.0005082471332334287	0.848876953125	0	-0.0050799999999999994	0.004070000000000001	False	0.0022400000000000024	0.228515625	2.6020852139652106e-18	True	1332264.0	40411.0	351.8576471	3151015936.0	world_g05_n166.mat	8596DD9883FCDB5E5100E38D9B7C87019EFC563808D8917987913FA348B548B7	59B22764181C475D824B3847F1FC4F2E3EA726C62618AB02D8691B028031CC55	AE9B0EEE540CC07AA3D3FE45D445B0C71815E95D7D461C6AB615903532705D09
G05	5	167	91205167	R1	3.2654140348111795	13.7691019113286	0.00224	0.004282891578134231	0.0081787109375	1	0.001120000000000003	0.007750000000000003	False	0.0022400000000000024	0.23809814453125	2.6020852139652106e-18	True	1332264.0	39846.0	297.2843833	3151867904.0	world_g05_n167.mat	034A42561D5AB48DF1D245769B92A83677F87F43E431670C8DD23071FD7D2813	59B22764181C475D824B3847F1FC4F2E3EA726C62618AB02D8691B028031CC55	AE9B0EEE540CC07AA3D3FE45D445B0C71815E95D7D461C6AB615903532705D09
G05	5	167	91205167	R2	3.2654140348111795	13.7691019113286	0.00224	-0.003113175532670341	0.086669921875	0	-0.00677	0.0005500000000000019	False	0.0022400000000000024	0.009033203125	2.6020852139652106e-18	False	1332264.0	39846.0	297.2843833	3151867904.0	world_g05_n167.mat	034A42561D5AB48DF1D245769B92A83677F87F43E431670C8DD23071FD7D2813	59B22764181C475D824B3847F1FC4F2E3EA726C62618AB02D8691B028031CC55	AE9B0EEE540CC07AA3D3FE45D445B0C71815E95D7D461C6AB615903532705D09
G05	5	168	91205168	R1	3.2654140348111795	13.7691019113286	0.00224	-0.0008549140529944731	0.638427734375	0	-0.004369999999999999	0.002480000000000003	False	0.0022400000000000024	0.06927490234375	2.6020852139652106e-18	True	1332264.0	39958.0	349.8986876	3150827520.0	world_g05_n168.mat	F7BD9DBA1B048F701DF09907FD80CF5343A3A7143EE078B5B15ACEC700007DDD	59B22764181C475D824B3847F1FC4F2E3EA726C62618AB02D8691B028031CC55	AE9B0EEE540CC07AA3D3FE45D445B0C71815E95D7D461C6AB615903532705D09
G05	5	168	91205168	R2	3.2654140348111795	13.7691019113286	0.00224	-0.0029240230070807878	0.264892578125	0	-0.00832	0.0021100000000000008	False	0.0022400000000000024	0.0458984375	2.6020852139652106e-18	False	1332264.0	39958.0	349.8986876	3150827520.0	world_g05_n168.mat	F7BD9DBA1B048F701DF09907FD80CF5343A3A7143EE078B5B15ACEC700007DDD	59B22764181C475D824B3847F1FC4F2E3EA726C62618AB02D8691B028031CC55	AE9B0EEE540CC07AA3D3FE45D445B0C71815E95D7D461C6AB615903532705D09
G05	5	169	91205169	R1	3.2654140348111795	13.7691019113286	0.00224	-0.002560717673872674	0.059112548828125	0	-0.0052299999999999985	0.00011000000000000246	False	0.0022400000000000024	0.001953125	2.6020852139652106e-18	False	1332264.0	39817.0	348.8634542	3149742080.0	world_g05_n169.mat	8D6F5905CB50EB704458E47D7C5B6BCD96DC2909953C8EF52A66C10B35734EF5	59B22764181C475D824B3847F1FC4F2E3EA726C62618AB02D8691B028031CC55	AE9B0EEE540CC07AA3D3FE45D445B0C71815E95D7D461C6AB615903532705D09
G05	5	169	91205169	R2	3.2654140348111795	13.7691019113286	0.00224	-0.0015444148786907723	0.308837890625	0	-0.004749999999999999	0.0017000000000000001	False	0.0022400000000000024	0.02783203125	2.6020852139652106e-18	False	1332264.0	39817.0	348.8634542	3149742080.0	world_g05_n169.mat	8D6F5905CB50EB704458E47D7C5B6BCD96DC2909953C8EF52A66C10B35734EF5	59B22764181C475D824B3847F1FC4F2E3EA726C62618AB02D8691B028031CC55	AE9B0EEE540CC07AA3D3FE45D445B0C71815E95D7D461C6AB615903532705D09
G05	5	170	91205170	R1	3.2654140348111795	13.7691019113286	0.00224	-0.0004399014140216808	0.834320068359375	0	-0.00473	0.003700000000000002	False	0.0022400000000000024	0.206512451171875	2.6020852139652106e-18	True	1332264.0	40083.0	281.2545386	3149688832.0	world_g05_n170.mat	BB4091BD501FA20D5D4FFE59CAD3A991648DBCA81759C59582D312023EF98678	59B22764181C475D824B3847F1FC4F2E3EA726C62618AB02D8691B028031CC55	AE9B0EEE540CC07AA3D3FE45D445B0C71815E95D7D461C6AB615903532705D09
G05	5	170	91205170	R2	3.2654140348111795	13.7691019113286	0.00224	0.00019265261936171504	0.92431640625	0	-0.0042699999999999995	0.00459	False	0.0022400000000000024	0.32666015625	2.6020852139652106e-18	True	1332264.0	40083.0	281.2545386	3149688832.0	world_g05_n170.mat	BB4091BD501FA20D5D4FFE59CAD3A991648DBCA81759C59582D312023EF98678	59B22764181C475D824B3847F1FC4F2E3EA726C62618AB02D8691B028031CC55	AE9B0EEE540CC07AA3D3FE45D445B0C71815E95D7D461C6AB615903532705D09
G05	5	171	91205171	R1	3.2654140348111795	13.7691019113286	0.00224	-0.0021721257447993615	0.33648681640625	0	-0.006839999999999999	0.002450000000000001	False	0.0022400000000000024	0.060150146484375	2.6020852139652106e-18	True	1332264.0	40164.0	266.3890137	3149582336.0	world_g05_n171.mat	2BEA0DA4112DDA70DE56A1DF54345588CB0AB3D984239A5A083181C26648BF2E	59B22764181C475D824B3847F1FC4F2E3EA726C62618AB02D8691B028031CC55	AE9B0EEE540CC07AA3D3FE45D445B0C71815E95D7D461C6AB615903532705D09
G05	5	171	91205171	R2	3.2654140348111795	13.7691019113286	0.00224	0.002448148413736278	0.0546875	0	-3.999999999999837e-05	0.005120000000000003	False	0.0022400000000000024	0.875	2.6020852139652106e-18	True	1332264.0	40164.0	266.3890137	3149582336.0	world_g05_n171.mat	2BEA0DA4112DDA70DE56A1DF54345588CB0AB3D984239A5A083181C26648BF2E	59B22764181C475D824B3847F1FC4F2E3EA726C62618AB02D8691B028031CC55	AE9B0EEE540CC07AA3D3FE45D445B0C71815E95D7D461C6AB615903532705D09
G05	5	172	91205172	R1	3.2654140348111795	13.7691019113286	0.00224	0.0006245690460455321	0.66363525390625	0	-0.0022000000000000006	0.003550000000000001	False	0.0022400000000000024	0.2518310546875	2.6020852139652106e-18	True	1332264.0	40399.0	266.9757582	3149443072.0	world_g05_n172.mat	8BA0192128B7505AF1D0A4E47CC4A0C6F06EF31758C16AC92E163CD9A6BB77EE	59B22764181C475D824B3847F1FC4F2E3EA726C62618AB02D8691B028031CC55	AE9B0EEE540CC07AA3D3FE45D445B0C71815E95D7D461C6AB615903532705D09
G05	5	172	91205172	R2	3.2654140348111795	13.7691019113286	0.00224	0.001619463870333662	0.339599609375	0	-0.0018600000000000005	0.00519	False	0.0022400000000000024	0.7041015625	2.6020852139652106e-18	True	1332264.0	40399.0	266.9757582	3149443072.0	world_g05_n172.mat	8BA0192128B7505AF1D0A4E47CC4A0C6F06EF31758C16AC92E163CD9A6BB77EE	59B22764181C475D824B3847F1FC4F2E3EA726C62618AB02D8691B028031CC55	AE9B0EEE540CC07AA3D3FE45D445B0C71815E95D7D461C6AB615903532705D09
G05	5	173	91205173	R1	3.2654140348111795	13.7691019113286	0.00224	0.002139369014144784	0.113037109375	0	-0.0005900000000000002	0.00485	False	0.0022400000000000024	0.93719482421875	2.6020852139652106e-18	True	1332264.0	40070.0	280.7045638	3148312576.0	world_g05_n173.mat	EA78EDA550FF0C19C53A30860DE59BA7F7CEA3904557DF5F065C8902DC1D5F9E	59B22764181C475D824B3847F1FC4F2E3EA726C62618AB02D8691B028031CC55	AE9B0EEE540CC07AA3D3FE45D445B0C71815E95D7D461C6AB615903532705D09
G05	5	173	91205173	R2	3.2654140348111795	13.7691019113286	0.00224	0.0017171982528616308	0.277587890625	0	-0.0015899999999999977	0.005070000000000002	False	0.0022400000000000024	0.729248046875	2.6020852139652106e-18	True	1332264.0	40070.0	280.7045638	3148312576.0	world_g05_n173.mat	EA78EDA550FF0C19C53A30860DE59BA7F7CEA3904557DF5F065C8902DC1D5F9E	59B22764181C475D824B3847F1FC4F2E3EA726C62618AB02D8691B028031CC55	AE9B0EEE540CC07AA3D3FE45D445B0C71815E95D7D461C6AB615903532705D09
G05	5	174	91205174	R1	3.2654140348111795	13.7691019113286	0.00224	-0.0013874873720347894	0.464263916015625	0	-0.005219999999999999	0.0025400000000000006	False	0.0022400000000000024	0.067718505859375	2.6020852139652106e-18	True	1332264.0	40131.0	377.5270988	3134570496.0	world_g05_n174.mat	B9125F46DF5E880379177B10D77BF0BF91748882CABAD3903F6DA9DDC51F6DFD	59B22764181C475D824B3847F1FC4F2E3EA726C62618AB02D8691B028031CC55	AE9B0EEE540CC07AA3D3FE45D445B0C71815E95D7D461C6AB615903532705D09
G05	5	174	91205174	R2	3.2654140348111795	13.7691019113286	0.00224	0.0016980756932892392	0.489501953125	0	-0.0035099999999999992	0.006950000000000001	False	0.0022400000000000024	0.82177734375	2.6020852139652106e-18	True	1332264.0	40131.0	377.5270988	3134570496.0	world_g05_n174.mat	B9125F46DF5E880379177B10D77BF0BF91748882CABAD3903F6DA9DDC51F6DFD	59B22764181C475D824B3847F1FC4F2E3EA726C62618AB02D8691B028031CC55	AE9B0EEE540CC07AA3D3FE45D445B0C71815E95D7D461C6AB615903532705D09
G05	5	175	91205175	R1	3.2654140348111795	13.7691019113286	0.00224	-0.0036292121058955967	0.02496337890625	1	-0.0069	-0.000449999999999999	False	0.0022400000000000024	0.0006103515625	2.6020852139652106e-18	False	1332264.0	40557.0	385.8676581	3133038592.0	world_g05_n175.mat	36F0CFEB29347E04A3F3A00E232109330983DCDF684A12B8796D060A46A1CCF5	59B22764181C475D824B3847F1FC4F2E3EA726C62618AB02D8691B028031CC55	AE9B0EEE540CC07AA3D3FE45D445B0C71815E95D7D461C6AB615903532705D09
G05	5	175	91205175	R2	3.2654140348111795	13.7691019113286	0.00224	-0.0001933571894208008	0.92431640625	0	-0.004399999999999999	0.004270000000000003	False	0.0022400000000000024	0.254150390625	2.6020852139652106e-18	True	1332264.0	40557.0	385.8676581	3133038592.0	world_g05_n175.mat	36F0CFEB29347E04A3F3A00E232109330983DCDF684A12B8796D060A46A1CCF5	59B22764181C475D824B3847F1FC4F2E3EA726C62618AB02D8691B028031CC55	AE9B0EEE540CC07AA3D3FE45D445B0C71815E95D7D461C6AB615903532705D09
G05	5	176	91205176	R1	3.2654140348111795	13.7691019113286	0.00224	-0.0016006295553913296	0.219329833984375	0	-0.004119999999999999	0.001060000000000002	False	0.0022400000000000024	0.008941650390625	2.6020852139652106e-18	False	1332264.0	39948.0	382.9099896	3122348032.0	world_g05_n176.mat	F04FEC078D62F7A12A3BEA077EA1E14CD06C276E27915BB3CDECE761F885338C	59B22764181C475D824B3847F1FC4F2E3EA726C62618AB02D8691B028031CC55	AE9B0EEE540CC07AA3D3FE45D445B0C71815E95D7D461C6AB615903532705D09
G05	5	176	91205176	R2	3.2654140348111795	13.7691019113286	0.00224	-0.0004963622307059081	0.80517578125	0	-0.0046	0.00341	False	0.0022400000000000024	0.16748046875	2.6020852139652106e-18	True	1332264.0	39948.0	382.9099896	3122348032.0	world_g05_n176.mat	F04FEC078D62F7A12A3BEA077EA1E14CD06C276E27915BB3CDECE761F885338C	59B22764181C475D824B3847F1FC4F2E3EA726C62618AB02D8691B028031CC55	AE9B0EEE540CC07AA3D3FE45D445B0C71815E95D7D461C6AB615903532705D09
G05	5	177	91205177	R1	3.2654140348111795	13.7691019113286	0.00224	-0.00038896634516208633	0.845794677734375	0	-0.0046099999999999995	0.003840000000000003	False	0.0022400000000000024	0.2025146484375	2.6020852139652106e-18	True	1332264.0	40516.0	366.652632	3172446208.0	world_g05_n177.mat	D139D5F9FA6C8BA4CE302F71C757FE67666C838288C0E073A2F3845D6FD9D1E6	59B22764181C475D824B3847F1FC4F2E3EA726C62618AB02D8691B028031CC55	AE9B0EEE540CC07AA3D3FE45D445B0C71815E95D7D461C6AB615903532705D09
G05	5	177	91205177	R2	3.2654140348111795	13.7691019113286	0.00224	0.0017732839747965396	0.314697265625	0	-0.0019500000000000003	0.005480000000000002	False	0.0022400000000000024	0.7861328125	2.6020852139652106e-18	True	1332264.0	40516.0	366.652632	3172446208.0	world_g05_n177.mat	D139D5F9FA6C8BA4CE302F71C757FE67666C838288C0E073A2F3845D6FD9D1E6	59B22764181C475D824B3847F1FC4F2E3EA726C62618AB02D8691B028031CC55	AE9B0EEE540CC07AA3D3FE45D445B0C71815E95D7D461C6AB615903532705D09
G05	5	178	91205178	R1	3.2654140348111795	13.7691019113286	0.00224	0.00120368330382485	0.394683837890625	0	-0.0017699999999999973	0.0041600000000000005	False	0.0022400000000000024	0.4666748046875	2.6020852139652106e-18	True	1332264.0	40501.0	366.8795877	3172229120.0	world_g05_n178.mat	FFA85086FF1012BE93B1EA16804C84B22414E888D8C8511EA54CA103787039D2	59B22764181C475D824B3847F1FC4F2E3EA726C62618AB02D8691B028031CC55	AE9B0EEE540CC07AA3D3FE45D445B0C71815E95D7D461C6AB615903532705D09
G05	5	178	91205178	R2	3.2654140348111795	13.7691019113286	0.00224	-0.0011823611517940238	0.554931640625	0	-0.0052	0.003100000000000002	False	0.0022400000000000024	0.10400390625	2.6020852139652106e-18	True	1332264.0	40501.0	366.8795877	3172229120.0	world_g05_n178.mat	FFA85086FF1012BE93B1EA16804C84B22414E888D8C8511EA54CA103787039D2	59B22764181C475D824B3847F1FC4F2E3EA726C62618AB02D8691B028031CC55	AE9B0EEE540CC07AA3D3FE45D445B0C71815E95D7D461C6AB615903532705D09
G05	5	179	91205179	R1	3.2654140348111795	13.7691019113286	0.00224	-0.001824771742582927	0.394134521484375	0	-0.00626	0.0025400000000000006	False	0.0022400000000000024	0.066986083984375	2.6020852139652106e-18	True	1332264.0	40271.0	365.630385	3172237312.0	world_g05_n179.mat	68B44D8779D1CE349E70092725B65186C0B3A55073C6AA69D91E57A4CE4862A5	59B22764181C475D824B3847F1FC4F2E3EA726C62618AB02D8691B028031CC55	AE9B0EEE540CC07AA3D3FE45D445B0C71815E95D7D461C6AB615903532705D09
G05	5	179	91205179	R2	3.2654140348111795	13.7691019113286	0.00224	-0.00030389906816398476	0.898681640625	0	-0.00473	0.0037400000000000003	False	0.0022400000000000024	0.241455078125	2.6020852139652106e-18	True	1332264.0	40271.0	365.630385	3172237312.0	world_g05_n179.mat	68B44D8779D1CE349E70092725B65186C0B3A55073C6AA69D91E57A4CE4862A5	59B22764181C475D824B3847F1FC4F2E3EA726C62618AB02D8691B028031CC55	AE9B0EEE540CC07AA3D3FE45D445B0C71815E95D7D461C6AB615903532705D09
G05	5	180	91205180	R1	3.2654140348111795	13.7691019113286	0.00224	-0.00039386059923441155	0.82098388671875	0	-0.004070000000000001	0.00332	False	0.0022400000000000024	0.147125244140625	2.6020852139652106e-18	True	1332264.0	40342.0	366.6809151	3172261888.0	world_g05_n180.mat	C0789C244C0E0EBA0BDF68C09006BE30025D881DD0FC9347345BAB23F86B6778	59B22764181C475D824B3847F1FC4F2E3EA726C62618AB02D8691B028031CC55	AE9B0EEE540CC07AA3D3FE45D445B0C71815E95D7D461C6AB615903532705D09
G05	5	180	91205180	R2	3.2654140348111795	13.7691019113286	0.00224	-0.0006823333521708252	0.722900390625	0	-0.004799999999999999	0.00341	False	0.0022400000000000024	0.1416015625	2.6020852139652106e-18	True	1332264.0	40342.0	366.6809151	3172261888.0	world_g05_n180.mat	C0789C244C0E0EBA0BDF68C09006BE30025D881DD0FC9347345BAB23F86B6778	59B22764181C475D824B3847F1FC4F2E3EA726C62618AB02D8691B028031CC55	AE9B0EEE540CC07AA3D3FE45D445B0C71815E95D7D461C6AB615903532705D09
G05	5	181	91205181	R1	3.2654140348111795	13.7691019113286	0.00224	0.0016061025804886776	0.26214599609375	0	-0.0013500000000000005	0.004570000000000001	False	0.0022400000000000024	0.6458740234375	2.6020852139652106e-18	True	1332264.0	40143.0	365.9966489	3171287040.0	world_g05_n181.mat	8FB5534424557F12429DCC89958B442C0E00493FD9D77D95AD2B9AFC68B75C85	59B22764181C475D824B3847F1FC4F2E3EA726C62618AB02D8691B028031CC55	AE9B0EEE540CC07AA3D3FE45D445B0C71815E95D7D461C6AB615903532705D09
G05	5	181	91205181	R2	3.2654140348111795	13.7691019113286	0.00224	-0.0022291894725240337	0.13916015625	0	-0.005309999999999999	0.0008100000000000017	False	0.0022400000000000024	0.001708984375	2.6020852139652106e-18	False	1332264.0	40143.0	365.9966489	3171287040.0	world_g05_n181.mat	8FB5534424557F12429DCC89958B442C0E00493FD9D77D95AD2B9AFC68B75C85	59B22764181C475D824B3847F1FC4F2E3EA726C62618AB02D8691B028031CC55	AE9B0EEE540CC07AA3D3FE45D445B0C71815E95D7D461C6AB615903532705D09
G05	5	182	91205182	R1	3.2654140348111795	13.7691019113286	0.00224	-0.0030547449146667766	0.1209716796875	0	-0.007089999999999999	0.0009500000000000029	False	0.0022400000000000024	0.0125732421875	2.6020852139652106e-18	False	1332264.0	40152.0	367.8978539	3172159488.0	world_g05_n182.mat	593C26D36F2FB6D160C3185DF551111044DCE7A812A750796F264D44B18ABB04	59B22764181C475D824B3847F1FC4F2E3EA726C62618AB02D8691B028031CC55	AE9B0EEE540CC07AA3D3FE45D445B0C71815E95D7D461C6AB615903532705D09
G05	5	182	91205182	R2	3.2654140348111795	13.7691019113286	0.00224	0.0031813424469065692	0.15966796875	0	-0.001409999999999998	0.007630000000000001	False	0.0022400000000000024	0.665771484375	2.6020852139652106e-18	True	1332264.0	40152.0	367.8978539	3172159488.0	world_g05_n182.mat	593C26D36F2FB6D160C3185DF551111044DCE7A812A750796F264D44B18ABB04	59B22764181C475D824B3847F1FC4F2E3EA726C62618AB02D8691B028031CC55	AE9B0EEE540CC07AA3D3FE45D445B0C71815E95D7D461C6AB615903532705D09
G05	5	183	91205183	R1	3.2654140348111795	13.7691019113286	0.00224	-0.00018500617988620276	0.895172119140625	0	-0.0030500000000000006	0.0027500000000000024	False	0.0022400000000000024	0.100738525390625	2.6020852139652106e-18	True	1332264.0	40040.0	368.220735	3171430400.0	world_g05_n183.mat	A9316DBE8DCD3A09D0C987AC90DBADE2C2BD0D02AD77BC386F023F903D29B26B	59B22764181C475D824B3847F1FC4F2E3EA726C62618AB02D8691B028031CC55	AE9B0EEE540CC07AA3D3FE45D445B0C71815E95D7D461C6AB615903532705D09
G05	5	183	91205183	R2	3.2654140348111795	13.7691019113286	0.00224	0.0009240237692665648	0.6103515625	0	-0.0026799999999999984	0.004640000000000002	False	0.0022400000000000024	0.453125	2.6020852139652106e-18	True	1332264.0	40040.0	368.220735	3171430400.0	world_g05_n183.mat	A9316DBE8DCD3A09D0C987AC90DBADE2C2BD0D02AD77BC386F023F903D29B26B	59B22764181C475D824B3847F1FC4F2E3EA726C62618AB02D8691B028031CC55	AE9B0EEE540CC07AA3D3FE45D445B0C71815E95D7D461C6AB615903532705D09
G05	5	184	91205184	R1	3.2654140348111795	13.7691019113286	0.00224	-0.0005336968192283923	0.7020263671875	0	-0.0034800000000000005	0.002420000000000002	False	0.0022400000000000024	0.063079833984375	2.6020852139652106e-18	True	1332264.0	39973.0	369.3653342	3172298752.0	world_g05_n184.mat	504EA4FA23A0B28EE582130F8B0844CE793BBB08B6C480A5036F9B76FDDAD02E	59B22764181C475D824B3847F1FC4F2E3EA726C62618AB02D8691B028031CC55	AE9B0EEE540CC07AA3D3FE45D445B0C71815E95D7D461C6AB615903532705D09
G05	5	184	91205184	R2	3.2654140348111795	13.7691019113286	0.00224	-0.0013719096330656862	0.53271484375	0	-0.005989999999999999	0.0032200000000000006	False	0.0022400000000000024	0.113525390625	2.6020852139652106e-18	True	1332264.0	39973.0	369.3653342	3172298752.0	world_g05_n184.mat	504EA4FA23A0B28EE582130F8B0844CE793BBB08B6C480A5036F9B76FDDAD02E	59B22764181C475D824B3847F1FC4F2E3EA726C62618AB02D8691B028031CC55	AE9B0EEE540CC07AA3D3FE45D445B0C71815E95D7D461C6AB615903532705D09
G05	5	185	91205185	R1	3.2654140348111795	13.7691019113286	0.00224	-0.0014379798726683302	0.396636962890625	0	-0.004629999999999999	0.001630000000000003	False	0.0022400000000000024	0.019012451171875	2.6020852139652106e-18	False	1332264.0	40215.0	368.3941879	3170283520.0	world_g05_n185.mat	E4BA797CCAC9CC7F8AAF2E97AC0E1F8E1A1063FD9A612800F017311346244400	59B22764181C475D824B3847F1FC4F2E3EA726C62618AB02D8691B028031CC55	AE9B0EEE540CC07AA3D3FE45D445B0C71815E95D7D461C6AB615903532705D09
G05	5	185	91205185	R2	3.2654140348111795	13.7691019113286	0.00224	0.0003992986315038608	0.822021484375	0	-0.003629999999999998	0.0044500000000000026	False	0.0022400000000000024	0.332275390625	2.6020852139652106e-18	True	1332264.0	40215.0	368.3941879	3170283520.0	world_g05_n185.mat	E4BA797CCAC9CC7F8AAF2E97AC0E1F8E1A1063FD9A612800F017311346244400	59B22764181C475D824B3847F1FC4F2E3EA726C62618AB02D8691B028031CC55	AE9B0EEE540CC07AA3D3FE45D445B0C71815E95D7D461C6AB615903532705D09
G05	5	186	91205186	R1	3.2654140348111795	13.7691019113286	0.00224	0.0010616612847137135	0.487640380859375	0	-0.00213	0.0042800000000000026	False	0.0022400000000000024	0.44085693359375	2.6020852139652106e-18	True	1332264.0	40092.0	348.2623389	3171258368.0	world_g05_n186.mat	09FB7C32BB2377FAFF2A6276EC3901D696DCE2832C630B1ABAFCEB614340FC1B	59B22764181C475D824B3847F1FC4F2E3EA726C62618AB02D8691B028031CC55	AE9B0EEE540CC07AA3D3FE45D445B0C71815E95D7D461C6AB615903532705D09
G05	5	186	91205186	R2	3.2654140348111795	13.7691019113286	0.00224	0.0019614824006782936	0.4306640625	0	-0.0028399999999999988	0.007110000000000002	False	0.0022400000000000024	0.90966796875	2.6020852139652106e-18	True	1332264.0	40092.0	348.2623389	3171258368.0	world_g05_n186.mat	09FB7C32BB2377FAFF2A6276EC3901D696DCE2832C630B1ABAFCEB614340FC1B	59B22764181C475D824B3847F1FC4F2E3EA726C62618AB02D8691B028031CC55	AE9B0EEE540CC07AA3D3FE45D445B0C71815E95D7D461C6AB615903532705D09
G05	5	187	91205187	R1	3.2654140348111795	13.7691019113286	0.00224	-0.0008444168028640654	0.60504150390625	0	-0.004240000000000001	0.0026000000000000016	False	0.0022400000000000024	0.074432373046875	2.6020852139652106e-18	True	1332264.0	40279.0	324.4381289	3170287616.0	world_g05_n187.mat	681DAB01146B556EA8CD6215FCF64D5A51428477D89CB709B5D63C09F01DC4D2	59B22764181C475D824B3847F1FC4F2E3EA726C62618AB02D8691B028031CC55	AE9B0EEE540CC07AA3D3FE45D445B0C71815E95D7D461C6AB615903532705D09
G05	5	187	91205187	R2	3.2654140348111795	13.7691019113286	0.00224	-4.80566670704872e-05	0.957275390625	0	-0.002009999999999998	0.001850000000000001	False	0.0022400000000000024	0.018310546875	2.6020852139652106e-18	False	1332264.0	40279.0	324.4381289	3170287616.0	world_g05_n187.mat	681DAB01146B556EA8CD6215FCF64D5A51428477D89CB709B5D63C09F01DC4D2	59B22764181C475D824B3847F1FC4F2E3EA726C62618AB02D8691B028031CC55	AE9B0EEE540CC07AA3D3FE45D445B0C71815E95D7D461C6AB615903532705D09
G05	5	188	91205188	R1	3.2654140348111795	13.7691019113286	0.00224	-0.0022272539333611473	0.1282958984375	0	-0.005169999999999999	0.0007000000000000027	False	0.0022400000000000024	0.00567626953125	2.6020852139652106e-18	False	1332264.0	40381.0	319.615839	3171127296.0	world_g05_n188.mat	3718A25D89B40B014256B6AA9DAE045BD236CBF7C0866950ED3A3BE0BEACCBB8	59B22764181C475D824B3847F1FC4F2E3EA726C62618AB02D8691B028031CC55	AE9B0EEE540CC07AA3D3FE45D445B0C71815E95D7D461C6AB615903532705D09
G05	5	188	91205188	R2	3.2654140348111795	13.7691019113286	0.00224	-0.00021280411681330182	0.906494140625	0	-0.00507	0.004640000000000002	False	0.0022400000000000024	0.27734375	2.6020852139652106e-18	True	1332264.0	40381.0	319.615839	3171127296.0	world_g05_n188.mat	3718A25D89B40B014256B6AA9DAE045BD236CBF7C0866950ED3A3BE0BEACCBB8	59B22764181C475D824B3847F1FC4F2E3EA726C62618AB02D8691B028031CC55	AE9B0EEE540CC07AA3D3FE45D445B0C71815E95D7D461C6AB615903532705D09
G05	5	189	91205189	R1	3.2654140348111795	13.7691019113286	0.00224	-0.00018660188744238157	0.888641357421875	0	-0.0029899999999999996	0.00255	False	0.0022400000000000024	0.080230712890625	2.6020852139652106e-18	True	1332264.0	39990.0	320.548737	3169468416.0	world_g05_n189.mat	1AFC6FE6FF332C3EEABE077AE361D7F5AF412DAB2D9EE1D968F6CE2FDAFF34AE	59B22764181C475D824B3847F1FC4F2E3EA726C62618AB02D8691B028031CC55	AE9B0EEE540CC07AA3D3FE45D445B0C71815E95D7D461C6AB615903532705D09
G05	5	189	91205189	R2	3.2654140348111795	13.7691019113286	0.00224	0.003304875432919236	0.07080078125	0	-0.0002999999999999982	0.006950000000000001	False	0.0022400000000000024	0.53564453125	2.6020852139652106e-18	True	1332264.0	39990.0	320.548737	3169468416.0	world_g05_n189.mat	1AFC6FE6FF332C3EEABE077AE361D7F5AF412DAB2D9EE1D968F6CE2FDAFF34AE	59B22764181C475D824B3847F1FC4F2E3EA726C62618AB02D8691B028031CC55	AE9B0EEE540CC07AA3D3FE45D445B0C71815E95D7D461C6AB615903532705D09
G05	5	190	91205190	R1	3.2654140348111795	13.7691019113286	0.00224	-0.0045881845173204915	0.00335693359375	1	-0.007549999999999999	-0.0016799999999999975	False	0.0022400000000000024	0.000213623046875	2.6020852139652106e-18	False	1332264.0	39837.0	321.3896157	3168464896.0	world_g05_n190.mat	CC437887A6507D60AC9627E85364547520345E0AF7D04629033AC67A85A033F5	59B22764181C475D824B3847F1FC4F2E3EA726C62618AB02D8691B028031CC55	AE9B0EEE540CC07AA3D3FE45D445B0C71815E95D7D461C6AB615903532705D09
G05	5	190	91205190	R2	3.2654140348111795	13.7691019113286	0.00224	-0.002471327016353678	0.131103515625	0	-0.00584	0.0007900000000000025	False	0.0022400000000000024	0.00830078125	2.6020852139652106e-18	False	1332264.0	39837.0	321.3896157	3168464896.0	world_g05_n190.mat	CC437887A6507D60AC9627E85364547520345E0AF7D04629033AC67A85A033F5	59B22764181C475D824B3847F1FC4F2E3EA726C62618AB02D8691B028031CC55	AE9B0EEE540CC07AA3D3FE45D445B0C71815E95D7D461C6AB615903532705D09
G05	5	191	91205191	R1	3.2654140348111795	13.7691019113286	0.00224	-0.0009588958210065981	0.501129150390625	0	-0.00349	0.0018300000000000018	False	0.0022400000000000024	0.029205322265625	2.6020852139652106e-18	False	1332264.0	40335.0	319.8139154	3168395264.0	world_g05_n191.mat	8C3A38DF4997599148DA538C57FCD09B0207F3A36E63C3DA515802C40748BFD0	59B22764181C475D824B3847F1FC4F2E3EA726C62618AB02D8691B028031CC55	AE9B0EEE540CC07AA3D3FE45D445B0C71815E95D7D461C6AB615903532705D09
G05	5	191	91205191	R2	3.2654140348111795	13.7691019113286	0.00224	0.0027320699024896465	0.19677734375	0	-0.0015599999999999989	0.007080000000000003	False	0.0022400000000000024	0.80615234375	2.6020852139652106e-18	True	1332264.0	40335.0	319.8139154	3168395264.0	world_g05_n191.mat	8C3A38DF4997599148DA538C57FCD09B0207F3A36E63C3DA515802C40748BFD0	59B22764181C475D824B3847F1FC4F2E3EA726C62618AB02D8691B028031CC55	AE9B0EEE540CC07AA3D3FE45D445B0C71815E95D7D461C6AB615903532705D09
G05	5	192	91205192	R1	3.2654140348111795	13.7691019113286	0.00224	-0.0017105150307762708	0.360260009765625	0	-0.00554	0.00221	False	0.0022400000000000024	0.048553466796875	2.6020852139652106e-18	False	1332264.0	40170.0	322.052068	3168423936.0	world_g05_n192.mat	EF5C718EB96468DF944C336463B382EA3FAC7A91818157E105F84CBB14D65EE8	59B22764181C475D824B3847F1FC4F2E3EA726C62618AB02D8691B028031CC55	AE9B0EEE540CC07AA3D3FE45D445B0C71815E95D7D461C6AB615903532705D09
G05	5	192	91205192	R2	3.2654140348111795	13.7691019113286	0.00224	0.001382043247748241	0.331787109375	0	-0.0014299999999999972	0.004290000000000002	False	0.0022400000000000024	0.5244140625	2.6020852139652106e-18	True	1332264.0	40170.0	322.052068	3168423936.0	world_g05_n192.mat	EF5C718EB96468DF944C336463B382EA3FAC7A91818157E105F84CBB14D65EE8	59B22764181C475D824B3847F1FC4F2E3EA726C62618AB02D8691B028031CC55	AE9B0EEE540CC07AA3D3FE45D445B0C71815E95D7D461C6AB615903532705D09
G05	5	193	91205193	R1	3.2654140348111795	13.7691019113286	0.00224	-0.0005890598774192971	0.71356201171875	0	-0.0037599999999999995	0.00272	False	0.0022400000000000024	0.086761474609375	2.6020852139652106e-18	True	1332264.0	40245.0	319.5725899	3168399360.0	world_g05_n193.mat	5F0991318B8F2FC6DB93DD46F7DE746F3EF2A77F925C13C6DA498E346CF12403	59B22764181C475D824B3847F1FC4F2E3EA726C62618AB02D8691B028031CC55	AE9B0EEE540CC07AA3D3FE45D445B0C71815E95D7D461C6AB615903532705D09
G05	5	193	91205193	R2	3.2654140348111795	13.7691019113286	0.00224	0.001915530822903139	0.33935546875	0	-0.002239999999999999	0.006030000000000001	False	0.0022400000000000024	0.86474609375	2.6020852139652106e-18	True	1332264.0	40245.0	319.5725899	3168399360.0	world_g05_n193.mat	5F0991318B8F2FC6DB93DD46F7DE746F3EF2A77F925C13C6DA498E346CF12403	59B22764181C475D824B3847F1FC4F2E3EA726C62618AB02D8691B028031CC55	AE9B0EEE540CC07AA3D3FE45D445B0C71815E95D7D461C6AB615903532705D09
G05	5	194	91205194	R1	3.2654140348111795	13.7691019113286	0.00224	0.0016978319528949148	0.212249755859375	0	-0.0009199999999999972	0.0044500000000000026	False	0.0022400000000000024	0.6884765625	2.6020852139652106e-18	True	1332264.0	39790.0	318.9288545	3168399360.0	world_g05_n194.mat	34C41E3BE1C35A95B6A03B041DA97DC0B9B068EBE21E903AC897E9BCE25BC943	59B22764181C475D824B3847F1FC4F2E3EA726C62618AB02D8691B028031CC55	AE9B0EEE540CC07AA3D3FE45D445B0C71815E95D7D461C6AB615903532705D09
G05	5	194	91205194	R2	3.2654140348111795	13.7691019113286	0.00224	0.00042592363025677476	0.845703125	0	-0.004240000000000001	0.0050100000000000006	False	0.0022400000000000024	0.42138671875	2.6020852139652106e-18	True	1332264.0	39790.0	318.9288545	3168399360.0	world_g05_n194.mat	34C41E3BE1C35A95B6A03B041DA97DC0B9B068EBE21E903AC897E9BCE25BC943	59B22764181C475D824B3847F1FC4F2E3EA726C62618AB02D8691B028031CC55	AE9B0EEE540CC07AA3D3FE45D445B0C71815E95D7D461C6AB615903532705D09
G05	5	195	91205195	R1	3.2654140348111795	13.7691019113286	0.00224	-0.0016440161735058773	0.173431396484375	0	-0.0040999999999999995	0.0008200000000000013	False	0.0022400000000000024	0.0048828125	2.6020852139652106e-18	False	1332264.0	40154.0	323.7381717	3156008960.0	world_g05_n195.mat	344D2C9D6EE83B7454BCA7BE772E7440F06CF10291FD4C757E7F3BE7FE9CE82C	59B22764181C475D824B3847F1FC4F2E3EA726C62618AB02D8691B028031CC55	AE9B0EEE540CC07AA3D3FE45D445B0C71815E95D7D461C6AB615903532705D09
G05	5	195	91205195	R2	3.2654140348111795	13.7691019113286	0.00224	-0.0009674943487134242	0.521484375	0	-0.00391	0.002190000000000001	False	0.0022400000000000024	0.046875	2.6020852139652106e-18	False	1332264.0	40154.0	323.7381717	3156008960.0	world_g05_n195.mat	344D2C9D6EE83B7454BCA7BE772E7440F06CF10291FD4C757E7F3BE7FE9CE82C	59B22764181C475D824B3847F1FC4F2E3EA726C62618AB02D8691B028031CC55	AE9B0EEE540CC07AA3D3FE45D445B0C71815E95D7D461C6AB615903532705D09
G05	5	196	91205196	R1	3.2654140348111795	13.7691019113286	0.00224	-0.0011379759047469864	0.42938232421875	0	-0.004119999999999999	0.0018799999999999997	False	0.0022400000000000024	0.030914306640625	2.6020852139652106e-18	False	1332264.0	40305.0	370.9313476	3159449600.0	world_g05_n196.mat	753BD03E297716978DE7342847A4E725CE0386567F8E6BB184EDC9A72D753F91	59B22764181C475D824B3847F1FC4F2E3EA726C62618AB02D8691B028031CC55	AE9B0EEE540CC07AA3D3FE45D445B0C71815E95D7D461C6AB615903532705D09
G05	5	196	91205196	R2	3.2654140348111795	13.7691019113286	0.00224	-0.0014878772749033348	0.49853515625	0	-0.006109999999999999	0.003040000000000001	False	0.0022400000000000024	0.10009765625	2.6020852139652106e-18	True	1332264.0	40305.0	370.9313476	3159449600.0	world_g05_n196.mat	753BD03E297716978DE7342847A4E725CE0386567F8E6BB184EDC9A72D753F91	59B22764181C475D824B3847F1FC4F2E3EA726C62618AB02D8691B028031CC55	AE9B0EEE540CC07AA3D3FE45D445B0C71815E95D7D461C6AB615903532705D09
G05	5	197	91205197	R1	3.2654140348111795	13.7691019113286	0.00224	-0.0001066061689021679	0.9517822265625	0	-0.004029999999999999	0.003840000000000003	False	0.0022400000000000024	0.21942138671875	2.6020852139652106e-18	True	1332264.0	39941.0	370.1915853	3159293952.0	world_g05_n197.mat	DCC45EF5B06BE542399857C1FAB26919CBCA88AD8CB19831DAB7958C5D3524C9	59B22764181C475D824B3847F1FC4F2E3EA726C62618AB02D8691B028031CC55	AE9B0EEE540CC07AA3D3FE45D445B0C71815E95D7D461C6AB615903532705D09
G05	5	197	91205197	R2	3.2654140348111795	13.7691019113286	0.00224	0.0006989724386393387	0.64453125	0	-0.00255	0.003780000000000002	False	0.0022400000000000024	0.33349609375	2.6020852139652106e-18	True	1332264.0	39941.0	370.1915853	3159293952.0	world_g05_n197.mat	DCC45EF5B06BE542399857C1FAB26919CBCA88AD8CB19831DAB7958C5D3524C9	59B22764181C475D824B3847F1FC4F2E3EA726C62618AB02D8691B028031CC55	AE9B0EEE540CC07AA3D3FE45D445B0C71815E95D7D461C6AB615903532705D09
G05	5	198	91205198	R1	3.2654140348111795	13.7691019113286	0.00224	-0.001045951016854989	0.415740966796875	0	-0.0037199999999999976	0.001630000000000003	False	0.0022400000000000024	0.02008056640625	2.6020852139652106e-18	False	1332264.0	40423.0	369.9900308	3159318528.0	world_g05_n198.mat	E80469CAF2DEE32A189280AB9C0AFDD3AB54248F05E58982AB2A2E2CE8C992F5	59B22764181C475D824B3847F1FC4F2E3EA726C62618AB02D8691B028031CC55	AE9B0EEE540CC07AA3D3FE45D445B0C71815E95D7D461C6AB615903532705D09
G05	5	198	91205198	R2	3.2654140348111795	13.7691019113286	0.00224	-0.0027413815430195683	0.158447265625	0	-0.006759999999999999	0.0013100000000000021	False	0.0022400000000000024	0.02197265625	2.6020852139652106e-18	False	1332264.0	40423.0	369.9900308	3159318528.0	world_g05_n198.mat	E80469CAF2DEE32A189280AB9C0AFDD3AB54248F05E58982AB2A2E2CE8C992F5	59B22764181C475D824B3847F1FC4F2E3EA726C62618AB02D8691B028031CC55	AE9B0EEE540CC07AA3D3FE45D445B0C71815E95D7D461C6AB615903532705D09
G05	5	199	91205199	R1	3.2654140348111795	13.7691019113286	0.00224	0.0011265292500749194	0.641204833984375	0	-0.0036399999999999974	0.006020000000000001	False	0.0022400000000000024	0.63714599609375	2.6020852139652106e-18	True	1332264.0	39679.0	366.8034436	3159371776.0	world_g05_n199.mat	33CEB0B839083C6CBBBC191B75B8AD7DF5993DCBD307052053BA0A70FA83E207	59B22764181C475D824B3847F1FC4F2E3EA726C62618AB02D8691B028031CC55	AE9B0EEE540CC07AA3D3FE45D445B0C71815E95D7D461C6AB615903532705D09
G05	5	199	91205199	R2	3.2654140348111795	13.7691019113286	0.00224	-0.00037529576717979657	0.839111328125	0	-0.0034999999999999996	0.0031200000000000012	False	0.0022400000000000024	0.131103515625	2.6020852139652106e-18	True	1332264.0	39679.0	366.8034436	3159371776.0	world_g05_n199.mat	33CEB0B839083C6CBBBC191B75B8AD7DF5993DCBD307052053BA0A70FA83E207	59B22764181C475D824B3847F1FC4F2E3EA726C62618AB02D8691B028031CC55	AE9B0EEE540CC07AA3D3FE45D445B0C71815E95D7D461C6AB615903532705D09
G05	5	200	91205200	R1	3.2654140348111795	13.7691019113286	0.00224	0.001524112425003932	0.444732666015625	0	-0.0026499999999999996	0.005630000000000003	False	0.0022400000000000024	0.720245361328125	2.6020852139652106e-18	True	1332264.0	40156.0	368.5958612	3158355968.0	world_g05_n200.mat	4DEE31EE5AC7BBABEFD9DB32CF438588DF33ED652125031A9AC11AA89608A8EA	59B22764181C475D824B3847F1FC4F2E3EA726C62618AB02D8691B028031CC55	AE9B0EEE540CC07AA3D3FE45D445B0C71815E95D7D461C6AB615903532705D09
G05	5	200	91205200	R2	3.2654140348111795	13.7691019113286	0.00224	0.000965164561406145	0.578125	0	-0.002689999999999998	0.0045600000000000016	False	0.0022400000000000024	0.471435546875	2.6020852139652106e-18	True	1332264.0	40156.0	368.5958612	3158355968.0	world_g05_n200.mat	4DEE31EE5AC7BBABEFD9DB32CF438588DF33ED652125031A9AC11AA89608A8EA	59B22764181C475D824B3847F1FC4F2E3EA726C62618AB02D8691B028031CC55	AE9B0EEE540CC07AA3D3FE45D445B0C71815E95D7D461C6AB615903532705D09
G05	5	201	91205201	R1	3.2654140348111795	13.7691019113286	0.00224	-0.0010921925800778554	0.416259765625	0	-0.003939999999999999	0.0017300000000000024	False	0.0022400000000000024	0.024810791015625	2.6020852139652106e-18	False	1332264.0	40066.0	368.8359056	3159289856.0	world_g05_n201.mat	6060595664A0B941AE9D1C3823FC0197033B5D1DBAF0F7A1484654A1F8058FDD	59B22764181C475D824B3847F1FC4F2E3EA726C62618AB02D8691B028031CC55	AE9B0EEE540CC07AA3D3FE45D445B0C71815E95D7D461C6AB615903532705D09
G05	5	201	91205201	R2	3.2654140348111795	13.7691019113286	0.00224	-0.0010335899889573888	0.62548828125	0	-0.005679999999999999	0.003590000000000003	False	0.0022400000000000024	0.143798828125	2.6020852139652106e-18	True	1332264.0	40066.0	368.8359056	3159289856.0	world_g05_n201.mat	6060595664A0B941AE9D1C3823FC0197033B5D1DBAF0F7A1484654A1F8058FDD	59B22764181C475D824B3847F1FC4F2E3EA726C62618AB02D8691B028031CC55	AE9B0EEE540CC07AA3D3FE45D445B0C71815E95D7D461C6AB615903532705D09
G05	5	202	91205202	R1	3.2654140348111795	13.7691019113286	0.00224	-9.85406491847976e-05	0.941680908203125	0	-0.002919999999999999	0.0026700000000000022	False	0.0022400000000000024	0.09527587890625	2.6020852139652106e-18	True	1332264.0	40402.0	370.1235235	3158437888.0	world_g05_n202.mat	5770A6EF30EBF1D993C79BA69B94F132ACA4F2F3CAFB611C119F62E2DE16D20B	59B22764181C475D824B3847F1FC4F2E3EA726C62618AB02D8691B028031CC55	AE9B0EEE540CC07AA3D3FE45D445B0C71815E95D7D461C6AB615903532705D09
G05	5	202	91205202	R2	3.2654140348111795	13.7691019113286	0.00224	-0.0003797572280419632	0.82373046875	0	-0.0038699999999999984	0.00324	False	0.0022400000000000024	0.137451171875	2.6020852139652106e-18	True	1332264.0	40402.0	370.1235235	3158437888.0	world_g05_n202.mat	5770A6EF30EBF1D993C79BA69B94F132ACA4F2F3CAFB611C119F62E2DE16D20B	59B22764181C475D824B3847F1FC4F2E3EA726C62618AB02D8691B028031CC55	AE9B0EEE540CC07AA3D3FE45D445B0C71815E95D7D461C6AB615903532705D09
G05	5	203	91205203	R1	3.2654140348111795	13.7691019113286	0.00224	-0.000819979372628836	0.5938720703125	0	-0.00409	0.002480000000000003	False	0.0022400000000000024	0.06494140625	2.6020852139652106e-18	True	1332264.0	40293.0	369.9811164	3159437312.0	world_g05_n203.mat	6030C8D6300D567E62839D72FD6C88D3E27FB91C9891484DB0396C94F11E439C	59B22764181C475D824B3847F1FC4F2E3EA726C62618AB02D8691B028031CC55	AE9B0EEE540CC07AA3D3FE45D445B0C71815E95D7D461C6AB615903532705D09
G05	5	203	91205203	R2	3.2654140348111795	13.7691019113286	0.00224	0.0011716698586953357	0.554931640625	0	-0.0027100000000000006	0.005290000000000003	False	0.0022400000000000024	0.587646484375	2.6020852139652106e-18	True	1332264.0	40293.0	369.9811164	3159437312.0	world_g05_n203.mat	6030C8D6300D567E62839D72FD6C88D3E27FB91C9891484DB0396C94F11E439C	59B22764181C475D824B3847F1FC4F2E3EA726C62618AB02D8691B028031CC55	AE9B0EEE540CC07AA3D3FE45D445B0C71815E95D7D461C6AB615903532705D09
G05	5	204	91205204	R1	3.2654140348111795	13.7691019113286	0.00224	-0.002061069977347935	0.2261962890625	0	-0.00554	0.00136	False	0.0022400000000000024	0.01739501953125	2.6020852139652106e-18	False	1332264.0	39947.0	368.888022	3157266432.0	world_g05_n204.mat	E8335D62A63BF5D53B294AA3B205AD495068EBA78BF3CA3C230F6EB245A5D075	59B22764181C475D824B3847F1FC4F2E3EA726C62618AB02D8691B028031CC55	AE9B0EEE540CC07AA3D3FE45D445B0C71815E95D7D461C6AB615903532705D09
G05	5	204	91205204	R2	3.2654140348111795	13.7691019113286	0.00224	0.0015603204319729566	0.4248046875	0	-0.0026099999999999977	0.005760000000000001	False	0.0022400000000000024	0.725830078125	2.6020852139652106e-18	True	1332264.0	39947.0	368.888022	3157266432.0	world_g05_n204.mat	E8335D62A63BF5D53B294AA3B205AD495068EBA78BF3CA3C230F6EB245A5D075	59B22764181C475D824B3847F1FC4F2E3EA726C62618AB02D8691B028031CC55	AE9B0EEE540CC07AA3D3FE45D445B0C71815E95D7D461C6AB615903532705D09
G05	5	205	91205205	R1	3.2654140348111795	13.7691019113286	0.00224	-0.0016854167465204866	0.233551025390625	0	-0.004569999999999999	0.0011999999999999997	False	0.0022400000000000024	0.01177978515625	2.6020852139652106e-18	False	1332264.0	40008.0	371.4727577	3158343680.0	world_g05_n205.mat	726906A70D667CA63619DB6BB4463CFF99552157730A54E8FD16ACEFB7A889C3	59B22764181C475D824B3847F1FC4F2E3EA726C62618AB02D8691B028031CC55	AE9B0EEE540CC07AA3D3FE45D445B0C71815E95D7D461C6AB615903532705D09
G05	5	205	91205205	R2	3.2654140348111795	13.7691019113286	0.00224	-0.0026862188998610518	0.293212890625	0	-0.00813	0.0026900000000000014	False	0.0022400000000000024	0.0712890625	2.6020852139652106e-18	True	1332264.0	40008.0	371.4727577	3158343680.0	world_g05_n205.mat	726906A70D667CA63619DB6BB4463CFF99552157730A54E8FD16ACEFB7A889C3	59B22764181C475D824B3847F1FC4F2E3EA726C62618AB02D8691B028031CC55	AE9B0EEE540CC07AA3D3FE45D445B0C71815E95D7D461C6AB615903532705D09
G05	5	206	91205206	R1	3.2654140348111795	13.7691019113286	0.00224	0.001589995531550613	0.126495361328125	0	-0.0004599999999999986	0.0036900000000000023	False	0.0022400000000000024	0.522430419921875	2.6020852139652106e-18	True	1332264.0	40461.0	372.1018309	3157262336.0	world_g05_n206.mat	74A3749FF8766CE9E07E18020C0E6F68CFF0D2195EC3D322C6D97929793E601E	59B22764181C475D824B3847F1FC4F2E3EA726C62618AB02D8691B028031CC55	AE9B0EEE540CC07AA3D3FE45D445B0C71815E95D7D461C6AB615903532705D09
G05	5	206	91205206	R2	3.2654140348111795	13.7691019113286	0.00224	-0.0024766454770305093	0.211181640625	0	-0.0066	0.001630000000000003	False	0.0022400000000000024	0.0283203125	2.6020852139652106e-18	False	1332264.0	40461.0	372.1018309	3157262336.0	world_g05_n206.mat	74A3749FF8766CE9E07E18020C0E6F68CFF0D2195EC3D322C6D97929793E601E	59B22764181C475D824B3847F1FC4F2E3EA726C62618AB02D8691B028031CC55	AE9B0EEE540CC07AA3D3FE45D445B0C71815E95D7D461C6AB615903532705D09
G05	5	207	91205207	R1	3.2654140348111795	13.7691019113286	0.00224	0.0007833564233182145	0.747711181640625	0	-0.00349	0.005370000000000003	False	0.0022400000000000024	0.52166748046875	2.6020852139652106e-18	True	1332264.0	40016.0	369.5927628	3158188032.0	world_g05_n207.mat	E5B2AF59420513F1C431A07C41ABA2C7665BB693D361A8D515049580FB30C678	59B22764181C475D824B3847F1FC4F2E3EA726C62618AB02D8691B028031CC55	AE9B0EEE540CC07AA3D3FE45D445B0C71815E95D7D461C6AB615903532705D09
G05	5	207	91205207	R2	3.2654140348111795	13.7691019113286	0.00224	-0.00316452144463301	0.114501953125	0	-0.007269999999999999	0.0008500000000000001	False	0.0022400000000000024	0.013916015625	2.6020852139652106e-18	False	1332264.0	40016.0	369.5927628	3158188032.0	world_g05_n207.mat	E5B2AF59420513F1C431A07C41ABA2C7665BB693D361A8D515049580FB30C678	59B22764181C475D824B3847F1FC4F2E3EA726C62618AB02D8691B028031CC55	AE9B0EEE540CC07AA3D3FE45D445B0C71815E95D7D461C6AB615903532705D09
G05	5	208	91205208	R1	3.2654140348111795	13.7691019113286	0.00224	-0.0010620499444924396	0.41094970703125	0	-0.0036699999999999997	0.0014700000000000026	False	0.0022400000000000024	0.01239013671875	2.6020852139652106e-18	False	1332264.0	39935.0	340.7877365	3156414464.0	world_g05_n208.mat	CDEE6089B1DEC46FFA34BD4E6386E0F888FA9E8DF349C1A9FCB5D9611475DD22	59B22764181C475D824B3847F1FC4F2E3EA726C62618AB02D8691B028031CC55	AE9B0EEE540CC07AA3D3FE45D445B0C71815E95D7D461C6AB615903532705D09
G05	5	208	91205208	R2	3.2654140348111795	13.7691019113286	0.00224	0.00036089706965724443	0.8818359375	0	-0.00477	0.005290000000000003	False	0.0022400000000000024	0.4521484375	2.6020852139652106e-18	True	1332264.0	39935.0	340.7877365	3156414464.0	world_g05_n208.mat	CDEE6089B1DEC46FFA34BD4E6386E0F888FA9E8DF349C1A9FCB5D9611475DD22	59B22764181C475D824B3847F1FC4F2E3EA726C62618AB02D8691B028031CC55	AE9B0EEE540CC07AA3D3FE45D445B0C71815E95D7D461C6AB615903532705D09
G05	5	209	91205209	R1	3.2654140348111795	13.7691019113286	0.00224	-0.0009094972474114553	0.410980224609375	0	-0.0031299999999999974	0.0012500000000000011	False	0.0022400000000000024	0.006683349609375	2.6020852139652106e-18	False	1332264.0	40147.0	338.23207	3154677760.0	world_g05_n209.mat	EC5FD0CCACA8AFD9BE465536422EFD47EE3AC0F98948577C1AD3572959D901A9	59B22764181C475D824B3847F1FC4F2E3EA726C62618AB02D8691B028031CC55	AE9B0EEE540CC07AA3D3FE45D445B0C71815E95D7D461C6AB615903532705D09
G05	5	209	91205209	R2	3.2654140348111795	13.7691019113286	0.00224	-0.00035374456158188757	0.870361328125	0	-0.00482	0.003870000000000002	False	0.0022400000000000024	0.230712890625	2.6020852139652106e-18	True	1332264.0	40147.0	338.23207	3154677760.0	world_g05_n209.mat	EC5FD0CCACA8AFD9BE465536422EFD47EE3AC0F98948577C1AD3572959D901A9	59B22764181C475D824B3847F1FC4F2E3EA726C62618AB02D8691B028031CC55	AE9B0EEE540CC07AA3D3FE45D445B0C71815E95D7D461C6AB615903532705D09
G05	5	210	91205210	R1	3.2654140348111795	13.7691019113286	0.00224	-0.0005416258271874453	0.681793212890625	0	-0.003029999999999998	0.0017800000000000003	False	0.0022400000000000024	0.018096923828125	2.6020852139652106e-18	False	1332264.0	39747.0	335.8701265	3155021824.0	world_g05_n210.mat	EF6BCCEF71B165C70D6CD09F596852EC4CB0CB8BD4597B10B6240FDAE043592A	59B22764181C475D824B3847F1FC4F2E3EA726C62618AB02D8691B028031CC55	AE9B0EEE540CC07AA3D3FE45D445B0C71815E95D7D461C6AB615903532705D09
G05	5	210	91205210	R2	3.2654140348111795	13.7691019113286	0.00224	-0.0003448946089608495	0.895751953125	0	-0.0060399999999999985	0.005260000000000001	False	0.0022400000000000024	0.33203125	2.6020852139652106e-18	True	1332264.0	39747.0	335.8701265	3155021824.0	world_g05_n210.mat	EF6BCCEF71B165C70D6CD09F596852EC4CB0CB8BD4597B10B6240FDAE043592A	59B22764181C475D824B3847F1FC4F2E3EA726C62618AB02D8691B028031CC55	AE9B0EEE540CC07AA3D3FE45D445B0C71815E95D7D461C6AB615903532705D09
G05	5	211	91205211	R1	3.2654140348111795	13.7691019113286	0.00224	0.00041331935455560503	0.576263427734375	0	-0.0011699999999999974	0.001990000000000002	False	0.0022400000000000024	0.0263671875	2.6020852139652106e-18	False	1332264.0	40251.0	341.2984464	3154518016.0	world_g05_n211.mat	F3C911E2CF192DC11FE7E64326510165019F1263BCDC29133F33A54A4B9DE49D	59B22764181C475D824B3847F1FC4F2E3EA726C62618AB02D8691B028031CC55	AE9B0EEE540CC07AA3D3FE45D445B0C71815E95D7D461C6AB615903532705D09
G05	5	211	91205211	R2	3.2654140348111795	13.7691019113286	0.00224	-0.0014913025054256155	0.3154296875	0	-0.00465	0.0015500000000000028	False	0.0022400000000000024	0.021728515625	2.6020852139652106e-18	False	1332264.0	40251.0	341.2984464	3154518016.0	world_g05_n211.mat	F3C911E2CF192DC11FE7E64326510165019F1263BCDC29133F33A54A4B9DE49D	59B22764181C475D824B3847F1FC4F2E3EA726C62618AB02D8691B028031CC55	AE9B0EEE540CC07AA3D3FE45D445B0C71815E95D7D461C6AB615903532705D09
G05	5	212	91205212	R1	3.2654140348111795	13.7691019113286	0.00224	0.0009521242693929039	0.605621337890625	0	-0.0029099999999999994	0.004710000000000002	False	0.0022400000000000024	0.493682861328125	2.6020852139652106e-18	True	1332264.0	40202.0	342.0202769	3154980864.0	world_g05_n212.mat	B434070E5AB4ADDD2E05328814AC306D027724D5B9195CE5F8B1DDB1B6B88D36	59B22764181C475D824B3847F1FC4F2E3EA726C62618AB02D8691B028031CC55	AE9B0EEE540CC07AA3D3FE45D445B0C71815E95D7D461C6AB615903532705D09
G05	5	212	91205212	R2	3.2654140348111795	13.7691019113286	0.00224	0.001628126013618219	0.50439453125	0	-0.0033399999999999992	0.00672	False	0.0022400000000000024	0.79931640625	2.6020852139652106e-18	True	1332264.0	40202.0	342.0202769	3154980864.0	world_g05_n212.mat	B434070E5AB4ADDD2E05328814AC306D027724D5B9195CE5F8B1DDB1B6B88D36	59B22764181C475D824B3847F1FC4F2E3EA726C62618AB02D8691B028031CC55	AE9B0EEE540CC07AA3D3FE45D445B0C71815E95D7D461C6AB615903532705D09
G05	5	213	91205213	R1	3.2654140348111795	13.7691019113286	0.00224	-0.0007278851834828052	0.648162841796875	0	-0.00383	0.00221	False	0.0022400000000000024	0.04779052734375	2.6020852139652106e-18	False	1332264.0	40047.0	343.3382465	3154149376.0	world_g05_n213.mat	7B8DAC3FBE83B2B680E265E9FACCAB80A27C070AC56F51E759014E3E389986E6	59B22764181C475D824B3847F1FC4F2E3EA726C62618AB02D8691B028031CC55	AE9B0EEE540CC07AA3D3FE45D445B0C71815E95D7D461C6AB615903532705D09
G05	5	213	91205213	R2	3.2654140348111795	13.7691019113286	0.00224	-0.00278085650889076	0.240234375	0	-0.00767	0.001170000000000001	False	0.0022400000000000024	0.01123046875	2.6020852139652106e-18	False	1332264.0	40047.0	343.3382465	3154149376.0	world_g05_n213.mat	7B8DAC3FBE83B2B680E265E9FACCAB80A27C070AC56F51E759014E3E389986E6	59B22764181C475D824B3847F1FC4F2E3EA726C62618AB02D8691B028031CC55	AE9B0EEE540CC07AA3D3FE45D445B0C71815E95D7D461C6AB615903532705D09
G05	5	214	91205214	R1	3.2654140348111795	13.7691019113286	0.00224	-0.0008118422983081754	0.59576416015625	0	-0.00408	0.0024600000000000004	False	0.0022400000000000024	0.0650634765625	2.6020852139652106e-18	True	1332264.0	40229.0	345.1599141	3140882432.0	world_g05_n214.mat	B70110005F64CC8626AC1DD3F572DDE1A3702A133246FBAD6CC7984E63D9A75F	59B22764181C475D824B3847F1FC4F2E3EA726C62618AB02D8691B028031CC55	AE9B0EEE540CC07AA3D3FE45D445B0C71815E95D7D461C6AB615903532705D09
G05	5	214	91205214	R2	3.2654140348111795	13.7691019113286	0.00224	0.0007979590868984696	0.61474609375	0	-0.0021599999999999987	0.003970000000000001	False	0.0022400000000000024	0.342529296875	2.6020852139652106e-18	True	1332264.0	40229.0	345.1599141	3140882432.0	world_g05_n214.mat	B70110005F64CC8626AC1DD3F572DDE1A3702A133246FBAD6CC7984E63D9A75F	59B22764181C475D824B3847F1FC4F2E3EA726C62618AB02D8691B028031CC55	AE9B0EEE540CC07AA3D3FE45D445B0C71815E95D7D461C6AB615903532705D09
G05	5	215	91205215	R1	3.2654140348111795	13.7691019113286	0.00224	0.0015252397457125213	0.325164794921875	0	-0.0015300000000000001	0.0046700000000000005	False	0.0022400000000000024	0.6363525390625	2.6020852139652106e-18	True	1332264.0	40035.0	367.399385	3172777984.0	world_g05_n215.mat	2F5605009907CC963884DA453D15D704D766E790751DC8D3E616407FAF3E9910	59B22764181C475D824B3847F1FC4F2E3EA726C62618AB02D8691B028031CC55	AE9B0EEE540CC07AA3D3FE45D445B0C71815E95D7D461C6AB615903532705D09
G05	5	215	91205215	R2	3.2654140348111795	13.7691019113286	0.00224	0.0008336007955007207	0.66796875	0	-0.0035099999999999992	0.0051	False	0.0022400000000000024	0.4755859375	2.6020852139652106e-18	True	1332264.0	40035.0	367.399385	3172777984.0	world_g05_n215.mat	2F5605009907CC963884DA453D15D704D766E790751DC8D3E616407FAF3E9910	59B22764181C475D824B3847F1FC4F2E3EA726C62618AB02D8691B028031CC55	AE9B0EEE540CC07AA3D3FE45D445B0C71815E95D7D461C6AB615903532705D09
G05	5	216	91205216	R1	3.2654140348111795	13.7691019113286	0.00224	-4.502912728132684e-05	0.978912353515625	0	-0.0036799999999999992	0.0036000000000000025	False	0.0022400000000000024	0.194671630859375	2.6020852139652106e-18	True	1332264.0	39850.0	367.4645707	3169894400.0	world_g05_n216.mat	253CB2D5F961039918CE43028740D34F3ABC0E209B2F0151F5B619C2245C6E58	59B22764181C475D824B3847F1FC4F2E3EA726C62618AB02D8691B028031CC55	AE9B0EEE540CC07AA3D3FE45D445B0C71815E95D7D461C6AB615903532705D09
G05	5	216	91205216	R2	3.2654140348111795	13.7691019113286	0.00224	-0.002561577158376283	0.236083984375	0	-0.006969999999999999	0.0017000000000000001	False	0.0022400000000000024	0.0283203125	2.6020852139652106e-18	False	1332264.0	39850.0	367.4645707	3169894400.0	world_g05_n216.mat	253CB2D5F961039918CE43028740D34F3ABC0E209B2F0151F5B619C2245C6E58	59B22764181C475D824B3847F1FC4F2E3EA726C62618AB02D8691B028031CC55	AE9B0EEE540CC07AA3D3FE45D445B0C71815E95D7D461C6AB615903532705D09
G05	5	217	91205217	R1	3.2654140348111795	13.7691019113286	0.00224	0.00021217289479329827	0.883758544921875	0	-0.0028499999999999984	0.003160000000000003	False	0.0022400000000000024	0.18878173828125	2.6020852139652106e-18	True	1332264.0	40432.0	371.5235074	3169894400.0	world_g05_n217.mat	8C730CEC78F4782144D0FDE534EF11A40BC197F45E135BA219107888C3E0021A	59B22764181C475D824B3847F1FC4F2E3EA726C62618AB02D8691B028031CC55	AE9B0EEE540CC07AA3D3FE45D445B0C71815E95D7D461C6AB615903532705D09
G05	5	217	91205217	R2	3.2654140348111795	13.7691019113286	0.00224	-4.488191210585768e-05	0.982421875	0	-0.004189999999999999	0.004040000000000002	False	0.0022400000000000024	0.247802734375	2.6020852139652106e-18	True	1332264.0	40432.0	371.5235074	3169894400.0	world_g05_n217.mat	8C730CEC78F4782144D0FDE534EF11A40BC197F45E135BA219107888C3E0021A	59B22764181C475D824B3847F1FC4F2E3EA726C62618AB02D8691B028031CC55	AE9B0EEE540CC07AA3D3FE45D445B0C71815E95D7D461C6AB615903532705D09
G05	5	218	91205218	R1	3.2654140348111795	13.7691019113286	0.00224	-0.0004030846347498584	0.8275146484375	0	-0.00425	0.003210000000000001	False	0.0022400000000000024	0.17913818359375	2.6020852139652106e-18	True	1332264.0	39984.0	373.4921322	3169890304.0	world_g05_n218.mat	3184C308EE39D73EF3F5E5245F8BEA530D4513B1EA7095E4BDEAEE6AAF081380	59B22764181C475D824B3847F1FC4F2E3EA726C62618AB02D8691B028031CC55	AE9B0EEE540CC07AA3D3FE45D445B0C71815E95D7D461C6AB615903532705D09
G05	5	218	91205218	R2	3.2654140348111795	13.7691019113286	0.00224	0.0006787984867468844	0.6630859375	0	-0.002489999999999999	0.003950000000000002	False	0.0022400000000000024	0.31298828125	2.6020852139652106e-18	True	1332264.0	39984.0	373.4921322	3169890304.0	world_g05_n218.mat	3184C308EE39D73EF3F5E5245F8BEA530D4513B1EA7095E4BDEAEE6AAF081380	59B22764181C475D824B3847F1FC4F2E3EA726C62618AB02D8691B028031CC55	AE9B0EEE540CC07AA3D3FE45D445B0C71815E95D7D461C6AB615903532705D09
G05	5	219	91205219	R1	3.2654140348111795	13.7691019113286	0.00224	0.0024242171094993508	0.3184814453125	0	-0.0020300000000000006	0.007180000000000002	False	0.0022400000000000024	0.93450927734375	2.6020852139652106e-18	True	1332264.0	40339.0	374.2077654	3169878016.0	world_g05_n219.mat	542E9DE47593A580D144E7E9E8D99749D369D80AAC8DF37BE04F7A0758EC47A0	59B22764181C475D824B3847F1FC4F2E3EA726C62618AB02D8691B028031CC55	AE9B0EEE540CC07AA3D3FE45D445B0C71815E95D7D461C6AB615903532705D09
G05	5	219	91205219	R2	3.2654140348111795	13.7691019113286	0.00224	-0.0018696488212839328	0.049560546875	1	-0.0036799999999999992	-9.999999999999593e-06	False	0.0022400000000000024	0.00146484375	2.6020852139652106e-18	False	1332264.0	40339.0	374.2077654	3169878016.0	world_g05_n219.mat	542E9DE47593A580D144E7E9E8D99749D369D80AAC8DF37BE04F7A0758EC47A0	59B22764181C475D824B3847F1FC4F2E3EA726C62618AB02D8691B028031CC55	AE9B0EEE540CC07AA3D3FE45D445B0C71815E95D7D461C6AB615903532705D09
G05	5	220	91205220	R1	3.2654140348111795	13.7691019113286	0.00224	-0.0026590021524383156	0.1009521484375	0	-0.0059299999999999995	0.0005900000000000002	False	0.0022400000000000024	0.00616455078125	2.6020852139652106e-18	False	1332264.0	40139.0	375.468562	3168919552.0	world_g05_n220.mat	C6C103123C989B6DC885D70FCF803FB14A5133CF8919EB03942C8417B714770C	59B22764181C475D824B3847F1FC4F2E3EA726C62618AB02D8691B028031CC55	AE9B0EEE540CC07AA3D3FE45D445B0C71815E95D7D461C6AB615903532705D09
G05	5	220	91205220	R2	3.2654140348111795	13.7691019113286	0.00224	0.0009434858600643696	0.602294921875	0	-0.002829999999999999	0.004540000000000002	False	0.0022400000000000024	0.48828125	2.6020852139652106e-18	True	1332264.0	40139.0	375.468562	3168919552.0	world_g05_n220.mat	C6C103123C989B6DC885D70FCF803FB14A5133CF8919EB03942C8417B714770C	59B22764181C475D824B3847F1FC4F2E3EA726C62618AB02D8691B028031CC55	AE9B0EEE540CC07AA3D3FE45D445B0C71815E95D7D461C6AB615903532705D09
G05	5	221	91205221	R1	3.2654140348111795	13.7691019113286	0.00224	-0.0013164436522263693	0.354095458984375	0	-0.004289999999999999	0.0016600000000000018	False	0.0022400000000000024	0.02337646484375	2.6020852139652106e-18	False	1332264.0	40196.0	374.8479087	3168919552.0	world_g05_n221.mat	DCE1C14A120B96FE8ECE205F94F04705E820219F1E318EEFC6D03494434D37B3	59B22764181C475D824B3847F1FC4F2E3EA726C62618AB02D8691B028031CC55	AE9B0EEE540CC07AA3D3FE45D445B0C71815E95D7D461C6AB615903532705D09
G05	5	221	91205221	R2	3.2654140348111795	13.7691019113286	0.00224	0.0007165153529205738	0.45068359375	0	-0.0013099999999999987	0.002650000000000003	False	0.0022400000000000024	0.12353515625	2.6020852139652106e-18	True	1332264.0	40196.0	374.8479087	3168919552.0	world_g05_n221.mat	DCE1C14A120B96FE8ECE205F94F04705E820219F1E318EEFC6D03494434D37B3	59B22764181C475D824B3847F1FC4F2E3EA726C62618AB02D8691B028031CC55	AE9B0EEE540CC07AA3D3FE45D445B0C71815E95D7D461C6AB615903532705D09
G05	5	222	91205222	R1	3.2654140348111795	13.7691019113286	0.00224	-0.001596083732812424	0.267669677734375	0	-0.004579999999999999	0.0014200000000000011	False	0.0022400000000000024	0.017822265625	2.6020852139652106e-18	False	1332264.0	40152.0	368.0175728	3168890880.0	world_g05_n222.mat	4052037795A418AE6EE932AB159CC6BEA1F7FB7F2B154B9AB858C29321BA5514	59B22764181C475D824B3847F1FC4F2E3EA726C62618AB02D8691B028031CC55	AE9B0EEE540CC07AA3D3FE45D445B0C71815E95D7D461C6AB615903532705D09
G05	5	222	91205222	R2	3.2654140348111795	13.7691019113286	0.00224	0.0018867571150860242	0.251220703125	0	-0.0014599999999999995	0.00528	False	0.0022400000000000024	0.815185546875	2.6020852139652106e-18	True	1332264.0	40152.0	368.0175728	3168890880.0	world_g05_n222.mat	4052037795A418AE6EE932AB159CC6BEA1F7FB7F2B154B9AB858C29321BA5514	59B22764181C475D824B3847F1FC4F2E3EA726C62618AB02D8691B028031CC55	AE9B0EEE540CC07AA3D3FE45D445B0C71815E95D7D461C6AB615903532705D09
G05	5	223	91205223	R1	3.2654140348111795	13.7691019113286	0.00224	-0.0012780633682600222	0.44287109375	0	-0.00473	0.0021100000000000008	False	0.0022400000000000024	0.04266357421875	2.6020852139652106e-18	False	1332264.0	39928.0	369.5957627	3166863360.0	world_g05_n223.mat	04B9F21B88AD4C46F5CC52372ECD2702EE348A14A936613AAB11DD28BA5B5B55	59B22764181C475D824B3847F1FC4F2E3EA726C62618AB02D8691B028031CC55	AE9B0EEE540CC07AA3D3FE45D445B0C71815E95D7D461C6AB615903532705D09
G05	5	223	91205223	R2	3.2654140348111795	13.7691019113286	0.00224	0.001130913191965381	0.510009765625	0	-0.0023599999999999975	0.004640000000000002	False	0.0022400000000000024	0.535400390625	2.6020852139652106e-18	True	1332264.0	39928.0	369.5957627	3166863360.0	world_g05_n223.mat	04B9F21B88AD4C46F5CC52372ECD2702EE348A14A936613AAB11DD28BA5B5B55	59B22764181C475D824B3847F1FC4F2E3EA726C62618AB02D8691B028031CC55	AE9B0EEE540CC07AA3D3FE45D445B0C71815E95D7D461C6AB615903532705D09
G05	5	224	91205224	R1	3.2654140348111795	13.7691019113286	0.00224	0.0005463922925774195	0.79144287109375	0	-0.0038899999999999976	0.004950000000000003	False	0.0022400000000000024	0.421905517578125	2.6020852139652106e-18	True	1332264.0	40063.0	369.9844164	3167830016.0	world_g05_n224.mat	DAF8940F71711C60C8E9D478FC36E3C67FFED1E457EF9D8CDC7F264E26751929	59B22764181C475D824B3847F1FC4F2E3EA726C62618AB02D8691B028031CC55	AE9B0EEE540CC07AA3D3FE45D445B0C71815E95D7D461C6AB615903532705D09
G05	5	224	91205224	R2	3.2654140348111795	13.7691019113286	0.00224	0.001068013714705093	0.5234375	0	-0.0023099999999999996	0.004630000000000002	False	0.0022400000000000024	0.477783203125	2.6020852139652106e-18	True	1332264.0	40063.0	369.9844164	3167830016.0	world_g05_n224.mat	DAF8940F71711C60C8E9D478FC36E3C67FFED1E457EF9D8CDC7F264E26751929	59B22764181C475D824B3847F1FC4F2E3EA726C62618AB02D8691B028031CC55	AE9B0EEE540CC07AA3D3FE45D445B0C71815E95D7D461C6AB615903532705D09
G05	5	225	91205225	R1	3.2654140348111795	13.7691019113286	0.00224	0.0009145832258507556	0.56915283203125	0	-0.0023599999999999975	0.004230000000000001	False	0.0022400000000000024	0.40435791015625	2.6020852139652106e-18	True	1332264.0	39944.0	370.3405014	3166806016.0	world_g05_n225.mat	D1D3FC4625A789BDED8B6A20B673864A0869F3EA9D2A61C6708A4DED7FCF6584	59B22764181C475D824B3847F1FC4F2E3EA726C62618AB02D8691B028031CC55	AE9B0EEE540CC07AA3D3FE45D445B0C71815E95D7D461C6AB615903532705D09
G05	5	225	91205225	R2	3.2654140348111795	13.7691019113286	0.00224	-0.0009802813732287113	0.660400390625	0	-0.005639999999999999	0.0038800000000000015	False	0.0022400000000000024	0.162353515625	2.6020852139652106e-18	True	1332264.0	39944.0	370.3405014	3166806016.0	world_g05_n225.mat	D1D3FC4625A789BDED8B6A20B673864A0869F3EA9D2A61C6708A4DED7FCF6584	59B22764181C475D824B3847F1FC4F2E3EA726C62618AB02D8691B028031CC55	AE9B0EEE540CC07AA3D3FE45D445B0C71815E95D7D461C6AB615903532705D09
G05	5	226	91205226	R1	3.2654140348111795	13.7691019113286	0.00224	-0.0022304939515112956	0.16192626953125	0	-0.005479999999999999	0.0009900000000000013	False	0.0022400000000000024	0.0091552734375	2.6020852139652106e-18	False	1332264.0	40464.0	373.0150809	3167752192.0	world_g05_n226.mat	D07DD6749EC2EEC976AEE4CBD1CF4646939BA9759CD51C09B6227158C173538C	59B22764181C475D824B3847F1FC4F2E3EA726C62618AB02D8691B028031CC55	AE9B0EEE540CC07AA3D3FE45D445B0C71815E95D7D461C6AB615903532705D09
G05	5	226	91205226	R2	3.2654140348111795	13.7691019113286	0.00224	-0.0020729522968048575	0.185546875	0	-0.0053599999999999984	0.0012400000000000015	False	0.0022400000000000024	0.0166015625	2.6020852139652106e-18	False	1332264.0	40464.0	373.0150809	3167752192.0	world_g05_n226.mat	D07DD6749EC2EEC976AEE4CBD1CF4646939BA9759CD51C09B6227158C173538C	59B22764181C475D824B3847F1FC4F2E3EA726C62618AB02D8691B028031CC55	AE9B0EEE540CC07AA3D3FE45D445B0C71815E95D7D461C6AB615903532705D09
G05	5	227	91205227	R1	3.2654140348111795	13.7691019113286	0.00224	-0.0006484864715713436	0.6168212890625	0	-0.0034000000000000002	0.002160000000000002	False	0.0022400000000000024	0.044219970703125	2.6020852139652106e-18	False	1332264.0	40089.0	340.0351348	3165933568.0	world_g05_n227.mat	B72A44C18F223FD134E8B70A4BB0EAF888D687CB9F2B7366363015E3C449C3B2	59B22764181C475D824B3847F1FC4F2E3EA726C62618AB02D8691B028031CC55	AE9B0EEE540CC07AA3D3FE45D445B0C71815E95D7D461C6AB615903532705D09
G05	5	227	91205227	R2	3.2654140348111795	13.7691019113286	0.00224	-0.002192344041558433	0.2724609375	0	-0.006419999999999999	0.0019800000000000026	False	0.0022400000000000024	0.03857421875	2.6020852139652106e-18	False	1332264.0	40089.0	340.0351348	3165933568.0	world_g05_n227.mat	B72A44C18F223FD134E8B70A4BB0EAF888D687CB9F2B7366363015E3C449C3B2	59B22764181C475D824B3847F1FC4F2E3EA726C62618AB02D8691B028031CC55	AE9B0EEE540CC07AA3D3FE45D445B0C71815E95D7D461C6AB615903532705D09
G05	5	228	91205228	R1	3.2654140348111795	13.7691019113286	0.00224	0.001034727968470639	0.473907470703125	0	-0.0020300000000000006	0.00409	False	0.0022400000000000024	0.406890869140625	2.6020852139652106e-18	True	1332264.0	40132.0	341.2302721	3163963392.0	world_g05_n228.mat	EC7986A40023930A2B09C292538312BDD4248A965BCFD3D1681FC70EB72496A8	59B22764181C475D824B3847F1FC4F2E3EA726C62618AB02D8691B028031CC55	AE9B0EEE540CC07AA3D3FE45D445B0C71815E95D7D461C6AB615903532705D09
G05	5	228	91205228	R2	3.2654140348111795	13.7691019113286	0.00224	-0.0013021888069602607	0.34912109375	0	-0.0043199999999999975	0.0017200000000000028	False	0.0022400000000000024	0.027587890625	2.6020852139652106e-18	False	1332264.0	40132.0	341.2302721	3163963392.0	world_g05_n228.mat	EC7986A40023930A2B09C292538312BDD4248A965BCFD3D1681FC70EB72496A8	59B22764181C475D824B3847F1FC4F2E3EA726C62618AB02D8691B028031CC55	AE9B0EEE540CC07AA3D3FE45D445B0C71815E95D7D461C6AB615903532705D09
G05	5	229	91205229	R1	3.2654140348111795	13.7691019113286	0.00224	-0.0010620835319517482	0.612548828125	0	-0.00545	0.003250000000000003	False	0.0022400000000000024	0.130950927734375	2.6020852139652106e-18	True	1332264.0	40216.0	337.3709484	3162095616.0	world_g05_n229.mat	F60F8F4C681D095A00EC0A1FA309C0DC1DDAAFBD89DA76F7280A2402C4BBF457	59B22764181C475D824B3847F1FC4F2E3EA726C62618AB02D8691B028031CC55	AE9B0EEE540CC07AA3D3FE45D445B0C71815E95D7D461C6AB615903532705D09
G05	5	229	91205229	R2	3.2654140348111795	13.7691019113286	0.00224	-0.003424051874544145	0.132568359375	0	-0.008029999999999999	0.0006500000000000013	False	0.0022400000000000024	0.003173828125	2.6020852139652106e-18	False	1332264.0	40216.0	337.3709484	3162095616.0	world_g05_n229.mat	F60F8F4C681D095A00EC0A1FA309C0DC1DDAAFBD89DA76F7280A2402C4BBF457	59B22764181C475D824B3847F1FC4F2E3EA726C62618AB02D8691B028031CC55	AE9B0EEE540CC07AA3D3FE45D445B0C71815E95D7D461C6AB615903532705D09
G05	5	230	91205230	R1	3.2654140348111795	13.7691019113286	0.00224	-0.002475295838729983	0.17462158203125	0	-0.006199999999999999	0.0013000000000000025	False	0.0022400000000000024	0.019805908203125	2.6020852139652106e-18	False	1332264.0	40072.0	343.5552322	3163070464.0	world_g05_n230.mat	381553516FA4C10651155141C43CA41C04FBAAD9C20E4796225E5F029C96C15F	59B22764181C475D824B3847F1FC4F2E3EA726C62618AB02D8691B028031CC55	AE9B0EEE540CC07AA3D3FE45D445B0C71815E95D7D461C6AB615903532705D09
G05	5	230	91205230	R2	3.2654140348111795	13.7691019113286	0.00224	0.00214997965659651	0.433837890625	0	-0.00341	0.007930000000000003	False	0.0022400000000000024	0.98291015625	2.6020852139652106e-18	True	1332264.0	40072.0	343.5552322	3163070464.0	world_g05_n230.mat	381553516FA4C10651155141C43CA41C04FBAAD9C20E4796225E5F029C96C15F	59B22764181C475D824B3847F1FC4F2E3EA726C62618AB02D8691B028031CC55	AE9B0EEE540CC07AA3D3FE45D445B0C71815E95D7D461C6AB615903532705D09
G05	5	231	91205231	R1	3.2654140348111795	13.7691019113286	0.00224	0.00021833836220938108	0.896209716796875	0	-0.0033100000000000004	0.0037100000000000015	False	0.0022400000000000024	0.241790771484375	2.6020852139652106e-18	True	1332264.0	40152.0	342.3569331	3162075136.0	world_g05_n231.mat	415CAEA9967860E664425783EDD22FD7C1D69B631029228EA73256B6D616E4B1	59B22764181C475D824B3847F1FC4F2E3EA726C62618AB02D8691B028031CC55	AE9B0EEE540CC07AA3D3FE45D445B0C71815E95D7D461C6AB615903532705D09
G05	5	231	91205231	R2	3.2654140348111795	13.7691019113286	0.00224	-0.0009272166120924146	0.599853515625	0	-0.00452	0.0026700000000000022	False	0.0022400000000000024	0.07763671875	2.6020852139652106e-18	True	1332264.0	40152.0	342.3569331	3162075136.0	world_g05_n231.mat	415CAEA9967860E664425783EDD22FD7C1D69B631029228EA73256B6D616E4B1	59B22764181C475D824B3847F1FC4F2E3EA726C62618AB02D8691B028031CC55	AE9B0EEE540CC07AA3D3FE45D445B0C71815E95D7D461C6AB615903532705D09
G05	5	232	91205232	R1	3.2654140348111795	13.7691019113286	0.00224	-0.000517625441641001	0.777557373046875	0	-0.004139999999999998	0.0032600000000000025	False	0.0022400000000000024	0.137542724609375	2.6020852139652106e-18	True	1332264.0	40027.0	341.9579769	3161980928.0	world_g05_n232.mat	6ED1B5268F075E4E1A915353014D192E530E332B304C84D95766D3CFDA1F305C	59B22764181C475D824B3847F1FC4F2E3EA726C62618AB02D8691B028031CC55	AE9B0EEE540CC07AA3D3FE45D445B0C71815E95D7D461C6AB615903532705D09
G05	5	232	91205232	R2	3.2654140348111795	13.7691019113286	0.00224	0.00036922043986201445	0.787353515625	0	-0.0025699999999999994	0.00332	False	0.0022400000000000024	0.184326171875	2.6020852139652106e-18	True	1332264.0	40027.0	341.9579769	3161980928.0	world_g05_n232.mat	6ED1B5268F075E4E1A915353014D192E530E332B304C84D95766D3CFDA1F305C	59B22764181C475D824B3847F1FC4F2E3EA726C62618AB02D8691B028031CC55	AE9B0EEE540CC07AA3D3FE45D445B0C71815E95D7D461C6AB615903532705D09
G05	5	233	91205233	R1	3.2654140348111795	13.7691019113286	0.00224	-0.00043329285426418885	0.75421142578125	0	-0.003369999999999998	0.0024900000000000026	False	0.0022400000000000024	0.07049560546875	2.6020852139652106e-18	True	1332264.0	40031.0	343.1893829	3150659584.0	world_g05_n233.mat	CAE56274F3F6BE0A04BD07BBFE1A43F5521AEB06E3B5DA604683704340578EE8	59B22764181C475D824B3847F1FC4F2E3EA726C62618AB02D8691B028031CC55	AE9B0EEE540CC07AA3D3FE45D445B0C71815E95D7D461C6AB615903532705D09
G05	5	233	91205233	R2	3.2654140348111795	13.7691019113286	0.00224	0.0003562874060765628	0.851318359375	0	-0.0037599999999999995	0.004520000000000003	False	0.0022400000000000024	0.327392578125	2.6020852139652106e-18	True	1332264.0	40031.0	343.1893829	3150659584.0	world_g05_n233.mat	CAE56274F3F6BE0A04BD07BBFE1A43F5521AEB06E3B5DA604683704340578EE8	59B22764181C475D824B3847F1FC4F2E3EA726C62618AB02D8691B028031CC55	AE9B0EEE540CC07AA3D3FE45D445B0C71815E95D7D461C6AB615903532705D09
G05	5	234	91205234	R1	3.2654140348111795	13.7691019113286	0.00224	-0.002489221401585235	0.17034912109375	0	-0.006189999999999999	0.0012200000000000023	False	0.0022400000000000024	0.016357421875	2.6020852139652106e-18	False	1332264.0	40333.0	371.9767092	3173355520.0	world_g05_n234.mat	5FEF003A72E8C1961BC0535D0972E6F8799E4DEE99E86456EFE4EF1E4CA76D48	59B22764181C475D824B3847F1FC4F2E3EA726C62618AB02D8691B028031CC55	AE9B0EEE540CC07AA3D3FE45D445B0C71815E95D7D461C6AB615903532705D09
G05	5	234	91205234	R2	3.2654140348111795	13.7691019113286	0.00224	0.0015125927496054718	0.360595703125	0	-0.002069999999999999	0.005040000000000003	False	0.0022400000000000024	0.657470703125	2.6020852139652106e-18	True	1332264.0	40333.0	371.9767092	3173355520.0	world_g05_n234.mat	5FEF003A72E8C1961BC0535D0972E6F8799E4DEE99E86456EFE4EF1E4CA76D48	59B22764181C475D824B3847F1FC4F2E3EA726C62618AB02D8691B028031CC55	AE9B0EEE540CC07AA3D3FE45D445B0C71815E95D7D461C6AB615903532705D09
G05	5	235	91205235	R1	3.2654140348111795	13.7691019113286	0.00224	0.0012049521378021115	0.17474365234375	0	-0.0006099999999999994	0.003020000000000002	False	0.0022400000000000024	0.238067626953125	2.6020852139652106e-18	True	1332264.0	40197.0	371.723233	3172057088.0	world_g05_n235.mat	7FDD304E53D7BDC5B4D54588039AF2E97EB5506770FAE7246C1396E7F7492978	59B22764181C475D824B3847F1FC4F2E3EA726C62618AB02D8691B028031CC55	AE9B0EEE540CC07AA3D3FE45D445B0C71815E95D7D461C6AB615903532705D09
G05	5	235	91205235	R2	3.2654140348111795	13.7691019113286	0.00224	-0.004169148046952315	0.023681640625	1	-0.00783	-0.0006099999999999994	False	0.0022400000000000024	0.002197265625	2.6020852139652106e-18	False	1332264.0	40197.0	371.723233	3172057088.0	world_g05_n235.mat	7FDD304E53D7BDC5B4D54588039AF2E97EB5506770FAE7246C1396E7F7492978	59B22764181C475D824B3847F1FC4F2E3EA726C62618AB02D8691B028031CC55	AE9B0EEE540CC07AA3D3FE45D445B0C71815E95D7D461C6AB615903532705D09
G05	5	236	91205236	R1	3.2654140348111795	13.7691019113286	0.00224	-0.0032874763100213776	0.017608642578125	1	-0.005739999999999999	-0.0006899999999999996	False	0.0022400000000000024	0.0008544921875	2.6020852139652106e-18	False	1332264.0	40117.0	371.2833157	3172945920.0	world_g05_n236.mat	6F652548C7DCFAB8F8DDFBD4A5EB754CE705EB2EB92ACCE25AE53AEBD0023A12	59B22764181C475D824B3847F1FC4F2E3EA726C62618AB02D8691B028031CC55	AE9B0EEE540CC07AA3D3FE45D445B0C71815E95D7D461C6AB615903532705D09
G05	5	236	91205236	R2	3.2654140348111795	13.7691019113286	0.00224	0.0013979306540964863	0.409423828125	0	-0.0018600000000000005	0.004830000000000001	False	0.0022400000000000024	0.6025390625	2.6020852139652106e-18	True	1332264.0	40117.0	371.2833157	3172945920.0	world_g05_n236.mat	6F652548C7DCFAB8F8DDFBD4A5EB754CE705EB2EB92ACCE25AE53AEBD0023A12	59B22764181C475D824B3847F1FC4F2E3EA726C62618AB02D8691B028031CC55	AE9B0EEE540CC07AA3D3FE45D445B0C71815E95D7D461C6AB615903532705D09
G05	5	237	91205237	R1	3.2654140348111795	13.7691019113286	0.00224	-0.001017539269614218	0.52545166015625	0	-0.00425	0.002140000000000003	False	0.0022400000000000024	0.04315185546875	2.6020852139652106e-18	False	1332264.0	40197.0	369.7652193	3171172352.0	world_g05_n237.mat	306C759DBA244017FD497433C7AAF65AD98B14BD01E0669CC5B4AD3128F20858	59B22764181C475D824B3847F1FC4F2E3EA726C62618AB02D8691B028031CC55	AE9B0EEE540CC07AA3D3FE45D445B0C71815E95D7D461C6AB615903532705D09
G05	5	237	91205237	R2	3.2654140348111795	13.7691019113286	0.00224	-0.0008017539413276371	0.69091796875	0	-0.0051899999999999984	0.003500000000000003	False	0.0022400000000000024	0.156005859375	2.6020852139652106e-18	True	1332264.0	40197.0	369.7652193	3171172352.0	world_g05_n237.mat	306C759DBA244017FD497433C7AAF65AD98B14BD01E0669CC5B4AD3128F20858	59B22764181C475D824B3847F1FC4F2E3EA726C62618AB02D8691B028031CC55	AE9B0EEE540CC07AA3D3FE45D445B0C71815E95D7D461C6AB615903532705D09
G05	5	238	91205238	R1	3.2654140348111795	13.7691019113286	0.00224	0.001171218120605066	0.548126220703125	0	-0.0029099999999999994	0.005230000000000002	False	0.0022400000000000024	0.58477783203125	2.6020852139652106e-18	True	1332264.0	39995.0	372.0882335	3172954112.0	world_g05_n238.mat	E54907E762E87402FEE1953E4844653109C6CC22602E7E089E4828AF6F0F7A68	59B22764181C475D824B3847F1FC4F2E3EA726C62618AB02D8691B028031CC55	AE9B0EEE540CC07AA3D3FE45D445B0C71815E95D7D461C6AB615903532705D09
G05	5	238	91205238	R2	3.2654140348111795	13.7691019113286	0.00224	0.0013054260648948201	0.3828125	0	-0.0019999999999999983	0.004530000000000003	False	0.0022400000000000024	0.52099609375	2.6020852139652106e-18	True	1332264.0	39995.0	372.0882335	3172954112.0	world_g05_n238.mat	E54907E762E87402FEE1953E4844653109C6CC22602E7E089E4828AF6F0F7A68	59B22764181C475D824B3847F1FC4F2E3EA726C62618AB02D8691B028031CC55	AE9B0EEE540CC07AA3D3FE45D445B0C71815E95D7D461C6AB615903532705D09
G05	5	239	91205239	R1	3.2654140348111795	13.7691019113286	0.00224	-0.0015702975810234976	0.336822509765625	0	-0.0049499999999999995	0.00179	False	0.0022400000000000024	0.029083251953125	2.6020852139652106e-18	False	1332264.0	40240.0	371.8210494	3171139584.0	world_g05_n239.mat	A570B16ACF7629452D8E4B5C1FF508D8F0714F225D1B871119B6E1EFA3E837FF	59B22764181C475D824B3847F1FC4F2E3EA726C62618AB02D8691B028031CC55	AE9B0EEE540CC07AA3D3FE45D445B0C71815E95D7D461C6AB615903532705D09
G05	5	239	91205239	R2	3.2654140348111795	13.7691019113286	0.00224	0.0007104077976445298	0.5888671875	0	-0.0020599999999999993	0.0035200000000000023	False	0.0022400000000000024	0.260986328125	2.6020852139652106e-18	True	1332264.0	40240.0	371.8210494	3171139584.0	world_g05_n239.mat	A570B16ACF7629452D8E4B5C1FF508D8F0714F225D1B871119B6E1EFA3E837FF	59B22764181C475D824B3847F1FC4F2E3EA726C62618AB02D8691B028031CC55	AE9B0EEE540CC07AA3D3FE45D445B0C71815E95D7D461C6AB615903532705D09
G05	5	240	91205240	R1	3.2654140348111795	13.7691019113286	0.00224	-0.0010540529963036407	0.465789794921875	0	-0.0040399999999999985	0.0019000000000000024	False	0.0022400000000000024	0.0303955078125	2.6020852139652106e-18	False	1332264.0	40186.0	372.8809717	3172999168.0	world_g05_n240.mat	403E18FA73BAC72F9D32A683F4D2BC57C11B692249C866B27BC2B017F69CFEB4	59B22764181C475D824B3847F1FC4F2E3EA726C62618AB02D8691B028031CC55	AE9B0EEE540CC07AA3D3FE45D445B0C71815E95D7D461C6AB615903532705D09
G05	5	240	91205240	R2	3.2654140348111795	13.7691019113286	0.00224	0.0020709597096547055	0.3798828125	0	-0.0030799999999999994	0.007120000000000001	False	0.0022400000000000024	0.94287109375	2.6020852139652106e-18	True	1332264.0	40186.0	372.8809717	3172999168.0	world_g05_n240.mat	403E18FA73BAC72F9D32A683F4D2BC57C11B692249C866B27BC2B017F69CFEB4	59B22764181C475D824B3847F1FC4F2E3EA726C62618AB02D8691B028031CC55	AE9B0EEE540CC07AA3D3FE45D445B0C71815E95D7D461C6AB615903532705D09
G05	5	241	91205241	R1	3.2654140348111795	13.7691019113286	0.00224	-0.0031599622777369733	0.04534912109375	1	-0.006279999999999999	-8.000000000000021e-05	False	0.0022400000000000024	0.00146484375	2.6020852139652106e-18	False	1332264.0	40205.0	373.8543492	3171176448.0	world_g05_n241.mat	31EA5A3D9F15724BF282D07CBE7DC81BD868FED99FCF05B438E9836B2D7D67FC	59B22764181C475D824B3847F1FC4F2E3EA726C62618AB02D8691B028031CC55	AE9B0EEE540CC07AA3D3FE45D445B0C71815E95D7D461C6AB615903532705D09
G05	5	241	91205241	R2	3.2654140348111795	13.7691019113286	0.00224	0.000550788163521578	0.75146484375	0	-0.00315	0.004320000000000001	False	0.0022400000000000024	0.336181640625	2.6020852139652106e-18	True	1332264.0	40205.0	373.8543492	3171176448.0	world_g05_n241.mat	31EA5A3D9F15724BF282D07CBE7DC81BD868FED99FCF05B438E9836B2D7D67FC	59B22764181C475D824B3847F1FC4F2E3EA726C62618AB02D8691B028031CC55	AE9B0EEE540CC07AA3D3FE45D445B0C71815E95D7D461C6AB615903532705D09
G05	5	242	91205242	R1	3.2654140348111795	13.7691019113286	0.00224	-0.0009311086912339894	0.551971435546875	0	-0.004240000000000001	0.0024100000000000024	False	0.0022400000000000024	0.06024169921875	2.6020852139652106e-18	True	1332264.0	40123.0	373.7464649	3171921920.0	world_g05_n242.mat	084A06CCF4B7E5899C327ABAED2DC1B73C194254E0D6E26D98215B2CF0DB0990	59B22764181C475D824B3847F1FC4F2E3EA726C62618AB02D8691B028031CC55	AE9B0EEE540CC07AA3D3FE45D445B0C71815E95D7D461C6AB615903532705D09
G05	5	242	91205242	R2	3.2654140348111795	13.7691019113286	0.00224	-0.0012140954994915981	0.550537109375	0	-0.005609999999999999	0.003210000000000001	False	0.0022400000000000024	0.111083984375	2.6020852139652106e-18	True	1332264.0	40123.0	373.7464649	3171921920.0	world_g05_n242.mat	084A06CCF4B7E5899C327ABAED2DC1B73C194254E0D6E26D98215B2CF0DB0990	59B22764181C475D824B3847F1FC4F2E3EA726C62618AB02D8691B028031CC55	AE9B0EEE540CC07AA3D3FE45D445B0C71815E95D7D461C6AB615903532705D09
G05	5	243	91205243	R1	3.2654140348111795	13.7691019113286	0.00224	0.0036051925808784067	0.039337158203125	1	0.00019000000000000267	0.007120000000000001	False	0.0022400000000000024	0.4244384765625	2.6020852139652106e-18	True	1332264.0	40482.0	373.5347951	3170164736.0	world_g05_n243.mat	B5A7EA14FC5B45F5450C0B6716A15263489BC1EA257BC2F74BE14C87F7613377	59B22764181C475D824B3847F1FC4F2E3EA726C62618AB02D8691B028031CC55	AE9B0EEE540CC07AA3D3FE45D445B0C71815E95D7D461C6AB615903532705D09
G05	5	243	91205243	R2	3.2654140348111795	13.7691019113286	0.00224	-0.0016336599975528428	0.251220703125	0	-0.004659999999999999	0.0014100000000000015	False	0.0022400000000000024	0.020751953125	2.6020852139652106e-18	False	1332264.0	40482.0	373.5347951	3170164736.0	world_g05_n243.mat	B5A7EA14FC5B45F5450C0B6716A15263489BC1EA257BC2F74BE14C87F7613377	59B22764181C475D824B3847F1FC4F2E3EA726C62618AB02D8691B028031CC55	AE9B0EEE540CC07AA3D3FE45D445B0C71815E95D7D461C6AB615903532705D09
G05	5	244	91205244	R1	3.2654140348111795	13.7691019113286	0.00224	-0.0025703147494929197	0.11285400390625	0	-0.00583	0.0006700000000000005	False	0.0022400000000000024	0.004974365234375	2.6020852139652106e-18	False	1332264.0	40212.0	359.5335268	3171311616.0	world_g05_n244.mat	C19F25FE4D554884D1EB6CFA5E74FE425BDA21FC45F0D40C50E4C59867E32C0C	59B22764181C475D824B3847F1FC4F2E3EA726C62618AB02D8691B028031CC55	AE9B0EEE540CC07AA3D3FE45D445B0C71815E95D7D461C6AB615903532705D09
G05	5	244	91205244	R2	3.2654140348111795	13.7691019113286	0.00224	0.0004327745537625333	0.837890625	0	-0.004240000000000001	0.005050000000000002	False	0.0022400000000000024	0.406494140625	2.6020852139652106e-18	True	1332264.0	40212.0	359.5335268	3171311616.0	world_g05_n244.mat	C19F25FE4D554884D1EB6CFA5E74FE425BDA21FC45F0D40C50E4C59867E32C0C	59B22764181C475D824B3847F1FC4F2E3EA726C62618AB02D8691B028031CC55	AE9B0EEE540CC07AA3D3FE45D445B0C71815E95D7D461C6AB615903532705D09
G05	5	245	91205245	R1	3.2654140348111795	13.7691019113286	0.00224	-0.0018946467970770552	0.135955810546875	0	-0.004469999999999998	0.00068	False	0.0022400000000000024	0.00396728515625	2.6020852139652106e-18	False	1332264.0	40070.0	334.6019655	3170979840.0	world_g05_n245.mat	2F183166D19B71158004F1A0AABFF3FE4A9D52C0B7E413FD149C7E4B25C0195A	59B22764181C475D824B3847F1FC4F2E3EA726C62618AB02D8691B028031CC55	AE9B0EEE540CC07AA3D3FE45D445B0C71815E95D7D461C6AB615903532705D09
G05	5	245	91205245	R2	3.2654140348111795	13.7691019113286	0.00224	-0.0002743873197830892	0.911865234375	0	-0.00563	0.005060000000000002	False	0.0022400000000000024	0.32421875	2.6020852139652106e-18	True	1332264.0	40070.0	334.6019655	3170979840.0	world_g05_n245.mat	2F183166D19B71158004F1A0AABFF3FE4A9D52C0B7E413FD149C7E4B25C0195A	59B22764181C475D824B3847F1FC4F2E3EA726C62618AB02D8691B028031CC55	AE9B0EEE540CC07AA3D3FE45D445B0C71815E95D7D461C6AB615903532705D09
G05	5	246	91205246	R1	3.2654140348111795	13.7691019113286	0.00224	0.0005943294986547794	0.763397216796875	0	-0.0036500000000000005	0.00485	False	0.0022400000000000024	0.41107177734375	2.6020852139652106e-18	True	1332264.0	40479.0	334.3848411	3169484800.0	world_g05_n246.mat	232F3E5815A28D4E12BDAD9BBC6CD271E63264A456657CA4305D80136798D9BD	59B22764181C475D824B3847F1FC4F2E3EA726C62618AB02D8691B028031CC55	AE9B0EEE540CC07AA3D3FE45D445B0C71815E95D7D461C6AB615903532705D09
G05	5	246	91205246	R2	3.2654140348111795	13.7691019113286	0.00224	-0.0004339931425906481	0.740234375	0	-0.0030799999999999994	0.0022199999999999998	False	0.0022400000000000024	0.04931640625	2.6020852139652106e-18	False	1332264.0	40479.0	334.3848411	3169484800.0	world_g05_n246.mat	232F3E5815A28D4E12BDAD9BBC6CD271E63264A456657CA4305D80136798D9BD	59B22764181C475D824B3847F1FC4F2E3EA726C62618AB02D8691B028031CC55	AE9B0EEE540CC07AA3D3FE45D445B0C71815E95D7D461C6AB615903532705D09
G05	5	247	91205247	R1	3.2654140348111795	13.7691019113286	0.00224	0.0018029019120268032	0.255859375	0	-0.001469999999999999	0.005060000000000002	False	0.0022400000000000024	0.77850341796875	2.6020852139652106e-18	True	1332264.0	40280.0	334.609956	3165638656.0	world_g05_n247.mat	26E07B5CD1D494B296DC849D5DCA0295C355B8A4568E3581CA53C1EAD73C653D	59B22764181C475D824B3847F1FC4F2E3EA726C62618AB02D8691B028031CC55	AE9B0EEE540CC07AA3D3FE45D445B0C71815E95D7D461C6AB615903532705D09
G05	5	247	91205247	R2	3.2654140348111795	13.7691019113286	0.00224	-0.0022373764099934855	0.087890625	0	-0.004829999999999999	0.00040000000000000105	False	0.0022400000000000024	0.0029296875	2.6020852139652106e-18	False	1332264.0	40280.0	334.609956	3165638656.0	world_g05_n247.mat	26E07B5CD1D494B296DC849D5DCA0295C355B8A4568E3581CA53C1EAD73C653D	59B22764181C475D824B3847F1FC4F2E3EA726C62618AB02D8691B028031CC55	AE9B0EEE540CC07AA3D3FE45D445B0C71815E95D7D461C6AB615903532705D09
G05	5	248	91205248	R1	3.2654140348111795	13.7691019113286	0.00224	-0.0007323201671519859	0.673126220703125	0	-0.0043199999999999975	0.00289	False	0.0022400000000000024	0.099334716796875	2.6020852139652106e-18	True	1332264.0	40267.0	336.2301518	3166597120.0	world_g05_n248.mat	9824B403DBBDED60C04B68DF9F8D7458305210BA2AF361D059E25A4D534FF5CA	59B22764181C475D824B3847F1FC4F2E3EA726C62618AB02D8691B028031CC55	AE9B0EEE540CC07AA3D3FE45D445B0C71815E95D7D461C6AB615903532705D09
G05	5	248	91205248	R2	3.2654140348111795	13.7691019113286	0.00224	0.0001281835421920276	0.93115234375	0	-0.0029499999999999978	0.003210000000000001	False	0.0022400000000000024	0.15380859375	2.6020852139652106e-18	True	1332264.0	40267.0	336.2301518	3166597120.0	world_g05_n248.mat	9824B403DBBDED60C04B68DF9F8D7458305210BA2AF361D059E25A4D534FF5CA	59B22764181C475D824B3847F1FC4F2E3EA726C62618AB02D8691B028031CC55	AE9B0EEE540CC07AA3D3FE45D445B0C71815E95D7D461C6AB615903532705D09
G05	5	249	91205249	R1	3.2654140348111795	13.7691019113286	0.00224	-0.0027030801769428576	0.0489501953125	1	-0.005389999999999999	-1.9999999999999185e-05	False	0.0022400000000000024	0.001678466796875	2.6020852139652106e-18	False	1332264.0	40326.0	334.2296164	3164774400.0	world_g05_n249.mat	DD6F7471D05E7027FF616AED9649B50B69FA28027E5BB1F582A46CB7729F1175	59B22764181C475D824B3847F1FC4F2E3EA726C62618AB02D8691B028031CC55	AE9B0EEE540CC07AA3D3FE45D445B0C71815E95D7D461C6AB615903532705D09
G05	5	249	91205249	R2	3.2654140348111795	13.7691019113286	0.00224	0.001368594744672939	0.545166015625	0	-0.0034399999999999986	0.00587	False	0.0022400000000000024	0.718505859375	2.6020852139652106e-18	True	1332264.0	40326.0	334.2296164	3164774400.0	world_g05_n249.mat	DD6F7471D05E7027FF616AED9649B50B69FA28027E5BB1F582A46CB7729F1175	59B22764181C475D824B3847F1FC4F2E3EA726C62618AB02D8691B028031CC55	AE9B0EEE540CC07AA3D3FE45D445B0C71815E95D7D461C6AB615903532705D09
G05	5	250	91205250	R1	3.2654140348111795	13.7691019113286	0.00224	-0.001399002381796708	0.43060302734375	0	-0.00515	0.002360000000000001	False	0.0022400000000000024	0.056396484375	2.6020852139652106e-18	True	1332264.0	40280.0	337.3673693	3165638656.0	world_g05_n250.mat	233DA60A6E6207F41DF4C9336E5A5F73E41221E68556F4EDDD79CE78F49E967B	59B22764181C475D824B3847F1FC4F2E3EA726C62618AB02D8691B028031CC55	AE9B0EEE540CC07AA3D3FE45D445B0C71815E95D7D461C6AB615903532705D09
G05	5	250	91205250	R2	3.2654140348111795	13.7691019113286	0.00224	0.003700889767426883	0.017822265625	1	0.0007300000000000015	0.006670000000000002	False	0.0022400000000000024	0.291748046875	2.6020852139652106e-18	True	1332264.0	40280.0	337.3673693	3165638656.0	world_g05_n250.mat	233DA60A6E6207F41DF4C9336E5A5F73E41221E68556F4EDDD79CE78F49E967B	59B22764181C475D824B3847F1FC4F2E3EA726C62618AB02D8691B028031CC55	AE9B0EEE540CC07AA3D3FE45D445B0C71815E95D7D461C6AB615903532705D09
G05	5	251	91205251	R1	3.2654140348111795	13.7691019113286	0.00224	5.291675840362883e-05	0.969757080078125	0	-0.0029099999999999994	0.003040000000000001	False	0.0022400000000000024	0.13604736328125	2.6020852139652106e-18	True	1332264.0	40327.0	336.6399437	3164680192.0	world_g05_n251.mat	984552CD0AAEED60D55A1EC1B0CAB233561B7618EF44008FB9F6EEBA3B51FE0B	59B22764181C475D824B3847F1FC4F2E3EA726C62618AB02D8691B028031CC55	AE9B0EEE540CC07AA3D3FE45D445B0C71815E95D7D461C6AB615903532705D09
G05	5	251	91205251	R2	3.2654140348111795	13.7691019113286	0.00224	0.0002669735890871433	0.908203125	0	-0.00473	0.005330000000000001	False	0.0022400000000000024	0.403076171875	2.6020852139652106e-18	True	1332264.0	40327.0	336.6399437	3164680192.0	world_g05_n251.mat	984552CD0AAEED60D55A1EC1B0CAB233561B7618EF44008FB9F6EEBA3B51FE0B	59B22764181C475D824B3847F1FC4F2E3EA726C62618AB02D8691B028031CC55	AE9B0EEE540CC07AA3D3FE45D445B0C71815E95D7D461C6AB615903532705D09
G05	5	252	91205252	R1	3.2654140348111795	13.7691019113286	0.00224	-0.0004576939215649138	0.800506591796875	0	-0.004289999999999999	0.00341	False	0.0022400000000000024	0.154144287109375	2.6020852139652106e-18	True	1332264.0	39952.0	342.5053169	3154182144.0	world_g05_n252.mat	5580B21C18E83ED627E41926253A206D6235E7C3B2ABD6EA00A348C2B2BE2FBF	59B22764181C475D824B3847F1FC4F2E3EA726C62618AB02D8691B028031CC55	AE9B0EEE540CC07AA3D3FE45D445B0C71815E95D7D461C6AB615903532705D09
G05	5	252	91205252	R2	3.2654140348111795	13.7691019113286	0.00224	-0.0015509508676704235	0.39794921875	0	-0.00545	0.002190000000000001	False	0.0022400000000000024	0.0478515625	2.6020852139652106e-18	False	1332264.0	39952.0	342.5053169	3154182144.0	world_g05_n252.mat	5580B21C18E83ED627E41926253A206D6235E7C3B2ABD6EA00A348C2B2BE2FBF	59B22764181C475D824B3847F1FC4F2E3EA726C62618AB02D8691B028031CC55	AE9B0EEE540CC07AA3D3FE45D445B0C71815E95D7D461C6AB615903532705D09
G05	5	253	91205253	R1	3.2654140348111795	13.7691019113286	0.00224	0.0028048120198364487	0.1424560546875	0	-0.0009399999999999999	0.006700000000000001	False	0.0022400000000000024	0.773223876953125	2.6020852139652106e-18	True	1332264.0	39858.0	365.2925934	3166056448.0	world_g05_n253.mat	ABDD916383646F9AEF5D98EB393EB0137E247D316555F5287EE7551DFC46E32F	59B22764181C475D824B3847F1FC4F2E3EA726C62618AB02D8691B028031CC55	AE9B0EEE540CC07AA3D3FE45D445B0C71815E95D7D461C6AB615903532705D09
G05	5	253	91205253	R2	3.2654140348111795	13.7691019113286	0.00224	-0.0037769515700828695	0.0205078125	1	-0.006749999999999999	-0.0007399999999999976	False	0.0022400000000000024	0.001953125	2.6020852139652106e-18	False	1332264.0	39858.0	365.2925934	3166056448.0	world_g05_n253.mat	ABDD916383646F9AEF5D98EB393EB0137E247D316555F5287EE7551DFC46E32F	59B22764181C475D824B3847F1FC4F2E3EA726C62618AB02D8691B028031CC55	AE9B0EEE540CC07AA3D3FE45D445B0C71815E95D7D461C6AB615903532705D09
G05	5	254	91205254	R1	3.2654140348111795	13.7691019113286	0.00224	-0.0017902170034144445	0.16473388671875	0	-0.004419999999999999	0.0008300000000000009	False	0.0022400000000000024	0.005828857421875	2.6020852139652106e-18	False	1332264.0	40262.0	368.2157295	3164979200.0	world_g05_n254.mat	ED980A36B393A3C8E42CFAE2C1DE8CEA4860C12C6D2D51505F6B90C6B803000D	59B22764181C475D824B3847F1FC4F2E3EA726C62618AB02D8691B028031CC55	AE9B0EEE540CC07AA3D3FE45D445B0C71815E95D7D461C6AB615903532705D09
G05	5	254	91205254	R2	3.2654140348111795	13.7691019113286	0.00224	-0.0017834096135872781	0.384765625	0	-0.006119999999999999	0.0024900000000000026	False	0.0022400000000000024	0.060791015625	2.6020852139652106e-18	True	1332264.0	40262.0	368.2157295	3164979200.0	world_g05_n254.mat	ED980A36B393A3C8E42CFAE2C1DE8CEA4860C12C6D2D51505F6B90C6B803000D	59B22764181C475D824B3847F1FC4F2E3EA726C62618AB02D8691B028031CC55	AE9B0EEE540CC07AA3D3FE45D445B0C71815E95D7D461C6AB615903532705D09
G05	5	255	91205255	R1	3.2654140348111795	13.7691019113286	0.00224	0.0012187005742980638	0.409332275390625	0	-0.0018299999999999983	0.004290000000000002	False	0.0022400000000000024	0.48883056640625	2.6020852139652106e-18	True	1332264.0	39854.0	366.4315335	3164852224.0	world_g05_n255.mat	97BFE98706CFDB339FA9E39D9FD40C808F60678FE5B1A70DEF47EFAFA8364D89	59B22764181C475D824B3847F1FC4F2E3EA726C62618AB02D8691B028031CC55	AE9B0EEE540CC07AA3D3FE45D445B0C71815E95D7D461C6AB615903532705D09
G05	5	255	91205255	R2	3.2654140348111795	13.7691019113286	0.00224	-0.000961324549289482	0.394287109375	0	-0.0034000000000000002	0.00145	False	0.0022400000000000024	0.01416015625	2.6020852139652106e-18	False	1332264.0	39854.0	366.4315335	3164852224.0	world_g05_n255.mat	97BFE98706CFDB339FA9E39D9FD40C808F60678FE5B1A70DEF47EFAFA8364D89	59B22764181C475D824B3847F1FC4F2E3EA726C62618AB02D8691B028031CC55	AE9B0EEE540CC07AA3D3FE45D445B0C71815E95D7D461C6AB615903532705D09
G05	5	256	91205256	R1	3.2654140348111795	13.7691019113286	0.00224	0.0004936216872007857	0.581573486328125	0	-0.0013899999999999989	0.0023500000000000014	False	0.0022400000000000024	0.06573486328125	2.6020852139652106e-18	True	1332264.0	40156.0	366.9829702	3165032448.0	world_g05_n256.mat	BCA7E18AA210C2DAE54BA4DAF53ECDCD1BBA140ABDFA795CC58E0505679C48A9	59B22764181C475D824B3847F1FC4F2E3EA726C62618AB02D8691B028031CC55	AE9B0EEE540CC07AA3D3FE45D445B0C71815E95D7D461C6AB615903532705D09
G05	5	256	91205256	R2	3.2654140348111795	13.7691019113286	0.00224	0.000211891363683633	0.89794921875	0	-0.0033599999999999984	0.0036200000000000017	False	0.0022400000000000024	0.237060546875	2.6020852139652106e-18	True	1332264.0	40156.0	366.9829702	3165032448.0	world_g05_n256.mat	BCA7E18AA210C2DAE54BA4DAF53ECDCD1BBA140ABDFA795CC58E0505679C48A9	59B22764181C475D824B3847F1FC4F2E3EA726C62618AB02D8691B028031CC55	AE9B0EEE540CC07AA3D3FE45D445B0C71815E95D7D461C6AB615903532705D09
G05	5	257	91205257	R1	3.2654140348111795	13.7691019113286	0.00224	-0.0024730438481789033	0.05499267578125	0	-0.0049499999999999995	5.000000000000143e-05	False	0.0022400000000000024	0.00164794921875	2.6020852139652106e-18	False	1332264.0	40280.0	367.1072108	3164827648.0	world_g05_n257.mat	BF1411DEF40A3F0D4EC5FF74535C9EB62E5F9010DAB3498D9592E83B86D056B1	59B22764181C475D824B3847F1FC4F2E3EA726C62618AB02D8691B028031CC55	AE9B0EEE540CC07AA3D3FE45D445B0C71815E95D7D461C6AB615903532705D09
G05	5	257	91205257	R2	3.2654140348111795	13.7691019113286	0.00224	0.0009699757699708027	0.617919921875	0	-0.0032699999999999986	0.005250000000000001	False	0.0022400000000000024	0.51220703125	2.6020852139652106e-18	True	1332264.0	40280.0	367.1072108	3164827648.0	world_g05_n257.mat	BF1411DEF40A3F0D4EC5FF74535C9EB62E5F9010DAB3498D9592E83B86D056B1	59B22764181C475D824B3847F1FC4F2E3EA726C62618AB02D8691B028031CC55	AE9B0EEE540CC07AA3D3FE45D445B0C71815E95D7D461C6AB615903532705D09
G05	5	258	91205258	R1	3.2654140348111795	13.7691019113286	0.00224	-0.0005428392068173535	0.65576171875	0	-0.0031599999999999996	0.0020700000000000024	False	0.0022400000000000024	0.038970947265625	2.6020852139652106e-18	False	1332264.0	40085.0	368.3151608	3164942336.0	world_g05_n258.mat	28363215AFAA3F16FDD5161623E1E120A37404198FFCB8FA1575C75311654D1D	59B22764181C475D824B3847F1FC4F2E3EA726C62618AB02D8691B028031CC55	AE9B0EEE540CC07AA3D3FE45D445B0C71815E95D7D461C6AB615903532705D09
G05	5	258	91205258	R2	3.2654140348111795	13.7691019113286	0.00224	-0.001783290080671977	0.242919921875	0	-0.004919999999999999	0.0014100000000000015	False	0.0022400000000000024	0.017822265625	2.6020852139652106e-18	False	1332264.0	40085.0	368.3151608	3164942336.0	world_g05_n258.mat	28363215AFAA3F16FDD5161623E1E120A37404198FFCB8FA1575C75311654D1D	59B22764181C475D824B3847F1FC4F2E3EA726C62618AB02D8691B028031CC55	AE9B0EEE540CC07AA3D3FE45D445B0C71815E95D7D461C6AB615903532705D09
G05	5	259	91205259	R1	3.2654140348111795	13.7691019113286	0.00224	0.001037590073814916	0.586212158203125	0	-0.0027899999999999973	0.004610000000000003	False	0.0022400000000000024	0.552703857421875	2.6020852139652106e-18	True	1332264.0	40461.0	368.1377448	3164991488.0	world_g05_n259.mat	8BD6709AB2BF085FA0DF8BEC7A0081BEF45A464D797F54D50BBE20368B07701F	59B22764181C475D824B3847F1FC4F2E3EA726C62618AB02D8691B028031CC55	AE9B0EEE540CC07AA3D3FE45D445B0C71815E95D7D461C6AB615903532705D09
G05	5	259	91205259	R2	3.2654140348111795	13.7691019113286	0.00224	-0.0016023436555058996	0.22802734375	0	-0.0043199999999999975	0.0011500000000000017	False	0.0022400000000000024	0.009765625	2.6020852139652106e-18	False	1332264.0	40461.0	368.1377448	3164991488.0	world_g05_n259.mat	8BD6709AB2BF085FA0DF8BEC7A0081BEF45A464D797F54D50BBE20368B07701F	59B22764181C475D824B3847F1FC4F2E3EA726C62618AB02D8691B028031CC55	AE9B0EEE540CC07AA3D3FE45D445B0C71815E95D7D461C6AB615903532705D09
G05	5	260	91205260	R1	3.2654140348111795	13.7691019113286	0.00224	0.001038133226802285	0.524658203125	0	-0.0023899999999999998	0.00442	False	0.0022400000000000024	0.466644287109375	2.6020852139652106e-18	True	1332264.0	40138.0	367.3276524	3164893184.0	world_g05_n260.mat	2A7E0F14551B52CDCE954D6534EB7AC61EE852B0FE0C8614960E8EC982939B19	59B22764181C475D824B3847F1FC4F2E3EA726C62618AB02D8691B028031CC55	AE9B0EEE540CC07AA3D3FE45D445B0C71815E95D7D461C6AB615903532705D09
G05	5	260	91205260	R2	3.2654140348111795	13.7691019113286	0.00224	-0.002267540491267895	0.20166015625	0	-0.005909999999999999	0.0013500000000000005	False	0.0022400000000000024	0.02099609375	2.6020852139652106e-18	False	1332264.0	40138.0	367.3276524	3164893184.0	world_g05_n260.mat	2A7E0F14551B52CDCE954D6534EB7AC61EE852B0FE0C8614960E8EC982939B19	59B22764181C475D824B3847F1FC4F2E3EA726C62618AB02D8691B028031CC55	AE9B0EEE540CC07AA3D3FE45D445B0C71815E95D7D461C6AB615903532705D09
G05	5	261	91205261	R1	3.2654140348111795	13.7691019113286	0.00224	-0.0015678399849232427	0.224365234375	0	-0.004229999999999998	0.0011000000000000003	False	0.0022400000000000024	0.009002685546875	2.6020852139652106e-18	False	1332264.0	40198.0	369.5031492	3163672576.0	world_g05_n261.mat	00F6ED15BA4ECA9253B31E931D12F4E5B59B55E29EF750F5CE165BE6FAEFD4FD	59B22764181C475D824B3847F1FC4F2E3EA726C62618AB02D8691B028031CC55	AE9B0EEE540CC07AA3D3FE45D445B0C71815E95D7D461C6AB615903532705D09
G05	5	261	91205261	R2	3.2654140348111795	13.7691019113286	0.00224	0.0003838325669318837	0.771484375	0	-0.002489999999999999	0.0033100000000000004	False	0.0022400000000000024	0.18701171875	2.6020852139652106e-18	True	1332264.0	40198.0	369.5031492	3163672576.0	world_g05_n261.mat	00F6ED15BA4ECA9253B31E931D12F4E5B59B55E29EF750F5CE165BE6FAEFD4FD	59B22764181C475D824B3847F1FC4F2E3EA726C62618AB02D8691B028031CC55	AE9B0EEE540CC07AA3D3FE45D445B0C71815E95D7D461C6AB615903532705D09
G05	5	262	91205262	R1	3.2654140348111795	13.7691019113286	0.00224	0.0015154959003274987	0.24761962890625	0	-0.0011199999999999995	0.00417	False	0.0022400000000000024	0.5712890625	2.6020852139652106e-18	True	1332264.0	39817.0	369.2377403	3163848704.0	world_g05_n262.mat	C376E51117CCEF9EE8A1624F603D7FADD5578243C7296164A31611C60F5BD1C7	59B22764181C475D824B3847F1FC4F2E3EA726C62618AB02D8691B028031CC55	AE9B0EEE540CC07AA3D3FE45D445B0C71815E95D7D461C6AB615903532705D09
G05	5	262	91205262	R2	3.2654140348111795	13.7691019113286	0.00224	-0.0014444367129694629	0.42138671875	0	-0.004839999999999999	0.0016700000000000013	False	0.0022400000000000024	0.0185546875	2.6020852139652106e-18	False	1332264.0	39817.0	369.2377403	3163848704.0	world_g05_n262.mat	C376E51117CCEF9EE8A1624F603D7FADD5578243C7296164A31611C60F5BD1C7	59B22764181C475D824B3847F1FC4F2E3EA726C62618AB02D8691B028031CC55	AE9B0EEE540CC07AA3D3FE45D445B0C71815E95D7D461C6AB615903532705D09
G05	5	263	91205263	R1	3.2654140348111795	13.7691019113286	0.00224	0.0010408155952891024	0.4940185546875	0	-0.0021699999999999983	0.004240000000000001	False	0.0022400000000000024	0.4339599609375	2.6020852139652106e-18	True	1332264.0	40127.0	369.6606749	3163586560.0	world_g05_n263.mat	894040EF1CEAA2E9FFC37D1483F74BF7A20499EE0B4856756A8B8CE131B368C8	59B22764181C475D824B3847F1FC4F2E3EA726C62618AB02D8691B028031CC55	AE9B0EEE540CC07AA3D3FE45D445B0C71815E95D7D461C6AB615903532705D09
G05	5	263	91205263	R2	3.2654140348111795	13.7691019113286	0.00224	-0.004906983298862729	0.00634765625	1	-0.00793	-0.0018700000000000001	False	0.0022400000000000024	0.00146484375	2.6020852139652106e-18	False	1332264.0	40127.0	369.6606749	3163586560.0	world_g05_n263.mat	894040EF1CEAA2E9FFC37D1483F74BF7A20499EE0B4856756A8B8CE131B368C8	59B22764181C475D824B3847F1FC4F2E3EA726C62618AB02D8691B028031CC55	AE9B0EEE540CC07AA3D3FE45D445B0C71815E95D7D461C6AB615903532705D09
G05	5	264	91205264	R1	3.2654140348111795	13.7691019113286	0.00224	-0.002180195787817262	0.149505615234375	0	-0.005259999999999999	0.0008500000000000001	False	0.0022400000000000024	0.00738525390625	2.6020852139652106e-18	False	1332264.0	40512.0	366.5965393	3163734016.0	world_g05_n264.mat	4F70B7E13264AD88B0319231297C128BD27B8DFA5E5D7CEA793FD4AB50AB2327	59B22764181C475D824B3847F1FC4F2E3EA726C62618AB02D8691B028031CC55	AE9B0EEE540CC07AA3D3FE45D445B0C71815E95D7D461C6AB615903532705D09
G05	5	264	91205264	R2	3.2654140348111795	13.7691019113286	0.00224	-0.0010687851064986203	0.555908203125	0	-0.004929999999999999	0.002790000000000001	False	0.0022400000000000024	0.08642578125	2.6020852139652106e-18	True	1332264.0	40512.0	366.5965393	3163734016.0	world_g05_n264.mat	4F70B7E13264AD88B0319231297C128BD27B8DFA5E5D7CEA793FD4AB50AB2327	59B22764181C475D824B3847F1FC4F2E3EA726C62618AB02D8691B028031CC55	AE9B0EEE540CC07AA3D3FE45D445B0C71815E95D7D461C6AB615903532705D09
G05	5	265	91205265	R1	3.2654140348111795	13.7691019113286	0.00224	0.0005918089237413569	0.69921875	0	-0.0025400000000000006	0.0037700000000000025	False	0.0022400000000000024	0.280548095703125	2.6020852139652106e-18	True	1332264.0	39785.0	340.9698913	3162931200.0	world_g05_n265.mat	AFB96C6E18FD33B0629B565EE55347DD07504FB7DF9282954CCA6638192E75AC	59B22764181C475D824B3847F1FC4F2E3EA726C62618AB02D8691B028031CC55	AE9B0EEE540CC07AA3D3FE45D445B0C71815E95D7D461C6AB615903532705D09
G05	5	265	91205265	R2	3.2654140348111795	13.7691019113286	0.00224	-0.0019778981283858025	0.510009765625	0	-0.00821	0.003980000000000001	False	0.0022400000000000024	0.168212890625	2.6020852139652106e-18	True	1332264.0	39785.0	340.9698913	3162931200.0	world_g05_n265.mat	AFB96C6E18FD33B0629B565EE55347DD07504FB7DF9282954CCA6638192E75AC	59B22764181C475D824B3847F1FC4F2E3EA726C62618AB02D8691B028031CC55	AE9B0EEE540CC07AA3D3FE45D445B0C71815E95D7D461C6AB615903532705D09
G05	5	266	91205266	R1	3.2654140348111795	13.7691019113286	0.00224	-0.0001416211740482742	0.9310302734375	0	-0.0033900000000000007	0.0031800000000000023	False	0.0022400000000000024	0.148406982421875	2.6020852139652106e-18	True	1332264.0	39741.0	336.8820368	3161063424.0	world_g05_n266.mat	50ECC29ADD5025C764120C9429FFEAF771080C5145F5EBB26EAF8EF45BE9D238	59B22764181C475D824B3847F1FC4F2E3EA726C62618AB02D8691B028031CC55	AE9B0EEE540CC07AA3D3FE45D445B0C71815E95D7D461C6AB615903532705D09
G05	5	266	91205266	R2	3.2654140348111795	13.7691019113286	0.00224	-0.00010366312298921691	0.953125	0	-0.0034999999999999996	0.0036800000000000027	False	0.0022400000000000024	0.197998046875	2.6020852139652106e-18	True	1332264.0	39741.0	336.8820368	3161063424.0	world_g05_n266.mat	50ECC29ADD5025C764120C9429FFEAF771080C5145F5EBB26EAF8EF45BE9D238	59B22764181C475D824B3847F1FC4F2E3EA726C62618AB02D8691B028031CC55	AE9B0EEE540CC07AA3D3FE45D445B0C71815E95D7D461C6AB615903532705D09
G05	5	267	91205267	R1	3.2654140348111795	13.7691019113286	0.00224	-0.0021381328824175328	0.00982666015625	1	-0.0036699999999999997	-0.0006099999999999994	False	0.0022400000000000024	6.103515625e-05	2.6020852139652106e-18	False	1332264.0	40437.0	339.6942974	3161997312.0	world_g05_n267.mat	79B517A974B9C24C12B2F1581FE5573DE79DB94CFFE9ACD8EF131F3F6879FEB3	59B22764181C475D824B3847F1FC4F2E3EA726C62618AB02D8691B028031CC55	AE9B0EEE540CC07AA3D3FE45D445B0C71815E95D7D461C6AB615903532705D09
G05	5	267	91205267	R2	3.2654140348111795	13.7691019113286	0.00224	0.0013915205090092144	0.34228515625	0	-0.001729999999999999	0.004440000000000003	False	0.0022400000000000024	0.5625	2.6020852139652106e-18	True	1332264.0	40437.0	339.6942974	3161997312.0	world_g05_n267.mat	79B517A974B9C24C12B2F1581FE5573DE79DB94CFFE9ACD8EF131F3F6879FEB3	59B22764181C475D824B3847F1FC4F2E3EA726C62618AB02D8691B028031CC55	AE9B0EEE540CC07AA3D3FE45D445B0C71815E95D7D461C6AB615903532705D09
G05	5	268	91205268	R1	3.2654140348111795	13.7691019113286	0.00224	0.00011857283469002072	0.935028076171875	0	-0.002829999999999999	0.0031400000000000004	False	0.0022400000000000024	0.150848388671875	2.6020852139652106e-18	True	1332264.0	40330.0	342.6032759	3161997312.0	world_g05_n268.mat	61900B767A972C1CB46B544E7BB0617F895678F3189E4E57821E095B38511DA6	59B22764181C475D824B3847F1FC4F2E3EA726C62618AB02D8691B028031CC55	AE9B0EEE540CC07AA3D3FE45D445B0C71815E95D7D461C6AB615903532705D09
G05	5	268	91205268	R2	3.2654140348111795	13.7691019113286	0.00224	-0.0033319374503492905	0.040283203125	1	-0.006539999999999999	-0.0001799999999999996	False	0.0022400000000000024	0.0029296875	2.6020852139652106e-18	False	1332264.0	40330.0	342.6032759	3161997312.0	world_g05_n268.mat	61900B767A972C1CB46B544E7BB0617F895678F3189E4E57821E095B38511DA6	59B22764181C475D824B3847F1FC4F2E3EA726C62618AB02D8691B028031CC55	AE9B0EEE540CC07AA3D3FE45D445B0C71815E95D7D461C6AB615903532705D09
G05	5	269	91205269	R1	3.2654140348111795	13.7691019113286	0.00224	-0.00010839852024913425	0.9453125	0	-0.0031899999999999984	0.003100000000000002	False	0.0022400000000000024	0.136383056640625	2.6020852139652106e-18	True	1332264.0	39516.0	341.2792851	3161096192.0	world_g05_n269.mat	0C2E994B78F5B707E092C1E521061E4BAF1E51C84EF9098DB55794F7BC349C38	59B22764181C475D824B3847F1FC4F2E3EA726C62618AB02D8691B028031CC55	AE9B0EEE540CC07AA3D3FE45D445B0C71815E95D7D461C6AB615903532705D09
G05	5	269	91205269	R2	3.2654140348111795	13.7691019113286	0.00224	-0.001525306239346506	0.233642578125	0	-0.004189999999999999	0.0011099999999999999	False	0.0022400000000000024	0.007080078125	2.6020852139652106e-18	False	1332264.0	39516.0	341.2792851	3161096192.0	world_g05_n269.mat	0C2E994B78F5B707E092C1E521061E4BAF1E51C84EF9098DB55794F7BC349C38	59B22764181C475D824B3847F1FC4F2E3EA726C62618AB02D8691B028031CC55	AE9B0EEE540CC07AA3D3FE45D445B0C71815E95D7D461C6AB615903532705D09
G05	5	270	91205270	R1	3.2654140348111795	13.7691019113286	0.00224	-0.0003006950841686724	0.89849853515625	0	-0.005219999999999999	0.004720000000000002	False	0.0022400000000000024	0.28985595703125	2.6020852139652106e-18	True	1332264.0	40415.0	344.6354052	3160059904.0	world_g05_n270.mat	D5EE25985EED8F63A44A3FEEC6C00A2650ADD8F2B5E6DA1FFEEEB6316E390171	59B22764181C475D824B3847F1FC4F2E3EA726C62618AB02D8691B028031CC55	AE9B0EEE540CC07AA3D3FE45D445B0C71815E95D7D461C6AB615903532705D09
G05	5	270	91205270	R2	3.2654140348111795	13.7691019113286	0.00224	0.0008900360562538285	0.660400390625	0	-0.002599999999999998	0.004690000000000003	False	0.0022400000000000024	0.457763671875	2.6020852139652106e-18	True	1332264.0	40415.0	344.6354052	3160059904.0	world_g05_n270.mat	D5EE25985EED8F63A44A3FEEC6C00A2650ADD8F2B5E6DA1FFEEEB6316E390171	59B22764181C475D824B3847F1FC4F2E3EA726C62618AB02D8691B028031CC55	AE9B0EEE540CC07AA3D3FE45D445B0C71815E95D7D461C6AB615903532705D09
G05	5	271	91205271	R1	3.2654140348111795	13.7691019113286	0.00224	-0.0031122234815911813	0.060333251953125	0	-0.006409999999999999	0.00015000000000000083	False	0.0022400000000000024	0.00299072265625	2.6020852139652106e-18	False	1332264.0	39895.0	343.7052798	3147718656.0	world_g05_n271.mat	4F66A32BDF07777AF88250A57B2A330B19F8A753AEBAB5EFF833DD0E0C2BAE29	59B22764181C475D824B3847F1FC4F2E3EA726C62618AB02D8691B028031CC55	AE9B0EEE540CC07AA3D3FE45D445B0C71815E95D7D461C6AB615903532705D09
G05	5	271	91205271	R2	3.2654140348111795	13.7691019113286	0.00224	0.001823178048856604	0.12744140625	0	-0.0005499999999999984	0.004270000000000003	False	0.0022400000000000024	0.710693359375	2.6020852139652106e-18	True	1332264.0	39895.0	343.7052798	3147718656.0	world_g05_n271.mat	4F66A32BDF07777AF88250A57B2A330B19F8A753AEBAB5EFF833DD0E0C2BAE29	59B22764181C475D824B3847F1FC4F2E3EA726C62618AB02D8691B028031CC55	AE9B0EEE540CC07AA3D3FE45D445B0C71815E95D7D461C6AB615903532705D09
G05	5	272	91205272	R1	3.2654140348111795	13.7691019113286	0.00224	-0.000895789728498994	0.681854248046875	0	-0.00554	0.003780000000000002	False	0.0022400000000000024	0.168060302734375	2.6020852139652106e-18	True	1332264.0	40434.0	365.0909703	3173269504.0	world_g05_n272.mat	45A9812143B75D7599531C1794145F407AF4455E7815F4F402063A11B5A84F80	59B22764181C475D824B3847F1FC4F2E3EA726C62618AB02D8691B028031CC55	AE9B0EEE540CC07AA3D3FE45D445B0C71815E95D7D461C6AB615903532705D09
G05	5	272	91205272	R2	3.2654140348111795	13.7691019113286	0.00224	0.002053041521008513	0.31201171875	0	-0.0022699999999999977	0.0063500000000000015	False	0.0022400000000000024	0.924560546875	2.6020852139652106e-18	True	1332264.0	40434.0	365.0909703	3173269504.0	world_g05_n272.mat	45A9812143B75D7599531C1794145F407AF4455E7815F4F402063A11B5A84F80	59B22764181C475D824B3847F1FC4F2E3EA726C62618AB02D8691B028031CC55	AE9B0EEE540CC07AA3D3FE45D445B0C71815E95D7D461C6AB615903532705D09
G05	5	273	91205273	R1	3.2654140348111795	13.7691019113286	0.00224	0.0007456111730619233	0.55755615234375	0	-0.001919999999999998	0.003420000000000003	False	0.0022400000000000024	0.24932861328125	2.6020852139652106e-18	True	1332264.0	40084.0	363.9406919	3173126144.0	world_g05_n273.mat	1659D9C35DCD1DC8437C19081F85F7972C42BFD6FE144D4F13DFC8F48D06D990	59B22764181C475D824B3847F1FC4F2E3EA726C62618AB02D8691B028031CC55	AE9B0EEE540CC07AA3D3FE45D445B0C71815E95D7D461C6AB615903532705D09
G05	5	273	91205273	R2	3.2654140348111795	13.7691019113286	0.00224	0.002219040025392284	0.26513671875	0	-0.0019399999999999973	0.00613	False	0.0022400000000000024	0.991943359375	2.6020852139652106e-18	True	1332264.0	40084.0	363.9406919	3173126144.0	world_g05_n273.mat	1659D9C35DCD1DC8437C19081F85F7972C42BFD6FE144D4F13DFC8F48D06D990	59B22764181C475D824B3847F1FC4F2E3EA726C62618AB02D8691B028031CC55	AE9B0EEE540CC07AA3D3FE45D445B0C71815E95D7D461C6AB615903532705D09
G05	5	274	91205274	R1	3.2654140348111795	13.7691019113286	0.00224	-0.00023904737749558402	0.8529052734375	0	-0.0028800000000000006	0.0023200000000000026	False	0.0022400000000000024	0.057891845703125	2.6020852139652106e-18	True	1332264.0	40222.0	364.1057765	3173130240.0	world_g05_n274.mat	D0A5F7BD77BA1791D4ED1AE90A977FD27495DB87EB2417F9906CD678F9B35F31	59B22764181C475D824B3847F1FC4F2E3EA726C62618AB02D8691B028031CC55	AE9B0EEE540CC07AA3D3FE45D445B0C71815E95D7D461C6AB615903532705D09
G05	5	274	91205274	R2	3.2654140348111795	13.7691019113286	0.00224	-0.003985599734524863	0.031982421875	1	-0.007639999999999999	-0.0003999999999999976	False	0.0022400000000000024	0.0029296875	2.6020852139652106e-18	False	1332264.0	40222.0	364.1057765	3173130240.0	world_g05_n274.mat	D0A5F7BD77BA1791D4ED1AE90A977FD27495DB87EB2417F9906CD678F9B35F31	59B22764181C475D824B3847F1FC4F2E3EA726C62618AB02D8691B028031CC55	AE9B0EEE540CC07AA3D3FE45D445B0C71815E95D7D461C6AB615903532705D09
G05	5	275	91205275	R1	3.2654140348111795	13.7691019113286	0.00224	-0.00018596223589501068	0.890899658203125	0	-0.0031199999999999978	0.0027100000000000006	False	0.0022400000000000024	0.095245361328125	2.6020852139652106e-18	True	1332264.0	40136.0	364.8768145	3173228544.0	world_g05_n275.mat	E783CE8DA282F6357BF71C7410DAE7722BF9A82265FD5F858C63B4B76253E559	59B22764181C475D824B3847F1FC4F2E3EA726C62618AB02D8691B028031CC55	AE9B0EEE540CC07AA3D3FE45D445B0C71815E95D7D461C6AB615903532705D09
G05	5	275	91205275	R2	3.2654140348111795	13.7691019113286	0.00224	-0.0018073991002722327	0.182861328125	0	-0.0046	0.0009399999999999999	False	0.0022400000000000024	0.005126953125	2.6020852139652106e-18	False	1332264.0	40136.0	364.8768145	3173228544.0	world_g05_n275.mat	E783CE8DA282F6357BF71C7410DAE7722BF9A82265FD5F858C63B4B76253E559	59B22764181C475D824B3847F1FC4F2E3EA726C62618AB02D8691B028031CC55	AE9B0EEE540CC07AA3D3FE45D445B0C71815E95D7D461C6AB615903532705D09
G05	5	276	91205276	R1	3.2654140348111795	13.7691019113286	0.00224	-2.694237099108303e-05	0.9884033203125	0	-0.004029999999999999	0.003970000000000001	False	0.0022400000000000024	0.242523193359375	2.6020852139652106e-18	True	1332264.0	40146.0	365.930727	3173113856.0	world_g05_n276.mat	16E20D2EFC17A1A04B2639EC2AF88380F17917DFF2B5CA6DD975808764A5B67E	59B22764181C475D824B3847F1FC4F2E3EA726C62618AB02D8691B028031CC55	AE9B0EEE540CC07AA3D3FE45D445B0C71815E95D7D461C6AB615903532705D09
G05	5	276	91205276	R2	3.2654140348111795	13.7691019113286	0.00224	0.0009467852385482629	0.5947265625	0	-0.0027599999999999986	0.004650000000000001	False	0.0022400000000000024	0.454833984375	2.6020852139652106e-18	True	1332264.0	40146.0	365.930727	3173113856.0	world_g05_n276.mat	16E20D2EFC17A1A04B2639EC2AF88380F17917DFF2B5CA6DD975808764A5B67E	59B22764181C475D824B3847F1FC4F2E3EA726C62618AB02D8691B028031CC55	AE9B0EEE540CC07AA3D3FE45D445B0C71815E95D7D461C6AB615903532705D09
G05	5	277	91205277	R1	3.2654140348111795	13.7691019113286	0.00224	-0.0018948972214909469	0.125823974609375	0	-0.00439	0.0005800000000000007	False	0.0022400000000000024	0.002838134765625	2.6020852139652106e-18	False	1332264.0	40293.0	365.853834	3173158912.0	world_g05_n277.mat	9F80AACF4617E786CB45FD941F732FE131413E8AAB0B61BB15E1449B7DF3E706	59B22764181C475D824B3847F1FC4F2E3EA726C62618AB02D8691B028031CC55	AE9B0EEE540CC07AA3D3FE45D445B0C71815E95D7D461C6AB615903532705D09
G05	5	277	91205277	R2	3.2654140348111795	13.7691019113286	0.00224	0.00015474002972493128	0.935546875	0	-0.003949999999999999	0.004300000000000002	False	0.0022400000000000024	0.29443359375	2.6020852139652106e-18	True	1332264.0	40293.0	365.853834	3173158912.0	world_g05_n277.mat	9F80AACF4617E786CB45FD941F732FE131413E8AAB0B61BB15E1449B7DF3E706	59B22764181C475D824B3847F1FC4F2E3EA726C62618AB02D8691B028031CC55	AE9B0EEE540CC07AA3D3FE45D445B0C71815E95D7D461C6AB615903532705D09
G05	5	278	91205278	R1	3.2654140348111795	13.7691019113286	0.00224	0.0016466990152798411	0.201141357421875	0	-0.0009399999999999999	0.0042800000000000026	False	0.0022400000000000024	0.63128662109375	2.6020852139652106e-18	True	1332264.0	40317.0	367.2673611	3173240832.0	world_g05_n278.mat	590BFBADB07F01909771E8E8010178E181EF85A6162DC845F76B3F31CA1BF226	59B22764181C475D824B3847F1FC4F2E3EA726C62618AB02D8691B028031CC55	AE9B0EEE540CC07AA3D3FE45D445B0C71815E95D7D461C6AB615903532705D09
G05	5	278	91205278	R2	3.2654140348111795	13.7691019113286	0.00224	-0.0017631652212004934	0.450439453125	0	-0.0066	0.003080000000000003	False	0.0022400000000000024	0.098876953125	2.6020852139652106e-18	True	1332264.0	40317.0	367.2673611	3173240832.0	world_g05_n278.mat	590BFBADB07F01909771E8E8010178E181EF85A6162DC845F76B3F31CA1BF226	59B22764181C475D824B3847F1FC4F2E3EA726C62618AB02D8691B028031CC55	AE9B0EEE540CC07AA3D3FE45D445B0C71815E95D7D461C6AB615903532705D09
G05	5	279	91205279	R1	3.2654140348111795	13.7691019113286	0.00224	-0.0016878472543480835	0.28509521484375	0	-0.004879999999999999	0.0015500000000000028	False	0.0022400000000000024	0.02117919921875	2.6020852139652106e-18	False	1332264.0	40241.0	367.231774	3172286464.0	world_g05_n279.mat	CC4141A3B3B4739D50D21DF4D7CD02274C2E7B736C3CDA84830C838BF619A267	59B22764181C475D824B3847F1FC4F2E3EA726C62618AB02D8691B028031CC55	AE9B0EEE540CC07AA3D3FE45D445B0C71815E95D7D461C6AB615903532705D09
G05	5	279	91205279	R2	3.2654140348111795	13.7691019113286	0.00224	-0.0003839137761462281	0.815185546875	0	-0.004029999999999999	0.003160000000000003	False	0.0022400000000000024	0.134765625	2.6020852139652106e-18	True	1332264.0	40241.0	367.231774	3172286464.0	world_g05_n279.mat	CC4141A3B3B4739D50D21DF4D7CD02274C2E7B736C3CDA84830C838BF619A267	59B22764181C475D824B3847F1FC4F2E3EA726C62618AB02D8691B028031CC55	AE9B0EEE540CC07AA3D3FE45D445B0C71815E95D7D461C6AB615903532705D09
G05	5	280	91205280	R1	3.2654140348111795	13.7691019113286	0.00224	0.00033720190493978974	0.833160400390625	0	-0.0030199999999999984	0.0036900000000000023	False	0.0022400000000000024	0.24493408203125	2.6020852139652106e-18	True	1332264.0	40274.0	369.1545653	3171119104.0	world_g05_n280.mat	E653CB1486C3E0E7FC35A33282D150E50D1E76B373A95791805C6F6A7BEF3B2C	59B22764181C475D824B3847F1FC4F2E3EA726C62618AB02D8691B028031CC55	AE9B0EEE540CC07AA3D3FE45D445B0C71815E95D7D461C6AB615903532705D09
G05	5	280	91205280	R2	3.2654140348111795	13.7691019113286	0.00224	0.0009458461366967341	0.467529296875	0	-0.0018799999999999997	0.0036800000000000027	False	0.0022400000000000024	0.341064453125	2.6020852139652106e-18	True	1332264.0	40274.0	369.1545653	3171119104.0	world_g05_n280.mat	E653CB1486C3E0E7FC35A33282D150E50D1E76B373A95791805C6F6A7BEF3B2C	59B22764181C475D824B3847F1FC4F2E3EA726C62618AB02D8691B028031CC55	AE9B0EEE540CC07AA3D3FE45D445B0C71815E95D7D461C6AB615903532705D09
G05	5	281	91205281	R1	3.2654140348111795	13.7691019113286	0.00224	0.001970862490419794	0.313201904296875	0	-0.0019699999999999995	0.005980000000000003	False	0.0022400000000000024	0.888397216796875	2.6020852139652106e-18	True	1332264.0	39757.0	367.1658018	3171209216.0	world_g05_n281.mat	ED5784E5628CE6878D9CC9C175F4D7F33AA5C1BAC13EB545AC6421FF88E283A2	59B22764181C475D824B3847F1FC4F2E3EA726C62618AB02D8691B028031CC55	AE9B0EEE540CC07AA3D3FE45D445B0C71815E95D7D461C6AB615903532705D09
G05	5	281	91205281	R2	3.2654140348111795	13.7691019113286	0.00224	-0.0039325064063640515	0.142333984375	0	-0.00941	0.0016100000000000003	False	0.0022400000000000024	0.033935546875	2.6020852139652106e-18	False	1332264.0	39757.0	367.1658018	3171209216.0	world_g05_n281.mat	ED5784E5628CE6878D9CC9C175F4D7F33AA5C1BAC13EB545AC6421FF88E283A2	59B22764181C475D824B3847F1FC4F2E3EA726C62618AB02D8691B028031CC55	AE9B0EEE540CC07AA3D3FE45D445B0C71815E95D7D461C6AB615903532705D09
G05	5	282	91205282	R1	3.2654140348111795	13.7691019113286	0.00224	-0.0010942872672043153	0.415496826171875	0	-0.00391	0.0017099999999999997	False	0.0022400000000000024	0.024017333984375	2.6020852139652106e-18	False	1332264.0	39996.0	340.249471	3171110912.0	world_g05_n282.mat	0753665D8AE1F0FE5620DA687C4C3A37E80856C96F40234354E52CB9BC44252F	59B22764181C475D824B3847F1FC4F2E3EA726C62618AB02D8691B028031CC55	AE9B0EEE540CC07AA3D3FE45D445B0C71815E95D7D461C6AB615903532705D09
G05	5	282	91205282	R2	3.2654140348111795	13.7691019113286	0.00224	0.0009589046972852753	0.4970703125	0	-0.00204	0.003980000000000001	False	0.0022400000000000024	0.3720703125	2.6020852139652106e-18	True	1332264.0	39996.0	340.249471	3171110912.0	world_g05_n282.mat	0753665D8AE1F0FE5620DA687C4C3A37E80856C96F40234354E52CB9BC44252F	59B22764181C475D824B3847F1FC4F2E3EA726C62618AB02D8691B028031CC55	AE9B0EEE540CC07AA3D3FE45D445B0C71815E95D7D461C6AB615903532705D09
G05	5	283	91205283	R1	3.2654140348111795	13.7691019113286	0.00224	-0.0007055920738058774	0.72015380859375	0	-0.00469	0.0031400000000000004	False	0.0022400000000000024	0.132171630859375	2.6020852139652106e-18	True	1332264.0	39951.0	321.6595262	3171958784.0	world_g05_n283.mat	1CA87166BFCA9CF53646C0D74F9982EA1A52EED3529B17BF0D13B1E6C6F04A4A	59B22764181C475D824B3847F1FC4F2E3EA726C62618AB02D8691B028031CC55	AE9B0EEE540CC07AA3D3FE45D445B0C71815E95D7D461C6AB615903532705D09
G05	5	283	91205283	R2	3.2654140348111795	13.7691019113286	0.00224	2.6370330393440623e-05	0.99267578125	0	-0.004829999999999999	0.004410000000000001	False	0.0022400000000000024	0.3798828125	2.6020852139652106e-18	True	1332264.0	39951.0	321.6595262	3171958784.0	world_g05_n283.mat	1CA87166BFCA9CF53646C0D74F9982EA1A52EED3529B17BF0D13B1E6C6F04A4A	59B22764181C475D824B3847F1FC4F2E3EA726C62618AB02D8691B028031CC55	AE9B0EEE540CC07AA3D3FE45D445B0C71815E95D7D461C6AB615903532705D09
G05	5	284	91205284	R1	3.2654140348111795	13.7691019113286	0.00224	0.0016016181069348618	0.283966064453125	0	-0.0012700000000000003	0.0046	False	0.0022400000000000024	0.66131591796875	2.6020852139652106e-18	True	1332264.0	40165.0	315.2696153	3169312768.0	world_g05_n284.mat	D85BEB769ED5A1B9EBD6ADC92DE052F9187B72B8E1B2170BAC2A59A8B1F18457	59B22764181C475D824B3847F1FC4F2E3EA726C62618AB02D8691B028031CC55	AE9B0EEE540CC07AA3D3FE45D445B0C71815E95D7D461C6AB615903532705D09
G05	5	284	91205284	R2	3.2654140348111795	13.7691019113286	0.00224	-0.0029038193637306703	0.037109375	1	-0.0055899999999999995	-0.00021999999999999797	False	0.0022400000000000024	0.002197265625	2.6020852139652106e-18	False	1332264.0	40165.0	315.2696153	3169312768.0	world_g05_n284.mat	D85BEB769ED5A1B9EBD6ADC92DE052F9187B72B8E1B2170BAC2A59A8B1F18457	59B22764181C475D824B3847F1FC4F2E3EA726C62618AB02D8691B028031CC55	AE9B0EEE540CC07AA3D3FE45D445B0C71815E95D7D461C6AB615903532705D09
G05	5	285	91205285	R1	3.2654140348111795	13.7691019113286	0.00224	0.0010341425404773795	0.427764892578125	0	-0.0016799999999999975	0.003780000000000002	False	0.0022400000000000024	0.3575439453125	2.6020852139652106e-18	True	1332264.0	40303.0	323.1816164	3169406976.0	world_g05_n285.mat	BBD720A3BD743DB21D284C8B09D5AAAF6CA44FE393DBD2647E76EF62FF326CFA	59B22764181C475D824B3847F1FC4F2E3EA726C62618AB02D8691B028031CC55	AE9B0EEE540CC07AA3D3FE45D445B0C71815E95D7D461C6AB615903532705D09
G05	5	285	91205285	R2	3.2654140348111795	13.7691019113286	0.00224	-0.0007582247228961521	0.721435546875	0	-0.005389999999999999	0.003930000000000003	False	0.0022400000000000024	0.18603515625	2.6020852139652106e-18	True	1332264.0	40303.0	323.1816164	3169406976.0	world_g05_n285.mat	BBD720A3BD743DB21D284C8B09D5AAAF6CA44FE393DBD2647E76EF62FF326CFA	59B22764181C475D824B3847F1FC4F2E3EA726C62618AB02D8691B028031CC55	AE9B0EEE540CC07AA3D3FE45D445B0C71815E95D7D461C6AB615903532705D09
G05	5	286	91205286	R1	3.2654140348111795	13.7691019113286	0.00224	0.0009110857512482263	0.537017822265625	0	-0.0022199999999999998	0.003960000000000002	False	0.0022400000000000024	0.382415771484375	2.6020852139652106e-18	True	1332264.0	40366.0	319.8062907	3168378880.0	world_g05_n286.mat	CC55C1AEE97E6474D4E4B472A6EEA6C1EDC2115E2CFEB22C2C71F676D1A9D016	59B22764181C475D824B3847F1FC4F2E3EA726C62618AB02D8691B028031CC55	AE9B0EEE540CC07AA3D3FE45D445B0C71815E95D7D461C6AB615903532705D09
G05	5	286	91205286	R2	3.2654140348111795	13.7691019113286	0.00224	0.00018933304729565377	0.894287109375	0	-0.002859999999999998	0.003080000000000003	False	0.0022400000000000024	0.17236328125	2.6020852139652106e-18	True	1332264.0	40366.0	319.8062907	3168378880.0	world_g05_n286.mat	CC55C1AEE97E6474D4E4B472A6EEA6C1EDC2115E2CFEB22C2C71F676D1A9D016	59B22764181C475D824B3847F1FC4F2E3EA726C62618AB02D8691B028031CC55	AE9B0EEE540CC07AA3D3FE45D445B0C71815E95D7D461C6AB615903532705D09
G05	5	287	91205287	R1	3.2654140348111795	13.7691019113286	0.00224	0.002924177032055984	0.00531005859375	1	0.0009800000000000017	0.004890000000000002	False	0.0022400000000000024	0.47015380859375	2.6020852139652106e-18	True	1332264.0	40173.0	319.4382851	3169316864.0	world_g05_n287.mat	1878AA64FCB6B0139B7E6818119842C98C9055AE481B074BDBBA3D19FB9D3D26	59B22764181C475D824B3847F1FC4F2E3EA726C62618AB02D8691B028031CC55	AE9B0EEE540CC07AA3D3FE45D445B0C71815E95D7D461C6AB615903532705D09
G05	5	287	91205287	R2	3.2654140348111795	13.7691019113286	0.00224	-0.003459680501486975	0.05029296875	0	-0.006529999999999999	0.0	False	0.0022400000000000024	0.005615234375	2.6020852139652106e-18	False	1332264.0	40173.0	319.4382851	3169316864.0	world_g05_n287.mat	1878AA64FCB6B0139B7E6818119842C98C9055AE481B074BDBBA3D19FB9D3D26	59B22764181C475D824B3847F1FC4F2E3EA726C62618AB02D8691B028031CC55	AE9B0EEE540CC07AA3D3FE45D445B0C71815E95D7D461C6AB615903532705D09
G05	5	288	91205288	R1	3.2654140348111795	13.7691019113286	0.00224	-0.001521375179354803	0.349578857421875	0	-0.00486	0.00179	False	0.0022400000000000024	0.028839111328125	2.6020852139652106e-18	False	1332264.0	40176.0	322.2068898	3168362496.0	world_g05_n288.mat	537D1E884C6EADB25778CC63458D7D878B29F278AEA424D48641A346DF41DA90	59B22764181C475D824B3847F1FC4F2E3EA726C62618AB02D8691B028031CC55	AE9B0EEE540CC07AA3D3FE45D445B0C71815E95D7D461C6AB615903532705D09
G05	5	288	91205288	R2	3.2654140348111795	13.7691019113286	0.00224	0.0013885254886667603	0.48828125	0	-0.0028000000000000004	0.005570000000000002	False	0.0022400000000000024	0.67138671875	2.6020852139652106e-18	True	1332264.0	40176.0	322.2068898	3168362496.0	world_g05_n288.mat	537D1E884C6EADB25778CC63458D7D878B29F278AEA424D48641A346DF41DA90	59B22764181C475D824B3847F1FC4F2E3EA726C62618AB02D8691B028031CC55	AE9B0EEE540CC07AA3D3FE45D445B0C71815E95D7D461C6AB615903532705D09
G05	5	289	91205289	R1	3.2654140348111795	13.7691019113286	0.00224	0.0006969344311818818	0.678680419921875	0	-0.0029499999999999978	0.004300000000000002	False	0.0022400000000000024	0.367950439453125	2.6020852139652106e-18	True	1332264.0	40119.0	321.494934	3167485952.0	world_g05_n289.mat	2FFC4C3AA5CA9F9DB22EAF283C45A71DDEB4694CDB4315AA9FAFEC281BBA8341	59B22764181C475D824B3847F1FC4F2E3EA726C62618AB02D8691B028031CC55	AE9B0EEE540CC07AA3D3FE45D445B0C71815E95D7D461C6AB615903532705D09
G05	5	289	91205289	R2	3.2654140348111795	13.7691019113286	0.00224	0.0036983831280371815	0.03125	1	0.00039000000000000146	0.007000000000000003	False	0.0022400000000000024	0.341064453125	2.6020852139652106e-18	True	1332264.0	40119.0	321.494934	3167485952.0	world_g05_n289.mat	2FFC4C3AA5CA9F9DB22EAF283C45A71DDEB4694CDB4315AA9FAFEC281BBA8341	59B22764181C475D824B3847F1FC4F2E3EA726C62618AB02D8691B028031CC55	AE9B0EEE540CC07AA3D3FE45D445B0C71815E95D7D461C6AB615903532705D09
G05	5	290	91205290	R1	3.2654140348111795	13.7691019113286	0.00224	0.00022067091941031645	0.8770751953125	0	-0.002829999999999999	0.0032600000000000025	False	0.0022400000000000024	0.17572021484375	2.6020852139652106e-18	True	1332264.0	39977.0	325.9641844	3157884928.0	world_g05_n290.mat	BEA828A918188E2A51E2D3CDA4F92CB410A0380B64DA9E1FA37E09B0503CD811	59B22764181C475D824B3847F1FC4F2E3EA726C62618AB02D8691B028031CC55	AE9B0EEE540CC07AA3D3FE45D445B0C71815E95D7D461C6AB615903532705D09
G05	5	290	91205290	R2	3.2654140348111795	13.7691019113286	0.00224	-0.000493650921606281	0.7568359375	0	-0.0039900000000000005	0.0029500000000000012	False	0.0022400000000000024	0.11376953125	2.6020852139652106e-18	True	1332264.0	39977.0	325.9641844	3157884928.0	world_g05_n290.mat	BEA828A918188E2A51E2D3CDA4F92CB410A0380B64DA9E1FA37E09B0503CD811	59B22764181C475D824B3847F1FC4F2E3EA726C62618AB02D8691B028031CC55	AE9B0EEE540CC07AA3D3FE45D445B0C71815E95D7D461C6AB615903532705D09
G05	5	291	91205291	R1	3.2654140348111795	13.7691019113286	0.00224	-0.005778547894820611	0.000518798828125	1	-0.00942	-0.0023700000000000006	False	0.0022400000000000024	3.0517578125e-05	2.6020852139652106e-18	False	1332264.0	40281.0	367.0000642	3177385984.0	world_g05_n291.mat	711563772A787F3738F2E345079024F0564333FCAF0ACFF5643D3CBEBE29B0DF	59B22764181C475D824B3847F1FC4F2E3EA726C62618AB02D8691B028031CC55	AE9B0EEE540CC07AA3D3FE45D445B0C71815E95D7D461C6AB615903532705D09
G05	5	291	91205291	R2	3.2654140348111795	13.7691019113286	0.00224	-0.0019439409647147925	0.331298828125	0	-0.006	0.0018700000000000001	False	0.0022400000000000024	0.032958984375	2.6020852139652106e-18	False	1332264.0	40281.0	367.0000642	3177385984.0	world_g05_n291.mat	711563772A787F3738F2E345079024F0564333FCAF0ACFF5643D3CBEBE29B0DF	59B22764181C475D824B3847F1FC4F2E3EA726C62618AB02D8691B028031CC55	AE9B0EEE540CC07AA3D3FE45D445B0C71815E95D7D461C6AB615903532705D09
G05	5	292	91205292	R1	3.2654140348111795	13.7691019113286	0.00224	-0.003616846219823001	0.0823974609375	0	-0.007779999999999999	0.00051	False	0.0022400000000000024	0.007904052734375	2.6020852139652106e-18	False	1332264.0	40060.0	368.2354225	3176288256.0	world_g05_n292.mat	5D40BB77141593E7E053FDD1BED868BFB81BC4EAD28604C93D669773E88D5376	59B22764181C475D824B3847F1FC4F2E3EA726C62618AB02D8691B028031CC55	AE9B0EEE540CC07AA3D3FE45D445B0C71815E95D7D461C6AB615903532705D09
G05	5	292	91205292	R2	3.2654140348111795	13.7691019113286	0.00224	0.001417319492878332	0.3583984375	0	-0.0018499999999999975	0.0047300000000000016	False	0.0022400000000000024	0.58447265625	2.6020852139652106e-18	True	1332264.0	40060.0	368.2354225	3176288256.0	world_g05_n292.mat	5D40BB77141593E7E053FDD1BED868BFB81BC4EAD28604C93D669773E88D5376	59B22764181C475D824B3847F1FC4F2E3EA726C62618AB02D8691B028031CC55	AE9B0EEE540CC07AA3D3FE45D445B0C71815E95D7D461C6AB615903532705D09
G05	5	293	91205293	R1	3.2654140348111795	13.7691019113286	0.00224	0.00033831715364299116	0.85772705078125	0	-0.0036999999999999984	0.004350000000000003	False	0.0022400000000000024	0.32720947265625	2.6020852139652106e-18	True	1332264.0	39926.0	366.4049484	3177254912.0	world_g05_n293.mat	A6A92A458163170C51B1BD9AA298F27784C333C57941D0F3D99FCBA7D654BEC4	59B22764181C475D824B3847F1FC4F2E3EA726C62618AB02D8691B028031CC55	AE9B0EEE540CC07AA3D3FE45D445B0C71815E95D7D461C6AB615903532705D09
G05	5	293	91205293	R2	3.2654140348111795	13.7691019113286	0.00224	0.0006142821790960167	0.716064453125	0	-0.003109999999999998	0.004290000000000002	False	0.0022400000000000024	0.34912109375	2.6020852139652106e-18	True	1332264.0	39926.0	366.4049484	3177254912.0	world_g05_n293.mat	A6A92A458163170C51B1BD9AA298F27784C333C57941D0F3D99FCBA7D654BEC4	59B22764181C475D824B3847F1FC4F2E3EA726C62618AB02D8691B028031CC55	AE9B0EEE540CC07AA3D3FE45D445B0C71815E95D7D461C6AB615903532705D09
G05	5	294	91205294	R1	3.2654140348111795	13.7691019113286	0.00224	-0.000274607207946431	0.79010009765625	0	-0.0024799999999999996	0.0019300000000000012	False	0.0022400000000000024	0.030059814453125	2.6020852139652106e-18	False	1332264.0	40493.0	369.0292364	3177353216.0	world_g05_n294.mat	43BD51E0167E61639DC9E4D859BAE9C8D82776C58F830F540844EAABC5443547	59B22764181C475D824B3847F1FC4F2E3EA726C62618AB02D8691B028031CC55	AE9B0EEE540CC07AA3D3FE45D445B0C71815E95D7D461C6AB615903532705D09
G05	5	294	91205294	R2	3.2654140348111795	13.7691019113286	0.00224	-0.0015272096020821006	0.443359375	0	-0.005849999999999999	0.0028000000000000004	False	0.0022400000000000024	0.07861328125	2.6020852139652106e-18	True	1332264.0	40493.0	369.0292364	3177353216.0	world_g05_n294.mat	43BD51E0167E61639DC9E4D859BAE9C8D82776C58F830F540844EAABC5443547	59B22764181C475D824B3847F1FC4F2E3EA726C62618AB02D8691B028031CC55	AE9B0EEE540CC07AA3D3FE45D445B0C71815E95D7D461C6AB615903532705D09
G05	5	295	91205295	R1	3.2654140348111795	13.7691019113286	0.00224	0.0008618919695406054	0.52960205078125	0	-0.0019999999999999983	0.00366	False	0.0022400000000000024	0.32733154296875	2.6020852139652106e-18	True	1332264.0	40301.0	367.9815719	3176308736.0	world_g05_n295.mat	2B92FD99F1DA22CBE0B7A9F4CA8241788F7AA8E19150DE112843FEB9BDD1078F	59B22764181C475D824B3847F1FC4F2E3EA726C62618AB02D8691B028031CC55	AE9B0EEE540CC07AA3D3FE45D445B0C71815E95D7D461C6AB615903532705D09
G05	5	295	91205295	R2	3.2654140348111795	13.7691019113286	0.00224	-0.0028219189420261295	0.136962890625	0	-0.006709999999999999	0.0009000000000000015	False	0.0022400000000000024	0.01123046875	2.6020852139652106e-18	False	1332264.0	40301.0	367.9815719	3176308736.0	world_g05_n295.mat	2B92FD99F1DA22CBE0B7A9F4CA8241788F7AA8E19150DE112843FEB9BDD1078F	59B22764181C475D824B3847F1FC4F2E3EA726C62618AB02D8691B028031CC55	AE9B0EEE540CC07AA3D3FE45D445B0C71815E95D7D461C6AB615903532705D09
G05	5	296	91205296	R1	3.2654140348111795	13.7691019113286	0.00224	0.000666993726264582	0.685882568359375	0	-0.002829999999999999	0.00417	False	0.0022400000000000024	0.346954345703125	2.6020852139652106e-18	True	1332264.0	40071.0	368.4290996	3177238528.0	world_g05_n296.mat	C4E532F44CE1A6F4A02516733E77F8F3D242E3398B99C08EE2981394FA51D369	59B22764181C475D824B3847F1FC4F2E3EA726C62618AB02D8691B028031CC55	AE9B0EEE540CC07AA3D3FE45D445B0C71815E95D7D461C6AB615903532705D09
G05	5	296	91205296	R2	3.2654140348111795	13.7691019113286	0.00224	-0.0002787999191370683	0.898681640625	0	-0.00524	0.0047300000000000016	False	0.0022400000000000024	0.27490234375	2.6020852139652106e-18	True	1332264.0	40071.0	368.4290996	3177238528.0	world_g05_n296.mat	C4E532F44CE1A6F4A02516733E77F8F3D242E3398B99C08EE2981394FA51D369	59B22764181C475D824B3847F1FC4F2E3EA726C62618AB02D8691B028031CC55	AE9B0EEE540CC07AA3D3FE45D445B0C71815E95D7D461C6AB615903532705D09
G05	5	297	91205297	R1	3.2654140348111795	13.7691019113286	0.00224	0.0005628642911609748	0.7037353515625	0	-0.0025699999999999994	0.00366	False	0.0022400000000000024	0.27252197265625	2.6020852139652106e-18	True	1332264.0	40147.0	368.2939442	3177308160.0	world_g05_n297.mat	D04B439AD48F4FD73745C843AC2C0DF669F4F5D084D8165183A411BA89FD3064	59B22764181C475D824B3847F1FC4F2E3EA726C62618AB02D8691B028031CC55	AE9B0EEE540CC07AA3D3FE45D445B0C71815E95D7D461C6AB615903532705D09
G05	5	297	91205297	R2	3.2654140348111795	13.7691019113286	0.00224	-0.0005015372400612361	0.82373046875	0	-0.004579999999999999	0.0039400000000000025	False	0.0022400000000000024	0.194580078125	2.6020852139652106e-18	True	1332264.0	40147.0	368.2939442	3177308160.0	world_g05_n297.mat	D04B439AD48F4FD73745C843AC2C0DF669F4F5D084D8165183A411BA89FD3064	59B22764181C475D824B3847F1FC4F2E3EA726C62618AB02D8691B028031CC55	AE9B0EEE540CC07AA3D3FE45D445B0C71815E95D7D461C6AB615903532705D09
G05	5	298	91205298	R1	3.2654140348111795	13.7691019113286	0.00224	0.0005917029888406037	0.642120361328125	0	-0.00204	0.0032600000000000025	False	0.0022400000000000024	0.202880859375	2.6020852139652106e-18	True	1332264.0	40113.0	368.7632758	3176349696.0	world_g05_n298.mat	52D04D9A487D5C57805931FF4429F06B651E8B1227AE76BB66C22B81661685C1	59B22764181C475D824B3847F1FC4F2E3EA726C62618AB02D8691B028031CC55	AE9B0EEE540CC07AA3D3FE45D445B0C71815E95D7D461C6AB615903532705D09
G05	5	298	91205298	R2	3.2654140348111795	13.7691019113286	0.00224	0.004897497086930684	0.02587890625	1	0.0006200000000000025	0.009330000000000001	False	0.0022400000000000024	0.218994140625	2.6020852139652106e-18	True	1332264.0	40113.0	368.7632758	3176349696.0	world_g05_n298.mat	52D04D9A487D5C57805931FF4429F06B651E8B1227AE76BB66C22B81661685C1	59B22764181C475D824B3847F1FC4F2E3EA726C62618AB02D8691B028031CC55	AE9B0EEE540CC07AA3D3FE45D445B0C71815E95D7D461C6AB615903532705D09
G05	5	299	91205299	R1	3.2654140348111795	13.7691019113286	0.00224	0.002379412504530032	0.00946044921875	1	0.0006400000000000017	0.004130000000000002	False	0.0022400000000000024	0.866485595703125	2.6020852139652106e-18	True	1332264.0	39868.0	370.3613996	3175190528.0	world_g05_n299.mat	B966EA98DD345C091A246B11132D69028C936F13A7425BA4631C9E0C88B7863F	59B22764181C475D824B3847F1FC4F2E3EA726C62618AB02D8691B028031CC55	AE9B0EEE540CC07AA3D3FE45D445B0C71815E95D7D461C6AB615903532705D09
G05	5	299	91205299	R2	3.2654140348111795	13.7691019113286	0.00224	-0.00021353231014726714	0.87646484375	0	-0.002829999999999999	0.002610000000000001	False	0.0022400000000000024	0.08203125	2.6020852139652106e-18	True	1332264.0	39868.0	370.3613996	3175190528.0	world_g05_n299.mat	B966EA98DD345C091A246B11132D69028C936F13A7425BA4631C9E0C88B7863F	59B22764181C475D824B3847F1FC4F2E3EA726C62618AB02D8691B028031CC55	AE9B0EEE540CC07AA3D3FE45D445B0C71815E95D7D461C6AB615903532705D09
G05	5	300	91205300	R1	3.2654140348111795	13.7691019113286	0.00224	-0.0010704424862981437	0.653778076171875	0	-0.005769999999999999	0.003420000000000003	False	0.0022400000000000024	0.15216064453125	2.6020852139652106e-18	True	1332264.0	39743.0	367.2763311	3175280640.0	world_g05_n300.mat	0E6FE5BBBD41634DBF013A54A1C993D03ECCD9C2E3EDFD427713DF769C056E26	59B22764181C475D824B3847F1FC4F2E3EA726C62618AB02D8691B028031CC55	AE9B0EEE540CC07AA3D3FE45D445B0C71815E95D7D461C6AB615903532705D09
G05	5	300	91205300	R2	3.2654140348111795	13.7691019113286	0.00224	-0.0034512887993040477	0.00439453125	1	-0.00545	-0.0014400000000000003	False	0.0022400000000000024	0.00048828125	2.6020852139652106e-18	False	1332264.0	39743.0	367.2763311	3175280640.0	world_g05_n300.mat	0E6FE5BBBD41634DBF013A54A1C993D03ECCD9C2E3EDFD427713DF769C056E26	59B22764181C475D824B3847F1FC4F2E3EA726C62618AB02D8691B028031CC55	AE9B0EEE540CC07AA3D3FE45D445B0C71815E95D7D461C6AB615903532705D09
G05	5	301	91205301	R1	3.2654140348111795	13.7691019113286	0.00224	0.0014222146946753222	0.43597412109375	0	-0.0021699999999999983	0.005130000000000003	False	0.0022400000000000024	0.645111083984375	2.6020852139652106e-18	True	1332264.0	40115.0	371.0844199	3174191104.0	world_g05_n301.mat	51A9187F17D477655CB0EE75295ACF96D0DA0DAF9B9C82E815F4E0AFE029CBAC	59B22764181C475D824B3847F1FC4F2E3EA726C62618AB02D8691B028031CC55	AE9B0EEE540CC07AA3D3FE45D445B0C71815E95D7D461C6AB615903532705D09
G05	5	301	91205301	R2	3.2654140348111795	13.7691019113286	0.00224	0.0010954902916799727	0.540283203125	0	-0.0026999999999999975	0.004640000000000002	False	0.0022400000000000024	0.547119140625	2.6020852139652106e-18	True	1332264.0	40115.0	371.0844199	3174191104.0	world_g05_n301.mat	51A9187F17D477655CB0EE75295ACF96D0DA0DAF9B9C82E815F4E0AFE029CBAC	59B22764181C475D824B3847F1FC4F2E3EA726C62618AB02D8691B028031CC55	AE9B0EEE540CC07AA3D3FE45D445B0C71815E95D7D461C6AB615903532705D09
G05	5	302	91205302	R1	3.2654140348111795	13.7691019113286	0.00224	0.0007293780586541458	0.63037109375	0	-0.0023	0.00383	False	0.0022400000000000024	0.316131591796875	2.6020852139652106e-18	True	1332264.0	40192.0	372.6931471	3175112704.0	world_g05_n302.mat	4414A91F25769F62B079DE43910E071451C55F3F20E023F7F8A28A80403E6831	59B22764181C475D824B3847F1FC4F2E3EA726C62618AB02D8691B028031CC55	AE9B0EEE540CC07AA3D3FE45D445B0C71815E95D7D461C6AB615903532705D09
G05	5	302	91205302	R2	3.2654140348111795	13.7691019113286	0.00224	-0.00010408710914416865	0.95068359375	0	-0.003599999999999999	0.0034500000000000017	False	0.0022400000000000024	0.171142578125	2.6020852139652106e-18	True	1332264.0	40192.0	372.6931471	3175112704.0	world_g05_n302.mat	4414A91F25769F62B079DE43910E071451C55F3F20E023F7F8A28A80403E6831	59B22764181C475D824B3847F1FC4F2E3EA726C62618AB02D8691B028031CC55	AE9B0EEE540CC07AA3D3FE45D445B0C71815E95D7D461C6AB615903532705D09
G05	5	303	91205303	R1	3.2654140348111795	13.7691019113286	0.00224	0.0008477503627286145	0.537139892578125	0	-0.00204	0.00358	False	0.0022400000000000024	0.336700439453125	2.6020852139652106e-18	True	1332264.0	40117.0	341.3824756	3172524032.0	world_g05_n303.mat	7DA4E2BE388065842A355A00027AE896CDD90A789DD3F8DB75ABA5E47F542FCE	59B22764181C475D824B3847F1FC4F2E3EA726C62618AB02D8691B028031CC55	AE9B0EEE540CC07AA3D3FE45D445B0C71815E95D7D461C6AB615903532705D09
G05	5	303	91205303	R2	3.2654140348111795	13.7691019113286	0.00224	-0.0035366794190462734	0.062744140625	0	-0.007519999999999999	0.00019000000000000267	False	0.0022400000000000024	0.0048828125	2.6020852139652106e-18	False	1332264.0	40117.0	341.3824756	3172524032.0	world_g05_n303.mat	7DA4E2BE388065842A355A00027AE896CDD90A789DD3F8DB75ABA5E47F542FCE	59B22764181C475D824B3847F1FC4F2E3EA726C62618AB02D8691B028031CC55	AE9B0EEE540CC07AA3D3FE45D445B0C71815E95D7D461C6AB615903532705D09
G05	5	304	91205304	R1	3.2654140348111795	13.7691019113286	0.00224	-0.0019243020998440778	0.364166259765625	0	-0.0062099999999999985	0.002440000000000001	False	0.0022400000000000024	0.059967041015625	2.6020852139652106e-18	True	1332264.0	40112.0	336.445964	3170684928.0	world_g05_n304.mat	074A81B6D7A005565D24E7BCCA925A2EAEFBD37FCEA14C99178297BF7A80A625	59B22764181C475D824B3847F1FC4F2E3EA726C62618AB02D8691B028031CC55	AE9B0EEE540CC07AA3D3FE45D445B0C71815E95D7D461C6AB615903532705D09
G05	5	304	91205304	R2	3.2654140348111795	13.7691019113286	0.00224	0.0032160933041444307	0.0107421875	1	0.0009800000000000017	0.005410000000000002	False	0.0022400000000000024	0.34912109375	2.6020852139652106e-18	True	1332264.0	40112.0	336.445964	3170684928.0	world_g05_n304.mat	074A81B6D7A005565D24E7BCCA925A2EAEFBD37FCEA14C99178297BF7A80A625	59B22764181C475D824B3847F1FC4F2E3EA726C62618AB02D8691B028031CC55	AE9B0EEE540CC07AA3D3FE45D445B0C71815E95D7D461C6AB615903532705D09
G05	5	305	91205305	R1	3.2654140348111795	13.7691019113286	0.00224	0.0018795406132657167	0.333587646484375	0	-0.0021099999999999973	0.0058400000000000014	False	0.0022400000000000024	0.847625732421875	2.6020852139652106e-18	True	1332264.0	40109.0	338.4236225	3170689024.0	world_g05_n305.mat	3066942512068C385E41C37D972EEAD257E6D06CE0B990D22EEBB633BE55E647	59B22764181C475D824B3847F1FC4F2E3EA726C62618AB02D8691B028031CC55	AE9B0EEE540CC07AA3D3FE45D445B0C71815E95D7D461C6AB615903532705D09
G05	5	305	91205305	R2	3.2654140348111795	13.7691019113286	0.00224	0.00027163456236228855	0.875	0	-0.0032699999999999986	0.003720000000000001	False	0.0022400000000000024	0.25439453125	2.6020852139652106e-18	True	1332264.0	40109.0	338.4236225	3170689024.0	world_g05_n305.mat	3066942512068C385E41C37D972EEAD257E6D06CE0B990D22EEBB633BE55E647	59B22764181C475D824B3847F1FC4F2E3EA726C62618AB02D8691B028031CC55	AE9B0EEE540CC07AA3D3FE45D445B0C71815E95D7D461C6AB615903532705D09
G05	5	306	91205306	R1	3.2654140348111795	13.7691019113286	0.00224	0.0028092933094303434	0.1771240234375	0	-0.0013899999999999989	0.00706	False	0.0022400000000000024	0.77740478515625	2.6020852139652106e-18	True	1332264.0	40099.0	342.3769087	3170648064.0	world_g05_n306.mat	E9F96DE16AAFD713F0DB49EF6F3CF84362DF25D5484FDE087D53AE6CFB5BF508	59B22764181C475D824B3847F1FC4F2E3EA726C62618AB02D8691B028031CC55	AE9B0EEE540CC07AA3D3FE45D445B0C71815E95D7D461C6AB615903532705D09
G05	5	306	91205306	R2	3.2654140348111795	13.7691019113286	0.00224	-0.0006876231772354106	0.713134765625	0	-0.004799999999999999	0.003440000000000002	False	0.0022400000000000024	0.14208984375	2.6020852139652106e-18	True	1332264.0	40099.0	342.3769087	3170648064.0	world_g05_n306.mat	E9F96DE16AAFD713F0DB49EF6F3CF84362DF25D5484FDE087D53AE6CFB5BF508	59B22764181C475D824B3847F1FC4F2E3EA726C62618AB02D8691B028031CC55	AE9B0EEE540CC07AA3D3FE45D445B0C71815E95D7D461C6AB615903532705D09
G05	5	307	91205307	R1	3.2654140348111795	13.7691019113286	0.00224	0.001010039219890265	0.518096923828125	0	-0.0023099999999999996	0.00425	False	0.0022400000000000024	0.44219970703125	2.6020852139652106e-18	True	1332264.0	40362.0	341.5892137	3170619392.0	world_g05_n307.mat	E2C4E5C839C15A6EC207A9D44BFECBE1F0D7493C99DABDD098733D221C8C96C1	59B22764181C475D824B3847F1FC4F2E3EA726C62618AB02D8691B028031CC55	AE9B0EEE540CC07AA3D3FE45D445B0C71815E95D7D461C6AB615903532705D09
G05	5	307	91205307	R2	3.2654140348111795	13.7691019113286	0.00224	0.0012839955647663825	0.5625	0	-0.0034999999999999996	0.006000000000000002	False	0.0022400000000000024	0.669189453125	2.6020852139652106e-18	True	1332264.0	40362.0	341.5892137	3170619392.0	world_g05_n307.mat	E2C4E5C839C15A6EC207A9D44BFECBE1F0D7493C99DABDD098733D221C8C96C1	59B22764181C475D824B3847F1FC4F2E3EA726C62618AB02D8691B028031CC55	AE9B0EEE540CC07AA3D3FE45D445B0C71815E95D7D461C6AB615903532705D09
G05	5	308	91205308	R1	3.2654140348111795	13.7691019113286	0.00224	-0.0012496757781767403	0.606414794921875	0	-0.0060399999999999985	0.0033700000000000015	False	0.0022400000000000024	0.1387939453125	2.6020852139652106e-18	True	1332264.0	40138.0	342.60366	3170631680.0	world_g05_n308.mat	AACD5A830A1A1133A9EEE1465B57EEF77A77AF3C61DE9E4AEFF2252F29E8B950	59B22764181C475D824B3847F1FC4F2E3EA726C62618AB02D8691B028031CC55	AE9B0EEE540CC07AA3D3FE45D445B0C71815E95D7D461C6AB615903532705D09
G05	5	308	91205308	R2	3.2654140348111795	13.7691019113286	0.00224	0.003658023399182959	0.052734375	0	-8.000000000000021e-05	0.007390000000000001	False	0.0022400000000000024	0.410888671875	2.6020852139652106e-18	True	1332264.0	40138.0	342.60366	3170631680.0	world_g05_n308.mat	AACD5A830A1A1133A9EEE1465B57EEF77A77AF3C61DE9E4AEFF2252F29E8B950	59B22764181C475D824B3847F1FC4F2E3EA726C62618AB02D8691B028031CC55	AE9B0EEE540CC07AA3D3FE45D445B0C71815E95D7D461C6AB615903532705D09
G05	5	309	91205309	R1	3.2654140348111795	13.7691019113286	0.00224	0.0011205796149039832	0.51806640625	0	-0.0022699999999999977	0.004610000000000003	False	0.0022400000000000024	0.512725830078125	2.6020852139652106e-18	True	1332264.0	39911.0	343.5492061	3158220800.0	world_g05_n309.mat	6A3EAE2A9F673E17D56DA949ECC2121C476B8F2668530EEFEB428F3DEBF1FE5F	59B22764181C475D824B3847F1FC4F2E3EA726C62618AB02D8691B028031CC55	AE9B0EEE540CC07AA3D3FE45D445B0C71815E95D7D461C6AB615903532705D09
G05	5	309	91205309	R2	3.2654140348111795	13.7691019113286	0.00224	0.00039941601773348367	0.83251953125	0	-0.0036500000000000005	0.00443	False	0.0022400000000000024	0.3251953125	2.6020852139652106e-18	True	1332264.0	39911.0	343.5492061	3158220800.0	world_g05_n309.mat	6A3EAE2A9F673E17D56DA949ECC2121C476B8F2668530EEFEB428F3DEBF1FE5F	59B22764181C475D824B3847F1FC4F2E3EA726C62618AB02D8691B028031CC55	AE9B0EEE540CC07AA3D3FE45D445B0C71815E95D7D461C6AB615903532705D09
G05	5	310	91205310	R1	3.2654140348111795	13.7691019113286	0.00224	0.00014965256154869395	0.9404296875	0	-0.0042099999999999985	0.004460000000000002	False	0.0022400000000000024	0.305084228515625	2.6020852139652106e-18	True	1332264.0	40340.0	367.3782449	3148787712.0	world_g05_n310.mat	B252BDFBD91F964B7F84A9ADFAE41BDEAAC225E04D6128A2F369E310C1D615F2	59B22764181C475D824B3847F1FC4F2E3EA726C62618AB02D8691B028031CC55	AE9B0EEE540CC07AA3D3FE45D445B0C71815E95D7D461C6AB615903532705D09
G05	5	310	91205310	R2	3.2654140348111795	13.7691019113286	0.00224	0.0034936373647989913	0.049560546875	1	3.0000000000002247e-05	0.00698	False	0.0022400000000000024	0.437744140625	2.6020852139652106e-18	True	1332264.0	40340.0	367.3782449	3148787712.0	world_g05_n310.mat	B252BDFBD91F964B7F84A9ADFAE41BDEAAC225E04D6128A2F369E310C1D615F2	59B22764181C475D824B3847F1FC4F2E3EA726C62618AB02D8691B028031CC55	AE9B0EEE540CC07AA3D3FE45D445B0C71815E95D7D461C6AB615903532705D09
G05	5	311	91205311	R1	3.2654140348111795	13.7691019113286	0.00224	-0.00023057134513379844	0.86029052734375	0	-0.0030799999999999994	0.002610000000000001	False	0.0022400000000000024	0.082183837890625	2.6020852139652106e-18	True	1332264.0	40109.0	368.496886	3148636160.0	world_g05_n311.mat	8AE41A5BA10DA9D2FA04CD083C6C49E396C26182178E7F3841D1C314FB724348	59B22764181C475D824B3847F1FC4F2E3EA726C62618AB02D8691B028031CC55	AE9B0EEE540CC07AA3D3FE45D445B0C71815E95D7D461C6AB615903532705D09
G05	5	311	91205311	R2	3.2654140348111795	13.7691019113286	0.00224	0.0001721193477909491	0.90380859375	0	-0.002919999999999999	0.003300000000000001	False	0.0022400000000000024	0.16796875	2.6020852139652106e-18	True	1332264.0	40109.0	368.496886	3148636160.0	world_g05_n311.mat	8AE41A5BA10DA9D2FA04CD083C6C49E396C26182178E7F3841D1C314FB724348	59B22764181C475D824B3847F1FC4F2E3EA726C62618AB02D8691B028031CC55	AE9B0EEE540CC07AA3D3FE45D445B0C71815E95D7D461C6AB615903532705D09
G05	5	312	91205312	R1	3.2654140348111795	13.7691019113286	0.00224	-0.0018317653237379494	0.341827392578125	0	-0.005859999999999999	0.002170000000000002	False	0.0022400000000000024	0.04693603515625	2.6020852139652106e-18	False	1332264.0	40090.0	369.6467119	3148648448.0	world_g05_n312.mat	75BD72DDEFED109F42A1C653BE2B395ADE87A655CECD5CE0B3A847567536F2EE	59B22764181C475D824B3847F1FC4F2E3EA726C62618AB02D8691B028031CC55	AE9B0EEE540CC07AA3D3FE45D445B0C71815E95D7D461C6AB615903532705D09
G05	5	312	91205312	R2	3.2654140348111795	13.7691019113286	0.00224	-0.0005738296001251424	0.7138671875	0	-0.00383	0.0027800000000000012	False	0.0022400000000000024	0.092041015625	2.6020852139652106e-18	True	1332264.0	40090.0	369.6467119	3148648448.0	world_g05_n312.mat	75BD72DDEFED109F42A1C653BE2B395ADE87A655CECD5CE0B3A847567536F2EE	59B22764181C475D824B3847F1FC4F2E3EA726C62618AB02D8691B028031CC55	AE9B0EEE540CC07AA3D3FE45D445B0C71815E95D7D461C6AB615903532705D09
G05	5	313	91205313	R1	3.2654140348111795	13.7691019113286	0.00224	0.001236051118491284	0.528228759765625	0	-0.0029099999999999994	0.005380000000000003	False	0.0022400000000000024	0.604644775390625	2.6020852139652106e-18	True	1332264.0	40019.0	365.8463295	3147812864.0	world_g05_n313.mat	27F468E20FD0A5AB30663AFF973A45A3C3E9030D6502DDD978BB7FA61BDBCF3E	59B22764181C475D824B3847F1FC4F2E3EA726C62618AB02D8691B028031CC55	AE9B0EEE540CC07AA3D3FE45D445B0C71815E95D7D461C6AB615903532705D09
G05	5	313	91205313	R2	3.2654140348111795	13.7691019113286	0.00224	-0.001246090721390958	0.52294921875	0	-0.0053599999999999984	0.0026700000000000022	False	0.0022400000000000024	0.08056640625	2.6020852139652106e-18	True	1332264.0	40019.0	365.8463295	3147812864.0	world_g05_n313.mat	27F468E20FD0A5AB30663AFF973A45A3C3E9030D6502DDD978BB7FA61BDBCF3E	59B22764181C475D824B3847F1FC4F2E3EA726C62618AB02D8691B028031CC55	AE9B0EEE540CC07AA3D3FE45D445B0C71815E95D7D461C6AB615903532705D09
G05	5	314	91205314	R1	3.2654140348111795	13.7691019113286	0.00224	-0.001287212121459053	0.513458251953125	0	-0.00545	0.0028800000000000006	False	0.0022400000000000024	0.0885009765625	2.6020852139652106e-18	True	1332264.0	40175.0	366.9985294	3148677120.0	world_g05_n314.mat	68A8A864C5BF38BB33577780DD688FF4AD9887D5EF61928AFD98369654EE05AB	59B22764181C475D824B3847F1FC4F2E3EA726C62618AB02D8691B028031CC55	AE9B0EEE540CC07AA3D3FE45D445B0C71815E95D7D461C6AB615903532705D09
G05	5	314	91205314	R2	3.2654140348111795	13.7691019113286	0.00224	0.0007913246285500228	0.618408203125	0	-0.0026699999999999988	0.004190000000000003	False	0.0022400000000000024	0.380615234375	2.6020852139652106e-18	True	1332264.0	40175.0	366.9985294	3148677120.0	world_g05_n314.mat	68A8A864C5BF38BB33577780DD688FF4AD9887D5EF61928AFD98369654EE05AB	59B22764181C475D824B3847F1FC4F2E3EA726C62618AB02D8691B028031CC55	AE9B0EEE540CC07AA3D3FE45D445B0C71815E95D7D461C6AB615903532705D09
G05	5	315	91205315	R1	3.2654140348111795	13.7691019113286	0.00224	-0.0021770364597516034	0.206512451171875	0	-0.005689999999999999	0.001290000000000003	False	0.0022400000000000024	0.01312255859375	2.6020852139652106e-18	False	1332264.0	39778.0	365.9562587	3147751424.0	world_g05_n315.mat	540023718C0513A752B5A24AD64F2C298DAC2D7FC1BACB5172796795DBE51477	59B22764181C475D824B3847F1FC4F2E3EA726C62618AB02D8691B028031CC55	AE9B0EEE540CC07AA3D3FE45D445B0C71815E95D7D461C6AB615903532705D09
G05	5	315	91205315	R2	3.2654140348111795	13.7691019113286	0.00224	-0.004748699871760445	0.017822265625	1	-0.00844	-0.0010499999999999989	False	0.0022400000000000024	0.002197265625	2.6020852139652106e-18	False	1332264.0	39778.0	365.9562587	3147751424.0	world_g05_n315.mat	540023718C0513A752B5A24AD64F2C298DAC2D7FC1BACB5172796795DBE51477	59B22764181C475D824B3847F1FC4F2E3EA726C62618AB02D8691B028031CC55	AE9B0EEE540CC07AA3D3FE45D445B0C71815E95D7D461C6AB615903532705D09
G05	5	316	91205316	R1	3.2654140348111795	13.7691019113286	0.00224	0.0009293062760343977	0.4981689453125	0	-0.0019500000000000003	0.00383	False	0.0022400000000000024	0.34320068359375	2.6020852139652106e-18	True	1332264.0	40068.0	366.4093528	3147776000.0	world_g05_n316.mat	43C249084268822919E042AD5128C65CB8CECC882B1873182FCFC6EE0F280123	59B22764181C475D824B3847F1FC4F2E3EA726C62618AB02D8691B028031CC55	AE9B0EEE540CC07AA3D3FE45D445B0C71815E95D7D461C6AB615903532705D09
G05	5	316	91205316	R2	3.2654140348111795	13.7691019113286	0.00224	0.0011878021480454235	0.4599609375	0	-0.0022000000000000006	0.004570000000000001	False	0.0022400000000000024	0.511474609375	2.6020852139652106e-18	True	1332264.0	40068.0	366.4093528	3147776000.0	world_g05_n316.mat	43C249084268822919E042AD5128C65CB8CECC882B1873182FCFC6EE0F280123	59B22764181C475D824B3847F1FC4F2E3EA726C62618AB02D8691B028031CC55	AE9B0EEE540CC07AA3D3FE45D445B0C71815E95D7D461C6AB615903532705D09
G05	5	317	91205317	R1	3.2654140348111795	13.7691019113286	0.00224	-0.0007250694760050998	0.7210693359375	0	-0.00498	0.0034500000000000017	False	0.0022400000000000024	0.154998779296875	2.6020852139652106e-18	True	1332264.0	39804.0	365.4474612	3146838016.0	world_g05_n317.mat	54DF77E1FC32F1EFCA84D45F6C7C98A9A6A7D1BE0E7F4CB9B0988C0C56753F78	59B22764181C475D824B3847F1FC4F2E3EA726C62618AB02D8691B028031CC55	AE9B0EEE540CC07AA3D3FE45D445B0C71815E95D7D461C6AB615903532705D09
G05	5	317	91205317	R2	3.2654140348111795	13.7691019113286	0.00224	-0.0020529078733144057	0.26953125	0	-0.0059299999999999995	0.0019500000000000003	False	0.0022400000000000024	0.03125	2.6020852139652106e-18	False	1332264.0	39804.0	365.4474612	3146838016.0	world_g05_n317.mat	54DF77E1FC32F1EFCA84D45F6C7C98A9A6A7D1BE0E7F4CB9B0988C0C56753F78	59B22764181C475D824B3847F1FC4F2E3EA726C62618AB02D8691B028031CC55	AE9B0EEE540CC07AA3D3FE45D445B0C71815E95D7D461C6AB615903532705D09
G05	5	318	91205318	R1	3.2654140348111795	13.7691019113286	0.00224	0.0005007633541188561	0.743927001953125	0	-0.002749999999999999	0.0037700000000000025	False	0.0022400000000000024	0.265655517578125	2.6020852139652106e-18	True	1332264.0	40442.0	368.1532614	3145650176.0	world_g05_n318.mat	44E8656280AF334716E346D7577740144AE69EBB414CBD11E81137F05C6CD878	59B22764181C475D824B3847F1FC4F2E3EA726C62618AB02D8691B028031CC55	AE9B0EEE540CC07AA3D3FE45D445B0C71815E95D7D461C6AB615903532705D09
G05	5	318	91205318	R2	3.2654140348111795	13.7691019113286	0.00224	0.0004686761258244716	0.7861328125	0	-0.00332	0.0043300000000000005	False	0.0022400000000000024	0.318359375	2.6020852139652106e-18	True	1332264.0	40442.0	368.1532614	3145650176.0	world_g05_n318.mat	44E8656280AF334716E346D7577740144AE69EBB414CBD11E81137F05C6CD878	59B22764181C475D824B3847F1FC4F2E3EA726C62618AB02D8691B028031CC55	AE9B0EEE540CC07AA3D3FE45D445B0C71815E95D7D461C6AB615903532705D09
G05	5	319	91205319	R1	3.2654140348111795	13.7691019113286	0.00224	2.5505058257041437e-05	0.9881591796875	0	-0.00366	0.003720000000000001	False	0.0022400000000000024	0.21319580078125	2.6020852139652106e-18	True	1332264.0	40267.0	370.5083431	3145736192.0	world_g05_n319.mat	2BA2BE67AAD8FA6F2214BA35854A13CBA23D50468F0323ED790CBCED1BC73341	59B22764181C475D824B3847F1FC4F2E3EA726C62618AB02D8691B028031CC55	AE9B0EEE540CC07AA3D3FE45D445B0C71815E95D7D461C6AB615903532705D09
G05	5	319	91205319	R2	3.2654140348111795	13.7691019113286	0.00224	-0.0008195413806308307	0.4580078125	0	-0.003179999999999999	0.0015000000000000013	False	0.0022400000000000024	0.011474609375	2.6020852139652106e-18	False	1332264.0	40267.0	370.5083431	3145736192.0	world_g05_n319.mat	2BA2BE67AAD8FA6F2214BA35854A13CBA23D50468F0323ED790CBCED1BC73341	59B22764181C475D824B3847F1FC4F2E3EA726C62618AB02D8691B028031CC55	AE9B0EEE540CC07AA3D3FE45D445B0C71815E95D7D461C6AB615903532705D09
G05	5	320	91205320	R1	3.2654140348111795	13.7691019113286	0.00224	-0.001321090301478211	0.50286865234375	0	-0.00549	0.0028800000000000006	False	0.0022400000000000024	0.088226318359375	2.6020852139652106e-18	True	1332264.0	40399.0	369.7905499	3144781824.0	world_g05_n320.mat	DDC24257DA9E73A3D869C0D62CE27F0DFD4BACE60CBC388AE2412C7E878638A2	59B22764181C475D824B3847F1FC4F2E3EA726C62618AB02D8691B028031CC55	AE9B0EEE540CC07AA3D3FE45D445B0C71815E95D7D461C6AB615903532705D09
G05	5	320	91205320	R2	3.2654140348111795	13.7691019113286	0.00224	0.0016557027777813391	0.380859375	0	-0.0024399999999999977	0.005720000000000003	False	0.0022400000000000024	0.760009765625	2.6020852139652106e-18	True	1332264.0	40399.0	369.7905499	3144781824.0	world_g05_n320.mat	DDC24257DA9E73A3D869C0D62CE27F0DFD4BACE60CBC388AE2412C7E878638A2	59B22764181C475D824B3847F1FC4F2E3EA726C62618AB02D8691B028031CC55	AE9B0EEE540CC07AA3D3FE45D445B0C71815E95D7D461C6AB615903532705D09
G05	5	321	91205321	R1	3.2654140348111795	13.7691019113286	0.00224	0.0007632908882727585	0.720611572265625	0	-0.003539999999999998	0.005180000000000001	False	0.0022400000000000024	0.484588623046875	2.6020852139652106e-18	True	1332264.0	39964.0	366.215053	3146588160.0	world_g05_n321.mat	741A2D352D3FDF4C089AC38AA3EDFBD553F36A43E20E7581E07B90A649BC1066	59B22764181C475D824B3847F1FC4F2E3EA726C62618AB02D8691B028031CC55	AE9B0EEE540CC07AA3D3FE45D445B0C71815E95D7D461C6AB615903532705D09
G05	5	321	91205321	R2	3.2654140348111795	13.7691019113286	0.00224	0.00026027257452666445	0.89404296875	0	-0.004049999999999998	0.0045600000000000016	False	0.0022400000000000024	0.328369140625	2.6020852139652106e-18	True	1332264.0	39964.0	366.215053	3146588160.0	world_g05_n321.mat	741A2D352D3FDF4C089AC38AA3EDFBD553F36A43E20E7581E07B90A649BC1066	59B22764181C475D824B3847F1FC4F2E3EA726C62618AB02D8691B028031CC55	AE9B0EEE540CC07AA3D3FE45D445B0C71815E95D7D461C6AB615903532705D09
G05	5	322	91205322	R1	3.2654140348111795	13.7691019113286	0.00224	-0.00025612968292991446	0.896087646484375	0	-0.004499999999999999	0.003980000000000001	False	0.0022400000000000024	0.220855712890625	2.6020852139652106e-18	True	1332264.0	40219.0	342.3874861	3143827456.0	world_g05_n322.mat	DE8C1D20D0E25EA7FB8E5CA26695BEBF1F1065CA156FD6DEE82B8D25EEDF9DF4	59B22764181C475D824B3847F1FC4F2E3EA726C62618AB02D8691B028031CC55	AE9B0EEE540CC07AA3D3FE45D445B0C71815E95D7D461C6AB615903532705D09
G05	5	322	91205322	R2	3.2654140348111795	13.7691019113286	0.00224	0.0022190396572500035	0.142578125	0	-0.0008599999999999997	0.005320000000000002	False	0.0022400000000000024	0.988037109375	2.6020852139652106e-18	True	1332264.0	40219.0	342.3874861	3143827456.0	world_g05_n322.mat	DE8C1D20D0E25EA7FB8E5CA26695BEBF1F1065CA156FD6DEE82B8D25EEDF9DF4	59B22764181C475D824B3847F1FC4F2E3EA726C62618AB02D8691B028031CC55	AE9B0EEE540CC07AA3D3FE45D445B0C71815E95D7D461C6AB615903532705D09
G05	5	323	91205323	R1	3.2654140348111795	13.7691019113286	0.00224	-0.0025509236189733865	0.209320068359375	0	-0.0067199999999999985	0.0016000000000000007	False	0.0022400000000000024	0.02740478515625	2.6020852139652106e-18	False	1332264.0	40180.0	335.1901268	3141885952.0	world_g05_n323.mat	EFFA741368431BC59C6146C47F234F9E759A5E82C5834E154D2C66CCDCFA9932	59B22764181C475D824B3847F1FC4F2E3EA726C62618AB02D8691B028031CC55	AE9B0EEE540CC07AA3D3FE45D445B0C71815E95D7D461C6AB615903532705D09
G05	5	323	91205323	R2	3.2654140348111795	13.7691019113286	0.00224	0.004286307366929234	0.010498046875	1	0.0012600000000000007	0.0073100000000000005	False	0.0022400000000000024	0.16064453125	2.6020852139652106e-18	True	1332264.0	40180.0	335.1901268	3141885952.0	world_g05_n323.mat	EFFA741368431BC59C6146C47F234F9E759A5E82C5834E154D2C66CCDCFA9932	59B22764181C475D824B3847F1FC4F2E3EA726C62618AB02D8691B028031CC55	AE9B0EEE540CC07AA3D3FE45D445B0C71815E95D7D461C6AB615903532705D09
G05	5	324	91205324	R1	3.2654140348111795	13.7691019113286	0.00224	0.0006955266545606922	0.618499755859375	0	-0.00196	0.003470000000000001	False	0.0022400000000000024	0.251434326171875	2.6020852139652106e-18	True	1332264.0	40198.0	336.2195983	3140915200.0	world_g05_n324.mat	D1C4DD2AC7BAB48D9C8F147C9B1CBD7B6B47A8D78186E32D10CD23E53362EC15	59B22764181C475D824B3847F1FC4F2E3EA726C62618AB02D8691B028031CC55	AE9B0EEE540CC07AA3D3FE45D445B0C71815E95D7D461C6AB615903532705D09
G05	5	324	91205324	R2	3.2654140348111795	13.7691019113286	0.00224	-0.0022042636901376863	0.330322265625	0	-0.00702	0.002650000000000003	False	0.0022400000000000024	0.06982421875	2.6020852139652106e-18	True	1332264.0	40198.0	336.2195983	3140915200.0	world_g05_n324.mat	D1C4DD2AC7BAB48D9C8F147C9B1CBD7B6B47A8D78186E32D10CD23E53362EC15	59B22764181C475D824B3847F1FC4F2E3EA726C62618AB02D8691B028031CC55	AE9B0EEE540CC07AA3D3FE45D445B0C71815E95D7D461C6AB615903532705D09
G05	5	325	91205325	R1	3.2654140348111795	13.7691019113286	0.00224	0.0017007220929325475	0.297637939453125	0	-0.001639999999999999	0.00502	False	0.0022400000000000024	0.73699951171875	2.6020852139652106e-18	True	1332264.0	40081.0	341.2150565	3140915200.0	world_g05_n325.mat	FE59A0E0631D2A87F3E610D91CA6E576A535A851F86C3C3DA21CF94D83DD743F	59B22764181C475D824B3847F1FC4F2E3EA726C62618AB02D8691B028031CC55	AE9B0EEE540CC07AA3D3FE45D445B0C71815E95D7D461C6AB615903532705D09
G05	5	325	91205325	R2	3.2654140348111795	13.7691019113286	0.00224	-0.0016883210820559079	0.26416015625	0	-0.004919999999999999	0.0015500000000000028	False	0.0022400000000000024	0.0224609375	2.6020852139652106e-18	False	1332264.0	40081.0	341.2150565	3140915200.0	world_g05_n325.mat	FE59A0E0631D2A87F3E610D91CA6E576A535A851F86C3C3DA21CF94D83DD743F	59B22764181C475D824B3847F1FC4F2E3EA726C62618AB02D8691B028031CC55	AE9B0EEE540CC07AA3D3FE45D445B0C71815E95D7D461C6AB615903532705D09
G05	5	326	91205326	R1	3.2654140348111795	13.7691019113286	0.00224	0.0026249245320632423	0.013427734375	1	0.0006600000000000009	0.004520000000000003	False	0.0022400000000000024	0.685516357421875	2.6020852139652106e-18	True	1332264.0	39973.0	336.6381564	3140907008.0	world_g05_n326.mat	240C63C455AA023D3F04FDF0B9FA5D66A310DA23349DEB73EFC84A5A32A697B3	59B22764181C475D824B3847F1FC4F2E3EA726C62618AB02D8691B028031CC55	AE9B0EEE540CC07AA3D3FE45D445B0C71815E95D7D461C6AB615903532705D09
G05	5	326	91205326	R2	3.2654140348111795	13.7691019113286	0.00224	-0.0008215755394673738	0.68896484375	0	-0.005349999999999999	0.0036800000000000027	False	0.0022400000000000024	0.158447265625	2.6020852139652106e-18	True	1332264.0	39973.0	336.6381564	3140907008.0	world_g05_n326.mat	240C63C455AA023D3F04FDF0B9FA5D66A310DA23349DEB73EFC84A5A32A697B3	59B22764181C475D824B3847F1FC4F2E3EA726C62618AB02D8691B028031CC55	AE9B0EEE540CC07AA3D3FE45D445B0C71815E95D7D461C6AB615903532705D09
G05	5	327	91205327	R1	3.2654140348111795	13.7691019113286	0.00224	-0.0015242462561330997	0.212158203125	0	-0.0039900000000000005	0.0009800000000000017	False	0.0022400000000000024	0.005889892578125	2.6020852139652106e-18	False	1332264.0	39990.0	339.7130872	3139948544.0	world_g05_n327.mat	6F545B41ED649983EECBFA65B78E81C7E3612160990764ED3D2D85B9E1F38E87	59B22764181C475D824B3847F1FC4F2E3EA726C62618AB02D8691B028031CC55	AE9B0EEE540CC07AA3D3FE45D445B0C71815E95D7D461C6AB615903532705D09
G05	5	327	91205327	R2	3.2654140348111795	13.7691019113286	0.00224	-0.001378566427642393	0.48828125	0	-0.004929999999999999	0.0017000000000000001	False	0.0022400000000000024	0.01611328125	2.6020852139652106e-18	False	1332264.0	39990.0	339.7130872	3139948544.0	world_g05_n327.mat	6F545B41ED649983EECBFA65B78E81C7E3612160990764ED3D2D85B9E1F38E87	59B22764181C475D824B3847F1FC4F2E3EA726C62618AB02D8691B028031CC55	AE9B0EEE540CC07AA3D3FE45D445B0C71815E95D7D461C6AB615903532705D09
G05	5	328	91205328	R1	3.2654140348111795	13.7691019113286	0.00224	-0.0014963783094612453	0.30328369140625	0	-0.004499999999999999	0.0015300000000000001	False	0.0022400000000000024	0.02001953125	2.6020852139652106e-18	False	1332264.0	40408.0	340.3514791	3129556992.0	world_g05_n328.mat	90ADF5250105DDFD68BFDFCDF33393FE09F980030657F41B5761327A50E5A3BB	59B22764181C475D824B3847F1FC4F2E3EA726C62618AB02D8691B028031CC55	AE9B0EEE540CC07AA3D3FE45D445B0C71815E95D7D461C6AB615903532705D09
G05	5	328	91205328	R2	3.2654140348111795	13.7691019113286	0.00224	-0.0019128986372666007	0.404541015625	0	-0.006749999999999999	0.0029	False	0.0022400000000000024	0.0810546875	2.6020852139652106e-18	True	1332264.0	40408.0	340.3514791	3129556992.0	world_g05_n328.mat	90ADF5250105DDFD68BFDFCDF33393FE09F980030657F41B5761327A50E5A3BB	59B22764181C475D824B3847F1FC4F2E3EA726C62618AB02D8691B028031CC55	AE9B0EEE540CC07AA3D3FE45D445B0C71815E95D7D461C6AB615903532705D09
G05	5	329	91205329	R1	3.2654140348111795	13.7691019113286	0.00224	0.001276817438588906	0.3177490234375	0	-0.0013699999999999997	0.0039400000000000025	False	0.0022400000000000024	0.44189453125	2.6020852139652106e-18	True	1332264.0	39708.0	364.5448164	3176300544.0	world_g05_n329.mat	F3EB3FBA648691BE0D2D5F55085B14BF6BA66798365104E3205ABCCCEEE12861	59B22764181C475D824B3847F1FC4F2E3EA726C62618AB02D8691B028031CC55	AE9B0EEE540CC07AA3D3FE45D445B0C71815E95D7D461C6AB615903532705D09
G05	5	329	91205329	R2	3.2654140348111795	13.7691019113286	0.00224	0.001015230749524459	0.42724609375	0	-0.0017800000000000003	0.0037700000000000025	False	0.0022400000000000024	0.351806640625	2.6020852139652106e-18	True	1332264.0	39708.0	364.5448164	3176300544.0	world_g05_n329.mat	F3EB3FBA648691BE0D2D5F55085B14BF6BA66798365104E3205ABCCCEEE12861	59B22764181C475D824B3847F1FC4F2E3EA726C62618AB02D8691B028031CC55	AE9B0EEE540CC07AA3D3FE45D445B0C71815E95D7D461C6AB615903532705D09
G05	5	330	91205330	R1	3.2654140348111795	13.7691019113286	0.00224	-0.0017351551854359946	0.172821044921875	0	-0.0043300000000000005	0.0008900000000000019	False	0.0022400000000000024	0.00433349609375	2.6020852139652106e-18	False	1332264.0	40159.0	369.4166277	3175325696.0	world_g05_n330.mat	E0B2E44775FF5848335598278865F69A58B299B4F85903D496A19E6AAE210D6D	59B22764181C475D824B3847F1FC4F2E3EA726C62618AB02D8691B028031CC55	AE9B0EEE540CC07AA3D3FE45D445B0C71815E95D7D461C6AB615903532705D09
G05	5	330	91205330	R2	3.2654140348111795	13.7691019113286	0.00224	-0.0008804356246783271	0.6279296875	0	-0.004739999999999999	0.0030300000000000014	False	0.0022400000000000024	0.10498046875	2.6020852139652106e-18	True	1332264.0	40159.0	369.4166277	3175325696.0	world_g05_n330.mat	E0B2E44775FF5848335598278865F69A58B299B4F85903D496A19E6AAE210D6D	59B22764181C475D824B3847F1FC4F2E3EA726C62618AB02D8691B028031CC55	AE9B0EEE540CC07AA3D3FE45D445B0C71815E95D7D461C6AB615903532705D09
G05	5	331	91205331	R1	3.2654140348111795	13.7691019113286	0.00224	-0.0026158263203330764	0.104583740234375	0	-0.00584	0.0006100000000000029	False	0.0022400000000000024	0.006011962890625	2.6020852139652106e-18	False	1332264.0	39914.0	367.909054	3176275968.0	world_g05_n331.mat	EC1B166DC3235CAB8BE9DD5A52D8C1AE61A0A2937555B08DB4B34E6514696876	59B22764181C475D824B3847F1FC4F2E3EA726C62618AB02D8691B028031CC55	AE9B0EEE540CC07AA3D3FE45D445B0C71815E95D7D461C6AB615903532705D09
G05	5	331	91205331	R2	3.2654140348111795	13.7691019113286	0.00224	0.00037147675957378953	0.7373046875	0	-0.00204	0.002740000000000003	False	0.0022400000000000024	0.113037109375	2.6020852139652106e-18	True	1332264.0	39914.0	367.909054	3176275968.0	world_g05_n331.mat	EC1B166DC3235CAB8BE9DD5A52D8C1AE61A0A2937555B08DB4B34E6514696876	59B22764181C475D824B3847F1FC4F2E3EA726C62618AB02D8691B028031CC55	AE9B0EEE540CC07AA3D3FE45D445B0C71815E95D7D461C6AB615903532705D09
G05	5	332	91205332	R1	3.2654140348111795	13.7691019113286	0.00224	-0.0013070538632186206	0.3629150390625	0	-0.004299999999999998	0.0016900000000000005	False	0.0022400000000000024	0.024078369140625	2.6020852139652106e-18	False	1332264.0	39829.0	366.1498113	3175317504.0	world_g05_n332.mat	AE67FDB6B654A21384B9959616B55CE2D3E2910A1BE6ECB3F7F84E157A48AE78	59B22764181C475D824B3847F1FC4F2E3EA726C62618AB02D8691B028031CC55	AE9B0EEE540CC07AA3D3FE45D445B0C71815E95D7D461C6AB615903532705D09
G05	5	332	91205332	R2	3.2654140348111795	13.7691019113286	0.00224	-0.001520276674490333	0.505615234375	0	-0.00634	0.0032000000000000015	False	0.0022400000000000024	0.11767578125	2.6020852139652106e-18	True	1332264.0	39829.0	366.1498113	3175317504.0	world_g05_n332.mat	AE67FDB6B654A21384B9959616B55CE2D3E2910A1BE6ECB3F7F84E157A48AE78	59B22764181C475D824B3847F1FC4F2E3EA726C62618AB02D8691B028031CC55	AE9B0EEE540CC07AA3D3FE45D445B0C71815E95D7D461C6AB615903532705D09
G05	5	333	91205333	R1	3.2654140348111795	13.7691019113286	0.00224	0.0008011000155326945	0.69354248046875	0	-0.003519999999999999	0.005150000000000002	False	0.0022400000000000024	0.490753173828125	2.6020852139652106e-18	True	1332264.0	39753.0	366.0203431	3176284160.0	world_g05_n333.mat	D7A34AACEB8C9B1C7FB41433FB2DABB5592ED256B3F6BE7D2B52FA49443CC527	59B22764181C475D824B3847F1FC4F2E3EA726C62618AB02D8691B028031CC55	AE9B0EEE540CC07AA3D3FE45D445B0C71815E95D7D461C6AB615903532705D09
G05	5	333	91205333	R2	3.2654140348111795	13.7691019113286	0.00224	-0.0017638122989369178	0.384521484375	0	-0.005779999999999999	0.001970000000000003	False	0.0022400000000000024	0.037841796875	2.6020852139652106e-18	False	1332264.0	39753.0	366.0203431	3176284160.0	world_g05_n333.mat	D7A34AACEB8C9B1C7FB41433FB2DABB5592ED256B3F6BE7D2B52FA49443CC527	59B22764181C475D824B3847F1FC4F2E3EA726C62618AB02D8691B028031CC55	AE9B0EEE540CC07AA3D3FE45D445B0C71815E95D7D461C6AB615903532705D09
G06	6	1	91206001	R1	4.61799281479342	27.5382038226563	0.0044800000000000005	-0.0012352720903400607	0.440826416015625	0	-0.004589999999999999	0.0020900000000000016	False	0.004480000000000001	0.0018310546875	8.673617379884035e-19	False	1332264.0	39861.0	367.6140302	3175313408.0	world_g06_n001.mat	68368251FBB1FE129BEAEC88BD6FDE3C5610AAA12CD047584CDDCDC6A4368739	59B22764181C475D824B3847F1FC4F2E3EA726C62618AB02D8691B028031CC55	AE9B0EEE540CC07AA3D3FE45D445B0C71815E95D7D461C6AB615903532705D09
G06	6	1	91206001	R2	4.61799281479342	27.5382038226563	0.0044800000000000005	-0.0013740970412153043	0.43505859375	0	-0.005219999999999999	0.0024300000000000016	False	0.004480000000000001	0.010009765625	8.673617379884035e-19	False	1332264.0	39861.0	367.6140302	3175313408.0	world_g06_n001.mat	68368251FBB1FE129BEAEC88BD6FDE3C5610AAA12CD047584CDDCDC6A4368739	59B22764181C475D824B3847F1FC4F2E3EA726C62618AB02D8691B028031CC55	AE9B0EEE540CC07AA3D3FE45D445B0C71815E95D7D461C6AB615903532705D09
G06	6	2	91206002	R1	4.61799281479342	27.5382038226563	0.0044800000000000005	-0.0010755796136654176	0.498199462890625	0	-0.0043799999999999985	0.0022199999999999998	False	0.004480000000000001	0.002288818359375	8.673617379884035e-19	False	1332264.0	40305.0	368.219193	3176259584.0	world_g06_n002.mat	28BE055247DBF51CC94780334E6B0D71855A51A028EDD42EF280804D3C08C901	59B22764181C475D824B3847F1FC4F2E3EA726C62618AB02D8691B028031CC55	AE9B0EEE540CC07AA3D3FE45D445B0C71815E95D7D461C6AB615903532705D09
G06	6	2	91206002	R2	4.61799281479342	27.5382038226563	0.0044800000000000005	-0.003386765476753471	0.109130859375	0	-0.007689999999999999	0.0008599999999999997	False	0.004480000000000001	0.002685546875	8.673617379884035e-19	False	1332264.0	40305.0	368.219193	3176259584.0	world_g06_n002.mat	28BE055247DBF51CC94780334E6B0D71855A51A028EDD42EF280804D3C08C901	59B22764181C475D824B3847F1FC4F2E3EA726C62618AB02D8691B028031CC55	AE9B0EEE540CC07AA3D3FE45D445B0C71815E95D7D461C6AB615903532705D09
G06	6	3	91206003	R1	4.61799281479342	27.5382038226563	0.0044800000000000005	-0.0016735289542334016	0.295074462890625	0	-0.005009999999999999	0.0016700000000000013	False	0.004480000000000001	0.002166748046875	8.673617379884035e-19	False	1332264.0	39874.0	367.6397135	3175305216.0	world_g06_n003.mat	E1588831F09B6C08631B56AF617AEC4F22135DE759A41B4B791206BCC9D51F60	59B22764181C475D824B3847F1FC4F2E3EA726C62618AB02D8691B028031CC55	AE9B0EEE540CC07AA3D3FE45D445B0C71815E95D7D461C6AB615903532705D09
G06	6	3	91206003	R2	4.61799281479342	27.5382038226563	0.0044800000000000005	-0.0010511796838834984	0.590576171875	0	-0.005209999999999999	0.0030000000000000027	False	0.004480000000000001	0.011962890625	8.673617379884035e-19	False	1332264.0	39874.0	367.6397135	3175305216.0	world_g06_n003.mat	E1588831F09B6C08631B56AF617AEC4F22135DE759A41B4B791206BCC9D51F60	59B22764181C475D824B3847F1FC4F2E3EA726C62618AB02D8691B028031CC55	AE9B0EEE540CC07AA3D3FE45D445B0C71815E95D7D461C6AB615903532705D09
G06	6	4	91206004	R1	4.61799281479342	27.5382038226563	0.0044800000000000005	0.0027169745723199163	0.0450439453125	1	8.000000000000021e-05	0.005350000000000001	False	0.004480000000000001	0.17315673828125	8.673617379884035e-19	True	1332264.0	40025.0	368.5070557	3174252544.0	world_g06_n004.mat	0C8E4FD5D6884BE19C2D7C9F54E7CE115AEA88651B0A666CB42B16BFF708B166	59B22764181C475D824B3847F1FC4F2E3EA726C62618AB02D8691B028031CC55	AE9B0EEE540CC07AA3D3FE45D445B0C71815E95D7D461C6AB615903532705D09
G06	6	4	91206004	R2	4.61799281479342	27.5382038226563	0.0044800000000000005	0.000862081309305109	0.643310546875	0	-0.0032099999999999976	0.0050100000000000006	False	0.004480000000000001	0.07763671875	8.673617379884035e-19	True	1332264.0	40025.0	368.5070557	3174252544.0	world_g06_n004.mat	0C8E4FD5D6884BE19C2D7C9F54E7CE115AEA88651B0A666CB42B16BFF708B166	59B22764181C475D824B3847F1FC4F2E3EA726C62618AB02D8691B028031CC55	AE9B0EEE540CC07AA3D3FE45D445B0C71815E95D7D461C6AB615903532705D09
G06	6	5	91206005	R1	4.61799281479342	27.5382038226563	0.0044800000000000005	0.003659997435901133	0.025970458984375	1	0.0005000000000000004	0.006830000000000003	False	0.004480000000000001	0.58941650390625	8.673617379884035e-19	True	1332264.0	39945.0	370.4534777	3174236160.0	world_g06_n005.mat	195F03347BB30660ACE85685CCB5531DFD975F348C0854C24D4384370D0BEDAD	59B22764181C475D824B3847F1FC4F2E3EA726C62618AB02D8691B028031CC55	AE9B0EEE540CC07AA3D3FE45D445B0C71815E95D7D461C6AB615903532705D09
G06	6	5	91206005	R2	4.61799281479342	27.5382038226563	0.0044800000000000005	0.0001423406161566212	0.94580078125	0	-0.00448	0.004780000000000003	False	0.004480000000000001	0.063232421875	8.673617379884035e-19	True	1332264.0	39945.0	370.4534777	3174236160.0	world_g06_n005.mat	195F03347BB30660ACE85685CCB5531DFD975F348C0854C24D4384370D0BEDAD	59B22764181C475D824B3847F1FC4F2E3EA726C62618AB02D8691B028031CC55	AE9B0EEE540CC07AA3D3FE45D445B0C71815E95D7D461C6AB615903532705D09
G06	6	6	91206006	R1	4.61799281479342	27.5382038226563	0.0044800000000000005	-4.2905031327273115e-05	0.973358154296875	0	-0.0028000000000000004	0.0026600000000000026	False	0.004480000000000001	0.002288818359375	8.673617379884035e-19	False	1332264.0	39732.0	369.3315921	3173281792.0	world_g06_n006.mat	490ECE3D692DDA120A4D229D5B99BD3EC3A443326B136C68BEA47B19CDCC7C1B	59B22764181C475D824B3847F1FC4F2E3EA726C62618AB02D8691B028031CC55	AE9B0EEE540CC07AA3D3FE45D445B0C71815E95D7D461C6AB615903532705D09
G06	6	6	91206006	R2	4.61799281479342	27.5382038226563	0.0044800000000000005	-0.0009361775735801045	0.558837890625	0	-0.004279999999999999	0.0025599999999999998	False	0.004480000000000001	0.0068359375	8.673617379884035e-19	False	1332264.0	39732.0	369.3315921	3173281792.0	world_g06_n006.mat	490ECE3D692DDA120A4D229D5B99BD3EC3A443326B136C68BEA47B19CDCC7C1B	59B22764181C475D824B3847F1FC4F2E3EA726C62618AB02D8691B028031CC55	AE9B0EEE540CC07AA3D3FE45D445B0C71815E95D7D461C6AB615903532705D09
G06	6	7	91206007	R1	4.61799281479342	27.5382038226563	0.0044800000000000005	-0.002091452547333798	0.192474365234375	0	-0.0052899999999999996	0.001120000000000003	False	0.004480000000000001	0.000732421875	8.673617379884035e-19	False	1332264.0	39927.0	364.2625521	3174244352.0	world_g06_n007.mat	85D892035BF2996CEEACD1D88895BF69FC8989E148D987013AE87B6D69689A22	59B22764181C475D824B3847F1FC4F2E3EA726C62618AB02D8691B028031CC55	AE9B0EEE540CC07AA3D3FE45D445B0C71815E95D7D461C6AB615903532705D09
G06	6	7	91206007	R2	4.61799281479342	27.5382038226563	0.0044800000000000005	0.0032726622766870595	0.206787109375	0	-0.0022299999999999993	0.008380000000000002	False	0.004480000000000001	0.63720703125	8.673617379884035e-19	True	1332264.0	39927.0	364.2625521	3174244352.0	world_g06_n007.mat	85D892035BF2996CEEACD1D88895BF69FC8989E148D987013AE87B6D69689A22	59B22764181C475D824B3847F1FC4F2E3EA726C62618AB02D8691B028031CC55	AE9B0EEE540CC07AA3D3FE45D445B0C71815E95D7D461C6AB615903532705D09
G06	6	8	91206008	R1	4.61799281479342	27.5382038226563	0.0044800000000000005	-0.0032282680967900294	0.03765869140625	1	-0.0062099999999999985	-0.00021999999999999797	False	0.004480000000000001	0.00018310546875	8.673617379884035e-19	False	1332264.0	39782.0	343.0160967	3171479552.0	world_g06_n008.mat	0D233863238FA8363032D82F9196C80A5C98562553B8E0C444E4DA4B58611CEB	59B22764181C475D824B3847F1FC4F2E3EA726C62618AB02D8691B028031CC55	AE9B0EEE540CC07AA3D3FE45D445B0C71815E95D7D461C6AB615903532705D09
G06	6	8	91206008	R2	4.61799281479342	27.5382038226563	0.0044800000000000005	0.00236254227676836	0.169921875	0	-0.0009499999999999995	0.005850000000000001	False	0.004480000000000001	0.202392578125	8.673617379884035e-19	True	1332264.0	39782.0	343.0160967	3171479552.0	world_g06_n008.mat	0D233863238FA8363032D82F9196C80A5C98562553B8E0C444E4DA4B58611CEB	59B22764181C475D824B3847F1FC4F2E3EA726C62618AB02D8691B028031CC55	AE9B0EEE540CC07AA3D3FE45D445B0C71815E95D7D461C6AB615903532705D09
G06	6	9	91206009	R1	4.61799281479342	27.5382038226563	0.0044800000000000005	-0.0012184203845147913	0.43951416015625	0	-0.00452	0.002100000000000001	False	0.004480000000000001	0.003326416015625	8.673617379884035e-19	False	1332264.0	40070.0	339.5725267	3169550336.0	world_g06_n009.mat	A51A63FABB0CB4BADE79C4000BDC97E55F45B74A3BDD33D1007BDF90B8619B95	59B22764181C475D824B3847F1FC4F2E3EA726C62618AB02D8691B028031CC55	AE9B0EEE540CC07AA3D3FE45D445B0C71815E95D7D461C6AB615903532705D09
G06	6	9	91206009	R2	4.61799281479342	27.5382038226563	0.0044800000000000005	0.0016345948984014184	0.42041015625	0	-0.0021899999999999975	0.005690000000000001	False	0.004480000000000001	0.150634765625	8.673617379884035e-19	True	1332264.0	40070.0	339.5725267	3169550336.0	world_g06_n009.mat	A51A63FABB0CB4BADE79C4000BDC97E55F45B74A3BDD33D1007BDF90B8619B95	59B22764181C475D824B3847F1FC4F2E3EA726C62618AB02D8691B028031CC55	AE9B0EEE540CC07AA3D3FE45D445B0C71815E95D7D461C6AB615903532705D09
G06	6	10	91206010	R1	4.61799281479342	27.5382038226563	0.0044800000000000005	-0.00018163343027669082	0.915252685546875	0	-0.003459999999999998	0.00324	False	0.004480000000000001	0.01220703125	8.673617379884035e-19	False	1332264.0	39654.0	336.7258218	3169538048.0	world_g06_n010.mat	672F899EAC8D26374384ACF1F932C6A7491E91BA41E8A5A77B5286C92DAB13F2	59B22764181C475D824B3847F1FC4F2E3EA726C62618AB02D8691B028031CC55	AE9B0EEE540CC07AA3D3FE45D445B0C71815E95D7D461C6AB615903532705D09
G06	6	10	91206010	R2	4.61799281479342	27.5382038226563	0.0044800000000000005	5.365329845203919e-05	0.97607421875	0	-0.0035899999999999994	0.0036500000000000005	False	0.004480000000000001	0.023681640625	8.673617379884035e-19	False	1332264.0	39654.0	336.7258218	3169538048.0	world_g06_n010.mat	672F899EAC8D26374384ACF1F932C6A7491E91BA41E8A5A77B5286C92DAB13F2	59B22764181C475D824B3847F1FC4F2E3EA726C62618AB02D8691B028031CC55	AE9B0EEE540CC07AA3D3FE45D445B0C71815E95D7D461C6AB615903532705D09
G06	6	11	91206011	R1	4.61799281479342	27.5382038226563	0.0044800000000000005	-0.002286155044782332	0.1251220703125	0	-0.005309999999999999	0.0007000000000000027	False	0.004480000000000001	3.0517578125e-05	8.673617379884035e-19	False	1332264.0	40112.0	343.6901058	3169538048.0	world_g06_n011.mat	FD379882719930AF719AE43C530A5FAB192A32F1A76DBB85223708DEA90299F2	59B22764181C475D824B3847F1FC4F2E3EA726C62618AB02D8691B028031CC55	AE9B0EEE540CC07AA3D3FE45D445B0C71815E95D7D461C6AB615903532705D09
G06	6	11	91206011	R2	4.61799281479342	27.5382038226563	0.0044800000000000005	-0.004827690207939546	0.032470703125	1	-0.009	-0.0004799999999999978	False	0.004480000000000001	0.00146484375	8.673617379884035e-19	False	1332264.0	40112.0	343.6901058	3169538048.0	world_g06_n011.mat	FD379882719930AF719AE43C530A5FAB192A32F1A76DBB85223708DEA90299F2	59B22764181C475D824B3847F1FC4F2E3EA726C62618AB02D8691B028031CC55	AE9B0EEE540CC07AA3D3FE45D445B0C71815E95D7D461C6AB615903532705D09
G06	6	12	91206012	R1	4.61799281479342	27.5382038226563	0.0044800000000000005	0.0017628216753832764	0.29327392578125	0	-0.0016900000000000005	0.005240000000000002	False	0.004480000000000001	0.114990234375	8.673617379884035e-19	True	1332264.0	39752.0	341.5370548	3169529856.0	world_g06_n012.mat	72C3BDCC712156158D657EE16780D9E4178AB728A9468A6E17B38EA0EE5A4CFD	59B22764181C475D824B3847F1FC4F2E3EA726C62618AB02D8691B028031CC55	AE9B0EEE540CC07AA3D3FE45D445B0C71815E95D7D461C6AB615903532705D09
G06	6	12	91206012	R2	4.61799281479342	27.5382038226563	0.0044800000000000005	-0.00018969836096462028	0.90283203125	0	-0.003689999999999999	0.003270000000000002	False	0.004480000000000001	0.010986328125	8.673617379884035e-19	False	1332264.0	39752.0	341.5370548	3169529856.0	world_g06_n012.mat	72C3BDCC712156158D657EE16780D9E4178AB728A9468A6E17B38EA0EE5A4CFD	59B22764181C475D824B3847F1FC4F2E3EA726C62618AB02D8691B028031CC55	AE9B0EEE540CC07AA3D3FE45D445B0C71815E95D7D461C6AB615903532705D09
G06	6	13	91206013	R1	4.61799281479342	27.5382038226563	0.0044800000000000005	-0.0001850763203771429	0.932159423828125	0	-0.0047799999999999995	0.0044500000000000026	False	0.004480000000000001	0.04864501953125	8.673617379884035e-19	False	1332264.0	40240.0	343.6474681	3169521664.0	world_g06_n013.mat	3B463C6917C063CF9C2DC79BE06489C55EB763266691B940ED593AD2DD9CACAC	59B22764181C475D824B3847F1FC4F2E3EA726C62618AB02D8691B028031CC55	AE9B0EEE540CC07AA3D3FE45D445B0C71815E95D7D461C6AB615903532705D09
G06	6	13	91206013	R2	4.61799281479342	27.5382038226563	0.0044800000000000005	-0.0007265540434799651	0.678955078125	0	-0.004579999999999999	0.0031100000000000017	False	0.004480000000000001	0.01318359375	8.673617379884035e-19	False	1332264.0	40240.0	343.6474681	3169521664.0	world_g06_n013.mat	3B463C6917C063CF9C2DC79BE06489C55EB763266691B940ED593AD2DD9CACAC	59B22764181C475D824B3847F1FC4F2E3EA726C62618AB02D8691B028031CC55	AE9B0EEE540CC07AA3D3FE45D445B0C71815E95D7D461C6AB615903532705D09
G06	6	14	91206014	R1	4.61799281479342	27.5382038226563	0.0044800000000000005	-0.0001573228486579485	0.9390869140625	0	-0.0043300000000000005	0.0038800000000000015	False	0.004480000000000001	0.025848388671875	8.673617379884035e-19	False	1332264.0	40268.0	343.6174175	3158081536.0	world_g06_n014.mat	1A13485FBF1F98DE0FE280932FB66FAFAC81A31C00728E4381F97E068AC52C49	59B22764181C475D824B3847F1FC4F2E3EA726C62618AB02D8691B028031CC55	AE9B0EEE540CC07AA3D3FE45D445B0C71815E95D7D461C6AB615903532705D09
G06	6	14	91206014	R2	4.61799281479342	27.5382038226563	0.0044800000000000005	0.002255895219475166	0.310791015625	0	-0.0020799999999999985	0.00681	False	0.004480000000000001	0.300537109375	8.673617379884035e-19	True	1332264.0	40268.0	343.6174175	3158081536.0	world_g06_n014.mat	1A13485FBF1F98DE0FE280932FB66FAFAC81A31C00728E4381F97E068AC52C49	59B22764181C475D824B3847F1FC4F2E3EA726C62618AB02D8691B028031CC55	AE9B0EEE540CC07AA3D3FE45D445B0C71815E95D7D461C6AB615903532705D09
G06	6	15	91206015	R1	4.61799281479342	27.5382038226563	0.0044800000000000005	0.002656581262107684	0.1241455078125	0	-0.0008400000000000005	0.006150000000000003	False	0.004480000000000001	0.278594970703125	8.673617379884035e-19	True	1332264.0	39646.0	366.5668928	3167924224.0	world_g06_n015.mat	C9B9176FA7C671617795F270F383169C823B08322E9EFCBA207B6B766C7FF659	59B22764181C475D824B3847F1FC4F2E3EA726C62618AB02D8691B028031CC55	AE9B0EEE540CC07AA3D3FE45D445B0C71815E95D7D461C6AB615903532705D09
G06	6	15	91206015	R2	4.61799281479342	27.5382038226563	0.0044800000000000005	-0.00037580033868785725	0.877685546875	0	-0.00579	0.004790000000000003	False	0.004480000000000001	0.065673828125	8.673617379884035e-19	True	1332264.0	39646.0	366.5668928	3167924224.0	world_g06_n015.mat	C9B9176FA7C671617795F270F383169C823B08322E9EFCBA207B6B766C7FF659	59B22764181C475D824B3847F1FC4F2E3EA726C62618AB02D8691B028031CC55	AE9B0EEE540CC07AA3D3FE45D445B0C71815E95D7D461C6AB615903532705D09
G06	6	16	91206016	R1	4.61799281479342	27.5382038226563	0.0044800000000000005	-0.0003403843725926153	0.818695068359375	0	-0.00324	0.0024600000000000004	False	0.004480000000000001	0.001312255859375	8.673617379884035e-19	False	1332264.0	40459.0	370.2855393	3165908992.0	world_g06_n016.mat	7339B397AF708B09B8C85123C8AC42D96991F561AC3C65A98ECE105E9F40413D	59B22764181C475D824B3847F1FC4F2E3EA726C62618AB02D8691B028031CC55	AE9B0EEE540CC07AA3D3FE45D445B0C71815E95D7D461C6AB615903532705D09
G06	6	16	91206016	R2	4.61799281479342	27.5382038226563	0.0044800000000000005	-0.00190176462222464	0.332763671875	0	-0.006019999999999999	0.002250000000000002	False	0.004480000000000001	0.006591796875	8.673617379884035e-19	False	1332264.0	40459.0	370.2855393	3165908992.0	world_g06_n016.mat	7339B397AF708B09B8C85123C8AC42D96991F561AC3C65A98ECE105E9F40413D	59B22764181C475D824B3847F1FC4F2E3EA726C62618AB02D8691B028031CC55	AE9B0EEE540CC07AA3D3FE45D445B0C71815E95D7D461C6AB615903532705D09
G06	6	17	91206017	R1	4.61799281479342	27.5382038226563	0.0044800000000000005	0.0007440065964011641	0.61260986328125	0	-0.002349999999999998	0.0038600000000000023	False	0.004480000000000001	0.023773193359375	8.673617379884035e-19	False	1332264.0	39999.0	366.5444246	3164909568.0	world_g06_n017.mat	D987E11976CA0E4B7CDA842EACB6D551B4B7D40096CAA418FA819F0D99FA3E58	59B22764181C475D824B3847F1FC4F2E3EA726C62618AB02D8691B028031CC55	AE9B0EEE540CC07AA3D3FE45D445B0C71815E95D7D461C6AB615903532705D09
G06	6	17	91206017	R2	4.61799281479342	27.5382038226563	0.0044800000000000005	-0.0020358106402251527	0.189208984375	0	-0.00511	0.0012200000000000023	False	0.004480000000000001	0.002197265625	8.673617379884035e-19	False	1332264.0	39999.0	366.5444246	3164909568.0	world_g06_n017.mat	D987E11976CA0E4B7CDA842EACB6D551B4B7D40096CAA418FA819F0D99FA3E58	59B22764181C475D824B3847F1FC4F2E3EA726C62618AB02D8691B028031CC55	AE9B0EEE540CC07AA3D3FE45D445B0C71815E95D7D461C6AB615903532705D09
G06	6	18	91206018	R1	4.61799281479342	27.5382038226563	0.0044800000000000005	-0.0019234959906277733	0.29327392578125	0	-0.0058699999999999985	0.001970000000000003	False	0.004480000000000001	0.00469970703125	8.673617379884035e-19	False	1332264.0	40300.0	366.1733493	3165032448.0	world_g06_n018.mat	6C04C0C830849F5F511E814B1E975AE5D4A2414DBC5ABFDB0DBC48B8CD61B9A8	59B22764181C475D824B3847F1FC4F2E3EA726C62618AB02D8691B028031CC55	AE9B0EEE540CC07AA3D3FE45D445B0C71815E95D7D461C6AB615903532705D09
G06	6	18	91206018	R2	4.61799281479342	27.5382038226563	0.0044800000000000005	-0.002843992435472602	0.101318359375	0	-0.0063799999999999985	0.0006100000000000029	False	0.004480000000000001	0.001220703125	8.673617379884035e-19	False	1332264.0	40300.0	366.1733493	3165032448.0	world_g06_n018.mat	6C04C0C830849F5F511E814B1E975AE5D4A2414DBC5ABFDB0DBC48B8CD61B9A8	59B22764181C475D824B3847F1FC4F2E3EA726C62618AB02D8691B028031CC55	AE9B0EEE540CC07AA3D3FE45D445B0C71815E95D7D461C6AB615903532705D09
G06	6	19	91206019	R1	4.61799281479342	27.5382038226563	0.0044800000000000005	0.0005996054009080543	0.77703857421875	0	-0.00392	0.005120000000000003	False	0.004480000000000001	0.085845947265625	8.673617379884035e-19	True	1332264.0	40283.0	368.579732	3164901376.0	world_g06_n019.mat	9DC1F8D3B6D96ED1B016D93C294192AACBF479A87BE04D63E6E15D0D5F3397A5	59B22764181C475D824B3847F1FC4F2E3EA726C62618AB02D8691B028031CC55	AE9B0EEE540CC07AA3D3FE45D445B0C71815E95D7D461C6AB615903532705D09
G06	6	19	91206019	R2	4.61799281479342	27.5382038226563	0.0044800000000000005	-0.002132367149319375	0.30078125	0	-0.006229999999999999	0.0016900000000000005	False	0.004480000000000001	0.000732421875	8.673617379884035e-19	False	1332264.0	40283.0	368.579732	3164901376.0	world_g06_n019.mat	9DC1F8D3B6D96ED1B016D93C294192AACBF479A87BE04D63E6E15D0D5F3397A5	59B22764181C475D824B3847F1FC4F2E3EA726C62618AB02D8691B028031CC55	AE9B0EEE540CC07AA3D3FE45D445B0C71815E95D7D461C6AB615903532705D09
G06	6	20	91206020	R1	4.61799281479342	27.5382038226563	0.0044800000000000005	-0.00044855011553790003	0.7989501953125	0	-0.004199999999999999	0.00332	False	0.004480000000000001	0.014739990234375	8.673617379884035e-19	False	1332264.0	40475.0	368.3160685	3164913664.0	world_g06_n020.mat	776CC3004C4A00ABA2E725BF26DAC77B0FC2D02D7B5E3DBEE721A2A29F7DB85E	59B22764181C475D824B3847F1FC4F2E3EA726C62618AB02D8691B028031CC55	AE9B0EEE540CC07AA3D3FE45D445B0C71815E95D7D461C6AB615903532705D09
G06	6	20	91206020	R2	4.61799281479342	27.5382038226563	0.0044800000000000005	0.0033604956170354494	0.114990234375	0	-0.0010100000000000005	0.007630000000000001	False	0.004480000000000001	0.578857421875	8.673617379884035e-19	True	1332264.0	40475.0	368.3160685	3164913664.0	world_g06_n020.mat	776CC3004C4A00ABA2E725BF26DAC77B0FC2D02D7B5E3DBEE721A2A29F7DB85E	59B22764181C475D824B3847F1FC4F2E3EA726C62618AB02D8691B028031CC55	AE9B0EEE540CC07AA3D3FE45D445B0C71815E95D7D461C6AB615903532705D09
G06	6	21	91206021	R1	4.61799281479342	27.5382038226563	0.0044800000000000005	-0.0007749795555250303	0.748291015625	0	-0.0052499999999999995	0.0034300000000000025	False	0.004480000000000001	0.014862060546875	8.673617379884035e-19	False	1332264.0	40233.0	366.6518799	3164991488.0	world_g06_n021.mat	014370B8BC132D617658417467C9FACD0607E1D26574BBF553708C63C4643813	59B22764181C475D824B3847F1FC4F2E3EA726C62618AB02D8691B028031CC55	AE9B0EEE540CC07AA3D3FE45D445B0C71815E95D7D461C6AB615903532705D09
G06	6	21	91206021	R2	4.61799281479342	27.5382038226563	0.0044800000000000005	0.002778747106043138	0.21240234375	0	-0.0019299999999999977	0.007530000000000002	False	0.004480000000000001	0.435791015625	8.673617379884035e-19	True	1332264.0	40233.0	366.6518799	3164991488.0	world_g06_n021.mat	014370B8BC132D617658417467C9FACD0607E1D26574BBF553708C63C4643813	59B22764181C475D824B3847F1FC4F2E3EA726C62618AB02D8691B028031CC55	AE9B0EEE540CC07AA3D3FE45D445B0C71815E95D7D461C6AB615903532705D09
G06	6	22	91206022	R1	4.61799281479342	27.5382038226563	0.0044800000000000005	-0.001987962479584693	0.196319580078125	0	-0.0051199999999999996	0.0011000000000000003	False	0.004480000000000001	0.000335693359375	8.673617379884035e-19	False	1332264.0	39875.0	367.8203065	3165040640.0	world_g06_n022.mat	E0AE32140EFCCBA81872EA9CD360A07446035AFFFCACE8D53FB22D912C0A208A	59B22764181C475D824B3847F1FC4F2E3EA726C62618AB02D8691B028031CC55	AE9B0EEE540CC07AA3D3FE45D445B0C71815E95D7D461C6AB615903532705D09
G06	6	22	91206022	R2	4.61799281479342	27.5382038226563	0.0044800000000000005	-0.0006326755934599296	0.74072265625	0	-0.004619999999999999	0.003470000000000001	False	0.004480000000000001	0.024169921875	8.673617379884035e-19	False	1332264.0	39875.0	367.8203065	3165040640.0	world_g06_n022.mat	E0AE32140EFCCBA81872EA9CD360A07446035AFFFCACE8D53FB22D912C0A208A	59B22764181C475D824B3847F1FC4F2E3EA726C62618AB02D8691B028031CC55	AE9B0EEE540CC07AA3D3FE45D445B0C71815E95D7D461C6AB615903532705D09
G06	6	23	91206023	R1	4.61799281479342	27.5382038226563	0.0044800000000000005	-0.0029472723291437365	0.154510498046875	0	-0.0070799999999999995	0.0012799999999999999	False	0.004480000000000001	0.002532958984375	8.673617379884035e-19	False	1332264.0	40260.0	367.6300536	3163828224.0	world_g06_n023.mat	0B42B87C6995D59CB260D1360FC3947EA9C5EFF4F7EB6B91377CC893CF270D71	59B22764181C475D824B3847F1FC4F2E3EA726C62618AB02D8691B028031CC55	AE9B0EEE540CC07AA3D3FE45D445B0C71815E95D7D461C6AB615903532705D09
G06	6	23	91206023	R2	4.61799281479342	27.5382038226563	0.0044800000000000005	-0.0018154951774220615	0.268310546875	0	-0.0052299999999999985	0.001460000000000003	False	0.004480000000000001	0.001708984375	8.673617379884035e-19	False	1332264.0	40260.0	367.6300536	3163828224.0	world_g06_n023.mat	0B42B87C6995D59CB260D1360FC3947EA9C5EFF4F7EB6B91377CC893CF270D71	59B22764181C475D824B3847F1FC4F2E3EA726C62618AB02D8691B028031CC55	AE9B0EEE540CC07AA3D3FE45D445B0C71815E95D7D461C6AB615903532705D09
G06	6	24	91206024	R1	4.61799281479342	27.5382038226563	0.0044800000000000005	0.00045774065248916577	0.78497314453125	0	-0.0025299999999999975	0.0036500000000000005	False	0.004480000000000001	0.01812744140625	8.673617379884035e-19	False	1332264.0	40005.0	368.7357643	3162959872.0	world_g06_n024.mat	40819F319AD077E1AB3A071D7C9C7318A29C7F3DB3AC3EA669226A78A1B27A45	59B22764181C475D824B3847F1FC4F2E3EA726C62618AB02D8691B028031CC55	AE9B0EEE540CC07AA3D3FE45D445B0C71815E95D7D461C6AB615903532705D09
G06	6	24	91206024	R2	4.61799281479342	27.5382038226563	0.0044800000000000005	-0.0004903339693105532	0.738037109375	0	-0.0036099999999999986	0.0027100000000000006	False	0.004480000000000001	0.007080078125	8.673617379884035e-19	False	1332264.0	40005.0	368.7357643	3162959872.0	world_g06_n024.mat	40819F319AD077E1AB3A071D7C9C7318A29C7F3DB3AC3EA669226A78A1B27A45	59B22764181C475D824B3847F1FC4F2E3EA726C62618AB02D8691B028031CC55	AE9B0EEE540CC07AA3D3FE45D445B0C71815E95D7D461C6AB615903532705D09
G06	6	25	91206025	R1	4.61799281479342	27.5382038226563	0.0044800000000000005	-0.0024986293349142236	0.1573486328125	0	-0.006079999999999999	0.0010500000000000023	False	0.004480000000000001	0.00079345703125	8.673617379884035e-19	False	1332264.0	39858.0	370.8876967	3162828800.0	world_g06_n025.mat	5B68456D58D562C3051A891723B9867E7019A477D456C3591242D1B18DE3D43E	59B22764181C475D824B3847F1FC4F2E3EA726C62618AB02D8691B028031CC55	AE9B0EEE540CC07AA3D3FE45D445B0C71815E95D7D461C6AB615903532705D09
G06	6	25	91206025	R2	4.61799281479342	27.5382038226563	0.0044800000000000005	-0.0012572827500279512	0.5537109375	0	-0.0055899999999999995	0.0027500000000000024	False	0.004480000000000001	0.00732421875	8.673617379884035e-19	False	1332264.0	39858.0	370.8876967	3162828800.0	world_g06_n025.mat	5B68456D58D562C3051A891723B9867E7019A477D456C3591242D1B18DE3D43E	59B22764181C475D824B3847F1FC4F2E3EA726C62618AB02D8691B028031CC55	AE9B0EEE540CC07AA3D3FE45D445B0C71815E95D7D461C6AB615903532705D09
G06	6	26	91206026	R1	4.61799281479342	27.5382038226563	0.0044800000000000005	-0.00104660736548623	0.55035400390625	0	-0.004759999999999999	0.00264	False	0.004480000000000001	0.0057373046875	8.673617379884035e-19	False	1332264.0	40117.0	371.52321	3161853952.0	world_g06_n026.mat	C00E7DD85B89A2D225098EDD540FDF4861437ADF433B89C49F6D782E2554630D	59B22764181C475D824B3847F1FC4F2E3EA726C62618AB02D8691B028031CC55	AE9B0EEE540CC07AA3D3FE45D445B0C71815E95D7D461C6AB615903532705D09
G06	6	26	91206026	R2	4.61799281479342	27.5382038226563	0.0044800000000000005	-0.0004560272742343668	0.816650390625	0	-0.004309999999999998	0.0036500000000000005	False	0.004480000000000001	0.024658203125	8.673617379884035e-19	False	1332264.0	40117.0	371.52321	3161853952.0	world_g06_n026.mat	C00E7DD85B89A2D225098EDD540FDF4861437ADF433B89C49F6D782E2554630D	59B22764181C475D824B3847F1FC4F2E3EA726C62618AB02D8691B028031CC55	AE9B0EEE540CC07AA3D3FE45D445B0C71815E95D7D461C6AB615903532705D09
G06	6	27	91206027	R1	4.61799281479342	27.5382038226563	0.0044800000000000005	0.0009879960282051137	0.53460693359375	0	-0.0022199999999999998	0.004240000000000001	False	0.004480000000000001	0.037445068359375	8.673617379884035e-19	False	1332264.0	40373.0	345.4087985	3161083904.0	world_g06_n027.mat	C382C5C3C9064CBCD221708B63025F0BC04AA3352CF75CF9FC604C47449C0A12	59B22764181C475D824B3847F1FC4F2E3EA726C62618AB02D8691B028031CC55	AE9B0EEE540CC07AA3D3FE45D445B0C71815E95D7D461C6AB615903532705D09
G06	6	27	91206027	R2	4.61799281479342	27.5382038226563	0.0044800000000000005	-0.0017405099567709681	0.506103515625	0	-0.006959999999999999	0.003160000000000003	False	0.004480000000000001	0.015380859375	8.673617379884035e-19	False	1332264.0	40373.0	345.4087985	3161083904.0	world_g06_n027.mat	C382C5C3C9064CBCD221708B63025F0BC04AA3352CF75CF9FC604C47449C0A12	59B22764181C475D824B3847F1FC4F2E3EA726C62618AB02D8691B028031CC55	AE9B0EEE540CC07AA3D3FE45D445B0C71815E95D7D461C6AB615903532705D09
G06	6	28	91206028	R1	4.61799281479342	27.5382038226563	0.0044800000000000005	-0.00028422360913551146	0.887786865234375	0	-0.004469999999999998	0.0038600000000000023	False	0.004480000000000001	0.02606201171875	8.673617379884035e-19	False	1332264.0	40012.0	336.8672948	3158130688.0	world_g06_n028.mat	0152A3D4322E464948E6F56DF7E1F8CC595EA495266FC0F197A42BD9691657B0	59B22764181C475D824B3847F1FC4F2E3EA726C62618AB02D8691B028031CC55	AE9B0EEE540CC07AA3D3FE45D445B0C71815E95D7D461C6AB615903532705D09
G06	6	28	91206028	R2	4.61799281479342	27.5382038226563	0.0044800000000000005	-0.0017983577526230151	0.210205078125	0	-0.0046	0.0011999999999999997	False	0.004480000000000001	0.001708984375	8.673617379884035e-19	False	1332264.0	40012.0	336.8672948	3158130688.0	world_g06_n028.mat	0152A3D4322E464948E6F56DF7E1F8CC595EA495266FC0F197A42BD9691657B0	59B22764181C475D824B3847F1FC4F2E3EA726C62618AB02D8691B028031CC55	AE9B0EEE540CC07AA3D3FE45D445B0C71815E95D7D461C6AB615903532705D09
G06	6	29	91206029	R1	4.61799281479342	27.5382038226563	0.0044800000000000005	-0.0010688868450613668	0.506439208984375	0	-0.004489999999999999	0.00238	False	0.004480000000000001	0.004913330078125	8.673617379884035e-19	False	1332264.0	40118.0	337.7613005	3159011328.0	world_g06_n029.mat	E6E11B824AD68E2074014D89C5EE2584F04B99E549C01C942E2D1BDF8913CEC6	59B22764181C475D824B3847F1FC4F2E3EA726C62618AB02D8691B028031CC55	AE9B0EEE540CC07AA3D3FE45D445B0C71815E95D7D461C6AB615903532705D09
G06	6	29	91206029	R2	4.61799281479342	27.5382038226563	0.0044800000000000005	-0.0012430602270493381	0.53466796875	0	-0.00558	0.00307	False	0.004480000000000001	0.010986328125	8.673617379884035e-19	False	1332264.0	40118.0	337.7613005	3159011328.0	world_g06_n029.mat	E6E11B824AD68E2074014D89C5EE2584F04B99E549C01C942E2D1BDF8913CEC6	59B22764181C475D824B3847F1FC4F2E3EA726C62618AB02D8691B028031CC55	AE9B0EEE540CC07AA3D3FE45D445B0C71815E95D7D461C6AB615903532705D09
G06	6	30	91206030	R1	4.61799281479342	27.5382038226563	0.0044800000000000005	-0.00033923075262205576	0.86395263671875	0	-0.004509999999999998	0.0038500000000000027	False	0.004480000000000001	0.027923583984375	8.673617379884035e-19	False	1332264.0	40227.0	342.5037619	3157151744.0	world_g06_n030.mat	AB0106C115CD09DD98BAF61C74E40C89D859BBD02B8203F5D5B4A0A31DB3BA52	59B22764181C475D824B3847F1FC4F2E3EA726C62618AB02D8691B028031CC55	AE9B0EEE540CC07AA3D3FE45D445B0C71815E95D7D461C6AB615903532705D09
G06	6	30	91206030	R2	4.61799281479342	27.5382038226563	0.0044800000000000005	0.000846122499797989	0.59765625	0	-0.0026699999999999988	0.004320000000000001	False	0.004480000000000001	0.0400390625	8.673617379884035e-19	False	1332264.0	40227.0	342.5037619	3157151744.0	world_g06_n030.mat	AB0106C115CD09DD98BAF61C74E40C89D859BBD02B8203F5D5B4A0A31DB3BA52	59B22764181C475D824B3847F1FC4F2E3EA726C62618AB02D8691B028031CC55	AE9B0EEE540CC07AA3D3FE45D445B0C71815E95D7D461C6AB615903532705D09
G06	6	31	91206031	R1	4.61799281479342	27.5382038226563	0.0044800000000000005	-0.0022277682790709076	0.323516845703125	0	-0.00685	0.002400000000000003	False	0.004480000000000001	0.006378173828125	8.673617379884035e-19	False	1332264.0	39935.0	340.9681897	3158089728.0	world_g06_n031.mat	58BE15E6195712BFBBED9EC79A56951E6EB30778C77DD161A5A4827DFC00F925	59B22764181C475D824B3847F1FC4F2E3EA726C62618AB02D8691B028031CC55	AE9B0EEE540CC07AA3D3FE45D445B0C71815E95D7D461C6AB615903532705D09
G06	6	31	91206031	R2	4.61799281479342	27.5382038226563	0.0044800000000000005	-0.0015580136113112382	0.48486328125	0	-0.006109999999999999	0.0032800000000000017	False	0.004480000000000001	0.017822265625	8.673617379884035e-19	False	1332264.0	39935.0	340.9681897	3158089728.0	world_g06_n031.mat	58BE15E6195712BFBBED9EC79A56951E6EB30778C77DD161A5A4827DFC00F925	59B22764181C475D824B3847F1FC4F2E3EA726C62618AB02D8691B028031CC55	AE9B0EEE540CC07AA3D3FE45D445B0C71815E95D7D461C6AB615903532705D09
G06	6	32	91206032	R1	4.61799281479342	27.5382038226563	0.0044800000000000005	-0.0029064392519868583	0.04681396484375	1	-0.00575	-5.9999999999997555e-05	False	0.004480000000000001	9.1552734375e-05	8.673617379884035e-19	False	1332264.0	40211.0	341.7577119	3158069248.0	world_g06_n032.mat	B1C741A29B811B08D71383B52FA7A466571FDF6B313C3F1379CDD2694A52AFA6	59B22764181C475D824B3847F1FC4F2E3EA726C62618AB02D8691B028031CC55	AE9B0EEE540CC07AA3D3FE45D445B0C71815E95D7D461C6AB615903532705D09
G06	6	32	91206032	R2	4.61799281479342	27.5382038226563	0.0044800000000000005	-0.00017262854020867505	0.919189453125	0	-0.00391	0.003470000000000001	False	0.004480000000000001	0.01513671875	8.673617379884035e-19	False	1332264.0	40211.0	341.7577119	3158069248.0	world_g06_n032.mat	B1C741A29B811B08D71383B52FA7A466571FDF6B313C3F1379CDD2694A52AFA6	59B22764181C475D824B3847F1FC4F2E3EA726C62618AB02D8691B028031CC55	AE9B0EEE540CC07AA3D3FE45D445B0C71815E95D7D461C6AB615903532705D09
G06	6	33	91206033	R1	4.61799281479342	27.5382038226563	0.0044800000000000005	-0.002355291874991654	0.12884521484375	0	-0.00549	0.0007900000000000025	False	0.004480000000000001	0.00067138671875	8.673617379884035e-19	False	1332264.0	39869.0	342.6796007	3145691136.0	world_g06_n033.mat	EB0CF5E9D7C0B1F7CE015CAE5682F38D450C71C3FC500FD8AB5E180492F57FE6	59B22764181C475D824B3847F1FC4F2E3EA726C62618AB02D8691B028031CC55	AE9B0EEE540CC07AA3D3FE45D445B0C71815E95D7D461C6AB615903532705D09
G06	6	33	91206033	R2	4.61799281479342	27.5382038226563	0.0044800000000000005	0.0002842336132878719	0.88330078125	0	-0.003879999999999998	0.0043300000000000005	False	0.004480000000000001	0.041015625	8.673617379884035e-19	False	1332264.0	39869.0	342.6796007	3145691136.0	world_g06_n033.mat	EB0CF5E9D7C0B1F7CE015CAE5682F38D450C71C3FC500FD8AB5E180492F57FE6	59B22764181C475D824B3847F1FC4F2E3EA726C62618AB02D8691B028031CC55	AE9B0EEE540CC07AA3D3FE45D445B0C71815E95D7D461C6AB615903532705D09
G06	6	34	91206034	R1	4.61799281479342	27.5382038226563	0.0044800000000000005	-0.0007448775398502713	0.636810302734375	0	-0.004109999999999999	0.002610000000000001	False	0.004480000000000001	0.005584716796875	8.673617379884035e-19	False	1332264.0	40246.0	368.1706977	3173838848.0	world_g06_n034.mat	CD4CD493C91D51281B7D05E8FB7562C0D98B5E03097A9B02122AADCE7576AED7	59B22764181C475D824B3847F1FC4F2E3EA726C62618AB02D8691B028031CC55	AE9B0EEE540CC07AA3D3FE45D445B0C71815E95D7D461C6AB615903532705D09
G06	6	34	91206034	R2	4.61799281479342	27.5382038226563	0.0044800000000000005	-0.0012396817870199235	0.408935546875	0	-0.004489999999999999	0.0020100000000000014	False	0.004480000000000001	0.003173828125	8.673617379884035e-19	False	1332264.0	40246.0	368.1706977	3173838848.0	world_g06_n034.mat	CD4CD493C91D51281B7D05E8FB7562C0D98B5E03097A9B02122AADCE7576AED7	59B22764181C475D824B3847F1FC4F2E3EA726C62618AB02D8691B028031CC55	AE9B0EEE540CC07AA3D3FE45D445B0C71815E95D7D461C6AB615903532705D09
G06	6	35	91206035	R1	4.61799281479342	27.5382038226563	0.0044800000000000005	-0.0007805373653497658	0.60687255859375	0	-0.003959999999999998	0.0025000000000000022	False	0.004480000000000001	0.005126953125	8.673617379884035e-19	False	1332264.0	39870.0	364.4580346	3172974592.0	world_g06_n035.mat	0BCAD5538AFF640E48A53917B069A689DEB3AE8F22D730D815A513A5AF879D30	59B22764181C475D824B3847F1FC4F2E3EA726C62618AB02D8691B028031CC55	AE9B0EEE540CC07AA3D3FE45D445B0C71815E95D7D461C6AB615903532705D09
G06	6	35	91206035	R2	4.61799281479342	27.5382038226563	0.0044800000000000005	-0.0015726229906975796	0.61279296875	0	-0.00852	0.005310000000000002	False	0.004480000000000001	0.078369140625	8.673617379884035e-19	True	1332264.0	39870.0	364.4580346	3172974592.0	world_g06_n035.mat	0BCAD5538AFF640E48A53917B069A689DEB3AE8F22D730D815A513A5AF879D30	59B22764181C475D824B3847F1FC4F2E3EA726C62618AB02D8691B028031CC55	AE9B0EEE540CC07AA3D3FE45D445B0C71815E95D7D461C6AB615903532705D09
G06	6	36	91206036	R1	4.61799281479342	27.5382038226563	0.0044800000000000005	-0.0015861270762896316	0.267333984375	0	-0.004539999999999999	0.0013500000000000005	False	0.004480000000000001	0.00048828125	8.673617379884035e-19	False	1332264.0	39710.0	367.7179378	3173027840.0	world_g06_n036.mat	CDC4388756092AA15733237B05C3244AB875F22BE5BA682E0C2B0796BC20CDCD	59B22764181C475D824B3847F1FC4F2E3EA726C62618AB02D8691B028031CC55	AE9B0EEE540CC07AA3D3FE45D445B0C71815E95D7D461C6AB615903532705D09
G06	6	36	91206036	R2	4.61799281479342	27.5382038226563	0.0044800000000000005	0.0017613937902132856	0.271240234375	0	-0.0016799999999999975	0.00511	False	0.004480000000000001	0.10986328125	8.673617379884035e-19	True	1332264.0	39710.0	367.7179378	3173027840.0	world_g06_n036.mat	CDC4388756092AA15733237B05C3244AB875F22BE5BA682E0C2B0796BC20CDCD	59B22764181C475D824B3847F1FC4F2E3EA726C62618AB02D8691B028031CC55	AE9B0EEE540CC07AA3D3FE45D445B0C71815E95D7D461C6AB615903532705D09
G06	6	37	91206037	R1	4.61799281479342	27.5382038226563	0.0044800000000000005	0.0003955809473767389	0.851043701171875	0	-0.004059999999999998	0.004870000000000003	False	0.004480000000000001	0.068939208984375	8.673617379884035e-19	True	1332264.0	40220.0	366.9504976	3173056512.0	world_g06_n037.mat	4CB3D04D78FAFE52CDA995373B8EFD38F770F080F96A4160C340DB7D55C66F74	59B22764181C475D824B3847F1FC4F2E3EA726C62618AB02D8691B028031CC55	AE9B0EEE540CC07AA3D3FE45D445B0C71815E95D7D461C6AB615903532705D09
G06	6	37	91206037	R2	4.61799281479342	27.5382038226563	0.0044800000000000005	0.001029523642100383	0.609375	0	-0.0032300000000000002	0.005260000000000001	False	0.004480000000000001	0.11181640625	8.673617379884035e-19	True	1332264.0	40220.0	366.9504976	3173056512.0	world_g06_n037.mat	4CB3D04D78FAFE52CDA995373B8EFD38F770F080F96A4160C340DB7D55C66F74	59B22764181C475D824B3847F1FC4F2E3EA726C62618AB02D8691B028031CC55	AE9B0EEE540CC07AA3D3FE45D445B0C71815E95D7D461C6AB615903532705D09
G06	6	38	91206038	R1	4.61799281479342	27.5382038226563	0.0044800000000000005	-0.003967832763432858	0.066497802734375	0	-0.008249999999999999	0.00031000000000000125	False	0.004480000000000001	0.000457763671875	8.673617379884035e-19	False	1332264.0	40073.0	368.7924855	3172102144.0	world_g06_n038.mat	91E378B8976D1DAD50D16761A8B43A7001DE33380E6F4AB4C227F527ABE88839	59B22764181C475D824B3847F1FC4F2E3EA726C62618AB02D8691B028031CC55	AE9B0EEE540CC07AA3D3FE45D445B0C71815E95D7D461C6AB615903532705D09
G06	6	38	91206038	R2	4.61799281479342	27.5382038226563	0.0044800000000000005	-0.0024315645922956897	0.111083984375	0	-0.0055299999999999985	0.0006300000000000021	False	0.004480000000000001	0.0009765625	8.673617379884035e-19	False	1332264.0	40073.0	368.7924855	3172102144.0	world_g06_n038.mat	91E378B8976D1DAD50D16761A8B43A7001DE33380E6F4AB4C227F527ABE88839	59B22764181C475D824B3847F1FC4F2E3EA726C62618AB02D8691B028031CC55	AE9B0EEE540CC07AA3D3FE45D445B0C71815E95D7D461C6AB615903532705D09
G06	6	39	91206039	R1	4.61799281479342	27.5382038226563	0.0044800000000000005	0.0005029120880458164	0.774993896484375	0	-0.0032200000000000006	0.004210000000000002	False	0.004480000000000001	0.036651611328125	8.673617379884035e-19	False	1332264.0	39952.0	366.9431795	3173081088.0	world_g06_n039.mat	63B41BA7E5802143BE16F3BE5B85B25B5597C5CD921275015D70A24F79C4E61D	59B22764181C475D824B3847F1FC4F2E3EA726C62618AB02D8691B028031CC55	AE9B0EEE540CC07AA3D3FE45D445B0C71815E95D7D461C6AB615903532705D09
G06	6	39	91206039	R2	4.61799281479342	27.5382038226563	0.0044800000000000005	-0.0005290688233168621	0.85107421875	0	-0.0062699999999999995	0.005460000000000003	False	0.004480000000000001	0.0927734375	8.673617379884035e-19	True	1332264.0	39952.0	366.9431795	3173081088.0	world_g06_n039.mat	63B41BA7E5802143BE16F3BE5B85B25B5597C5CD921275015D70A24F79C4E61D	59B22764181C475D824B3847F1FC4F2E3EA726C62618AB02D8691B028031CC55	AE9B0EEE540CC07AA3D3FE45D445B0C71815E95D7D461C6AB615903532705D09
G06	6	40	91206040	R1	4.61799281479342	27.5382038226563	0.0044800000000000005	0.003001472584497911	0.01629638671875	1	0.0006200000000000025	0.005310000000000002	False	0.004480000000000001	0.225921630859375	8.673617379884035e-19	True	1332264.0	40069.0	367.2468953	3172098048.0	world_g06_n040.mat	C581E4EC2A624B52BE7CBDAA99394A0C9727B0E83A78D113B11382F790E248F6	59B22764181C475D824B3847F1FC4F2E3EA726C62618AB02D8691B028031CC55	AE9B0EEE540CC07AA3D3FE45D445B0C71815E95D7D461C6AB615903532705D09
G06	6	40	91206040	R2	4.61799281479342	27.5382038226563	0.0044800000000000005	0.0008266828437023829	0.630615234375	0	-0.00298	0.00476	False	0.004480000000000001	0.068115234375	8.673617379884035e-19	True	1332264.0	40069.0	367.2468953	3172098048.0	world_g06_n040.mat	C581E4EC2A624B52BE7CBDAA99394A0C9727B0E83A78D113B11382F790E248F6	59B22764181C475D824B3847F1FC4F2E3EA726C62618AB02D8691B028031CC55	AE9B0EEE540CC07AA3D3FE45D445B0C71815E95D7D461C6AB615903532705D09
G06	6	41	91206041	R1	4.61799281479342	27.5382038226563	0.0044800000000000005	0.0004103002464679109	0.7586669921875	0	-0.002259999999999998	0.003160000000000003	False	0.004480000000000001	0.0081787109375	8.673617379884035e-19	False	1332264.0	40268.0	374.8370036	3173060608.0	world_g06_n041.mat	A18E94D19278180199E07D6AC2C18DE04B43B8E06DB50E8F25D3241B1FCE5466	59B22764181C475D824B3847F1FC4F2E3EA726C62618AB02D8691B028031CC55	AE9B0EEE540CC07AA3D3FE45D445B0C71815E95D7D461C6AB615903532705D09
G06	6	41	91206041	R2	4.61799281479342	27.5382038226563	0.0044800000000000005	0.00042708590227378705	0.819091796875	0	-0.0036699999999999997	0.004460000000000002	False	0.004480000000000001	0.04931640625	8.673617379884035e-19	False	1332264.0	40268.0	374.8370036	3173060608.0	world_g06_n041.mat	A18E94D19278180199E07D6AC2C18DE04B43B8E06DB50E8F25D3241B1FCE5466	59B22764181C475D824B3847F1FC4F2E3EA726C62618AB02D8691B028031CC55	AE9B0EEE540CC07AA3D3FE45D445B0C71815E95D7D461C6AB615903532705D09
G06	6	42	91206042	R1	4.61799281479342	27.5382038226563	0.0044800000000000005	0.0005722120605971316	0.7191162109375	0	-0.002519999999999998	0.0034000000000000002	False	0.004480000000000001	0.004791259765625	8.673617379884035e-19	False	1332264.0	40259.0	375.5431693	3170095104.0	world_g06_n042.mat	34C37B72C32A40B90EAE292CA5964429C07ED1353991B998E7A41EB51AA6619C	59B22764181C475D824B3847F1FC4F2E3EA726C62618AB02D8691B028031CC55	AE9B0EEE540CC07AA3D3FE45D445B0C71815E95D7D461C6AB615903532705D09
G06	6	42	91206042	R2	4.61799281479342	27.5382038226563	0.0044800000000000005	-0.0007652890046494149	0.628173828125	0	-0.003949999999999999	0.0026000000000000016	False	0.004480000000000001	0.00732421875	8.673617379884035e-19	False	1332264.0	40259.0	375.5431693	3170095104.0	world_g06_n042.mat	34C37B72C32A40B90EAE292CA5964429C07ED1353991B998E7A41EB51AA6619C	59B22764181C475D824B3847F1FC4F2E3EA726C62618AB02D8691B028031CC55	AE9B0EEE540CC07AA3D3FE45D445B0C71815E95D7D461C6AB615903532705D09
G06	6	43	91206043	R1	4.61799281479342	27.5382038226563	0.0044800000000000005	-0.00023847620818716057	0.835113525390625	0	-0.002749999999999999	0.0022800000000000008	False	0.004480000000000001	0.00146484375	8.673617379884035e-19	False	1332264.0	40272.0	375.4270173	3172007936.0	world_g06_n043.mat	5E6D0CBAC13092E4AA1286FF695682AC772CF793FB9498D73EE45C470E665FE2	59B22764181C475D824B3847F1FC4F2E3EA726C62618AB02D8691B028031CC55	AE9B0EEE540CC07AA3D3FE45D445B0C71815E95D7D461C6AB615903532705D09
G06	6	43	91206043	R2	4.61799281479342	27.5382038226563	0.0044800000000000005	-0.0032194148039283613	0.01513671875	1	-0.00567	-0.0007799999999999994	False	0.004480000000000001	0.000244140625	8.673617379884035e-19	False	1332264.0	40272.0	375.4270173	3172007936.0	world_g06_n043.mat	5E6D0CBAC13092E4AA1286FF695682AC772CF793FB9498D73EE45C470E665FE2	59B22764181C475D824B3847F1FC4F2E3EA726C62618AB02D8691B028031CC55	AE9B0EEE540CC07AA3D3FE45D445B0C71815E95D7D461C6AB615903532705D09
G06	6	44	91206044	R1	4.61799281479342	27.5382038226563	0.0044800000000000005	-0.0010010394931249853	0.446746826171875	0	-0.0037799999999999986	0.0017800000000000003	False	0.004480000000000001	0.0009765625	8.673617379884035e-19	False	1332264.0	40294.0	349.7656757	3170988032.0	world_g06_n044.mat	5BCF665486D00068C8A0679ADA1D9F1E6F1766710A52F73F36C40269B4529B98	59B22764181C475D824B3847F1FC4F2E3EA726C62618AB02D8691B028031CC55	AE9B0EEE540CC07AA3D3FE45D445B0C71815E95D7D461C6AB615903532705D09
G06	6	44	91206044	R2	4.61799281479342	27.5382038226563	0.0044800000000000005	-0.0009917615966747676	0.604736328125	0	-0.005049999999999999	0.0032800000000000017	False	0.004480000000000001	0.016357421875	8.673617379884035e-19	False	1332264.0	40294.0	349.7656757	3170988032.0	world_g06_n044.mat	5BCF665486D00068C8A0679ADA1D9F1E6F1766710A52F73F36C40269B4529B98	59B22764181C475D824B3847F1FC4F2E3EA726C62618AB02D8691B028031CC55	AE9B0EEE540CC07AA3D3FE45D445B0C71815E95D7D461C6AB615903532705D09
G06	6	45	91206045	R1	4.61799281479342	27.5382038226563	0.0044800000000000005	-0.0014929931664044833	0.337127685546875	0	-0.004749999999999999	0.0017600000000000011	False	0.004480000000000001	0.00238037109375	8.673617379884035e-19	False	1332264.0	40354.0	330.0344171	3171962880.0	world_g06_n045.mat	A4C9ED817EF13462CF0FC301F38A95F1E69A3BD5F2123A50C2C7632509C03375	59B22764181C475D824B3847F1FC4F2E3EA726C62618AB02D8691B028031CC55	AE9B0EEE540CC07AA3D3FE45D445B0C71815E95D7D461C6AB615903532705D09
G06	6	45	91206045	R2	4.61799281479342	27.5382038226563	0.0044800000000000005	0.0016436197326898808	0.235107421875	0	-0.0011399999999999987	0.004520000000000003	False	0.004480000000000001	0.052734375	8.673617379884035e-19	True	1332264.0	40354.0	330.0344171	3171962880.0	world_g06_n045.mat	A4C9ED817EF13462CF0FC301F38A95F1E69A3BD5F2123A50C2C7632509C03375	59B22764181C475D824B3847F1FC4F2E3EA726C62618AB02D8691B028031CC55	AE9B0EEE540CC07AA3D3FE45D445B0C71815E95D7D461C6AB615903532705D09
G06	6	46	91206046	R1	4.61799281479342	27.5382038226563	0.0044800000000000005	0.0016133622147306201	0.265411376953125	0	-0.0013500000000000005	0.0046	False	0.004480000000000001	0.058013916015625	8.673617379884035e-19	True	1332264.0	40347.0	329.291737	3169628160.0	world_g06_n046.mat	0FBBA879DA5356174B0243AA703965A91534F73D3CDB68768793BD7DB1A4E969	59B22764181C475D824B3847F1FC4F2E3EA726C62618AB02D8691B028031CC55	AE9B0EEE540CC07AA3D3FE45D445B0C71815E95D7D461C6AB615903532705D09
G06	6	46	91206046	R2	4.61799281479342	27.5382038226563	0.0044800000000000005	-0.0011220548428076142	0.343994140625	0	-0.003539999999999998	0.0013800000000000028	False	0.004480000000000001	0.00146484375	8.673617379884035e-19	False	1332264.0	40347.0	329.291737	3169628160.0	world_g06_n046.mat	0FBBA879DA5356174B0243AA703965A91534F73D3CDB68768793BD7DB1A4E969	59B22764181C475D824B3847F1FC4F2E3EA726C62618AB02D8691B028031CC55	AE9B0EEE540CC07AA3D3FE45D445B0C71815E95D7D461C6AB615903532705D09
G06	6	47	91206047	R1	4.61799281479342	27.5382038226563	0.0044800000000000005	-0.00227661835702429	0.098419189453125	0	-0.00503	0.0004900000000000009	False	0.004480000000000001	0.000213623046875	8.673617379884035e-19	False	1332264.0	40396.0	331.3434667	3164934144.0	world_g06_n047.mat	4E72486C4B5F6D4ECD03B78EC79121DB29A0DEA9A17EE36625580B4E5E071F09	59B22764181C475D824B3847F1FC4F2E3EA726C62618AB02D8691B028031CC55	AE9B0EEE540CC07AA3D3FE45D445B0C71815E95D7D461C6AB615903532705D09
G06	6	47	91206047	R2	4.61799281479342	27.5382038226563	0.0044800000000000005	0.0006785169593301122	0.712158203125	0	-0.0032999999999999974	0.004550000000000002	False	0.004480000000000001	0.056640625	8.673617379884035e-19	True	1332264.0	40396.0	331.3434667	3164934144.0	world_g06_n047.mat	4E72486C4B5F6D4ECD03B78EC79121DB29A0DEA9A17EE36625580B4E5E071F09	59B22764181C475D824B3847F1FC4F2E3EA726C62618AB02D8691B028031CC55	AE9B0EEE540CC07AA3D3FE45D445B0C71815E95D7D461C6AB615903532705D09
G06	6	48	91206048	R1	4.61799281479342	27.5382038226563	0.0044800000000000005	-0.0023987074137546325	0.058319091796875	0	-0.0049	8.99999999999998e-05	False	0.004480000000000001	6.103515625e-05	8.673617379884035e-19	False	1332264.0	40284.0	329.7743917	3164856320.0	world_g06_n048.mat	5736AD03E00E10408955DE9ACA007AFB0B83C3A38FC3393AE1B1269B192A88E2	59B22764181C475D824B3847F1FC4F2E3EA726C62618AB02D8691B028031CC55	AE9B0EEE540CC07AA3D3FE45D445B0C71815E95D7D461C6AB615903532705D09
G06	6	48	91206048	R2	4.61799281479342	27.5382038226563	0.0044800000000000005	0.0013366052016730299	0.2421875	0	-0.0010899999999999972	0.003720000000000001	False	0.004480000000000001	0.0166015625	8.673617379884035e-19	False	1332264.0	40284.0	329.7743917	3164856320.0	world_g06_n048.mat	5736AD03E00E10408955DE9ACA007AFB0B83C3A38FC3393AE1B1269B192A88E2	59B22764181C475D824B3847F1FC4F2E3EA726C62618AB02D8691B028031CC55	AE9B0EEE540CC07AA3D3FE45D445B0C71815E95D7D461C6AB615903532705D09
G06	6	49	91206049	R1	4.61799281479342	27.5382038226563	0.0044800000000000005	-0.0028066740432766395	0.178985595703125	0	-0.0070799999999999995	0.001460000000000003	False	0.004480000000000001	0.003143310546875	8.673617379884035e-19	False	1332264.0	40409.0	327.6061592	3164815360.0	world_g06_n049.mat	95EE397135B1D11950CB20D4D0E2823496C6D28D8FD7A893B4A24CFDBB23D39B	59B22764181C475D824B3847F1FC4F2E3EA726C62618AB02D8691B028031CC55	AE9B0EEE540CC07AA3D3FE45D445B0C71815E95D7D461C6AB615903532705D09
G06	6	49	91206049	R2	4.61799281479342	27.5382038226563	0.0044800000000000005	-0.0004531265118573977	0.787841796875	0	-0.00417	0.003300000000000001	False	0.004480000000000001	0.01513671875	8.673617379884035e-19	False	1332264.0	40409.0	327.6061592	3164815360.0	world_g06_n049.mat	95EE397135B1D11950CB20D4D0E2823496C6D28D8FD7A893B4A24CFDBB23D39B	59B22764181C475D824B3847F1FC4F2E3EA726C62618AB02D8691B028031CC55	AE9B0EEE540CC07AA3D3FE45D445B0C71815E95D7D461C6AB615903532705D09
G06	6	50	91206050	R1	4.61799281479342	27.5382038226563	0.0044800000000000005	-0.004226196383938099	0.037811279296875	1	-0.00832	-0.0002699999999999994	False	0.004480000000000001	0.0003662109375	8.673617379884035e-19	False	1332264.0	40037.0	333.1349246	3164819456.0	world_g06_n050.mat	D5717C85855E768B3814768A7C64B1427E2AE4F970896AA3C62B0A72FEB87F50	59B22764181C475D824B3847F1FC4F2E3EA726C62618AB02D8691B028031CC55	AE9B0EEE540CC07AA3D3FE45D445B0C71815E95D7D461C6AB615903532705D09
G06	6	50	91206050	R2	4.61799281479342	27.5382038226563	0.0044800000000000005	3.585062619272461e-05	0.985107421875	0	-0.0035600000000000007	0.003700000000000002	False	0.004480000000000001	0.021240234375	8.673617379884035e-19	False	1332264.0	40037.0	333.1349246	3164819456.0	world_g06_n050.mat	D5717C85855E768B3814768A7C64B1427E2AE4F970896AA3C62B0A72FEB87F50	59B22764181C475D824B3847F1FC4F2E3EA726C62618AB02D8691B028031CC55	AE9B0EEE540CC07AA3D3FE45D445B0C71815E95D7D461C6AB615903532705D09
G06	6	51	91206051	R1	4.61799281479342	27.5382038226563	0.0044800000000000005	-0.0015878198286117372	0.386688232421875	0	-0.005429999999999999	0.0022800000000000008	False	0.004480000000000001	0.00579833984375	8.673617379884035e-19	False	1332264.0	40781.0	335.7177608	3163852800.0	world_g06_n051.mat	D71474ACB9BC348162EAD2998647C206B63214AD59E656DE34E71A471C55EC72	59B22764181C475D824B3847F1FC4F2E3EA726C62618AB02D8691B028031CC55	AE9B0EEE540CC07AA3D3FE45D445B0C71815E95D7D461C6AB615903532705D09
G06	6	51	91206051	R2	4.61799281479342	27.5382038226563	0.0044800000000000005	0.0004175558769116492	0.794921875	0	-0.00307	0.003890000000000001	False	0.004480000000000001	0.02587890625	8.673617379884035e-19	False	1332264.0	40781.0	335.7177608	3163852800.0	world_g06_n051.mat	D71474ACB9BC348162EAD2998647C206B63214AD59E656DE34E71A471C55EC72	59B22764181C475D824B3847F1FC4F2E3EA726C62618AB02D8691B028031CC55	AE9B0EEE540CC07AA3D3FE45D445B0C71815E95D7D461C6AB615903532705D09
G06	6	52	91206052	R1	4.61799281479342	27.5382038226563	0.0044800000000000005	-0.0005692348415352864	0.799285888671875	0	-0.0050799999999999994	0.00408	False	0.004480000000000001	0.035797119140625	8.673617379884035e-19	False	1332264.0	39951.0	337.6947222	3153371136.0	world_g06_n052.mat	FF47708B1A328A26CF3565E9910C36739704EB9ECF4E726CD2BDAF1AB9BE20C2	59B22764181C475D824B3847F1FC4F2E3EA726C62618AB02D8691B028031CC55	AE9B0EEE540CC07AA3D3FE45D445B0C71815E95D7D461C6AB615903532705D09
G06	6	52	91206052	R2	4.61799281479342	27.5382038226563	0.0044800000000000005	-0.003420223872078038	0.103271484375	0	-0.00775	0.0007100000000000023	False	0.004480000000000001	0.000244140625	8.673617379884035e-19	False	1332264.0	39951.0	337.6947222	3153371136.0	world_g06_n052.mat	FF47708B1A328A26CF3565E9910C36739704EB9ECF4E726CD2BDAF1AB9BE20C2	59B22764181C475D824B3847F1FC4F2E3EA726C62618AB02D8691B028031CC55	AE9B0EEE540CC07AA3D3FE45D445B0C71815E95D7D461C6AB615903532705D09
G06	6	53	91206053	R1	4.61799281479342	27.5382038226563	0.0044800000000000005	-0.0007166058518271012	0.721649169921875	0	-0.0049099999999999994	0.00341	False	0.004480000000000001	0.01678466796875	8.673617379884035e-19	False	1332264.0	40122.0	367.1131033	3170279424.0	world_g06_n053.mat	511730826EF1116C981BD1C04B09B799E8C94670B85BF7E0F01515AEF063C92D	59B22764181C475D824B3847F1FC4F2E3EA726C62618AB02D8691B028031CC55	AE9B0EEE540CC07AA3D3FE45D445B0C71815E95D7D461C6AB615903532705D09
G06	6	53	91206053	R2	4.61799281479342	27.5382038226563	0.0044800000000000005	0.003162106965308351	0.1005859375	0	-0.0007799999999999994	0.0070300000000000015	False	0.004480000000000001	0.47998046875	8.673617379884035e-19	True	1332264.0	40122.0	367.1131033	3170279424.0	world_g06_n053.mat	511730826EF1116C981BD1C04B09B799E8C94670B85BF7E0F01515AEF063C92D	59B22764181C475D824B3847F1FC4F2E3EA726C62618AB02D8691B028031CC55	AE9B0EEE540CC07AA3D3FE45D445B0C71815E95D7D461C6AB615903532705D09
G06	6	54	91206054	R1	4.61799281479342	27.5382038226563	0.0044800000000000005	9.707234632327032e-05	0.9339599609375	0	-0.0023399999999999983	0.002530000000000001	False	0.004480000000000001	0.001861572265625	8.673617379884035e-19	False	1332264.0	40506.0	368.5755616	3168882688.0	world_g06_n054.mat	664D98BE54E128255C332A3C5BF2B86A63C4D6DC77ED980ADB5025B3E83090F9	59B22764181C475D824B3847F1FC4F2E3EA726C62618AB02D8691B028031CC55	AE9B0EEE540CC07AA3D3FE45D445B0C71815E95D7D461C6AB615903532705D09
G06	6	54	91206054	R2	4.61799281479342	27.5382038226563	0.0044800000000000005	0.0007692384261608742	0.6337890625	0	-0.0025599999999999998	0.004240000000000001	False	0.004480000000000001	0.039306640625	8.673617379884035e-19	False	1332264.0	40506.0	368.5755616	3168882688.0	world_g06_n054.mat	664D98BE54E128255C332A3C5BF2B86A63C4D6DC77ED980ADB5025B3E83090F9	59B22764181C475D824B3847F1FC4F2E3EA726C62618AB02D8691B028031CC55	AE9B0EEE540CC07AA3D3FE45D445B0C71815E95D7D461C6AB615903532705D09
G06	6	55	91206055	R1	4.61799281479342	27.5382038226563	0.0044800000000000005	0.001084712561313365	0.4598388671875	0	-0.0020300000000000006	0.004180000000000003	False	0.004480000000000001	0.0340576171875	8.673617379884035e-19	False	1332264.0	39891.0	367.3345172	3168874496.0	world_g06_n055.mat	ABC66987CF3B2821D0F569098570926CB1DC2170A2226B82CF35A319AB340F2F	59B22764181C475D824B3847F1FC4F2E3EA726C62618AB02D8691B028031CC55	AE9B0EEE540CC07AA3D3FE45D445B0C71815E95D7D461C6AB615903532705D09
G06	6	55	91206055	R2	4.61799281479342	27.5382038226563	0.0044800000000000005	-0.00397398595996369	0.02001953125	1	-0.007349999999999999	-0.0006999999999999992	False	0.004480000000000001	0.000244140625	8.673617379884035e-19	False	1332264.0	39891.0	367.3345172	3168874496.0	world_g06_n055.mat	ABC66987CF3B2821D0F569098570926CB1DC2170A2226B82CF35A319AB340F2F	59B22764181C475D824B3847F1FC4F2E3EA726C62618AB02D8691B028031CC55	AE9B0EEE540CC07AA3D3FE45D445B0C71815E95D7D461C6AB615903532705D09
G06	6	56	91206056	R1	4.61799281479342	27.5382038226563	0.0044800000000000005	-0.00011470864407896967	0.94720458984375	0	-0.0038099999999999974	0.003550000000000001	False	0.004480000000000001	0.0177001953125	8.673617379884035e-19	False	1332264.0	40264.0	368.9529538	3168927744.0	world_g06_n056.mat	4C6CD889F7BF2408C9A6F1A5763054F65A83F6ACBBEEA6E55EDF3845308540B6	59B22764181C475D824B3847F1FC4F2E3EA726C62618AB02D8691B028031CC55	AE9B0EEE540CC07AA3D3FE45D445B0C71815E95D7D461C6AB615903532705D09
G06	6	56	91206056	R2	4.61799281479342	27.5382038226563	0.0044800000000000005	0.00030475024064288383	0.83251953125	0	-0.0028000000000000004	0.0033400000000000027	False	0.004480000000000001	0.010498046875	8.673617379884035e-19	False	1332264.0	40264.0	368.9529538	3168927744.0	world_g06_n056.mat	4C6CD889F7BF2408C9A6F1A5763054F65A83F6ACBBEEA6E55EDF3845308540B6	59B22764181C475D824B3847F1FC4F2E3EA726C62618AB02D8691B028031CC55	AE9B0EEE540CC07AA3D3FE45D445B0C71815E95D7D461C6AB615903532705D09
G06	6	57	91206057	R1	4.61799281479342	27.5382038226563	0.0044800000000000005	0.0005334359258926181	0.669342041015625	0	-0.002089999999999998	0.0031800000000000023	False	0.004480000000000001	0.006988525390625	8.673617379884035e-19	False	1332264.0	40402.0	370.4802102	3168878592.0	world_g06_n057.mat	D37D449CCB15C54AE5D3402B900C5C7FE0531A615504B0D714177D42FB31D14E	59B22764181C475D824B3847F1FC4F2E3EA726C62618AB02D8691B028031CC55	AE9B0EEE540CC07AA3D3FE45D445B0C71815E95D7D461C6AB615903532705D09
G06	6	57	91206057	R2	4.61799281479342	27.5382038226563	0.0044800000000000005	0.0005430809495471459	0.728515625	0	-0.0028399999999999988	0.003930000000000003	False	0.004480000000000001	0.026123046875	8.673617379884035e-19	False	1332264.0	40402.0	370.4802102	3168878592.0	world_g06_n057.mat	D37D449CCB15C54AE5D3402B900C5C7FE0531A615504B0D714177D42FB31D14E	59B22764181C475D824B3847F1FC4F2E3EA726C62618AB02D8691B028031CC55	AE9B0EEE540CC07AA3D3FE45D445B0C71815E95D7D461C6AB615903532705D09
G06	6	58	91206058	R1	4.61799281479342	27.5382038226563	0.0044800000000000005	-0.002328472226135174	0.184844970703125	0	-0.005889999999999999	0.0011500000000000017	False	0.004480000000000001	0.000762939453125	8.673617379884035e-19	False	1332264.0	40052.0	368.3039942	3168890880.0	world_g06_n058.mat	7B3375D9DBE1F83617E4C5A7797EC7BFB74A4398860900C9E2930FF9C95CC703	59B22764181C475D824B3847F1FC4F2E3EA726C62618AB02D8691B028031CC55	AE9B0EEE540CC07AA3D3FE45D445B0C71815E95D7D461C6AB615903532705D09
G06	6	58	91206058	R2	4.61799281479342	27.5382038226563	0.0044800000000000005	0.0020596230326278245	0.258056640625	0	-0.0016799999999999975	0.005860000000000001	False	0.004480000000000001	0.1796875	8.673617379884035e-19	True	1332264.0	40052.0	368.3039942	3168890880.0	world_g06_n058.mat	7B3375D9DBE1F83617E4C5A7797EC7BFB74A4398860900C9E2930FF9C95CC703	59B22764181C475D824B3847F1FC4F2E3EA726C62618AB02D8691B028031CC55	AE9B0EEE540CC07AA3D3FE45D445B0C71815E95D7D461C6AB615903532705D09
G06	6	59	91206059	R1	4.61799281479342	27.5382038226563	0.0044800000000000005	-0.0007490933242307184	0.693603515625	0	-0.0047799999999999995	0.00324	False	0.004480000000000001	0.014129638671875	8.673617379884035e-19	False	1332264.0	40198.0	371.012938	3168931840.0	world_g06_n059.mat	CBCB4C64D11DA03E636A1DA4FDC70E8A5471D69F2A24DB6B3810664DB7B9A831	59B22764181C475D824B3847F1FC4F2E3EA726C62618AB02D8691B028031CC55	AE9B0EEE540CC07AA3D3FE45D445B0C71815E95D7D461C6AB615903532705D09
G06	6	59	91206059	R2	4.61799281479342	27.5382038226563	0.0044800000000000005	-0.0053633356111081835	0.01171875	1	-0.00912	-0.0015699999999999985	False	0.004480000000000001	0.000732421875	8.673617379884035e-19	False	1332264.0	40198.0	371.012938	3168931840.0	world_g06_n059.mat	CBCB4C64D11DA03E636A1DA4FDC70E8A5471D69F2A24DB6B3810664DB7B9A831	59B22764181C475D824B3847F1FC4F2E3EA726C62618AB02D8691B028031CC55	AE9B0EEE540CC07AA3D3FE45D445B0C71815E95D7D461C6AB615903532705D09
G06	6	60	91206060	R1	4.61799281479342	27.5382038226563	0.0044800000000000005	0.0007517327599670404	0.571197509765625	0	-0.00204	0.00349	False	0.004480000000000001	0.0091552734375	8.673617379884035e-19	False	1332264.0	39957.0	369.3761066	3167965184.0	world_g06_n060.mat	0EEDE306D2AC1BA98F19A453FD7CCE74AA70AD2019A5CD205D3C5090279A3EA4	59B22764181C475D824B3847F1FC4F2E3EA726C62618AB02D8691B028031CC55	AE9B0EEE540CC07AA3D3FE45D445B0C71815E95D7D461C6AB615903532705D09
G06	6	60	91206060	R2	4.61799281479342	27.5382038226563	0.0044800000000000005	-0.0012272366441259397	0.37353515625	0	-0.00409	0.0017700000000000007	False	0.004480000000000001	0.00390625	8.673617379884035e-19	False	1332264.0	39957.0	369.3761066	3167965184.0	world_g06_n060.mat	0EEDE306D2AC1BA98F19A453FD7CCE74AA70AD2019A5CD205D3C5090279A3EA4	59B22764181C475D824B3847F1FC4F2E3EA726C62618AB02D8691B028031CC55	AE9B0EEE540CC07AA3D3FE45D445B0C71815E95D7D461C6AB615903532705D09
G06	6	61	91206061	R1	4.61799281479342	27.5382038226563	0.0044800000000000005	0.00037428135168367417	0.8082275390625	0	-0.002919999999999999	0.0036900000000000023	False	0.004480000000000001	0.019500732421875	8.673617379884035e-19	False	1332264.0	40327.0	369.8469669	3165929472.0	world_g06_n061.mat	BD2D883A5895C1D0541D3A7316341217C5CC0211F24E1D21391F545528CE3E8D	59B22764181C475D824B3847F1FC4F2E3EA726C62618AB02D8691B028031CC55	AE9B0EEE540CC07AA3D3FE45D445B0C71815E95D7D461C6AB615903532705D09
G06	6	61	91206061	R2	4.61799281479342	27.5382038226563	0.0044800000000000005	-0.0010067622422179348	0.634521484375	0	-0.005549999999999999	0.0035600000000000007	False	0.004480000000000001	0.022705078125	8.673617379884035e-19	False	1332264.0	40327.0	369.8469669	3165929472.0	world_g06_n061.mat	BD2D883A5895C1D0541D3A7316341217C5CC0211F24E1D21391F545528CE3E8D	59B22764181C475D824B3847F1FC4F2E3EA726C62618AB02D8691B028031CC55	AE9B0EEE540CC07AA3D3FE45D445B0C71815E95D7D461C6AB615903532705D09
G06	6	62	91206062	R1	4.61799281479342	27.5382038226563	0.0044800000000000005	-0.002538085564546558	0.125518798828125	0	-0.005859999999999999	0.0007900000000000025	False	0.004480000000000001	0.000518798828125	8.673617379884035e-19	False	1332264.0	40170.0	366.8805436	3166916608.0	world_g06_n062.mat	622E4EAB414B0A45865CD19EF696121AEE356A5A93747031FAD73D61AE178401	59B22764181C475D824B3847F1FC4F2E3EA726C62618AB02D8691B028031CC55	AE9B0EEE540CC07AA3D3FE45D445B0C71815E95D7D461C6AB615903532705D09
G06	6	62	91206062	R2	4.61799281479342	27.5382038226563	0.0044800000000000005	0.001045785494986734	0.522216796875	0	-0.0025599999999999998	0.0046700000000000005	False	0.004480000000000001	0.062255859375	8.673617379884035e-19	True	1332264.0	40170.0	366.8805436	3166916608.0	world_g06_n062.mat	622E4EAB414B0A45865CD19EF696121AEE356A5A93747031FAD73D61AE178401	59B22764181C475D824B3847F1FC4F2E3EA726C62618AB02D8691B028031CC55	AE9B0EEE540CC07AA3D3FE45D445B0C71815E95D7D461C6AB615903532705D09
G06	6	63	91206063	R1	4.61799281479342	27.5382038226563	0.0044800000000000005	-0.00027137508410770786	0.847442626953125	0	-0.0031899999999999984	0.002590000000000002	False	0.004480000000000001	0.00299072265625	8.673617379884035e-19	False	1332264.0	40118.0	326.5334285	3165929472.0	world_g06_n063.mat	D23430DF4F75C968476F8AFA04A90774447FA3A4E3D9FBED4A0F595EE8C6D3E1	59B22764181C475D824B3847F1FC4F2E3EA726C62618AB02D8691B028031CC55	AE9B0EEE540CC07AA3D3FE45D445B0C71815E95D7D461C6AB615903532705D09
G06	6	63	91206063	R2	4.61799281479342	27.5382038226563	0.0044800000000000005	-0.001107315220022082	0.37841796875	0	-0.003769999999999999	0.00162	False	0.004480000000000001	0.001708984375	8.673617379884035e-19	False	1332264.0	40118.0	326.5334285	3165929472.0	world_g06_n063.mat	D23430DF4F75C968476F8AFA04A90774447FA3A4E3D9FBED4A0F595EE8C6D3E1	59B22764181C475D824B3847F1FC4F2E3EA726C62618AB02D8691B028031CC55	AE9B0EEE540CC07AA3D3FE45D445B0C71815E95D7D461C6AB615903532705D09
G06	6	64	91206064	R1	4.61799281479342	27.5382038226563	0.0044800000000000005	-0.002496645774881548	0.092620849609375	0	-0.005479999999999999	0.0004600000000000021	False	0.004480000000000001	0.000152587890625	8.673617379884035e-19	False	1332264.0	40372.0	320.6960662	3166887936.0	world_g06_n064.mat	F0E6EA568E768A3787F66BA4274BEDB63B156D451274C0E4F73D9A595F89F202	59B22764181C475D824B3847F1FC4F2E3EA726C62618AB02D8691B028031CC55	AE9B0EEE540CC07AA3D3FE45D445B0C71815E95D7D461C6AB615903532705D09
G06	6	64	91206064	R2	4.61799281479342	27.5382038226563	0.0044800000000000005	-0.0001857859116371936	0.90966796875	0	-0.0038499999999999993	0.003500000000000003	False	0.004480000000000001	0.017822265625	8.673617379884035e-19	False	1332264.0	40372.0	320.6960662	3166887936.0	world_g06_n064.mat	F0E6EA568E768A3787F66BA4274BEDB63B156D451274C0E4F73D9A595F89F202	59B22764181C475D824B3847F1FC4F2E3EA726C62618AB02D8691B028031CC55	AE9B0EEE540CC07AA3D3FE45D445B0C71815E95D7D461C6AB615903532705D09
G06	6	65	91206065	R1	4.61799281479342	27.5382038226563	0.0044800000000000005	-0.0010454470628105002	0.399566650390625	0	-0.00366	0.0016000000000000007	False	0.004480000000000001	0.001007080078125	8.673617379884035e-19	False	1332264.0	40158.0	325.3064706	3165962240.0	world_g06_n065.mat	31C174C3A882852DEA2A5B7F789E48B94FD87C511CB47AFCC5B5E0F243DF54CE	59B22764181C475D824B3847F1FC4F2E3EA726C62618AB02D8691B028031CC55	AE9B0EEE540CC07AA3D3FE45D445B0C71815E95D7D461C6AB615903532705D09
G06	6	65	91206065	R2	4.61799281479342	27.5382038226563	0.0044800000000000005	-0.0003281296171272807	0.78662109375	0	-0.0029700000000000004	0.002340000000000002	False	0.004480000000000001	0.00341796875	8.673617379884035e-19	False	1332264.0	40158.0	325.3064706	3165962240.0	world_g06_n065.mat	31C174C3A882852DEA2A5B7F789E48B94FD87C511CB47AFCC5B5E0F243DF54CE	59B22764181C475D824B3847F1FC4F2E3EA726C62618AB02D8691B028031CC55	AE9B0EEE540CC07AA3D3FE45D445B0C71815E95D7D461C6AB615903532705D09
G06	6	66	91206066	R1	4.61799281479342	27.5382038226563	0.0044800000000000005	-8.325309470807096e-05	0.954498291015625	0	-0.00324	0.0030500000000000006	False	0.004480000000000001	0.0068359375	8.673617379884035e-19	False	1332264.0	40302.0	331.6902163	3165003776.0	world_g06_n066.mat	756C04FA249F07C2CB937DE7BBA8F6D620CD153BBF187618EF0F467553EBA9F0	59B22764181C475D824B3847F1FC4F2E3EA726C62618AB02D8691B028031CC55	AE9B0EEE540CC07AA3D3FE45D445B0C71815E95D7D461C6AB615903532705D09
G06	6	66	91206066	R2	4.61799281479342	27.5382038226563	0.0044800000000000005	0.0013537297589781352	0.460693359375	0	-0.0027100000000000006	0.005300000000000003	False	0.004480000000000001	0.116455078125	8.673617379884035e-19	True	1332264.0	40302.0	331.6902163	3165003776.0	world_g06_n066.mat	756C04FA249F07C2CB937DE7BBA8F6D620CD153BBF187618EF0F467553EBA9F0	59B22764181C475D824B3847F1FC4F2E3EA726C62618AB02D8691B028031CC55	AE9B0EEE540CC07AA3D3FE45D445B0C71815E95D7D461C6AB615903532705D09
G06	6	67	91206067	R1	4.61799281479342	27.5382038226563	0.0044800000000000005	0.0005352212780942271	0.76580810546875	0	-0.0032999999999999974	0.004350000000000003	False	0.004480000000000001	0.0440673828125	8.673617379884035e-19	False	1332264.0	40138.0	327.9785988	3164807168.0	world_g06_n067.mat	FDD13CCBD5D5BE00E1280381479BC4BFF0B4456444251E6303FF390634FB04C8	59B22764181C475D824B3847F1FC4F2E3EA726C62618AB02D8691B028031CC55	AE9B0EEE540CC07AA3D3FE45D445B0C71815E95D7D461C6AB615903532705D09
G06	6	67	91206067	R2	4.61799281479342	27.5382038226563	0.0044800000000000005	-0.0021177837824177645	0.26123046875	0	-0.006059999999999999	0.0018900000000000028	False	0.004480000000000001	0.0048828125	8.673617379884035e-19	False	1332264.0	40138.0	327.9785988	3164807168.0	world_g06_n067.mat	FDD13CCBD5D5BE00E1280381479BC4BFF0B4456444251E6303FF390634FB04C8	59B22764181C475D824B3847F1FC4F2E3EA726C62618AB02D8691B028031CC55	AE9B0EEE540CC07AA3D3FE45D445B0C71815E95D7D461C6AB615903532705D09
G06	6	68	91206068	R1	4.61799281479342	27.5382038226563	0.0044800000000000005	-0.0002672168217236525	0.878326416015625	0	-0.003939999999999999	0.0033100000000000004	False	0.004480000000000001	0.0098876953125	8.673617379884035e-19	False	1332264.0	39930.0	332.0393341	3164884992.0	world_g06_n068.mat	5EC6F339141927D21FC76FE3940742791305F776BEDE0DDBD8B51F64FB2A5579	59B22764181C475D824B3847F1FC4F2E3EA726C62618AB02D8691B028031CC55	AE9B0EEE540CC07AA3D3FE45D445B0C71815E95D7D461C6AB615903532705D09
G06	6	68	91206068	R2	4.61799281479342	27.5382038226563	0.0044800000000000005	-0.00036908204057462527	0.79833984375	0	-0.0035600000000000007	0.0027700000000000016	False	0.004480000000000001	0.001953125	8.673617379884035e-19	False	1332264.0	39930.0	332.0393341	3164884992.0	world_g06_n068.mat	5EC6F339141927D21FC76FE3940742791305F776BEDE0DDBD8B51F64FB2A5579	59B22764181C475D824B3847F1FC4F2E3EA726C62618AB02D8691B028031CC55	AE9B0EEE540CC07AA3D3FE45D445B0C71815E95D7D461C6AB615903532705D09
G06	6	69	91206069	R1	4.61799281479342	27.5382038226563	0.0044800000000000005	0.0005167858166757479	0.75518798828125	0	-0.00289	0.003780000000000002	False	0.004480000000000001	0.0179443359375	8.673617379884035e-19	False	1332264.0	40078.0	331.6671547	3164811264.0	world_g06_n069.mat	910CA73D4CFCE9A117CC620A6CF19AE5FC64AE15B4C3EA77C0FC4FF4385EFAE7	59B22764181C475D824B3847F1FC4F2E3EA726C62618AB02D8691B028031CC55	AE9B0EEE540CC07AA3D3FE45D445B0C71815E95D7D461C6AB615903532705D09
G06	6	69	91206069	R2	4.61799281479342	27.5382038226563	0.0044800000000000005	-0.0030367935321396994	0.14697265625	0	-0.007349999999999999	0.0013500000000000005	False	0.004480000000000001	0.00048828125	8.673617379884035e-19	False	1332264.0	40078.0	331.6671547	3164811264.0	world_g06_n069.mat	910CA73D4CFCE9A117CC620A6CF19AE5FC64AE15B4C3EA77C0FC4FF4385EFAE7	59B22764181C475D824B3847F1FC4F2E3EA726C62618AB02D8691B028031CC55	AE9B0EEE540CC07AA3D3FE45D445B0C71815E95D7D461C6AB615903532705D09
G06	6	70	91206070	R1	4.61799281479342	27.5382038226563	0.0044800000000000005	-0.001003312775808294	0.552825927734375	0	-0.004509999999999998	0.0025599999999999998	False	0.004480000000000001	0.00714111328125	8.673617379884035e-19	False	1332264.0	39889.0	334.9259513	3163922432.0	world_g06_n070.mat	10DAD503ED51C80FE48F0670BE7D79C34BBA3C0E8E6733353304492A052D619C	59B22764181C475D824B3847F1FC4F2E3EA726C62618AB02D8691B028031CC55	AE9B0EEE540CC07AA3D3FE45D445B0C71815E95D7D461C6AB615903532705D09
G06	6	70	91206070	R2	4.61799281479342	27.5382038226563	0.0044800000000000005	0.0005064033002697214	0.775146484375	0	-0.003279999999999998	0.0043300000000000005	False	0.004480000000000001	0.0439453125	8.673617379884035e-19	False	1332264.0	39889.0	334.9259513	3163922432.0	world_g06_n070.mat	10DAD503ED51C80FE48F0670BE7D79C34BBA3C0E8E6733353304492A052D619C	59B22764181C475D824B3847F1FC4F2E3EA726C62618AB02D8691B028031CC55	AE9B0EEE540CC07AA3D3FE45D445B0C71815E95D7D461C6AB615903532705D09
G06	6	71	91206071	R1	4.61799281479342	27.5382038226563	0.0044800000000000005	-0.001553881183026444	0.281890869140625	0	-0.0045499999999999985	0.0014700000000000026	False	0.004480000000000001	0.00128173828125	8.673617379884035e-19	False	1332264.0	40155.0	338.1648546	3153321984.0	world_g06_n071.mat	312F9381DCA06DC33E6E3895289A9E93BE8B4691F9312EB7DAE438415A3CEFB6	59B22764181C475D824B3847F1FC4F2E3EA726C62618AB02D8691B028031CC55	AE9B0EEE540CC07AA3D3FE45D445B0C71815E95D7D461C6AB615903532705D09
G06	6	71	91206071	R2	4.61799281479342	27.5382038226563	0.0044800000000000005	-0.002600796834134746	0.12744140625	0	-0.005979999999999999	0.0009000000000000015	False	0.004480000000000001	0.001953125	8.673617379884035e-19	False	1332264.0	40155.0	338.1648546	3153321984.0	world_g06_n071.mat	312F9381DCA06DC33E6E3895289A9E93BE8B4691F9312EB7DAE438415A3CEFB6	59B22764181C475D824B3847F1FC4F2E3EA726C62618AB02D8691B028031CC55	AE9B0EEE540CC07AA3D3FE45D445B0C71815E95D7D461C6AB615903532705D09
G06	6	72	91206072	R1	4.61799281479342	27.5382038226563	0.0044800000000000005	-0.002723286654125734	0.04974365234375	1	-0.00537	-9.999999999999593e-06	False	0.004480000000000001	0.000244140625	8.673617379884035e-19	False	1332264.0	40080.0	365.0935762	3175186432.0	world_g06_n072.mat	A05DCB714550C19C3AD67DE20DB158889355ABF3BD73553B4E01C8E24FEA02D8	59B22764181C475D824B3847F1FC4F2E3EA726C62618AB02D8691B028031CC55	AE9B0EEE540CC07AA3D3FE45D445B0C71815E95D7D461C6AB615903532705D09
G06	6	72	91206072	R2	4.61799281479342	27.5382038226563	0.0044800000000000005	-0.002032953060284201	0.236083984375	0	-0.0055899999999999995	0.0016000000000000007	False	0.004480000000000001	0.00341796875	8.673617379884035e-19	False	1332264.0	40080.0	365.0935762	3175186432.0	world_g06_n072.mat	A05DCB714550C19C3AD67DE20DB158889355ABF3BD73553B4E01C8E24FEA02D8	59B22764181C475D824B3847F1FC4F2E3EA726C62618AB02D8691B028031CC55	AE9B0EEE540CC07AA3D3FE45D445B0C71815E95D7D461C6AB615903532705D09
G06	6	73	91206073	R1	4.61799281479342	27.5382038226563	0.0044800000000000005	0.0006916545875164619	0.7193603515625	0	-0.00289	0.0044500000000000026	False	0.004480000000000001	0.048797607421875	8.673617379884035e-19	False	1332264.0	40307.0	364.8879844	3175223296.0	world_g06_n073.mat	D58623D135CAF507A7F445C7FCE6736C25EB739E0B91C108C53F05B5AC5BB527	59B22764181C475D824B3847F1FC4F2E3EA726C62618AB02D8691B028031CC55	AE9B0EEE540CC07AA3D3FE45D445B0C71815E95D7D461C6AB615903532705D09
G06	6	73	91206073	R2	4.61799281479342	27.5382038226563	0.0044800000000000005	-0.001985902923391521	0.294189453125	0	-0.00597	0.0019200000000000016	False	0.004480000000000001	0.001708984375	8.673617379884035e-19	False	1332264.0	40307.0	364.8879844	3175223296.0	world_g06_n073.mat	D58623D135CAF507A7F445C7FCE6736C25EB739E0B91C108C53F05B5AC5BB527	59B22764181C475D824B3847F1FC4F2E3EA726C62618AB02D8691B028031CC55	AE9B0EEE540CC07AA3D3FE45D445B0C71815E95D7D461C6AB615903532705D09
G06	6	74	91206074	R1	4.61799281479342	27.5382038226563	0.0044800000000000005	-0.0006168709370570729	0.77911376953125	0	-0.005169999999999999	0.0039400000000000025	False	0.004480000000000001	0.029632568359375	8.673617379884035e-19	False	1332264.0	39829.0	364.8167825	3175202816.0	world_g06_n074.mat	68C8631576C2AF6AE2C8F669482B97119E7D1FAF94B79C483578DE0FD68AD689	59B22764181C475D824B3847F1FC4F2E3EA726C62618AB02D8691B028031CC55	AE9B0EEE540CC07AA3D3FE45D445B0C71815E95D7D461C6AB615903532705D09
G06	6	74	91206074	R2	4.61799281479342	27.5382038226563	0.0044800000000000005	-0.0019042980392500746	0.203125	0	-0.004999999999999999	0.0013000000000000025	False	0.004480000000000001	0.001953125	8.673617379884035e-19	False	1332264.0	39829.0	364.8167825	3175202816.0	world_g06_n074.mat	68C8631576C2AF6AE2C8F669482B97119E7D1FAF94B79C483578DE0FD68AD689	59B22764181C475D824B3847F1FC4F2E3EA726C62618AB02D8691B028031CC55	AE9B0EEE540CC07AA3D3FE45D445B0C71815E95D7D461C6AB615903532705D09
G06	6	75	91206075	R1	4.61799281479342	27.5382038226563	0.0044800000000000005	0.0011083341487714696	0.56976318359375	0	-0.0029700000000000004	0.005150000000000002	False	0.004480000000000001	0.09735107421875	8.673617379884035e-19	True	1332264.0	39971.0	363.8770371	3175206912.0	world_g06_n075.mat	0D78086A2FBB3EA8066FD80DF8A66C91C37BEA518A81A9F05F63F3F98C5299CF	59B22764181C475D824B3847F1FC4F2E3EA726C62618AB02D8691B028031CC55	AE9B0EEE540CC07AA3D3FE45D445B0C71815E95D7D461C6AB615903532705D09
G06	6	75	91206075	R2	4.61799281479342	27.5382038226563	0.0044800000000000005	-0.0003039731080423612	0.88232421875	0	-0.004749999999999999	0.004030000000000002	False	0.004480000000000001	0.031982421875	8.673617379884035e-19	False	1332264.0	39971.0	363.8770371	3175206912.0	world_g06_n075.mat	0D78086A2FBB3EA8066FD80DF8A66C91C37BEA518A81A9F05F63F3F98C5299CF	59B22764181C475D824B3847F1FC4F2E3EA726C62618AB02D8691B028031CC55	AE9B0EEE540CC07AA3D3FE45D445B0C71815E95D7D461C6AB615903532705D09
G06	6	76	91206076	R1	4.61799281479342	27.5382038226563	0.0044800000000000005	-0.002893752470305083	0.04803466796875	1	-0.00575	-2.9999999999998778e-05	False	0.004480000000000001	0.0001220703125	8.673617379884035e-19	False	1332264.0	40059.0	364.7458031	3176169472.0	world_g06_n076.mat	305C29F6343FD615928B27ECDF1AF0409AED970934C227EFE860C8470D5A26B8	59B22764181C475D824B3847F1FC4F2E3EA726C62618AB02D8691B028031CC55	AE9B0EEE540CC07AA3D3FE45D445B0C71815E95D7D461C6AB615903532705D09
G06	6	76	91206076	R2	4.61799281479342	27.5382038226563	0.0044800000000000005	0.001987470665872812	0.144775390625	0	-0.0007999999999999986	0.004790000000000003	False	0.004480000000000001	0.076904296875	8.673617379884035e-19	True	1332264.0	40059.0	364.7458031	3176169472.0	world_g06_n076.mat	305C29F6343FD615928B27ECDF1AF0409AED970934C227EFE860C8470D5A26B8	59B22764181C475D824B3847F1FC4F2E3EA726C62618AB02D8691B028031CC55	AE9B0EEE540CC07AA3D3FE45D445B0C71815E95D7D461C6AB615903532705D09
G06	6	77	91206077	R1	4.61799281479342	27.5382038226563	0.0044800000000000005	0.0007890072648984024	0.711181640625	0	-0.0036799999999999992	0.005310000000000002	False	0.004480000000000001	0.100860595703125	8.673617379884035e-19	True	1332264.0	40211.0	364.7209651	3175292928.0	world_g06_n077.mat	15EFAB1BB4E4AB1467B2AE22C54EBA5152E57480EE2E5D9B87A097EFAD3DC788	59B22764181C475D824B3847F1FC4F2E3EA726C62618AB02D8691B028031CC55	AE9B0EEE540CC07AA3D3FE45D445B0C71815E95D7D461C6AB615903532705D09
G06	6	77	91206077	R2	4.61799281479342	27.5382038226563	0.0044800000000000005	-7.083038737658389e-05	0.95556640625	0	-0.0029	0.00272	False	0.004480000000000001	0.005859375	8.673617379884035e-19	False	1332264.0	40211.0	364.7209651	3175292928.0	world_g06_n077.mat	15EFAB1BB4E4AB1467B2AE22C54EBA5152E57480EE2E5D9B87A097EFAD3DC788	59B22764181C475D824B3847F1FC4F2E3EA726C62618AB02D8691B028031CC55	AE9B0EEE540CC07AA3D3FE45D445B0C71815E95D7D461C6AB615903532705D09
G06	6	78	91206078	R1	4.61799281479342	27.5382038226563	0.0044800000000000005	0.00045652261892168626	0.744598388671875	0	-0.0024799999999999996	0.0033500000000000023	False	0.004480000000000001	0.0093994140625	8.673617379884035e-19	False	1332264.0	40216.0	365.4211036	3174346752.0	world_g06_n078.mat	246188B3D2E2C6E4177E0007D6BE139A23297E8B26531F40E7F4160159890BB4	59B22764181C475D824B3847F1FC4F2E3EA726C62618AB02D8691B028031CC55	AE9B0EEE540CC07AA3D3FE45D445B0C71815E95D7D461C6AB615903532705D09
G06	6	78	91206078	R2	4.61799281479342	27.5382038226563	0.0044800000000000005	0.000642788767607089	0.759033203125	0	-0.003709999999999998	0.005090000000000001	False	0.004480000000000001	0.0830078125	8.673617379884035e-19	True	1332264.0	40216.0	365.4211036	3174346752.0	world_g06_n078.mat	246188B3D2E2C6E4177E0007D6BE139A23297E8B26531F40E7F4160159890BB4	59B22764181C475D824B3847F1FC4F2E3EA726C62618AB02D8691B028031CC55	AE9B0EEE540CC07AA3D3FE45D445B0C71815E95D7D461C6AB615903532705D09
G06	6	79	91206079	R1	4.61799281479342	27.5382038226563	0.0044800000000000005	-0.00035761942896913354	0.845367431640625	0	-0.004189999999999999	0.0035200000000000023	False	0.004480000000000001	0.019378662109375	8.673617379884035e-19	False	1332264.0	40013.0	366.5335329	3174187008.0	world_g06_n079.mat	DF0C91A0A3AF5BB1BB8B99CF01DD44AE55345CC604CFCFE8CD01DF9971AD4A98	59B22764181C475D824B3847F1FC4F2E3EA726C62618AB02D8691B028031CC55	AE9B0EEE540CC07AA3D3FE45D445B0C71815E95D7D461C6AB615903532705D09
G06	6	79	91206079	R2	4.61799281479342	27.5382038226563	0.0044800000000000005	-0.0015265727241690656	0.419677734375	0	-0.005599999999999999	0.0025000000000000022	False	0.004480000000000001	0.00634765625	8.673617379884035e-19	False	1332264.0	40013.0	366.5335329	3174187008.0	world_g06_n079.mat	DF0C91A0A3AF5BB1BB8B99CF01DD44AE55345CC604CFCFE8CD01DF9971AD4A98	59B22764181C475D824B3847F1FC4F2E3EA726C62618AB02D8691B028031CC55	AE9B0EEE540CC07AA3D3FE45D445B0C71815E95D7D461C6AB615903532705D09
G06	6	80	91206080	R1	4.61799281479342	27.5382038226563	0.0044800000000000005	0.0005644730521886223	0.77679443359375	0	-0.0036799999999999992	0.00476	False	0.004480000000000001	0.0655517578125	8.673617379884035e-19	True	1332264.0	39864.0	365.7830894	3173228544.0	world_g06_n080.mat	AE843A70261A3DD71450E1725818CC95362DC893608BE1F7E26B01CBAFAEAA93	59B22764181C475D824B3847F1FC4F2E3EA726C62618AB02D8691B028031CC55	AE9B0EEE540CC07AA3D3FE45D445B0C71815E95D7D461C6AB615903532705D09
G06	6	80	91206080	R2	4.61799281479342	27.5382038226563	0.0044800000000000005	-0.0008380463868599013	0.685302734375	0	-0.005439999999999999	0.0036800000000000027	False	0.004480000000000001	0.031005859375	8.673617379884035e-19	False	1332264.0	39864.0	365.7830894	3173228544.0	world_g06_n080.mat	AE843A70261A3DD71450E1725818CC95362DC893608BE1F7E26B01CBAFAEAA93	59B22764181C475D824B3847F1FC4F2E3EA726C62618AB02D8691B028031CC55	AE9B0EEE540CC07AA3D3FE45D445B0C71815E95D7D461C6AB615903532705D09
G06	6	81	91206081	R1	4.61799281479342	27.5382038226563	0.0044800000000000005	-0.0011798362315636726	0.41827392578125	0	-0.004189999999999999	0.0018799999999999997	False	0.004480000000000001	0.002166748046875	8.673617379884035e-19	False	1332264.0	39990.0	366.2878959	3161907200.0	world_g06_n081.mat	DD136C6E6AA5E72AA886B323A952A288E9E02F21BB9436079818A872669B798C	59B22764181C475D824B3847F1FC4F2E3EA726C62618AB02D8691B028031CC55	AE9B0EEE540CC07AA3D3FE45D445B0C71815E95D7D461C6AB615903532705D09
G06	6	81	91206081	R2	4.61799281479342	27.5382038226563	0.0044800000000000005	0.001025329716278988	0.592529296875	0	-0.0031299999999999974	0.00511	False	0.004480000000000001	0.09521484375	8.673617379884035e-19	True	1332264.0	39990.0	366.2878959	3161907200.0	world_g06_n081.mat	DD136C6E6AA5E72AA886B323A952A288E9E02F21BB9436079818A872669B798C	59B22764181C475D824B3847F1FC4F2E3EA726C62618AB02D8691B028031CC55	AE9B0EEE540CC07AA3D3FE45D445B0C71815E95D7D461C6AB615903532705D09
G06	6	82	91206082	R1	4.61799281479342	27.5382038226563	0.0044800000000000005	-0.0022814561491062988	0.2203369140625	0	-0.006119999999999999	0.0015800000000000015	False	0.004480000000000001	0.00030517578125	8.673617379884035e-19	False	1332264.0	39699.0	366.9598625	3173109760.0	world_g06_n082.mat	F94745035C8562276F94B86CB7BC49B053BB1045DE8A7F9A6E319BB6261FA108	59B22764181C475D824B3847F1FC4F2E3EA726C62618AB02D8691B028031CC55	AE9B0EEE540CC07AA3D3FE45D445B0C71815E95D7D461C6AB615903532705D09
G06	6	82	91206082	R2	4.61799281479342	27.5382038226563	0.0044800000000000005	-5.564754913437527e-05	0.9775390625	0	-0.0039900000000000005	0.003670000000000003	False	0.004480000000000001	0.018310546875	8.673617379884035e-19	False	1332264.0	39699.0	366.9598625	3173109760.0	world_g06_n082.mat	F94745035C8562276F94B86CB7BC49B053BB1045DE8A7F9A6E319BB6261FA108	59B22764181C475D824B3847F1FC4F2E3EA726C62618AB02D8691B028031CC55	AE9B0EEE540CC07AA3D3FE45D445B0C71815E95D7D461C6AB615903532705D09
G06	6	83	91206083	R1	4.61799281479342	27.5382038226563	0.0044800000000000005	-0.00087611400348844	0.615081787109375	0	-0.004489999999999999	0.0027800000000000012	False	0.004480000000000001	0.008026123046875	8.673617379884035e-19	False	1332264.0	40194.0	368.6246135	3173089280.0	world_g06_n083.mat	A65CFFEE284931440091C5552DE55EE2BA3C0950C08264016F94A86B8657C1D0	59B22764181C475D824B3847F1FC4F2E3EA726C62618AB02D8691B028031CC55	AE9B0EEE540CC07AA3D3FE45D445B0C71815E95D7D461C6AB615903532705D09
G06	6	83	91206083	R2	4.61799281479342	27.5382038226563	0.0044800000000000005	0.0003490065825414515	0.803466796875	0	-0.0027599999999999986	0.0034500000000000017	False	0.004480000000000001	0.015625	8.673617379884035e-19	False	1332264.0	40194.0	368.6246135	3173089280.0	world_g06_n083.mat	A65CFFEE284931440091C5552DE55EE2BA3C0950C08264016F94A86B8657C1D0	59B22764181C475D824B3847F1FC4F2E3EA726C62618AB02D8691B028031CC55	AE9B0EEE540CC07AA3D3FE45D445B0C71815E95D7D461C6AB615903532705D09
G06	6	84	91206084	R1	4.61799281479342	27.5382038226563	0.0044800000000000005	-0.004201873246829567	0.008575439453125	1	-0.007059999999999999	-0.0013199999999999983	False	0.004480000000000001	9.1552734375e-05	8.673617379884035e-19	False	1332264.0	39895.0	367.3076215	3173109760.0	world_g06_n084.mat	262D373FB1EDFC9A007C8789D71E6FCDD74C43FE112FA2912BEF040E9AA80AF9	59B22764181C475D824B3847F1FC4F2E3EA726C62618AB02D8691B028031CC55	AE9B0EEE540CC07AA3D3FE45D445B0C71815E95D7D461C6AB615903532705D09
G06	6	84	91206084	R2	4.61799281479342	27.5382038226563	0.0044800000000000005	0.0023621501231916513	0.08447265625	0	-0.000389999999999998	0.005050000000000002	False	0.004480000000000001	0.12451171875	8.673617379884035e-19	True	1332264.0	39895.0	367.3076215	3173109760.0	world_g06_n084.mat	262D373FB1EDFC9A007C8789D71E6FCDD74C43FE112FA2912BEF040E9AA80AF9	59B22764181C475D824B3847F1FC4F2E3EA726C62618AB02D8691B028031CC55	AE9B0EEE540CC07AA3D3FE45D445B0C71815E95D7D461C6AB615903532705D09
G06	6	85	91206085	R1	4.61799281479342	27.5382038226563	0.0044800000000000005	-0.001365325050503877	0.351593017578125	0	-0.0043799999999999985	0.0016100000000000003	False	0.004480000000000001	0.000518798828125	8.673617379884035e-19	False	1332264.0	39757.0	366.148999	3173097472.0	world_g06_n085.mat	4D0B056D3497C5B26DFD8F906184ED877AB771576B306E48E758272CF9400348	59B22764181C475D824B3847F1FC4F2E3EA726C62618AB02D8691B028031CC55	AE9B0EEE540CC07AA3D3FE45D445B0C71815E95D7D461C6AB615903532705D09
G06	6	85	91206085	R2	4.61799281479342	27.5382038226563	0.0044800000000000005	-0.0002317423497597472	0.8369140625	0	-0.0027100000000000006	0.0022000000000000006	False	0.004480000000000001	0.00048828125	8.673617379884035e-19	False	1332264.0	39757.0	366.148999	3173097472.0	world_g06_n085.mat	4D0B056D3497C5B26DFD8F906184ED877AB771576B306E48E758272CF9400348	59B22764181C475D824B3847F1FC4F2E3EA726C62618AB02D8691B028031CC55	AE9B0EEE540CC07AA3D3FE45D445B0C71815E95D7D461C6AB615903532705D09
G06	6	86	91206086	R1	4.61799281479342	27.5382038226563	0.0044800000000000005	-0.0024626270217261927	0.2669677734375	0	-0.00703	0.0020900000000000016	False	0.004480000000000001	0.00531005859375	8.673617379884035e-19	False	1332264.0	39970.0	367.7581172	3173101568.0	world_g06_n086.mat	D09E6AF353CFE016F9E695B1B43765AE558E72C0A7A8AA6E20C1CD0C2E179FB2	59B22764181C475D824B3847F1FC4F2E3EA726C62618AB02D8691B028031CC55	AE9B0EEE540CC07AA3D3FE45D445B0C71815E95D7D461C6AB615903532705D09
G06	6	86	91206086	R2	4.61799281479342	27.5382038226563	0.0044800000000000005	0.0010275446514094783	0.585693359375	0	-0.003109999999999998	0.005030000000000003	False	0.004480000000000001	0.08984375	8.673617379884035e-19	True	1332264.0	39970.0	367.7581172	3173101568.0	world_g06_n086.mat	D09E6AF353CFE016F9E695B1B43765AE558E72C0A7A8AA6E20C1CD0C2E179FB2	59B22764181C475D824B3847F1FC4F2E3EA726C62618AB02D8691B028031CC55	AE9B0EEE540CC07AA3D3FE45D445B0C71815E95D7D461C6AB615903532705D09
G06	6	87	91206087	R1	4.61799281479342	27.5382038226563	0.0044800000000000005	-0.0020333724681711384	0.15374755859375	0	-0.0048899999999999985	0.0008500000000000001	False	0.004480000000000001	0.000396728515625	8.673617379884035e-19	False	1332264.0	40395.0	369.2238319	3173134336.0	world_g06_n087.mat	ED04BE9A5EA9CAB1496B5B0B18D9BBFF01586118A3B6C258263E0D10A17BC33E	59B22764181C475D824B3847F1FC4F2E3EA726C62618AB02D8691B028031CC55	AE9B0EEE540CC07AA3D3FE45D445B0C71815E95D7D461C6AB615903532705D09
G06	6	87	91206087	R2	4.61799281479342	27.5382038226563	0.0044800000000000005	-0.0024263203774710076	0.0693359375	0	-0.005219999999999999	0.0001799999999999996	False	0.004480000000000001	0.000244140625	8.673617379884035e-19	False	1332264.0	40395.0	369.2238319	3173134336.0	world_g06_n087.mat	ED04BE9A5EA9CAB1496B5B0B18D9BBFF01586118A3B6C258263E0D10A17BC33E	59B22764181C475D824B3847F1FC4F2E3EA726C62618AB02D8691B028031CC55	AE9B0EEE540CC07AA3D3FE45D445B0C71815E95D7D461C6AB615903532705D09
G06	6	88	91206088	R1	4.61799281479342	27.5382038226563	0.0044800000000000005	0.00024082843890951887	0.8880615234375	0	-0.0033799999999999976	0.003870000000000002	False	0.004480000000000001	0.025787353515625	8.673617379884035e-19	False	1332264.0	40094.0	367.4531804	3172163584.0	world_g06_n088.mat	51B16EB0B0DDBBEB2ED3612FA14D14F5D41CD375C195C6FEB29E8FD5FC77C124	59B22764181C475D824B3847F1FC4F2E3EA726C62618AB02D8691B028031CC55	AE9B0EEE540CC07AA3D3FE45D445B0C71815E95D7D461C6AB615903532705D09
G06	6	88	91206088	R2	4.61799281479342	27.5382038226563	0.0044800000000000005	0.0017686614422473045	0.259521484375	0	-0.0014400000000000003	0.004820000000000001	False	0.004480000000000001	0.07568359375	8.673617379884035e-19	True	1332264.0	40094.0	367.4531804	3172163584.0	world_g06_n088.mat	51B16EB0B0DDBBEB2ED3612FA14D14F5D41CD375C195C6FEB29E8FD5FC77C124	59B22764181C475D824B3847F1FC4F2E3EA726C62618AB02D8691B028031CC55	AE9B0EEE540CC07AA3D3FE45D445B0C71815E95D7D461C6AB615903532705D09
G06	6	89	91206089	R1	4.61799281479342	27.5382038226563	0.0044800000000000005	0.002076884877454721	0.286865234375	0	-0.0018899999999999993	0.006090000000000002	False	0.004480000000000001	0.21539306640625	8.673617379884035e-19	True	1332264.0	40285.0	368.4029995	3172126720.0	world_g06_n089.mat	451613E192CD1EDF4CD11DDB9349942F10684A222196C2D3DB864DFC9DA1B543	59B22764181C475D824B3847F1FC4F2E3EA726C62618AB02D8691B028031CC55	AE9B0EEE540CC07AA3D3FE45D445B0C71815E95D7D461C6AB615903532705D09
G06	6	89	91206089	R2	4.61799281479342	27.5382038226563	0.0044800000000000005	-0.0012666516005618415	0.43994140625	0	-0.004619999999999999	0.0022400000000000024	False	0.004480000000000001	0.006591796875	8.673617379884035e-19	False	1332264.0	40285.0	368.4029995	3172126720.0	world_g06_n089.mat	451613E192CD1EDF4CD11DDB9349942F10684A222196C2D3DB864DFC9DA1B543	59B22764181C475D824B3847F1FC4F2E3EA726C62618AB02D8691B028031CC55	AE9B0EEE540CC07AA3D3FE45D445B0C71815E95D7D461C6AB615903532705D09
G06	6	90	91206090	R1	4.61799281479342	27.5382038226563	0.0044800000000000005	0.0009773836342297784	0.535400390625	0	-0.0023299999999999987	0.0042800000000000026	False	0.004480000000000001	0.039520263671875	8.673617379884035e-19	False	1332264.0	40127.0	368.9753908	3172130816.0	world_g06_n090.mat	7A56340412FA5D182DB520830B7BAD68672D502E5510ED3CC00DB9A12B50E2CC	59B22764181C475D824B3847F1FC4F2E3EA726C62618AB02D8691B028031CC55	AE9B0EEE540CC07AA3D3FE45D445B0C71815E95D7D461C6AB615903532705D09
G06	6	90	91206090	R2	4.61799281479342	27.5382038226563	0.0044800000000000005	-0.0011141917398847735	0.428955078125	0	-0.00417	0.0019500000000000003	False	0.004480000000000001	0.0029296875	8.673617379884035e-19	False	1332264.0	40127.0	368.9753908	3172130816.0	world_g06_n090.mat	7A56340412FA5D182DB520830B7BAD68672D502E5510ED3CC00DB9A12B50E2CC	59B22764181C475D824B3847F1FC4F2E3EA726C62618AB02D8691B028031CC55	AE9B0EEE540CC07AA3D3FE45D445B0C71815E95D7D461C6AB615903532705D09
G06	6	91	91206091	R1	4.61799281479342	27.5382038226563	0.0044800000000000005	0.000891568887349165	0.693267822265625	0	-0.0038399999999999997	0.005600000000000001	False	0.004480000000000001	0.12603759765625	8.673617379884035e-19	True	1332264.0	39843.0	367.7941261	3160711168.0	world_g06_n091.mat	8B35683E7F4F6B5AD5C68ACAF0766357676D5689ED24E8EFB084AB030638905A	59B22764181C475D824B3847F1FC4F2E3EA726C62618AB02D8691B028031CC55	AE9B0EEE540CC07AA3D3FE45D445B0C71815E95D7D461C6AB615903532705D09
G06	6	91	91206091	R2	4.61799281479342	27.5382038226563	0.0044800000000000005	0.0018835344677253832	0.225830078125	0	-0.0014299999999999972	0.005170000000000001	False	0.004480000000000001	0.10693359375	8.673617379884035e-19	True	1332264.0	39843.0	367.7941261	3160711168.0	world_g06_n091.mat	8B35683E7F4F6B5AD5C68ACAF0766357676D5689ED24E8EFB084AB030638905A	59B22764181C475D824B3847F1FC4F2E3EA726C62618AB02D8691B028031CC55	AE9B0EEE540CC07AA3D3FE45D445B0C71815E95D7D461C6AB615903532705D09
G06	6	92	91206092	R1	4.61799281479342	27.5382038226563	0.0044800000000000005	8.567008052211853e-06	0.996612548828125	0	-0.0043799999999999985	0.004660000000000001	False	0.004480000000000001	0.0584716796875	8.673617379884035e-19	True	1332264.0	40135.0	367.0250404	3174969344.0	world_g06_n092.mat	7BFA182A5BA0AD09B1DB90E493667B6FBCCD9423DD38E597936A6980C026CF24	59B22764181C475D824B3847F1FC4F2E3EA726C62618AB02D8691B028031CC55	AE9B0EEE540CC07AA3D3FE45D445B0C71815E95D7D461C6AB615903532705D09
G06	6	92	91206092	R2	4.61799281479342	27.5382038226563	0.0044800000000000005	0.00032036460158370626	0.840576171875	0	-0.00324	0.003890000000000001	False	0.004480000000000001	0.02685546875	8.673617379884035e-19	False	1332264.0	40135.0	367.0250404	3174969344.0	world_g06_n092.mat	7BFA182A5BA0AD09B1DB90E493667B6FBCCD9423DD38E597936A6980C026CF24	59B22764181C475D824B3847F1FC4F2E3EA726C62618AB02D8691B028031CC55	AE9B0EEE540CC07AA3D3FE45D445B0C71815E95D7D461C6AB615903532705D09
G06	6	93	91206093	R1	4.61799281479342	27.5382038226563	0.0044800000000000005	-0.0009031317158384809	0.591522216796875	0	-0.004369999999999999	0.0026300000000000004	False	0.004480000000000001	0.006378173828125	8.673617379884035e-19	False	1332264.0	40101.0	366.562133	3175907328.0	world_g06_n093.mat	955CED605781431DA4C8563FFC2547EAD4A7C427F5F7150C135EF7B8D5FE2199	59B22764181C475D824B3847F1FC4F2E3EA726C62618AB02D8691B028031CC55	AE9B0EEE540CC07AA3D3FE45D445B0C71815E95D7D461C6AB615903532705D09
G06	6	93	91206093	R2	4.61799281479342	27.5382038226563	0.0044800000000000005	-5.137335934881705e-05	0.969482421875	0	-0.002919999999999999	0.002870000000000001	False	0.004480000000000001	0.0068359375	8.673617379884035e-19	False	1332264.0	40101.0	366.562133	3175907328.0	world_g06_n093.mat	955CED605781431DA4C8563FFC2547EAD4A7C427F5F7150C135EF7B8D5FE2199	59B22764181C475D824B3847F1FC4F2E3EA726C62618AB02D8691B028031CC55	AE9B0EEE540CC07AA3D3FE45D445B0C71815E95D7D461C6AB615903532705D09
G06	6	94	91206094	R1	4.61799281479342	27.5382038226563	0.0044800000000000005	0.0008187687520411015	0.677581787109375	0	-0.003349999999999999	0.005000000000000001	False	0.004480000000000001	0.080078125	8.673617379884035e-19	True	1332264.0	40451.0	369.2863432	3174936576.0	world_g06_n094.mat	8D4601FFDFB5CC6A80028E5BF8EC2757AEF88809113B0520FE769D6506A6F84B	59B22764181C475D824B3847F1FC4F2E3EA726C62618AB02D8691B028031CC55	AE9B0EEE540CC07AA3D3FE45D445B0C71815E95D7D461C6AB615903532705D09
G06	6	94	91206094	R2	4.61799281479342	27.5382038226563	0.0044800000000000005	-0.0037354917484786567	0.03955078125	1	-0.00732	-0.00014999999999999736	False	0.004480000000000001	0.000732421875	8.673617379884035e-19	False	1332264.0	40451.0	369.2863432	3174936576.0	world_g06_n094.mat	8D4601FFDFB5CC6A80028E5BF8EC2757AEF88809113B0520FE769D6506A6F84B	59B22764181C475D824B3847F1FC4F2E3EA726C62618AB02D8691B028031CC55	AE9B0EEE540CC07AA3D3FE45D445B0C71815E95D7D461C6AB615903532705D09
G06	6	95	91206095	R1	4.61799281479342	27.5382038226563	0.0044800000000000005	-0.0011044583978444054	0.430999755859375	0	-0.004070000000000001	0.0018799999999999997	False	0.004480000000000001	0.001861572265625	8.673617379884035e-19	False	1332264.0	40246.0	368.052885	3175870464.0	world_g06_n095.mat	B5C803F56D1A5CE26FF3E3A4F21DB02145B4ADE48C43F5AE45BEAA0B700A8DF3	59B22764181C475D824B3847F1FC4F2E3EA726C62618AB02D8691B028031CC55	AE9B0EEE540CC07AA3D3FE45D445B0C71815E95D7D461C6AB615903532705D09
G06	6	95	91206095	R2	4.61799281479342	27.5382038226563	0.0044800000000000005	-0.0008170786656762542	0.52978515625	0	-0.00366	0.0020300000000000006	False	0.004480000000000001	0.0029296875	8.673617379884035e-19	False	1332264.0	40246.0	368.052885	3175870464.0	world_g06_n095.mat	B5C803F56D1A5CE26FF3E3A4F21DB02145B4ADE48C43F5AE45BEAA0B700A8DF3	59B22764181C475D824B3847F1FC4F2E3EA726C62618AB02D8691B028031CC55	AE9B0EEE540CC07AA3D3FE45D445B0C71815E95D7D461C6AB615903532705D09
G06	6	96	91206096	R1	4.61799281479342	27.5382038226563	0.0044800000000000005	-0.0005930818596363704	0.738922119140625	0	-0.004369999999999999	0.00315	False	0.004480000000000001	0.01068115234375	8.673617379884035e-19	False	1332264.0	40117.0	366.8325316	3174903808.0	world_g06_n096.mat	D36CD2C7C40276941FBE0977CF7D5060470F77F9841E454E9EBB3DF5A3204AFC	59B22764181C475D824B3847F1FC4F2E3EA726C62618AB02D8691B028031CC55	AE9B0EEE540CC07AA3D3FE45D445B0C71815E95D7D461C6AB615903532705D09
G06	6	96	91206096	R2	4.61799281479342	27.5382038226563	0.0044800000000000005	-0.0017798320249603255	0.212158203125	0	-0.0047199999999999985	0.001080000000000001	False	0.004480000000000001	0.00048828125	8.673617379884035e-19	False	1332264.0	40117.0	366.8325316	3174903808.0	world_g06_n096.mat	D36CD2C7C40276941FBE0977CF7D5060470F77F9841E454E9EBB3DF5A3204AFC	59B22764181C475D824B3847F1FC4F2E3EA726C62618AB02D8691B028031CC55	AE9B0EEE540CC07AA3D3FE45D445B0C71815E95D7D461C6AB615903532705D09
G06	6	97	91206097	R1	4.61799281479342	27.5382038226563	0.0044800000000000005	0.0014684924452609898	0.407989501953125	0	-0.0018299999999999983	0.00494	False	0.004480000000000001	0.084259033203125	8.673617379884035e-19	True	1332264.0	39939.0	367.8197461	3175927808.0	world_g06_n097.mat	E2087A279DD35DFB803EA13EB7924F105DB8117CCEA3DEBECCEF2BDE91BD0BCA	59B22764181C475D824B3847F1FC4F2E3EA726C62618AB02D8691B028031CC55	AE9B0EEE540CC07AA3D3FE45D445B0C71815E95D7D461C6AB615903532705D09
G06	6	97	91206097	R2	4.61799281479342	27.5382038226563	0.0044800000000000005	-0.0012866460433300767	0.435302734375	0	-0.00465	0.0018799999999999997	False	0.004480000000000001	0.0009765625	8.673617379884035e-19	False	1332264.0	39939.0	367.8197461	3175927808.0	world_g06_n097.mat	E2087A279DD35DFB803EA13EB7924F105DB8117CCEA3DEBECCEF2BDE91BD0BCA	59B22764181C475D824B3847F1FC4F2E3EA726C62618AB02D8691B028031CC55	AE9B0EEE540CC07AA3D3FE45D445B0C71815E95D7D461C6AB615903532705D09
G06	6	98	91206098	R1	4.61799281479342	27.5382038226563	0.0044800000000000005	-0.0019169360028306998	0.299560546875	0	-0.005779999999999999	0.00196	False	0.004480000000000001	0.00396728515625	8.673617379884035e-19	False	1332264.0	40145.0	367.7900214	3174969344.0	world_g06_n098.mat	016068D824E1F98EB93B4CCFD7741727D31622153EBE0BD088D0695FFBA72CCF	59B22764181C475D824B3847F1FC4F2E3EA726C62618AB02D8691B028031CC55	AE9B0EEE540CC07AA3D3FE45D445B0C71815E95D7D461C6AB615903532705D09
G06	6	98	91206098	R2	4.61799281479342	27.5382038226563	0.0044800000000000005	0.0014639088782580048	0.556396484375	0	-0.003769999999999999	0.006730000000000003	False	0.004480000000000001	0.2373046875	8.673617379884035e-19	True	1332264.0	40145.0	367.7900214	3174969344.0	world_g06_n098.mat	016068D824E1F98EB93B4CCFD7741727D31622153EBE0BD088D0695FFBA72CCF	59B22764181C475D824B3847F1FC4F2E3EA726C62618AB02D8691B028031CC55	AE9B0EEE540CC07AA3D3FE45D445B0C71815E95D7D461C6AB615903532705D09
G06	6	99	91206099	R1	4.61799281479342	27.5382038226563	0.0044800000000000005	0.0009084140561258289	0.647216796875	0	-0.0032200000000000006	0.005070000000000002	False	0.004480000000000001	0.087127685546875	8.673617379884035e-19	True	1332264.0	40517.0	368.7707964	3173703680.0	world_g06_n099.mat	26DBEF43AD520F3CE043F146A8ACA0F46F5CEC820983BD5CDCF04FCC3C0FFF2F	59B22764181C475D824B3847F1FC4F2E3EA726C62618AB02D8691B028031CC55	AE9B0EEE540CC07AA3D3FE45D445B0C71815E95D7D461C6AB615903532705D09
G06	6	99	91206099	R2	4.61799281479342	27.5382038226563	0.0044800000000000005	-0.001218063195354274	0.56298828125	0	-0.005309999999999999	0.002590000000000002	False	0.004480000000000001	0.004150390625	8.673617379884035e-19	False	1332264.0	40517.0	368.7707964	3173703680.0	world_g06_n099.mat	26DBEF43AD520F3CE043F146A8ACA0F46F5CEC820983BD5CDCF04FCC3C0FFF2F	59B22764181C475D824B3847F1FC4F2E3EA726C62618AB02D8691B028031CC55	AE9B0EEE540CC07AA3D3FE45D445B0C71815E95D7D461C6AB615903532705D09
G06	6	100	91206100	R1	4.61799281479342	27.5382038226563	0.0044800000000000005	-0.002125918052245428	0.2535400390625	0	-0.005909999999999999	0.0015600000000000024	False	0.004480000000000001	0.00115966796875	8.673617379884035e-19	False	1332264.0	40049.0	366.1409415	3173822464.0	world_g06_n100.mat	0C00D26CC1EA6F3D6F963AB9EEA79370199A837D43C6ED72C4AB568A164F2AD4	59B22764181C475D824B3847F1FC4F2E3EA726C62618AB02D8691B028031CC55	AE9B0EEE540CC07AA3D3FE45D445B0C71815E95D7D461C6AB615903532705D09
G06	6	100	91206100	R2	4.61799281479342	27.5382038226563	0.0044800000000000005	0.0014549876798558247	0.330810546875	0	-0.0016799999999999975	0.004490000000000001	False	0.004480000000000001	0.050537109375	8.673617379884035e-19	True	1332264.0	40049.0	366.1409415	3173822464.0	world_g06_n100.mat	0C00D26CC1EA6F3D6F963AB9EEA79370199A837D43C6ED72C4AB568A164F2AD4	59B22764181C475D824B3847F1FC4F2E3EA726C62618AB02D8691B028031CC55	AE9B0EEE540CC07AA3D3FE45D445B0C71815E95D7D461C6AB615903532705D09
G06	6	101	91206101	R1	4.61799281479342	27.5382038226563	0.0044800000000000005	0.0013753223408184143	0.500091552734375	0	-0.0025899999999999986	0.005470000000000003	False	0.004480000000000001	0.1251220703125	8.673617379884035e-19	True	1332264.0	40474.0	366.5811675	3163512832.0	world_g06_n101.mat	8A65FA3A4BBAB090761C7906CFA4D34DB16BCBF0AC5D09F2BF60082E1932AD27	59B22764181C475D824B3847F1FC4F2E3EA726C62618AB02D8691B028031CC55	AE9B0EEE540CC07AA3D3FE45D445B0C71815E95D7D461C6AB615903532705D09
G06	6	101	91206101	R2	4.61799281479342	27.5382038226563	0.0044800000000000005	-0.0017970243256964292	0.31591796875	0	-0.00558	0.0019400000000000008	False	0.004480000000000001	0.001953125	8.673617379884035e-19	False	1332264.0	40474.0	366.5811675	3163512832.0	world_g06_n101.mat	8A65FA3A4BBAB090761C7906CFA4D34DB16BCBF0AC5D09F2BF60082E1932AD27	59B22764181C475D824B3847F1FC4F2E3EA726C62618AB02D8691B028031CC55	AE9B0EEE540CC07AA3D3FE45D445B0C71815E95D7D461C6AB615903532705D09
G06	6	102	91206102	R1	4.61799281479342	27.5382038226563	0.0044800000000000005	0.0012610348183055486	0.475830078125	0	-0.0024999999999999988	0.00502	False	0.004480000000000001	0.08740234375	8.673617379884035e-19	True	1332264.0	40170.0	370.2863191	3173351424.0	world_g06_n102.mat	3E71FEB1276173D901FB2FF494483FD473BDFFD79CAA5E46CBC3F5410B473A51	59B22764181C475D824B3847F1FC4F2E3EA726C62618AB02D8691B028031CC55	AE9B0EEE540CC07AA3D3FE45D445B0C71815E95D7D461C6AB615903532705D09
G06	6	102	91206102	R2	4.61799281479342	27.5382038226563	0.0044800000000000005	-0.0009215257485389049	0.41943359375	0	-0.0032999999999999974	0.001510000000000001	False	0.004480000000000001	0.001220703125	8.673617379884035e-19	False	1332264.0	40170.0	370.2863191	3173351424.0	world_g06_n102.mat	3E71FEB1276173D901FB2FF494483FD473BDFFD79CAA5E46CBC3F5410B473A51	59B22764181C475D824B3847F1FC4F2E3EA726C62618AB02D8691B028031CC55	AE9B0EEE540CC07AA3D3FE45D445B0C71815E95D7D461C6AB615903532705D09
G06	6	103	91206103	R1	4.61799281479342	27.5382038226563	0.0044800000000000005	0.001108508745925266	0.4034423828125	0	-0.0016599999999999983	0.003890000000000001	False	0.004480000000000001	0.022308349609375	8.673617379884035e-19	False	1332264.0	39995.0	370.0118005	3172397056.0	world_g06_n103.mat	A0CC4A626D9311BA8341CE6EC361E8C5F32AF2716F513BCDDD2C2E73816FB882	59B22764181C475D824B3847F1FC4F2E3EA726C62618AB02D8691B028031CC55	AE9B0EEE540CC07AA3D3FE45D445B0C71815E95D7D461C6AB615903532705D09
G06	6	103	91206103	R2	4.61799281479342	27.5382038226563	0.0044800000000000005	0.0023937419570927852	0.185546875	0	-0.0013099999999999987	0.0061200000000000004	False	0.004480000000000001	0.2392578125	8.673617379884035e-19	True	1332264.0	39995.0	370.0118005	3172397056.0	world_g06_n103.mat	A0CC4A626D9311BA8341CE6EC361E8C5F32AF2716F513BCDDD2C2E73816FB882	59B22764181C475D824B3847F1FC4F2E3EA726C62618AB02D8691B028031CC55	AE9B0EEE540CC07AA3D3FE45D445B0C71815E95D7D461C6AB615903532705D09
G06	6	104	91206104	R1	4.61799281479342	27.5382038226563	0.0044800000000000005	-0.0011372904477606016	0.500579833984375	0	-0.004709999999999999	0.002420000000000002	False	0.004480000000000001	0.0040283203125	8.673617379884035e-19	False	1332264.0	40156.0	371.3851681	3173339136.0	world_g06_n104.mat	2A458F3C4C0FE6CD21D1985752CFE6FACF943D34E8680927713240E3450CD32F	59B22764181C475D824B3847F1FC4F2E3EA726C62618AB02D8691B028031CC55	AE9B0EEE540CC07AA3D3FE45D445B0C71815E95D7D461C6AB615903532705D09
G06	6	104	91206104	R2	4.61799281479342	27.5382038226563	0.0044800000000000005	-0.0010205590431179076	0.535400390625	0	-0.0045499999999999985	0.0025000000000000022	False	0.004480000000000001	0.005615234375	8.673617379884035e-19	False	1332264.0	40156.0	371.3851681	3173339136.0	world_g06_n104.mat	2A458F3C4C0FE6CD21D1985752CFE6FACF943D34E8680927713240E3450CD32F	59B22764181C475D824B3847F1FC4F2E3EA726C62618AB02D8691B028031CC55	AE9B0EEE540CC07AA3D3FE45D445B0C71815E95D7D461C6AB615903532705D09
G06	6	105	91206105	R1	4.61799281479342	27.5382038226563	0.0044800000000000005	0.0018937594273742244	0.161865234375	0	-0.0008899999999999984	0.004630000000000002	False	0.004480000000000001	0.0638427734375	8.673617379884035e-19	True	1332264.0	40445.0	371.953761	3172384768.0	world_g06_n105.mat	30FF049328AC75F3492EF47861899AEE6AC6AA3C0117962BA36424A28143AE3C	59B22764181C475D824B3847F1FC4F2E3EA726C62618AB02D8691B028031CC55	AE9B0EEE540CC07AA3D3FE45D445B0C71815E95D7D461C6AB615903532705D09
G06	6	105	91206105	R2	4.61799281479342	27.5382038226563	0.0044800000000000005	-0.0028758611656422442	0.160888671875	0	-0.007059999999999999	0.0014100000000000015	False	0.004480000000000001	0.004150390625	8.673617379884035e-19	False	1332264.0	40445.0	371.953761	3172384768.0	world_g06_n105.mat	30FF049328AC75F3492EF47861899AEE6AC6AA3C0117962BA36424A28143AE3C	59B22764181C475D824B3847F1FC4F2E3EA726C62618AB02D8691B028031CC55	AE9B0EEE540CC07AA3D3FE45D445B0C71815E95D7D461C6AB615903532705D09
G06	6	106	91206106	R1	4.61799281479342	27.5382038226563	0.0044800000000000005	-0.0015811751023120258	0.254180908203125	0	-0.004369999999999999	0.001290000000000003	False	0.004480000000000001	0.000946044921875	8.673617379884035e-19	False	1332264.0	40223.0	370.2221515	3173335040.0	world_g06_n106.mat	5DC47C56E19E256619A10FE279E6658044FC1F91D028FB163EEEBBE0CBB97AC3	59B22764181C475D824B3847F1FC4F2E3EA726C62618AB02D8691B028031CC55	AE9B0EEE540CC07AA3D3FE45D445B0C71815E95D7D461C6AB615903532705D09
G06	6	106	91206106	R2	4.61799281479342	27.5382038226563	0.0044800000000000005	-0.0018942771498175102	0.296875	0	-0.005719999999999999	0.001970000000000003	False	0.004480000000000001	0.006103515625	8.673617379884035e-19	False	1332264.0	40223.0	370.2221515	3173335040.0	world_g06_n106.mat	5DC47C56E19E256619A10FE279E6658044FC1F91D028FB163EEEBBE0CBB97AC3	59B22764181C475D824B3847F1FC4F2E3EA726C62618AB02D8691B028031CC55	AE9B0EEE540CC07AA3D3FE45D445B0C71815E95D7D461C6AB615903532705D09
G06	6	107	91206107	R1	4.61799281479342	27.5382038226563	0.0044800000000000005	-0.001375758970527437	0.441436767578125	0	-0.005129999999999999	0.0023899999999999998	False	0.004480000000000001	0.00604248046875	8.673617379884035e-19	False	1332264.0	40136.0	371.6795965	3172421632.0	world_g06_n107.mat	E7644AF144759AEC4562956CBF3BCFEFC36016B38DA5536F49E2BE8C417F8A1B	59B22764181C475D824B3847F1FC4F2E3EA726C62618AB02D8691B028031CC55	AE9B0EEE540CC07AA3D3FE45D445B0C71815E95D7D461C6AB615903532705D09
G06	6	107	91206107	R2	4.61799281479342	27.5382038226563	0.0044800000000000005	0.0011981564073940021	0.2421875	0	-0.0009399999999999999	0.0033500000000000023	False	0.004480000000000001	0.0078125	8.673617379884035e-19	False	1332264.0	40136.0	371.6795965	3172421632.0	world_g06_n107.mat	E7644AF144759AEC4562956CBF3BCFEFC36016B38DA5536F49E2BE8C417F8A1B	59B22764181C475D824B3847F1FC4F2E3EA726C62618AB02D8691B028031CC55	AE9B0EEE540CC07AA3D3FE45D445B0C71815E95D7D461C6AB615903532705D09
G06	6	108	91206108	R1	4.61799281479342	27.5382038226563	0.0044800000000000005	-0.0025507351165845885	0.11224365234375	0	-0.00579	0.00068	False	0.004480000000000001	0.000518798828125	8.673617379884035e-19	False	1332264.0	39957.0	370.3603239	3172401152.0	world_g06_n108.mat	E5A1150E3143788625C4C15147EB36A7886335C6F53E1E731DB3353A69D18D94	59B22764181C475D824B3847F1FC4F2E3EA726C62618AB02D8691B028031CC55	AE9B0EEE540CC07AA3D3FE45D445B0C71815E95D7D461C6AB615903532705D09
G06	6	108	91206108	R2	4.61799281479342	27.5382038226563	0.0044800000000000005	0.00034203191363130263	0.84521484375	0	-0.0034000000000000002	0.004040000000000002	False	0.004480000000000001	0.0322265625	8.673617379884035e-19	False	1332264.0	39957.0	370.3603239	3172401152.0	world_g06_n108.mat	E5A1150E3143788625C4C15147EB36A7886335C6F53E1E731DB3353A69D18D94	59B22764181C475D824B3847F1FC4F2E3EA726C62618AB02D8691B028031CC55	AE9B0EEE540CC07AA3D3FE45D445B0C71815E95D7D461C6AB615903532705D09
G06	6	109	91206109	R1	4.61799281479342	27.5382038226563	0.0044800000000000005	-0.0010996509959346457	0.567901611328125	0	-0.0050799999999999994	0.0028300000000000027	False	0.004480000000000001	0.0079345703125	8.673617379884035e-19	False	1332264.0	40196.0	370.5873407	3173310464.0	world_g06_n109.mat	7C6C6B558B8742EC6552BB5C5E4EC9C78CCF380D0FD3313552051058A02ACE56	59B22764181C475D824B3847F1FC4F2E3EA726C62618AB02D8691B028031CC55	AE9B0EEE540CC07AA3D3FE45D445B0C71815E95D7D461C6AB615903532705D09
G06	6	109	91206109	R2	4.61799281479342	27.5382038226563	0.0044800000000000005	-0.0018748855512738805	0.249267578125	0	-0.0052499999999999995	0.00162	False	0.004480000000000001	0.00341796875	8.673617379884035e-19	False	1332264.0	40196.0	370.5873407	3173310464.0	world_g06_n109.mat	7C6C6B558B8742EC6552BB5C5E4EC9C78CCF380D0FD3313552051058A02ACE56	59B22764181C475D824B3847F1FC4F2E3EA726C62618AB02D8691B028031CC55	AE9B0EEE540CC07AA3D3FE45D445B0C71815E95D7D461C6AB615903532705D09
G06	6	110	91206110	R1	4.61799281479342	27.5382038226563	0.0044800000000000005	-0.0017638346619970233	0.309844970703125	0	-0.00533	0.0017600000000000011	False	0.004480000000000001	0.0013427734375	8.673617379884035e-19	False	1332264.0	40534.0	372.4430104	3172339712.0	world_g06_n110.mat	980FB3360455ADDADE7B1E3218797AE227EC3C015AD510A75EBC929EB6DB2436	59B22764181C475D824B3847F1FC4F2E3EA726C62618AB02D8691B028031CC55	AE9B0EEE540CC07AA3D3FE45D445B0C71815E95D7D461C6AB615903532705D09
G06	6	110	91206110	R2	4.61799281479342	27.5382038226563	0.0044800000000000005	-0.0017645482049509094	0.215087890625	0	-0.004699999999999999	0.001170000000000001	False	0.004480000000000001	0.001220703125	8.673617379884035e-19	False	1332264.0	40534.0	372.4430104	3172339712.0	world_g06_n110.mat	980FB3360455ADDADE7B1E3218797AE227EC3C015AD510A75EBC929EB6DB2436	59B22764181C475D824B3847F1FC4F2E3EA726C62618AB02D8691B028031CC55	AE9B0EEE540CC07AA3D3FE45D445B0C71815E95D7D461C6AB615903532705D09
G06	6	111	91206111	R1	4.61799281479342	27.5382038226563	0.0044800000000000005	-0.0002555110236909311	0.884063720703125	0	-0.00383	0.003440000000000002	False	0.004480000000000001	0.016571044921875	8.673617379884035e-19	False	1332264.0	40030.0	373.2277284	3160911872.0	world_g06_n111.mat	1C10D93A3777AA29B06698833BB676A1E5DF48BD7CE6B0278506FCF6A83F0458	59B22764181C475D824B3847F1FC4F2E3EA726C62618AB02D8691B028031CC55	AE9B0EEE540CC07AA3D3FE45D445B0C71815E95D7D461C6AB615903532705D09
G06	6	111	91206111	R2	4.61799281479342	27.5382038226563	0.0044800000000000005	-0.00015586502082205704	0.94970703125	0	-0.00486	0.004950000000000003	False	0.004480000000000001	0.064453125	8.673617379884035e-19	True	1332264.0	40030.0	373.2277284	3160911872.0	world_g06_n111.mat	1C10D93A3777AA29B06698833BB676A1E5DF48BD7CE6B0278506FCF6A83F0458	59B22764181C475D824B3847F1FC4F2E3EA726C62618AB02D8691B028031CC55	AE9B0EEE540CC07AA3D3FE45D445B0C71815E95D7D461C6AB615903532705D09
G06	6	112	91206112	R1	4.61799281479342	27.5382038226563	0.0044800000000000005	0.0007453420128713901	0.647979736328125	0	-0.002749999999999999	0.004200000000000002	False	0.004480000000000001	0.0357666015625	8.673617379884035e-19	False	1332264.0	40428.0	365.6382235	3174117376.0	world_g06_n112.mat	0492D8D05D19ED7E4DEF81AB5FEF152FA5B81F2D02FC971E09DE947209092241	59B22764181C475D824B3847F1FC4F2E3EA726C62618AB02D8691B028031CC55	AE9B0EEE540CC07AA3D3FE45D445B0C71815E95D7D461C6AB615903532705D09
G06	6	112	91206112	R2	4.61799281479342	27.5382038226563	0.0044800000000000005	0.0005347807115078084	0.75	0	-0.003109999999999998	0.004210000000000002	False	0.004480000000000001	0.035888671875	8.673617379884035e-19	False	1332264.0	40428.0	365.6382235	3174117376.0	world_g06_n112.mat	0492D8D05D19ED7E4DEF81AB5FEF152FA5B81F2D02FC971E09DE947209092241	59B22764181C475D824B3847F1FC4F2E3EA726C62618AB02D8691B028031CC55	AE9B0EEE540CC07AA3D3FE45D445B0C71815E95D7D461C6AB615903532705D09
G06	6	113	91206113	R1	4.61799281479342	27.5382038226563	0.0044800000000000005	0.0006485356924785701	0.696044921875	0	-0.0028399999999999988	0.004150000000000001	False	0.004480000000000001	0.03472900390625	8.673617379884035e-19	False	1332264.0	39866.0	365.442007	3175104512.0	world_g06_n113.mat	E3AB3130A4B9AA7D8B8DF8EBD7B493FF82CCA9F0889FCDFB4F166394D01F5F7B	59B22764181C475D824B3847F1FC4F2E3EA726C62618AB02D8691B028031CC55	AE9B0EEE540CC07AA3D3FE45D445B0C71815E95D7D461C6AB615903532705D09
G06	6	113	91206113	R2	4.61799281479342	27.5382038226563	0.0044800000000000005	-0.0003990971907617854	0.739013671875	0	-0.0030199999999999984	0.002170000000000002	False	0.004480000000000001	0.00146484375	8.673617379884035e-19	False	1332264.0	39866.0	365.442007	3175104512.0	world_g06_n113.mat	E3AB3130A4B9AA7D8B8DF8EBD7B493FF82CCA9F0889FCDFB4F166394D01F5F7B	59B22764181C475D824B3847F1FC4F2E3EA726C62618AB02D8691B028031CC55	AE9B0EEE540CC07AA3D3FE45D445B0C71815E95D7D461C6AB615903532705D09
G06	6	114	91206114	R1	4.61799281479342	27.5382038226563	0.0044800000000000005	-0.0011986372677779244	0.447235107421875	0	-0.004509999999999998	0.0020900000000000016	False	0.004480000000000001	0.002197265625	8.673617379884035e-19	False	1332264.0	40326.0	365.1462696	3174113280.0	world_g06_n114.mat	00DB74F9463ED2E46D28495F0A6E66CF1426F3B0CB0C10B3A06CF04C910C32E5	59B22764181C475D824B3847F1FC4F2E3EA726C62618AB02D8691B028031CC55	AE9B0EEE540CC07AA3D3FE45D445B0C71815E95D7D461C6AB615903532705D09
G06	6	114	91206114	R2	4.61799281479342	27.5382038226563	0.0044800000000000005	-0.0020389257482376967	0.298583984375	0	-0.006059999999999999	0.0018600000000000005	False	0.004480000000000001	0.001220703125	8.673617379884035e-19	False	1332264.0	40326.0	365.1462696	3174113280.0	world_g06_n114.mat	00DB74F9463ED2E46D28495F0A6E66CF1426F3B0CB0C10B3A06CF04C910C32E5	59B22764181C475D824B3847F1FC4F2E3EA726C62618AB02D8691B028031CC55	AE9B0EEE540CC07AA3D3FE45D445B0C71815E95D7D461C6AB615903532705D09
G06	6	115	91206115	R1	4.61799281479342	27.5382038226563	0.0044800000000000005	-0.0024025170552756303	0.143524169921875	0	-0.00575	0.0008800000000000023	False	0.004480000000000001	6.103515625e-05	8.673617379884035e-19	False	1332264.0	40334.0	364.5327083	3174117376.0	world_g06_n115.mat	6091D46A67129BCF5D62778CCEFED3226224EE253E4134F675D14E83EE2E84E9	59B22764181C475D824B3847F1FC4F2E3EA726C62618AB02D8691B028031CC55	AE9B0EEE540CC07AA3D3FE45D445B0C71815E95D7D461C6AB615903532705D09
G06	6	115	91206115	R2	4.61799281479342	27.5382038226563	0.0044800000000000005	-0.0024695681931756206	0.1865234375	0	-0.006279999999999999	0.001340000000000001	False	0.004480000000000001	0.002685546875	8.673617379884035e-19	False	1332264.0	40334.0	364.5327083	3174117376.0	world_g06_n115.mat	6091D46A67129BCF5D62778CCEFED3226224EE253E4134F675D14E83EE2E84E9	59B22764181C475D824B3847F1FC4F2E3EA726C62618AB02D8691B028031CC55	AE9B0EEE540CC07AA3D3FE45D445B0C71815E95D7D461C6AB615903532705D09
G06	6	116	91206116	R1	4.61799281479342	27.5382038226563	0.0044800000000000005	0.001841277653709164	0.260498046875	0	-0.0015899999999999977	0.005260000000000001	False	0.004480000000000001	0.119293212890625	8.673617379884035e-19	True	1332264.0	39994.0	364.1008436	3174105088.0	world_g06_n116.mat	C5C353BB3DA8173B8D65DCA9783ABA6945F3106C3D8BA5B2ADBDB5D8A98D1B0A	59B22764181C475D824B3847F1FC4F2E3EA726C62618AB02D8691B028031CC55	AE9B0EEE540CC07AA3D3FE45D445B0C71815E95D7D461C6AB615903532705D09
G06	6	116	91206116	R2	4.61799281479342	27.5382038226563	0.0044800000000000005	0.0012010692195455403	0.46240234375	0	-0.0023700000000000006	0.0046700000000000005	False	0.004480000000000001	0.0625	8.673617379884035e-19	True	1332264.0	39994.0	364.1008436	3174105088.0	world_g06_n116.mat	C5C353BB3DA8173B8D65DCA9783ABA6945F3106C3D8BA5B2ADBDB5D8A98D1B0A	59B22764181C475D824B3847F1FC4F2E3EA726C62618AB02D8691B028031CC55	AE9B0EEE540CC07AA3D3FE45D445B0C71815E95D7D461C6AB615903532705D09
G06	6	117	91206117	R1	4.61799281479342	27.5382038226563	0.0044800000000000005	0.0004983403847013612	0.823883056640625	0	-0.00425	0.005250000000000001	False	0.004480000000000001	0.09161376953125	8.673617379884035e-19	True	1332264.0	40098.0	365.0793709	3175133184.0	world_g06_n117.mat	738E0FEA17ED5326E9E09678742ED064C36AAEB64ED2562C448D1823BC3E777C	59B22764181C475D824B3847F1FC4F2E3EA726C62618AB02D8691B028031CC55	AE9B0EEE540CC07AA3D3FE45D445B0C71815E95D7D461C6AB615903532705D09
G06	6	117	91206117	R2	4.61799281479342	27.5382038226563	0.0044800000000000005	0.0009689974867938168	0.547119140625	0	-0.00247	0.0044500000000000026	False	0.004480000000000001	0.049072265625	8.673617379884035e-19	False	1332264.0	40098.0	365.0793709	3175133184.0	world_g06_n117.mat	738E0FEA17ED5326E9E09678742ED064C36AAEB64ED2562C448D1823BC3E777C	59B22764181C475D824B3847F1FC4F2E3EA726C62618AB02D8691B028031CC55	AE9B0EEE540CC07AA3D3FE45D445B0C71815E95D7D461C6AB615903532705D09
G06	6	118	91206118	R1	4.61799281479342	27.5382038226563	0.0044800000000000005	0.0016209593512998	0.44146728515625	0	-0.0027899999999999973	0.00596	False	0.004480000000000001	0.186492919921875	8.673617379884035e-19	True	1332264.0	39998.0	364.4729253	3174158336.0	world_g06_n118.mat	9762C91C7FD0E891E15F75137D7375E0AFCC227FD9F50BD7117765077972539C	59B22764181C475D824B3847F1FC4F2E3EA726C62618AB02D8691B028031CC55	AE9B0EEE540CC07AA3D3FE45D445B0C71815E95D7D461C6AB615903532705D09
G06	6	118	91206118	R2	4.61799281479342	27.5382038226563	0.0044800000000000005	-0.0015559217638870019	0.352294921875	0	-0.005139999999999999	0.0020100000000000014	False	0.004480000000000001	0.00439453125	8.673617379884035e-19	False	1332264.0	39998.0	364.4729253	3174158336.0	world_g06_n118.mat	9762C91C7FD0E891E15F75137D7375E0AFCC227FD9F50BD7117765077972539C	59B22764181C475D824B3847F1FC4F2E3EA726C62618AB02D8691B028031CC55	AE9B0EEE540CC07AA3D3FE45D445B0C71815E95D7D461C6AB615903532705D09
G06	6	119	91206119	R1	4.61799281479342	27.5382038226563	0.0044800000000000005	-0.0012895495038889172	0.22039794921875	0	-0.003449999999999998	0.0008500000000000001	False	0.004480000000000001	3.0517578125e-05	8.673617379884035e-19	False	1332264.0	40148.0	366.2981088	3174076416.0	world_g06_n119.mat	06BB718D02E3E5AD5FD115CFC4B41186B0263D31516E248417322719E2A39C98	59B22764181C475D824B3847F1FC4F2E3EA726C62618AB02D8691B028031CC55	AE9B0EEE540CC07AA3D3FE45D445B0C71815E95D7D461C6AB615903532705D09
G06	6	119	91206119	R2	4.61799281479342	27.5382038226563	0.0044800000000000005	0.000709459439005164	0.579833984375	0	-0.0020999999999999977	0.0035200000000000023	False	0.004480000000000001	0.014892578125	8.673617379884035e-19	False	1332264.0	40148.0	366.2981088	3174076416.0	world_g06_n119.mat	06BB718D02E3E5AD5FD115CFC4B41186B0263D31516E248417322719E2A39C98	59B22764181C475D824B3847F1FC4F2E3EA726C62618AB02D8691B028031CC55	AE9B0EEE540CC07AA3D3FE45D445B0C71815E95D7D461C6AB615903532705D09
G06	6	120	91206120	R1	4.61799281479342	27.5382038226563	0.0044800000000000005	0.001902044809845537	0.192413330078125	0	-0.0010599999999999984	0.004890000000000002	False	0.004480000000000001	0.0841064453125	8.673617379884035e-19	True	1332264.0	39827.0	365.4766654	3174109184.0	world_g06_n120.mat	006C9CBCAE9C964DB2B9D4E44F9EEBEA91F1F7D76F00F918381936E900FD62A4	59B22764181C475D824B3847F1FC4F2E3EA726C62618AB02D8691B028031CC55	AE9B0EEE540CC07AA3D3FE45D445B0C71815E95D7D461C6AB615903532705D09
G06	6	120	91206120	R2	4.61799281479342	27.5382038226563	0.0044800000000000005	-0.0020445119915312488	0.262451171875	0	-0.005859999999999999	0.001850000000000001	False	0.004480000000000001	0.004638671875	8.673617379884035e-19	False	1332264.0	39827.0	365.4766654	3174109184.0	world_g06_n120.mat	006C9CBCAE9C964DB2B9D4E44F9EEBEA91F1F7D76F00F918381936E900FD62A4	59B22764181C475D824B3847F1FC4F2E3EA726C62618AB02D8691B028031CC55	AE9B0EEE540CC07AA3D3FE45D445B0C71815E95D7D461C6AB615903532705D09
G06	6	121	91206121	R1	4.61799281479342	27.5382038226563	0.0044800000000000005	0.0011441000039473367	0.481536865234375	0	-0.0022699999999999977	0.004580000000000001	False	0.004480000000000001	0.056121826171875	8.673617379884035e-19	True	1332264.0	39733.0	363.3338611	3162738688.0	world_g06_n121.mat	EA9A79889E6818A073A14A2BA8C215C60F4936929762D5F9BCB301E54C086F13	59B22764181C475D824B3847F1FC4F2E3EA726C62618AB02D8691B028031CC55	AE9B0EEE540CC07AA3D3FE45D445B0C71815E95D7D461C6AB615903532705D09
G06	6	121	91206121	R2	4.61799281479342	27.5382038226563	0.0044800000000000005	-0.0017873539534849778	0.289794921875	0	-0.005209999999999999	0.0018100000000000026	False	0.004480000000000001	0.004150390625	8.673617379884035e-19	False	1332264.0	39733.0	363.3338611	3162738688.0	world_g06_n121.mat	EA9A79889E6818A073A14A2BA8C215C60F4936929762D5F9BCB301E54C086F13	59B22764181C475D824B3847F1FC4F2E3EA726C62618AB02D8691B028031CC55	AE9B0EEE540CC07AA3D3FE45D445B0C71815E95D7D461C6AB615903532705D09
G06	6	122	91206122	R1	4.61799281479342	27.5382038226563	0.0044800000000000005	-0.002476129055136891	0.132904052734375	0	-0.00579	0.0008599999999999997	False	0.004480000000000001	0.00048828125	8.673617379884035e-19	False	1332264.0	40204.0	366.8878609	3178217472.0	world_g06_n122.mat	68234A034E0BD1DA4BC6C98D3B7737A4F2123B76E70B06BCC7B02561EA7E1DCF	59B22764181C475D824B3847F1FC4F2E3EA726C62618AB02D8691B028031CC55	AE9B0EEE540CC07AA3D3FE45D445B0C71815E95D7D461C6AB615903532705D09
G06	6	122	91206122	R2	4.61799281479342	27.5382038226563	0.0044800000000000005	0.0007861309899913418	0.51806640625	0	-0.0018399999999999979	0.0034500000000000017	False	0.004480000000000001	0.012451171875	8.673617379884035e-19	False	1332264.0	40204.0	366.8878609	3178217472.0	world_g06_n122.mat	68234A034E0BD1DA4BC6C98D3B7737A4F2123B76E70B06BCC7B02561EA7E1DCF	59B22764181C475D824B3847F1FC4F2E3EA726C62618AB02D8691B028031CC55	AE9B0EEE540CC07AA3D3FE45D445B0C71815E95D7D461C6AB615903532705D09
G06	6	123	91206123	R1	4.61799281479342	27.5382038226563	0.0044800000000000005	-0.0015530967447964954	0.396148681640625	0	-0.005379999999999999	0.0022400000000000024	False	0.004480000000000001	0.003662109375	8.673617379884035e-19	False	1332264.0	40250.0	366.8108923	3178209280.0	world_g06_n123.mat	0B2E075A9FCA0E07FE63F88CB71E7B00992EA44C707763388EF994DD9A82EF0C	59B22764181C475D824B3847F1FC4F2E3EA726C62618AB02D8691B028031CC55	AE9B0EEE540CC07AA3D3FE45D445B0C71815E95D7D461C6AB615903532705D09
G06	6	123	91206123	R2	4.61799281479342	27.5382038226563	0.0044800000000000005	-0.0029944232843720593	0.1240234375	0	-0.006959999999999999	0.0010400000000000027	False	0.004480000000000001	0.002685546875	8.673617379884035e-19	False	1332264.0	40250.0	366.8108923	3178209280.0	world_g06_n123.mat	0B2E075A9FCA0E07FE63F88CB71E7B00992EA44C707763388EF994DD9A82EF0C	59B22764181C475D824B3847F1FC4F2E3EA726C62618AB02D8691B028031CC55	AE9B0EEE540CC07AA3D3FE45D445B0C71815E95D7D461C6AB615903532705D09
G06	6	124	91206124	R1	4.61799281479342	27.5382038226563	0.0044800000000000005	-0.0020397082345639432	0.27740478515625	0	-0.00597	0.0018900000000000028	False	0.004480000000000001	0.003936767578125	8.673617379884035e-19	False	1332264.0	40337.0	364.7924977	3178192896.0	world_g06_n124.mat	16A6704B1C1504D19F6986E0C32487FA48DDA2E49F48D143FD8EAF6326B4D87F	59B22764181C475D824B3847F1FC4F2E3EA726C62618AB02D8691B028031CC55	AE9B0EEE540CC07AA3D3FE45D445B0C71815E95D7D461C6AB615903532705D09
G06	6	124	91206124	R2	4.61799281479342	27.5382038226563	0.0044800000000000005	-0.0016784869624120245	0.431396484375	0	-0.005809999999999999	0.0021100000000000008	False	0.004480000000000001	0.003173828125	8.673617379884035e-19	False	1332264.0	40337.0	364.7924977	3178192896.0	world_g06_n124.mat	16A6704B1C1504D19F6986E0C32487FA48DDA2E49F48D143FD8EAF6326B4D87F	59B22764181C475D824B3847F1FC4F2E3EA726C62618AB02D8691B028031CC55	AE9B0EEE540CC07AA3D3FE45D445B0C71815E95D7D461C6AB615903532705D09
G06	6	125	91206125	R1	4.61799281479342	27.5382038226563	0.0044800000000000005	0.00017382682565625948	0.92401123046875	0	-0.0035600000000000007	0.003980000000000001	False	0.004480000000000001	0.03033447265625	8.673617379884035e-19	False	1332264.0	40228.0	365.7840368	3178180608.0	world_g06_n125.mat	5C42944B6881F9DE1139891A98AD358CE78CF9C11D959ECF2EEAEC9F412EDB3D	59B22764181C475D824B3847F1FC4F2E3EA726C62618AB02D8691B028031CC55	AE9B0EEE540CC07AA3D3FE45D445B0C71815E95D7D461C6AB615903532705D09
G06	6	125	91206125	R2	4.61799281479342	27.5382038226563	0.0044800000000000005	0.0022938078812919658	0.2353515625	0	-0.0018099999999999991	0.0062900000000000005	False	0.004480000000000001	0.2705078125	8.673617379884035e-19	True	1332264.0	40228.0	365.7840368	3178180608.0	world_g06_n125.mat	5C42944B6881F9DE1139891A98AD358CE78CF9C11D959ECF2EEAEC9F412EDB3D	59B22764181C475D824B3847F1FC4F2E3EA726C62618AB02D8691B028031CC55	AE9B0EEE540CC07AA3D3FE45D445B0C71815E95D7D461C6AB615903532705D09
G06	6	126	91206126	R1	4.61799281479342	27.5382038226563	0.0044800000000000005	-6.123182275298886e-05	0.96356201171875	0	-0.002939999999999998	0.0028000000000000004	False	0.004480000000000001	0.00408935546875	8.673617379884035e-19	False	1332264.0	39988.0	366.5775082	3178172416.0	world_g06_n126.mat	D535FA0412E07E2A5A35276D48263D301269D8F4A10D3600F18D58B0ECF1BCBC	59B22764181C475D824B3847F1FC4F2E3EA726C62618AB02D8691B028031CC55	AE9B0EEE540CC07AA3D3FE45D445B0C71815E95D7D461C6AB615903532705D09
G06	6	126	91206126	R2	4.61799281479342	27.5382038226563	0.0044800000000000005	-0.0010816174929974556	0.47900390625	0	-0.004299999999999998	0.0022000000000000006	False	0.004480000000000001	0.00439453125	8.673617379884035e-19	False	1332264.0	39988.0	366.5775082	3178172416.0	world_g06_n126.mat	D535FA0412E07E2A5A35276D48263D301269D8F4A10D3600F18D58B0ECF1BCBC	59B22764181C475D824B3847F1FC4F2E3EA726C62618AB02D8691B028031CC55	AE9B0EEE540CC07AA3D3FE45D445B0C71815E95D7D461C6AB615903532705D09
G06	6	127	91206127	R1	4.61799281479342	27.5382038226563	0.0044800000000000005	-0.003081660683512834	0.12060546875	0	-0.007059999999999999	0.0009300000000000003	False	0.004480000000000001	0.001739501953125	8.673617379884035e-19	False	1332264.0	39933.0	367.6289932	3178192896.0	world_g06_n127.mat	FB55317A9A8D99FA793C512588D09F1CED41C30B281DC855BE9E2A2C42692028	59B22764181C475D824B3847F1FC4F2E3EA726C62618AB02D8691B028031CC55	AE9B0EEE540CC07AA3D3FE45D445B0C71815E95D7D461C6AB615903532705D09
G06	6	127	91206127	R2	4.61799281479342	27.5382038226563	0.0044800000000000005	-0.002570696877615091	0.0517578125	0	-0.005099999999999999	2.0000000000002655e-05	False	0.004480000000000001	0.00048828125	8.673617379884035e-19	False	1332264.0	39933.0	367.6289932	3178192896.0	world_g06_n127.mat	FB55317A9A8D99FA793C512588D09F1CED41C30B281DC855BE9E2A2C42692028	59B22764181C475D824B3847F1FC4F2E3EA726C62618AB02D8691B028031CC55	AE9B0EEE540CC07AA3D3FE45D445B0C71815E95D7D461C6AB615903532705D09
G06	6	128	91206128	R1	4.61799281479342	27.5382038226563	0.0044800000000000005	0.00041316565996146396	0.808868408203125	0	-0.0027399999999999994	0.003760000000000003	False	0.004480000000000001	0.0208740234375	8.673617379884035e-19	False	1332264.0	40219.0	366.1777219	3178168320.0	world_g06_n128.mat	7265538B76DDA7D2686C47C56EE206DA356740CF6C4BC27089F2A7A74A876476	59B22764181C475D824B3847F1FC4F2E3EA726C62618AB02D8691B028031CC55	AE9B0EEE540CC07AA3D3FE45D445B0C71815E95D7D461C6AB615903532705D09
G06	6	128	91206128	R2	4.61799281479342	27.5382038226563	0.0044800000000000005	0.00038930384485594727	0.811767578125	0	-0.0030500000000000006	0.003890000000000001	False	0.004480000000000001	0.02490234375	8.673617379884035e-19	False	1332264.0	40219.0	366.1777219	3178168320.0	world_g06_n128.mat	7265538B76DDA7D2686C47C56EE206DA356740CF6C4BC27089F2A7A74A876476	59B22764181C475D824B3847F1FC4F2E3EA726C62618AB02D8691B028031CC55	AE9B0EEE540CC07AA3D3FE45D445B0C71815E95D7D461C6AB615903532705D09
G06	6	129	91206129	R1	4.61799281479342	27.5382038226563	0.0044800000000000005	0.0008824734373019265	0.71087646484375	0	-0.003949999999999999	0.00545	False	0.004480000000000001	0.131195068359375	8.673617379884035e-19	True	1332264.0	40211.0	367.7625061	3178016768.0	world_g06_n129.mat	9D0FCD4852B4929DD60376AD6ECAE68C5E3BAD8E36E7D0DE36FA7BBAB3BF9332	59B22764181C475D824B3847F1FC4F2E3EA726C62618AB02D8691B028031CC55	AE9B0EEE540CC07AA3D3FE45D445B0C71815E95D7D461C6AB615903532705D09
G06	6	129	91206129	R2	4.61799281479342	27.5382038226563	0.0044800000000000005	0.002023680183013332	0.121826171875	0	-0.0006499999999999978	0.00468	False	0.004480000000000001	0.07177734375	8.673617379884035e-19	True	1332264.0	40211.0	367.7625061	3178016768.0	world_g06_n129.mat	9D0FCD4852B4929DD60376AD6ECAE68C5E3BAD8E36E7D0DE36FA7BBAB3BF9332	59B22764181C475D824B3847F1FC4F2E3EA726C62618AB02D8691B028031CC55	AE9B0EEE540CC07AA3D3FE45D445B0C71815E95D7D461C6AB615903532705D09
G06	6	130	91206130	R1	4.61799281479342	27.5382038226563	0.0044800000000000005	0.00028619654623948817	0.863372802734375	0	-0.00324	0.0037700000000000025	False	0.004480000000000001	0.021270751953125	8.673617379884035e-19	False	1332264.0	40090.0	366.623787	3177209856.0	world_g06_n130.mat	1D81010AB750CAD4FFE2EC6D8D2E1FFD381A0E06AB55C1196167EC4EB279B978	59B22764181C475D824B3847F1FC4F2E3EA726C62618AB02D8691B028031CC55	AE9B0EEE540CC07AA3D3FE45D445B0C71815E95D7D461C6AB615903532705D09
G06	6	130	91206130	R2	4.61799281479342	27.5382038226563	0.0044800000000000005	-0.0019941871067949506	0.2509765625	0	-0.005599999999999999	0.0016600000000000018	False	0.004480000000000001	0.001953125	8.673617379884035e-19	False	1332264.0	40090.0	366.623787	3177209856.0	world_g06_n130.mat	1D81010AB750CAD4FFE2EC6D8D2E1FFD381A0E06AB55C1196167EC4EB279B978	59B22764181C475D824B3847F1FC4F2E3EA726C62618AB02D8691B028031CC55	AE9B0EEE540CC07AA3D3FE45D445B0C71815E95D7D461C6AB615903532705D09
G06	6	131	91206131	R1	4.61799281479342	27.5382038226563	0.0044800000000000005	-0.0005551319269145892	0.7972412109375	0	-0.00511	0.003970000000000001	False	0.004480000000000001	0.031951904296875	8.673617379884035e-19	False	1332264.0	40120.0	366.7856486	3166736384.0	world_g06_n131.mat	8EC15B4B4FE9D655AFC4BFC44E9FACBF1C3444BF3008AF2C2718560522B006E3	59B22764181C475D824B3847F1FC4F2E3EA726C62618AB02D8691B028031CC55	AE9B0EEE540CC07AA3D3FE45D445B0C71815E95D7D461C6AB615903532705D09
G06	6	131	91206131	R2	4.61799281479342	27.5382038226563	0.0044800000000000005	0.002050485685577113	0.154296875	0	-0.0008799999999999988	0.005060000000000002	False	0.004480000000000001	0.0947265625	8.673617379884035e-19	True	1332264.0	40120.0	366.7856486	3166736384.0	world_g06_n131.mat	8EC15B4B4FE9D655AFC4BFC44E9FACBF1C3444BF3008AF2C2718560522B006E3	59B22764181C475D824B3847F1FC4F2E3EA726C62618AB02D8691B028031CC55	AE9B0EEE540CC07AA3D3FE45D445B0C71815E95D7D461C6AB615903532705D09
G06	6	132	91206132	R1	4.61799281479342	27.5382038226563	0.0044800000000000005	-0.0029194604678040694	0.06695556640625	0	-0.006079999999999999	0.0002500000000000002	False	0.004480000000000001	0.000457763671875	8.673617379884035e-19	False	1332264.0	40213.0	364.7608365	3168940032.0	world_g06_n132.mat	5C66F73A55FF21775DF60606EEE82EB0BFE29D21F13B24EF0041121FF965936D	59B22764181C475D824B3847F1FC4F2E3EA726C62618AB02D8691B028031CC55	AE9B0EEE540CC07AA3D3FE45D445B0C71815E95D7D461C6AB615903532705D09
G06	6	132	91206132	R2	4.61799281479342	27.5382038226563	0.0044800000000000005	-0.0012374718316661832	0.406982421875	0	-0.0040399999999999985	0.0018700000000000001	False	0.004480000000000001	0.003662109375	8.673617379884035e-19	False	1332264.0	40213.0	364.7608365	3168940032.0	world_g06_n132.mat	5C66F73A55FF21775DF60606EEE82EB0BFE29D21F13B24EF0041121FF965936D	59B22764181C475D824B3847F1FC4F2E3EA726C62618AB02D8691B028031CC55	AE9B0EEE540CC07AA3D3FE45D445B0C71815E95D7D461C6AB615903532705D09
G06	6	133	91206133	R1	4.61799281479342	27.5382038226563	0.0044800000000000005	-0.0005465803607107079	0.663116455078125	0	-0.003179999999999999	0.002060000000000003	False	0.004480000000000001	0.0008544921875	8.673617379884035e-19	False	1332264.0	40202.0	365.8626074	3168063488.0	world_g06_n133.mat	58298772BA54F98DC7A64573C979DC78084C8909E3D3C0634775EC8B5F2F7746	59B22764181C475D824B3847F1FC4F2E3EA726C62618AB02D8691B028031CC55	AE9B0EEE540CC07AA3D3FE45D445B0C71815E95D7D461C6AB615903532705D09
G06	6	133	91206133	R2	4.61799281479342	27.5382038226563	0.0044800000000000005	0.00032204315379911677	0.87060546875	0	-0.003979999999999997	0.00459	False	0.004480000000000001	0.0556640625	8.673617379884035e-19	True	1332264.0	40202.0	365.8626074	3168063488.0	world_g06_n133.mat	58298772BA54F98DC7A64573C979DC78084C8909E3D3C0634775EC8B5F2F7746	59B22764181C475D824B3847F1FC4F2E3EA726C62618AB02D8691B028031CC55	AE9B0EEE540CC07AA3D3FE45D445B0C71815E95D7D461C6AB615903532705D09
G06	6	134	91206134	R1	4.61799281479342	27.5382038226563	0.0044800000000000005	-0.002497788656490571	0.14385986328125	0	-0.005979999999999999	0.0009700000000000021	False	0.004480000000000001	0.000762939453125	8.673617379884035e-19	False	1332264.0	40409.0	365.2874211	3168935936.0	world_g06_n134.mat	3B7D5A9FC8017693F2A8B23FD0410F10021E9610A2933BDB99330505B0B95029	59B22764181C475D824B3847F1FC4F2E3EA726C62618AB02D8691B028031CC55	AE9B0EEE540CC07AA3D3FE45D445B0C71815E95D7D461C6AB615903532705D09
G06	6	134	91206134	R2	4.61799281479342	27.5382038226563	0.0044800000000000005	0.0013239500569649574	0.452392578125	0	-0.0023399999999999983	0.004710000000000002	False	0.004480000000000001	0.0751953125	8.673617379884035e-19	True	1332264.0	40409.0	365.2874211	3168935936.0	world_g06_n134.mat	3B7D5A9FC8017693F2A8B23FD0410F10021E9610A2933BDB99330505B0B95029	59B22764181C475D824B3847F1FC4F2E3EA726C62618AB02D8691B028031CC55	AE9B0EEE540CC07AA3D3FE45D445B0C71815E95D7D461C6AB615903532705D09
G06	6	135	91206135	R1	4.61799281479342	27.5382038226563	0.0044800000000000005	-0.001660898938039753	0.360321044921875	0	-0.005469999999999999	0.0021500000000000026	False	0.004480000000000001	0.004425048828125	8.673617379884035e-19	False	1332264.0	39893.0	365.1813097	3167997952.0	world_g06_n135.mat	FBD519A201043F06058F2D8F5D97BBD1D9A66DDC9486B10186A36D16A4452109	59B22764181C475D824B3847F1FC4F2E3EA726C62618AB02D8691B028031CC55	AE9B0EEE540CC07AA3D3FE45D445B0C71815E95D7D461C6AB615903532705D09
G06	6	135	91206135	R2	4.61799281479342	27.5382038226563	0.0044800000000000005	0.0027877332772806252	0.122314453125	0	-0.0008099999999999982	0.00647	False	0.004480000000000001	0.3212890625	8.673617379884035e-19	True	1332264.0	39893.0	365.1813097	3167997952.0	world_g06_n135.mat	FBD519A201043F06058F2D8F5D97BBD1D9A66DDC9486B10186A36D16A4452109	59B22764181C475D824B3847F1FC4F2E3EA726C62618AB02D8691B028031CC55	AE9B0EEE540CC07AA3D3FE45D445B0C71815E95D7D461C6AB615903532705D09
G06	6	136	91206136	R1	4.61799281479342	27.5382038226563	0.0044800000000000005	-0.002589833328234946	0.011077880859375	1	-0.004589999999999999	-0.0006299999999999986	False	0.004480000000000001	3.0517578125e-05	8.673617379884035e-19	False	1332264.0	40228.0	365.3685433	3168907264.0	world_g06_n136.mat	1477A87686085B85AF95976EF6563EC83D33E25267BA78F7B46E4AA470D6F8B2	59B22764181C475D824B3847F1FC4F2E3EA726C62618AB02D8691B028031CC55	AE9B0EEE540CC07AA3D3FE45D445B0C71815E95D7D461C6AB615903532705D09
G06	6	136	91206136	R2	4.61799281479342	27.5382038226563	0.0044800000000000005	-0.0026747091736646963	0.08935546875	0	-0.0058699999999999985	0.0005300000000000027	False	0.004480000000000001	0.001953125	8.673617379884035e-19	False	1332264.0	40228.0	365.3685433	3168907264.0	world_g06_n136.mat	1477A87686085B85AF95976EF6563EC83D33E25267BA78F7B46E4AA470D6F8B2	59B22764181C475D824B3847F1FC4F2E3EA726C62618AB02D8691B028031CC55	AE9B0EEE540CC07AA3D3FE45D445B0C71815E95D7D461C6AB615903532705D09
G06	6	137	91206137	R1	4.61799281479342	27.5382038226563	0.0044800000000000005	-0.001978307890229938	0.22113037109375	0	-0.005259999999999999	0.0012600000000000007	False	0.004480000000000001	0.000579833984375	8.673617379884035e-19	False	1332264.0	40008.0	366.3807952	3167928320.0	world_g06_n137.mat	7A064062D4A97CA29BAE40433645675C018AD81DA34E580191242102F2800B29	59B22764181C475D824B3847F1FC4F2E3EA726C62618AB02D8691B028031CC55	AE9B0EEE540CC07AA3D3FE45D445B0C71815E95D7D461C6AB615903532705D09
G06	6	137	91206137	R2	4.61799281479342	27.5382038226563	0.0044800000000000005	0.0010396399292076307	0.58984375	0	-0.003029999999999998	0.005040000000000003	False	0.004480000000000001	0.086669921875	8.673617379884035e-19	True	1332264.0	40008.0	366.3807952	3167928320.0	world_g06_n137.mat	7A064062D4A97CA29BAE40433645675C018AD81DA34E580191242102F2800B29	59B22764181C475D824B3847F1FC4F2E3EA726C62618AB02D8691B028031CC55	AE9B0EEE540CC07AA3D3FE45D445B0C71815E95D7D461C6AB615903532705D09
G06	6	138	91206138	R1	4.61799281479342	27.5382038226563	0.0044800000000000005	-0.0009218317555215563	0.500518798828125	0	-0.00383	0.0020000000000000018	False	0.004480000000000001	0.001953125	8.673617379884035e-19	False	1332264.0	40027.0	365.7239127	3166965760.0	world_g06_n138.mat	427C46D3795AECA0F5B9C95AD2B2D6707E420EC8D1F246C2992BF6F878FA4EDC	59B22764181C475D824B3847F1FC4F2E3EA726C62618AB02D8691B028031CC55	AE9B0EEE540CC07AA3D3FE45D445B0C71815E95D7D461C6AB615903532705D09
G06	6	138	91206138	R2	4.61799281479342	27.5382038226563	0.0044800000000000005	0.002061322408790187	0.26953125	0	-0.0018499999999999975	0.0059000000000000025	False	0.004480000000000001	0.204345703125	8.673617379884035e-19	True	1332264.0	40027.0	365.7239127	3166965760.0	world_g06_n138.mat	427C46D3795AECA0F5B9C95AD2B2D6707E420EC8D1F246C2992BF6F878FA4EDC	59B22764181C475D824B3847F1FC4F2E3EA726C62618AB02D8691B028031CC55	AE9B0EEE540CC07AA3D3FE45D445B0C71815E95D7D461C6AB615903532705D09
G06	6	139	91206139	R1	4.61799281479342	27.5382038226563	0.0044800000000000005	-0.001798265807422484	0.172393798828125	0	-0.004489999999999999	0.0008900000000000019	False	0.004480000000000001	0.0001220703125	8.673617379884035e-19	False	1332264.0	40065.0	367.5474689	3166965760.0	world_g06_n139.mat	8C7F25D0D27E75E2575E9ABFB1B3EB8F806286DF2333B2574B3679D85302CC39	59B22764181C475D824B3847F1FC4F2E3EA726C62618AB02D8691B028031CC55	AE9B0EEE540CC07AA3D3FE45D445B0C71815E95D7D461C6AB615903532705D09
G06	6	139	91206139	R2	4.61799281479342	27.5382038226563	0.0044800000000000005	-0.000553546861738885	0.7578125	0	-0.004419999999999999	0.0033100000000000004	False	0.004480000000000001	0.017333984375	8.673617379884035e-19	False	1332264.0	40065.0	367.5474689	3166965760.0	world_g06_n139.mat	8C7F25D0D27E75E2575E9ABFB1B3EB8F806286DF2333B2574B3679D85302CC39	59B22764181C475D824B3847F1FC4F2E3EA726C62618AB02D8691B028031CC55	AE9B0EEE540CC07AA3D3FE45D445B0C71815E95D7D461C6AB615903532705D09
G06	6	140	91206140	R1	4.61799281479342	27.5382038226563	0.0044800000000000005	-0.0022975245620572397	0.113067626953125	0	-0.0052299999999999985	0.0005900000000000002	False	0.004480000000000001	0.0001220703125	8.673617379884035e-19	False	1332264.0	40425.0	366.788225	3166982144.0	world_g06_n140.mat	5F93026770DEE58DC86DF972FDFF2BCAF1C2098F85D09FFCEE323524FD80C669	59B22764181C475D824B3847F1FC4F2E3EA726C62618AB02D8691B028031CC55	AE9B0EEE540CC07AA3D3FE45D445B0C71815E95D7D461C6AB615903532705D09
G06	6	140	91206140	R2	4.61799281479342	27.5382038226563	0.0044800000000000005	-0.001974336452268774	0.205322265625	0	-0.0052	0.0011800000000000005	False	0.004480000000000001	0.0009765625	8.673617379884035e-19	False	1332264.0	40425.0	366.788225	3166982144.0	world_g06_n140.mat	5F93026770DEE58DC86DF972FDFF2BCAF1C2098F85D09FFCEE323524FD80C669	59B22764181C475D824B3847F1FC4F2E3EA726C62618AB02D8691B028031CC55	AE9B0EEE540CC07AA3D3FE45D445B0C71815E95D7D461C6AB615903532705D09
G06	6	141	91206141	R1	4.61799281479342	27.5382038226563	0.0044800000000000005	0.000171199713294404	0.93621826171875	0	-0.00417	0.0046	False	0.004480000000000001	0.0560302734375	8.673617379884035e-19	True	1332264.0	40016.0	365.9322157	3155505152.0	world_g06_n141.mat	8C86F68B3EB4524C3B5765878A404AFBD5ABFBD1924C2F975FB11BF52D61F868	59B22764181C475D824B3847F1FC4F2E3EA726C62618AB02D8691B028031CC55	AE9B0EEE540CC07AA3D3FE45D445B0C71815E95D7D461C6AB615903532705D09
G06	6	141	91206141	R2	4.61799281479342	27.5382038226563	0.0044800000000000005	-0.0014989859965685304	0.478271484375	0	-0.0060999999999999995	0.003080000000000003	False	0.004480000000000001	0.0166015625	8.673617379884035e-19	False	1332264.0	40016.0	365.9322157	3155505152.0	world_g06_n141.mat	8C86F68B3EB4524C3B5765878A404AFBD5ABFBD1924C2F975FB11BF52D61F868	59B22764181C475D824B3847F1FC4F2E3EA726C62618AB02D8691B028031CC55	AE9B0EEE540CC07AA3D3FE45D445B0C71815E95D7D461C6AB615903532705D09
G06	6	142	91206142	R1	4.61799281479342	27.5382038226563	0.0044800000000000005	-0.0027117208637702137	0.25390625	0	-0.00758	0.0020900000000000016	False	0.004480000000000001	0.0040283203125	8.673617379884035e-19	False	1332264.0	39836.0	373.0801141	3163213824.0	world_g06_n142.mat	92D6EEEE27B9F06B544A7F421A1310E0C38A6ABCF6D5773BB7D673D9E128ACA3	59B22764181C475D824B3847F1FC4F2E3EA726C62618AB02D8691B028031CC55	AE9B0EEE540CC07AA3D3FE45D445B0C71815E95D7D461C6AB615903532705D09
G06	6	142	91206142	R2	4.61799281479342	27.5382038226563	0.0044800000000000005	-0.001616308393338788	0.330810546875	0	-0.005049999999999999	0.0017099999999999997	False	0.004480000000000001	0.002197265625	8.673617379884035e-19	False	1332264.0	39836.0	373.0801141	3163213824.0	world_g06_n142.mat	92D6EEEE27B9F06B544A7F421A1310E0C38A6ABCF6D5773BB7D673D9E128ACA3	59B22764181C475D824B3847F1FC4F2E3EA726C62618AB02D8691B028031CC55	AE9B0EEE540CC07AA3D3FE45D445B0C71815E95D7D461C6AB615903532705D09
G06	6	143	91206143	R1	4.61799281479342	27.5382038226563	0.0044800000000000005	0.001148102452285498	0.4208984375	0	-0.0018199999999999987	0.004140000000000001	False	0.004480000000000001	0.032806396484375	8.673617379884035e-19	False	1332264.0	39994.0	373.4069599	3163250688.0	world_g06_n143.mat	D5940EBCDE420B9C44F19C34CDD95F69E27C8079F35113549C5836777A220F65	59B22764181C475D824B3847F1FC4F2E3EA726C62618AB02D8691B028031CC55	AE9B0EEE540CC07AA3D3FE45D445B0C71815E95D7D461C6AB615903532705D09
G06	6	143	91206143	R2	4.61799281479342	27.5382038226563	0.0044800000000000005	-0.004378325391120083	0.048095703125	1	-0.00868	-4.999999999999796e-05	False	0.004480000000000001	0.001708984375	8.673617379884035e-19	False	1332264.0	39994.0	373.4069599	3163250688.0	world_g06_n143.mat	D5940EBCDE420B9C44F19C34CDD95F69E27C8079F35113549C5836777A220F65	59B22764181C475D824B3847F1FC4F2E3EA726C62618AB02D8691B028031CC55	AE9B0EEE540CC07AA3D3FE45D445B0C71815E95D7D461C6AB615903532705D09
G06	6	144	91206144	R1	4.61799281479342	27.5382038226563	0.0044800000000000005	0.0010423361747642637	0.341888427734375	0	-0.0012199999999999989	0.0032200000000000006	False	0.004480000000000001	0.003509521484375	8.673617379884035e-19	False	1332264.0	40042.0	372.8450922	3163205632.0	world_g06_n144.mat	DDC08748F12E028E2106A7CA2839EEB0EA51B1C50360D3680C529E274320235D	59B22764181C475D824B3847F1FC4F2E3EA726C62618AB02D8691B028031CC55	AE9B0EEE540CC07AA3D3FE45D445B0C71815E95D7D461C6AB615903532705D09
G06	6	144	91206144	R2	4.61799281479342	27.5382038226563	0.0044800000000000005	-0.0020859296380022784	0.3173828125	0	-0.00622	0.002360000000000001	False	0.004480000000000001	0.010009765625	8.673617379884035e-19	False	1332264.0	40042.0	372.8450922	3163205632.0	world_g06_n144.mat	DDC08748F12E028E2106A7CA2839EEB0EA51B1C50360D3680C529E274320235D	59B22764181C475D824B3847F1FC4F2E3EA726C62618AB02D8691B028031CC55	AE9B0EEE540CC07AA3D3FE45D445B0C71815E95D7D461C6AB615903532705D09
G06	6	145	91206145	R1	4.61799281479342	27.5382038226563	0.0044800000000000005	-0.002122103014183388	0.287750244140625	0	-0.006249999999999999	0.001970000000000003	False	0.004480000000000001	0.0028076171875	8.673617379884035e-19	False	1332264.0	40116.0	372.5432564	3163209728.0	world_g06_n145.mat	9DAEAB158273D0B44CEF24BE0D86CB9AFFD3D9A22E6A8CE44B8047599C673287	59B22764181C475D824B3847F1FC4F2E3EA726C62618AB02D8691B028031CC55	AE9B0EEE540CC07AA3D3FE45D445B0C71815E95D7D461C6AB615903532705D09
G06	6	145	91206145	R2	4.61799281479342	27.5382038226563	0.0044800000000000005	-0.0007758309123387877	0.625732421875	0	-0.004070000000000001	0.002760000000000002	False	0.004480000000000001	0.006591796875	8.673617379884035e-19	False	1332264.0	40116.0	372.5432564	3163209728.0	world_g06_n145.mat	9DAEAB158273D0B44CEF24BE0D86CB9AFFD3D9A22E6A8CE44B8047599C673287	59B22764181C475D824B3847F1FC4F2E3EA726C62618AB02D8691B028031CC55	AE9B0EEE540CC07AA3D3FE45D445B0C71815E95D7D461C6AB615903532705D09
G06	6	146	91206146	R1	4.61799281479342	27.5382038226563	0.0044800000000000005	0.00025420107419196335	0.8779296875	0	-0.0033100000000000004	0.00383	False	0.004480000000000001	0.0252685546875	8.673617379884035e-19	False	1332264.0	40277.0	372.2276314	3163193344.0	world_g06_n146.mat	DCA393FFE04743FD134677D0CFCC019CB7D8A5E711224CD16E2321E8CB363DB4	59B22764181C475D824B3847F1FC4F2E3EA726C62618AB02D8691B028031CC55	AE9B0EEE540CC07AA3D3FE45D445B0C71815E95D7D461C6AB615903532705D09
G06	6	146	91206146	R2	4.61799281479342	27.5382038226563	0.0044800000000000005	-0.002073266863485266	0.328369140625	0	-0.006489999999999999	0.002420000000000002	False	0.004480000000000001	0.00732421875	8.673617379884035e-19	False	1332264.0	40277.0	372.2276314	3163193344.0	world_g06_n146.mat	DCA393FFE04743FD134677D0CFCC019CB7D8A5E711224CD16E2321E8CB363DB4	59B22764181C475D824B3847F1FC4F2E3EA726C62618AB02D8691B028031CC55	AE9B0EEE540CC07AA3D3FE45D445B0C71815E95D7D461C6AB615903532705D09
G06	6	147	91206147	R1	4.61799281479342	27.5382038226563	0.0044800000000000005	9.25820784901977e-05	0.963836669921875	0	-0.0039000000000000007	0.004270000000000003	False	0.004480000000000001	0.041046142578125	8.673617379884035e-19	False	1332264.0	39793.0	371.3820769	3162337280.0	world_g06_n147.mat	C3CDBAB4AC1B5247C9DAB409D19B4E3F364F507392F22F6A435F383B75355761	59B22764181C475D824B3847F1FC4F2E3EA726C62618AB02D8691B028031CC55	AE9B0EEE540CC07AA3D3FE45D445B0C71815E95D7D461C6AB615903532705D09
G06	6	147	91206147	R2	4.61799281479342	27.5382038226563	0.0044800000000000005	0.00014971876534384995	0.919189453125	0	-0.003799999999999998	0.004230000000000001	False	0.004480000000000001	0.040283203125	8.673617379884035e-19	False	1332264.0	39793.0	371.3820769	3162337280.0	world_g06_n147.mat	C3CDBAB4AC1B5247C9DAB409D19B4E3F364F507392F22F6A435F383B75355761	59B22764181C475D824B3847F1FC4F2E3EA726C62618AB02D8691B028031CC55	AE9B0EEE540CC07AA3D3FE45D445B0C71815E95D7D461C6AB615903532705D09
G06	6	148	91206148	R1	4.61799281479342	27.5382038226563	0.0044800000000000005	0.0001422722500245392	0.939361572265625	0	-0.0037599999999999995	0.003970000000000001	False	0.004480000000000001	0.02813720703125	8.673617379884035e-19	False	1332264.0	39961.0	366.6525613	3161329664.0	world_g06_n148.mat	E4E86E25C2FD5356E8FF4288541C2F22AD45237651B1D3B688240ED45D0C5623	59B22764181C475D824B3847F1FC4F2E3EA726C62618AB02D8691B028031CC55	AE9B0EEE540CC07AA3D3FE45D445B0C71815E95D7D461C6AB615903532705D09
G06	6	148	91206148	R2	4.61799281479342	27.5382038226563	0.0044800000000000005	0.00223570544477475	0.14208984375	0	-0.0009199999999999972	0.005330000000000001	False	0.004480000000000001	0.142822265625	8.673617379884035e-19	True	1332264.0	39961.0	366.6525613	3161329664.0	world_g06_n148.mat	E4E86E25C2FD5356E8FF4288541C2F22AD45237651B1D3B688240ED45D0C5623	59B22764181C475D824B3847F1FC4F2E3EA726C62618AB02D8691B028031CC55	AE9B0EEE540CC07AA3D3FE45D445B0C71815E95D7D461C6AB615903532705D09
G06	6	149	91206149	R1	4.61799281479342	27.5382038226563	0.0044800000000000005	0.0005248902291894097	0.703125	0	-0.0024199999999999985	0.0034300000000000025	False	0.004480000000000001	0.01202392578125	8.673617379884035e-19	False	1332264.0	39848.0	368.5039043	3161219072.0	world_g06_n149.mat	BD1E4D3E5F51A5433088619A3030915951E952A37C737895C2D9C4265101D4C4	59B22764181C475D824B3847F1FC4F2E3EA726C62618AB02D8691B028031CC55	AE9B0EEE540CC07AA3D3FE45D445B0C71815E95D7D461C6AB615903532705D09
G06	6	149	91206149	R2	4.61799281479342	27.5382038226563	0.0044800000000000005	0.0024268566812779093	0.224609375	0	-0.0012499999999999976	0.006530000000000001	False	0.004480000000000001	0.29150390625	8.673617379884035e-19	True	1332264.0	39848.0	368.5039043	3161219072.0	world_g06_n149.mat	BD1E4D3E5F51A5433088619A3030915951E952A37C737895C2D9C4265101D4C4	59B22764181C475D824B3847F1FC4F2E3EA726C62618AB02D8691B028031CC55	AE9B0EEE540CC07AA3D3FE45D445B0C71815E95D7D461C6AB615903532705D09
G06	6	150	91206150	R1	4.61799281479342	27.5382038226563	0.0044800000000000005	-0.0025768194986051664	0.1827392578125	0	-0.00652	0.0014200000000000011	False	0.004480000000000001	0.002716064453125	8.673617379884035e-19	False	1332264.0	40027.0	367.1872505	3161260032.0	world_g06_n150.mat	432FCADA780868C88C8E95C7AC3C4B4622A8110AC3BAA1A301416B8F86B0E138	59B22764181C475D824B3847F1FC4F2E3EA726C62618AB02D8691B028031CC55	AE9B0EEE540CC07AA3D3FE45D445B0C71815E95D7D461C6AB615903532705D09
G06	6	150	91206150	R2	4.61799281479342	27.5382038226563	0.0044800000000000005	-0.0020034729048480477	0.393798828125	0	-0.007009999999999999	0.0031100000000000017	False	0.004480000000000001	0.01708984375	8.673617379884035e-19	False	1332264.0	40027.0	367.1872505	3161260032.0	world_g06_n150.mat	432FCADA780868C88C8E95C7AC3C4B4622A8110AC3BAA1A301416B8F86B0E138	59B22764181C475D824B3847F1FC4F2E3EA726C62618AB02D8691B028031CC55	AE9B0EEE540CC07AA3D3FE45D445B0C71815E95D7D461C6AB615903532705D09
G06	6	151	91206151	R1	4.61799281479342	27.5382038226563	0.0044800000000000005	-0.0003246683307150426	0.85748291015625	0	-0.0041499999999999974	0.0035200000000000023	False	0.004480000000000001	0.018646240234375	8.673617379884035e-19	False	1332264.0	40108.0	374.4272866	3148918784.0	world_g06_n151.mat	BF09C2AFD50F220F9129F8BBBFF6ABA7B40ADBE0B6B7C7BCEAA4396C9BC4AD60	59B22764181C475D824B3847F1FC4F2E3EA726C62618AB02D8691B028031CC55	AE9B0EEE540CC07AA3D3FE45D445B0C71815E95D7D461C6AB615903532705D09
G06	6	151	91206151	R2	4.61799281479342	27.5382038226563	0.0044800000000000005	-0.001426452106842817	0.5224609375	0	-0.00605	0.00341	False	0.004480000000000001	0.021240234375	8.673617379884035e-19	False	1332264.0	40108.0	374.4272866	3148918784.0	world_g06_n151.mat	BF09C2AFD50F220F9129F8BBBFF6ABA7B40ADBE0B6B7C7BCEAA4396C9BC4AD60	59B22764181C475D824B3847F1FC4F2E3EA726C62618AB02D8691B028031CC55	AE9B0EEE540CC07AA3D3FE45D445B0C71815E95D7D461C6AB615903532705D09
G06	6	152	91206152	R1	4.61799281479342	27.5382038226563	0.0044800000000000005	-8.857704913838762e-05	0.959869384765625	0	-0.0038099999999999974	0.00366	False	0.004480000000000001	0.02142333984375	8.673617379884035e-19	False	1332264.0	39665.0	365.8756544	3150442496.0	world_g06_n152.mat	9CE129995538F4A72BDD79ED39D1F46A08FAFA0A33A7E3CC15F14C15FFE946CB	59B22764181C475D824B3847F1FC4F2E3EA726C62618AB02D8691B028031CC55	AE9B0EEE540CC07AA3D3FE45D445B0C71815E95D7D461C6AB615903532705D09
G06	6	152	91206152	R2	4.61799281479342	27.5382038226563	0.0044800000000000005	-0.0010007909425532513	0.6484375	0	-0.0056999999999999985	0.003780000000000002	False	0.004480000000000001	0.02978515625	8.673617379884035e-19	False	1332264.0	39665.0	365.8756544	3150442496.0	world_g06_n152.mat	9CE129995538F4A72BDD79ED39D1F46A08FAFA0A33A7E3CC15F14C15FFE946CB	59B22764181C475D824B3847F1FC4F2E3EA726C62618AB02D8691B028031CC55	AE9B0EEE540CC07AA3D3FE45D445B0C71815E95D7D461C6AB615903532705D09
G06	6	153	91206153	R1	4.61799281479342	27.5382038226563	0.0044800000000000005	-0.0020054168536862167	0.134521484375	0	-0.0046099999999999995	0.0007100000000000023	False	0.004480000000000001	0.000518798828125	8.673617379884035e-19	False	1332264.0	40249.0	366.3253682	3149578240.0	world_g06_n153.mat	A3B0A9138AF953AA0A70715F8798CC577E8F9F8A0B56EEBD4AEE0AE6DA1C717C	59B22764181C475D824B3847F1FC4F2E3EA726C62618AB02D8691B028031CC55	AE9B0EEE540CC07AA3D3FE45D445B0C71815E95D7D461C6AB615903532705D09
G06	6	153	91206153	R2	4.61799281479342	27.5382038226563	0.0044800000000000005	-0.0024649498568271597	0.280029296875	0	-0.007299999999999999	0.0023200000000000026	False	0.004480000000000001	0.008544921875	8.673617379884035e-19	False	1332264.0	40249.0	366.3253682	3149578240.0	world_g06_n153.mat	A3B0A9138AF953AA0A70715F8798CC577E8F9F8A0B56EEBD4AEE0AE6DA1C717C	59B22764181C475D824B3847F1FC4F2E3EA726C62618AB02D8691B028031CC55	AE9B0EEE540CC07AA3D3FE45D445B0C71815E95D7D461C6AB615903532705D09
G06	6	154	91206154	R1	4.61799281479342	27.5382038226563	0.0044800000000000005	-0.00025256198549341343	0.82763671875	0	-0.002689999999999998	0.0022199999999999998	False	0.004480000000000001	0.001953125	8.673617379884035e-19	False	1332264.0	40189.0	368.0387043	3150438400.0	world_g06_n154.mat	42B9C2227376BBEA95B8EAF1B6857249F38ABC59C184FEC0E5745997780E97ED	59B22764181C475D824B3847F1FC4F2E3EA726C62618AB02D8691B028031CC55	AE9B0EEE540CC07AA3D3FE45D445B0C71815E95D7D461C6AB615903532705D09
G06	6	154	91206154	R2	4.61799281479342	27.5382038226563	0.0044800000000000005	-0.0015102528679145752	0.4833984375	0	-0.0060399999999999985	0.0028300000000000027	False	0.004480000000000001	0.0087890625	8.673617379884035e-19	False	1332264.0	40189.0	368.0387043	3150438400.0	world_g06_n154.mat	42B9C2227376BBEA95B8EAF1B6857249F38ABC59C184FEC0E5745997780E97ED	59B22764181C475D824B3847F1FC4F2E3EA726C62618AB02D8691B028031CC55	AE9B0EEE540CC07AA3D3FE45D445B0C71815E95D7D461C6AB615903532705D09
G06	6	155	91206155	R1	4.61799281479342	27.5382038226563	0.0044800000000000005	-0.0012586676745979831	0.501617431640625	0	-0.005259999999999999	0.0027100000000000006	False	0.004480000000000001	0.0079345703125	8.673617379884035e-19	False	1332264.0	40159.0	367.4282465	3149475840.0	world_g06_n155.mat	5C7FD0F531393C7B5EB7111001EFCA85ED92B4C97DF621BF32A5906C078FF0A8	59B22764181C475D824B3847F1FC4F2E3EA726C62618AB02D8691B028031CC55	AE9B0EEE540CC07AA3D3FE45D445B0C71815E95D7D461C6AB615903532705D09
G06	6	155	91206155	R2	4.61799281479342	27.5382038226563	0.0044800000000000005	0.0002488348933518109	0.900390625	0	-0.004119999999999999	0.004610000000000003	False	0.004480000000000001	0.056640625	8.673617379884035e-19	True	1332264.0	40159.0	367.4282465	3149475840.0	world_g06_n155.mat	5C7FD0F531393C7B5EB7111001EFCA85ED92B4C97DF621BF32A5906C078FF0A8	59B22764181C475D824B3847F1FC4F2E3EA726C62618AB02D8691B028031CC55	AE9B0EEE540CC07AA3D3FE45D445B0C71815E95D7D461C6AB615903532705D09
G06	6	156	91206156	R1	4.61799281479342	27.5382038226563	0.0044800000000000005	-0.0027812832838205927	0.065765380859375	0	-0.0057599999999999995	0.00020000000000000226	False	0.004480000000000001	0.000213623046875	8.673617379884035e-19	False	1332264.0	39999.0	366.939256	3150446592.0	world_g06_n156.mat	45ABDFEC9B850DD15B9D3E24CDE3B9FE6D686EABA2B8D18994076716F43D12D9	59B22764181C475D824B3847F1FC4F2E3EA726C62618AB02D8691B028031CC55	AE9B0EEE540CC07AA3D3FE45D445B0C71815E95D7D461C6AB615903532705D09
G06	6	156	91206156	R2	4.61799281479342	27.5382038226563	0.0044800000000000005	-0.0017872860378892205	0.25244140625	0	-0.00498	0.001340000000000001	False	0.004480000000000001	0.001220703125	8.673617379884035e-19	False	1332264.0	39999.0	366.939256	3150446592.0	world_g06_n156.mat	45ABDFEC9B850DD15B9D3E24CDE3B9FE6D686EABA2B8D18994076716F43D12D9	59B22764181C475D824B3847F1FC4F2E3EA726C62618AB02D8691B028031CC55	AE9B0EEE540CC07AA3D3FE45D445B0C71815E95D7D461C6AB615903532705D09
G06	6	157	91206157	R1	4.61799281479342	27.5382038226563	0.0044800000000000005	-0.00026657300487165406	0.907928466796875	0	-0.0049499999999999995	0.004530000000000003	False	0.004480000000000001	0.052825927734375	8.673617379884035e-19	True	1332264.0	40080.0	365.6342841	3149766656.0	world_g06_n157.mat	8E87C33DA965E903428FE3F70222F89C419E5A7D14913C25A900784FA72E100F	59B22764181C475D824B3847F1FC4F2E3EA726C62618AB02D8691B028031CC55	AE9B0EEE540CC07AA3D3FE45D445B0C71815E95D7D461C6AB615903532705D09
G06	6	157	91206157	R2	4.61799281479342	27.5382038226563	0.0044800000000000005	-0.0026689234426409926	0.040771484375	1	-0.00511	-0.00011999999999999858	False	0.004480000000000001	0.00048828125	8.673617379884035e-19	False	1332264.0	40080.0	365.6342841	3149766656.0	world_g06_n157.mat	8E87C33DA965E903428FE3F70222F89C419E5A7D14913C25A900784FA72E100F	59B22764181C475D824B3847F1FC4F2E3EA726C62618AB02D8691B028031CC55	AE9B0EEE540CC07AA3D3FE45D445B0C71815E95D7D461C6AB615903532705D09
G06	6	158	91206158	R1	4.61799281479342	27.5382038226563	0.0044800000000000005	-0.0008855596924396972	0.52532958984375	0	-0.0038200000000000005	0.0020499999999999997	False	0.004480000000000001	0.001617431640625	8.673617379884035e-19	False	1332264.0	40127.0	368.1901374	3149758464.0	world_g06_n158.mat	76332C3623676A22E230AEB4505AA7AE337A8DD04DA399CEA46D06266496CF05	59B22764181C475D824B3847F1FC4F2E3EA726C62618AB02D8691B028031CC55	AE9B0EEE540CC07AA3D3FE45D445B0C71815E95D7D461C6AB615903532705D09
G06	6	158	91206158	R2	4.61799281479342	27.5382038226563	0.0044800000000000005	-0.0018224297046889994	0.19873046875	0	-0.004799999999999999	0.0011600000000000013	False	0.004480000000000001	0.000732421875	8.673617379884035e-19	False	1332264.0	40127.0	368.1901374	3149758464.0	world_g06_n158.mat	76332C3623676A22E230AEB4505AA7AE337A8DD04DA399CEA46D06266496CF05	59B22764181C475D824B3847F1FC4F2E3EA726C62618AB02D8691B028031CC55	AE9B0EEE540CC07AA3D3FE45D445B0C71815E95D7D461C6AB615903532705D09
G06	6	159	91206159	R1	4.61799281479342	27.5382038226563	0.0044800000000000005	0.0017901906827680514	0.304443359375	0	-0.0018700000000000001	0.005390000000000002	False	0.004480000000000001	0.139556884765625	8.673617379884035e-19	True	1332264.0	40241.0	365.5361574	3149508608.0	world_g06_n159.mat	A018CD721D2BFB764800F6BE641D1FB2B665AA1CD6FEA7E0C773DA75FD144CD3	59B22764181C475D824B3847F1FC4F2E3EA726C62618AB02D8691B028031CC55	AE9B0EEE540CC07AA3D3FE45D445B0C71815E95D7D461C6AB615903532705D09
G06	6	159	91206159	R2	4.61799281479342	27.5382038226563	0.0044800000000000005	0.00023812744231773783	0.8583984375	0	-0.0026699999999999988	0.003100000000000002	False	0.004480000000000001	0.00634765625	8.673617379884035e-19	False	1332264.0	40241.0	365.5361574	3149508608.0	world_g06_n159.mat	A018CD721D2BFB764800F6BE641D1FB2B665AA1CD6FEA7E0C773DA75FD144CD3	59B22764181C475D824B3847F1FC4F2E3EA726C62618AB02D8691B028031CC55	AE9B0EEE540CC07AA3D3FE45D445B0C71815E95D7D461C6AB615903532705D09
G06	6	160	91206160	R1	4.61799281479342	27.5382038226563	0.0044800000000000005	-4.707864458059707e-05	0.964385986328125	0	-0.002319999999999999	0.0022400000000000024	False	0.004480000000000001	0.000518798828125	8.673617379884035e-19	False	1332264.0	39861.0	365.5988438	3149500416.0	world_g06_n160.mat	559E55E0353FF7DFEB5FA7D7BA75493D8CDE6DB917AB057B8785A1767F0CBBC7	59B22764181C475D824B3847F1FC4F2E3EA726C62618AB02D8691B028031CC55	AE9B0EEE540CC07AA3D3FE45D445B0C71815E95D7D461C6AB615903532705D09
G06	6	160	91206160	R2	4.61799281479342	27.5382038226563	0.0044800000000000005	-0.00271795392202995	0.07373046875	0	-0.005739999999999999	0.00031000000000000125	False	0.004480000000000001	0.0009765625	8.673617379884035e-19	False	1332264.0	39861.0	365.5988438	3149500416.0	world_g06_n160.mat	559E55E0353FF7DFEB5FA7D7BA75493D8CDE6DB917AB057B8785A1767F0CBBC7	59B22764181C475D824B3847F1FC4F2E3EA726C62618AB02D8691B028031CC55	AE9B0EEE540CC07AA3D3FE45D445B0C71815E95D7D461C6AB615903532705D09
G06	6	161	91206161	R1	4.61799281479342	27.5382038226563	0.0044800000000000005	-0.0022328431215406035	0.107147216796875	0	-0.0049499999999999995	0.0005500000000000019	False	0.004480000000000001	0.000396728515625	8.673617379884035e-19	False	1332264.0	40423.0	368.4623675	3138269184.0	world_g06_n161.mat	266866D63F472669D4E22DFBA758791E4646CED46B04FD78E134C7E92F55271D	59B22764181C475D824B3847F1FC4F2E3EA726C62618AB02D8691B028031CC55	AE9B0EEE540CC07AA3D3FE45D445B0C71815E95D7D461C6AB615903532705D09
G06	6	161	91206161	R2	4.61799281479342	27.5382038226563	0.0044800000000000005	0.00011842757296235185	0.945068359375	0	-0.003599999999999999	0.00392	False	0.004480000000000001	0.027587890625	8.673617379884035e-19	False	1332264.0	40423.0	368.4623675	3138269184.0	world_g06_n161.mat	266866D63F472669D4E22DFBA758791E4646CED46B04FD78E134C7E92F55271D	59B22764181C475D824B3847F1FC4F2E3EA726C62618AB02D8691B028031CC55	AE9B0EEE540CC07AA3D3FE45D445B0C71815E95D7D461C6AB615903532705D09
G06	6	162	91206162	R1	4.61799281479342	27.5382038226563	0.0044800000000000005	-0.00034939137654246746	0.85504150390625	0	-0.0043300000000000005	0.003550000000000001	False	0.004480000000000001	0.018096923828125	8.673617379884035e-19	False	1332264.0	39916.0	367.0866554	3174572032.0	world_g06_n162.mat	4721B1FF91E609E9C295AD90FACE06D068C2957852002E60746AE9BC450E9A43	59B22764181C475D824B3847F1FC4F2E3EA726C62618AB02D8691B028031CC55	AE9B0EEE540CC07AA3D3FE45D445B0C71815E95D7D461C6AB615903532705D09
G06	6	162	91206162	R2	4.61799281479342	27.5382038226563	0.0044800000000000005	0.0006075496840931967	0.693359375	0	-0.0025899999999999986	0.0038600000000000023	False	0.004480000000000001	0.023681640625	8.673617379884035e-19	False	1332264.0	39916.0	367.0866554	3174572032.0	world_g06_n162.mat	4721B1FF91E609E9C295AD90FACE06D068C2957852002E60746AE9BC450E9A43	59B22764181C475D824B3847F1FC4F2E3EA726C62618AB02D8691B028031CC55	AE9B0EEE540CC07AA3D3FE45D445B0C71815E95D7D461C6AB615903532705D09
G06	6	163	91206163	R1	4.61799281479342	27.5382038226563	0.0044800000000000005	-0.0004298459115755114	0.81512451171875	0	-0.00418	0.003190000000000002	False	0.004480000000000001	0.007659912109375	8.673617379884035e-19	False	1332264.0	40464.0	367.7245071	3174596608.0	world_g06_n163.mat	B5562E622F2F0EF3B044344E4E3C2A5276D5FBE41B4D6912479B689C6AE78A0D	59B22764181C475D824B3847F1FC4F2E3EA726C62618AB02D8691B028031CC55	AE9B0EEE540CC07AA3D3FE45D445B0C71815E95D7D461C6AB615903532705D09
G06	6	163	91206163	R2	4.61799281479342	27.5382038226563	0.0044800000000000005	-0.0035034516192575882	0.049072265625	1	-0.00702	-2.9999999999998778e-05	False	0.004480000000000001	0.000732421875	8.673617379884035e-19	False	1332264.0	40464.0	367.7245071	3174596608.0	world_g06_n163.mat	B5562E622F2F0EF3B044344E4E3C2A5276D5FBE41B4D6912479B689C6AE78A0D	59B22764181C475D824B3847F1FC4F2E3EA726C62618AB02D8691B028031CC55	AE9B0EEE540CC07AA3D3FE45D445B0C71815E95D7D461C6AB615903532705D09
G06	6	164	91206164	R1	4.61799281479342	27.5382038226563	0.0044800000000000005	-0.0007297575789956105	0.6319580078125	0	-0.0037599999999999995	0.0024100000000000024	False	0.004480000000000001	0.003936767578125	8.673617379884035e-19	False	1332264.0	40379.0	368.4409724	3174555648.0	world_g06_n164.mat	23DE3BEEFF5FF0EC6A1C0DEE191D59DADCC35A83A840AE0217CA06A4F09B8464	59B22764181C475D824B3847F1FC4F2E3EA726C62618AB02D8691B028031CC55	AE9B0EEE540CC07AA3D3FE45D445B0C71815E95D7D461C6AB615903532705D09
G06	6	164	91206164	R2	4.61799281479342	27.5382038226563	0.0044800000000000005	-0.0002873545995846547	0.896484375	0	-0.005129999999999999	0.004460000000000002	False	0.004480000000000001	0.049072265625	8.673617379884035e-19	False	1332264.0	40379.0	368.4409724	3174555648.0	world_g06_n164.mat	23DE3BEEFF5FF0EC6A1C0DEE191D59DADCC35A83A840AE0217CA06A4F09B8464	59B22764181C475D824B3847F1FC4F2E3EA726C62618AB02D8691B028031CC55	AE9B0EEE540CC07AA3D3FE45D445B0C71815E95D7D461C6AB615903532705D09
G06	6	165	91206165	R1	4.61799281479342	27.5382038226563	0.0044800000000000005	-0.0004120940826614545	0.81671142578125	0	-0.0038899999999999976	0.003210000000000001	False	0.004480000000000001	0.012542724609375	8.673617379884035e-19	False	1332264.0	39953.0	365.4876307	3174531072.0	world_g06_n165.mat	E8C405FF51057730E0C4C476C3CB1F5E77772656E7C0B7A67B8207CD604D4EF2	59B22764181C475D824B3847F1FC4F2E3EA726C62618AB02D8691B028031CC55	AE9B0EEE540CC07AA3D3FE45D445B0C71815E95D7D461C6AB615903532705D09
G06	6	165	91206165	R2	4.61799281479342	27.5382038226563	0.0044800000000000005	-0.002379635350478172	0.2880859375	0	-0.00686	0.00162	False	0.004480000000000001	0.001953125	8.673617379884035e-19	False	1332264.0	39953.0	365.4876307	3174531072.0	world_g06_n165.mat	E8C405FF51057730E0C4C476C3CB1F5E77772656E7C0B7A67B8207CD604D4EF2	59B22764181C475D824B3847F1FC4F2E3EA726C62618AB02D8691B028031CC55	AE9B0EEE540CC07AA3D3FE45D445B0C71815E95D7D461C6AB615903532705D09
G06	6	166	91206166	R1	4.61799281479342	27.5382038226563	0.0044800000000000005	-0.00047914988304126435	0.738494873046875	0	-0.00349	0.00255	False	0.004480000000000001	0.003692626953125	8.673617379884035e-19	False	1332264.0	40155.0	367.8242774	3174596608.0	world_g06_n166.mat	4A0B534B4BD1CCC3D77382CBB793D617BE6C41AAA97BE34F0D6103189AA90046	59B22764181C475D824B3847F1FC4F2E3EA726C62618AB02D8691B028031CC55	AE9B0EEE540CC07AA3D3FE45D445B0C71815E95D7D461C6AB615903532705D09
G06	6	166	91206166	R2	4.61799281479342	27.5382038226563	0.0044800000000000005	0.0014443649961414927	0.382080078125	0	-0.0020999999999999977	0.004890000000000002	False	0.004480000000000001	0.08056640625	8.673617379884035e-19	True	1332264.0	40155.0	367.8242774	3174596608.0	world_g06_n166.mat	4A0B534B4BD1CCC3D77382CBB793D617BE6C41AAA97BE34F0D6103189AA90046	59B22764181C475D824B3847F1FC4F2E3EA726C62618AB02D8691B028031CC55	AE9B0EEE540CC07AA3D3FE45D445B0C71815E95D7D461C6AB615903532705D09
G06	6	167	91206167	R1	4.61799281479342	27.5382038226563	0.0044800000000000005	-0.002600077856081035	0.173583984375	0	-0.00651	0.0013200000000000017	False	0.004480000000000001	0.00244140625	8.673617379884035e-19	False	1332264.0	39878.0	365.8557447	3174588416.0	world_g06_n167.mat	617EF5E3C6289CE349973A4C897433CDC45B596E20A49CF73A47622AE452457C	59B22764181C475D824B3847F1FC4F2E3EA726C62618AB02D8691B028031CC55	AE9B0EEE540CC07AA3D3FE45D445B0C71815E95D7D461C6AB615903532705D09
G06	6	167	91206167	R2	4.61799281479342	27.5382038226563	0.0044800000000000005	-0.0007154288365061345	0.822509765625	0	-0.00685	0.004920000000000001	False	0.004480000000000001	0.076171875	8.673617379884035e-19	True	1332264.0	39878.0	365.8557447	3174588416.0	world_g06_n167.mat	617EF5E3C6289CE349973A4C897433CDC45B596E20A49CF73A47622AE452457C	59B22764181C475D824B3847F1FC4F2E3EA726C62618AB02D8691B028031CC55	AE9B0EEE540CC07AA3D3FE45D445B0C71815E95D7D461C6AB615903532705D09
G06	6	168	91206168	R1	4.61799281479342	27.5382038226563	0.0044800000000000005	-0.0019162765539987993	0.06097412109375	0	-0.003879999999999998	0.00011000000000000246	False	0.004480000000000001	0.0001220703125	8.673617379884035e-19	False	1332264.0	40265.0	367.1108666	3174617088.0	world_g06_n168.mat	709BDD751DB9ACD1CDA08B907A6D4004F23FEAA4D80CFDE37CC64AB2CB58A4F5	59B22764181C475D824B3847F1FC4F2E3EA726C62618AB02D8691B028031CC55	AE9B0EEE540CC07AA3D3FE45D445B0C71815E95D7D461C6AB615903532705D09
G06	6	168	91206168	R2	4.61799281479342	27.5382038226563	0.0044800000000000005	0.0018496483032603866	0.25439453125	0	-0.0015599999999999989	0.00511	False	0.004480000000000001	0.120849609375	8.673617379884035e-19	True	1332264.0	40265.0	367.1108666	3174617088.0	world_g06_n168.mat	709BDD751DB9ACD1CDA08B907A6D4004F23FEAA4D80CFDE37CC64AB2CB58A4F5	59B22764181C475D824B3847F1FC4F2E3EA726C62618AB02D8691B028031CC55	AE9B0EEE540CC07AA3D3FE45D445B0C71815E95D7D461C6AB615903532705D09
G06	6	169	91206169	R1	4.61799281479342	27.5382038226563	0.0044800000000000005	0.0003619135386134445	0.85943603515625	0	-0.003949999999999999	0.004630000000000002	False	0.004480000000000001	0.05816650390625	8.673617379884035e-19	True	1332264.0	40293.0	366.7708813	3173511168.0	world_g06_n169.mat	7E92A86686E6FA3893FF4F4AA65F99F7E315ED2CF4915AD6861011D07C639C05	59B22764181C475D824B3847F1FC4F2E3EA726C62618AB02D8691B028031CC55	AE9B0EEE540CC07AA3D3FE45D445B0C71815E95D7D461C6AB615903532705D09
G06	6	169	91206169	R2	4.61799281479342	27.5382038226563	0.0044800000000000005	-0.001627973757759005	0.411376953125	0	-0.00554	0.00196	False	0.004480000000000001	0.00244140625	8.673617379884035e-19	False	1332264.0	40293.0	366.7708813	3173511168.0	world_g06_n169.mat	7E92A86686E6FA3893FF4F4AA65F99F7E315ED2CF4915AD6861011D07C639C05	59B22764181C475D824B3847F1FC4F2E3EA726C62618AB02D8691B028031CC55	AE9B0EEE540CC07AA3D3FE45D445B0C71815E95D7D461C6AB615903532705D09
G06	6	170	91206170	R1	4.61799281479342	27.5382038226563	0.0044800000000000005	7.657606404671892e-05	0.940460205078125	0	-0.002149999999999999	0.002310000000000003	False	0.004480000000000001	0.0010986328125	8.673617379884035e-19	False	1332264.0	39915.0	366.5816377	3174469632.0	world_g06_n170.mat	D71E1957AF4B85B6C7C0B3FB29F6E4679B90E7BC021708339116B79C3878756A	59B22764181C475D824B3847F1FC4F2E3EA726C62618AB02D8691B028031CC55	AE9B0EEE540CC07AA3D3FE45D445B0C71815E95D7D461C6AB615903532705D09
G06	6	170	91206170	R2	4.61799281479342	27.5382038226563	0.0044800000000000005	-0.00037512282266371935	0.84326171875	0	-0.0040399999999999985	0.003530000000000002	False	0.004480000000000001	0.019775390625	8.673617379884035e-19	False	1332264.0	39915.0	366.5816377	3174469632.0	world_g06_n170.mat	D71E1957AF4B85B6C7C0B3FB29F6E4679B90E7BC021708339116B79C3878756A	59B22764181C475D824B3847F1FC4F2E3EA726C62618AB02D8691B028031CC55	AE9B0EEE540CC07AA3D3FE45D445B0C71815E95D7D461C6AB615903532705D09
G06	6	171	91206171	R1	4.61799281479342	27.5382038226563	0.0044800000000000005	-0.0007721972293616276	0.7564697265625	0	-0.00558	0.004300000000000002	False	0.004480000000000001	0.043487548828125	8.673617379884035e-19	False	1332264.0	40375.0	368.2228724	3162198016.0	world_g06_n171.mat	31063034C755260C28D6B553F116B27E0BA768ED1217D785E3A1AABA783FA2CE	59B22764181C475D824B3847F1FC4F2E3EA726C62618AB02D8691B028031CC55	AE9B0EEE540CC07AA3D3FE45D445B0C71815E95D7D461C6AB615903532705D09
G06	6	171	91206171	R2	4.61799281479342	27.5382038226563	0.0044800000000000005	0.00022545528386266048	0.890625	0	-0.00307	0.00324	False	0.004480000000000001	0.00439453125	8.673617379884035e-19	False	1332264.0	40375.0	368.2228724	3162198016.0	world_g06_n171.mat	31063034C755260C28D6B553F116B27E0BA768ED1217D785E3A1AABA783FA2CE	59B22764181C475D824B3847F1FC4F2E3EA726C62618AB02D8691B028031CC55	AE9B0EEE540CC07AA3D3FE45D445B0C71815E95D7D461C6AB615903532705D09
G06	6	172	91206172	R1	4.61799281479342	27.5382038226563	0.0044800000000000005	-0.000499145391651292	0.81365966796875	0	-0.003939999999999999	0.0033100000000000004	False	0.004480000000000001	0.01568603515625	8.673617379884035e-19	False	1332264.0	40312.0	368.1647685	3179130880.0	world_g06_n172.mat	7F96AE74221AD34AE4BCA620297B42AAB05B8CD1C7A9552763D082C1D5EDA1DB	59B22764181C475D824B3847F1FC4F2E3EA726C62618AB02D8691B028031CC55	AE9B0EEE540CC07AA3D3FE45D445B0C71815E95D7D461C6AB615903532705D09
G06	6	172	91206172	R2	4.61799281479342	27.5382038226563	0.0044800000000000005	-0.00364593932705817	0.0703125	0	-0.007719999999999999	0.0004299999999999998	False	0.004480000000000001	0.000244140625	8.673617379884035e-19	False	1332264.0	40312.0	368.1647685	3179130880.0	world_g06_n172.mat	7F96AE74221AD34AE4BCA620297B42AAB05B8CD1C7A9552763D082C1D5EDA1DB	59B22764181C475D824B3847F1FC4F2E3EA726C62618AB02D8691B028031CC55	AE9B0EEE540CC07AA3D3FE45D445B0C71815E95D7D461C6AB615903532705D09
G06	6	173	91206173	R1	4.61799281479342	27.5382038226563	0.0044800000000000005	-0.0008992122603115878	0.67205810546875	0	-0.00533	0.0035200000000000023	False	0.004480000000000001	0.020660400390625	8.673617379884035e-19	False	1332264.0	40101.0	368.7858491	3179134976.0	world_g06_n173.mat	C8DE8ACE950E2E4153688BD011428862D00C13702789ED7725CA274CEB1CA672	59B22764181C475D824B3847F1FC4F2E3EA726C62618AB02D8691B028031CC55	AE9B0EEE540CC07AA3D3FE45D445B0C71815E95D7D461C6AB615903532705D09
G06	6	173	91206173	R2	4.61799281479342	27.5382038226563	0.0044800000000000005	0.002661869455635243	0.134521484375	0	-0.0009899999999999978	0.0062900000000000005	False	0.004480000000000001	0.282958984375	8.673617379884035e-19	True	1332264.0	40101.0	368.7858491	3179134976.0	world_g06_n173.mat	C8DE8ACE950E2E4153688BD011428862D00C13702789ED7725CA274CEB1CA672	59B22764181C475D824B3847F1FC4F2E3EA726C62618AB02D8691B028031CC55	AE9B0EEE540CC07AA3D3FE45D445B0C71815E95D7D461C6AB615903532705D09
G06	6	174	91206174	R1	4.61799281479342	27.5382038226563	0.0044800000000000005	0.0005658765463237801	0.808319091796875	0	-0.0038099999999999974	0.005170000000000001	False	0.004480000000000001	0.087860107421875	8.673617379884035e-19	True	1332264.0	40512.0	368.4250631	3179118592.0	world_g06_n174.mat	40DE03F43E5D4D631FAC45232099DFDB176F8E6F27F5B961B0A9607180982629	59B22764181C475D824B3847F1FC4F2E3EA726C62618AB02D8691B028031CC55	AE9B0EEE540CC07AA3D3FE45D445B0C71815E95D7D461C6AB615903532705D09
G06	6	174	91206174	R2	4.61799281479342	27.5382038226563	0.0044800000000000005	0.0005232949665442722	0.765625	0	-0.0032999999999999974	0.00434	False	0.004480000000000001	0.0439453125	8.673617379884035e-19	False	1332264.0	40512.0	368.4250631	3179118592.0	world_g06_n174.mat	40DE03F43E5D4D631FAC45232099DFDB176F8E6F27F5B961B0A9607180982629	59B22764181C475D824B3847F1FC4F2E3EA726C62618AB02D8691B028031CC55	AE9B0EEE540CC07AA3D3FE45D445B0C71815E95D7D461C6AB615903532705D09
G06	6	175	91206175	R1	4.61799281479342	27.5382038226563	0.0044800000000000005	0.0012543689014363707	0.3447265625	0	-0.0014799999999999987	0.004010000000000003	False	0.004480000000000001	0.026123046875	8.673617379884035e-19	False	1332264.0	40364.0	367.2742805	3179134976.0	world_g06_n175.mat	31867BAF8D3F0D0928403106659846ED125A3D6E003234A68841B382560BBC5A	59B22764181C475D824B3847F1FC4F2E3EA726C62618AB02D8691B028031CC55	AE9B0EEE540CC07AA3D3FE45D445B0C71815E95D7D461C6AB615903532705D09
G06	6	175	91206175	R2	4.61799281479342	27.5382038226563	0.0044800000000000005	0.0017773528692983248	0.260986328125	0	-0.00162	0.005130000000000003	False	0.004480000000000001	0.103271484375	8.673617379884035e-19	True	1332264.0	40364.0	367.2742805	3179134976.0	world_g06_n175.mat	31867BAF8D3F0D0928403106659846ED125A3D6E003234A68841B382560BBC5A	59B22764181C475D824B3847F1FC4F2E3EA726C62618AB02D8691B028031CC55	AE9B0EEE540CC07AA3D3FE45D445B0C71815E95D7D461C6AB615903532705D09
G06	6	176	91206176	R1	4.61799281479342	27.5382038226563	0.0044800000000000005	-0.0018169322321801525	0.203216552734375	0	-0.00473	0.0010900000000000007	False	0.004480000000000001	0.00048828125	8.673617379884035e-19	False	1332264.0	39997.0	366.1433328	3179126784.0	world_g06_n176.mat	90AD7B818E216211256135DC6FBD1F19A63E0DFDFF45DB405021B223030963EA	59B22764181C475D824B3847F1FC4F2E3EA726C62618AB02D8691B028031CC55	AE9B0EEE540CC07AA3D3FE45D445B0C71815E95D7D461C6AB615903532705D09
G06	6	176	91206176	R2	4.61799281479342	27.5382038226563	0.0044800000000000005	0.0021796992758776326	0.361328125	0	-0.0029499999999999978	0.0072000000000000015	False	0.004480000000000001	0.34521484375	8.673617379884035e-19	True	1332264.0	39997.0	366.1433328	3179126784.0	world_g06_n176.mat	90AD7B818E216211256135DC6FBD1F19A63E0DFDFF45DB405021B223030963EA	59B22764181C475D824B3847F1FC4F2E3EA726C62618AB02D8691B028031CC55	AE9B0EEE540CC07AA3D3FE45D445B0C71815E95D7D461C6AB615903532705D09
G06	6	177	91206177	R1	4.61799281479342	27.5382038226563	0.0044800000000000005	-0.0010124027871346998	0.407562255859375	0	-0.0034999999999999996	0.0015399999999999997	False	0.004480000000000001	0.000762939453125	8.673617379884035e-19	False	1332264.0	40153.0	365.911211	3179249664.0	world_g06_n177.mat	FFB1C9D063125D6B2B512991C18C5CF5A6CE532FB4806B8CDA322DDB0CAE619C	59B22764181C475D824B3847F1FC4F2E3EA726C62618AB02D8691B028031CC55	AE9B0EEE540CC07AA3D3FE45D445B0C71815E95D7D461C6AB615903532705D09
G06	6	177	91206177	R2	4.61799281479342	27.5382038226563	0.0044800000000000005	-0.0027383823136716296	0.036865234375	1	-0.005339999999999999	-0.00017	False	0.004480000000000001	0.000244140625	8.673617379884035e-19	False	1332264.0	40153.0	365.911211	3179249664.0	world_g06_n177.mat	FFB1C9D063125D6B2B512991C18C5CF5A6CE532FB4806B8CDA322DDB0CAE619C	59B22764181C475D824B3847F1FC4F2E3EA726C62618AB02D8691B028031CC55	AE9B0EEE540CC07AA3D3FE45D445B0C71815E95D7D461C6AB615903532705D09
G06	6	178	91206178	R1	4.61799281479342	27.5382038226563	0.0044800000000000005	-0.000701116238123881	0.663177490234375	0	-0.004109999999999999	0.0026900000000000014	False	0.004480000000000001	0.006439208984375	8.673617379884035e-19	False	1332264.0	40227.0	365.6749968	3179212800.0	world_g06_n178.mat	7963810B70BC1FC59AA48E77FBA27E29342D4C6A608441C50B12B48B083B4F74	59B22764181C475D824B3847F1FC4F2E3EA726C62618AB02D8691B028031CC55	AE9B0EEE540CC07AA3D3FE45D445B0C71815E95D7D461C6AB615903532705D09
G06	6	178	91206178	R2	4.61799281479342	27.5382038226563	0.0044800000000000005	-0.0016226814693465117	0.522216796875	0	-0.00669	0.003210000000000001	False	0.004480000000000001	0.015625	8.673617379884035e-19	False	1332264.0	40227.0	365.6749968	3179212800.0	world_g06_n178.mat	7963810B70BC1FC59AA48E77FBA27E29342D4C6A608441C50B12B48B083B4F74	59B22764181C475D824B3847F1FC4F2E3EA726C62618AB02D8691B028031CC55	AE9B0EEE540CC07AA3D3FE45D445B0C71815E95D7D461C6AB615903532705D09
G06	6	179	91206179	R1	4.61799281479342	27.5382038226563	0.0044800000000000005	-0.003773012287353576	0.06976318359375	0	-0.00789	0.00038000000000000186	False	0.004480000000000001	0.0009765625	8.673617379884035e-19	False	1332264.0	39991.0	365.978163	3179134976.0	world_g06_n179.mat	760A876D69A6E0B82C494974AD10DAB531AED8EB54ECA93E065E8B3E53CB2106	59B22764181C475D824B3847F1FC4F2E3EA726C62618AB02D8691B028031CC55	AE9B0EEE540CC07AA3D3FE45D445B0C71815E95D7D461C6AB615903532705D09
G06	6	179	91206179	R2	4.61799281479342	27.5382038226563	0.0044800000000000005	0.003524149592727981	0.126953125	0	-0.0013399999999999974	0.008030000000000002	False	0.004480000000000001	0.664794921875	8.673617379884035e-19	True	1332264.0	39991.0	365.978163	3179134976.0	world_g06_n179.mat	760A876D69A6E0B82C494974AD10DAB531AED8EB54ECA93E065E8B3E53CB2106	59B22764181C475D824B3847F1FC4F2E3EA726C62618AB02D8691B028031CC55	AE9B0EEE540CC07AA3D3FE45D445B0C71815E95D7D461C6AB615903532705D09
G06	6	180	91206180	R1	4.61799281479342	27.5382038226563	0.0044800000000000005	-0.002597707041743385	0.08624267578125	0	-0.005559999999999999	0.0004400000000000029	False	0.004480000000000001	0.000518798828125	8.673617379884035e-19	False	1332264.0	40295.0	367.7421005	3179134976.0	world_g06_n180.mat	8FDFDA0EBE5A3E6F1C7076ED54B162535BFEF1774BDE6A09ACB82F5A72A2473F	59B22764181C475D824B3847F1FC4F2E3EA726C62618AB02D8691B028031CC55	AE9B0EEE540CC07AA3D3FE45D445B0C71815E95D7D461C6AB615903532705D09
G06	6	180	91206180	R2	4.61799281479342	27.5382038226563	0.0044800000000000005	0.0017314494966976257	0.267578125	0	-0.0015899999999999977	0.004970000000000002	False	0.004480000000000001	0.0986328125	8.673617379884035e-19	True	1332264.0	40295.0	367.7421005	3179134976.0	world_g06_n180.mat	8FDFDA0EBE5A3E6F1C7076ED54B162535BFEF1774BDE6A09ACB82F5A72A2473F	59B22764181C475D824B3847F1FC4F2E3EA726C62618AB02D8691B028031CC55	AE9B0EEE540CC07AA3D3FE45D445B0C71815E95D7D461C6AB615903532705D09
G06	6	181	91206181	R1	4.61799281479342	27.5382038226563	0.0044800000000000005	-0.0007902705057663591	0.41387939453125	0	-0.002829999999999999	0.0012500000000000011	False	0.004480000000000001	0.00018310546875	8.673617379884035e-19	False	1332264.0	40206.0	365.6578885	3166846976.0	world_g06_n181.mat	37E043D3884F9B8970FC81BB6658BF3DCA42369543F5CC0960D585B4E41B2DEF	59B22764181C475D824B3847F1FC4F2E3EA726C62618AB02D8691B028031CC55	AE9B0EEE540CC07AA3D3FE45D445B0C71815E95D7D461C6AB615903532705D09
G06	6	181	91206181	R2	4.61799281479342	27.5382038226563	0.0044800000000000005	-0.003761879726944966	0.022705078125	1	-0.00716	-0.0004799999999999978	False	0.004480000000000001	0.000244140625	8.673617379884035e-19	False	1332264.0	40206.0	365.6578885	3166846976.0	world_g06_n181.mat	37E043D3884F9B8970FC81BB6658BF3DCA42369543F5CC0960D585B4E41B2DEF	59B22764181C475D824B3847F1FC4F2E3EA726C62618AB02D8691B028031CC55	AE9B0EEE540CC07AA3D3FE45D445B0C71815E95D7D461C6AB615903532705D09
G06	6	182	91206182	R1	4.61799281479342	27.5382038226563	0.0044800000000000005	-0.00187378711985536	0.36663818359375	0	-0.006149999999999999	0.002360000000000001	False	0.004480000000000001	0.005523681640625	8.673617379884035e-19	False	1332264.0	40273.0	366.9129395	3169869824.0	world_g06_n182.mat	0E7BD14CFB6E49EFF88D8D46F3BD8DE51421A071709C3C86A7F7CD7EA4BABE76	59B22764181C475D824B3847F1FC4F2E3EA726C62618AB02D8691B028031CC55	AE9B0EEE540CC07AA3D3FE45D445B0C71815E95D7D461C6AB615903532705D09
G06	6	182	91206182	R2	4.61799281479342	27.5382038226563	0.0044800000000000005	-0.0001469640708049121	0.93115234375	0	-0.0036199999999999982	0.003470000000000001	False	0.004480000000000001	0.017333984375	8.673617379884035e-19	False	1332264.0	40273.0	366.9129395	3169869824.0	world_g06_n182.mat	0E7BD14CFB6E49EFF88D8D46F3BD8DE51421A071709C3C86A7F7CD7EA4BABE76	59B22764181C475D824B3847F1FC4F2E3EA726C62618AB02D8691B028031CC55	AE9B0EEE540CC07AA3D3FE45D445B0C71815E95D7D461C6AB615903532705D09
G06	6	183	91206183	R1	4.61799281479342	27.5382038226563	0.0044800000000000005	0.000949765706588686	0.515045166015625	0	-0.00213	0.004040000000000002	False	0.004480000000000001	0.029022216796875	8.673617379884035e-19	False	1332264.0	39930.0	366.092065	3170844672.0	world_g06_n183.mat	2D4648BE6F3E6E5FFD2B7F96A7FFA13AC14E42AC75DBD5DEFC738B0544325FB3	59B22764181C475D824B3847F1FC4F2E3EA726C62618AB02D8691B028031CC55	AE9B0EEE540CC07AA3D3FE45D445B0C71815E95D7D461C6AB615903532705D09
G06	6	183	91206183	R2	4.61799281479342	27.5382038226563	0.0044800000000000005	-0.0022176663127205735	0.173095703125	0	-0.0055299999999999985	0.0010299999999999997	False	0.004480000000000001	0.0009765625	8.673617379884035e-19	False	1332264.0	39930.0	366.092065	3170844672.0	world_g06_n183.mat	2D4648BE6F3E6E5FFD2B7F96A7FFA13AC14E42AC75DBD5DEFC738B0544325FB3	59B22764181C475D824B3847F1FC4F2E3EA726C62618AB02D8691B028031CC55	AE9B0EEE540CC07AA3D3FE45D445B0C71815E95D7D461C6AB615903532705D09
G06	6	184	91206184	R1	4.61799281479342	27.5382038226563	0.0044800000000000005	0.0011918866461883165	0.583770751953125	0	-0.00341	0.00579	False	0.004480000000000001	0.1478271484375	8.673617379884035e-19	True	1332264.0	40158.0	366.0049403	3169849344.0	world_g06_n184.mat	31AF6CB493458F7F2413F1ADDB0913256208E8085D5AD96247700CDF381CE1B4	59B22764181C475D824B3847F1FC4F2E3EA726C62618AB02D8691B028031CC55	AE9B0EEE540CC07AA3D3FE45D445B0C71815E95D7D461C6AB615903532705D09
G06	6	184	91206184	R2	4.61799281479342	27.5382038226563	0.0044800000000000005	0.00038355731351324225	0.843505859375	0	-0.0038699999999999984	0.004610000000000003	False	0.004480000000000001	0.0576171875	8.673617379884035e-19	True	1332264.0	40158.0	366.0049403	3169849344.0	world_g06_n184.mat	31AF6CB493458F7F2413F1ADDB0913256208E8085D5AD96247700CDF381CE1B4	59B22764181C475D824B3847F1FC4F2E3EA726C62618AB02D8691B028031CC55	AE9B0EEE540CC07AA3D3FE45D445B0C71815E95D7D461C6AB615903532705D09
G06	6	185	91206185	R1	4.61799281479342	27.5382038226563	0.0044800000000000005	-0.0031651190702829415	0.129791259765625	0	-0.007399999999999999	0.0010299999999999997	False	0.004480000000000001	0.001678466796875	8.673617379884035e-19	False	1332264.0	40060.0	367.6164129	3170766848.0	world_g06_n185.mat	14E05157B41A2FA26943E050EAA44D9BB6D9FB4363C8416C7BC274EF7952D6F1	59B22764181C475D824B3847F1FC4F2E3EA726C62618AB02D8691B028031CC55	AE9B0EEE540CC07AA3D3FE45D445B0C71815E95D7D461C6AB615903532705D09
G06	6	185	91206185	R2	4.61799281479342	27.5382038226563	0.0044800000000000005	0.0017507187072995341	0.40576171875	0	-0.00272	0.005980000000000003	False	0.004480000000000001	0.21044921875	8.673617379884035e-19	True	1332264.0	40060.0	367.6164129	3170766848.0	world_g06_n185.mat	14E05157B41A2FA26943E050EAA44D9BB6D9FB4363C8416C7BC274EF7952D6F1	59B22764181C475D824B3847F1FC4F2E3EA726C62618AB02D8691B028031CC55	AE9B0EEE540CC07AA3D3FE45D445B0C71815E95D7D461C6AB615903532705D09
G06	6	186	91206186	R1	4.61799281479342	27.5382038226563	0.0044800000000000005	-0.0017728472234230966	0.341705322265625	0	-0.005649999999999999	0.0021200000000000004	False	0.004480000000000001	0.004547119140625	8.673617379884035e-19	False	1332264.0	40241.0	367.7818024	3169828864.0	world_g06_n186.mat	589D69EDC01411F7D2A8D641C05107D3F8FF69EE8C4C3216155BC14C60EAE0B0	59B22764181C475D824B3847F1FC4F2E3EA726C62618AB02D8691B028031CC55	AE9B0EEE540CC07AA3D3FE45D445B0C71815E95D7D461C6AB615903532705D09
G06	6	186	91206186	R2	4.61799281479342	27.5382038226563	0.0044800000000000005	-0.0008422936590235877	0.61962890625	0	-0.004509999999999998	0.0028300000000000027	False	0.004480000000000001	0.009521484375	8.673617379884035e-19	False	1332264.0	40241.0	367.7818024	3169828864.0	world_g06_n186.mat	589D69EDC01411F7D2A8D641C05107D3F8FF69EE8C4C3216155BC14C60EAE0B0	59B22764181C475D824B3847F1FC4F2E3EA726C62618AB02D8691B028031CC55	AE9B0EEE540CC07AA3D3FE45D445B0C71815E95D7D461C6AB615903532705D09
G06	6	187	91206187	R1	4.61799281479342	27.5382038226563	0.0044800000000000005	0.00011042137517118361	0.949615478515625	0	-0.0035099999999999992	0.0036200000000000017	False	0.004480000000000001	0.014678955078125	8.673617379884035e-19	False	1332264.0	40055.0	367.9788886	3169890304.0	world_g06_n187.mat	3AA2A88E7F33B8C2A68D0BE72B20BA22C396468AADDB0CEBA0C77FDAF30BF1F1	59B22764181C475D824B3847F1FC4F2E3EA726C62618AB02D8691B028031CC55	AE9B0EEE540CC07AA3D3FE45D445B0C71815E95D7D461C6AB615903532705D09
G06	6	187	91206187	R2	4.61799281479342	27.5382038226563	0.0044800000000000005	-0.0005627655136397406	0.718994140625	0	-0.0038399999999999997	0.0025599999999999998	False	0.004480000000000001	0.003662109375	8.673617379884035e-19	False	1332264.0	40055.0	367.9788886	3169890304.0	world_g06_n187.mat	3AA2A88E7F33B8C2A68D0BE72B20BA22C396468AADDB0CEBA0C77FDAF30BF1F1	59B22764181C475D824B3847F1FC4F2E3EA726C62618AB02D8691B028031CC55	AE9B0EEE540CC07AA3D3FE45D445B0C71815E95D7D461C6AB615903532705D09
G06	6	188	91206188	R1	4.61799281479342	27.5382038226563	0.0044800000000000005	-0.0009024704550320574	0.545989990234375	0	-0.004049999999999998	0.002250000000000002	False	0.004480000000000001	0.002593994140625	8.673617379884035e-19	False	1332264.0	39994.0	365.6488756	3169882112.0	world_g06_n188.mat	B46558DC6BBCB67275C2B8BA9EFDB50F32135BD732404C91C138D24D3838FF7D	59B22764181C475D824B3847F1FC4F2E3EA726C62618AB02D8691B028031CC55	AE9B0EEE540CC07AA3D3FE45D445B0C71815E95D7D461C6AB615903532705D09
G06	6	188	91206188	R2	4.61799281479342	27.5382038226563	0.0044800000000000005	0.0024850729957268626	0.12548828125	0	-0.0008199999999999978	0.00578	False	0.004480000000000001	0.214111328125	8.673617379884035e-19	True	1332264.0	39994.0	365.6488756	3169882112.0	world_g06_n188.mat	B46558DC6BBCB67275C2B8BA9EFDB50F32135BD732404C91C138D24D3838FF7D	59B22764181C475D824B3847F1FC4F2E3EA726C62618AB02D8691B028031CC55	AE9B0EEE540CC07AA3D3FE45D445B0C71815E95D7D461C6AB615903532705D09
G06	6	189	91206189	R1	4.61799281479342	27.5382038226563	0.0044800000000000005	-0.0016129797791891347	0.2886962890625	0	-0.004799999999999999	0.0015500000000000028	False	0.004480000000000001	0.000396728515625	8.673617379884035e-19	False	1332264.0	40159.0	367.1715713	3168886784.0	world_g06_n189.mat	6ACDA04A40C08BED8EF479B4D14F6A3D3272C831D31CD5B94E720BBF7C998AA6	59B22764181C475D824B3847F1FC4F2E3EA726C62618AB02D8691B028031CC55	AE9B0EEE540CC07AA3D3FE45D445B0C71815E95D7D461C6AB615903532705D09
G06	6	189	91206189	R2	4.61799281479342	27.5382038226563	0.0044800000000000005	-0.0030045199255942195	0.058837890625	0	-0.006249999999999999	0.00012000000000000205	False	0.004480000000000001	0.00048828125	8.673617379884035e-19	False	1332264.0	40159.0	367.1715713	3168886784.0	world_g06_n189.mat	6ACDA04A40C08BED8EF479B4D14F6A3D3272C831D31CD5B94E720BBF7C998AA6	59B22764181C475D824B3847F1FC4F2E3EA726C62618AB02D8691B028031CC55	AE9B0EEE540CC07AA3D3FE45D445B0C71815E95D7D461C6AB615903532705D09
G06	6	190	91206190	R1	4.61799281479342	27.5382038226563	0.0044800000000000005	0.0015968026603171881	0.306549072265625	0	-0.001639999999999999	0.004830000000000001	False	0.004480000000000001	0.07647705078125	8.673617379884035e-19	True	1332264.0	40079.0	367.9229476	3169832960.0	world_g06_n190.mat	0FF47F2075A48E90E19DC87257BA2275FE1140783FB442DA66550B00B126698B	59B22764181C475D824B3847F1FC4F2E3EA726C62618AB02D8691B028031CC55	AE9B0EEE540CC07AA3D3FE45D445B0C71815E95D7D461C6AB615903532705D09
G06	6	190	91206190	R2	4.61799281479342	27.5382038226563	0.0044800000000000005	-0.0024107252782445488	0.20703125	0	-0.0063799999999999985	0.0015000000000000013	False	0.004480000000000001	0.00341796875	8.673617379884035e-19	False	1332264.0	40079.0	367.9229476	3169832960.0	world_g06_n190.mat	0FF47F2075A48E90E19DC87257BA2275FE1140783FB442DA66550B00B126698B	59B22764181C475D824B3847F1FC4F2E3EA726C62618AB02D8691B028031CC55	AE9B0EEE540CC07AA3D3FE45D445B0C71815E95D7D461C6AB615903532705D09
G06	6	191	91206191	R1	4.61799281479342	27.5382038226563	0.0044800000000000005	0.0005775360431478633	0.70111083984375	0	-0.002599999999999998	0.00375	False	0.004480000000000001	0.020355224609375	8.673617379884035e-19	False	1332264.0	40058.0	366.2413043	3157426176.0	world_g06_n191.mat	367CAA1A6719B444E813000661F5452D1E021219D9EECF3D632946BA9F56B0EF	59B22764181C475D824B3847F1FC4F2E3EA726C62618AB02D8691B028031CC55	AE9B0EEE540CC07AA3D3FE45D445B0C71815E95D7D461C6AB615903532705D09
G06	6	191	91206191	R2	4.61799281479342	27.5382038226563	0.0044800000000000005	7.824999799247004e-05	0.9755859375	0	-0.004619999999999999	0.004240000000000001	False	0.004480000000000001	0.03759765625	8.673617379884035e-19	False	1332264.0	40058.0	366.2413043	3157426176.0	world_g06_n191.mat	367CAA1A6719B444E813000661F5452D1E021219D9EECF3D632946BA9F56B0EF	59B22764181C475D824B3847F1FC4F2E3EA726C62618AB02D8691B028031CC55	AE9B0EEE540CC07AA3D3FE45D445B0C71815E95D7D461C6AB615903532705D09
G06	6	192	91206192	R1	4.61799281479342	27.5382038226563	0.0044800000000000005	-0.0019812755674071744	0.162628173828125	0	-0.00481	0.0009100000000000011	False	0.004480000000000001	0.000518798828125	8.673617379884035e-19	False	1332264.0	39985.0	364.7841613	3176144896.0	world_g06_n192.mat	72624B2363C0C2E2CC5C190EEFD34AC4242F5600F0ADCE637555D390D6312AF2	59B22764181C475D824B3847F1FC4F2E3EA726C62618AB02D8691B028031CC55	AE9B0EEE540CC07AA3D3FE45D445B0C71815E95D7D461C6AB615903532705D09
G06	6	192	91206192	R2	4.61799281479342	27.5382038226563	0.0044800000000000005	0.0007517853723033052	0.76171875	0	-0.00469	0.006200000000000001	False	0.004480000000000001	0.157958984375	8.673617379884035e-19	True	1332264.0	39985.0	364.7841613	3176144896.0	world_g06_n192.mat	72624B2363C0C2E2CC5C190EEFD34AC4242F5600F0ADCE637555D390D6312AF2	59B22764181C475D824B3847F1FC4F2E3EA726C62618AB02D8691B028031CC55	AE9B0EEE540CC07AA3D3FE45D445B0C71815E95D7D461C6AB615903532705D09
G06	6	193	91206193	R1	4.61799281479342	27.5382038226563	0.0044800000000000005	0.0019042542594964872	0.466705322265625	0	-0.003599999999999999	0.007450000000000002	False	0.004480000000000001	0.328948974609375	8.673617379884035e-19	True	1332264.0	40265.0	365.6868919	3176198144.0	world_g06_n193.mat	DF8BE0E4620040F1022D4190708A010DAF11897C32220F91D45A4CE2FC2301CF	59B22764181C475D824B3847F1FC4F2E3EA726C62618AB02D8691B028031CC55	AE9B0EEE540CC07AA3D3FE45D445B0C71815E95D7D461C6AB615903532705D09
G06	6	193	91206193	R2	4.61799281479342	27.5382038226563	0.0044800000000000005	-0.0006373216839330395	0.558349609375	0	-0.0031199999999999978	0.0017800000000000003	False	0.004480000000000001	0.001953125	8.673617379884035e-19	False	1332264.0	40265.0	365.6868919	3176198144.0	world_g06_n193.mat	DF8BE0E4620040F1022D4190708A010DAF11897C32220F91D45A4CE2FC2301CF	59B22764181C475D824B3847F1FC4F2E3EA726C62618AB02D8691B028031CC55	AE9B0EEE540CC07AA3D3FE45D445B0C71815E95D7D461C6AB615903532705D09
G06	6	194	91206194	R1	4.61799281479342	27.5382038226563	0.0044800000000000005	-0.0014270429094067503	0.38299560546875	0	-0.004799999999999999	0.0019200000000000016	False	0.004480000000000001	0.001953125	8.673617379884035e-19	False	1332264.0	40443.0	366.4825735	3176153088.0	world_g06_n194.mat	24B2DAB7BD33217B1C1AB741881D9218F56624C4B004940E791BACD7D3A1A29E	59B22764181C475D824B3847F1FC4F2E3EA726C62618AB02D8691B028031CC55	AE9B0EEE540CC07AA3D3FE45D445B0C71815E95D7D461C6AB615903532705D09
G06	6	194	91206194	R2	4.61799281479342	27.5382038226563	0.0044800000000000005	0.0018382509602196601	0.281494140625	0	-0.0018199999999999987	0.005490000000000002	False	0.004480000000000001	0.135498046875	8.673617379884035e-19	True	1332264.0	40443.0	366.4825735	3176153088.0	world_g06_n194.mat	24B2DAB7BD33217B1C1AB741881D9218F56624C4B004940E791BACD7D3A1A29E	59B22764181C475D824B3847F1FC4F2E3EA726C62618AB02D8691B028031CC55	AE9B0EEE540CC07AA3D3FE45D445B0C71815E95D7D461C6AB615903532705D09
G06	6	195	91206195	R1	4.61799281479342	27.5382038226563	0.0044800000000000005	0.00026627512760494024	0.85015869140625	0	-0.0027399999999999994	0.0032900000000000013	False	0.004480000000000001	0.0111083984375	8.673617379884035e-19	False	1332264.0	40009.0	365.0716884	3175206912.0	world_g06_n195.mat	98F2CBEC3304241D10DCB56929F69B239B5A3410115D2D6F290710B7F6B77765	59B22764181C475D824B3847F1FC4F2E3EA726C62618AB02D8691B028031CC55	AE9B0EEE540CC07AA3D3FE45D445B0C71815E95D7D461C6AB615903532705D09
G06	6	195	91206195	R2	4.61799281479342	27.5382038226563	0.0044800000000000005	-0.002872784279242659	0.21044921875	0	-0.007689999999999999	0.0019300000000000012	False	0.004480000000000001	0.001953125	8.673617379884035e-19	False	1332264.0	40009.0	365.0716884	3175206912.0	world_g06_n195.mat	98F2CBEC3304241D10DCB56929F69B239B5A3410115D2D6F290710B7F6B77765	59B22764181C475D824B3847F1FC4F2E3EA726C62618AB02D8691B028031CC55	AE9B0EEE540CC07AA3D3FE45D445B0C71815E95D7D461C6AB615903532705D09
G06	6	196	91206196	R1	4.61799281479342	27.5382038226563	0.0044800000000000005	0.0004648863319785465	0.7540283203125	0	-0.002659999999999999	0.00358	False	0.004480000000000001	0.014373779296875	8.673617379884035e-19	False	1332264.0	40107.0	366.5682027	3163734016.0	world_g06_n196.mat	7FA41AD4B492E5940F5195492FDEE82C9FEBE264A874A5BE93DBD33F83842AC6	59B22764181C475D824B3847F1FC4F2E3EA726C62618AB02D8691B028031CC55	AE9B0EEE540CC07AA3D3FE45D445B0C71815E95D7D461C6AB615903532705D09
G06	6	196	91206196	R2	4.61799281479342	27.5382038226563	0.0044800000000000005	-0.00025273623497578437	0.88818359375	0	-0.0037300000000000007	0.0033700000000000015	False	0.004480000000000001	0.017822265625	8.673617379884035e-19	False	1332264.0	40107.0	366.5682027	3163734016.0	world_g06_n196.mat	7FA41AD4B492E5940F5195492FDEE82C9FEBE264A874A5BE93DBD33F83842AC6	59B22764181C475D824B3847F1FC4F2E3EA726C62618AB02D8691B028031CC55	AE9B0EEE540CC07AA3D3FE45D445B0C71815E95D7D461C6AB615903532705D09
G06	6	197	91206197	R1	4.61799281479342	27.5382038226563	0.0044800000000000005	0.0023617891039410073	0.095001220703125	0	-0.0004799999999999978	0.0051	False	0.004480000000000001	0.13873291015625	8.673617379884035e-19	True	1332264.0	40044.0	368.8673105	3174047744.0	world_g06_n197.mat	150ECF2AE004A286AD2C960506D463AF9BF9121BF9ED46B372233325637CD923	59B22764181C475D824B3847F1FC4F2E3EA726C62618AB02D8691B028031CC55	AE9B0EEE540CC07AA3D3FE45D445B0C71815E95D7D461C6AB615903532705D09
G06	6	197	91206197	R2	4.61799281479342	27.5382038226563	0.0044800000000000005	0.0031821727601693693	0.04443359375	1	8.000000000000021e-05	0.006400000000000003	False	0.004480000000000001	0.387939453125	8.673617379884035e-19	True	1332264.0	40044.0	368.8673105	3174047744.0	world_g06_n197.mat	150ECF2AE004A286AD2C960506D463AF9BF9121BF9ED46B372233325637CD923	59B22764181C475D824B3847F1FC4F2E3EA726C62618AB02D8691B028031CC55	AE9B0EEE540CC07AA3D3FE45D445B0C71815E95D7D461C6AB615903532705D09
G06	6	198	91206198	R1	4.61799281479342	27.5382038226563	0.0044800000000000005	-0.0028245411872209886	0.128692626953125	0	-0.006579999999999999	0.0009500000000000029	False	0.004480000000000001	0.0013427734375	8.673617379884035e-19	False	1332264.0	40103.0	368.1923706	3172167680.0	world_g06_n198.mat	BDB6302F5ED43DE5F7DDCD43CCC2E70ACAF28F3DA716C1423080111F8EF1B5E7	59B22764181C475D824B3847F1FC4F2E3EA726C62618AB02D8691B028031CC55	AE9B0EEE540CC07AA3D3FE45D445B0C71815E95D7D461C6AB615903532705D09
G06	6	198	91206198	R2	4.61799281479342	27.5382038226563	0.0044800000000000005	0.0010727151832621072	0.539794921875	0	-0.0026999999999999975	0.004870000000000003	False	0.004480000000000001	0.0712890625	8.673617379884035e-19	True	1332264.0	40103.0	368.1923706	3172167680.0	world_g06_n198.mat	BDB6302F5ED43DE5F7DDCD43CCC2E70ACAF28F3DA716C1423080111F8EF1B5E7	59B22764181C475D824B3847F1FC4F2E3EA726C62618AB02D8691B028031CC55	AE9B0EEE540CC07AA3D3FE45D445B0C71815E95D7D461C6AB615903532705D09
G06	6	199	91206199	R1	4.61799281479342	27.5382038226563	0.0044800000000000005	-0.002373360003850647	0.145538330078125	0	-0.005679999999999999	0.0009000000000000015	False	0.004480000000000001	0.000457763671875	8.673617379884035e-19	False	1332264.0	40431.0	367.9223512	3172151296.0	world_g06_n199.mat	9DA3489F4AE0771DB0EB03D755B6DD4638BE5C6D950B8B4C3CF8D247CA85A8B5	59B22764181C475D824B3847F1FC4F2E3EA726C62618AB02D8691B028031CC55	AE9B0EEE540CC07AA3D3FE45D445B0C71815E95D7D461C6AB615903532705D09
G06	6	199	91206199	R2	4.61799281479342	27.5382038226563	0.0044800000000000005	-0.004591617701287538	0.032958984375	1	-0.00861	-0.00034	False	0.004480000000000001	0.001708984375	8.673617379884035e-19	False	1332264.0	40431.0	367.9223512	3172151296.0	world_g06_n199.mat	9DA3489F4AE0771DB0EB03D755B6DD4638BE5C6D950B8B4C3CF8D247CA85A8B5	59B22764181C475D824B3847F1FC4F2E3EA726C62618AB02D8691B028031CC55	AE9B0EEE540CC07AA3D3FE45D445B0C71815E95D7D461C6AB615903532705D09
G06	6	200	91206200	R1	4.61799281479342	27.5382038226563	0.0044800000000000005	0.0005079252207244864	0.777801513671875	0	-0.002829999999999999	0.003530000000000002	False	0.004480000000000001	0.00885009765625	8.673617379884035e-19	False	1332264.0	40103.0	365.9656253	3173101568.0	world_g06_n200.mat	DFF5D43836938B6A061D1B6209E06DCB3849F9F01423ED678814BD3E992FBCED	59B22764181C475D824B3847F1FC4F2E3EA726C62618AB02D8691B028031CC55	AE9B0EEE540CC07AA3D3FE45D445B0C71815E95D7D461C6AB615903532705D09
G06	6	200	91206200	R2	4.61799281479342	27.5382038226563	0.0044800000000000005	0.00187534699306152	0.4833984375	0	-0.004029999999999999	0.007810000000000001	False	0.004480000000000001	0.34521484375	8.673617379884035e-19	True	1332264.0	40103.0	365.9656253	3173101568.0	world_g06_n200.mat	DFF5D43836938B6A061D1B6209E06DCB3849F9F01423ED678814BD3E992FBCED	59B22764181C475D824B3847F1FC4F2E3EA726C62618AB02D8691B028031CC55	AE9B0EEE540CC07AA3D3FE45D445B0C71815E95D7D461C6AB615903532705D09
G06	6	201	91206201	R1	4.61799281479342	27.5382038226563	0.0044800000000000005	0.0020629890662427672	0.388031005859375	0	-0.002489999999999999	0.006820000000000003	False	0.004480000000000001	0.295989990234375	8.673617379884035e-19	True	1332264.0	40350.0	370.3853212	3160633344.0	world_g06_n201.mat	61DFB2D2C88C0E6194FF8DCEE4460D36FA2D1B3C227A84402433C65395B5014D	59B22764181C475D824B3847F1FC4F2E3EA726C62618AB02D8691B028031CC55	AE9B0EEE540CC07AA3D3FE45D445B0C71815E95D7D461C6AB615903532705D09
G06	6	201	91206201	R2	4.61799281479342	27.5382038226563	0.0044800000000000005	-0.0020086437708993436	0.405029296875	0	-0.0072	0.0032200000000000006	False	0.004480000000000001	0.0205078125	8.673617379884035e-19	False	1332264.0	40350.0	370.3853212	3160633344.0	world_g06_n201.mat	61DFB2D2C88C0E6194FF8DCEE4460D36FA2D1B3C227A84402433C65395B5014D	59B22764181C475D824B3847F1FC4F2E3EA726C62618AB02D8691B028031CC55	AE9B0EEE540CC07AA3D3FE45D445B0C71815E95D7D461C6AB615903532705D09
G06	6	202	91206202	R1	4.61799281479342	27.5382038226563	0.0044800000000000005	9.272066907694518e-05	0.95770263671875	0	-0.0036699999999999997	0.003840000000000003	False	0.004480000000000001	0.024383544921875	8.673617379884035e-19	False	1332264.0	40464.0	365.142453	3174150144.0	world_g06_n202.mat	A20CC174762F8945A4E291F7329B5FF97C70DFD08EF34F786FFDE38F71056ABF	59B22764181C475D824B3847F1FC4F2E3EA726C62618AB02D8691B028031CC55	AE9B0EEE540CC07AA3D3FE45D445B0C71815E95D7D461C6AB615903532705D09
G06	6	202	91206202	R2	4.61799281479342	27.5382038226563	0.0044800000000000005	-0.002065166957157345	0.178955078125	0	-0.005049999999999999	0.001170000000000001	False	0.004480000000000001	0.002685546875	8.673617379884035e-19	False	1332264.0	40464.0	365.142453	3174150144.0	world_g06_n202.mat	A20CC174762F8945A4E291F7329B5FF97C70DFD08EF34F786FFDE38F71056ABF	59B22764181C475D824B3847F1FC4F2E3EA726C62618AB02D8691B028031CC55	AE9B0EEE540CC07AA3D3FE45D445B0C71815E95D7D461C6AB615903532705D09
G06	6	203	91206203	R1	4.61799281479342	27.5382038226563	0.0044800000000000005	-0.0011712456716957151	0.5404052734375	0	-0.005179999999999999	0.0027700000000000016	False	0.004480000000000001	0.007415771484375	8.673617379884035e-19	False	1332264.0	39826.0	363.7478894	3174219776.0	world_g06_n203.mat	C67E57F647DBC32563829CCEB279CCD5278EAAB5418D774EFEE2650B9F7EF02C	59B22764181C475D824B3847F1FC4F2E3EA726C62618AB02D8691B028031CC55	AE9B0EEE540CC07AA3D3FE45D445B0C71815E95D7D461C6AB615903532705D09
G06	6	203	91206203	R2	4.61799281479342	27.5382038226563	0.0044800000000000005	0.0028532219068006367	0.0263671875	1	0.00034	0.00553	False	0.004480000000000001	0.22802734375	8.673617379884035e-19	True	1332264.0	39826.0	363.7478894	3174219776.0	world_g06_n203.mat	C67E57F647DBC32563829CCEB279CCD5278EAAB5418D774EFEE2650B9F7EF02C	59B22764181C475D824B3847F1FC4F2E3EA726C62618AB02D8691B028031CC55	AE9B0EEE540CC07AA3D3FE45D445B0C71815E95D7D461C6AB615903532705D09
G06	6	204	91206204	R1	4.61799281479342	27.5382038226563	0.0044800000000000005	-0.0007234770520510684	0.662200927734375	0	-0.00425	0.002820000000000003	False	0.004480000000000001	0.00811767578125	8.673617379884035e-19	False	1332264.0	40618.0	367.5567471	3174113280.0	world_g06_n204.mat	4B2379DCB5535099A1F4899B890F8D90EE93B81F28D13C5567355CB0082BD92A	59B22764181C475D824B3847F1FC4F2E3EA726C62618AB02D8691B028031CC55	AE9B0EEE540CC07AA3D3FE45D445B0C71815E95D7D461C6AB615903532705D09
G06	6	204	91206204	R2	4.61799281479342	27.5382038226563	0.0044800000000000005	0.001996343207890151	0.1318359375	0	-0.0007199999999999984	0.004700000000000003	False	0.004480000000000001	0.06982421875	8.673617379884035e-19	True	1332264.0	40618.0	367.5567471	3174113280.0	world_g06_n204.mat	4B2379DCB5535099A1F4899B890F8D90EE93B81F28D13C5567355CB0082BD92A	59B22764181C475D824B3847F1FC4F2E3EA726C62618AB02D8691B028031CC55	AE9B0EEE540CC07AA3D3FE45D445B0C71815E95D7D461C6AB615903532705D09
G06	6	205	91206205	R1	4.61799281479342	27.5382038226563	0.0044800000000000005	-0.0013874528907056398	0.423614501953125	0	-0.00507	0.0022600000000000016	False	0.004480000000000001	0.00421142578125	8.673617379884035e-19	False	1332264.0	40191.0	364.8574457	3174117376.0	world_g06_n205.mat	354754CE39E966D65C6882020042724B93060386649834DFC17A770B8DB116A4	59B22764181C475D824B3847F1FC4F2E3EA726C62618AB02D8691B028031CC55	AE9B0EEE540CC07AA3D3FE45D445B0C71815E95D7D461C6AB615903532705D09
G06	6	205	91206205	R2	4.61799281479342	27.5382038226563	0.0044800000000000005	-0.0010296905596269394	0.61474609375	0	-0.00541	0.0033500000000000023	False	0.004480000000000001	0.013671875	8.673617379884035e-19	False	1332264.0	40191.0	364.8574457	3174117376.0	world_g06_n205.mat	354754CE39E966D65C6882020042724B93060386649834DFC17A770B8DB116A4	59B22764181C475D824B3847F1FC4F2E3EA726C62618AB02D8691B028031CC55	AE9B0EEE540CC07AA3D3FE45D445B0C71815E95D7D461C6AB615903532705D09
G06	6	206	91206206	R1	4.61799281479342	27.5382038226563	0.0044800000000000005	-0.0003356930718000982	0.8497314453125	0	-0.004029999999999999	0.00341	False	0.004480000000000001	0.01629638671875	8.673617379884035e-19	False	1332264.0	40317.0	364.3563262	3163631616.0	world_g06_n206.mat	552FD0398DBA2A3F3BB86C5C21DE4FA19B08AA510C757774D3D3BB5B7C23955F	59B22764181C475D824B3847F1FC4F2E3EA726C62618AB02D8691B028031CC55	AE9B0EEE540CC07AA3D3FE45D445B0C71815E95D7D461C6AB615903532705D09
G06	6	206	91206206	R2	4.61799281479342	27.5382038226563	0.0044800000000000005	-0.0006374853633006448	0.70947265625	0	-0.004409999999999999	0.003160000000000003	False	0.004480000000000001	0.01025390625	8.673617379884035e-19	False	1332264.0	40317.0	364.3563262	3163631616.0	world_g06_n206.mat	552FD0398DBA2A3F3BB86C5C21DE4FA19B08AA510C757774D3D3BB5B7C23955F	59B22764181C475D824B3847F1FC4F2E3EA726C62618AB02D8691B028031CC55	AE9B0EEE540CC07AA3D3FE45D445B0C71815E95D7D461C6AB615903532705D09
G06	6	207	91206207	R1	4.61799281479342	27.5382038226563	0.0044800000000000005	0.0003442418529554143	0.836151123046875	0	-0.0032499999999999994	0.003960000000000002	False	0.004480000000000001	0.02642822265625	8.673617379884035e-19	False	1332264.0	40184.0	367.8004504	3175079936.0	world_g06_n207.mat	2C03AEB5CB14926858097AF26981A5B8305443E8C439DD7F2A3CABBAD1B38198	59B22764181C475D824B3847F1FC4F2E3EA726C62618AB02D8691B028031CC55	AE9B0EEE540CC07AA3D3FE45D445B0C71815E95D7D461C6AB615903532705D09
G06	6	207	91206207	R2	4.61799281479342	27.5382038226563	0.0044800000000000005	0.0037103495639609135	0.048095703125	1	3.0000000000002247e-05	0.007530000000000002	False	0.004480000000000001	0.660888671875	8.673617379884035e-19	True	1332264.0	40184.0	367.8004504	3175079936.0	world_g06_n207.mat	2C03AEB5CB14926858097AF26981A5B8305443E8C439DD7F2A3CABBAD1B38198	59B22764181C475D824B3847F1FC4F2E3EA726C62618AB02D8691B028031CC55	AE9B0EEE540CC07AA3D3FE45D445B0C71815E95D7D461C6AB615903532705D09
G06	6	208	91206208	R1	4.61799281479342	27.5382038226563	0.0044800000000000005	-0.0030659053364083177	0.040771484375	1	-0.005949999999999999	-0.00016000000000000042	False	0.004480000000000001	0.0001220703125	8.673617379884035e-19	False	1332264.0	40022.0	367.721318	3176026112.0	world_g06_n208.mat	55944BF91D88CB4481F50C11EE32A6E6F6D86FC7C9537CE6DF779D613C24BA13	59B22764181C475D824B3847F1FC4F2E3EA726C62618AB02D8691B028031CC55	AE9B0EEE540CC07AA3D3FE45D445B0C71815E95D7D461C6AB615903532705D09
G06	6	208	91206208	R2	4.61799281479342	27.5382038226563	0.0044800000000000005	-0.0011426281950366337	0.309326171875	0	-0.003459999999999998	0.001230000000000002	False	0.004480000000000001	0.0009765625	8.673617379884035e-19	False	1332264.0	40022.0	367.721318	3176026112.0	world_g06_n208.mat	55944BF91D88CB4481F50C11EE32A6E6F6D86FC7C9537CE6DF779D613C24BA13	59B22764181C475D824B3847F1FC4F2E3EA726C62618AB02D8691B028031CC55	AE9B0EEE540CC07AA3D3FE45D445B0C71815E95D7D461C6AB615903532705D09
G06	6	209	91206209	R1	4.61799281479342	27.5382038226563	0.0044800000000000005	0.0029620939835035345	0.21270751953125	0	-0.001749999999999998	0.007800000000000001	False	0.004480000000000001	0.5091552734375	8.673617379884035e-19	True	1332264.0	40138.0	366.5808988	3174875136.0	world_g06_n209.mat	8A09784CD42F05C66122C168F7575838D4606ADB4D9540E1DC1034CB1C86072D	59B22764181C475D824B3847F1FC4F2E3EA726C62618AB02D8691B028031CC55	AE9B0EEE540CC07AA3D3FE45D445B0C71815E95D7D461C6AB615903532705D09
G06	6	209	91206209	R2	4.61799281479342	27.5382038226563	0.0044800000000000005	0.0020879764100844695	0.30029296875	0	-0.00221	0.006190000000000001	False	0.004480000000000001	0.254150390625	8.673617379884035e-19	True	1332264.0	40138.0	366.5808988	3174875136.0	world_g06_n209.mat	8A09784CD42F05C66122C168F7575838D4606ADB4D9540E1DC1034CB1C86072D	59B22764181C475D824B3847F1FC4F2E3EA726C62618AB02D8691B028031CC55	AE9B0EEE540CC07AA3D3FE45D445B0C71815E95D7D461C6AB615903532705D09
G06	6	210	91206210	R1	4.61799281479342	27.5382038226563	0.0044800000000000005	-0.003137779702490122	0.1329345703125	0	-0.007379999999999999	0.0010700000000000015	False	0.004480000000000001	0.000946044921875	8.673617379884035e-19	False	1332264.0	40584.0	368.8589828	3175759872.0	world_g06_n210.mat	4F21897CB2197E876A96BA6B5C49BB27BB830DF8F04B66977EFA77B8ACCD00BB	59B22764181C475D824B3847F1FC4F2E3EA726C62618AB02D8691B028031CC55	AE9B0EEE540CC07AA3D3FE45D445B0C71815E95D7D461C6AB615903532705D09
G06	6	210	91206210	R2	4.61799281479342	27.5382038226563	0.0044800000000000005	0.0002564999594506643	0.86181640625	0	-0.002919999999999999	0.0034300000000000025	False	0.004480000000000001	0.015625	8.673617379884035e-19	False	1332264.0	40584.0	368.8589828	3175759872.0	world_g06_n210.mat	4F21897CB2197E876A96BA6B5C49BB27BB830DF8F04B66977EFA77B8ACCD00BB	59B22764181C475D824B3847F1FC4F2E3EA726C62618AB02D8691B028031CC55	AE9B0EEE540CC07AA3D3FE45D445B0C71815E95D7D461C6AB615903532705D09
G06	6	211	91206211	R1	4.61799281479342	27.5382038226563	0.0044800000000000005	-0.0004448125325897723	0.796783447265625	0	-0.003979999999999997	0.0029700000000000004	False	0.004480000000000001	0.00677490234375	8.673617379884035e-19	False	1332264.0	40228.0	365.249124	3163455488.0	world_g06_n211.mat	CD6ADA1B7444CF93F4B838DFCCF0E72D542D1098B141C29177D1B930030B00BB	59B22764181C475D824B3847F1FC4F2E3EA726C62618AB02D8691B028031CC55	AE9B0EEE540CC07AA3D3FE45D445B0C71815E95D7D461C6AB615903532705D09
G06	6	211	91206211	R2	4.61799281479342	27.5382038226563	0.0044800000000000005	-0.004035432556539504	0.136962890625	0	-0.00951	0.0016000000000000007	False	0.004480000000000001	0.008544921875	8.673617379884035e-19	False	1332264.0	40228.0	365.249124	3163455488.0	world_g06_n211.mat	CD6ADA1B7444CF93F4B838DFCCF0E72D542D1098B141C29177D1B930030B00BB	59B22764181C475D824B3847F1FC4F2E3EA726C62618AB02D8691B028031CC55	AE9B0EEE540CC07AA3D3FE45D445B0C71815E95D7D461C6AB615903532705D09
G06	6	212	91206212	R1	4.61799281479342	27.5382038226563	0.0044800000000000005	-0.00078158315687367	0.66302490234375	0	-0.004499999999999999	0.00298	False	0.004480000000000001	0.0093994140625	8.673617379884035e-19	False	1332264.0	40049.0	367.5803259	3172384768.0	world_g06_n212.mat	34889161D83EA8DB557F6B589BF96EC22743C9F0BBE455DFAA09C6CA68EEC749	59B22764181C475D824B3847F1FC4F2E3EA726C62618AB02D8691B028031CC55	AE9B0EEE540CC07AA3D3FE45D445B0C71815E95D7D461C6AB615903532705D09
G06	6	212	91206212	R2	4.61799281479342	27.5382038226563	0.0044800000000000005	-0.002343341172329215	0.1259765625	0	-0.005469999999999999	0.0006400000000000017	False	0.004480000000000001	0.000244140625	8.673617379884035e-19	False	1332264.0	40049.0	367.5803259	3172384768.0	world_g06_n212.mat	34889161D83EA8DB557F6B589BF96EC22743C9F0BBE455DFAA09C6CA68EEC749	59B22764181C475D824B3847F1FC4F2E3EA726C62618AB02D8691B028031CC55	AE9B0EEE540CC07AA3D3FE45D445B0C71815E95D7D461C6AB615903532705D09
G06	6	213	91206213	R1	4.61799281479342	27.5382038226563	0.0044800000000000005	-0.0008122088616167482	0.62957763671875	0	-0.004419999999999999	0.0028300000000000027	False	0.004480000000000001	0.0091552734375	8.673617379884035e-19	False	1332264.0	40222.0	368.1468295	3173380096.0	world_g06_n213.mat	BBA8DE9CFE1F8A142437AA854B08039C873FA8ED8E055E9A8649BE61AAD3A367	59B22764181C475D824B3847F1FC4F2E3EA726C62618AB02D8691B028031CC55	AE9B0EEE540CC07AA3D3FE45D445B0C71815E95D7D461C6AB615903532705D09
G06	6	213	91206213	R2	4.61799281479342	27.5382038226563	0.0044800000000000005	0.0008525106036515683	0.72216796875	0	-0.0034999999999999996	0.005770000000000001	False	0.004480000000000001	0.126953125	8.673617379884035e-19	True	1332264.0	40222.0	368.1468295	3173380096.0	world_g06_n213.mat	BBA8DE9CFE1F8A142437AA854B08039C873FA8ED8E055E9A8649BE61AAD3A367	59B22764181C475D824B3847F1FC4F2E3EA726C62618AB02D8691B028031CC55	AE9B0EEE540CC07AA3D3FE45D445B0C71815E95D7D461C6AB615903532705D09
G06	6	214	91206214	R1	4.61799281479342	27.5382038226563	0.0044800000000000005	-0.000699316255007277	0.729888916015625	0	-0.005039999999999999	0.003640000000000001	False	0.004480000000000001	0.0223388671875	8.673617379884035e-19	False	1332264.0	39909.0	366.5767899	3172388864.0	world_g06_n214.mat	CDE6D1667489C26A21974462246E5EB33A44FF1DA34E0643E2C178ECDD9B7E32	59B22764181C475D824B3847F1FC4F2E3EA726C62618AB02D8691B028031CC55	AE9B0EEE540CC07AA3D3FE45D445B0C71815E95D7D461C6AB615903532705D09
G06	6	214	91206214	R2	4.61799281479342	27.5382038226563	0.0044800000000000005	-0.0009264692774766404	0.650634765625	0	-0.0052899999999999996	0.0032200000000000006	False	0.004480000000000001	0.010986328125	8.673617379884035e-19	False	1332264.0	39909.0	366.5767899	3172388864.0	world_g06_n214.mat	CDE6D1667489C26A21974462246E5EB33A44FF1DA34E0643E2C178ECDD9B7E32	59B22764181C475D824B3847F1FC4F2E3EA726C62618AB02D8691B028031CC55	AE9B0EEE540CC07AA3D3FE45D445B0C71815E95D7D461C6AB615903532705D09
G06	6	215	91206215	R1	4.61799281479342	27.5382038226563	0.0044800000000000005	-0.0022264286097629375	0.193267822265625	0	-0.005559999999999999	0.001230000000000002	False	0.004480000000000001	0.001708984375	8.673617379884035e-19	False	1332264.0	39899.0	371.7411089	3173339136.0	world_g06_n215.mat	DE346F53F575634B07A915171337A52030AC6CC387AE2709937BBBF168F3FED7	59B22764181C475D824B3847F1FC4F2E3EA726C62618AB02D8691B028031CC55	AE9B0EEE540CC07AA3D3FE45D445B0C71815E95D7D461C6AB615903532705D09
G06	6	215	91206215	R2	4.61799281479342	27.5382038226563	0.0044800000000000005	0.00017999555394868435	0.905029296875	0	-0.003179999999999999	0.003550000000000001	False	0.004480000000000001	0.01708984375	8.673617379884035e-19	False	1332264.0	39899.0	371.7411089	3173339136.0	world_g06_n215.mat	DE346F53F575634B07A915171337A52030AC6CC387AE2709937BBBF168F3FED7	59B22764181C475D824B3847F1FC4F2E3EA726C62618AB02D8691B028031CC55	AE9B0EEE540CC07AA3D3FE45D445B0C71815E95D7D461C6AB615903532705D09
G06	6	216	91206216	R1	4.61799281479342	27.5382038226563	0.0044800000000000005	-0.002556575397757075	0.009307861328125	1	-0.0043300000000000005	-0.0007699999999999999	False	0.004480000000000001	3.0517578125e-05	8.673617379884035e-19	False	1332264.0	40395.0	371.6361521	3160928256.0	world_g06_n216.mat	08D77DB63DE8CA65A28185F995435F7904FF4A204BE8F1C8247A447D42417B5E	59B22764181C475D824B3847F1FC4F2E3EA726C62618AB02D8691B028031CC55	AE9B0EEE540CC07AA3D3FE45D445B0C71815E95D7D461C6AB615903532705D09
G06	6	216	91206216	R2	4.61799281479342	27.5382038226563	0.0044800000000000005	-0.004606469758245907	0.01171875	1	-0.00783	-0.0013299999999999979	False	0.004480000000000001	0.000732421875	8.673617379884035e-19	False	1332264.0	40395.0	371.6361521	3160928256.0	world_g06_n216.mat	08D77DB63DE8CA65A28185F995435F7904FF4A204BE8F1C8247A447D42417B5E	59B22764181C475D824B3847F1FC4F2E3EA726C62618AB02D8691B028031CC55	AE9B0EEE540CC07AA3D3FE45D445B0C71815E95D7D461C6AB615903532705D09
G06	6	217	91206217	R1	4.61799281479342	27.5382038226563	0.0044800000000000005	0.000663284732369633	0.548095703125	0	-0.0016499999999999987	0.002930000000000002	False	0.004480000000000001	0.002593994140625	8.673617379884035e-19	False	1332264.0	40311.0	368.8423567	3178242048.0	world_g06_n217.mat	6E8BC7C4055C2A47E05DC4CDF806208127F05777BC12D0DAC25A6DCF6E7B4682	59B22764181C475D824B3847F1FC4F2E3EA726C62618AB02D8691B028031CC55	AE9B0EEE540CC07AA3D3FE45D445B0C71815E95D7D461C6AB615903532705D09
G06	6	217	91206217	R2	4.61799281479342	27.5382038226563	0.0044800000000000005	0.005227692168317441	0.001953125	1	0.00247	0.007930000000000003	False	0.004480000000000001	0.55859375	8.673617379884035e-19	True	1332264.0	40311.0	368.8423567	3178242048.0	world_g06_n217.mat	6E8BC7C4055C2A47E05DC4CDF806208127F05777BC12D0DAC25A6DCF6E7B4682	59B22764181C475D824B3847F1FC4F2E3EA726C62618AB02D8691B028031CC55	AE9B0EEE540CC07AA3D3FE45D445B0C71815E95D7D461C6AB615903532705D09
G06	6	218	91206218	R1	4.61799281479342	27.5382038226563	0.0044800000000000005	0.0007430278535355848	0.56634521484375	0	-0.0019099999999999985	0.003420000000000003	False	0.004480000000000001	0.01068115234375	8.673617379884035e-19	False	1332264.0	39909.0	366.7422459	3178020864.0	world_g06_n218.mat	2D1415FC9910446FDCC0425F69BB5848EE5972AB6E92762A7EF4045CA58D6C42	59B22764181C475D824B3847F1FC4F2E3EA726C62618AB02D8691B028031CC55	AE9B0EEE540CC07AA3D3FE45D445B0C71815E95D7D461C6AB615903532705D09
G06	6	218	91206218	R2	4.61799281479342	27.5382038226563	0.0044800000000000005	8.447755287139997e-05	0.956787109375	0	-0.0032999999999999974	0.0034500000000000017	False	0.004480000000000001	0.01708984375	8.673617379884035e-19	False	1332264.0	39909.0	366.7422459	3178020864.0	world_g06_n218.mat	2D1415FC9910446FDCC0425F69BB5848EE5972AB6E92762A7EF4045CA58D6C42	59B22764181C475D824B3847F1FC4F2E3EA726C62618AB02D8691B028031CC55	AE9B0EEE540CC07AA3D3FE45D445B0C71815E95D7D461C6AB615903532705D09
G06	6	219	91206219	R1	4.61799281479342	27.5382038226563	0.0044800000000000005	-0.00017397815099213203	0.86993408203125	0	-0.0024399999999999977	0.0020900000000000016	False	0.004480000000000001	0.000762939453125	8.673617379884035e-19	False	1332264.0	40238.0	366.9631501	3178016768.0	world_g06_n219.mat	8857300C277200F1CA8733C6CC264A9FE1B60F26E39A5990EC3804694228B208	59B22764181C475D824B3847F1FC4F2E3EA726C62618AB02D8691B028031CC55	AE9B0EEE540CC07AA3D3FE45D445B0C71815E95D7D461C6AB615903532705D09
G06	6	219	91206219	R2	4.61799281479342	27.5382038226563	0.0044800000000000005	-0.0019087612251798144	0.256591796875	0	-0.00545	0.0015500000000000028	False	0.004480000000000001	0.00244140625	8.673617379884035e-19	False	1332264.0	40238.0	366.9631501	3178016768.0	world_g06_n219.mat	8857300C277200F1CA8733C6CC264A9FE1B60F26E39A5990EC3804694228B208	59B22764181C475D824B3847F1FC4F2E3EA726C62618AB02D8691B028031CC55	AE9B0EEE540CC07AA3D3FE45D445B0C71815E95D7D461C6AB615903532705D09
G06	6	220	91206220	R1	4.61799281479342	27.5382038226563	0.0044800000000000005	-0.0026341849913463964	0.06689453125	0	-0.0055899999999999995	0.0001799999999999996	False	0.004480000000000001	3.0517578125e-05	8.673617379884035e-19	False	1332264.0	40319.0	367.6658451	3177988096.0	world_g06_n220.mat	4E40B5795D8D9772F06D0045869AA7F190CD7410668BF370CEF8B87FE2305D87	59B22764181C475D824B3847F1FC4F2E3EA726C62618AB02D8691B028031CC55	AE9B0EEE540CC07AA3D3FE45D445B0C71815E95D7D461C6AB615903532705D09
G06	6	220	91206220	R2	4.61799281479342	27.5382038226563	0.0044800000000000005	-0.003265584321340934	0.143798828125	0	-0.00784	0.0013200000000000017	False	0.004480000000000001	0.003662109375	8.673617379884035e-19	False	1332264.0	40319.0	367.6658451	3177988096.0	world_g06_n220.mat	4E40B5795D8D9772F06D0045869AA7F190CD7410668BF370CEF8B87FE2305D87	59B22764181C475D824B3847F1FC4F2E3EA726C62618AB02D8691B028031CC55	AE9B0EEE540CC07AA3D3FE45D445B0C71815E95D7D461C6AB615903532705D09
G06	6	221	91206221	R1	4.61799281479342	27.5382038226563	0.0044800000000000005	-0.00012345188080990755	0.95880126953125	0	-0.00499	0.0045600000000000016	False	0.004480000000000001	0.053985595703125	8.673617379884035e-19	True	1332264.0	39972.0	368.3857533	3165585408.0	world_g06_n221.mat	A8E60738BBB1A7BA83C8D11D8AB7D8C08CC327698E70F6BE105D28DA1F68F716	59B22764181C475D824B3847F1FC4F2E3EA726C62618AB02D8691B028031CC55	AE9B0EEE540CC07AA3D3FE45D445B0C71815E95D7D461C6AB615903532705D09
G06	6	221	91206221	R2	4.61799281479342	27.5382038226563	0.0044800000000000005	-0.0008171435079053976	0.69189453125	0	-0.005179999999999999	0.003720000000000001	False	0.004480000000000001	0.024169921875	8.673617379884035e-19	False	1332264.0	39972.0	368.3857533	3165585408.0	world_g06_n221.mat	A8E60738BBB1A7BA83C8D11D8AB7D8C08CC327698E70F6BE105D28DA1F68F716	59B22764181C475D824B3847F1FC4F2E3EA726C62618AB02D8691B028031CC55	AE9B0EEE540CC07AA3D3FE45D445B0C71815E95D7D461C6AB615903532705D09
G06	6	222	91206222	R1	4.61799281479342	27.5382038226563	0.0044800000000000005	-0.0020629476038966474	0.197479248046875	0	-0.0053599999999999984	0.0012500000000000011	False	0.004480000000000001	0.00128173828125	8.673617379884035e-19	False	1332264.0	40144.0	366.7259816	3168899072.0	world_g06_n222.mat	75B3E133845B248559ED9D78CB1DA909BDCDD71D1A5CD92CBDD7C5EA635AB8DD	59B22764181C475D824B3847F1FC4F2E3EA726C62618AB02D8691B028031CC55	AE9B0EEE540CC07AA3D3FE45D445B0C71815E95D7D461C6AB615903532705D09
G06	6	222	91206222	R2	4.61799281479342	27.5382038226563	0.0044800000000000005	0.0011892645041229354	0.673828125	0	-0.0039900000000000005	0.0068000000000000005	False	0.004480000000000001	0.219970703125	8.673617379884035e-19	True	1332264.0	40144.0	366.7259816	3168899072.0	world_g06_n222.mat	75B3E133845B248559ED9D78CB1DA909BDCDD71D1A5CD92CBDD7C5EA635AB8DD	59B22764181C475D824B3847F1FC4F2E3EA726C62618AB02D8691B028031CC55	AE9B0EEE540CC07AA3D3FE45D445B0C71815E95D7D461C6AB615903532705D09
G06	6	223	91206223	R1	4.61799281479342	27.5382038226563	0.0044800000000000005	-0.0014512768732980908	0.4388427734375	0	-0.005179999999999999	0.002160000000000002	False	0.004480000000000001	0.002044677734375	8.673617379884035e-19	False	1332264.0	40157.0	366.0412694	3168935936.0	world_g06_n223.mat	2CFDBE295B8A151636A050AE00C8E24FB9EA4632EBDA81C9D5C064D6B56E611D	59B22764181C475D824B3847F1FC4F2E3EA726C62618AB02D8691B028031CC55	AE9B0EEE540CC07AA3D3FE45D445B0C71815E95D7D461C6AB615903532705D09
G06	6	223	91206223	R2	4.61799281479342	27.5382038226563	0.0044800000000000005	-0.0023461800721841734	0.125	0	-0.00549	0.0008100000000000017	False	0.004480000000000001	0.001953125	8.673617379884035e-19	False	1332264.0	40157.0	366.0412694	3168935936.0	world_g06_n223.mat	2CFDBE295B8A151636A050AE00C8E24FB9EA4632EBDA81C9D5C064D6B56E611D	59B22764181C475D824B3847F1FC4F2E3EA726C62618AB02D8691B028031CC55	AE9B0EEE540CC07AA3D3FE45D445B0C71815E95D7D461C6AB615903532705D09
G06	6	224	91206224	R1	4.61799281479342	27.5382038226563	0.0044800000000000005	-0.0014550210198678213	0.267120361328125	0	-0.004139999999999998	0.001170000000000001	False	0.004480000000000001	0.0003662109375	8.673617379884035e-19	False	1332264.0	39803.0	367.0861467	3168940032.0	world_g06_n224.mat	620CF0A4EAC6EDBBFB6BF1AAF561D228998F946036754E36F4E6B2D31A516EAD	59B22764181C475D824B3847F1FC4F2E3EA726C62618AB02D8691B028031CC55	AE9B0EEE540CC07AA3D3FE45D445B0C71815E95D7D461C6AB615903532705D09
G06	6	224	91206224	R2	4.61799281479342	27.5382038226563	0.0044800000000000005	0.0004422712541309715	0.775146484375	0	-0.0029	0.0038200000000000005	False	0.004480000000000001	0.024658203125	8.673617379884035e-19	False	1332264.0	39803.0	367.0861467	3168940032.0	world_g06_n224.mat	620CF0A4EAC6EDBBFB6BF1AAF561D228998F946036754E36F4E6B2D31A516EAD	59B22764181C475D824B3847F1FC4F2E3EA726C62618AB02D8691B028031CC55	AE9B0EEE540CC07AA3D3FE45D445B0C71815E95D7D461C6AB615903532705D09
G06	6	225	91206225	R1	4.61799281479342	27.5382038226563	0.0044800000000000005	2.2894723226292224e-05	0.98834228515625	0	-0.00332	0.00341	False	0.004480000000000001	0.01513671875	8.673617379884035e-19	False	1332264.0	40169.0	367.8504913	3168940032.0	world_g06_n225.mat	4F81BDA8AFB123FC8E3FE4749C14067CC1981F5904D6D47B68736E5CD351CA24	59B22764181C475D824B3847F1FC4F2E3EA726C62618AB02D8691B028031CC55	AE9B0EEE540CC07AA3D3FE45D445B0C71815E95D7D461C6AB615903532705D09
G06	6	225	91206225	R2	4.61799281479342	27.5382038226563	0.0044800000000000005	-0.0024801489948756824	0.144287109375	0	-0.006	0.0010100000000000005	False	0.004480000000000001	0.001220703125	8.673617379884035e-19	False	1332264.0	40169.0	367.8504913	3168940032.0	world_g06_n225.mat	4F81BDA8AFB123FC8E3FE4749C14067CC1981F5904D6D47B68736E5CD351CA24	59B22764181C475D824B3847F1FC4F2E3EA726C62618AB02D8691B028031CC55	AE9B0EEE540CC07AA3D3FE45D445B0C71815E95D7D461C6AB615903532705D09
G06	6	226	91206226	R1	4.61799281479342	27.5382038226563	0.0044800000000000005	-0.0044037883239710935	0.058074951171875	0	-0.009049999999999999	0.00015000000000000083	False	0.004480000000000001	6.103515625e-05	8.673617379884035e-19	False	1332264.0	40074.0	365.564929	3157471232.0	world_g06_n226.mat	9AB87EA9EA27806080E38EA8FC7C5A18247062595D8EBF178B95CE83FBC5A9AF	59B22764181C475D824B3847F1FC4F2E3EA726C62618AB02D8691B028031CC55	AE9B0EEE540CC07AA3D3FE45D445B0C71815E95D7D461C6AB615903532705D09
G06	6	226	91206226	R2	4.61799281479342	27.5382038226563	0.0044800000000000005	0.0005382700219720855	0.749755859375	0	-0.0032099999999999976	0.004210000000000002	False	0.004480000000000001	0.038330078125	8.673617379884035e-19	False	1332264.0	40074.0	365.564929	3157471232.0	world_g06_n226.mat	9AB87EA9EA27806080E38EA8FC7C5A18247062595D8EBF178B95CE83FBC5A9AF	59B22764181C475D824B3847F1FC4F2E3EA726C62618AB02D8691B028031CC55	AE9B0EEE540CC07AA3D3FE45D445B0C71815E95D7D461C6AB615903532705D09
G06	6	227	91206227	R1	4.61799281479342	27.5382038226563	0.0044800000000000005	3.2263822584221685e-05	0.981903076171875	0	-0.0029299999999999986	0.002990000000000003	False	0.004480000000000001	0.0067138671875	8.673617379884035e-19	False	1332264.0	39896.0	366.0074514	3150573568.0	world_g06_n227.mat	920689E7C48F7B67F4E4FBE786A446EC62936B5F92C7183FEEE8069ABBDBF446	59B22764181C475D824B3847F1FC4F2E3EA726C62618AB02D8691B028031CC55	AE9B0EEE540CC07AA3D3FE45D445B0C71815E95D7D461C6AB615903532705D09
G06	6	227	91206227	R2	4.61799281479342	27.5382038226563	0.0044800000000000005	-0.0008257700020517296	0.555908203125	0	-0.0038899999999999976	0.002170000000000002	False	0.004480000000000001	0.004150390625	8.673617379884035e-19	False	1332264.0	39896.0	366.0074514	3150573568.0	world_g06_n227.mat	920689E7C48F7B67F4E4FBE786A446EC62936B5F92C7183FEEE8069ABBDBF446	59B22764181C475D824B3847F1FC4F2E3EA726C62618AB02D8691B028031CC55	AE9B0EEE540CC07AA3D3FE45D445B0C71815E95D7D461C6AB615903532705D09
G06	6	228	91206228	R1	4.61799281479342	27.5382038226563	0.0044800000000000005	-0.0023544966243183134	0.2020263671875	0	-0.0060399999999999985	0.0013900000000000023	False	0.004480000000000001	0.001861572265625	8.673617379884035e-19	False	1332264.0	40134.0	368.061021	3150680064.0	world_g06_n228.mat	A858EA4A6B5661314DEC12851996C5E9A716167A15E81A3638549BCDAF0AA911	59B22764181C475D824B3847F1FC4F2E3EA726C62618AB02D8691B028031CC55	AE9B0EEE540CC07AA3D3FE45D445B0C71815E95D7D461C6AB615903532705D09
G06	6	228	91206228	R2	4.61799281479342	27.5382038226563	0.0044800000000000005	-0.0013836446696425665	0.500244140625	0	-0.005639999999999999	0.002510000000000002	False	0.004480000000000001	0.002197265625	8.673617379884035e-19	False	1332264.0	40134.0	368.061021	3150680064.0	world_g06_n228.mat	A858EA4A6B5661314DEC12851996C5E9A716167A15E81A3638549BCDAF0AA911	59B22764181C475D824B3847F1FC4F2E3EA726C62618AB02D8691B028031CC55	AE9B0EEE540CC07AA3D3FE45D445B0C71815E95D7D461C6AB615903532705D09
G06	6	229	91206229	R1	4.61799281479342	27.5382038226563	0.0044800000000000005	-0.0013868101357288757	0.23431396484375	0	-0.003769999999999999	0.0010299999999999997	False	0.004480000000000001	0.0003662109375	8.673617379884035e-19	False	1332264.0	40327.0	368.0058057	3151286272.0	world_g06_n229.mat	CFF93F4350212592DFBAA65ACC9260B29A17A6988FE75E2B253225556420B257	59B22764181C475D824B3847F1FC4F2E3EA726C62618AB02D8691B028031CC55	AE9B0EEE540CC07AA3D3FE45D445B0C71815E95D7D461C6AB615903532705D09
G06	6	229	91206229	R2	4.61799281479342	27.5382038226563	0.0044800000000000005	0.0007082830653281513	0.6279296875	0	-0.002519999999999998	0.00391	False	0.004480000000000001	0.02685546875	8.673617379884035e-19	False	1332264.0	40327.0	368.0058057	3151286272.0	world_g06_n229.mat	CFF93F4350212592DFBAA65ACC9260B29A17A6988FE75E2B253225556420B257	59B22764181C475D824B3847F1FC4F2E3EA726C62618AB02D8691B028031CC55	AE9B0EEE540CC07AA3D3FE45D445B0C71815E95D7D461C6AB615903532705D09
G06	6	230	91206230	R1	4.61799281479342	27.5382038226563	0.0044800000000000005	0.0014182657932683518	0.257049560546875	0	-0.0011699999999999974	0.004010000000000003	False	0.004480000000000001	0.02496337890625	8.673617379884035e-19	False	1332264.0	40108.0	368.2009057	3150450688.0	world_g06_n230.mat	BB75DF7B6444675CD40146398D119435A9439752828561CF14B9D1D9EAF816AE	59B22764181C475D824B3847F1FC4F2E3EA726C62618AB02D8691B028031CC55	AE9B0EEE540CC07AA3D3FE45D445B0C71815E95D7D461C6AB615903532705D09
G06	6	230	91206230	R2	4.61799281479342	27.5382038226563	0.0044800000000000005	0.002987799704095572	0.20166015625	0	-0.0018299999999999983	0.007800000000000001	False	0.004480000000000001	0.51806640625	8.673617379884035e-19	True	1332264.0	40108.0	368.2009057	3150450688.0	world_g06_n230.mat	BB75DF7B6444675CD40146398D119435A9439752828561CF14B9D1D9EAF816AE	59B22764181C475D824B3847F1FC4F2E3EA726C62618AB02D8691B028031CC55	AE9B0EEE540CC07AA3D3FE45D445B0C71815E95D7D461C6AB615903532705D09
G06	6	231	91206231	R1	4.61799281479342	27.5382038226563	0.0044800000000000005	-0.000686215659835989	0.720306396484375	0	-0.004709999999999999	0.0032600000000000025	False	0.004480000000000001	0.01318359375	8.673617379884035e-19	False	1332264.0	40273.0	367.6820558	3137966080.0	world_g06_n231.mat	0205CC3D71BD8A06ED93331FD457E25F0DCA7E5161B42F68F93ABAF62E6713D9	59B22764181C475D824B3847F1FC4F2E3EA726C62618AB02D8691B028031CC55	AE9B0EEE540CC07AA3D3FE45D445B0C71815E95D7D461C6AB615903532705D09
G06	6	231	91206231	R2	4.61799281479342	27.5382038226563	0.0044800000000000005	-0.0015548096698640669	0.388671875	0	-0.00541	0.002230000000000003	False	0.004480000000000001	0.005859375	8.673617379884035e-19	False	1332264.0	40273.0	367.6820558	3137966080.0	world_g06_n231.mat	0205CC3D71BD8A06ED93331FD457E25F0DCA7E5161B42F68F93ABAF62E6713D9	59B22764181C475D824B3847F1FC4F2E3EA726C62618AB02D8691B028031CC55	AE9B0EEE540CC07AA3D3FE45D445B0C71815E95D7D461C6AB615903532705D09
G06	6	232	91206232	R1	4.61799281479342	27.5382038226563	0.0044800000000000005	-0.0024203637464053148	0.080322265625	0	-0.00516	0.0003499999999999996	False	0.004480000000000001	0.00030517578125	8.673617379884035e-19	False	1332264.0	40297.0	375.0407021	3163185152.0	world_g06_n232.mat	FA7B6342EA11811B05A692448467B0D062BEBBF3E9123A683919D8EEA94327F2	59B22764181C475D824B3847F1FC4F2E3EA726C62618AB02D8691B028031CC55	AE9B0EEE540CC07AA3D3FE45D445B0C71815E95D7D461C6AB615903532705D09
G06	6	232	91206232	R2	4.61799281479342	27.5382038226563	0.0044800000000000005	-0.0037852234866158603	0.067138671875	0	-0.007949999999999999	0.00032000000000000084	False	0.004480000000000001	0.00048828125	8.673617379884035e-19	False	1332264.0	40297.0	375.0407021	3163185152.0	world_g06_n232.mat	FA7B6342EA11811B05A692448467B0D062BEBBF3E9123A683919D8EEA94327F2	59B22764181C475D824B3847F1FC4F2E3EA726C62618AB02D8691B028031CC55	AE9B0EEE540CC07AA3D3FE45D445B0C71815E95D7D461C6AB615903532705D09
G06	6	233	91206233	R1	4.61799281479342	27.5382038226563	0.0044800000000000005	-0.0012374030882830722	0.401031494140625	0	-0.00434	0.0018700000000000001	False	0.004480000000000001	0.001861572265625	8.673617379884035e-19	False	1332264.0	40013.0	371.0985043	3163275264.0	world_g06_n233.mat	F704542A558384AAB3E88FFB409E4A2968C6C633BF2A639B59233232082274F5	59B22764181C475D824B3847F1FC4F2E3EA726C62618AB02D8691B028031CC55	AE9B0EEE540CC07AA3D3FE45D445B0C71815E95D7D461C6AB615903532705D09
G06	6	233	91206233	R2	4.61799281479342	27.5382038226563	0.0044800000000000005	0.00025165505491373576	0.902099609375	0	-0.00408	0.004360000000000003	False	0.004480000000000001	0.04541015625	8.673617379884035e-19	False	1332264.0	40013.0	371.0985043	3163275264.0	world_g06_n233.mat	F704542A558384AAB3E88FFB409E4A2968C6C633BF2A639B59233232082274F5	59B22764181C475D824B3847F1FC4F2E3EA726C62618AB02D8691B028031CC55	AE9B0EEE540CC07AA3D3FE45D445B0C71815E95D7D461C6AB615903532705D09
G06	6	234	91206234	R1	4.61799281479342	27.5382038226563	0.0044800000000000005	-0.00574234645038755	0.00396728515625	1	-0.00947	-0.0020799999999999985	False	0.004480000000000001	9.1552734375e-05	8.673617379884035e-19	False	1332264.0	39984.0	373.8708404	3163209728.0	world_g06_n234.mat	3235E71098FBCCC9FA5B9188BCC235B399485448B3D6061BAF4C60AEB039317E	59B22764181C475D824B3847F1FC4F2E3EA726C62618AB02D8691B028031CC55	AE9B0EEE540CC07AA3D3FE45D445B0C71815E95D7D461C6AB615903532705D09
G06	6	234	91206234	R2	4.61799281479342	27.5382038226563	0.0044800000000000005	-0.002325417531736882	0.251953125	0	-0.006619999999999999	0.0017600000000000011	False	0.004480000000000001	0.00341796875	8.673617379884035e-19	False	1332264.0	39984.0	373.8708404	3163209728.0	world_g06_n234.mat	3235E71098FBCCC9FA5B9188BCC235B399485448B3D6061BAF4C60AEB039317E	59B22764181C475D824B3847F1FC4F2E3EA726C62618AB02D8691B028031CC55	AE9B0EEE540CC07AA3D3FE45D445B0C71815E95D7D461C6AB615903532705D09
G06	6	235	91206235	R1	4.61799281479342	27.5382038226563	0.0044800000000000005	-0.0005753056786237614	0.68267822265625	0	-0.0035600000000000007	0.0024300000000000016	False	0.004480000000000001	0.00390625	8.673617379884035e-19	False	1332264.0	40179.0	373.2783213	3163217920.0	world_g06_n235.mat	E9FD33BFC6B6E40F42F64C31B27A072F00273A28BCECBED58A01F1DA323D2D74	59B22764181C475D824B3847F1FC4F2E3EA726C62618AB02D8691B028031CC55	AE9B0EEE540CC07AA3D3FE45D445B0C71815E95D7D461C6AB615903532705D09
G06	6	235	91206235	R2	4.61799281479342	27.5382038226563	0.0044800000000000005	0.0007185338150201761	0.6708984375	0	-0.002999999999999999	0.0044500000000000026	False	0.004480000000000001	0.048828125	8.673617379884035e-19	False	1332264.0	40179.0	373.2783213	3163217920.0	world_g06_n235.mat	E9FD33BFC6B6E40F42F64C31B27A072F00273A28BCECBED58A01F1DA323D2D74	59B22764181C475D824B3847F1FC4F2E3EA726C62618AB02D8691B028031CC55	AE9B0EEE540CC07AA3D3FE45D445B0C71815E95D7D461C6AB615903532705D09
G06	6	236	91206236	R1	4.61799281479342	27.5382038226563	0.0044800000000000005	-0.0015328879687486817	0.25933837890625	0	-0.004309999999999998	0.0012500000000000011	False	0.004480000000000001	0.0006103515625	8.673617379884035e-19	False	1332264.0	39969.0	367.0877113	3151761408.0	world_g06_n236.mat	623EA11BFA75DA11F4D1D54EB3BFE67D4650768BD2597E49F29C33CB710BC8F6	59B22764181C475D824B3847F1FC4F2E3EA726C62618AB02D8691B028031CC55	AE9B0EEE540CC07AA3D3FE45D445B0C71815E95D7D461C6AB615903532705D09
G06	6	236	91206236	R2	4.61799281479342	27.5382038226563	0.0044800000000000005	-0.0009257800387739045	0.5068359375	0	-0.0039299999999999995	0.002100000000000001	False	0.004480000000000001	0.00244140625	8.673617379884035e-19	False	1332264.0	39969.0	367.0877113	3151761408.0	world_g06_n236.mat	623EA11BFA75DA11F4D1D54EB3BFE67D4650768BD2597E49F29C33CB710BC8F6	59B22764181C475D824B3847F1FC4F2E3EA726C62618AB02D8691B028031CC55	AE9B0EEE540CC07AA3D3FE45D445B0C71815E95D7D461C6AB615903532705D09
G06	6	237	91206237	R1	4.61799281479342	27.5382038226563	0.0044800000000000005	-0.0014836708502904256	0.324615478515625	0	-0.004619999999999999	0.0016700000000000013	False	0.004480000000000001	0.000244140625	8.673617379884035e-19	False	1332264.0	39857.0	366.6001978	3179130880.0	world_g06_n237.mat	64600BD2C600479E003EDC27198AB959E10A0EB8581CDE8A80E3BB3FE3013BF7	59B22764181C475D824B3847F1FC4F2E3EA726C62618AB02D8691B028031CC55	AE9B0EEE540CC07AA3D3FE45D445B0C71815E95D7D461C6AB615903532705D09
G06	6	237	91206237	R2	4.61799281479342	27.5382038226563	0.0044800000000000005	-0.0006232229540701791	0.60546875	0	-0.003199999999999998	0.00196	False	0.004480000000000001	0.0009765625	8.673617379884035e-19	False	1332264.0	39857.0	366.6001978	3179130880.0	world_g06_n237.mat	64600BD2C600479E003EDC27198AB959E10A0EB8581CDE8A80E3BB3FE3013BF7	59B22764181C475D824B3847F1FC4F2E3EA726C62618AB02D8691B028031CC55	AE9B0EEE540CC07AA3D3FE45D445B0C71815E95D7D461C6AB615903532705D09
G06	6	238	91206238	R1	4.61799281479342	27.5382038226563	0.0044800000000000005	-0.0011779850714596076	0.542144775390625	0	-0.005049999999999999	0.002530000000000001	False	0.004480000000000001	0.0008544921875	8.673617379884035e-19	False	1332264.0	40036.0	367.3917471	3179192320.0	world_g06_n238.mat	81C9FA78F8C44B102B25DB035C3A58F6409BF9C0577E17C8098713E713E342E4	59B22764181C475D824B3847F1FC4F2E3EA726C62618AB02D8691B028031CC55	AE9B0EEE540CC07AA3D3FE45D445B0C71815E95D7D461C6AB615903532705D09
G06	6	238	91206238	R2	4.61799281479342	27.5382038226563	0.0044800000000000005	-0.0008195039289413253	0.574951171875	0	-0.00408	0.0024300000000000016	False	0.004480000000000001	0.005615234375	8.673617379884035e-19	False	1332264.0	40036.0	367.3917471	3179192320.0	world_g06_n238.mat	81C9FA78F8C44B102B25DB035C3A58F6409BF9C0577E17C8098713E713E342E4	59B22764181C475D824B3847F1FC4F2E3EA726C62618AB02D8691B028031CC55	AE9B0EEE540CC07AA3D3FE45D445B0C71815E95D7D461C6AB615903532705D09
G06	6	239	91206239	R1	4.61799281479342	27.5382038226563	0.0044800000000000005	-0.000489334917545423	0.760986328125	0	-0.0038399999999999997	0.0028300000000000027	False	0.004480000000000001	0.004608154296875	8.673617379884035e-19	False	1332264.0	39743.0	366.4236826	3179130880.0	world_g06_n239.mat	01AEEEDEA2F1A7670633FE06A69F1C979F5E7BCB9B13CAA245A447290591C3E7	59B22764181C475D824B3847F1FC4F2E3EA726C62618AB02D8691B028031CC55	AE9B0EEE540CC07AA3D3FE45D445B0C71815E95D7D461C6AB615903532705D09
G06	6	239	91206239	R2	4.61799281479342	27.5382038226563	0.0044800000000000005	0.0011376335811273406	0.6142578125	0	-0.0037599999999999995	0.006000000000000002	False	0.004480000000000001	0.15966796875	8.673617379884035e-19	True	1332264.0	39743.0	366.4236826	3179130880.0	world_g06_n239.mat	01AEEEDEA2F1A7670633FE06A69F1C979F5E7BCB9B13CAA245A447290591C3E7	59B22764181C475D824B3847F1FC4F2E3EA726C62618AB02D8691B028031CC55	AE9B0EEE540CC07AA3D3FE45D445B0C71815E95D7D461C6AB615903532705D09
G06	6	240	91206240	R1	4.61799281479342	27.5382038226563	0.0044800000000000005	-7.710035757690535e-05	0.96649169921875	0	-0.003969999999999998	0.00383	False	0.004480000000000001	0.02655029296875	8.673617379884035e-19	False	1332264.0	39999.0	366.3971095	3179122688.0	world_g06_n240.mat	3B12E2577A583EC9DBA97B5BA5CACDD6229B9D0BEA8A68B57DB441A373324A82	59B22764181C475D824B3847F1FC4F2E3EA726C62618AB02D8691B028031CC55	AE9B0EEE540CC07AA3D3FE45D445B0C71815E95D7D461C6AB615903532705D09
G06	6	240	91206240	R2	4.61799281479342	27.5382038226563	0.0044800000000000005	-0.0010139285172568774	0.400146484375	0	-0.0036199999999999982	0.0015800000000000015	False	0.004480000000000001	0.00146484375	8.673617379884035e-19	False	1332264.0	39999.0	366.3971095	3179122688.0	world_g06_n240.mat	3B12E2577A583EC9DBA97B5BA5CACDD6229B9D0BEA8A68B57DB441A373324A82	59B22764181C475D824B3847F1FC4F2E3EA726C62618AB02D8691B028031CC55	AE9B0EEE540CC07AA3D3FE45D445B0C71815E95D7D461C6AB615903532705D09
G06	6	241	91206241	R1	4.61799281479342	27.5382038226563	0.0044800000000000005	-0.0013696899196211035	0.41412353515625	0	-0.004839999999999999	0.00204	False	0.004480000000000001	0.00048828125	8.673617379884035e-19	False	1332264.0	40511.0	367.6698737	3167666176.0	world_g06_n241.mat	D6D69648BFFB9887D63B300A7445BB13C80310C7CA44AA419D02920B9D794743	59B22764181C475D824B3847F1FC4F2E3EA726C62618AB02D8691B028031CC55	AE9B0EEE540CC07AA3D3FE45D445B0C71815E95D7D461C6AB615903532705D09
G06	6	241	91206241	R2	4.61799281479342	27.5382038226563	0.0044800000000000005	-0.001477936013572198	0.32666015625	0	-0.00469	0.0017000000000000001	False	0.004480000000000001	0.00244140625	8.673617379884035e-19	False	1332264.0	40511.0	367.6698737	3167666176.0	world_g06_n241.mat	D6D69648BFFB9887D63B300A7445BB13C80310C7CA44AA419D02920B9D794743	59B22764181C475D824B3847F1FC4F2E3EA726C62618AB02D8691B028031CC55	AE9B0EEE540CC07AA3D3FE45D445B0C71815E95D7D461C6AB615903532705D09
G06	6	242	91206242	R1	4.61799281479342	27.5382038226563	0.0044800000000000005	-0.00017298768538048242	0.87603759765625	0	-0.0025400000000000006	0.0021800000000000014	False	0.004480000000000001	0.001068115234375	8.673617379884035e-19	False	1332264.0	39861.0	366.1163186	3169902592.0	world_g06_n242.mat	8C529FB9FB58192674745F668635C9873E2B2C09DD45BBA167FC8899E983FD15	59B22764181C475D824B3847F1FC4F2E3EA726C62618AB02D8691B028031CC55	AE9B0EEE540CC07AA3D3FE45D445B0C71815E95D7D461C6AB615903532705D09
G06	6	242	91206242	R2	4.61799281479342	27.5382038226563	0.0044800000000000005	0.001621339479082935	0.247802734375	0	-0.0013699999999999997	0.004550000000000002	False	0.004480000000000001	0.054443359375	8.673617379884035e-19	True	1332264.0	39861.0	366.1163186	3169902592.0	world_g06_n242.mat	8C529FB9FB58192674745F668635C9873E2B2C09DD45BBA167FC8899E983FD15	59B22764181C475D824B3847F1FC4F2E3EA726C62618AB02D8691B028031CC55	AE9B0EEE540CC07AA3D3FE45D445B0C71815E95D7D461C6AB615903532705D09
G06	6	243	91206243	R1	4.61799281479342	27.5382038226563	0.0044800000000000005	0.00015537528909323028	0.925567626953125	0	-0.0033599999999999984	0.003670000000000003	False	0.004480000000000001	0.02008056640625	8.673617379884035e-19	False	1332264.0	40200.0	368.0171124	3170906112.0	world_g06_n243.mat	024AB9D53D971555FE93B8B5C8BA61741404238C247AE5D720A74D391E7E0B7A	59B22764181C475D824B3847F1FC4F2E3EA726C62618AB02D8691B028031CC55	AE9B0EEE540CC07AA3D3FE45D445B0C71815E95D7D461C6AB615903532705D09
G06	6	243	91206243	R2	4.61799281479342	27.5382038226563	0.0044800000000000005	0.0007378295080096037	0.6767578125	0	-0.0030500000000000006	0.004440000000000003	False	0.004480000000000001	0.0478515625	8.673617379884035e-19	False	1332264.0	40200.0	368.0171124	3170906112.0	world_g06_n243.mat	024AB9D53D971555FE93B8B5C8BA61741404238C247AE5D720A74D391E7E0B7A	59B22764181C475D824B3847F1FC4F2E3EA726C62618AB02D8691B028031CC55	AE9B0EEE540CC07AA3D3FE45D445B0C71815E95D7D461C6AB615903532705D09
G06	6	244	91206244	R1	4.61799281479342	27.5382038226563	0.0044800000000000005	0.00041891100770439474	0.80474853515625	0	-0.0030999999999999986	0.0039900000000000005	False	0.004480000000000001	0.029754638671875	8.673617379884035e-19	False	1332264.0	40307.0	368.1006719	3169890304.0	world_g06_n244.mat	2D8CF901CB0E776097395E8C65A329714D53F2DD0A33C7EC7AE83385F2387B32	59B22764181C475D824B3847F1FC4F2E3EA726C62618AB02D8691B028031CC55	AE9B0EEE540CC07AA3D3FE45D445B0C71815E95D7D461C6AB615903532705D09
G06	6	244	91206244	R2	4.61799281479342	27.5382038226563	0.0044800000000000005	0.0007550741339854395	0.64404296875	0	-0.0027799999999999978	0.004360000000000003	False	0.004480000000000001	0.0419921875	8.673617379884035e-19	False	1332264.0	40307.0	368.1006719	3169890304.0	world_g06_n244.mat	2D8CF901CB0E776097395E8C65A329714D53F2DD0A33C7EC7AE83385F2387B32	59B22764181C475D824B3847F1FC4F2E3EA726C62618AB02D8691B028031CC55	AE9B0EEE540CC07AA3D3FE45D445B0C71815E95D7D461C6AB615903532705D09
G06	6	245	91206245	R1	4.61799281479342	27.5382038226563	0.0044800000000000005	-0.0036823506235688763	0.0081787109375	1	-0.0063799999999999985	-0.001069999999999998	False	0.004480000000000001	6.103515625e-05	8.673617379884035e-19	False	1332264.0	40370.0	367.9018757	3170811904.0	world_g06_n245.mat	87B4D16AE8A4255614FB546DF2BD2E522A24A3A7DD17D462EBD21C15095710DC	59B22764181C475D824B3847F1FC4F2E3EA726C62618AB02D8691B028031CC55	AE9B0EEE540CC07AA3D3FE45D445B0C71815E95D7D461C6AB615903532705D09
G06	6	245	91206245	R2	4.61799281479342	27.5382038226563	0.0044800000000000005	-0.0031273769049047573	0.04248046875	1	-0.006109999999999999	-0.00012999999999999817	False	0.004480000000000001	0.00048828125	8.673617379884035e-19	False	1332264.0	40370.0	367.9018757	3170811904.0	world_g06_n245.mat	87B4D16AE8A4255614FB546DF2BD2E522A24A3A7DD17D462EBD21C15095710DC	59B22764181C475D824B3847F1FC4F2E3EA726C62618AB02D8691B028031CC55	AE9B0EEE540CC07AA3D3FE45D445B0C71815E95D7D461C6AB615903532705D09
G06	6	246	91206246	R1	4.61799281479342	27.5382038226563	0.0044800000000000005	-0.0016343426717102482	0.312255859375	0	-0.004929999999999999	0.0015900000000000011	False	0.004480000000000001	0.000732421875	8.673617379884035e-19	False	1332264.0	40023.0	367.3590732	3158437888.0	world_g06_n246.mat	63F9882965B0471A520EF5A4B29DD85154591403E0D9172B2388E8F6775D5E62	59B22764181C475D824B3847F1FC4F2E3EA726C62618AB02D8691B028031CC55	AE9B0EEE540CC07AA3D3FE45D445B0C71815E95D7D461C6AB615903532705D09
G06	6	246	91206246	R2	4.61799281479342	27.5382038226563	0.0044800000000000005	-0.001995782612167936	0.291748046875	0	-0.00583	0.0016700000000000013	False	0.004480000000000001	0.00146484375	8.673617379884035e-19	False	1332264.0	40023.0	367.3590732	3158437888.0	world_g06_n246.mat	63F9882965B0471A520EF5A4B29DD85154591403E0D9172B2388E8F6775D5E62	59B22764181C475D824B3847F1FC4F2E3EA726C62618AB02D8691B028031CC55	AE9B0EEE540CC07AA3D3FE45D445B0C71815E95D7D461C6AB615903532705D09
G06	6	247	91206247	R1	4.61799281479342	27.5382038226563	0.0044800000000000005	0.001959332793692013	0.200469970703125	0	-0.0011999999999999997	0.005090000000000001	False	0.004480000000000001	0.109619140625	8.673617379884035e-19	True	1332264.0	40020.0	365.7413656	3174596608.0	world_g06_n247.mat	FB05C0C845155334BE9C6CA58A36E3F71926548BD539EDC5C0232E5B58E341A3	59B22764181C475D824B3847F1FC4F2E3EA726C62618AB02D8691B028031CC55	AE9B0EEE540CC07AA3D3FE45D445B0C71815E95D7D461C6AB615903532705D09
G06	6	247	91206247	R2	4.61799281479342	27.5382038226563	0.0044800000000000005	-0.003877445512257598	0.011962890625	1	-0.007309999999999999	-0.0008299999999999974	False	0.004480000000000001	0.00048828125	8.673617379884035e-19	False	1332264.0	40020.0	365.7413656	3174596608.0	world_g06_n247.mat	FB05C0C845155334BE9C6CA58A36E3F71926548BD539EDC5C0232E5B58E341A3	59B22764181C475D824B3847F1FC4F2E3EA726C62618AB02D8691B028031CC55	AE9B0EEE540CC07AA3D3FE45D445B0C71815E95D7D461C6AB615903532705D09
G06	6	248	91206248	R1	4.61799281479342	27.5382038226563	0.0044800000000000005	0.00018506721881606994	0.873077392578125	0	-0.0022699999999999977	0.002650000000000003	False	0.004480000000000001	0.002899169921875	8.673617379884035e-19	False	1332264.0	40355.0	367.6012909	3174670336.0	world_g06_n248.mat	E26397560B4F47C358F7ADBF068770741C8E04DC7F0D803D7DF8F2EB09B56D36	59B22764181C475D824B3847F1FC4F2E3EA726C62618AB02D8691B028031CC55	AE9B0EEE540CC07AA3D3FE45D445B0C71815E95D7D461C6AB615903532705D09
G06	6	248	91206248	R2	4.61799281479342	27.5382038226563	0.0044800000000000005	-0.0002780894122331593	0.829833984375	0	-0.0029899999999999996	0.002450000000000001	False	0.004480000000000001	0.0009765625	8.673617379884035e-19	False	1332264.0	40355.0	367.6012909	3174670336.0	world_g06_n248.mat	E26397560B4F47C358F7ADBF068770741C8E04DC7F0D803D7DF8F2EB09B56D36	59B22764181C475D824B3847F1FC4F2E3EA726C62618AB02D8691B028031CC55	AE9B0EEE540CC07AA3D3FE45D445B0C71815E95D7D461C6AB615903532705D09
G06	6	249	91206249	R1	4.61799281479342	27.5382038226563	0.0044800000000000005	-0.0016095366573226596	0.491973876953125	0	-0.006499999999999999	0.0032300000000000002	False	0.004480000000000001	0.01556396484375	8.673617379884035e-19	False	1332264.0	39904.0	367.5766841	3174600704.0	world_g06_n249.mat	4197CFE172524C9B547130CA1A4C22DDE052D92FD10A0402DEF176032F54F6BA	59B22764181C475D824B3847F1FC4F2E3EA726C62618AB02D8691B028031CC55	AE9B0EEE540CC07AA3D3FE45D445B0C71815E95D7D461C6AB615903532705D09
G06	6	249	91206249	R2	4.61799281479342	27.5382038226563	0.0044800000000000005	0.0011388750311932471	0.304931640625	0	-0.0011499999999999982	0.00349	False	0.004480000000000001	0.010498046875	8.673617379884035e-19	False	1332264.0	39904.0	367.5766841	3174600704.0	world_g06_n249.mat	4197CFE172524C9B547130CA1A4C22DDE052D92FD10A0402DEF176032F54F6BA	59B22764181C475D824B3847F1FC4F2E3EA726C62618AB02D8691B028031CC55	AE9B0EEE540CC07AA3D3FE45D445B0C71815E95D7D461C6AB615903532705D09
G06	6	250	91206250	R1	4.61799281479342	27.5382038226563	0.0044800000000000005	-5.581751612193219e-06	0.99713134765625	0	-0.0034199999999999994	0.00366	False	0.004480000000000001	0.020294189453125	8.673617379884035e-19	False	1332264.0	40142.0	367.4333142	3174580224.0	world_g06_n250.mat	400864C2F62E6FC4D2FEDC27667F673060FB1D40F2C750DC4DBF3521289824D3	59B22764181C475D824B3847F1FC4F2E3EA726C62618AB02D8691B028031CC55	AE9B0EEE540CC07AA3D3FE45D445B0C71815E95D7D461C6AB615903532705D09
G06	6	250	91206250	R2	4.61799281479342	27.5382038226563	0.0044800000000000005	-0.0008097346611915828	0.563232421875	0	-0.00383	0.0022600000000000016	False	0.004480000000000001	0.0048828125	8.673617379884035e-19	False	1332264.0	40142.0	367.4333142	3174580224.0	world_g06_n250.mat	400864C2F62E6FC4D2FEDC27667F673060FB1D40F2C750DC4DBF3521289824D3	59B22764181C475D824B3847F1FC4F2E3EA726C62618AB02D8691B028031CC55	AE9B0EEE540CC07AA3D3FE45D445B0C71815E95D7D461C6AB615903532705D09
G06	6	251	91206251	R1	4.61799281479342	27.5382038226563	0.0044800000000000005	-0.0008344289511833427	0.657562255859375	0	-0.004829999999999999	0.0031400000000000004	False	0.004480000000000001	0.012451171875	8.673617379884035e-19	False	1332264.0	40031.0	366.329214	3163148288.0	world_g06_n251.mat	71A8CA947019BA9CC1450231CF9B4C8B19FD1631AADDD71B18627FBA0A3718ED	59B22764181C475D824B3847F1FC4F2E3EA726C62618AB02D8691B028031CC55	AE9B0EEE540CC07AA3D3FE45D445B0C71815E95D7D461C6AB615903532705D09
G06	6	251	91206251	R2	4.61799281479342	27.5382038226563	0.0044800000000000005	-0.00323875473695051	0.20361328125	0	-0.00849	0.001740000000000002	False	0.004480000000000001	0.00341796875	8.673617379884035e-19	False	1332264.0	40031.0	366.329214	3163148288.0	world_g06_n251.mat	71A8CA947019BA9CC1450231CF9B4C8B19FD1631AADDD71B18627FBA0A3718ED	59B22764181C475D824B3847F1FC4F2E3EA726C62618AB02D8691B028031CC55	AE9B0EEE540CC07AA3D3FE45D445B0C71815E95D7D461C6AB615903532705D09
G06	6	252	91206252	R1	4.61799281479342	27.5382038226563	0.0044800000000000005	0.0004185415123849235	0.827667236328125	0	-0.00349	0.004410000000000001	False	0.004480000000000001	0.04718017578125	8.673617379884035e-19	False	1332264.0	40097.0	365.7687055	3176124416.0	world_g06_n252.mat	537A152D0EF3E2D60191AED015F71CCB5FF26180B6778AE142713702DD2594A7	59B22764181C475D824B3847F1FC4F2E3EA726C62618AB02D8691B028031CC55	AE9B0EEE540CC07AA3D3FE45D445B0C71815E95D7D461C6AB615903532705D09
G06	6	252	91206252	R2	4.61799281479342	27.5382038226563	0.0044800000000000005	0.002765629102412448	0.104736328125	0	-0.00068	0.0059000000000000025	False	0.004480000000000001	0.344482421875	8.673617379884035e-19	True	1332264.0	40097.0	365.7687055	3176124416.0	world_g06_n252.mat	537A152D0EF3E2D60191AED015F71CCB5FF26180B6778AE142713702DD2594A7	59B22764181C475D824B3847F1FC4F2E3EA726C62618AB02D8691B028031CC55	AE9B0EEE540CC07AA3D3FE45D445B0C71815E95D7D461C6AB615903532705D09
G06	6	253	91206253	R1	4.61799281479342	27.5382038226563	0.0044800000000000005	-0.0028466597355908336	0.061248779296875	0	-0.0058	0.00015000000000000083	False	0.004480000000000001	0.000244140625	8.673617379884035e-19	False	1332264.0	39933.0	365.2163612	3176112128.0	world_g06_n253.mat	D0762457E69737019548FC94454CFF76CB42EF4DCE872214FEFC76AA837C7E75	59B22764181C475D824B3847F1FC4F2E3EA726C62618AB02D8691B028031CC55	AE9B0EEE540CC07AA3D3FE45D445B0C71815E95D7D461C6AB615903532705D09
G06	6	253	91206253	R2	4.61799281479342	27.5382038226563	0.0044800000000000005	0.0005059627067749215	0.771484375	0	-0.0035099999999999992	0.004480000000000001	False	0.004480000000000001	0.05078125	8.673617379884035e-19	True	1332264.0	39933.0	365.2163612	3176112128.0	world_g06_n253.mat	D0762457E69737019548FC94454CFF76CB42EF4DCE872214FEFC76AA837C7E75	59B22764181C475D824B3847F1FC4F2E3EA726C62618AB02D8691B028031CC55	AE9B0EEE540CC07AA3D3FE45D445B0C71815E95D7D461C6AB615903532705D09
G06	6	254	91206254	R1	4.61799281479342	27.5382038226563	0.0044800000000000005	-0.003332458560254414	0.047637939453125	1	-0.006619999999999999	-3.999999999999837e-05	False	0.004480000000000001	0.000213623046875	8.673617379884035e-19	False	1332264.0	40330.0	365.1861674	3175165952.0	world_g06_n254.mat	FCA2EB6F0CF572DF742C42445321A1D03A95CD2B8B915DCBA874BE1936031B36	59B22764181C475D824B3847F1FC4F2E3EA726C62618AB02D8691B028031CC55	AE9B0EEE540CC07AA3D3FE45D445B0C71815E95D7D461C6AB615903532705D09
G06	6	254	91206254	R2	4.61799281479342	27.5382038226563	0.0044800000000000005	-0.001085228358346997	0.459228515625	0	-0.004139999999999998	0.0019500000000000003	False	0.004480000000000001	0.00244140625	8.673617379884035e-19	False	1332264.0	40330.0	365.1861674	3175165952.0	world_g06_n254.mat	FCA2EB6F0CF572DF742C42445321A1D03A95CD2B8B915DCBA874BE1936031B36	59B22764181C475D824B3847F1FC4F2E3EA726C62618AB02D8691B028031CC55	AE9B0EEE540CC07AA3D3FE45D445B0C71815E95D7D461C6AB615903532705D09
G06	6	255	91206255	R1	4.61799281479342	27.5382038226563	0.0044800000000000005	-0.0011478581270250485	0.591583251953125	0	-0.00558	0.003250000000000003	False	0.004480000000000001	0.0155029296875	8.673617379884035e-19	False	1332264.0	39963.0	366.6297357	3164663808.0	world_g06_n255.mat	14FFE0FC042DD7FF1341986A22859739C1419EEEFE7637293BD128F446F7E25B	59B22764181C475D824B3847F1FC4F2E3EA726C62618AB02D8691B028031CC55	AE9B0EEE540CC07AA3D3FE45D445B0C71815E95D7D461C6AB615903532705D09
G06	6	255	91206255	R2	4.61799281479342	27.5382038226563	0.0044800000000000005	-0.004648324574209968	0.020263671875	1	-0.00831	-0.0009300000000000003	False	0.004480000000000001	0.0009765625	8.673617379884035e-19	False	1332264.0	39963.0	366.6297357	3164663808.0	world_g06_n255.mat	14FFE0FC042DD7FF1341986A22859739C1419EEEFE7637293BD128F446F7E25B	59B22764181C475D824B3847F1FC4F2E3EA726C62618AB02D8691B028031CC55	AE9B0EEE540CC07AA3D3FE45D445B0C71815E95D7D461C6AB615903532705D09
G06	6	256	91206256	R1	4.61799281479342	27.5382038226563	0.0044800000000000005	0.00015094778083587232	0.965667724609375	0	-0.004629999999999999	0.005570000000000002	False	0.004480000000000001	0.111907958984375	8.673617379884035e-19	True	1332264.0	40244.0	369.1273881	3173101568.0	world_g06_n256.mat	4A72AC8EF033B96CF1BE232D9F379726DF82AC21FB79EF4182BE264E4C1529BB	59B22764181C475D824B3847F1FC4F2E3EA726C62618AB02D8691B028031CC55	AE9B0EEE540CC07AA3D3FE45D445B0C71815E95D7D461C6AB615903532705D09
G06	6	256	91206256	R2	4.61799281479342	27.5382038226563	0.0044800000000000005	0.001810437073826795	0.215087890625	0	-0.0012899999999999995	0.004810000000000002	False	0.004480000000000001	0.076904296875	8.673617379884035e-19	True	1332264.0	40244.0	369.1273881	3173101568.0	world_g06_n256.mat	4A72AC8EF033B96CF1BE232D9F379726DF82AC21FB79EF4182BE264E4C1529BB	59B22764181C475D824B3847F1FC4F2E3EA726C62618AB02D8691B028031CC55	AE9B0EEE540CC07AA3D3FE45D445B0C71815E95D7D461C6AB615903532705D09
G06	6	257	91206257	R1	4.61799281479342	27.5382038226563	0.0044800000000000005	-0.0015306798592057505	0.32373046875	0	-0.0047799999999999995	0.0017000000000000001	False	0.004480000000000001	0.001953125	8.673617379884035e-19	False	1332264.0	40395.0	366.7327895	3173109760.0	world_g06_n257.mat	23FE40214D7D2A71F6D8672D6D7D5895A7D06570165DCBD2B73BB033764477CB	59B22764181C475D824B3847F1FC4F2E3EA726C62618AB02D8691B028031CC55	AE9B0EEE540CC07AA3D3FE45D445B0C71815E95D7D461C6AB615903532705D09
G06	6	257	91206257	R2	4.61799281479342	27.5382038226563	0.0044800000000000005	0.002271658227731788	0.294189453125	0	-0.0023399999999999983	0.006930000000000002	False	0.004480000000000001	0.303466796875	8.673617379884035e-19	True	1332264.0	40395.0	366.7327895	3173109760.0	world_g06_n257.mat	23FE40214D7D2A71F6D8672D6D7D5895A7D06570165DCBD2B73BB033764477CB	59B22764181C475D824B3847F1FC4F2E3EA726C62618AB02D8691B028031CC55	AE9B0EEE540CC07AA3D3FE45D445B0C71815E95D7D461C6AB615903532705D09
G06	6	258	91206258	R1	4.61799281479342	27.5382038226563	0.0044800000000000005	-0.0021857481583478318	0.101806640625	0	-0.0047799999999999995	0.0005000000000000004	False	0.004480000000000001	0.000335693359375	8.673617379884035e-19	False	1332264.0	40218.0	367.1112811	3173097472.0	world_g06_n258.mat	5AA6603A7D3895C7EB086F9AD6DCD72BDA67E8496B6801DA2CCF05AB26D223CC	59B22764181C475D824B3847F1FC4F2E3EA726C62618AB02D8691B028031CC55	AE9B0EEE540CC07AA3D3FE45D445B0C71815E95D7D461C6AB615903532705D09
G06	6	258	91206258	R2	4.61799281479342	27.5382038226563	0.0044800000000000005	0.0014486188077995376	0.51611328125	0	-0.0030500000000000006	0.006100000000000001	False	0.004480000000000001	0.17529296875	8.673617379884035e-19	True	1332264.0	40218.0	367.1112811	3173097472.0	world_g06_n258.mat	5AA6603A7D3895C7EB086F9AD6DCD72BDA67E8496B6801DA2CCF05AB26D223CC	59B22764181C475D824B3847F1FC4F2E3EA726C62618AB02D8691B028031CC55	AE9B0EEE540CC07AA3D3FE45D445B0C71815E95D7D461C6AB615903532705D09
G06	6	259	91206259	R1	4.61799281479342	27.5382038226563	0.0044800000000000005	-0.003021176010444037	0.051849365234375	0	-0.006079999999999999	3.0000000000002247e-05	False	0.004480000000000001	9.1552734375e-05	8.673617379884035e-19	False	1332264.0	40099.0	368.4182489	3161645056.0	world_g06_n259.mat	382C52232742A4751A4410CB285B9CBEBFB4B8ABDDFA4FE556CB2D4BCC15E127	59B22764181C475D824B3847F1FC4F2E3EA726C62618AB02D8691B028031CC55	AE9B0EEE540CC07AA3D3FE45D445B0C71815E95D7D461C6AB615903532705D09
G06	6	259	91206259	R2	4.61799281479342	27.5382038226563	0.0044800000000000005	-0.0015292479844202754	0.420654296875	0	-0.00558	0.002530000000000001	False	0.004480000000000001	0.007568359375	8.673617379884035e-19	False	1332264.0	40099.0	368.4182489	3161645056.0	world_g06_n259.mat	382C52232742A4751A4410CB285B9CBEBFB4B8ABDDFA4FE556CB2D4BCC15E127	59B22764181C475D824B3847F1FC4F2E3EA726C62618AB02D8691B028031CC55	AE9B0EEE540CC07AA3D3FE45D445B0C71815E95D7D461C6AB615903532705D09
G06	6	260	91206260	R1	4.61799281479342	27.5382038226563	0.0044800000000000005	-0.0003191796411414955	0.830291748046875	0	-0.0032200000000000006	0.002360000000000001	False	0.004480000000000001	0.000457763671875	8.673617379884035e-19	False	1332264.0	40393.0	364.741411	3174170624.0	world_g06_n260.mat	2D189E84CC05076D6A6555FA8547D685EFB1CAB6591546470D877CA972CD5A9E	59B22764181C475D824B3847F1FC4F2E3EA726C62618AB02D8691B028031CC55	AE9B0EEE540CC07AA3D3FE45D445B0C71815E95D7D461C6AB615903532705D09
G06	6	260	91206260	R2	4.61799281479342	27.5382038226563	0.0044800000000000005	0.0015664450562247985	0.442626953125	0	-0.00289	0.00595	False	0.004480000000000001	0.17724609375	8.673617379884035e-19	True	1332264.0	40393.0	364.741411	3174170624.0	world_g06_n260.mat	2D189E84CC05076D6A6555FA8547D685EFB1CAB6591546470D877CA972CD5A9E	59B22764181C475D824B3847F1FC4F2E3EA726C62618AB02D8691B028031CC55	AE9B0EEE540CC07AA3D3FE45D445B0C71815E95D7D461C6AB615903532705D09
G06	6	261	91206261	R1	4.61799281479342	27.5382038226563	0.0044800000000000005	0.0021725091275125495	0.265167236328125	0	-0.0018700000000000001	0.0061800000000000015	False	0.004480000000000001	0.24102783203125	8.673617379884035e-19	True	1332264.0	40113.0	363.8654844	3174146048.0	world_g06_n261.mat	F479F9F58F6AEAB117B2DDED1EA9C939D30CA3D014FF3B461AE674E8A2F8AC96	59B22764181C475D824B3847F1FC4F2E3EA726C62618AB02D8691B028031CC55	AE9B0EEE540CC07AA3D3FE45D445B0C71815E95D7D461C6AB615903532705D09
G06	6	261	91206261	R2	4.61799281479342	27.5382038226563	0.0044800000000000005	-0.0007087762026997279	0.689208984375	0	-0.004219999999999998	0.0031200000000000012	False	0.004480000000000001	0.014892578125	8.673617379884035e-19	False	1332264.0	40113.0	363.8654844	3174146048.0	world_g06_n261.mat	F479F9F58F6AEAB117B2DDED1EA9C939D30CA3D014FF3B461AE674E8A2F8AC96	59B22764181C475D824B3847F1FC4F2E3EA726C62618AB02D8691B028031CC55	AE9B0EEE540CC07AA3D3FE45D445B0C71815E95D7D461C6AB615903532705D09
G06	6	262	91206262	R1	4.61799281479342	27.5382038226563	0.0044800000000000005	-0.0011436576055703638	0.408355712890625	0	-0.004059999999999998	0.00179	False	0.004480000000000001	0.001556396484375	8.673617379884035e-19	False	1332264.0	39759.0	362.9736526	3174158336.0	world_g06_n262.mat	FDBC5D4E2EFE2CD859365D9FDF0FE72782178DAA4511D7ADF7C25D98E58036F7	59B22764181C475D824B3847F1FC4F2E3EA726C62618AB02D8691B028031CC55	AE9B0EEE540CC07AA3D3FE45D445B0C71815E95D7D461C6AB615903532705D09
G06	6	262	91206262	R2	4.61799281479342	27.5382038226563	0.0044800000000000005	0.000533748063285482	0.71923828125	0	-0.00264	0.0036900000000000023	False	0.004480000000000001	0.021484375	8.673617379884035e-19	False	1332264.0	39759.0	362.9736526	3174158336.0	world_g06_n262.mat	FDBC5D4E2EFE2CD859365D9FDF0FE72782178DAA4511D7ADF7C25D98E58036F7	59B22764181C475D824B3847F1FC4F2E3EA726C62618AB02D8691B028031CC55	AE9B0EEE540CC07AA3D3FE45D445B0C71815E95D7D461C6AB615903532705D09
G06	6	263	91206263	R1	4.61799281479342	27.5382038226563	0.0044800000000000005	0.0005797808003334451	0.670806884765625	0	-0.0022799999999999973	0.003440000000000002	False	0.004480000000000001	0.0108642578125	8.673617379884035e-19	False	1332264.0	39840.0	364.5312821	3163660288.0	world_g06_n263.mat	C1B03BC8B4966CA0AAE030BBF9D8D37B246064727FECB194422A1E89BE2B63EF	59B22764181C475D824B3847F1FC4F2E3EA726C62618AB02D8691B028031CC55	AE9B0EEE540CC07AA3D3FE45D445B0C71815E95D7D461C6AB615903532705D09
G06	6	263	91206263	R2	4.61799281479342	27.5382038226563	0.0044800000000000005	-0.0007419164565894033	0.6884765625	0	-0.00473	0.003300000000000001	False	0.004480000000000001	0.01611328125	8.673617379884035e-19	False	1332264.0	39840.0	364.5312821	3163660288.0	world_g06_n263.mat	C1B03BC8B4966CA0AAE030BBF9D8D37B246064727FECB194422A1E89BE2B63EF	59B22764181C475D824B3847F1FC4F2E3EA726C62618AB02D8691B028031CC55	AE9B0EEE540CC07AA3D3FE45D445B0C71815E95D7D461C6AB615903532705D09
G06	6	264	91206264	R1	4.61799281479342	27.5382038226563	0.0044800000000000005	-0.0005488920807615033	0.750762939453125	0	-0.004029999999999999	0.0030600000000000002	False	0.004480000000000001	0.011016845703125	8.673617379884035e-19	False	1332264.0	40125.0	360.6344017	3176046592.0	world_g06_n264.mat	F2F6E920816B5F3D15BFA7402F7AC2019D81B8CC520F84C41D7F0A6974F5AC87	59B22764181C475D824B3847F1FC4F2E3EA726C62618AB02D8691B028031CC55	AE9B0EEE540CC07AA3D3FE45D445B0C71815E95D7D461C6AB615903532705D09
G06	6	264	91206264	R2	4.61799281479342	27.5382038226563	0.0044800000000000005	-0.0005713055824993536	0.654296875	0	-0.00341	0.0022400000000000024	False	0.004480000000000001	0.00244140625	8.673617379884035e-19	False	1332264.0	40125.0	360.6344017	3176046592.0	world_g06_n264.mat	F2F6E920816B5F3D15BFA7402F7AC2019D81B8CC520F84C41D7F0A6974F5AC87	59B22764181C475D824B3847F1FC4F2E3EA726C62618AB02D8691B028031CC55	AE9B0EEE540CC07AA3D3FE45D445B0C71815E95D7D461C6AB615903532705D09
G06	6	265	91206265	R1	4.61799281479342	27.5382038226563	0.0044800000000000005	-0.0030158451791515687	0.120819091796875	0	-0.006929999999999999	0.0008700000000000027	False	0.004480000000000001	0.001068115234375	8.673617379884035e-19	False	1332264.0	40099.0	366.2589117	3175084032.0	world_g06_n265.mat	0E19A0CEDAE0DB35F29D0BAF03E4EAA0C27FA5EB82B73555B86A910B8BF37CFA	59B22764181C475D824B3847F1FC4F2E3EA726C62618AB02D8691B028031CC55	AE9B0EEE540CC07AA3D3FE45D445B0C71815E95D7D461C6AB615903532705D09
G06	6	265	91206265	R2	4.61799281479342	27.5382038226563	0.0044800000000000005	-0.0005690925851432436	0.62890625	0	-0.0029499999999999978	0.0017000000000000001	False	0.004480000000000001	0.00048828125	8.673617379884035e-19	False	1332264.0	40099.0	366.2589117	3175084032.0	world_g06_n265.mat	0E19A0CEDAE0DB35F29D0BAF03E4EAA0C27FA5EB82B73555B86A910B8BF37CFA	59B22764181C475D824B3847F1FC4F2E3EA726C62618AB02D8691B028031CC55	AE9B0EEE540CC07AA3D3FE45D445B0C71815E95D7D461C6AB615903532705D09
G07	7	1	91207001	R1	6.530828069622359	55.0764076453145	0.00896	-0.0030308031437024513	0.12957763671875	0	-0.0070799999999999995	0.0009600000000000025	False	0.008960000000000003	0.0001220703125	3.469446951953614e-18	False	1332264.0	39837.0	366.2789341	3176050688.0	world_g07_n001.mat	28DDDDF1644B0FF8FA441B5CD00AC01004315EB9D144FB11D5F3B2192C59B705	59B22764181C475D824B3847F1FC4F2E3EA726C62618AB02D8691B028031CC55	AE9B0EEE540CC07AA3D3FE45D445B0C71815E95D7D461C6AB615903532705D09
G07	7	1	91207001	R2	6.530828069622359	55.0764076453145	0.00896	0.0008812420378779153	0.5087890625	0	-0.00179	0.003590000000000003	False	0.008960000000000003	0.00048828125	3.469446951953614e-18	False	1332264.0	39837.0	366.2789341	3176050688.0	world_g07_n001.mat	28DDDDF1644B0FF8FA441B5CD00AC01004315EB9D144FB11D5F3B2192C59B705	59B22764181C475D824B3847F1FC4F2E3EA726C62618AB02D8691B028031CC55	AE9B0EEE540CC07AA3D3FE45D445B0C71815E95D7D461C6AB615903532705D09
G07	7	2	91207002	R1	6.530828069622359	55.0764076453145	0.00896	-0.0011959099553946178	0.428955078125	0	-0.0043799999999999985	0.0019400000000000008	False	0.008960000000000003	3.0517578125e-05	3.469446951953614e-18	False	1332264.0	39675.0	366.8695963	3163631616.0	world_g07_n002.mat	BBDDE706D564DD3094C57ECDA0051452CA061CD41561D4B6716D3CDCF3CDB046	59B22764181C475D824B3847F1FC4F2E3EA726C62618AB02D8691B028031CC55	AE9B0EEE540CC07AA3D3FE45D445B0C71815E95D7D461C6AB615903532705D09
G07	7	2	91207002	R2	6.530828069622359	55.0764076453145	0.00896	-0.0014427174510543701	0.217041015625	0	-0.00391	0.0010000000000000009	False	0.008960000000000003	0.000244140625	3.469446951953614e-18	False	1332264.0	39675.0	366.8695963	3163631616.0	world_g07_n002.mat	BBDDE706D564DD3094C57ECDA0051452CA061CD41561D4B6716D3CDCF3CDB046	59B22764181C475D824B3847F1FC4F2E3EA726C62618AB02D8691B028031CC55	AE9B0EEE540CC07AA3D3FE45D445B0C71815E95D7D461C6AB615903532705D09
G07	7	3	91207003	R1	6.530828069622359	55.0764076453145	0.00896	-0.0020471077687606656	0.331451416015625	0	-0.006369999999999999	0.0020499999999999997	False	0.008960000000000003	6.103515625e-05	3.469446951953614e-18	False	1332264.0	40193.0	352.4651139	3173343232.0	world_g07_n003.mat	5121000C31141F9BE9F6382EA2B3CA3C06CB6D3407E1F8A5123587ACF1B535AD	59B22764181C475D824B3847F1FC4F2E3EA726C62618AB02D8691B028031CC55	AE9B0EEE540CC07AA3D3FE45D445B0C71815E95D7D461C6AB615903532705D09
G07	7	3	91207003	R2	6.530828069622359	55.0764076453145	0.00896	-0.0007645853628669992	0.572509765625	0	-0.003519999999999999	0.0018700000000000001	False	0.008960000000000003	0.000244140625	3.469446951953614e-18	False	1332264.0	40193.0	352.4651139	3173343232.0	world_g07_n003.mat	5121000C31141F9BE9F6382EA2B3CA3C06CB6D3407E1F8A5123587ACF1B535AD	59B22764181C475D824B3847F1FC4F2E3EA726C62618AB02D8691B028031CC55	AE9B0EEE540CC07AA3D3FE45D445B0C71815E95D7D461C6AB615903532705D09
G07	7	4	91207004	R1	6.530828069622359	55.0764076453145	0.00896	-0.0007056671101963588	0.690032958984375	0	-0.004240000000000001	0.0029700000000000004	False	0.008960000000000003	0.000244140625	3.469446951953614e-18	False	1332264.0	39867.0	366.8147581	3172388864.0	world_g07_n004.mat	C069CC51A4682BCD31358859AD70D0501BE2028B3B683A9FD78D356D832FC9A9	59B22764181C475D824B3847F1FC4F2E3EA726C62618AB02D8691B028031CC55	AE9B0EEE540CC07AA3D3FE45D445B0C71815E95D7D461C6AB615903532705D09
G07	7	4	91207004	R2	6.530828069622359	55.0764076453145	0.00896	-0.004775685141522654	0.025146484375	1	-0.008839999999999999	-0.0007600000000000003	False	0.008960000000000003	0.000244140625	3.469446951953614e-18	False	1332264.0	39867.0	366.8147581	3172388864.0	world_g07_n004.mat	C069CC51A4682BCD31358859AD70D0501BE2028B3B683A9FD78D356D832FC9A9	59B22764181C475D824B3847F1FC4F2E3EA726C62618AB02D8691B028031CC55	AE9B0EEE540CC07AA3D3FE45D445B0C71815E95D7D461C6AB615903532705D09
G07	7	5	91207005	R1	6.530828069622359	55.0764076453145	0.00896	0.0008575016285954037	0.58660888671875	0	-0.0025099999999999983	0.004210000000000002	False	0.008960000000000003	0.000244140625	3.469446951953614e-18	False	1332264.0	40051.0	366.6149897	3172388864.0	world_g07_n005.mat	BDDBCAEFB8E8ABE2D5A2B92634574465B95505447215D1E492E2D166D93567B1	59B22764181C475D824B3847F1FC4F2E3EA726C62618AB02D8691B028031CC55	AE9B0EEE540CC07AA3D3FE45D445B0C71815E95D7D461C6AB615903532705D09
G07	7	5	91207005	R2	6.530828069622359	55.0764076453145	0.00896	-0.0015717429646969195	0.3935546875	0	-0.0055	0.002360000000000001	False	0.008960000000000003	0.000244140625	3.469446951953614e-18	False	1332264.0	40051.0	366.6149897	3172388864.0	world_g07_n005.mat	BDDBCAEFB8E8ABE2D5A2B92634574465B95505447215D1E492E2D166D93567B1	59B22764181C475D824B3847F1FC4F2E3EA726C62618AB02D8691B028031CC55	AE9B0EEE540CC07AA3D3FE45D445B0C71815E95D7D461C6AB615903532705D09
G07	7	6	91207006	R1	6.530828069622359	55.0764076453145	0.00896	-0.00233143267113581	0.106231689453125	0	-0.005139999999999999	0.0005900000000000002	False	0.008960000000000003	6.103515625e-05	3.469446951953614e-18	False	1332264.0	39856.0	365.2151026	3161894912.0	world_g07_n006.mat	A3484F64F43DCAF2C9B300D1DD7BA0C6FFA3EABF66FA266F3F96633A4C809969	59B22764181C475D824B3847F1FC4F2E3EA726C62618AB02D8691B028031CC55	AE9B0EEE540CC07AA3D3FE45D445B0C71815E95D7D461C6AB615903532705D09
G07	7	6	91207006	R2	6.530828069622359	55.0764076453145	0.00896	-0.0008482363897106093	0.724365234375	0	-0.00567	0.003780000000000002	False	0.008960000000000003	0.000732421875	3.469446951953614e-18	False	1332264.0	39856.0	365.2151026	3161894912.0	world_g07_n006.mat	A3484F64F43DCAF2C9B300D1DD7BA0C6FFA3EABF66FA266F3F96633A4C809969	59B22764181C475D824B3847F1FC4F2E3EA726C62618AB02D8691B028031CC55	AE9B0EEE540CC07AA3D3FE45D445B0C71815E95D7D461C6AB615903532705D09
G07	7	7	91207007	R1	6.530828069622359	55.0764076453145	0.00896	-0.0018016353989320892	0.24725341796875	0	-0.00503	0.0014200000000000011	False	0.008960000000000003	3.0517578125e-05	3.469446951953614e-18	False	1332264.0	39979.0	325.4892417	3178016768.0	world_g07_n007.mat	81E4ABDEB634D4965F6B0377D2B1A6BE545618A1CB15BEBF3B752B9E5FAACC9D	59B22764181C475D824B3847F1FC4F2E3EA726C62618AB02D8691B028031CC55	AE9B0EEE540CC07AA3D3FE45D445B0C71815E95D7D461C6AB615903532705D09
G07	7	7	91207007	R2	6.530828069622359	55.0764076453145	0.00896	-0.001107347915267951	0.558837890625	0	-0.005259999999999999	0.0030100000000000023	False	0.008960000000000003	0.000244140625	3.469446951953614e-18	False	1332264.0	39979.0	325.4892417	3178016768.0	world_g07_n007.mat	81E4ABDEB634D4965F6B0377D2B1A6BE545618A1CB15BEBF3B752B9E5FAACC9D	59B22764181C475D824B3847F1FC4F2E3EA726C62618AB02D8691B028031CC55	AE9B0EEE540CC07AA3D3FE45D445B0C71815E95D7D461C6AB615903532705D09
G07	7	8	91207008	R1	6.530828069622359	55.0764076453145	0.00896	-0.0014244030873794388	0.408905029296875	0	-0.004759999999999999	0.0021200000000000004	False	0.008960000000000003	0.000213623046875	3.469446951953614e-18	False	1332264.0	39965.0	353.1724387	3178016768.0	world_g07_n008.mat	97F93E12F665DD12BE8A39D836A7E787B91711D3BCB95516883FA139897FD857	59B22764181C475D824B3847F1FC4F2E3EA726C62618AB02D8691B028031CC55	AE9B0EEE540CC07AA3D3FE45D445B0C71815E95D7D461C6AB615903532705D09
G07	7	8	91207008	R2	6.530828069622359	55.0764076453145	0.00896	0.0009823378453215738	0.535888671875	0	-0.002319999999999999	0.004360000000000003	False	0.008960000000000003	0.000732421875	3.469446951953614e-18	False	1332264.0	39965.0	353.1724387	3178016768.0	world_g07_n008.mat	97F93E12F665DD12BE8A39D836A7E787B91711D3BCB95516883FA139897FD857	59B22764181C475D824B3847F1FC4F2E3EA726C62618AB02D8691B028031CC55	AE9B0EEE540CC07AA3D3FE45D445B0C71815E95D7D461C6AB615903532705D09
G07	7	9	91207009	R1	6.530828069622359	55.0764076453145	0.00896	-0.002767160106683465	0.124481201171875	0	-0.0063999999999999994	0.0008800000000000023	False	0.008960000000000003	6.103515625e-05	3.469446951953614e-18	False	1332264.0	40130.0	366.6926827	3177992192.0	world_g07_n009.mat	468F98A9D51A7CB2F007143134F0163A56C4E005A5E4B08A0B59A08820B3020E	59B22764181C475D824B3847F1FC4F2E3EA726C62618AB02D8691B028031CC55	AE9B0EEE540CC07AA3D3FE45D445B0C71815E95D7D461C6AB615903532705D09
G07	7	9	91207009	R2	6.530828069622359	55.0764076453145	0.00896	-0.0005662532528546021	0.795166015625	0	-0.0051899999999999984	0.004130000000000002	False	0.008960000000000003	0.001708984375	3.469446951953614e-18	False	1332264.0	40130.0	366.6926827	3177992192.0	world_g07_n009.mat	468F98A9D51A7CB2F007143134F0163A56C4E005A5E4B08A0B59A08820B3020E	59B22764181C475D824B3847F1FC4F2E3EA726C62618AB02D8691B028031CC55	AE9B0EEE540CC07AA3D3FE45D445B0C71815E95D7D461C6AB615903532705D09
G07	7	10	91207010	R1	6.530828069622359	55.0764076453145	0.00896	-0.0010891690173310427	0.417724609375	0	-0.00392	0.0017600000000000011	False	0.008960000000000003	3.0517578125e-05	3.469446951953614e-18	False	1332264.0	39930.0	365.2976575	3165601792.0	world_g07_n010.mat	FFD580BFD8BF344EDF26AC92A573997D58A84A2BC767F4FE39180967E2ABDCA1	59B22764181C475D824B3847F1FC4F2E3EA726C62618AB02D8691B028031CC55	AE9B0EEE540CC07AA3D3FE45D445B0C71815E95D7D461C6AB615903532705D09
G07	7	10	91207010	R2	6.530828069622359	55.0764076453145	0.00896	0.0019943643268123	0.379150390625	0	-0.0028399999999999988	0.006850000000000002	False	0.008960000000000003	0.01025390625	3.469446951953614e-18	False	1332264.0	39930.0	365.2976575	3165601792.0	world_g07_n010.mat	FFD580BFD8BF344EDF26AC92A573997D58A84A2BC767F4FE39180967E2ABDCA1	59B22764181C475D824B3847F1FC4F2E3EA726C62618AB02D8691B028031CC55	AE9B0EEE540CC07AA3D3FE45D445B0C71815E95D7D461C6AB615903532705D09
G07	7	11	91207011	R1	6.530828069622359	55.0764076453145	0.00896	-0.0013863764827068818	0.3927001953125	0	-0.004799999999999999	0.00204	False	0.008960000000000003	6.103515625e-05	3.469446951953614e-18	False	1332264.0	40607.0	329.6749047	3168940032.0	world_g07_n011.mat	F779F9F3BF9ED148E6350028FFD64E5988698FF9F64771ABA61E7A687B96CCF7	59B22764181C475D824B3847F1FC4F2E3EA726C62618AB02D8691B028031CC55	AE9B0EEE540CC07AA3D3FE45D445B0C71815E95D7D461C6AB615903532705D09
G07	7	11	91207011	R2	6.530828069622359	55.0764076453145	0.00896	0.0019941850192872084	0.41748046875	0	-0.003169999999999999	0.007210000000000001	False	0.008960000000000003	0.015625	3.469446951953614e-18	False	1332264.0	40607.0	329.6749047	3168940032.0	world_g07_n011.mat	F779F9F3BF9ED148E6350028FFD64E5988698FF9F64771ABA61E7A687B96CCF7	59B22764181C475D824B3847F1FC4F2E3EA726C62618AB02D8691B028031CC55	AE9B0EEE540CC07AA3D3FE45D445B0C71815E95D7D461C6AB615903532705D09
G07	7	12	91207012	R1	6.530828069622359	55.0764076453145	0.00896	-0.0023728753183240086	0.13739013671875	0	-0.005599999999999999	0.0008700000000000027	False	0.008960000000000003	6.103515625e-05	3.469446951953614e-18	False	1332264.0	40358.0	353.4772971	3168014336.0	world_g07_n012.mat	1F37DB51581833F3FD3CA1427F586037FF4E1B5FCC8796DC4979D0852CAC413C	59B22764181C475D824B3847F1FC4F2E3EA726C62618AB02D8691B028031CC55	AE9B0EEE540CC07AA3D3FE45D445B0C71815E95D7D461C6AB615903532705D09
G07	7	12	91207012	R2	6.530828069622359	55.0764076453145	0.00896	0.0003506575465785869	0.83984375	0	-0.0034000000000000002	0.004100000000000003	False	0.008960000000000003	0.0009765625	3.469446951953614e-18	False	1332264.0	40358.0	353.4772971	3168014336.0	world_g07_n012.mat	1F37DB51581833F3FD3CA1427F586037FF4E1B5FCC8796DC4979D0852CAC413C	59B22764181C475D824B3847F1FC4F2E3EA726C62618AB02D8691B028031CC55	AE9B0EEE540CC07AA3D3FE45D445B0C71815E95D7D461C6AB615903532705D09
G07	7	13	91207013	R1	6.530828069622359	55.0764076453145	0.00896	0.0027421443603440703	0.145904541015625	0	-0.0010899999999999972	0.0065800000000000025	False	0.008960000000000003	0.00445556640625	3.469446951953614e-18	False	1332264.0	40072.0	366.9195623	3168911360.0	world_g07_n013.mat	37C6D44CCF215B12A225C3C4DC8DAEEE18A097E1246C10A914CAAD99AD10C74D	59B22764181C475D824B3847F1FC4F2E3EA726C62618AB02D8691B028031CC55	AE9B0EEE540CC07AA3D3FE45D445B0C71815E95D7D461C6AB615903532705D09
G07	7	13	91207013	R2	6.530828069622359	55.0764076453145	0.00896	-0.000784595153199484	0.7060546875	0	-0.005039999999999999	0.0032900000000000013	False	0.008960000000000003	0.00048828125	3.469446951953614e-18	False	1332264.0	40072.0	366.9195623	3168911360.0	world_g07_n013.mat	37C6D44CCF215B12A225C3C4DC8DAEEE18A097E1246C10A914CAAD99AD10C74D	59B22764181C475D824B3847F1FC4F2E3EA726C62618AB02D8691B028031CC55	AE9B0EEE540CC07AA3D3FE45D445B0C71815E95D7D461C6AB615903532705D09
G07	7	14	91207014	R1	6.530828069622359	55.0764076453145	0.00896	0.001308719915641971	0.452789306640625	0	-0.0023999999999999994	0.005000000000000001	False	0.008960000000000003	0.000244140625	3.469446951953614e-18	False	1332264.0	39889.0	366.5153813	3157442560.0	world_g07_n014.mat	FBCBD3BFC1D603F40B88142B027937705C64C81F230CBA083BA54CF64C3E6451	59B22764181C475D824B3847F1FC4F2E3EA726C62618AB02D8691B028031CC55	AE9B0EEE540CC07AA3D3FE45D445B0C71815E95D7D461C6AB615903532705D09
G07	7	14	91207014	R2	6.530828069622359	55.0764076453145	0.00896	-0.0006173751457120182	0.7333984375	0	-0.00456	0.003380000000000001	False	0.008960000000000003	0.00048828125	3.469446951953614e-18	False	1332264.0	39889.0	366.5153813	3157442560.0	world_g07_n014.mat	FBCBD3BFC1D603F40B88142B027937705C64C81F230CBA083BA54CF64C3E6451	59B22764181C475D824B3847F1FC4F2E3EA726C62618AB02D8691B028031CC55	AE9B0EEE540CC07AA3D3FE45D445B0C71815E95D7D461C6AB615903532705D09
G07	7	15	91207015	R1	6.530828069622359	55.0764076453145	0.00896	-7.366916389358363e-05	0.95263671875	0	-0.0023599999999999975	0.002250000000000002	False	0.008960000000000003	6.103515625e-05	3.469446951953614e-18	False	1332264.0	40073.0	321.39308	3151392768.0	world_g07_n015.mat	268CE6289C7A73536B2928DBF29305B9C748CAFB2F45C46B2E71235886249574	59B22764181C475D824B3847F1FC4F2E3EA726C62618AB02D8691B028031CC55	AE9B0EEE540CC07AA3D3FE45D445B0C71815E95D7D461C6AB615903532705D09
G07	7	15	91207015	R2	6.530828069622359	55.0764076453145	0.00896	-0.0012289026416420104	0.593994140625	0	-0.0062099999999999985	0.003870000000000002	False	0.008960000000000003	0.001953125	3.469446951953614e-18	False	1332264.0	40073.0	321.39308	3151392768.0	world_g07_n015.mat	268CE6289C7A73536B2928DBF29305B9C748CAFB2F45C46B2E71235886249574	59B22764181C475D824B3847F1FC4F2E3EA726C62618AB02D8691B028031CC55	AE9B0EEE540CC07AA3D3FE45D445B0C71815E95D7D461C6AB615903532705D09
G07	7	16	91207016	R1	6.530828069622359	55.0764076453145	0.00896	-0.001497353953037409	0.261474609375	0	-0.0041499999999999974	0.00102	False	0.008960000000000003	3.0517578125e-05	3.469446951953614e-18	False	1332264.0	40171.0	349.2152279	3150450688.0	world_g07_n016.mat	BC1F606137D159AE49B4C0B71AA183CC6E2717225329B8D5E6BCC9A29A4E5693	59B22764181C475D824B3847F1FC4F2E3EA726C62618AB02D8691B028031CC55	AE9B0EEE540CC07AA3D3FE45D445B0C71815E95D7D461C6AB615903532705D09
G07	7	16	91207016	R2	6.530828069622359	55.0764076453145	0.00896	-0.0007776830428625267	0.561767578125	0	-0.003599999999999999	0.0021200000000000004	False	0.008960000000000003	0.00048828125	3.469446951953614e-18	False	1332264.0	40171.0	349.2152279	3150450688.0	world_g07_n016.mat	BC1F606137D159AE49B4C0B71AA183CC6E2717225329B8D5E6BCC9A29A4E5693	59B22764181C475D824B3847F1FC4F2E3EA726C62618AB02D8691B028031CC55	AE9B0EEE540CC07AA3D3FE45D445B0C71815E95D7D461C6AB615903532705D09
G07	7	17	91207017	R1	6.530828069622359	55.0764076453145	0.00896	-0.0008373569164396738	0.551849365234375	0	-0.003769999999999999	0.002100000000000001	False	0.008960000000000003	6.103515625e-05	3.469446951953614e-18	False	1332264.0	40048.0	366.1996292	3151536128.0	world_g07_n017.mat	20F1010C74B24792BA9744B477648C4C78A6BE26E852FE3AB2A527A163F8F9E8	59B22764181C475D824B3847F1FC4F2E3EA726C62618AB02D8691B028031CC55	AE9B0EEE540CC07AA3D3FE45D445B0C71815E95D7D461C6AB615903532705D09
G07	7	17	91207017	R2	6.530828069622359	55.0764076453145	0.00896	0.00015266016084545807	0.9404296875	0	-0.0050799999999999994	0.005410000000000002	False	0.008960000000000003	0.00439453125	3.469446951953614e-18	False	1332264.0	40048.0	366.1996292	3151536128.0	world_g07_n017.mat	20F1010C74B24792BA9744B477648C4C78A6BE26E852FE3AB2A527A163F8F9E8	59B22764181C475D824B3847F1FC4F2E3EA726C62618AB02D8691B028031CC55	AE9B0EEE540CC07AA3D3FE45D445B0C71815E95D7D461C6AB615903532705D09
G07	7	18	91207018	R1	6.530828069622359	55.0764076453145	0.00896	-0.003036053572736265	0.032684326171875	1	-0.005739999999999999	-0.000279999999999999	False	0.008960000000000003	3.0517578125e-05	3.469446951953614e-18	False	1332264.0	39985.0	367.1961802	3139055616.0	world_g07_n018.mat	360EAA2AE2E3C93E0D1F73C38945967CEFDD163A36A2ED17BD8B85F521A35366	59B22764181C475D824B3847F1FC4F2E3EA726C62618AB02D8691B028031CC55	AE9B0EEE540CC07AA3D3FE45D445B0C71815E95D7D461C6AB615903532705D09
G07	7	18	91207018	R2	6.530828069622359	55.0764076453145	0.00896	-0.0012749908364048245	0.467529296875	0	-0.0049499999999999995	0.0022800000000000008	False	0.008960000000000003	0.000244140625	3.469446951953614e-18	False	1332264.0	39985.0	367.1961802	3139055616.0	world_g07_n018.mat	360EAA2AE2E3C93E0D1F73C38945967CEFDD163A36A2ED17BD8B85F521A35366	59B22764181C475D824B3847F1FC4F2E3EA726C62618AB02D8691B028031CC55	AE9B0EEE540CC07AA3D3FE45D445B0C71815E95D7D461C6AB615903532705D09
G07	7	19	91207019	R1	6.530828069622359	55.0764076453145	0.00896	0.0003148073210433872	0.868560791015625	0	-0.0037300000000000007	0.0043900000000000015	False	0.008960000000000003	0.0009765625	3.469446951953614e-18	False	1332264.0	40542.0	323.0432431	3179188224.0	world_g07_n019.mat	5D79FC52E682C147D7F8B8433EDEE5A41932F691544227CE7AE027FF2A0EE113	59B22764181C475D824B3847F1FC4F2E3EA726C62618AB02D8691B028031CC55	AE9B0EEE540CC07AA3D3FE45D445B0C71815E95D7D461C6AB615903532705D09
G07	7	19	91207019	R2	6.530828069622359	55.0764076453145	0.00896	-0.0033223088314920752	0.232666015625	0	-0.00899	0.0019400000000000008	False	0.008960000000000003	0.000244140625	3.469446951953614e-18	False	1332264.0	40542.0	323.0432431	3179188224.0	world_g07_n019.mat	5D79FC52E682C147D7F8B8433EDEE5A41932F691544227CE7AE027FF2A0EE113	59B22764181C475D824B3847F1FC4F2E3EA726C62618AB02D8691B028031CC55	AE9B0EEE540CC07AA3D3FE45D445B0C71815E95D7D461C6AB615903532705D09
G07	7	20	91207020	R1	6.530828069622359	55.0764076453145	0.00896	-0.0005071432334061651	0.78326416015625	0	-0.004469999999999998	0.003440000000000002	False	0.008960000000000003	0.0001220703125	3.469446951953614e-18	False	1332264.0	39976.0	345.1555092	3179130880.0	world_g07_n020.mat	B0127F9F608580E4A9E439022F2E6310209420C64BBE122A4692C5F6C5416444	59B22764181C475D824B3847F1FC4F2E3EA726C62618AB02D8691B028031CC55	AE9B0EEE540CC07AA3D3FE45D445B0C71815E95D7D461C6AB615903532705D09
G07	7	20	91207020	R2	6.530828069622359	55.0764076453145	0.00896	-0.0022286732795852656	0.32373046875	0	-0.00695	0.002400000000000003	False	0.008960000000000003	0.00048828125	3.469446951953614e-18	False	1332264.0	39976.0	345.1555092	3179130880.0	world_g07_n020.mat	B0127F9F608580E4A9E439022F2E6310209420C64BBE122A4692C5F6C5416444	59B22764181C475D824B3847F1FC4F2E3EA726C62618AB02D8691B028031CC55	AE9B0EEE540CC07AA3D3FE45D445B0C71815E95D7D461C6AB615903532705D09
G07	7	21	91207021	R1	6.530828069622359	55.0764076453145	0.00896	-0.0011105867396528132	0.5323486328125	0	-0.004879999999999999	0.002620000000000001	False	0.008960000000000003	6.103515625e-05	3.469446951953614e-18	False	1332264.0	40241.0	366.6106534	3179094016.0	world_g07_n021.mat	0A06F11F1E5C3A46B79185B828753DA4C466183279A8416088DD0696CBF101DF	59B22764181C475D824B3847F1FC4F2E3EA726C62618AB02D8691B028031CC55	AE9B0EEE540CC07AA3D3FE45D445B0C71815E95D7D461C6AB615903532705D09
G07	7	21	91207021	R2	6.530828069622359	55.0764076453145	0.00896	-0.004852980082152856	0.002197265625	1	-0.0075	-0.0021899999999999975	False	0.008960000000000003	0.000244140625	3.469446951953614e-18	False	1332264.0	40241.0	366.6106534	3179094016.0	world_g07_n021.mat	0A06F11F1E5C3A46B79185B828753DA4C466183279A8416088DD0696CBF101DF	59B22764181C475D824B3847F1FC4F2E3EA726C62618AB02D8691B028031CC55	AE9B0EEE540CC07AA3D3FE45D445B0C71815E95D7D461C6AB615903532705D09
G07	7	22	91207022	R1	6.530828069622359	55.0764076453145	0.00896	-0.0010975332762833095	0.40283203125	0	-0.0038499999999999993	0.00162	False	0.008960000000000003	3.0517578125e-05	3.469446951953614e-18	False	1332264.0	40159.0	367.530839	3166720000.0	world_g07_n022.mat	75133E5643C46F0964CC5F1A8B10168C3040B68DD294CB4A74A7E4A3A25D01BE	59B22764181C475D824B3847F1FC4F2E3EA726C62618AB02D8691B028031CC55	AE9B0EEE540CC07AA3D3FE45D445B0C71815E95D7D461C6AB615903532705D09
G07	7	22	91207022	R2	6.530828069622359	55.0764076453145	0.00896	0.002036436479196548	0.042236328125	1	0.00010000000000000286	0.003960000000000002	False	0.008960000000000003	0.000244140625	3.469446951953614e-18	False	1332264.0	40159.0	367.530839	3166720000.0	world_g07_n022.mat	75133E5643C46F0964CC5F1A8B10168C3040B68DD294CB4A74A7E4A3A25D01BE	59B22764181C475D824B3847F1FC4F2E3EA726C62618AB02D8691B028031CC55	AE9B0EEE540CC07AA3D3FE45D445B0C71815E95D7D461C6AB615903532705D09
G07	7	23	91207023	R1	6.530828069622359	55.0764076453145	0.00896	-0.0017794295047744095	0.202056884765625	0	-0.004639999999999998	0.0010700000000000015	False	0.008960000000000003	3.0517578125e-05	3.469446951953614e-18	False	1332264.0	40016.0	317.7386068	3170951168.0	world_g07_n023.mat	24CD3C2C75F2C44BF8E5E67C8C5DF9480B973000FE70242527ECBB16E83C6305	59B22764181C475D824B3847F1FC4F2E3EA726C62618AB02D8691B028031CC55	AE9B0EEE540CC07AA3D3FE45D445B0C71815E95D7D461C6AB615903532705D09
G07	7	23	91207023	R2	6.530828069622359	55.0764076453145	0.00896	-0.0018196473078454106	0.443359375	0	-0.00686	0.0031400000000000004	False	0.008960000000000003	0.00048828125	3.469446951953614e-18	False	1332264.0	40016.0	317.7386068	3170951168.0	world_g07_n023.mat	24CD3C2C75F2C44BF8E5E67C8C5DF9480B973000FE70242527ECBB16E83C6305	59B22764181C475D824B3847F1FC4F2E3EA726C62618AB02D8691B028031CC55	AE9B0EEE540CC07AA3D3FE45D445B0C71815E95D7D461C6AB615903532705D09
G07	7	24	91207024	R1	6.530828069622359	55.0764076453145	0.00896	-0.0017582635814785846	0.252197265625	0	-0.0049	0.0014200000000000011	False	0.008960000000000003	6.103515625e-05	3.469446951953614e-18	False	1332264.0	39883.0	342.9044774	3169939456.0	world_g07_n024.mat	408DAC6843AE2765F4B46F0ED0FAFE3C5EF7D0DFAB698EFED4D6629B831A62F7	59B22764181C475D824B3847F1FC4F2E3EA726C62618AB02D8691B028031CC55	AE9B0EEE540CC07AA3D3FE45D445B0C71815E95D7D461C6AB615903532705D09
G07	7	24	91207024	R2	6.530828069622359	55.0764076453145	0.00896	-0.0005918819774769089	0.74951171875	0	-0.0043799999999999985	0.00349	False	0.008960000000000003	0.001220703125	3.469446951953614e-18	False	1332264.0	39883.0	342.9044774	3169939456.0	world_g07_n024.mat	408DAC6843AE2765F4B46F0ED0FAFE3C5EF7D0DFAB698EFED4D6629B831A62F7	59B22764181C475D824B3847F1FC4F2E3EA726C62618AB02D8691B028031CC55	AE9B0EEE540CC07AA3D3FE45D445B0C71815E95D7D461C6AB615903532705D09
G07	7	25	91207025	R1	6.530828069622359	55.0764076453145	0.00896	0.0018060119796751216	0.279083251953125	0	-0.001469999999999999	0.005180000000000001	False	0.008960000000000003	0.000946044921875	3.469446951953614e-18	False	1332264.0	40341.0	367.0791133	3170856960.0	world_g07_n025.mat	BB144349657ACD37D4F1CAF37B5127BF1826276C32EB6138CB456E92BE78A8F3	59B22764181C475D824B3847F1FC4F2E3EA726C62618AB02D8691B028031CC55	AE9B0EEE540CC07AA3D3FE45D445B0C71815E95D7D461C6AB615903532705D09
G07	7	25	91207025	R2	6.530828069622359	55.0764076453145	0.00896	-0.0005486942286746256	0.7490234375	0	-0.00426	0.003160000000000003	False	0.008960000000000003	0.000732421875	3.469446951953614e-18	False	1332264.0	40341.0	367.0791133	3170856960.0	world_g07_n025.mat	BB144349657ACD37D4F1CAF37B5127BF1826276C32EB6138CB456E92BE78A8F3	59B22764181C475D824B3847F1FC4F2E3EA726C62618AB02D8691B028031CC55	AE9B0EEE540CC07AA3D3FE45D445B0C71815E95D7D461C6AB615903532705D09
G07	7	26	91207026	R1	6.530828069622359	55.0764076453145	0.00896	-0.002079474956919876	0.305999755859375	0	-0.006229999999999999	0.002020000000000001	False	0.008960000000000003	9.1552734375e-05	3.469446951953614e-18	False	1332264.0	40126.0	366.630589	3158466560.0	world_g07_n026.mat	76C98066C73F01D960A7B343FE85C245B29A4D5B0A525885AB00C121912E9B54	59B22764181C475D824B3847F1FC4F2E3EA726C62618AB02D8691B028031CC55	AE9B0EEE540CC07AA3D3FE45D445B0C71815E95D7D461C6AB615903532705D09
G07	7	26	91207026	R2	6.530828069622359	55.0764076453145	0.00896	-0.0023115853240420698	0.151123046875	0	-0.005609999999999999	0.0010400000000000027	False	0.008960000000000003	0.000244140625	3.469446951953614e-18	False	1332264.0	40126.0	366.630589	3158466560.0	world_g07_n026.mat	76C98066C73F01D960A7B343FE85C245B29A4D5B0A525885AB00C121912E9B54	59B22764181C475D824B3847F1FC4F2E3EA726C62618AB02D8691B028031CC55	AE9B0EEE540CC07AA3D3FE45D445B0C71815E95D7D461C6AB615903532705D09
G07	7	27	91207027	R1	6.530828069622359	55.0764076453145	0.00896	7.98969417861548e-05	0.95751953125	0	-0.0030199999999999984	0.0032200000000000006	False	0.008960000000000003	0.0001220703125	3.469446951953614e-18	False	1332264.0	40216.0	313.2516255	3163279360.0	world_g07_n027.mat	993C424D8E09DF1C0482E7C0BA83A35A0BEF15FAD0724243FD0264BFACFF2662	59B22764181C475D824B3847F1FC4F2E3EA726C62618AB02D8691B028031CC55	AE9B0EEE540CC07AA3D3FE45D445B0C71815E95D7D461C6AB615903532705D09
G07	7	27	91207027	R2	6.530828069622359	55.0764076453145	0.00896	-0.0007627101154308216	0.552734375	0	-0.003429999999999999	0.0017800000000000003	False	0.008960000000000003	0.000244140625	3.469446951953614e-18	False	1332264.0	40216.0	313.2516255	3163279360.0	world_g07_n027.mat	993C424D8E09DF1C0482E7C0BA83A35A0BEF15FAD0724243FD0264BFACFF2662	59B22764181C475D824B3847F1FC4F2E3EA726C62618AB02D8691B028031CC55	AE9B0EEE540CC07AA3D3FE45D445B0C71815E95D7D461C6AB615903532705D09
G07	7	28	91207028	R1	6.530828069622359	55.0764076453145	0.00896	-0.0019716182359498418	0.081146240234375	0	-0.0042699999999999995	0.0002500000000000002	False	0.008960000000000003	3.0517578125e-05	3.469446951953614e-18	False	1332264.0	40362.0	339.914957	3163201536.0	world_g07_n028.mat	6CCE671978046C92E31DACE3BE2F93CB95E66BF8DDC2BA50EA822245F4DDA3F6	59B22764181C475D824B3847F1FC4F2E3EA726C62618AB02D8691B028031CC55	AE9B0EEE540CC07AA3D3FE45D445B0C71815E95D7D461C6AB615903532705D09
G07	7	28	91207028	R2	6.530828069622359	55.0764076453145	0.00896	-0.0032018486617881275	0.135986328125	0	-0.007569999999999999	0.0012600000000000007	False	0.008960000000000003	0.00048828125	3.469446951953614e-18	False	1332264.0	40362.0	339.914957	3163201536.0	world_g07_n028.mat	6CCE671978046C92E31DACE3BE2F93CB95E66BF8DDC2BA50EA822245F4DDA3F6	59B22764181C475D824B3847F1FC4F2E3EA726C62618AB02D8691B028031CC55	AE9B0EEE540CC07AA3D3FE45D445B0C71815E95D7D461C6AB615903532705D09
G07	7	29	91207029	R1	6.530828069622359	55.0764076453145	0.00896	-0.001503949761898847	0.2689208984375	0	-0.004240000000000001	0.0013200000000000017	False	0.008960000000000003	9.1552734375e-05	3.469446951953614e-18	False	1332264.0	39752.0	372.0805806	3163213824.0	world_g07_n029.mat	349479B8D2BEEA097A6BBC6120FB42E5F73C764E779FDE9470173ED9811E174D	59B22764181C475D824B3847F1FC4F2E3EA726C62618AB02D8691B028031CC55	AE9B0EEE540CC07AA3D3FE45D445B0C71815E95D7D461C6AB615903532705D09
G07	7	29	91207029	R2	6.530828069622359	55.0764076453145	0.00896	-0.0028930996846431977	0.0498046875	1	-0.005479999999999999	-9.999999999999593e-06	False	0.008960000000000003	0.00048828125	3.469446951953614e-18	False	1332264.0	39752.0	372.0805806	3163213824.0	world_g07_n029.mat	349479B8D2BEEA097A6BBC6120FB42E5F73C764E779FDE9470173ED9811E174D	59B22764181C475D824B3847F1FC4F2E3EA726C62618AB02D8691B028031CC55	AE9B0EEE540CC07AA3D3FE45D445B0C71815E95D7D461C6AB615903532705D09
G07	7	30	91207030	R1	6.530828069622359	55.0764076453145	0.00896	-0.005292992755067356	0.011016845703125	1	-0.00906	-0.0014599999999999995	False	0.008960000000000003	6.103515625e-05	3.469446951953614e-18	False	1332264.0	40222.0	366.9367718	3150802944.0	world_g07_n030.mat	D2C43CA6A311D942B7D2A97BBB6FB9E14F1CE05C7392E89F70A9A5091527C747	59B22764181C475D824B3847F1FC4F2E3EA726C62618AB02D8691B028031CC55	AE9B0EEE540CC07AA3D3FE45D445B0C71815E95D7D461C6AB615903532705D09
G07	7	30	91207030	R2	6.530828069622359	55.0764076453145	0.00896	-0.00197218801056362	0.318115234375	0	-0.006199999999999999	0.0022199999999999998	False	0.008960000000000003	0.000244140625	3.469446951953614e-18	False	1332264.0	40222.0	366.9367718	3150802944.0	world_g07_n030.mat	D2C43CA6A311D942B7D2A97BBB6FB9E14F1CE05C7392E89F70A9A5091527C747	59B22764181C475D824B3847F1FC4F2E3EA726C62618AB02D8691B028031CC55	AE9B0EEE540CC07AA3D3FE45D445B0C71815E95D7D461C6AB615903532705D09
G07	7	31	91207031	R1	6.530828069622359	55.0764076453145	0.00896	-0.0017098447474091915	0.111175537109375	0	-0.003879999999999998	0.0004299999999999998	False	0.008960000000000003	3.0517578125e-05	3.469446951953614e-18	False	1332264.0	40047.0	320.5617812	3174744064.0	world_g07_n031.mat	AC3CD0DC57200B9ED4E1E0E6C83113186D37571F28AA58EA3E848943B330CD78	59B22764181C475D824B3847F1FC4F2E3EA726C62618AB02D8691B028031CC55	AE9B0EEE540CC07AA3D3FE45D445B0C71815E95D7D461C6AB615903532705D09
G07	7	31	91207031	R2	6.530828069622359	55.0764076453145	0.00896	-0.0016980739150612395	0.206298828125	0	-0.004449999999999999	0.0011800000000000005	False	0.008960000000000003	0.000244140625	3.469446951953614e-18	False	1332264.0	40047.0	320.5617812	3174744064.0	world_g07_n031.mat	AC3CD0DC57200B9ED4E1E0E6C83113186D37571F28AA58EA3E848943B330CD78	59B22764181C475D824B3847F1FC4F2E3EA726C62618AB02D8691B028031CC55	AE9B0EEE540CC07AA3D3FE45D445B0C71815E95D7D461C6AB615903532705D09
G07	7	32	91207032	R1	6.530828069622359	55.0764076453145	0.00896	-0.001423230032204883	0.319732666015625	0	-0.004419999999999999	0.0015800000000000015	False	0.008960000000000003	3.0517578125e-05	3.469446951953614e-18	False	1332264.0	40037.0	342.6681556	3174600704.0	world_g07_n032.mat	F473F3F20C57E9E1A275997460DA95AC455250A8ECF53D603C91F7FB08413A6D	59B22764181C475D824B3847F1FC4F2E3EA726C62618AB02D8691B028031CC55	AE9B0EEE540CC07AA3D3FE45D445B0C71815E95D7D461C6AB615903532705D09
G07	7	32	91207032	R2	6.530828069622359	55.0764076453145	0.00896	-0.0001757269822963496	0.884033203125	0	-0.0027100000000000006	0.002400000000000003	False	0.008960000000000003	0.000244140625	3.469446951953614e-18	False	1332264.0	40037.0	342.6681556	3174600704.0	world_g07_n032.mat	F473F3F20C57E9E1A275997460DA95AC455250A8ECF53D603C91F7FB08413A6D	59B22764181C475D824B3847F1FC4F2E3EA726C62618AB02D8691B028031CC55	AE9B0EEE540CC07AA3D3FE45D445B0C71815E95D7D461C6AB615903532705D09
G07	7	33	91207033	R1	6.530828069622359	55.0764076453145	0.00896	-0.0015284137103921248	0.206451416015625	0	-0.004029999999999999	0.0009600000000000025	False	0.008960000000000003	3.0517578125e-05	3.469446951953614e-18	False	1332264.0	40349.0	368.6414943	3174580224.0	world_g07_n033.mat	BEC244C17373065E6620BBF4F769DB8DD460875F4764C7700B85A92099D5B30D	59B22764181C475D824B3847F1FC4F2E3EA726C62618AB02D8691B028031CC55	AE9B0EEE540CC07AA3D3FE45D445B0C71815E95D7D461C6AB615903532705D09
G07	7	33	91207033	R2	6.530828069622359	55.0764076453145	0.00896	-0.001982239533538536	0.300537109375	0	-0.00592	0.0018100000000000026	False	0.008960000000000003	0.000244140625	3.469446951953614e-18	False	1332264.0	40349.0	368.6414943	3174580224.0	world_g07_n033.mat	BEC244C17373065E6620BBF4F769DB8DD460875F4764C7700B85A92099D5B30D	59B22764181C475D824B3847F1FC4F2E3EA726C62618AB02D8691B028031CC55	AE9B0EEE540CC07AA3D3FE45D445B0C71815E95D7D461C6AB615903532705D09
G07	7	34	91207034	R1	6.530828069622359	55.0764076453145	0.00896	-0.002432171508450264	0.025238037109375	1	-0.004619999999999999	-0.0002999999999999982	False	0.008960000000000003	3.0517578125e-05	3.469446951953614e-18	False	1332264.0	40229.0	365.997032	3163148288.0	world_g07_n034.mat	37F5F5F42427BFC38EED81A7DB343B6647683D051C53BD4EA775E66F07B6C9D8	59B22764181C475D824B3847F1FC4F2E3EA726C62618AB02D8691B028031CC55	AE9B0EEE540CC07AA3D3FE45D445B0C71815E95D7D461C6AB615903532705D09
G07	7	34	91207034	R2	6.530828069622359	55.0764076453145	0.00896	0.0011020820577510681	0.330810546875	0	-0.0011800000000000005	0.0034000000000000002	False	0.008960000000000003	0.00048828125	3.469446951953614e-18	False	1332264.0	40229.0	365.997032	3163148288.0	world_g07_n034.mat	37F5F5F42427BFC38EED81A7DB343B6647683D051C53BD4EA775E66F07B6C9D8	59B22764181C475D824B3847F1FC4F2E3EA726C62618AB02D8691B028031CC55	AE9B0EEE540CC07AA3D3FE45D445B0C71815E95D7D461C6AB615903532705D09
G07	7	35	91207035	R1	6.530828069622359	55.0764076453145	0.00896	-0.0007782555214688474	0.558135986328125	0	-0.0036199999999999982	0.002080000000000002	False	0.008960000000000003	3.0517578125e-05	3.469446951953614e-18	False	1332264.0	39943.0	364.1076389	3164663808.0	world_g07_n035.mat	03946557ABDC2DB7BC02C548681881C94692C3242BCBEC2572C64A46F3E814F0	59B22764181C475D824B3847F1FC4F2E3EA726C62618AB02D8691B028031CC55	AE9B0EEE540CC07AA3D3FE45D445B0C71815E95D7D461C6AB615903532705D09
G07	7	35	91207035	R2	6.530828069622359	55.0764076453145	0.00896	-0.0018652465064717706	0.196044921875	0	-0.004829999999999999	0.0010700000000000015	False	0.008960000000000003	0.000244140625	3.469446951953614e-18	False	1332264.0	39943.0	364.1076389	3164663808.0	world_g07_n035.mat	03946557ABDC2DB7BC02C548681881C94692C3242BCBEC2572C64A46F3E814F0	59B22764181C475D824B3847F1FC4F2E3EA726C62618AB02D8691B028031CC55	AE9B0EEE540CC07AA3D3FE45D445B0C71815E95D7D461C6AB615903532705D09
G07	7	36	91207036	R1	6.530828069622359	55.0764076453145	0.00896	-0.002945806510928563	0.21063232421875	0	-0.00771	0.0016000000000000007	False	0.008960000000000003	0.0001220703125	3.469446951953614e-18	False	1332264.0	40286.0	349.5075728	3161673728.0	world_g07_n036.mat	A995A5E11F3AE42187D0B4AF250FD9C08618DC3098E5EF2506DDD0A82D26941D	59B22764181C475D824B3847F1FC4F2E3EA726C62618AB02D8691B028031CC55	AE9B0EEE540CC07AA3D3FE45D445B0C71815E95D7D461C6AB615903532705D09
G07	7	36	91207036	R2	6.530828069622359	55.0764076453145	0.00896	-0.0019689490840109065	0.219482421875	0	-0.005379999999999999	0.0013900000000000023	False	0.008960000000000003	0.000244140625	3.469446951953614e-18	False	1332264.0	40286.0	349.5075728	3161673728.0	world_g07_n036.mat	A995A5E11F3AE42187D0B4AF250FD9C08618DC3098E5EF2506DDD0A82D26941D	59B22764181C475D824B3847F1FC4F2E3EA726C62618AB02D8691B028031CC55	AE9B0EEE540CC07AA3D3FE45D445B0C71815E95D7D461C6AB615903532705D09
