label_index	label_time_s	z_e	luminance_pre	luminance_post	luminance_delta	rms_contrast_pre	rms_contrast_post	rms_contrast_delta	global_motion_pre	global_motion_post	global_motion_delta	SF_low_pre	SF_low_post	SF_low_delta	SF_mid_pre	SF_mid_post	SF_mid_delta	SF_high_pre	SF_high_post	SF_high_delta	edge_density_pre	edge_density_post	edge_density_delta	novelty_pre	novelty_post	novelty_delta	audio_rms_envelope_pre	audio_rms_envelope_post	audio_rms_envelope_delta	source_complete	movie_time_linear	movie_time_quadratic	luminance_delta_z	rms_contrast_delta_z	global_motion_delta_z	SF_low_delta_z	SF_mid_delta_z	SF_high_delta_z	edge_density_delta_z	novelty_delta_z	audio_rms_envelope_delta_z	movie_time_linear_z	movie_time_quadratic_z
0	3.5	-0.59699225859600002	0.20628794059157399	0.20767039880156499	0.0013824582099915301	0.971181812882423	0.98638688921928397	0.0152050763368609	0.37154074925929298	0.43778954893350602	0.066248799674213002	0.977440321445465	0.98010080754756901	0.0026604861021042301	0.0216733747161925	0.019073449540883299	-0.0025999251753091798	0.00088631393737159702	0.00082575190172064997	-6.0562035650946199e-05	0.016355952510127302	0.016957826967592599	0.00060187445746527602	0.0072342507977737102	0.0087647492531687	0.0015304984553949901	0.184609172340052	0.0148601769063371	-0.16974899543371499	1	-237.375	56346.890625	0.049352982990498201	-0.0118077133727946	0.045205591027635099	0.080488749668447199	-0.13661215461545001	-0.040025108032666602	0.078970954133219307	0.101062823299923	-1.9906818638234001	-1.7306838186814599	2.2319525408659802
1	3.75	-0.91678479320999995	0.20541403433308	0.20662604039534899	0.00121200606226923	0.97050783876329705	1.0053344633430199	0.0348266245797276	0.522449970431626	0.34102372876368398	-0.181426241667941	0.97897136453539102	0.97982374001294403	0.00085237547755256905	0.0201661491126288	0.019335871277144201	-0.00083027783548459203	0.00086245435686578304	0.00084040208530495903	-2.2052271560824e-05	0.0164011637369792	0.016887092590332001	0.00048592885335286401	0.010982769001566301	0.0074403920734766801	-0.0035423769280896501	0.037170210586773701	0.0140638276376591	-0.023106382949114601	1	-237.125	56228.265625	0.044246347938745198	0.00158783571664831	-0.132080507472741	0.040362018081045302	-0.0587582157310058	-0.037506727458149598	0.063964978650276005	-0.23636310115404	-0.27334355416015899	-1.7288610869082299	2.2249005581144199
4	4.5	4.1750393859999999	0.20478945598006201	0.280575833469629	0.075786377489566806	1.01512165665627	0.78338193297386205	-0.231739723682404	0.37737307259812902	1.76918620318174	1.3918131305836099	0.97991752624511697	0.970541003346443	-0.0093765228986738593	0.019229710288345799	0.028562340047210401	0.0093326297588646294	0.00085275748278945695	0.00089664926344994395	4.3891780660487802e-05	0.016928213614004602	0.050026561595775502	0.033098347981770797	0.0081566683846176595	0.036314892419613901	0.028158224034996199	0.0132035696770922	0.019033468686575201	0.0058298990094830397	1	-236.375	55873.140625	2.2784458237560599	-0.18039589765347699	0.99404616561560499	-0.18664414736274401	0.38834916489385102	-0.033194256996621103	4.2847473500633901	1.8722249829411299	0.065530560974251098	-1.7233928915885499	2.2037891956305899
5	4.75	4.2712077602800003	0.202644167840481	0.307438042853028	0.104793875012547	1.02167852260172	0.70502418857067795	-0.31665433403104498	0.54456883948296297	0.26989786121994302	-0.27467097826302	0.98024673387408201	0.96784894373267905	-0.012397790141403599	0.018923785700462801	0.031373058306053303	0.0124492726055905	0.00082949949610338096	0.00077799834507459305	-5.1501151028787397e-05	0.0172439151340061	0.058432331791630501	0.041188416657624398	0.0110429712221958	0.0062667228201462397	-0.0047762484020495303	0.018372860611041202	0.21725492527781801	0.19888206466677599	1	-236.125	55755.015625	3.1474915095624101	-0.23836674772386701	-0.19882520434270001	-0.25369401591428198	0.52546288029529797	-0.039432563353166999	5.3317846494463597	-0.31843494232595798	2.32637326030587	-1.7215701598153199	2.1967669367262501
7	5.25	-0.15038585292199999	0.30701984623447098	0.30734749101102299	0.00032764477655289299	0.70666080787777896	0.70323840547353	-0.0034224024042487401	0.63007677439017895	0.22620057715103001	-0.40387619723914903	0.96759277302771796	0.96706570181995599	-0.00052707120776185302	0.031558148865587998	0.032207009056583101	0.00064886019099504705	0.00084907435248169304	0.00072725942045508401	-0.000121814932026609	0.059512060659903103	0.057634325380678503	-0.0018777352792245399	0.0126504642186773	0.0050693508310359903	-0.0075811133876413301	0.12526233776753701	0.121476051290696	-0.0037862864768405799	1	-235.625	55519.140625	0.017751461248257799	-0.0245246153624121	-0.291310458626035	0.0097484670465403395	0.00631504430430593	-0.0440307961486563	-0.24194645537857201	-0.50500253746403201	-0.047085024964150499	-1.7179246962688599	2.1827447118029899
10	6	-0.92411926625499996	0.30828289352357402	0.30926007479429202	0.00097718127071849703	0.70071763396263098	0.69677680507302298	-0.0039408288896083396	0.272835493087769	0.22297565261833399	-0.049859840469435403	0.96645550951361703	0.96694615557789798	0.00049064606428139701	0.032805123133584899	0.0323100647889078	-0.00049505834467709203	0.00073939002468250705	0.00074375983094796504	4.3698062654586398e-06	0.058247601544415502	0.058331242314091397	8.3640769675929997e-05	0.0059258892870275399	0.00478454697367851	-0.0011413423133490299	0.088910952770643301	0.012143994337400699	-0.076766958433242605	1	-234.875	55166.265625	0.037211150508981501	-0.0248785429601707	-0.037905116057358898	0.032334290752580701	-0.044010555469618101	-0.035778831972205702	0.011899829937233101	-0.076656571172556295	-0.90176499616868	-1.7124565009491699	2.1617671066316202
12	6.5	-0.41704803538899998	0.309120880067348	0.31202937066554998	0.0029084905982018098	0.69722938239574395	0.69327393472194698	-0.0039554476737977398	0.229598106071353	0.29148041829466798	0.061882312223315299	0.966992500424385	0.966760629415512	-0.000231871008872786	0.032251944020390499	0.032516307942569302	0.00026436392217874698	0.00075555469084065397	0.00072303822089452301	-3.2516469946131202e-05	0.058228104202835702	0.058965951425057901	0.00073784722222221299	0.0050883722666185396	0.0064198670093901502	0.00133149474277161	0.0160950114923753	0.209370980224031	0.19327596873165601	1	-234.375	54931.640625	0.095071916942808102	-0.024888523143121202	0.042080053952419302	0.016299736080926101	-0.0106005005842526	-0.038191043100275497	0.096568895770682298	0.087825949411727999	2.26072001563226	-1.7088110374027099	2.14781919132639
14	7	-0.45789581983099997	0.31147528141737002	0.31512769199907797	0.0036524105817079501	0.69334151595830895	0.68940021321177503	-0.0039413027465343697	0.331068694777787	0.28112048120237898	-0.0499482135754079	0.967074106633663	0.96691913902759596	-0.00015496760606770199	0.032212933292612399	0.032370736123994	0.000157802831381552	0.00071291373387793999	0.00071016308138496201	-2.7506524929776601e-06	0.058563712791160301	0.057987043592664898	-0.00057666919849536796	0.0072063668339978904	0.0060677508081425904	-0.0011386160258553	0.20785593053366699	0.063157449718605305	-0.14469848081506101	1	-233.875	54697.515625	0.117359273917983	-0.024878866460316298	-0.0379683736350514	0.018006424908819402	-0.015288553657700999	-0.036244480761352497	-0.073559168438548095	-0.076475230215336504	-1.69731414687884	-1.7051655738562499	2.1339009998683802
15	7.25	-0.87598158619699995	0.312544603645802	0.31781949615105998	0.0052748925052582604	0.69361096397042299	0.68565566223114705	-0.0079553017392753906	0.217307801637799	0.27319887727498998	0.055891075637191499	0.96626622229814496	0.9675741314888	0.00130790919065482	0.032998613792005901	0.0317292441148311	-0.0012693696771748401	0.00073515989734005403	0.00069664922339143201	-3.8510673948621698e-05	0.059572601318359397	0.057364280135543302	-0.0022083211828161199	0.0048050952580524602	0.0061649287788895901	0.0013598335208371299	0.13586665832220499	0.0133931177022007	-0.122473540620004	1	-233.625	54580.640625	0.165967772973897	-0.0276192068191249	0.037791519452573301	0.050471509605768301	-0.078075640529892201	-0.038583039449155698	-0.28473172526678803	0.089710923447909402	-1.4370368606230901	-1.7033428420830199	2.1269530505820802
18	8	-0.64312692616099998	0.31781186684966101	0.31317749321460697	-0.0046343736350535902	0.68555891811847702	0.69113436341285694	0.0055754452943801401	0.31779131814837502	0.39591064760461497	0.078119329456240102	0.96791706085205098	0.96719058975577399	-0.00072647109627721495	0.031393946870230102	0.032108552823774499	0.00071460595354438201	0.00068903093342669302	0.00070082860183902102	1.17976684123279e-05	0.057835049099392397	0.056114225034360497	-0.0017208240650318301	0.0070708041894249601	0.0078179972726502497	0.00074719308322528804	0.014749111164128	0.013894714866332401	-0.00085439629779565705	1	-232.875	54230.765625	-0.130907370492817	-0.0183818222935659	0.053702530811247901	0.0053232589335147603	0.0092074661243135708	-0.035293080262663	-0.22163860626950299	0.048960707763120601	-0.012749525624024999	-1.6978746467633301	2.10615378849399
20	8.5	0.42734357531799999	0.31380181759595899	0.306771677732468	-0.0070301398634910498	0.68994361162185702	0.70968133807182299	0.019737726449966402	0.33000790253281598	0.35683176815509798	0.0268238656222822	0.96766143739223498	0.96516319513320903	-0.0024982422590256199	0.031654134579002902	0.034016601368784899	0.0023624667897820498	0.00068438768794294497	0.00082021916168741895	0.00013583147374447401	0.0567284478081597	0.056211457429108803	-0.00051699037905093804	0.0067551645799539999	0.0071654857369139796	0.00041032115695998299	0.013789854747104599	0.019525757516261299	0.0057359027691567203	1	-232.375	53998.140625	-0.202682962419516	-0.0087132920588471902	0.0169851748572157	-0.033997004393588298	0.081703524489949594	-0.027181778276992901	-0.065835383580211695	0.026553431307499101	0.064429766725283	-1.6942291832168701	2.0923247685776198
21	8.75	-0.36744821564800001	0.31165219023823698	0.305493148230016	-0.0061590420082211503	0.69434527922421696	0.71708245761692502	0.022737178392708401	0.45950865955092002	0.369223093288019	-0.090285566262900893	0.96642537359148295	0.96519851889461294	-0.00122685469686989	0.0328376142308116	0.033970998506993103	0.00113338427618145	0.00073702198569662895	0.00083046907639072699	9.3447090694098704e-05	0.055312622918022997	0.0566568586561415	0.00134423573811849	0.0083897476841229904	0.00729409437917639	-0.0010956533049466101	0.0155907459342373	0.0303561562033028	0.0147654102690655	1	-232.125	53882.015625	-0.176585439445059	-0.00666557873658008	-0.0668419001843822	-0.0057815695869740703	0.027631217118649101	-0.0299535430348126	0.17504924241544001	-0.073617534190145495	0.17017474006046199	-1.6924064514436401	2.08542140506214
24	9.5	0.895391724517	0.30476493090391199	0.30424533486366301	-0.00051959604024881501	0.71977640688419298	0.73666335344314604	0.016886946558952402	0.54282784685492602	1.30467956066131	0.76185171380638905	0.96581739187240601	0.96396564841270405	-0.0018517434597016299	0.033352761156857001	0.035051933862268903	0.00169917270541191	0.00082982293970417203	0.00098243324900977309	0.00015261030930560101	0.0559950086805555	0.056734777379918999	0.00073976869936341605	0.0093468814986408799	0.020023371698334801	0.010676490199693901	0.12050365602188	0.014595570673264099	-0.105908085348616	1	-231.375	53534.390625	-0.0076313204307644602	-0.010659507591923601	0.54311901049739197	-0.019649495209251799	0.052522536874595301	-0.026084511271116901	0.096817578237712101	0.70941498771845501	-1.24303805991599	-1.6869382561239501	2.0647559002865199
26	10	1.1822593697999999	0.30634392909705599	0.30267621651291798	-0.0036677125841379499	0.730727326869965	0.71665318906307196	-0.014074137806892401	1.10187840610743	5.6235728859901402	4.5216944798827203	0.96585239395499201	0.96109771132469202	-0.0047546826303005397	0.033229087176732702	0.037909356458112602	0.0046802692813798698	0.00091853911362704799	0.00099287762714084194	7.4338513513794101e-05	0.055473610206886598	0.056869365550853597	0.0013957553439670101	0.0147477659047581	0.072477247612550894	0.057729481707792699	0.016009729485284799	0.023385187620844801	0.0073754581355599596	1	-230.875	53303.265625	-0.101946836573276	-0.031796510663831101	3.2344190759395701	-0.084073352539364696	0.18367302398636101	-0.031203165584172202	0.181717041062676	3.8391782792895199	0.083630674250262799	-1.6832927925775001	2.0510160519117902
27	10.25	1.00749801571	0.30087975431233599	0.307865937426686	0.00698618311434979	0.74295682720839995	0.69378045722842197	-0.049176369979977499	1.84042826388031	5.2251241426914996	3.3846958788111801	0.96168830357491997	0.954789551906288	-0.0068987516686320697	0.037261694238986801	0.044053243671078199	0.0067915494320914104	0.0010500120573851701	0.0011572356248507299	0.000107223567465553	0.0582923041449653	0.058350464149757697	5.8160004792390299e-05	0.0292798148351722	0.068882827972993305	0.039603013137821101	0.015009181664098	0.032622584060137502	0.0176134023960395	1	-230.625	53187.890625	0.21723692226241301	-0.055760658059515203	2.4205540821475999	-0.131655885177444	0.27655677100328302	-0.0290526179757724	0.0086020444277598099	2.6334832933214298	0.20352770549392499	-1.6814700608042701	2.0441572741671301
30	11	-0.069742311370199997	0.30994827896356603	0.31229893937706898	0.0023506604135036199	0.68673168122768402	0.68922662660479606	0.0024949453771113701	3.24734372645616	0.60538858845830001	-2.6419551379978601	0.94918076768517501	0.939535219967365	-0.0096455477178096806	0.049491138290613898	0.059012461267411699	0.0095213229767977994	0.0013281561899930201	0.0014522995261359	0.000124143336142879	0.0603401749222367	0.067025643807870405	0.0066854688856336896	0.046541410393547297	0.0125454574241303	-0.033995952969417001	0.045111517158415798	0.058068795722884002	0.012957278564468201	1	-229.875	52842.515625	0.078359688835558494	-0.0204848667297663	-1.89333011063784	-0.19261451585747599	0.39665054219444601	-0.0279461345223143	0.86632524441539205	-2.26200443311502	0.148999627365658	-1.6760018654845801	2.0236255267039698
31	11.25	-0.26563039514699999	0.31258587446063801	0.31129071963950999	-0.0012951548211276899	0.68208104539662595	0.68813881296664503	0.0060577675700187496	0.71905750390142398	0.49646727638319099	-0.22259022751823301	0.941687938943505	0.93846123665571202	-0.0032267022877933101	0.056848284089937799	0.0600332333124243	0.00318494922248648	0.0014637801010394501	0.0015055217318149499	4.1741630775504399e-05	0.064637890568485998	0.068518137048792005	0.0038802464803060102	0.013420453231083301	0.0108205516589805	-0.0025999015721027102	0.12872358409999901	0.033979248042098002	-0.094744336057901293	1	-229.625	52727.640625	-0.030866555117178798	-0.018052542889092901	-0.16154573905431599	-0.050163448885202501	0.117887850942048	-0.033334867977513297	0.50326621375357905	-0.17367368061272101	-1.11229888382259	-1.6741791337113501	2.0167964728065302
34	12	-0.337658605517	0.30957178734242902	0.30722836069762699	-0.0023434266448021401	0.69261436760425599	0.69795246496796604	0.0053380973637102702	0.43715116307139401	0.71248077601194404	0.27532961294054997	0.93954243585467301	0.93815495967865004	-0.0013874761760234199	0.058961069816723499	0.060267371498048297	0.00130630168132484	0.001496483986557	0.00157767866330687	8.1194676749873896e-05	0.067940690782335098	0.068461241545500595	0.00052055076316549797	0.0096385243348777305	0.0139449497801252	0.0043064254452474396	0.078645400346258304	0.024020239049875498	-0.054625161296382799	1	-228.875	52383.765625	-0.062272094502123801	-0.0185438587351969	0.194865893714605	-0.0093461827769236502	0.0352385526533237	-0.0307548006378419	0.068445834425690799	0.28570558701083698	-0.642461402051967	-1.6687109383916601	1.9963538968850101
35	12.25	0.449489642227	0.30701606664806602	0.30569591969251603	-0.00132014695554972	0.69840805586427401	0.70162400919944001	0.0032159533351660001	0.39509120080620103	0.76906902492046403	0.373977824114262	0.93980119973421095	0.93689459227025496	-0.0029066074639557699	0.058679227391257902	0.061501778254751102	0.0028225508634932401	0.0015195820313238101	0.0016036259861721199	8.4043954848312202e-05	0.0680062470612703	0.068450426172327106	0.00044417911105684699	0.0090767773217521608	0.0154650733515155	0.0063882960297632898	0.0714405554223978	0.025716673141267701	-0.045723882281130099	1	-228.625	52269.390625	-0.0316153031462479	-0.019992637606128599	0.26547840431823999	-0.043059702629726103	0.101944482420001	-0.030568469540156899	0.058561620635030898	0.424182693872317	-0.53821811833728095	-1.6668882066184301	1.98955456683478
38	13	-0.32795558505799999	0.30688499510288197	0.30800952352583399	0.00112452842295169	0.70046346187591602	0.693643545359373	-0.0068199165165425697	0.771343459933996	0.64116727709770205	-0.13017618283629401	0.93866560310125402	0.94226023405790305	0.0035946309566497999	0.059783796034753298	0.056421257741749303	-0.0033625382930040299	0.00155058318632655	0.0013185011688619901	-0.00023208201746456299	0.068795239483868606	0.065515249746817106	-0.0032799897370515002	0.015814045281149401	0.0132374563836493	-0.00257658889750018	0.036433895246205203	0.065812961211326002	0.029379065965120799	1	-227.875	51927.015625	0.041625574981918698	-0.026844084066409601	-0.095395652475076406	0.10121988156553299	-0.170162587925725	-0.051241811135028903	-0.42342979988379698	-0.17212302143334099	0.34131592709911801	-1.6614200112987401	1.9692011624549099
39	13.25	-0.62327808277899999	0.307836999930441	0.30996010396629597	0.0021231040358543601	0.69644445609301298	0.69218301828950601	-0.0042614378035068503	0.65250123543664695	0.74044081345200496	0.087939578015357997	0.94075302220880996	0.94334904961288002	0.00259602740407017	0.0578115600626916	0.055321532953530601	-0.0024900271091610302	0.00143543564227002	0.00132940897456137	-0.00010602666770864801	0.068270217047797302	0.064741812811957497	-0.00352840423583985	0.0132222334112157	0.015653568669222299	0.0024313352580066002	0.109948910811058	0.0497894211615506	-0.060159489649507097	1	-227.625	51813.140625	0.071542248340488293	-0.025097421327539199	0.060731876779721299	0.0790582415793043	-0.13177729450921799	-0.0429983084379904	-0.45558023721138702	0.16098262576401901	-0.70727417330611997	-1.6595972795255101	1.9624315562518899
42	14	-0.52397740112299995	0.31161854714155202	0.31246860250830599	0.00085005536675453197	0.68932821750640905	0.68276059851050397	-0.0065676189959049704	0.65266889522317795	0.403107313811779	-0.249561581411399	0.94215202555060396	0.93871914967894599	-0.0034328758716583	0.056509113963693403	0.059977702423930197	0.00346858846023678	0.0013388552484684599	0.00130315263522789	-3.5702613240573601e-05	0.065807935926649297	0.068786423294632498	0.0029784873679831901	0.0137670784068177	0.00939336976152845	-0.0043737086452892999	0.084792379121498701	0.099362999900163396	0.0145706207786647	1	-226.875	51472.265625	0.033402541431049301	-0.0266718416021039	-0.18085186726602701	-0.054738983118465701	0.13036628739890199	-0.038399403799696398	0.386558251993187	-0.29165972328618101	0.16789355147197901	-1.6541290842058201	1.9421673234136601
44	14.5	-0.22458052635799999	0.312442268431187	0.310608501732349	-0.0018337666988373399	0.68369189202785496	0.67919591069221497	-0.0044959813356396598	0.36746479421854	1.1704103805124599	0.80294558629391999	0.93865068256855	0.94193860590457901	0.0032879233360288999	0.060045263543724997	0.056758425384759899	-0.0032868381589650801	0.00130405235686339	0.00130298016010784	-1.0721967555575599e-06	0.068916151258680503	0.065039062499999994	-0.0038770887586805098	0.0087630198104307108	0.0194811966735868	0.010718176863155999	0.100849370369854	0.0183692658526774	-0.082480104517176897	1	-226.375	51245.640625	-0.047003015295338402	-0.025257543217993901	0.57253405484787101	0.094413232568866995	-0.166832233071182	-0.036134716642455003	-0.50070787651331194	0.71218780587241703	-0.96867191000774699	-1.6504836206593601	1.9286949896638601
45	14.75	2.4835161385900002	0.31147283967584399	0.31923150038346598	0.00775866070762277	0.68315504677593697	0.57630171701312105	-0.106853329762816	0.37256886484101398	2.9722969323396402	2.5997280674986198	0.93928442206233698	0.96040845829993504	0.021124036237597298	0.059408132848329798	0.038536510383710303	-0.020871622464619499	0.0013074602189590201	0.0010550753237112099	-0.00025238489524781401	0.068330510457356802	0.041243524904604402	-0.0270869855527524	0.0085307033921708294	0.044360528929973497	0.035829825537802701	0.070736212113311603	0.032713380819679297	-0.038022831293632299	1	-226.125	51132.515625	0.240379846579967	-0.095136477772504294	1.8586731596216499	0.49024350160525199	-0.94045796731733899	-0.0525695360438721	-3.5045918522767701	2.38250702881089	-0.448030759687428	-1.64866088888613	1.9219699692316601
47	15.25	0.26008311668	0.316077744681388	0.30859310086816499	-0.0074846438132226698	0.61836091689765504	0.516997454874217	-0.101363462023437	2.4393229519948099	1.8908851534128199	-0.54843779858198904	0.95321108121424902	0.96588814239948995	0.012677061185240699	0.045640027616173001	0.033184016449376998	-0.012456011166796101	0.00114890982131328	0.00092784050411864904	-0.00022106931719463301	0.050514532018590901	0.026928491945619901	-0.023586040072970899	0.037765955229405901	0.0313802149263211	-0.0063857403030848203	0.0208141838468919	0.0539554135618854	0.033141229714993503	1	-225.625	50906.640625	-0.21629960399238199	-0.091388567980312696	-0.394787830250387	0.30278290265244301	-0.57022121284572203	-0.050521625720029599	-3.0514905688008702	-0.42549144412296103	0.385374798019474	-1.64501542533967	1.9085422212526799
49	15.75	0.14231846378099999	0.30986926658079	0.308337464183569	-0.0015318023972213401	0.51511190086603198	0.52016997039318102	0.0050580695271492697	1.99167996868491	1.3503823752980699	-0.641297593386845	0.96319425720721497	0.95915680937468994	-0.0040374478325246902	0.035818092693807597	0.0398566517746076	0.00403855908080004	0.000987660886312369	0.00098651144126051795	-1.1494450518510401e-06	0.027681880527072499	0.029333566736292001	0.0016516862092194799	0.031940336251864203	0.024688327705007399	-0.0072520085468568496	0.066243735641631302	0.098260377527592493	0.032016641885961199	1	-225.125	50681.265625	-0.037956361981690098	-0.0187350325704434	-0.46125698531456499	-0.068156025455114802	0.15544159865479301	-0.036139768364100003	0.21484026568776499	-0.48311189423918399	0.37220469876485901	-1.64136996179322	1.89514419712092
52	16.5	1.1293013837100001	0.30658737719058998	0.31734508872032202	0.0107577115297318	0.52435674369335195	0.61600263416767198	0.091645890474319897	1.70614503026009	2.14000271903355	0.43385768877346198	0.95804181098938002	0.95879974961280801	0.00075793862342843398	0.040954711847007302	0.040218793228268698	-0.00073591861873863196	0.0010034421458840401	0.00098142448696307994	-2.2017658920957601e-05	0.029925876193576399	0.062557983398437697	0.032632107204861302	0.030170877277851098	0.033868755347794502	0.00369787806994337	0.13313504382542701	0.031425467477191299	-0.10170957634823601	1	-224.375	50344.140625	0.33022945102802898	0.040378111391954498	0.30834048491639998	0.038266215840882398	-0.054606972413536597	-0.037504463933510299	4.2244052808576402	0.245227624284902	-1.19386912990545	-1.63590176647353	1.8751028931367899
54	17	-1.7109525001599999	0.31620203964412202	0.31222443208098399	-0.0039776075631380902	0.583899250626564	0.65848452746868102	0.074585276842117201	2.1450713206432201	0.53050168566405598	-1.6145696349791701	0.96231137812137602	0.95484513416886296	-0.0074662439525129401	0.036729408823885	0.0443641453050077	0.0076347364811226804	0.00095919446685002296	0.00079074434179346995	-0.00016845012505655301	0.051759140579788802	0.073495624683521402	0.021736484103732599	0.033331012435519898	0.011540078080724899	-0.021790934354795	0.0295434852314253	0.020989900259341401	-0.0085535849720838608	1	-223.875	50120.015625	-0.111231087803144	0.028730901672442501	-1.1579263069319601	-0.144250031931521	0.313651977209703	-0.047080546439014	2.81426597994537	-1.45017891450989	-0.102915074639111	-1.63225630292707	1.86177917862306
56	17.5	-2.1825727873699998	0.31181205809116402	0.31798006445169402	0.00616800636053089	0.659888991713524	0.64737573862075803	-0.012513253092765899	0.53864115178584804	0.42334324158727898	-0.115297910198569	0.95446732044219995	0.95490224659442902	0.00043492615222917602	0.044716977328062103	0.044327312335372002	-0.00038966499269009502	0.00081573449424468005	0.00077041985932737602	-4.5314634917304503e-05	0.074000379774305597	0.072549890588831004	-0.0014504891854745399	0.0117503564804792	0.0097915172969805595	-0.0019588391834986399	0.026992712544133199	0.103440827461195	0.076448114917062202	1	-223.375	49896.390625	0.19272488093344001	-0.0307309011842813	-0.084745766664728106	0.031097719314620399	-0.039373875946094601	-0.039027990581372497	-0.18665117741546799	-0.131032958585206	0.89254370185710197	-1.62861083938061	1.84848518795654
58	18	-1.96003334449	0.317544839158654	0.32043324522674099	0.0028884060680866601	0.64726009145379104	0.64524591192603098	-0.0020141795277595102	0.48605869691819198	0.40342989414930203	-0.082628802768890203	0.95520335584878902	0.95446184799075096	-0.000741507858037727	0.044041397562250499	0.044750444451347002	0.00070904688909649604	0.00075522086917771995	0.000787685239629354	3.2464370451634401e-05	0.071605597601996501	0.072895445647063101	0.00128984804506656	0.0108278948217049	0.0090941683854907397	-0.00173372643621414	0.12080086186047501	0.080795082241359506	-0.040005779619115098	1	-222.875	49673.265625	0.094470197534431394	-0.023563227482240798	-0.0613611794801995	0.0049895536309106196	0.0089629004111114307	-0.033941562740163501	0.16801024861520999	-0.116059423633778	-0.47125315778669802	-1.62496537583415	1.8352209211372399
60	18.5	-1.89220135614	0.319453637301922	0.32652424275875103	0.0070706054568290804	0.64695298373699195	0.63754195570945704	-0.0094110280275344592	0.35486024767160401	0.43512996267527898	0.080269715003674094	0.95456517636775995	0.954163357615471	-0.000401818752288841	0.044605685770511598	0.045063147693872499	0.00045746192336083201	0.00082911830104421798	0.00077350702777039405	-5.56112732738248e-05	0.072892930772569406	0.074082438151041693	0.0011895073784722299	0.0084319732151925605	0.0101291224418675	0.0016971492266749199	0.103105308703122	0.033157946663471202	-0.069947362039651295	1	-222.375	49450.640625	0.219766160520873	-0.028613025080242799	0.0552417794247144	0.012528148551191	-0.00210533906567091	-0.039701348485077198	0.15502390390310899	0.112147718218329	-0.82190039238998303	-1.62131991228769	1.82198637816515
62	19	1.77774250224	0.32582594975829099	0.31033771075308297	-0.015488239005208	0.63786206170916604	0.52615537270903601	-0.11170668900013001	0.47964187227190003	1.6208463020622601	1.1412044297903601	0.95456733256578497	0.97215621471405	0.0175888821482659	0.044668197445571399	0.026986421342007801	-0.017681776103563598	0.00076445523009169899	0.00085737439294462003	9.2919162852921506e-05	0.073482174343533005	0.029774531611689799	-0.043707642731843202	0.0111152907949873	0.027015993604436302	0.015900702809448899	0.035293649599400699	0.0567216657229484	0.0214280161235476	1	-221.875	49228.515625	-0.45608209012463502	-0.098449845866980204	0.81466015008040604	0.41178913197956601	-0.80012373345296295	-0.029988067349655301	-5.6556796494306303	1.05690721572185	0.24820082048977901	-1.61767444874123	1.80878155904027
63	19.25	2.00777392509	0.32219520648941402	0.308509635366499	-0.0136855711229145	0.61220041662454605	0.52895414102822502	-0.083246275596320501	1.97750854007904	1.25981255359947	-0.71769598647956401	0.95673942677676704	0.97481453716754896	0.018075110390782499	0.042433888727100598	0.024375459749717301	-0.018058428977383301	0.00082671208274405397	0.00081003064060496404	-1.6681442139089899e-05	0.064741198221842405	0.030772131460684301	-0.033969066761158101	0.031879880002816802	0.020095771382329899	-0.011784108620486899	0.083307965309955406	0.0206921886094476	-0.062615776700507803	1	-221.625	49117.640625	-0.402075337394321	-0.079020040423611895	-0.51594304883436504	0.42257981586402898	-0.81669421569487399	-0.037155497249283999	-4.3952883359902497	-0.78456776324025201	-0.73603986276528899	-1.615851716968	1.80219029592054
66	20	-0.57572585296000001	0.30568049326538999	0.31430884897708899	0.0086283557116986192	0.52456100657582305	0.48553756922483399	-0.039023437350988503	1.3131026301533	1.0425023846328201	-0.27060024552047701	0.97397751957178103	0.96012328267097502	-0.013854236900806701	0.025169639731757301	0.038538718409836303	0.013369078678079	0.00085288490008679095	0.0013380073723965301	0.00048512247230974101	0.031166104917173001	0.032423090051721601	0.0012569851345486101	0.019258583156624799	0.018486879067495399	-0.00077170408912941696	0.025902434518942401	0.154881208987383	0.128978774468441	1	-220.875	48785.765625	0.26643534104861999	-0.0488292933297787	-0.19591136885062799	-0.286016401166787	0.56592886701565503	-0.0043395800339235697	0.16375704700997801	-0.052069821037340702	1.5077326469458601	-1.61038352164831	1.78246109233217
67	20.25	-0.29146152954999999	0.30733536649495402	0.31527406908571698	0.0079387025907636192	0.50535140885040197	0.47966662673279598	-0.025684782117605401	1.4569015309214599	1.0321964219212501	-0.42470510900021102	0.96515626758337003	0.95850030761212102	-0.0066559599712492402	0.0336990689917002	0.0401417026063427	0.0064426336146425796	0.0011446715732745399	0.0013579659462266099	0.00021329437295207899	0.031799712004484899	0.031896647700557001	9.6935696072060498e-05	0.021851145883556501	0.016852647612540701	-0.0049984982710157902	0.14536008191859201	0.136552427305385	-0.0088076546132066207	1	-220.625	48675.390625	0.24577378384339599	-0.039723049074517403	-0.30621981922255198	-0.126267698669251	0.26120655397633002	-0.022116022481822002	0.0136204931833744	-0.33321805088404699	-0.105890495771003	-1.60856078987508	1.77589955305965
70	21	-0.48019642182799999	0.31676900871098002	0.33235723562538599	0.0155882269144058	0.47678547650575598	0.44708196222782098	-0.029703514277935099	1.45432385727762	1.7609158217906999	0.30659196451307202	0.95488679856061898	0.93881430178880698	-0.016072496771812401	0.043732847413048101	0.059871972911059897	0.016139125498011799	0.00138031529641012	0.0013137364352587601	-6.6578861151356494e-05	0.031827206081814198	0.033463117811414901	0.0016359117296006901	0.021870544506236801	0.026363165094517201	0.0044926205882803699	0.16361203677128999	0.19364703216728299	0.030034995395993299	1	-219.875	48345.015625	0.47494853794500702	-0.0424666207470836	0.21724352333043201	-0.33524542356525	0.68779442235702204	-0.040418583734699698	0.212798692346302	0.29809048975677599	0.34899754652056197	-1.60309259455539	1.7562595210129199
72	21.5	2.3743846478499999	0.33009912669658698	0.36821808516979199	0.038118958473205802	0.44782150387764003	0.45252920836210198	0.0047077044844626697	1.4114457309246	2.3040104683022999	0.89256473737769804	0.94129441678523995	0.97324794530868597	0.031953528523445199	0.057358147390186798	0.026146132126450301	-0.0312120152637364	0.0013474478269927201	0.000605924884439443	-0.00074152294255327804	0.0340985333478009	0.020375569661458301	-0.013722963686342699	0.022655518911778898	0.042246252857148898	0.019590733945370101	0.17159538398862301	0.026096245631193501	-0.145499138357429	1	-219.375	48125.390625	1.14995454436541	-0.018974225322740099	0.63668355316009695	0.73057842596299705	-1.3953736394440699	-0.084557157513285505	-1.77498609433501	1.3023522687100799	-1.7066906838017299	-1.59944713100894	1.74320332112411
74	22	0.14145366165100001	0.356396416947246	0.37124550119042399	0.0148490842431784	0.46219917237758601	0.41492164954543098	-0.047277522832155097	2.8522170762997301	1.4356961950659799	-1.41652088123375	0.96080542653798995	0.98004915267229098	0.0192437261343005	0.038432878023013498	0.0192621714202687	-0.019170706602744801	0.00076170301072124797	0.00068867907320964102	-7.3023937511606902e-05	0.023742308440031799	0.017094421386718701	-0.0066478870533130804	0.0480992475757379	0.021369746746495399	-0.026729500829242601	0.059565087301175698	0.114414738667073	0.054849651365897603	1	-218.875	47906.265625	0.45280430612643402	-0.054464323037061002	-1.01616276598686	0.44851447364006303	-0.86562780394077299	-0.0408400652859486	-0.85931165106543905	-1.7786711860809601	0.63960311209384102	-1.59580166746248	1.7301768450825199
76	22.5	0.65667364660500005	0.37404456436634098	0.35261066406965302	-0.0214339002966881	0.41359532922506298	0.44199390411376999	0.028398574888706299	1.43382996320725	0.83054018579423206	-0.60328977741301504	0.98043302893638595	0.981618243455887	0.0011852145195006001	0.018899759091436898	0.017782082781195599	-0.00111767631024123	0.00066717488516587797	0.00059967732813674896	-6.7497557029128194e-05	0.0177489104094329	0.014517437970196801	-0.0032314724392361201	0.022566262166947099	0.0134967970690922	-0.0090694650978549105	0.0889080704598256	0.30929200843737598	0.22038393797755099	1	-218.375	47687.640625	-0.63421022029282104	-0.0028005669781674901	-0.43405094400331301	0.047748592064242999	-0.071402036217523404	-0.040478662675901597	-0.41715056759129598	-0.60400131306306504	2.57818267736734	-1.59215620391602	1.71718009288814
77	22.75	0.19964800977399999	0.36670615384355199	0.34942156821489301	-0.017284585628658599	0.41934560555964701	0.45774563709273902	0.038400031533092301	1.3541906006634199	0.94209477081894999	-0.41209582984447501	0.98048435784876398	0.98174666482955197	0.0012623069807885499	0.018836447456851601	0.0176903100684285	-0.0011461373884230899	0.00067922603193437702	0.00056303899000340605	-0.000116187041930971	0.015924036944354	0.014127053154839401	-0.00179698378951462	0.020116983394837001	0.0154958382685436	-0.0046211451262934099	0.12336559073799	0.26557043813203601	0.14220484739404601	1	-218.125	47578.515625	-0.50989946206738501	0.0040273857291074798	-0.29719408173076101	0.049459476597251598	-0.0726541540782355	-0.043662755226380003	-0.231495391846889	-0.30811813730878101	1.66262378899999	-1.59033347214279	1.71069286323366
79	23.25	0.15233649807399999	0.350426215771586	0.328184778150171	-0.0222414376214147	0.45243184072896803	0.49107932737097099	0.038647486642003098	0.86018439139006597	0.94949645055457799	0.089312059164511806	0.98185708262026306	0.98120119683444496	-0.00065588578581809998	0.0175737217767164	0.018172938720090299	0.00059921694337389904	0.00056920861334219797	0.00062584492916357699	5.6636315821378697e-05	0.014114711902759701	0.0133868464717159	-0.00072786543104383502	0.0140282909503185	0.015331496503858901	0.00130320555354044	0.29274873824224801	0.097788704321994893	-0.19496003392025299	1	-217.625	47360.640625	-0.65840351127303198	0.0041963222991384802	0.061714300470377501	0.00688973267043483	0.00413103719772317	-0.032360816685085399	-0.093127370062958098	0.085944273812233102	-2.28592948309146	-1.58668800859633	1.6977406968101101
82	24	-0.59506948547600003	0.326187866553664	0.34530703015625502	0.0191191636025906	0.49777021743357203	0.44789265692233998	-0.049877560511231503	0.89644303619861399	0.87852481901645596	-0.0179182171821585	0.98158034309744802	0.97938203737139695	-0.0021983057260514002	0.017789864772930701	0.020005496591329601	0.00221563181839884	0.00062975015680422097	0.00061243660238687904	-1.7313554417341801e-05	0.0138121993453414	0.014735864709924801	0.00092366536458333797	0.0146949946763925	0.014734128001146001	3.9133324753510799e-05	0.104730065900587	0.100387600132806	-0.00434246576778169	1	-216.875	47034.765625	0.58073309565431797	-0.056239357908589499	-0.0150412629146148	-0.027340623645371199	0.075243660634081097	-0.037196834798865902	0.12061795317050999	0.0018636078917509599	-0.053598465956445997	-1.58121981327664	1.6783681793883001
84	24.5	0.0028178563230399998	0.33950761258602102	0.35212682038545601	0.012619207799434699	0.46595505923032798	0.43025457113981203	-0.035700488090515202	0.95388469398021702	0.82825473994016996	-0.12562995404004701	0.979976266622543	0.98076218068599696	0.00078591406345396297	0.019421081431210001	0.018602481763809901	-0.00081859966740012403	0.00060262977494858201	0.00063535560911986901	3.2725834171287698e-05	0.0148578785083912	0.014006438078703699	-0.00085144042968750299	0.0169358567334712	0.0150606363429688	-0.0018752203905023201	0.060064796227584101	0.17986360241199201	0.119798806184408	1	-216.375	46818.140625	0.385998663834075	-0.046560729738902101	-0.092141456324309506	0.038887064453628203	-0.0582444459171736	-0.033924464085625598	-0.109120761223815	-0.125470994926416	1.4002256205191499	-1.57757434973018	1.66549032258278
85	24.75	0.0564534193361	0.34959890050813602	0.34335005870088903	-0.0062488418072462696	0.43113207221031202	0.42742428174242397	-0.0037077904678882198	0.82161844237707604	1.9111869858577999	1.0895685434807301	0.97851547505706504	0.97124521918594797	-0.0072702558711171799	0.020833428739570101	0.027843800070695701	0.0070103713311255901	0.00065107704194815503	0.00091098014017916595	0.00025990309823100999	0.0144790861341688	0.019147802282262798	0.0046687161480939501	0.013685607838488101	0.037484399721143202	0.023798791882655199	0.15727022576545599	0.064592240167130999	-0.092677985598325199	1	-216.125	46710.015625	-0.17927578279050799	-0.024719448602312701	0.777699119300576	-0.13990054079435801	0.286183630756975	-0.0190680030737892	0.60531196697074496	1.5822542438831599	-1.08809975953467	-1.57575161795695	1.65906254062273
88	25.5	-0.0385797164148	0.33534649610519401	0.33642570376396203	0.00107920765876773	0.41884430348873097	0.404220594465732	-0.0146237090229989	1.9643010199070201	0.79072382189333201	-1.17357719801368	0.96331147849559795	0.96609680354595195	0.0027853250503541102	0.035532755684107603	0.032727262936532497	-0.00280549274757511	0.00115574994706549	0.0011759370565414401	2.0187109475954e-05	0.0229587131076389	0.0252303512008102	0.00227163809317127	0.037526725046337001	0.011766416043974401	-0.025760309002362598	0.13605985678357799	0.18420929710173101	0.048149440318153498	1	-215.375	46386.390625	0.040267794478436397	-0.032171700639279502	-0.84226337943585095	0.083259254359950102	-0.14565590296443001	-0.0347444452371082	0.29507601798214	-1.7142047004221701	0.56113663553452398	-1.57028342263726	1.63982378051338
90	26	0.379289106461	0.33646279945969598	0.33194617368280899	-0.00451662577688694	0.40296896100044199	0.466581354290247	0.0636123932898046	0.66315675936639495	2.1418543323874499	1.4786975730210501	0.96352056488394699	0.98295458480715803	0.0194340199232103	0.035273091541603199	0.016482689348049501	-0.018790402193553799	0.00120634816848906	0.00056271010398631902	-0.00064363806450273896	0.024907034414785902	0.024829355875651	-7.7678539134828196e-05	0.011158487352076999	0.033403518865816301	0.0222450315137393	0.17543547304433299	0.22178249760470201	0.046347024560368801	1	-214.875	46171.265625	-0.12737972154372701	0.021239759869645099	1.0562381561231799	0.45273759344625603	-0.84889667589942097	-0.078155888088613304	-0.00897852600796188	1.47890476469662	0.54002846255302095	-1.5666379590907999	1.6270350952495001
92	26.5	0.53979459863599999	0.33402843773364999	0.33000495582819001	-0.0040234819054603098	0.44824150204658503	0.50310208797454803	0.054860585927963397	2.1286979377269799	1.3475013749674001	-0.78119656275957705	0.98210688233375498	0.97162281274795503	-0.0104840695858002	0.017262472491711402	0.02759477654472	0.0103323040530086	0.00063061899563763299	0.00078239973518066204	0.00015178073954302899	0.024592985930266199	0.0268250641999421	0.0022320782696759198	0.031664258427918	0.023284853514633198	-0.0083794049132848106	0.23696238156823199	0.031199780841518102	-0.20576260072671401	1	-214.375	45956.640625	-0.11260545314619901	0.0152649375118064	-0.56139683925346895	-0.211223522115245	0.432328877489214	-0.026138761730049399	0.28995608483741098	-0.55810146768829205	-2.4124388346715202	-1.5629924955443399	1.61427613383284
93	26.75	0.60553441963599997	0.328336749877781	0.28445984985737499	-0.043876900020405202	0.489344351459295	0.49089493909850701	0.00155058763921256	1.6672562113904901	1.2994441830553101	-0.367812028335184	0.98160967193543902	0.96959529779851406	-0.0120143741369246	0.0178337154735345	0.029335961840115499	0.011502246366581001	0.00055662016329733905	0.00106873883851223	0.00051211867521489104	0.0252654958654333	0.0224345171893084	-0.0028309786761249	0.028790664027929	0.0393128375057131	0.0105221734777841	0.21983009142004201	0.032631789606711301	-0.18719830181333	1	-214.125	45849.515625	-1.30658783821723	-0.021129575815891401	-0.26549568227233	-0.245185006073218	0.483799368433595	-0.0025741391233290302	-0.36531764441732201	0.69915050089138997	-2.1950314850899502	-1.5611697637711199	1.60790779956722
95	27.25	2.6840313595400001	0.326910715689883	0.21967051388346701	-0.107240201806416	0.49537370530888403	0.71093237437307799	0.21555866906419399	1.35620382986963	0.69882151966958606	-0.65738231020004101	0.96860618926584696	0.93618035372346597	-0.0324258355423808	0.030522275634575699	0.061765542090870498	0.031243266456294799	0.00087153015429066697	0.0020540974874165602	0.00118256733312589	0.0270693037245009	0.035119424042878399	0.0080501203183775301	0.025968519778689199	0.0299780261862907	0.0040095064076015197	0.023863436494491502	0.10258624389874001	0.078722807404248599	1	-213.625	45635.640625	-3.2049109876704298	0.124972848150985	-0.47277044534607299	-0.69816903371059802	1.3522866297053799	0.041270452402670903	1.0429419096118	0.26595580543886499	0.91918272911364796	-1.5575243002246599	1.5951934239213701
98	28	-0.092173673827099997	0.25527887977659702	0.25264190249145002	-0.00263697728514672	0.709912633895874	0.73011490479111696	0.020202270895242701	0.83752725403755901	0.99546676650643395	0.157939512468875	0.93388896957039802	0.94345389679074299	0.0095649272203445195	0.064323632419109406	0.055081204045563902	-0.0092424283735454103	0.0017874082972412001	0.00146492112398846	-0.00032248717325273902	0.045356948287398703	0.046074959083839698	0.00071801079644098797	0.014335465291515	0.016480461473111101	0.0021449961815960998	0.107920234990249	0.074207043727334804	-0.033713191262914603	1	-212.875	45315.765625	-0.071066680017646405	-0.0083961495049618608	0.11083791575440299	0.233716462481288	-0.42884271739326801	-0.057153937411375498	0.094001615008112799	0.14193657785997199	-0.39756036912215498	-1.5520561049049699	1.5761775926661401
100	28.5	0.29172714787199999	0.25289205014705701	0.24468280971050299	-0.00820924043655402	0.72998432517051703	0.73993884325027504	0.0099545180797577792	0.99912037849426205	0.68297185683623096	-0.31614852165803098	0.94245804548263601	0.94312623143196095	0.000668185949325384	0.056041225604713002	0.055472120270132999	-0.000569105334579954	0.00150074841221795	0.0014016681932844199	-9.9080218933523498e-05	0.045967836733217603	0.043731237340856502	-0.0022365993923611298	0.0165419887751341	0.012077411080826999	-0.0044645776943070502	0.091996318668712898	0.0053555590751957803	-0.086640759593517094	1	-212.375	45103.140625	-0.23800804571359899	-0.015392247580260801	-0.228514880799534	0.036274367878660702	-0.047268181832080702	-0.042544039187828002	-0.288391563191498	-0.29770394289561403	-1.0173975309908301	-1.5484106413585099	1.56353752663833
102	29	-0.087475212771899999	0.245474776625633	0.25015711560845399	0.0046823389828205596	0.74004368707537604	0.72100097388029105	-0.019042713195085399	0.73330230573192501	0.96469781622290696	0.231395510490982	0.94392446503043204	0.94407751262188	0.00015304759144796299	0.054663987411186103	0.0545390028040856	-0.00012498460710046901	0.00141157999605639	0.00138348029431654	-2.80997017398472e-05	0.043584979021990697	0.044327403880931697	0.00074242485894098604	0.012651337185525399	0.0161670340690762	0.0035156968835508202	0.0047920441685789404	0.057996141468548	0.053204097299969097	1	-211.875	44891.015625	0.14821525634002	-0.035188536343626002	0.163417809272218	0.024842092476790398	-0.027729516022015999	-0.037902204580599799	0.097161345177432898	0.23310971272792599	0.62033195352567205	-1.5447651778120499	1.5509271844577399
104	29.5	-0.13315816238600001	0.249624688178301	0.252530895918608	0.0029062077403068402	0.72142733931541403	0.72552107870578797	0.0040937393903732701	0.85679846405982896	0.77103347443044101	-0.085764989629388305	0.94357578456401803	0.94521922767162303	0.0016434431076050001	0.055047536455094803	0.053349995985627202	-0.00169754046946766	0.0013766849937383099	0.0014307771576568501	5.4092163918538597e-05	0.0446242720992477	0.042082157841435201	-0.0025421142578125099	0.015016863774508201	0.011502682208083599	-0.0035141815664246801	0.047038796234764403	0.044824205717569697	-0.00221459051719471	1	-211.375	44679.390625	0.095003524010830398	-0.0193933767299217	-0.063606065883176799	0.0579178899550171	-0.096912604226044696	-0.032527193781443101	-0.32793207544924102	-0.23448766656203501	-0.0286788220405205	-1.5411197142655899	1.53834656612436
106	30	-0.37598330745699998	0.25098829306662102	0.26480294354259998	0.0138146504759789	0.72957554012536996	0.69566677957773204	-0.033908760547638001	0.85429015420377497	1.2295875705778601	0.37529741637408498	0.94466168880462698	0.94471601843833897	5.4329633712657499e-05	0.0539106860756874	0.053763694036751998	-0.00014699203893542301	0.0014276365880505201	0.00152027955919039	9.2642971139867103e-05	0.042357918068214699	0.043477121988932298	0.00111920392071761	0.012023263052105901	0.017474171414505701	0.0054509083623997699	0.063597311393583503	0.071174705155093096	0.0075773937615095403	1	-210.875	44468.265625	0.42181334587813801	-0.045337524823650603	0.26642297007701599	0.0226512812846471	-0.028697711896145301	-0.030006129154536001	0.1459250512859	0.36183168456867199	0.085995551557433297	-1.5374742507191299	1.52579567163819
107	30.25	-0.052639437636799999	0.256251323129982	0.26462468039244402	0.0083733572624624698	0.71414659228175903	0.69903471991419797	-0.015111872367560999	1.02640819847584	0.55541646406054102	-0.47099173441529502	0.94536913651972998	0.94363679029047498	-0.00173234622925511	0.053175428532995297	0.054977066360879699	0.0018016378278844099	0.00145543566213746	0.00138615195974126	-6.9283702396204805e-05	0.041713608635796401	0.044038525334110998	0.0023249166983145201	0.0153210033429786	0.0094365277182077399	-0.0058844756247708897	0.043648264848007698	0.054328921108079901	0.0106806562600722	1	-210.625	44362.890625	0.25879575400666799	-0.032504967717127201	-0.33935184249029898	-0.016999756552030801	0.0570303917467146	-0.040595469254752103	0.30197147079956499	-0.39214946650867799	0.12233799993192999	-1.5356515189458999	1.51953137083782
109	30.75	-0.0576469688689	0.26484599038958501	0.264111695066094	-0.00073429532349106297	0.69762147367000604	0.70474449303001196	0.0071230193600058103	0.83687266968190699	0.62167427400127095	-0.21519839568063601	0.94425703585147902	0.94386152159422598	-0.00039551425725237199	0.054292878089472599	0.054782076249830398	0.00048919816035777896	0.00145008576473629	0.00135641364358889	-9.3672121147392201e-05	0.044056037620261897	0.043925271210847099	-0.000130766409414777	0.012632541706261701	0.0099242056880029898	-0.0027083360182587001	0.066090195444465899	0.053721407028135798	-0.012368788416330099	1	-210.125	44152.515625	-0.014063570772235001	-0.017325299938191902	-0.15625465675487701	0.012668061882094199	-0.00070913373143324896	-0.042190371780834603	-0.015849293433436999	-0.18088627514164601	-0.14759509583452801	-1.5320060553994399	1.5070250621224699
112	31.5	0.082373708598100004	0.26348691731691398	0.25915648639202099	-0.0043304309248924401	0.70751472413539895	0.71388383805751798	0.0063691139221191398	0.56989870816469201	0.45606406778097203	-0.11383464038372	0.94296766817569699	0.94196590781211798	-0.0010017603635790199	0.055656229518353903	0.056706437841057798	0.00105020832270383	0.0013761041162069899	0.0013276581419631799	-4.84459742438057e-05	0.044611047815393497	0.043474098488136603	-0.00113694932725696	0.0092977407854050505	0.0077402340481057801	-0.00155750673729927	0.069339184668088596	0.075987239693077802	0.0066480550249892597	1	-209.375	43837.890625	-0.121801445350926	-0.017839988034004099	-0.083698356335766097	-0.00078613414670734903	0.023971970751887801	-0.0392327673261385	-0.14607205014836599	-0.10433804466852099	0.075112023312545295	-1.5265378600797499	1.4883213312629799
114	32	-0.26736891489199999	0.25981158018112199	0.256930981203914	-0.0028805989772080999	0.71257335320115101	0.72333814799785601	0.0107647947967053	0.392694025114176	0.59107597246765997	0.198381947353483	0.94162286221981095	0.93917341455817205	-0.0024494476616382399	0.057045450154691903	0.059371150098741103	0.0023256999440491302	0.0013316958647919799	0.00145541358215269	0.00012371771736070401	0.043967776828341999	0.044802941216362802	0.00083516438802080895	0.0067795436159939996	0.0098155241517815708	0.0030359805357875699	0.066178727226436099	0.067769599356569593	0.00159087213013349	1	-208.875	43628.765625	-0.078365426842913297	-0.0148390750475148	0.13978666026937001	-0.032914123907354598	0.080086002345143195	-0.027973968244449501	0.109163931306721	0.201201037689963	0.015887124238808999	-1.5228923965332899	1.4758893321656801
115	32.25	-0.52913352378599998	0.25827899314463099	0.25526406848803201	-0.0030149246565997498	0.71616901159286495	0.72864595279097599	0.0124769411981108	0.539308106340468	0.46110393637791203	-0.078204169962555498	0.94244388733059203	0.93821562174707696	-0.0042282655835150802	0.056225644540973001	0.060306282190140302	0.0040806376491673204	0.00133043409223319	0.00147808465117123	0.00014765055893803999	0.042950630187988302	0.043879699707031199	0.00092906951904294505	0.0090314982167910805	0.0077277896722080103	-0.00130370854458307	0.043889018495685099	0.054167219516686502	0.010278201021001399	1	-208.625	43524.390625	-0.082389736491680396	-0.0136701998453922	-0.058194021888215097	-0.072390773358330995	0.15729280494674	-0.0264088585964053	0.121317372609028	-0.087456476853783105	0.117624828308276	-1.5210696647600599	1.4696844790597301
117	32.75	0.066328805855000006	0.256046669185162	0.25478198863565898	-0.0012646805495023501	0.726888773590326	0.72119507547467898	-0.0056936981156471304	0.50766513980925099	1.0007261680439099	0.49306102823466003	0.93824005797505405	0.94440062828362004	0.0061605703085659798	0.060268807259854	0.054109206271823501	-0.0061596009880304703	0.0014911084144841899	0.0014901658210874299	-9.4259339675911702e-07	0.044828958864565303	0.040214941236707803	-0.0046140176278574099	0.0083148536999942801	0.016654285795812102	0.0083394320958178007	0.070319944491004593	0.00045164463588299298	-0.069868299855121593	1	-208.125	43316.015625	-0.0299535658369725	-0.026075219464702499	0.35071830794770498	0.15816482633041601	-0.29321668080285801	-0.0361262411145232	-0.59608308826192102	0.55396390098954595	-0.820974491548215	-1.5174242012136101	1.45729706573324
119	33.25	0.34545780940100002	0.25431611770764001	0.24467415437102299	-0.0096419633366167101	0.72764881644398005	0.75552757102996104	0.027878754585981401	0.81495691714808205	0.59615420922636098	-0.21880270792172099	0.94272310901433198	0.95500802770256998	0.012284918688237801	0.055801344476640299	0.043755181215237797	-0.0120461632614024	0.00147555191688298	0.00123677018782473	-0.00023878172905824599	0.041256311204698297	0.039676094055175803	-0.00158021714952254	0.012769937870325499	0.0091393390539450496	-0.0036305988163804698	0.00044603822331835399	0.016213060279164498	0.015767022055846201	1	-207.625	43108.140625	-0.280931488325947	-0.0031554461292238401	-0.158834627879688	0.29408022898436897	-0.55219034700010305	-0.051679944785832703	-0.20344090103508	-0.24223124297958501	0.18190466128666199	-1.5137787376671501	1.44493937625397
122	34	0.152770385053	0.246174303255975	0.24993802476674301	0.0037637215107679	0.75089527666568801	0.73060213103890403	-0.0202931456267832	0.52646789455320697	0.94645798315759599	0.41999008860439002	0.955483893305063	0.95503825396299402	-0.000445639342069648	0.043333468539640298	0.043643368547782301	0.000309900008141968	0.0011826287038275	0.0013183419068809601	0.000135713203053455	0.039828067355685802	0.041050946270978002	0.00122287891529223	0.0076705644520188602	0.0136837283120258	0.0060131638600069001	0.014457022360638999	0.00026759579764705098	-0.014189426562991899	1	-206.875	42797.265625	0.120694076673926	-0.036042201345720198	0.29841403969925101	0.0115556543795072	-0.0085971841189681694	-0.027189512694947199	0.15934293322019799	0.39923051003106502	-0.16891667204161401	-1.5083105423474601	1.42645857424859
123	34.25	0.27115615013400002	0.24920450900681301	0.250815667770803	0.00161115876398985	0.736037895828485	0.726111843064427	-0.0099260527640580003	0.54161190381274005	1.1086919950321199	0.56708009121938097	0.95514934416860398	0.95259881075471597	-0.0025505334138871101	0.043686656537465701	0.046030887507367897	0.0023442309699021301	0.00116399289399851	0.00137030869736918	0.00020631580337067201	0.0410017084192347	0.039399132905183001	-0.0016025755140516599	0.0078174602414947305	0.0151107960846274	0.0072933358431326598	0.0082131875624269299	0.00044970644493291199	-0.0077634811174940102	1	-206.625	42693.890625	0.056204702261914499	-0.0289646303182691	0.40370124405666302	-0.035157482689014898	0.080901257069492999	-0.022572392300930801	-0.206334577535635	0.48438206259484001	-0.093662132434182505	-1.5064878105742301	1.42031316883707
126	35	-0.0492307502046	0.25330761820077902	0.25341904014348998	0.00011142194271091	0.714987770467997	0.71772218272090005	0.0027344122529029402	1.1648194471606901	0.51675052854697701	-0.64806891861371696	0.94752608090639101	0.94106498733162902	-0.0064610935747622103	0.050987434387207001	0.057387451780959997	0.0064000173937529504	0.0014864806405967101	0.0015475987675017699	6.1118126905057406e-05	0.039574658429181099	0.042715595386646397	0.0031409369574652798	0.0155387174483621	0.00895756691352282	-0.0065811505348392701	0.00061245947632281895	0.042658890544078801	0.042046431067755997	1	-205.875	42384.515625	0.011273566325597201	-0.020321383693144599	-0.46610390822066	-0.121943100671173	0.25933169417688801	-0.032067724628084597	0.40758289174252299	-0.43848929506804302	0.48966401640727297	-1.5010196152545401	1.4019215383733299
128	35.5	0.34744893457999998	0.25334295183420202	0.25381887108087497	0.000475919246673562	0.71591329276561699	0.71527184545993805	-0.00064144730567938801	0.62554442286491296	0.46940913200378498	-0.15613529086112801	0.94034417867660502	0.94335347712039896	0.0030092984437940502	0.058095502108335501	0.055192331410944401	-0.0029031706973910499	0.0015603590465616401	0.0014541632612235799	-0.000106195785338061	0.042480242693865702	0.042578803168402797	9.8560474537032206e-05	0.0104210832156241	0.0078854592749849194	-0.0025356239406391602	0.0168438518287953	0.045878918506960097	0.0290350666781648	1	-205.375	42178.890625	0.022193667559626401	-0.022626068923704602	-0.113977213852166	0.088229813195924198	-0.14995315076301199	-0.043009368037102098	0.0138307761518165	-0.169398208108723	0.33728733579146902	-1.4973741517080801	1.3896976062065201
130	36	0.0015043080710600001	0.25403586998581901	0.253078100457788	-0.00095776952803133797	0.71614581272005995	0.71881013810634597	0.0026643253862858002	0.454293162678369	0.41564704426564197	-0.038646118412726402	0.94336916804313697	0.93802643120288898	-0.0053427368402480004	0.055157473497092699	0.0603977398946881	0.0052402663975954396	0.0014733057294506601	0.00157580877712462	0.00010250304767396299	0.042576033980758099	0.045763877586082198	0.00318784360532409	0.0076329560117301496	0.0070271156529997597	-0.00060584035873038498	0.063142472875665004	0.010660934131704099	-0.052481538743960901	1	-204.875	41973.765625	-0.020758712026349699	-0.020369231704457199	-0.029878320049459301	-0.097123822527756101	0.208309560475961	-0.0293613206029021	0.41365366961413402	-0.041037276704498797	-0.61735734076746995	-1.4937286881616201	1.37750339788692
131	36.25	-0.121669072924	0.25357380630448501	0.25248834900557998	-0.00108545729890469	0.71449199505150296	0.72147779315710103	0.0069857981055974098	0.50324878050014499	0.27766379658132601	-0.22558498391881901	0.94343245010822996	0.93331312369555197	-0.010119326412677701	0.055127542954869498	0.065059592807665503	0.0099320498527959294	0.0014399956151464699	0.0016272955595923099	0.00018729994444584099	0.042542803729022	0.046886295742458797	0.0043434920134367699	0.0086315021399059506	0.0053990768952644104	-0.0032324252446415398	0.0218200374835157	0.0036257043985593101	-0.0181943330849564	1	-204.625	41871.390625	-0.0245841542700251	-0.0174189803158456	-0.163689389360547	-0.203128911526994	0.41472007750950302	-0.023815951456784799	0.56322063087838603	-0.215746443850761	-0.21581831461506401	-1.4919059563883901	1.37141744016983
134	37	-0.11063467324200001	0.252552599087357	0.25539821162819898	0.00284561254084115	0.72168269157409703	0.70966485440730998	-0.0120178371667863	0.29928152090869697	0.37831048211083002	0.079028961202133097	0.93207687139511097	0.93044609725475302	-0.0016307741403579501	0.066313780657947005	0.067915439326316093	0.0016016586683690599	0.00160935897001764	0.00163843662157888	2.9077651561237699e-05	0.046305508083767398	0.046242834020544001	-6.2674063223383495e-05	0.0057899894638467004	0.00729235051258005	0.0015023610487333501	0.0028672414144065299	0.0023128876533012399	-0.000554353761105288	1	-203.875	41565.015625	0.093188131399505894	-0.030392682799370501	0.054353646331114398	-0.0147456046806768	0.048232500261389803	-0.034163040260642902	-0.0070366085080689304	0.099191243626302106	-0.0092357138195535999	-1.4864377610687001	1.3532041527893699
135	37.25	-0.27100940495699999	0.253881881199777	0.25824950095266103	0.0043676197528839701	0.718602846749127	0.68702068477869005	-0.031582161970437103	0.348765287734568	0.22766447393223599	-0.12110081380233099	0.93094983324408498	0.92821175865828998	-0.0027380745857955601	0.067440847144462204	0.0700937645509839	0.0026529174065217701	0.0016093235470179899	0.00169443539161876	8.5111844600762706e-05	0.045765021995261897	0.045905480561433003	0.00014045856617112701	0.0064008052402641496	0.0068627886925242097	0.00046198345226005499	0.012316960555079399	0.0010362650865198501	-0.011280695468559599	1	-203.625	41463.140625	0.138786473702013	-0.043749165685698602	-0.088899492184707496	-0.0393195146822857	0.094481621038183194	-0.030498633931660201	0.0192533339163505	0.029989785728463801	-0.13485238979553801	-1.4846150292954701	1.3471479189194999
138	38	1.7806964998999999	0.26546147838234901	0.21796365063637499	-0.047497827745974198	0.59401911832392196	0.75583873242139799	0.161819614097476	0.296871433034539	0.87932022586465297	0.58244879283011397	0.93154456317424705	0.98176258057355903	0.050218017399311303	0.066565352352336293	0.017626180569641301	-0.048939171782695003	0.00189003327541287	0.00061123446503188398	-0.00127879881038099	0.038483796296296398	0.00981821130823206	-0.028665584988064301	0.0149409822653979	0.010909579496365	-0.0040314027690328703	0.0251957563593036	0.097603647963995399	0.072407891604691799	1	-202.875	41158.265625	-1.4150684686483701	0.088285419620025798	0.41470217952766703	1.13591548485268	-2.1752629027810202	-0.119692794946108	-3.70889821304843	-0.26889100377103498	0.84522846274366303	-1.4791468339757801	1.32902380308068
139	38.25	0.829218016537	0.25098034599795999	0.21635495736263699	-0.034625388635322697	0.56177235860377495	0.76697893980890497	0.20520658120513099	0.55829191021621205	0.87610372137278603	0.31781181115657398	0.96508256457746	0.98156818505376597	0.016485620476305599	0.033601225604070598	0.017836014396743798	-0.015765211207326799	0.0013161851542463499	0.00059580142533377501	-0.00072038372891257895	0.015638033548991001	0.0097911622789171003	-0.00584687127007386	0.0231876202306012	0.0107137771672569	-0.0124738430633442	0.099928019804925897	0.099000831993708502	-0.00092718781121738103	1	-202.625	41056.890625	-1.0294185977467301	0.117905520976906	0.22527470332507299	0.387304852986738	-0.71580629746343705	-0.083174739670664799	-0.75564214762238802	-0.83044594167265995	-0.0136019903510198	-1.4773241022025601	1.3229972930580201
141	38.75	-0.0196937455068	0.21655397829599701	0.21965650212950999	0.0031025238335132799	0.76240576785057801	0.772246955893933	0.0098411880433556496	0.93031666744500596	1.12133250976913	0.191015842324123	0.98153031095862397	0.98347451835870703	0.0019442074000835001	0.0178656459436752	0.0159878117905464	-0.00187783415312877	0.00060403908319130997	0.00053764968306495601	-6.6389400126353794e-05	0.0098261515299479206	0.0107059973257559	0.00087984579580802102	0.0111364352225792	0.0124712135257142	0.0013347783031350199	0.065364937569729498	0.118433043660038	0.053068106090308702	1	-202.125	40854.515625	0.100885025981839	-0.015469617523098301	0.13451399325083399	0.0645926408643272	-0.10484445206551	-0.040406193760980903	0.114946712938944	0.088044357771359605	0.61873935427931304	-1.4736786386561	1.3109665658981
144	39.5	-0.54095545805400003	0.21882644519209901	0.21658271625638001	-0.0022437289357185898	0.77468949556350697	0.78176765441894502	0.0070781588554383896	1.13996244072915	0.25047953790053901	-0.88948290282860598	0.98323827683925602	0.98326311111450204	2.4834275245688702e-05	0.016222801199182901	0.0161925801075995	-3.02210915833732e-05	0.00053891089773969701	0.00054432770994026201	5.41681220056467e-06	0.0108051441333912	0.010310872395833301	-0.00049427173755787503	0.0122270060470328	0.0041960567483329703	-0.0080309492986998798	0.146086953238727	0.30554947901429602	0.15946252577556999	1	-201.375	40551.890625	-0.0592852162340071	-0.0173559260174223	-0.63890833434675998	0.021996701683041301	-0.023560485967545199	-0.035710362079681701	-0.0628950791170933	-0.53492369394181205	1.86472924605839	-1.46821044333641	1.2929762073717499
146	40	-0.56420110155400005	0.215730126388371	0.21748784277588101	0.0017577163875103199	0.78574592843651803	0.77879439741373102	-0.0069515310227870096	0.26697579630418	0.15536289252340901	-0.11161290378077	0.98342421874403996	0.98230839148163795	-0.00111582726240145	0.016031752480193999	0.017112144711427399	0.0010803922312334199	0.00054405268747359503	0.00057944712898461202	3.53944415110168e-05	0.010324153193721101	0.0105769122088397	0.000252759015118637	0.0043783954259197797	0.00260184286453297	-0.0017765525613868099	0.268234905412644	0.184579137815123	-0.083655767597520705	1	-200.875	40350.765625	0.060595472970128898	-0.026933936740493099	-0.082108034549210507	-0.00331757872200256	0.0252998828827809	-0.033749948114308301	0.033787544130961501	-0.11890803389615801	-0.98244015385530703	-1.46456497978995	1.2810197898298701
148	40.5	-0.72244503214599998	0.21738493666052799	0.216863709688187	-0.00052122697234158199	0.77863293290138202	0.78139637410640705	0.0027634412050247001	0.17022889703512301	0.16506252805702401	-0.0051663689780987697	0.98241842389106804	0.98311711847782102	0.00069869458675375596	0.017002180218696601	0.016307558305561499	-0.00069462191313504997	0.00057939536345656998	0.000575335728353821	-4.0596351027485498e-06	0.0104399504484954	0.010661937572338	0.00022198712384260101	0.0028595054987818201	0.0029138831610908099	5.4377662308991902e-05	0.18971544024633599	0.043663896894032897	-0.146051543352303	1	-200.375	40150.140625	-0.0076801820913726896	-0.020301565748691498	-0.0059134743230963797	0.036951434806183001	-0.052790163424628701	-0.036330082853567702	0.0298049675633816	0.0028775958775573598	-1.71315992384097	-1.46091951624349	1.2690930961352
149	40.75	-0.87256398327899998	0.21758863218128699	0.21631794371642199	-0.0012706884648650599	0.77909712009131904	0.78311946839094204	0.0040223482996225596	0.17684875733684699	0.130261137780326	-0.046587619556521097	0.98213787823915499	0.98318499810993698	0.00104711987078188	0.017284684936748802	0.016244324840954501	-0.0010403600957943099	0.00057743840698094601	0.00057070005605055498	-6.7383509303908102e-06	0.010706640172887701	0.0105311075846354	-0.00017553258825232101	0.0028955253579624599	0.0022644539237717302	-0.00063107143419073098	0.159091359568487	0.071698137388623906	-0.087393222179862895	1	-200.125	40050.015625	-0.030133559058466802	-0.0194421151296067	-0.035562856312742502	0.044683908505864602	-0.068000583454102495	-0.036505259878521698	-0.021643046350968399	-0.042715539685271399	-1.0262096545899999	-1.45909678447026	1.2631408957305701
151	41.25	-0.48477006608099998	0.21640884373336999	0.21669552344828799	0.00028667971491816403	0.78276152182370395	0.78255244120955503	-0.00020908061414959299	0.13971537863835801	0.15056638356763899	0.010851004929281099	0.98333262167871005	0.98284047208726399	-0.00049214959144594495	0.016093066422035899	0.0165808581572492	0.00048779173521324202	0.00057434469490544901	0.00057871675471687901	4.3720598114298896e-06	0.0106186195656105	0.0106058050084997	-1.2814557110826101e-05	0.0025611306049541198	0.0025435141251364301	-1.7616479817688401e-05	0.0697175108957412	0.037677991329580399	-0.032039519566160898	1	-199.625	39850.140625	0.0165241747491639	-0.022330893987999201	0.0055517815737956104	0.010523469585366801	-0.00077100805790732997	-0.035778684599545002	-0.00058366419815518997	-0.0019111458371421301	-0.37795992369953901	-1.4554513209238	1.2512587878067301
153	41.75	0.255346021852	0.21680933283641901	0.22224400686100099	0.0054346740245818596	0.78224232066422705	0.757100100815296	-0.0251422198489306	0.17304969369433801	1.0956707656965501	0.92262107200221599	0.98286430481821296	0.98134564366191601	-0.0015186611562969499	0.0165603859408293	0.0179549972730456	0.00139461133221632	0.00057532698319846505	0.00069935073679516899	0.00012402375359670399	0.0105374442206489	0.011107176321524199	0.00056973210087529595	0.0029048324562609201	0.0108625687556923	0.0079577362994313807	0.037557645213504597	0.037660614010689902	0.00010296879718534001	1	-199.125	39650.765625	0.17075472296604099	-0.039352644078226903	0.65819791436470998	-0.012257522614352	0.039123651118249302	-0.027953954730213601	0.074811008453125799	0.52857513284137003	-0.0015377794195040001	-1.45180585737734	1.23940640373009
155	42.25	-0.079537458516200005	0.221073947893456	0.21994087160565001	-0.0011330762878060099	0.76252543535083595	0.77150256112217896	0.0089771257713434603	0.999947835202323	0.91497255163267399	-0.084975283569649104	0.98240736760199099	0.98201621919870397	-0.00039114840328691202	0.016942452080547801	0.0173592088918667	0.00041675681131892898	0.00065021330792660605	0.00062458616212097702	-2.56271458056287e-05	0.0107887974491826	0.0109953844988788	0.00020658704969618401	0.010316207666619399	0.0101242187825846	-0.000191988884034815	0.021214769626695499	0.15967085920416299	0.13845608957746799	1	-198.625	39451.890625	-0.026010788085450601	-0.016059509229797899	-0.063040793316613095	0.012764951667399899	-0.0038961214627494202	-0.037740509566847699	0.027811850732038901	-0.013509650677962301	1.6187219155746599	-1.44816039383088	1.22758374350068
157	42.75	-0.93849102948200003	0.221585942711681	0.220371826784685	-0.0012141159269959099	0.76429628636687996	0.77680718302726803	0.012510896660387599	1.0614820390939801	0.27100463516544399	-0.79047740392853105	0.98158930763602303	0.98332753162831099	0.0017382239922881799	0.017771543626440699	0.0160830555483699	-0.0016884880780708099	0.000639152114854369	0.00058941794759448396	-4.9734167259885299e-05	0.010938602023654501	0.0110517501831055	0.000113148159450956	0.0111587217528722	0.0043407599270721903	-0.00681796182580001	0.181049584398082	0.071910004655002399	-0.10913957974308	1	-198.125	39253.515625	-0.0284386827620422	-0.0136470185930183	-0.56804007675018797	0.060021327138370502	-0.096514352941334994	-0.039317009864221299	0.0157187514989372	-0.45424096699629701	-1.28088223786023	-1.44451493028442	1.21579080711847
160	43.5	-0.49271673582300002	0.220617909729481	0.221104834973812	0.000486925244331388	0.77752851843833903	0.78029925823211699	0.0027707397937774001	0.184478717669845	0.15467824358492899	-0.0298004740849152	0.98286240696907001	0.98267257809638997	-0.00018982887268059699	0.016556354146450802	0.016758097056299499	0.00020174290984869799	0.00058124747592955804	0.00056929351703729504	-1.19539588922634e-05	0.011145471643518499	0.011628440574363399	0.00048296893084491202	0.0029767551342956698	0.0028368702129227801	-0.00013988492137289801	0.025218636996004799	0.078738033634499605	0.053519396638494802	1	-197.375	38956.890625	0.0225234000632645	-0.020296583032612701	-0.0235465969856356	0.0172327616886725	-0.0133554520127722	-0.036846339240751397	0.063581897938197601	-0.0100439184373971	0.62402443843089495	-1.43904673496473	1.1981571347586899
162	44	-0.65740953452999995	0.22139735538512501	0.21759620830416701	-0.0038011470809578801	0.77875080555677401	0.783127810806036	0.00437700524926188	0.15757189290597801	0.15547435171902199	-0.00209754118695593	0.98251238539815	0.98223351538181303	-0.00027887001633675201	0.016913203545846099	0.017178733623586601	0.00026553007774054001	0.00057438007934251898	0.00058774208227987403	1.33620029373555e-05	0.0117951569733796	0.0112922668457031	-0.00050289012767651604	0.00283974922349438	0.0026527896436164202	-0.00018695957987796601	0.037838933607466402	0.179108137831716	0.14126920422424999	1	-196.875	38759.765625	-0.105944446974078	-0.0191999923103469	-0.00371680362461595	0.0152567044589818	-0.010549196687823999	-0.035190779202841999	-0.064010493123625001	-0.013175122924726	1.65166642925004	-1.43540127141828	1.1864385079945201
164	44.5	-0.869556492711	0.21852806434035299	0.21587044522166299	-0.0026576191186905001	0.78272947371005996	0.78177286684513103	-0.00095660686492915503	0.17680249810218901	0.14108968116342899	-0.035712816938759599	0.98251085579395303	0.98292196989059399	0.00041111409664162902	0.016909498535096601	0.016492417734116301	-0.000417080800980327	0.00057963253057096104	0.000585605806554668	5.9732759837065304e-06	0.0112553349247685	0.0107651321976273	-0.00049020272714119504	0.0029196820454672101	0.00263007854809982	-0.000289603497367385	0.18919487311024	0.13537938996693799	-0.053815483143302298	1	-196.375	38563.140625	-0.071685095872862495	-0.022841227039398799	-0.02777865925511	0.030569267155703	-0.0405800081595937	-0.035673971631311099	-0.062368457422204801	-0.020002556309192902	-0.63297922434643505	-1.43175580787182	1.1747496050775701
166	45	-0.732846432331	0.216170579008758	0.21710032522678399	0.00092974621802569002	0.781574188917875	0.77774522006511704	-0.0038289688527583	0.13349830433726101	0.234602728486064	0.101104424148803	0.98258929625153502	0.98313869610428795	0.00054939985275281899	0.016817601176444499	0.0162978866836056	-0.00051971449283885805	0.00059308666750439501	0.00056341515955864402	-2.96715079457508e-05	0.0110721164279514	0.010325481273509801	-0.00074663515444156798	0.0024813778087263501	0.0034853648190619701	0.00100398701033562	0.114385754156737	0.076619164033314202	-0.037766590123422997	1	-195.875	38367.015625	0.035790027302264903	-0.024802176579892001	0.070155289795859194	0.033638191889890999	-0.045095279080313397	-0.038004994257695497	-0.095556595485380494	0.066041538987846496	-0.44502990767956002	-1.42811034432536	1.1630904260078301
168	45.5	-0.28565160459	0.21647493764758099	0.217335544526577	0.00086060687899591802	0.77899723052978498	0.78503590822219804	0.0060386776924134002	0.19259060546755799	0.445093266014013	0.25250266054645498	0.98302047252655	0.98545551598072101	0.00243504345417045	0.016410360857844399	0.0140498616732657	-0.0023604991845786599	0.00056915893219411297	0.00049463126633781903	-7.4527665856294106e-05	0.0102771900318287	0.0099187780309606503	-0.00035841200086804902	0.0030384019017219701	0.0054045850600232597	0.00236618315830129	0.126974242202154	0.046064604921174701	-0.080909637280978997	1	-195.375	38171.390625	0.033718657848359902	-0.0180655754688572	0.178526333181283	0.075485584209898399	-0.12607883759222399	-0.040938402950228901	-0.045311765860041403	0.15664898738118899	-0.95028009672034597	-1.4244648807789	1.1514609707853001
169	45.75	-0.075611672903399998	0.21837046234868501	0.26547621828504098	0.047105755936355902	0.77798729836940705	0.66907544163986699	-0.108911856729541	0.40659262193367102	1.231054693088	0.82446207115432502	0.98383080605417506	0.973256774619221	-0.0105740314349533	0.0156241828255588	0.026037758725579199	0.0104135759000204	0.00054498898953170304	0.00070543523515880998	0.00016044624562710699	0.0101624594794379	0.0125215530395509	0.00235909356011293	0.0047049268468981704	0.030328697446386201	0.025623770599488001	0.010478960661395101	0.031006653878244	0.0205276932168489	1	-195.125	38073.765625	1.4191931285755399	-0.096541825540854997	0.58793558111257804	-0.21322001222213099	0.43590435451669302	-0.025572073184790298	0.30639472732711398	1.70364400493287	0.23765709794866899	-1.42264214900567	1.1456573896167399
172	46.5	0.73050278512099998	0.32565918192267501	0.33468415588140499	0.0090249739587293706	0.51347376406192502	0.43092520684003799	-0.082548557221886906	1.3823131084442699	0.77960654906928695	-0.60270655937498496	0.95369040369987501	0.94750590920448297	-0.00618449449539182	0.0453307406045498	0.051313271746039398	0.0059825311414895598	0.00097881692636292992	0.00118086597649381	0.000202049050130876	0.016385339807581101	0.023293954354745398	0.0069086145471643099	0.032266282616184902	0.0092784209409728993	-0.022987861675211999	0.0028370621447698602	0.00053472751132359699	-0.0023023346334462599	1	-194.375	37781.640625	0.27831776476411202	-0.078543711001506894	-0.43363347581605899	-0.115804639415258	0.24096478658046699	-0.0228514204572761	0.89520532444677603	-1.5297933889578099	-0.0297063973798657	-1.41717395368598	1.1282912318818901
174	47	0.89704108940299998	0.34382834807038298	0.28315041437745098	-0.060677933692932499	0.41423491910100002	0.53149805329740096	0.117263134196401	0.77156204245984705	2.1870500668883399	1.41548802442849	0.93900672346353498	0.97599651515483898	0.0369897916913033	0.059814769774675501	0.023177059576846602	-0.036637710197828903	0.00117854698037263	0.00082640971377258895	-0.00035213726660004101	0.0231292442039207	0.017417003490306698	-0.0057122407136140597	0.0089786030002869908	0.025066066149156602	0.0160874631488696	0.00066108375437345999	0.00045631433909176198	-0.00020476941528169799	1	-193.875	37587.515625	-1.8099358370796099	0.057866896760362697	1.0109926836798599	0.84234635520143597	-1.63407188869318	-0.059092931868565998	-0.73821791800233105	1.0693297129086501	-0.0051417156332865602	-1.41352849013952	1.1167509482010101
176	47.5	1.3809082823700001	0.293211305141449	0.27928576767444602	-0.0139255374670029	0.51173823624849302	0.52901963889598802	0.017281402647495201	1.6194244801998099	3.5286187820136599	1.90919430181385	0.97407287061214398	0.97590758204460104	0.00183471143245684	0.025039812084287301	0.023355381004512302	-0.00168443107977503	0.00088731300784274797	0.00073707447736524	-0.000150238530477508	0.018248381438078699	0.014166711877893499	-0.00408166956018516	0.018334294809028501	0.039551568258320999	0.021217273449292501	0.00043932074919702803	0.00064152738105417804	0.00020220663185715001	1	-193.375	37393.890625	-0.40926457238101699	-0.010390214066647	1.3643882428306	0.062162637277601199	-0.096335869189083503	-0.045889582871657099	-0.52718524506178499	1.4105427039726399	-0.00037560062056980498	-1.40988302659306	1.1052403883673401
177	47.75	0.490815891078	0.27208438999950901	0.29977398402988897	0.0276895940303802	0.55250464659184195	0.52140070106834202	-0.031103945523500501	2.9866462811827699	4.5140529654919996	1.52740668430924	0.97539021726697706	0.97758511621504995	0.0021948989480731198	0.023820343951228999	0.021655836992431499	-0.0021645069587975401	0.00078943702428659903	0.00075913835025858095	-3.0298674028017899e-05	0.0165732207121673	0.0127067283347801	-0.0038664923773871602	0.035356343269813802	0.053133975272066897	0.017777632002253001	0.00049153616047108498	0.051848095279658397	0.051356559119187302	1	-193.125	37297.265625	0.83749759534525803	-0.043422689313343699	1.09110419775138	0.070156145840635897	-0.11745634743590699	-0.038046008346353098	-0.49933646584955199	1.1817524997354101	0.59869534979457495	-1.40806029481983	1.0994962548932099
180	48.5	0.44718944687200002	0.310476170480251	0.30113911777734798	-0.0093370527029037996	0.51465108692646	0.55582637190818796	0.041175284981727497	5.1067084789276	5.9470974337309697	0.84038895480336695	0.976986363530159	0.97293519377708404	-0.0040511697530747296	0.022200013231486099	0.026081103365868399	0.0038810901343822699	0.00081368762184865699	0.00098369662882760397	0.000170009006978946	0.0116764775028935	0.014775707103588	0.0030992296006944402	0.059633463993668499	0.051394687536230901	-0.0082387764574376396	0.119597507600871	0.13402433390708701	0.0144268263062153	1	-192.375	37008.140625	-0.27179656482643599	0.0059220396752023303	0.59933606397151695	-0.068460550972137199	0.14851390325768499	-0.024946707826258002	0.40218501936993201	-0.54874746564179	0.16620956785990901	-1.40259209950014	1.0823084402416401
181	48.75	0.527324805728	0.31946627432480501	0.29035057881846998	-0.029115695506334398	0.50984954945743099	0.57101652212441001	0.061166972666978903	5.9154043242335304	6.6331259265542002	0.71772160232066795	0.97533805221319203	0.98061573747545505	0.0052776852622627999	0.023801622469909502	0.018603069480741401	-0.0051985529891681202	0.00086033037205197503	0.00078115757387422298	-7.9172798177752605e-05	0.011651159215856501	0.0150817023383246	0.00343054312246817	0.060790947556961301	0.054512978892307697	-0.0062779686646535797	0.19999241261165501	0.0073275978716385	-0.19266481474001701	1	-192.125	36912.015625	-0.86435178906835397	0.019570281417081802	0.51153062254641601	0.13857128443398301	-0.250936295053309	-0.041242175546110003	0.44506445945706202	-0.41832293672260901	-2.25905006679828	-1.40076936772691	1.0765940306147199
183	49.25	0.404294072507	0.29294921755790698	0.293687878269702	0.00073866071179501402	0.56816694717854199	0.58714634887874095	0.018979401700198999	6.7314001288614298	5.1760158712044504	-1.5553842576569801	0.977059310674667	0.97186393439769703	-0.0051953762769698696	0.022041755920508901	0.027157878887374001	0.0051161229668650497	0.00089892770065489597	0.00097824464392033401	7.9316943265437897e-05	0.015050337049696201	0.017699397051775902	0.00264906000207973	0.055804297343684202	0.045147237222409001	-0.010657060121275199	0.023618917610182599	0.122999001884171	0.099380084273988395	1	-191.625	36720.140625	0.0300652303018226	-0.0092309972004351992	-1.1155613412218	-0.0938535039482742	0.20284798920609001	-0.0308775967038021	0.34392292300421401	-0.70960132842715495	1.1611010388099501	-1.39712390418046	1.0651875042462999
185	49.75	1.03964131412	0.29666714705526798	0.26369824064895497	-0.032968906406313302	0.57136366982012998	0.67260329853743295	0.10123962871730301	5.9931896789756296	2.9423829570412399	-3.05080672193438	0.975522334314883	0.96603291966021099	-0.0094894146546721202	0.0235763856209814	0.032801111257867901	0.0092247256368864702	0.00090132152945443403	0.0011660043834126599	0.00026468285395822501	0.01663594422517	0.0234907503481264	0.0068548061229564503	0.051181067350444302	0.034365552506642201	-0.016815514843802101	0.072484534198088896	0.12017904221298301	0.047694508014893999	1	-191.125	36528.765625	-0.97979147173921899	0.046927716448317398	-2.18598657609764	-0.18914951242717201	0.38360202645060598	-0.018755426659501501	0.88824130109616894	-1.1192353369269099	0.55580890262351201	-1.3934784406339999	1.0538107017250999
188	50.5	0.83926576911600004	0.25828630477190001	0.24519673436880099	-0.013089570403099099	0.68421681225299802	0.70747559070587196	0.023258778452873399	1.86326568126678	1.2660452643409399	-0.59722041692583505	0.962072774767876	0.96142303049564404	-0.00064974427223207798	0.036831501405686098	0.037499577738344697	0.00066807633265857102	0.0010957421560306099	0.00107737461512443	-1.8367540906182101e-05	0.0249692563657407	0.0256384955512153	0.00066923918547454704	0.025324557814747	0.016708826998365199	-0.0086157308163818599	0.117239222832412	0.030996685638645299	-0.086242537193767205	1	-190.375	36242.640625	-0.38421954497779898	-0.0063094845525476497	-0.42970648831923097	0.0070260290141764097	0.0071604400422019803	-0.037265761190964398	0.087689468859678502	-0.57382085369657998	-1.01273393034113	-1.3880102453143099	1.0368012301568099
190	51	0.67629068735499998	0.247313406504691	0.241186872683465	-0.0061265338212252198	0.69887661263346701	0.70556931868195505	0.0066927060484887101	1.3128482485190101	0.61931855976581696	-0.69352968875319398	0.95919731110334405	0.95436018034815795	-0.0048371307551858802	0.039702934818342403	0.044362204102799299	0.0046592692844569204	0.00109976759704296	0.0012775903465808401	0.00017782274953788001	0.0261967976888021	0.026336217809606498	0.00013942012080437501	0.0177221732476028	0.0103434089920484	-0.0073787642555544599	0.033975962569948399	0.047197460355128701	0.0132214977851803	1	-189.875	36052.515625	-0.17561151538836201	-0.0176190730399329	-0.49864478326876899	-0.085903093337430597	0.18274914924577301	-0.024435721120947499	0.0191189356713014	-0.49154314061404097	0.152093910686109	-1.3843647817678499	1.0254987372536399
192	51.5	0.829747002033	0.24188143685460101	0.23802918717265101	-0.0038522496819496399	0.70878573954105395	0.71557353734970097	0.0067877978086474701	0.65920612514019095	0.66807861868291996	0.0088724935427294503	0.95647818446159405	0.95666576921939805	0.000187584757804782	0.042284303531050602	0.042116637341678101	-0.000167666189372515	0.0012374686863040501	0.00121761881746352	-1.9849868840538299e-05	0.025997698748553202	0.027101304796006899	0.00110360604745373	0.010561686661094499	0.0108044485212304	0.00024276186013590299	0.051230834972196	0.21362551629585	0.16239468132365401	1	-189.375	35862.890625	-0.107475447533164	-0.017554154292164299	0.0041355606955854902	0.0256085630596029	-0.029607251332842699	-0.037362699356210297	0.14390633478883599	0.0154081051645013	1.8990678531474099	-1.3807193182213899	1.01422596819768
193	51.75	0.65659043540399997	0.24007760020904201	0.23746281806379599	-0.0026147821452469099	0.70483700484037404	0.72190984282642601	0.017072837986052199	0.58158252729918203	0.86929146759211895	0.28770894029293698	0.95169649217277796	0.96059404592961095	0.0088975537568331004	0.046997616428416197	0.038158291636500502	-0.0088393247919157005	0.00130588049869402	0.00124767217348563	-5.8208325208397201e-05	0.027229358531810601	0.026340880217375601	-0.00088847831443504197	0.0096674512922618801	0.013729968259576701	0.0040625169673148397	0.13266245172996599	0.13710461292713799	0.00444216119717117	1	-189.125	35768.265625	-0.070401728118209897	-0.010532600290511901	0.20372703142339699	0.218905689580975	-0.41110856160864101	-0.039871185026473098	-0.11391429863057	0.26948184062895097	0.049278700287428499	-1.3788965864481599	1.00860073011241
195	52.25	0.35200771968900002	0.237568293279037	0.239954093517736	0.0023858002386987799	0.720809928327799	0.72006489671766805	-0.00074503161013117502	0.82547021191566905	0.98347336128354401	0.15800314936787499	0.96025757901370501	0.95867777392268205	-0.00157980509102351	0.038517693534959097	0.040056960063520802	0.0015392665285616401	0.00122473878873279	0.00126524933039036	4.0510541657568099e-05	0.026622454325358098	0.0273898301301179	0.000767375804759839	0.013020088599296299	0.0146532832790399	0.0016331946797437001	0.15514923220393401	0.045024473833468102	-0.11012475837046599	1	-188.625	35579.390625	0.079412455054417797	-0.0226967854960161	0.11088346712479299	-0.0136144673851282	0.045487617860177403	-0.033415376154942202	0.100390560153716	0.107893735912444	-1.29241970960876	-1.3752511229016999	0.99737254682727505
197	52.75	0.29130514820800002	0.239232893614098	0.23518087137490501	-0.0040520222391932899	0.72192834690213203	0.72682430762797601	0.0048959607258437501	0.93038878776133205	0.61324777910485795	-0.31714100865647499	0.95791788697242697	0.95682004597037995	-0.0010978410020470199	0.040798293845728001	0.041987959074322102	0.0011896652285941201	0.0012838107930292599	0.0011919630003831101	-9.1847792646148103e-05	0.027571395591453302	0.0259454515245226	-0.0016259440669307199	0.014179770700866399	0.0107763762047398	-0.00340339449612658	0.046991408542211802	0.075719281597231999	0.028727873055020201	1	-188.125	35391.015625	-0.11346050290988401	-0.018845703572488701	-0.229225304210843	-0.0029184162859750098	0.030107243686704501	-0.0420710681816664	-0.20935899518613199	-0.227118585560246	0.33368977728803101	-1.3716056593552399	0.98617408738935297
199	53.25	0.120858889284	0.235940355900675	0.23305277852341499	-0.00288757737725975	0.728736365959048	0.72608113307505895	-0.00265523288398972	0.76962439958006401	0.45947820404544798	-0.31014619553461598	0.95841670595109496	0.95223583597689898	-0.0061808699741958701	0.040421240287832901	0.046545296558179003	0.0061240562703460902	0.00116203429424786	0.0012188608125143199	5.6826518266461703e-05	0.0261622252287688	0.026518355475531701	0.00035613024676288798	0.012567769849556499	0.00705511236155876	-0.0055126574879977696	0.0219638815796614	0.15791332627587401	0.13594944469621301	1	-187.625	35203.140625	-0.0785744951520259	-0.024000871932925601	-0.224218408395288	-0.11572420175442701	0.24719104900273201	-0.032348378225535199	0.047166112292902101	-0.36741771793510303	1.5893664832732	-1.3679601958087799	0.975005351798645
202	54	-0.43944373590199998	0.23376466520130601	0.233713080361485	-5.1584839820817401e-05	0.72254158183932304	0.72588256150484098	0.0033409796655177199	0.560542396083477	0.262667411938311	-0.297874984145166	0.95302289500832604	0.95474301204085399	0.0017201170325280601	0.045777917606756098	0.044129257090389701	-0.0016486605163664001	0.00119919039279921	0.0011276694945990999	-7.1520898200107207e-05	0.0264516759801794	0.025786534062138301	-0.00066514191804109199	0.00786871244490615	0.0050408634357154702	-0.0028278490091906798	0.19817001857215499	0.099460650348044494	-0.098709368224110403	1	-186.875	34922.265625	0.0063899895536213601	-0.019907282652229501	-0.21543466022542801	0.059619486064991303	-0.094762177530409095	-0.0407417726816117	-0.0850095332072313	-0.188835766978321	-1.1587335560008001	-1.3624920004890899	0.95830798062611
203	54.25	-0.19090376438699999	0.233903987891972	0.23331344020552899	-0.00059054768644270495	0.72253707125782995	0.72565056513994897	0.00311349388211968	0.45581511529162799	0.24416979183442999	-0.211645323457198	0.95310531985014701	0.95364436581730805	0.00053904596716192199	0.045676435343921198	0.045202163874637297	-0.00047427146928383902	0.00121820309359464	0.00115344318037387	-6.4759913220766295e-05	0.026243231031629798	0.0262346762197989	-8.5548118308569099e-06	0.0071017737718648503	0.0045470259618014403	-0.00255474781006341	0.117964564658163	0.14053580560779899	0.022571240949636199	1	-186.625	34828.890625	-0.00975698542398944	-0.020062586247080499	-0.15371136329757101	0.033408411929333699	-0.0430960568064973	-0.040299632002777003	-3.2357111317919403e-05	-0.17067024592392699	0.26158917846523599	-1.3606692687158599	0.95275705215887196
205	54.75	-0.485768600499	0.23332488476298699	0.23238903330638999	-0.00093585145659741398	0.72638414204120605	0.72741255573928398	0.0010284136980773799	0.237156030396	0.308581513958054	0.071425483562053402	0.95376490317285101	0.95496822521090496	0.00120332203805451	0.045083273260388503	0.043898670456837798	-0.00118460280355071	0.0011517808852659101	0.0011331210829666799	-1.86598022992267e-05	0.026267072889539899	0.025927932174117499	-0.00033914071542245601	0.0044109922739153399	0.00562898762291302	0.0012179953489976801	0.116329715886324	0.12360683430616801	0.0072771184198443502	1	-186.125	34642.515625	-0.0201020609172439	-0.0214860617860669	0.048911067706559397	0.048150445538726598	-0.074346403155843899	-0.037284873886986203	-0.042817626999537402	0.080276456279329098	0.082479013363305001	-1.3570238051693999	0.941677488109807
208	55.5	-0.64330523587800004	0.23246177881956101	0.23367841839790299	0.00121663957834242	0.72833192050456996	0.72700508236885097	-0.0013268381357192101	0.29950366914272503	0.23350589424371801	-0.065997774899007003	0.95484322011470801	0.95325451791286497	-0.0015887022018433699	0.044010169059038103	0.045640644244849697	0.0016304751858115601	0.00114662422565743	0.0011048263404518401	-4.1797885205596601e-05	0.025887609411169001	0.026850495515046299	0.00096288610387732605	0.0056200826773420403	0.0043073232169263103	-0.00131275946041573	0.119537155928297	0.13489544294025299	0.0153582870119557	1	-185.375	34363.890625	0.044385165054917602	-0.023093982382704499	-0.0494566693239685	-0.0138119176809919	0.049500255331760598	-0.0387980095786669	0.12569400117400201	-0.088058504976124399	0.17711794658292199	-1.3515556098497199	0.92511387424973601
209	55.75	-0.68997483259600001	0.232584725413471	0.23388647106476099	0.00130174565128982	0.73036824520677301	0.72468652799725497	-0.0056817172095179301	0.21415519281290399	0.21166339479387	-0.0024917980190345399	0.95287040602415796	0.95404355805367203	0.0011731520295142901	0.045956879504956298	0.0448600294534117	-0.00109685005154465	0.0011726786364306501	0.0010963730477669699	-7.6305588663673195e-05	0.026449175234194201	0.0261184833667896	-0.000330691867404542	0.0040351866409764599	0.0042860306602961404	0.00025084401931967998	0.14356187982288601	0.0771305596663132	-0.066431320156572798	1	-185.125	34271.265625	0.046934887431770898	-0.026067040150093701	-0.0039990131487874798	0.047480893677106797	-0.070485804923713605	-0.041054671807410598	-0.0417241555636301	0.015945695747358601	-0.78072386585459197	-1.3497328780764899	0.91960753155331898
211	56.25	-0.93708238271400002	0.233808005973697	0.23460281160660101	0.00079480563290418305	0.72577224504202598	0.72206152454018602	-0.00371072050183996	0.201954292529264	0.19095176630653199	-0.011002526222731601	0.95323384664952804	0.95262422915548095	-0.00060961749404686604	0.045654414279852	0.046258542302530299	0.000604128022678237	0.0011116975889308399	0.0011172278649610201	5.5302760301868901e-06	0.026733066417552801	0.026348347134060299	-0.00038471928349247499	0.0038744337281969099	0.0039281454330193401	5.3711704822424499e-05	0.088651757626852595	0.049138456167488902	-0.039513301459363701	1	-184.625	34086.390625	0.031747295479323999	-0.024721448924262202	-0.010091002840014201	0.0079165477887698996	0.0043470954254909901	-0.035702942010741201	-0.048716521401288598	0.0028332992403319302	-0.46548572364130297	-1.3460874145300299	0.90861713904589603
214	57	-0.20334383900799999	0.23553658947348599	0.238260088115931	0.0027234986424445901	0.71827461272478099	0.71828604489564896	1.14321708679643e-05	0.170972278900443	0.47171422143001102	0.30074194252956798	0.95217991918325395	0.95755502805113801	0.0053751088678837301	0.046670111129060401	0.0412787132896483	-0.0053913978394121397	0.0011499714222736701	0.00116630752600031	1.63361037266439e-05	0.026661060474537	0.025985124376085099	-0.00067593609845198097	0.0035961616438725799	0.0085958919098629901	0.0049997302659904102	0.027485887491627999	0.083930879026645006	0.0564449915350171	1	-183.875	33810.015625	0.089529678735864204	-0.0221803508300389	0.213056070416418	0.14073337054748999	-0.25942031943896199	-0.034996285213295002	-0.086406543536723696	0.33182125167494497	0.65828621343084903	-1.3406192192103401	0.89218728249828805
216	57.5	0.12967927664100001	0.23799857869744301	0.23606895133853001	-0.0019296273589133901	0.71622071862220804	0.73065775334835104	0.014437034726142901	0.48644277006387898	0.47885331511497398	-0.0075894549489052797	0.95743837356567396	0.95223667025566106	-0.0052017033100128004	0.041446089930832299	0.046395635977387502	0.0049495460465551096	0.0011155598273035099	0.00136766572250053	0.00025210589519702	0.025980518482349502	0.027260561342592599	0.00128004286024308	0.0087297784397379098	0.0081929455976932995	-0.00053683284204460201	0.029837256448551602	0.065760338119332698	0.0359230816707811	1	-183.375	33626.390625	-0.049874938080530298	-0.012332052174797501	-0.0076479222342277801	-0.0939939174568344	0.19551959722565501	-0.0195779081620263	0.16674123661433901	-0.036447192511265998	0.41795319289761601	-1.3369737556638801	0.88127119960890099
217	57.75	-0.0138808487174	0.23811168586835299	0.23532947725616399	-0.0027822086121886999	0.72172643691301397	0.73326985184103299	0.011543414928019	0.52387145143001801	0.35703441356308901	-0.16683703786692999	0.95599361974746	0.953803846240044	-0.00218977350741623	0.042752895073499497	0.044849310524295999	0.0020964154507964699	0.00125352412942448	0.00134684309741715	9.3318967992670995e-05	0.026321185076678199	0.027104808666087901	0.000783623589409699	0.0089566695736720409	0.0067398990111542196	-0.0022167705625178199	0.13665635392699599	0.106070394253856	-0.030585959673140199	1	-183.125	33534.765625	-0.075417715749348899	-0.0143075143336536	-0.12163753749041201	-0.027151271267054501	0.069998850784983704	-0.029961921733827002	0.10249338983815599	-0.148189448234957	-0.36093721762945602	-1.3351510238906501	0.87582430460691196
219	58.25	-0.26259615812199999	0.235439962288365	0.23900065640918899	0.00356069412082441	0.73259132336825095	0.72486142255365804	-0.0077299008145927904	0.37867575529962799	0.233429172402246	-0.14524658289738199	0.95274829212576195	0.95146382488310299	-0.00128446724265829	0.045875431562308201	0.047321315726730998	0.0014458841644227401	0.0013762535105343	0.0012148819241701899	-0.00016137158636411199	0.027530528880931701	0.0279234215065285	0.00039289262559679501	0.0068720416689757296	0.0049807750838226196	-0.0018912665851531099	0.073893315936663095	0.083422975192682394	0.0095296592560192399	1	-182.625	33351.890625	0.11461150863470999	-0.027465326548617199	-0.10618306333081599	-0.0070601435467345297	0.041379350237050201	-0.046617639050194601	0.0519239930223988	-0.12653831900885701	0.10885862162656	-1.3315055603441901	0.86495280748834602
222	59	-0.465078729616	0.239136528037488	0.24453053399920499	0.0053940059617161602	0.72585549354553203	0.71597114503383597	-0.0098843485116959506	0.26635309213306602	0.30415608882904299	0.037802996695976997	0.95227768570184701	0.95460797846317302	0.0023302927613259002	0.046555163897573998	0.044187430478632397	-0.0023677334189415602	0.0011671499043586699	0.00120459049649071	3.7440592132042103e-05	0.0276918764467593	0.0271044695818865	-0.00058740686487270997	0.00543395866588978	0.0060709623241564899	0.00063700365826671298	0.084988590314093906	0.15321397725969299	0.068225386945598807	1	-181.875	33078.515625	0.16953633435614701	-0.028936158999245801	0.024844050351620701	0.073160890754590702	-0.12639710080054201	-0.033616138258593102	-0.074948864577836005	0.041631379567371098	0.79624696030241604	-1.3260373650245001	0.84870129402402295
224	59.5	-0.62067476090399998	0.24353308752179101	0.242337293177843	-0.0011957943439483401	0.71878376603126504	0.71964880228042605	0.000865036249160678	0.32568664997816299	0.17871891483664601	-0.14696773514151801	0.95503327250480696	0.95199707448482496	-0.0030361980199813399	0.043755528330802901	0.046818567253649197	0.0030630389228463598	0.00121118382667191	0.00118432263843715	-2.6861188234760901e-05	0.0271043565538194	0.027766927083333299	0.00066257052951390995	0.0064020197140053497	0.0036708705476485299	-0.0027311491663568198	0.16732936050635899	0.031106330224045801	-0.136223030282313	1	-181.375	32896.890625	-0.027889780096721901	-0.021597598888541299	-0.107415066219094	-0.045935657998435797	0.112524524134512	-0.037821210878712	0.086826394415282199	-0.18240370795928901	-1.5980577599055601	-1.3223919014780401	0.83790410652349101
226	60	-0.71640627638099996	0.24248751718550901	0.238338787294924	-0.0041487298905849802	0.71934074759483302	0.72552655115723597	0.0061858035624028397	0.19800183717161501	0.26607674378901902	0.068074906617403994	0.95187973678112003	0.95452305078506505	0.0026433140039444601	0.046932955365627999	0.044419934460893297	-0.0025130209047347402	0.00118728714005556	0.00105700832500588	-0.00013027881504967801	0.027680178041811301	0.027145555284288199	-0.00053462275752315695	0.0041956107685109803	0.0052471781760687498	0.0010515674075577701	0.085154010999426599	0.110596805564858	0.025442794565431099	1	-180.875	32715.765625	-0.11635780100186301	-0.017965133251485899	0.046512720618281003	0.080107655633440106	-0.132788884510814	-0.044584299372939798	-0.068117410924720304	0.069206383046669401	0.29521807356675001	-1.3187464379315801	0.82713664287017497
227	60.25	-0.62966751432099999	0.24201510567218101	0.237349188094959	-0.0046659175772219598	0.719982033967972	0.72767839636653697	0.0076963623985649701	0.21465562451630901	0.189972511539237	-0.0246831129770726	0.95305103380233003	0.95278100054711101	-0.00027003325521946002	0.045801496272906701	0.0461461594793946	0.00034466320648789101	0.0011474411618110001	0.0010728438639489499	-7.4597297862055405e-05	0.027636683428728999	0.027112487510398599	-0.00052419591833043804	0.0043032216977735701	0.00386254415570876	-0.00044067754206480401	0.037202299092674501	0.16864725596684599	0.13144495687417099	1	-180.625	32625.390625	-0.13185240640406801	-0.016933881038773399	-0.019883583625425201	0.0154528154361758	-0.0070678105208819104	-0.040942956597721097	-0.066767942831571697	-0.030051354148577101	1.5366142213546801	-1.3169237061583501	0.82176405748622094
230	61	-0.45864472064400003	0.23662857376039001	0.23791401777416499	0.00128544401377439	0.72956872731447198	0.72377038374543201	-0.00579834356904019	0.17183625306934	0.234321567229929	0.062485314160588799	0.95169767364859603	0.95380659252405198	0.0021089188754558302	0.047197256749495903	0.045077895000576997	-0.0021193617489189101	0.00110506514465669	0.0011155186744872499	1.04535298305558e-05	0.026930039017288802	0.025962151421440999	-0.000967887595847813	0.0035898281610570598	0.0047482248453889504	0.0011583966843318901	0.203751899141104	0.243835389945641	0.040083490804536902	1	-179.875	32355.015625	0.046446501015702503	-0.026146660478967201	0.042511683479028298	0.068248021830450104	-0.115470227189392	-0.035380981411209898	-0.124191650144844	0.0763122085892423	0.46667593363589899	-1.3114555108386701	0.805690887105183
231	61.25	-0.54262562574100004	0.236959563661367	0.23888031998649201	0.00192075632512573	0.72728645391762303	0.72123143766075404	-0.0060550162568688802	0.24367914530448501	0.27532467986457099	0.031645534560086397	0.95151789840310796	0.95438314881175801	0.0028652504086494899	0.047319040878210199	0.044482865673489899	-0.0028361752047203299	0.0011630590001004699	0.0011339628661517099	-2.9096133948769601e-05	0.026531558566623301	0.026990261784306298	0.00045870321768302599	0.0044668306647508704	0.0053310284623876297	0.00086419779763675702	0.112976004867731	0.22167165960694801	0.108695654739216	1	-179.625	32265.140625	0.065480043046763706	-0.026321889851653301	0.0204365313992859	0.085033008330418894	-0.14700574826391499	-0.037967367158924202	0.060441367518170898	0.056743359797959698	1.2701961085529501	-1.3096327790654401	0.80034802556844398
234	62	-0.30411854766200003	0.23682326264679401	0.23468474373221401	-0.0021385189145803301	0.72833902835845998	0.74136331230401997	0.0130242839455603	0.40088637620210599	0.56930078230798398	0.16841440610587799	0.95457031950354598	0.95778656154871	0.00321624204516413	0.044272730592638303	0.041149102523922898	-0.00312362806871538	0.0011569263122510199	0.00106435335983406	-9.2572952416959095e-05	0.027336629231770802	0.027324704770688601	-1.19244610821863e-05	0.0070512879523448703	0.0097345615766244505	0.0026832736242795802	0.17884211555249499	0.110968028016079	-0.067874087536416397	1	-178.875	31996.265625	-0.056133192695907698	-0.013296531236194901	0.118335857472904	0.092822436143409195	-0.15965196155285599	-0.042118490655508503	-0.000468465702399502	0.17774048589633001	-0.79762018031160598	-1.3041645837457501	0.78436402672904804
236	62.5	0.053214126135500001	0.23477736636996299	0.23608322367072099	0.0013058573007583799	0.73967198431491898	0.74597522616386402	0.0063032418489455998	0.58732247631997003	0.65553501844406004	0.068212542124090295	0.95793929398059796	0.96006193757057201	0.0021226435899733801	0.040957816690206497	0.038974224776029603	-0.0019835919141769102	0.00110291027813218	0.00096385064825881299	-0.00013905962987337199	0.027237729673032399	0.026669650607638901	-0.00056807906539350895	0.010185799993632901	0.0108677733689546	0.00068197337532176596	0.102984449566761	0.011398566550759799	-0.091585883016001596	1	-178.375	31817.640625	0.047058069765213199	-0.017884958623424398	0.046611240282851601	0.068552609352961896	-0.10949716341647001	-0.045158528636683702	-0.072447411527119698	0.044622572372764097	-1.0753100964829201	-1.3005191201992901	0.773745182311802
238	63	-0.26179376439300001	0.235732348076999	0.236164480634034	0.000432132557034476	0.74442485272884396	0.743118218332529	-0.00130663439631473	0.65178763046860599	0.59353469647467305	-0.058252933993932797	0.958794341981411	0.96567073836922701	0.0068763963878156796	0.0402162085752934	0.033408431289717502	-0.0068077772855759102	0.0009894711183733309	0.00092084559801150999	-6.8625520361821098e-05	0.026736111111111099	0.026103182192202	-0.00063292891890915498	0.0107014382840134	0.010546035101287999	-0.00015540318272535601	0.033284846406204202	0.14694497340570001	0.113660126999496	1	-177.875	31639.515625	0.0208818469278589	-0.023080189374138901	-0.043912902700871802	0.17405089024447401	-0.32173257587404802	-0.040552426850077601	-0.080840444789379198	-0.011076126659940601	1.32833526916518	-1.2968736566528301	0.76315606174176898
239	63.25	-0.49715961961600003	0.23613411267288001	0.23794244918972299	0.00180833651684226	0.74860996101051602	0.73747796863317505	-0.011131992377340701	0.674459026008844	0.38948079829570098	-0.28497822771314302	0.96202416643500299	0.96538450345396998	0.00336033701896665	0.037020141293760397	0.033686723688151697	-0.0033334176056087298	0.000955694947697339	0.00092878140858374501	-2.6913539113593501e-05	0.026465839809841601	0.026464116131817799	-1.7236780237191201e-06	0.011326930928044	0.0071111735177510496	-0.0042157574102929599	0.00048634913781008801	0.22256056418758999	0.22207421504978	1	-177.625	31550.640625	0.062112018993308801	-0.029787920258934501	-0.20620314614652499	0.096020282701222107	-0.168881451189763	-0.037824634411403699	0.000851745629922975	-0.281153484228782	2.5979775890979999	-1.2950509248796001	0.75787264789945896
241	63.75	-0.405178551863	0.23717071586288499	0.23920817687176199	0.00203746100887658	0.73941310867667198	0.73789453245699399	-0.00151857621967799	0.45377968838438598	0.59836291363462801	0.144583225250242	0.96573993135243696	0.96419072281569196	-0.0015492085367441199	0.033341096376534499	0.0349008752033114	0.0015597788267768999	0.00091898625305475402	0.00090845050362986599	-1.05357494248878e-05	0.026409784952799501	0.026345895837854499	-6.3889114945005904e-05	0.0081343389945687204	0.010571086264099	0.00243674726953027	0.21967115730016101	0.16507647893013	-0.054594678370031603	1	-177.125	31373.265625	0.0689764391714804	-0.023224881172351199	0.10127746897458199	-0.012935449351387599	0.0463900367634765	-0.036753594160182299	-0.0071938635975115203	0.16134260957073199	-0.642104415113951	-1.29140546133314	0.74732811310024805
244	64.5	0.24326256666599999	0.23839162215590501	0.23737538829445801	-0.00101623386144631	0.74239507913589498	0.74578902125358604	0.0033939421176909499	0.53742971904575898	0.30459351390600498	-0.232836205139754	0.963588815927506	0.96091418564319597	-0.0026746302843094799	0.035537229850888197	0.038115093857049899	0.0025778640061616702	0.00087396859889849897	0.00097071038908325201	9.6741790184752904e-05	0.0262603759765625	0.0276910852502893	0.0014307092737268301	0.0095533252606401307	0.00550750584807251	-0.0040458194125676198	0.077654146489322701	0.0040617566738366997	-0.073592389815486006	1	-176.375	31108.140625	-0.022510265282109601	-0.0198711254071843	-0.168879822408046	-0.037911518721245797	0.091179718612085098	-0.029738083205541301	0.18624086770555601	-0.26984993709868499	-0.86458747858660201	-1.28593726601345	0.73156704311495802
246	65	0.028432047236699998	0.23789624273776999	0.23758555892854899	-0.000310683809220835	0.74529444798827205	0.74330568537116104	-0.0019887626171111198	0.33417654391378199	0.40948354527354103	0.075307001359759707	0.96117782220244397	0.96146165579557397	0.00028383359313011202	0.037865751981735203	0.037626434117555597	-0.00023931786417959199	0.00095641142470413005	0.00091190878374618602	-4.4502640957944599e-05	0.027676956741898101	0.026748600712528901	-0.00092835602936919997	0.00601387936039827	0.0071423727815272103	0.00112849342112894	0.00063432408265410396	0.00039324550882766503	-0.00024107857382643899	1	-175.875	30932.015625	-0.0013724463950701301	-0.023545875463425701	0.051689462908942697	0.027744577929631802	-0.032759498103067101	-0.038974889507860502	-0.119075374095213	0.074323171708247204	-0.0055669338417187698	-1.28229180246699	0.721096817933782
248	65.5	-0.016980465972700001	0.237666007876396	0.23378840982914001	-0.0038775980472563502	0.743392702937126	0.74740516543388402	0.00401246249675724	0.38537000045180297	0.41684815287590299	0.031478152424099202	0.96135078370571103	0.95905643403530105	-0.0022943496704101998	0.037728448398411302	0.039947128295898401	0.0022186798974871001	0.00092077750887256096	0.000996422953903674	7.5645445031112193e-05	0.026900906032986099	0.027283845124421301	0.00038293909143518099	0.0067618697736179503	0.0072054601274431198	0.00044359035382516898	0.0033298488535365399	0.098351473973597794	0.095021625120061196	1	-175.375	30756.390625	-0.108234868006943	-0.019448864125961699	0.020316719060961299	-0.029472091445819901	0.075377757952632393	-0.0311176976249883	0.0506357812722317	0.028766355666852299	1.1100589252706301	-1.27864633892053	0.71065631659981998
250	66	-0.040181532043300001	0.234719318896532	0.36665417123585903	0.131934852339326	0.747281720489264	0.47340549081564098	-0.27387622967362202	0.40404853262007401	1.36895687989887	0.96490834727880004	0.95956013873219503	0.91830313950777098	-0.041256999224424301	0.039479786204174201	0.079772542696446	0.040292756492271799	0.00096006614621728598	0.0019243201648350701	0.00096425401861778602	0.0271830806025752	0.0236422786006221	-0.00354080200195309	0.0067702527041547398	0.035928429855265599	0.029158177151110801	0.061626334163147799	0.00480477130181255	-0.056821562861335301	1	-174.875	30581.265625	3.9606174690051601	-0.209162314425312	0.68846719789594801	-0.89415578909047899	1.7504102718239201	0.026993657324701499	-0.45718478768798898	1.93873757769441	-0.66818356075459695	-1.27500087537407	0.70024553911307297
251	66.25	1.9953605969199999	0.23336505573242899	0.45758160371333401	0.22421654798090501	0.74661003462970199	0.29328885441646002	-0.45332118021324302	0.51288534197956903	0.34931864766403697	-0.163566694315532	0.96016223542392298	0.89883965291082801	-0.0613225825130942	0.038827961240895	0.098722491180524494	0.059894529939629501	0.00100979109611217	0.00243791230168427	0.0014281212055721	0.026860830518934401	0.020101928710937599	-0.0067589018079968798	0.0085062938858756106	0.0048553357133641504	-0.0036509581725114601	0.068021006481755505	0.0517193513866753	-0.0163016550950803	1	-174.625	30493.890625	6.7253168165678403	-0.33166863319554502	-0.119296621563473	-1.3394638713704301	2.6127715105035798	0.0573286682078561	-0.87367946345283198	-0.243585460074322	-0.193653076524997	-1.27317814360085	0.69505129681240496
254	67	2.1044118482899998	0.40020087100565299	0.27148627042770401	-0.12871460057794901	0.412345461547377	0.66358473077416402	0.25123926922678702	1.12081996276972	1.0771493986248899	-0.0436705641448321	0.92998893782496495	0.987615802884102	0.057626865059136799	0.068141587555873601	0.0119289616355673	-0.056212625920306299	0.00186952468357048	0.000455233871980455	-0.0014142908115900199	0.017858999746817102	0.0179021482114439	4.3148464626746603e-05	0.031981507915769702	0.0126067016564774	-0.019374806259292301	0.080088826988708006	0.00022830975384986499	-0.079860517234858194	1	-173.875	30232.515625	-3.8482699534999298	0.14933184495912699	-0.033474824469706198	1.30033730583031	-2.4952515475041701	-0.128553415931703	0.0066592126540905797	-1.2894684308898099	-0.93799380410653799	-1.26770994828116	0.67951315568121995
256	67.5	0.125176956275	0.27084643542766601	0.27285982519388202	0.00201338976621629	0.66215396225452405	0.66351316571235697	0.0013592034578321401	0.83973981663585195	0.379059961810704	-0.46067985482514801	0.98679773807525595	0.98771508634090399	0.00091734826564793303	0.012718923809006801	0.0118773992639035	-0.00084152454510328495	0.000483329925918951	0.00040750166226644101	-7.5828263652509906e-05	0.018083925600405101	0.018728750723379602	0.00064482512297452501	0.010245525790378501	0.0059039254963862897	-0.0043416002939922101	0.00083419656790422901	0.000248419815996971	-0.00058577675190725704	1	-173.375	30058.890625	0.068255280458311293	-0.0212602329977249	-0.33197058642656302	0.041803935181131097	-0.059253003943097599	-0.041023456710038701	0.084529738690355294	-0.289524013397784	-0.0096037098951423702	-1.2640644847347	0.66919154973611505
257	67.75	-0.25062860425099998	0.2722108845599	0.27349190786480898	0.00128102330490942	0.66448568981140799	0.66366342883557095	-0.00082226097583770795	1.0167002253583499	0.29224645271897498	-0.72445377263937205	0.98783459421247199	0.98722283318638804	-0.00061176102608440097	0.011741100836661701	0.0123603957763407	0.00061929493967906497	0.000424257032864261	0.00041679493242554602	-7.46210043871509e-06	0.018141781842267099	0.019711890044035701	0.00157010820176864	0.011749816962946901	0.0045409800339257502	-0.0072088369290211497	0.000235968371893755	0.00036909901099638898	0.00013313063910263401	1	-173.125	29972.265625	0.046314059464539203	-0.022749509661645798	-0.52078028045964297	0.0078689771735922492	0.0050143494046736197	-0.036552590126983198	0.20428223212430399	-0.48024030328589301	-0.0011845527159084501	-1.26224175296147	0.66404189320626805
260	68.5	0.28812529157900002	0.273839025199413	0.274785102903843	0.00094607770442950402	0.66226905286312099	0.63091247081756596	-0.0313565820455547	0.48311987668277401	1.2651716247200799	0.78205174803730204	0.988340699672699	0.98900415897369398	0.00066345930099476202	0.0112546459771692	0.0105261599179358	-0.00072848605923344495	0.00040469785453751701	0.00046966932277427999	6.4971468236763705e-05	0.019665301287615702	0.017619380244502301	-0.0020459210431133701	0.0068956769537182301	0.016137064690701398	0.0092413877369831397	0.00037229882881824799	0.00048215677647554599	0.000109857947657299	1	-172.375	29713.140625	0.036279307971539998	-0.043595163212501599	0.55757821978616895	0.036169471117203998	-0.054279984080635703	-0.031815731914391403	-0.26371348543388101	0.61395812379807502	-0.0014571002647475999	-1.25677355764178	0.64863750938754805
261	68.75	0.57126329194000003	0.27334860460832699	0.27843250492587701	0.0050839003175496798	0.64926356337964497	0.62195226065814502	-0.0273113027215003	0.97934581800362597	1.57034089453518	0.59099507653155103	0.98983602467924303	0.98740026615560095	-0.0024357585236429698	0.0097412856470327804	0.012125973164802401	0.0023846875177695901	0.00042267836133760302	0.00047373945799336002	5.1061096655756903e-05	0.0188570587723343	0.0161434526796694	-0.00271360609266489	0.0122431888368736	0.019104475900530798	0.0068612870636572199	0.000299080217269249	0.00032229418183082399	2.3213964561574699e-05	1	-172.125	29627.015625	0.16024577173544599	-0.040833467902062603	0.42081961988780497	-0.032610325921468002	0.082681104123913204	-0.032725413144635701	-0.35012698563164601	0.45564402986130798	-0.0024717918946292401	-1.25495082586855	0.64351757670491405
264	69.5	-0.047501145945200003	0.281860688328743	0.28322611302137402	0.00136542469263073	0.61791372597217598	0.61581009626388605	-0.00210362970829003	1.4021206319332	0.68076785393058603	-0.72135277800261399	0.98625749349594105	0.98513874411582902	-0.0011187493801118099	0.0132928355131298	0.0144507754594088	0.00115793994627892	0.00044965162960579601	0.00041052684828173298	-3.9124781324062198e-05	0.015627373589409702	0.016425577799479198	0.00079820421006943803	0.017340259952470599	0.0102111524218343	-0.0071291075306362398	0.00034214700858503801	0.00034156320793339698	-5.8380065164065396e-07	1	-171.375	29369.390625	0.048842669932131898	-0.023624294747143899	-0.518560584693601	-0.0033824282015853702	0.028711520293192599	-0.038623199551963798	0.104380450911502	-0.47493704548386401	-0.0027504886062642599	-1.24948263054886	0.62820236442783595
265	69.75	-0.37276778888500001	0.28400653041899199	0.28432270763441903	0.000316177215427149	0.61635756753385096	0.61091947965323901	-0.0054380878806112899	0.84809828288852696	0.61600609524175398	-0.232092187646773	0.98542127572000004	0.98455384317785499	-0.000867432542145274	0.0141568763996475	0.015038568890304299	0.00088169249065685	0.000421818108497973	0.000407647035990522	-1.4171072507450201e-05	0.016181373596191401	0.016378141332555701	0.00019676773636428301	0.0122438034362858	0.0089896606834372304	-0.0032541427528485498	0.000324949354422989	0.000329667554994501	4.7182005715125401e-06	1	-171.125	29283.765625	0.017407900604491301	-0.025900715424103601	-0.168347253773629	0.0021949536043415299	0.0165582782076165	-0.036991329374861701	0.0265410101836124	-0.21719099939956199	-0.0026883966286042299	-1.24765989877563	0.62311215559241695
268	70.5	0.17752571749400001	0.28608437180519097	0.29757666438817998	0.0114922925829886	0.60631063580513	0.62945193648338305	0.023141300678253301	0.58405849933624798	1.2383250772953001	0.65426657795905696	0.984360226988792	0.98876854181289697	0.0044083148241043099	0.015228780871257201	0.010932936426252199	-0.0042958444450050103	0.00041102695395238702	0.00029852811858290901	-0.000112498835369478	0.0161495632595486	0.0141745108145255	-0.00197505244502314	0.0083600400481373491	0.016149674402549798	0.0077896343544124899	0.000367114105921064	0.00033008271346290701	-3.7031392458156703e-05	1	-170.375	29027.640625	0.35223701975063698	-0.0063896861389548002	0.466109438246399	0.119277667246894	-0.211222497707276	-0.043421561649147601	-0.25454149091461098	0.51739371206664098	-0.0031773280129262999	-1.24219170345594	0.60788611485698196
270	71	-0.048871158941100001	0.29582537189126001	0.29320618100464302	-0.0026191908866167201	0.62456338703632397	0.63802818357944502	0.0134647965431212	1.14740445520729	1.23655544519424	0.089150989986942694	0.98745827823877297	0.98736834451556199	-8.9933723211310697e-05	0.012209133664146001	0.012322243093513	0.000113109429366931	0.000332577872359251	0.00030944315694796402	-2.3134715411287e-05	0.0142096908004195	0.0149973551432292	0.000787664342809628	0.014586818424868499	0.015112012415193001	0.00052519399032448905	0.00033787143544575802	0.00038737483270372	4.9503397257961902e-05	1	-169.875	28857.515625	-0.070533811131032201	-0.0129957951244413	0.061599006955434903	0.019449697862382199	-0.017254797050200402	-0.0375775148449441	0.103016354437945	0.034194279753896099	-0.0021639151516834598	-1.23854623990948	0.59777257584237498
272	71.5	-0.041034446858500002	0.29497200101614002	0.29437925368547402	-0.00059274733066555496	0.63762459456920595	0.65065680146217297	0.013032206892967101	1.3603047221898901	0.927254557609555	-0.43305016458033102	0.98796378076076496	0.989110887050629	0.00114710628986348	0.0117348685394973	0.010616087564267299	-0.00111878097523003	0.00030139490118017499	0.00027299545909045299	-2.8399442089721598e-05	0.0146666350188079	0.015700728804976902	0.00103409378616896	0.016396928159519899	0.012417367147281699	-0.0039795610122381198	0.00037128790201982497	0.00038314381325915301	1.18559112393277e-05	1	-169.375	28687.890625	-0.0098228853286834693	-0.013291122273068799	-0.31219322024653501	0.046902870192386197	-0.071450634895119006	-0.037921806369713797	0.13490988083451499	-0.26544271234074801	-0.0026048065740802199	-1.23490077636302	0.58768876067498299
273	71.75	0.26565826717899998	0.29068919420242301	0.304625227116048	0.0139360329136251	0.64038524925708795	0.664946239255369	0.024560989998280901	0.87596820816397003	1.3706700399517999	0.49470183178782701	0.98650056999176705	0.99367318414151695	0.00717261414974935	0.013177764843567299	0.0061378623067867497	-0.0070399025367805399	0.000321644823088718	0.00018893783526437001	-0.000132706987824348	0.0155941009521485	0.0153977994565611	-0.000196301495587395	0.0110762043477734	0.016761714158928999	0.0056855098111555499	0.000376575560831235	0.00043230036112493599	5.5724800293700603e-05	1	-169.125	28603.265625	0.42544988445529702	-0.0054204701656382099	0.35189279714439697	0.18062474167985301	-0.33194470385804098	-0.044743091910151703	-0.024331011251953302	0.37743636726645302	-0.0020910560175470502	-1.23307804458979	0.582657999533993
276	72.5	0.562098172462	0.31146596223115902	0.33204076290130602	0.0205748006701468	0.67394838333129903	0.601196897029877	-0.072751486301421503	1.63334379196167	2.0779574394226001	0.44461364746092402	0.99547758400440201	0.99411462247371696	-0.0013629615306854899	0.0043669968494213897	0.0056506781838834199	0.00128368133446203	0.00015541969332844	0.00023464780533686199	7.9228112008421995e-05	0.0152839943214699	0.020194498697916698	0.00491050437644677	0.019275155290961299	0.026070573460310598	0.0067954181693492899	0.00050187353047012303	0.000475671723953733	-2.6201806516390299e-05	1	-168.375	28350.140625	0.62434303176333295	-0.071855291574892094	0.31603961334289798	-0.0088021383030523707	0.034243392169892702	-0.030883405903556101	0.63660481549658499	0.45126271337421903	-0.0030505022390228298	-1.22760984927011	0.56761030188184203
277	72.75	0.311198569019	0.32864749664440801	0.30175832435488698	-0.0268891722895204	0.65991835910826901	0.60069911945611199	-0.059219239652156398	1.8166572250425901	1.85752931907773	0.0408720940351468	0.99666212685406197	0.99106948357075497	-0.0055926432833073303	0.0031969852629117898	0.0086203496641246297	0.0054233644012128398	0.00014090052550272999	0.00031017744736345701	0.00016927692186072599	0.017482651604546501	0.019171509919343101	0.00168885831479665	0.022143468470312701	0.022403145459247799	0.00025967698893507302	0.00056008451167180505	0.00040296002067487002	-0.000157124490996935	1	-168.125	28266.015625	-0.79764660726537495	-0.062616883268015594	0.027040913992909501	-0.10266990396018499	0.216364781684558	-0.024994583189407501	0.21965117429625	0.016533227021604199	-0.0045837437562932896	-1.22578711749688	0.56260926458806504
280	73.5	0.72590239441000004	0.293279699981213	0.31177691966295201	0.0184972196817395	0.59983738362789096	0.52728215903043796	-0.072555224597453394	2.3852338433266	3.6189406633376899	1.2337068200111001	0.99015910923480999	0.97333702743053396	-0.016822081804275701	0.0095086964312940704	0.0261295919306576	0.016620895499363499	0.000332194441580213	0.00053337522840593099	0.00020118078682571799	0.016049872504340101	0.0089834707754629806	-0.0070664017288771704	0.029004332795739499	0.049694925732910497	0.020690592937171001	0.00041622594886816101	0.00041347176367631598	-2.7541851918451398e-06	1	-167.375	28014.390625	0.56210006187396599	-0.0717213045287457	0.88087347450472497	-0.35188068746512702	0.70898943189226304	-0.022908201315142599	-0.913476886641579	1.3755101740443301	-0.0027759060784058299	-1.22031892217719	0.54765073847755597
282	74	0.72750421003900001	0.30451951138675198	0.34885328151285599	0.044333770126104101	0.55090983249247005	0.42009258903563002	-0.13081724345683901	3.3923981033963999	2.6555368253146301	-0.73686127808177004	0.97752565145492498	0.95669417381286603	-0.020831477642059101	0.0219748364761473	0.042359802080318303	0.020384965604170899	0.000499529270018685	0.00094602030076202704	0.00044649103074334199	0.0087089821144386605	0.015242004394531199	0.0065330222800925597	0.046459884052091997	0.040302734390934403	-0.0061571496611576501	0.00038180330391975699	0.0010440448110590099	0.00066224150713924904	1	-166.875	27847.265625	1.3361462436242499	-0.111496541631388	-0.52966158807984098	-0.44085972913757498	0.87458608909148206	-0.0068659178161735099	0.846595216332651	-0.41028657452870498	0.0050118887436562103	-1.21667345863073	0.53771554254623499
283	74.25	0.43451162595999998	0.32552508488297499	0.35218162350356602	0.026656538620590899	0.48717051167040998	0.42225528843700899	-0.064915223233401306	3.34212852120399	2.3047235286794598	-1.0374049925245199	0.96891317963600099	0.95312655549496395	-0.0157866241410375	0.0305128751439043	0.045772479695733698	0.015259604551829301	0.00057392726776015802	0.0011009836875018699	0.00052705641974170703	0.0105860250967521	0.017450671725802901	0.0068646466290508603	0.047609456558711703	0.035087201409624	-0.0125222551490877	0.00049178888481248701	0.00070389974206616103	0.000212110857253674	1	-166.625	27763.890625	0.80654792978499501	-0.066505507485167495	-0.74479114765770504	-0.328901157806547	0.64910074116376104	-0.00159727191751092	0.88951488446591398	-0.833666106086695	-0.00025961178613209001	-1.2148507268575	0.53275909102327901
286	75	0.119991115326	0.35311991199851001	0.35876647420227498	0.00564656220376486	0.43073349446058301	0.45400421172380401	0.0232707172632215	2.4688121771323499	3.912945161853	1.4441329847206501	0.95325913876295099	0.96780218034982701	0.0145430415868759	0.045642365328967503	0.031246974831447099	-0.0143953904975205	0.00109854942129459	0.00095088697416940797	-0.000147662447125182	0.018052334255642399	0.015387612802010999	-0.00266472145363138	0.036941071591354603	0.043780646488449003	0.0068395748970944796	0.00051882323769199799	0.00037576004673321202	-0.000143063190958786	1	-165.875	27514.515625	0.177102754465362	-0.0063013339765529202	1.03149678140555	0.34419391683877598	-0.65554234801773703	-0.045721117589510703	-0.34380021110280601	0.45419982961578698	-0.00441907123150642	-1.2093825315378099	0.51793432222523395
287	75.25	-0.12568401339599999	0.35670452788472201	0.364731138944626	0.0080266110599040395	0.43642280120402599	0.45516615929081999	0.018743358086794702	3.13469709753991	3.9652385839261299	0.83054148638622105	0.95741292722523197	0.970373181067407	0.0129602538421748	0.041549302451312498	0.028783250343985899	-0.012766052107326601	0.00103780674307927	0.00084356588158698397	-0.00019424086149228599	0.0178989975540726	0.013130880285192501	-0.00476811726888016	0.0403001619852148	0.044954606382089202	0.00465444439687435	0.00040068511883645702	0.00034857539799446101	-5.21097208419954e-05	1	-165.625	27431.640625	0.24840746418041201	-0.0093921431901129605	0.59228723399526695	0.30906769274106699	-0.58386116691596601	-0.048767154788268999	-0.61602705640819	0.30885431580920603	-0.0033539110029624898	-1.2075597997645799	0.51300759454949296
290	76	0.2203735426	0.37032592929899699	0.36460683979094	-0.0057190895080566602	0.45658439844846699	0.504471642524004	0.047887244075536302	4.2950456023216201	2.1285383585840698	-2.1665072437375499	0.969751569628715	0.972793000936508	0.0030414313077926601	0.029478239803575002	0.026698973611928498	-0.0027792661916465002	0.00077016561772324805	0.00050801942888938404	-0.00026214618883386499	0.012990654839409701	0.018409333405671299	0.0054186785662615304	0.047675397107377601	0.023699726507766399	-0.023975670599611199	0.000350274511906004	0.0012222753488192999	0.00087200083691329902	1	-164.875	27183.765625	-0.16340474980008801	0.010504266134326701	-1.5530039245317999	0.088942925984101306	-0.144502090768934	-0.053207884595988401	0.70237401383576104	-1.59549820413707	0.0074683898024333201	-1.2020916044448899	0.49827199729309002
292	76.5	-0.73883466700900002	0.36784833818674101	0.35746954530477498	-0.010378792881965601	0.49539212137460698	0.52381780147552504	0.028425680100917599	2.8845107018947398	1.06669587492944	-1.8178148269653001	0.97269792258739496	0.97427091598510696	0.0015729933977126601	0.026777775119990101	0.025245278049260401	-0.00153249707072969	0.00052428927738219495	0.000483803954557515	-4.0485322824679799e-05	0.017297137225115802	0.0200767234519676	0.00277958622685183	0.030359566584229301	0.014570289058610899	-0.0157892775256184	0.00167745149040346	0.00199625068303099	0.00031879919262752399	1	-164.375	27019.140625	-0.30300642040351999	-0.0027820623629219599	-1.3034094647460099	0.0563544255514156	-0.089651678057613898	-0.038712173384105701	0.360815959560497	-1.0509744297253101	0.00098982016565445606	-1.1984461408984299	0.48848542059784
293	76.75	-0.59242158617100005	0.36170775545761003	0.35565877566114101	-0.00604897979646918	0.51295153014361905	0.53141653239727005	0.018465002253651299	1.66566128097475	0.98264183159917196	-0.68301944937557302	0.97295091561973102	0.97384818475693502	0.00089726913720344903	0.026555436110356798	0.025664854713249901	-0.00089058139710688697	0.00049363522157364005	0.00048697147612983803	-6.6637454438021902e-06	0.019578841880515799	0.020211339879919001	0.00063249799940319105	0.0199810833961237	0.013632344926008899	-0.0063487384701148303	0.0065136844042105596	0.0012102949051313199	-0.0053033894990792401	1	-164.125	26937.015625	-0.17328804744433299	-0.0095821755556048105	-0.491121541025764	0.0413583264962087	-0.061411213136422102	-0.036500380985788401	0.082934330951504806	-0.42303024081072599	-0.064851887512851702	-1.1966234091251999	0.48360327869292002
295	77.25	-0.75177698066900001	0.356657317653298	0.34792502429336303	-0.0087322933599351393	0.52754831947386305	0.55180831961333698	0.024260000139474502	0.93678694721311295	0.70349429119379603	-0.23329265601931801	0.97426742892712404	0.97519881483167403	0.00093138590455044102	0.025243507104460199	0.0242849820817355	-0.00095852502272465701	0.00048908118578765299	0.00051622362952912198	2.7142443741468099e-05	0.0201454939665618	0.021402436715585199	0.0012569427490234299	0.0134517264057649	0.0094034827285215204	-0.0040482436772433898	0.00130161721072316	0.0283959003238747	0.027094283113151499	1	-163.625	26773.140625	-0.25367836977904701	-0.00562595468598089	-0.16920655050772099	0.0421154673189955	-0.064400327835940602	-0.034289594912329503	0.163751561367322	-0.27001118879274499	0.314558731121308	-1.1929779455787399	0.47386128776849001
297	77.75	-0.61166714834299996	0.34914123238995698	0.34325661920011102	-0.0058846131898461201	0.54880488086491797	0.55890674050897304	0.0101018596440551	0.77992019206286101	0.50901986220851603	-0.27090032985434598	0.97420942634344099	0.97459329217672297	0.00038386583328220398	0.025280783127527601	0.024844245676649699	-0.00043653745087791202	0.00050980641890419098	0.00056245046907861301	5.2644050174422701e-05	0.021369008664731601	0.021854669076425099	0.00048566041169343499	0.010467866004910399	0.0076471616193885096	-0.0028207043855219098	0.015587737081365301	0.0053921994359742301	-0.010195537645391099	1	-163.125	26609.765625	-0.168363731230456	-0.015291658109285801	-0.19612616958502699	0.029964556506255	-0.041435984826771202	-0.032621894479020398	0.063930236246794406	-0.18836053723895901	-0.12214405713436401	-1.1893324820322899	0.46414902069127401
299	78.25	-0.59231460034100003	0.34424005504697602	0.340790258906782	-0.0034497961401938602	0.55795303694903797	0.55858859177678799	0.00063555482774990701	0.57838994069024496	0.45065252338536699	-0.127737417304878	0.97551366575062304	0.97254348061978801	-0.0029701851308344702	0.023922028311062701	0.026908346608979599	0.0029863182979169198	0.00056431433122270498	0.00054821016474306797	-1.61041664796369e-05	0.0214669404206453	0.0219386842515733	0.00047174383092806301	0.0084842282565659403	0.00690485606901359	-0.00157937218755236	0.0098388139820820598	0.00061537081453941602	-0.0092234431675426408	1	-162.625	26446.890625	-0.095418202197771806	-0.021754264897134199	-0.093649981115220896	-0.044470658319689799	0.109149273761166	-0.037117745789589103	0.062129116908374998	-0.105792440688039	-0.11075981445663199	-1.1856870184858299	0.454466477461273
301	78.75	-0.80674392290600005	0.34208590509370002	0.33467027982696901	-0.0074156252667307897	0.55844343565404397	0.56239848341792797	0.0039550477638840001	0.498370819538835	0.349676460959018	-0.148694358579817	0.97341124210506702	0.97217498440295502	-0.0012362577021121099	0.026050483167637101	0.027288502064766299	0.0012380188971291999	0.00053829895005037603	0.000536486964028881	-1.8119860214949201e-06	0.021869836030182999	0.0206078847249349	-0.00126195130524813	0.0075889712054050202	0.0055355015079840099	-0.0020534696974210099	0.00031606214669917699	0.0010173087405613999	0.00070124659386222002	1	-162.125	26284.515625	-0.21423185340404299	-0.019488060924458001	-0.108650985394868	-0.0059902470109911002	0.032234516997183299	-0.036183095825256799	-0.16225012461194299	-0.137327374715703	0.0054686790896965199	-1.1820415549393699	0.444813658078486
304	79.5	-0.71256667379799998	0.33485367000103	0.33305047154426598	-0.0018031984567642399	0.561900067329407	0.56380280554294604	0.0019027382135391501	0.378945516608651	0.49287334382534098	0.11392782721668999	0.97200300991535205	0.97416058182716403	0.0021575719118117598	0.027461356110870801	0.025277818180620699	-0.0021835379302501401	0.00053562184330075997	0.00056160246022045595	2.5980616919696201e-05	0.0207967122395833	0.020366979528356501	-0.00042973271122684998	0.00603390994947396	0.0073921895818784798	0.00135827963240452	0.00112977327756405	0.00038069514984435102	-0.000749078127719703	1	-161.375	26041.890625	-0.046087210721873897	-0.0208891640885965	0.079334297446706406	0.069327760704972999	-0.11829359678782	-0.034365573619756999	-0.054542273900972799	0.089607565450475199	-0.0115161397404091	-1.1765733596196799	0.43039016121783102
306	80	-0.29743193325700001	0.33324604034423799	0.33541263341903699	0.0021665930747986101	0.56379486694932002	0.56155163571238498	-0.0022432312369346	0.51057138666510504	0.34011047836393099	-0.170460908301174	0.97424601912498499	0.971127396076918	-0.0031186230480669801	0.0251920318230987	0.0282737207598984	0.0030816889367997601	0.00056193172931671097	0.00059890870907111096	3.6976979754400202e-05	0.020398260045934601	0.021437157524956601	0.00103889747902201	0.0077137466869316804	0.00500798120629041	-0.00270576548064127	0.00039310618510626501	0.0079904730234303598	0.0075973668383240997	1	-160.875	25880.765625	0.072845151551784601	-0.023719600128083999	-0.124231508393885	-0.047764886217752697	0.113345013626314	-0.033646456605992602	0.135531587002096	-0.180715293998539	0.0862294571691401	-1.1729278960732199	0.42081165145307903
307	80.25	-0.55014435216099999	0.333658828865737	0.33641038741916401	0.0027515585534273498	0.56258876658976098	0.56097450815141203	-0.0016142584383487301	0.459024064987896	0.41584176044561399	-0.043182304542282099	0.97319488171488	0.97046839166432597	-0.0027264900505541401	0.0262183460465167	0.0289029102481436	0.0026845642016268901	0.00058678803216025805	0.000628691469682963	4.1903437522704598e-05	0.020625587745949098	0.0217238108317057	0.00109822308575664	0.0067556779991718701	0.0059569320046647702	-0.00079874599450709496	0.00251582012089788	0.00278714468546325	0.00027132456456536801	1	-160.625	25800.390625	0.090370335347636999	-0.023290203023681399	-0.033125327647085902	-0.039062423368355602	0.095873891462101304	-0.0333242864801035	0.143209658171637	-0.053868532661672297	0.00043384263547567001	-1.1711051642999899	0.416033543013409
309	80.75	0.091755771565300001	0.33590402593836199	0.344390231184661	0.0084862052462994497	0.56144225597381603	0.54522618073970097	-0.016216075234115099	0.35470776902511603	0.73347636125981897	0.378768592234702	0.97065253332257295	0.97207763623446197	0.0014251029118894599	0.028732094744918901	0.027265159052331001	-0.00146693569258788	0.00061538651152659495	0.00065721715491235896	4.1830643385763798e-05	0.0215150762487341	0.022907405429416199	0.0013923291806821299	0.0051300285951583402	0.010108804254559799	0.00497877565940146	0.0029082525285571799	0.00077556987471954705	-0.0021326826538376302	1	-160.125	25640.015625	0.26217660592013597	-0.033258802405427397	0.26890764201732398	0.0530723465965234	-0.086767368052921706	-0.033329046918001301	0.18127361828139099	0.33042744107142402	-0.027719595324476098	-1.1674597007535299	0.40649961901947801
312	81.5	-0.011215118441399999	0.34567677676677699	0.34156548827886601	-0.0041112884879112603	0.54311643838882495	0.55372858345508602	0.0106121450662613	0.78929140828550204	1.5323399960994699	0.74304858781396299	0.972135046124458	0.97210771143436403	-2.7334690093971899e-05	0.0272053515538574	0.027187897451221899	-1.7454102635441899e-05	0.00065962105873040898	0.00070438869297504304	4.4767634244634101e-05	0.023443490487557901	0.022711972837094901	-0.00073151765046299303	0.0108078645716887	0.018495628144592099	0.0076877635729033396	0.00254532414079418	0.054622074124561298	0.052076749983767101	1	-159.375	25400.390625	-0.115236081024524	-0.0149432883813631	0.52965970983979005	0.020838935094563801	-0.022998814523228401	-0.033136979765649902	-0.093600049605074107	0.51061770437335496	0.60712953779120804	-1.1619915054338401	0.392254465242108
313	81.75	0.202955655033	0.34386163586750601	0.341317090392113	-0.0025445454753935102	0.54843213260173795	0.55689274761825802	0.0084606150165199602	1.13401369079948	0.69913310540142504	-0.43488058539805802	0.972855708189309	0.96926755346357796	-0.0035881547257302598	0.02648544262629	0.0300510007538832	0.0035655581275932202	0.00065887553664652004	0.000681463988075849	2.25884514293291e-05	0.023749153702347401	0.0235056417959708	-0.00024351190637661801	0.015943637193413501	0.0093720634721649806	-0.0065715737212485598	0.027693892574175601	0.106271239162622	0.078577346588446603	1	-159.125	25320.765625	-0.068297483349313806	-0.016412128966315401	-0.31350343771386602	-0.058185029402326199	0.13463237498941699	-0.034587407325528202	-0.030441102895927202	-0.43785228648121899	0.91747923087872696	-1.1601687736606101	0.38752094257325898
316	82.5	-0.36850024298099998	0.34147751182317698	0.33362053185701401	-0.0078569799661635797	0.55788920819759402	0.56660778522491495	0.0087185770273207099	0.43209178186953301	0.314245884120463	-0.11784589774907001	0.96855573952198004	0.96931279003620197	0.00075705051422125802	0.0307875657454133	0.030041493102908101	-0.00074607264250514996	0.00065671932534314603	0.00064574778953101501	-1.0971535812131701e-05	0.024132509584780099	0.024207560221354198	7.5050636574099105e-05	0.0066074210888473596	0.0051423858851194198	-0.00146503520372795	0.080524619305032005	0.0022284915405219301	-0.078296127764510101	1	-158.375	25082.640625	-0.227454552023549	-0.0162360193782175	-0.086569619279864396	0.038246506361112299	-0.0550536889586693	-0.036782092801973601	0.0107880730258083	-0.098187234656005595	-0.91967316781164998	-1.1547005783409201	0.37336496033753203
318	83	-0.56475386167800001	0.335768347606063	0.32941842973232299	-0.0063499178737401202	0.56487598568201103	0.56771368756890295	0.0028377018868923601	0.34380709100514301	0.39267677161842401	0.048869680613280501	0.96947168409824402	0.96817346960306205	-0.00129821449518208	0.029902298934757699	0.031105892616324099	0.0012035936815664001	0.00062603104670415702	0.000720623198867542	9.4592152163385006e-05	0.0242696974012587	0.0233992965133102	-0.00087040088794847605	0.0055714711430481997	0.0059350842697312896	0.000363613126683088	0.00577613122113892	0.0041618385106859902	-0.00161429271045293	1	-157.875	24924.515625	-0.18230395574666	-0.020250868291127901	0.0327655962789117	-0.0073652312468983801	0.0307200126277557	-0.029878660712653202	-0.11157467203818	0.023446613358271501	-0.021648707101503399	-1.1510551147944601	0.36396479365606499
320	83.5	0.241919300127	0.32963988035917302	0.330002319812775	0.00036243945360175901	0.56887155175209003	0.56464540660381302	-0.0042261451482773502	0.27165863309056099	1.4026604712009401	1.1310018381103799	0.96790179312229196	0.977354279160499	0.0094524860382078097	0.031382405757904103	0.022038430161774199	-0.0093439755961298408	0.00071579647483304104	0.00060732798301614901	-0.000108468491816892	0.0236796061197917	0.022755036530671301	-0.00092456958912039101	0.0042257264518412597	0.018108494766056599	0.0138827683142153	0.00038517034619939597	0.00041426927991828602	2.9098933718889399e-05	1	-157.375	24766.890625	0.018793887054013299	-0.025073327179117599	0.80735712243687296	0.23122109683623099	-0.43331019013942301	-0.043157993716409597	-0.118585323351364	0.92268286344256301	-0.0024028727529568001	-1.1474096512480101	0.35459435082181101
322	84	0.12690061687699999	0.329126835241914	0.333234758675098	0.00410792343318461	0.56552686020731902	0.55998733043670701	-0.0055395297706126697	1.4606199510395499	1.8388752566650399	0.37825530562549398	0.97555263713002205	0.98087384551763501	0.0053212083876133	0.023805950069799998	0.018647259776480501	-0.0051586902933194699	0.00064143686831812205	0.00047887690598145201	-0.00016255996233666999	0.022408831561053302	0.022468990749783001	6.0159188729740797e-05	0.018612244306132199	0.0210913890274241	0.0024791447212919602	0.00149574055294641	0.0049971534279981402	0.00350141287505173	1	-156.875	24609.765625	0.131006141528384	-0.025969969379011699	0.26854023083262901	0.13953717708738	-0.24918257394937601	-0.046695353963158298	0.0088607839063233104	0.16416270631542099	0.038261553866249	-1.1437641877015501	0.34525363183477298
323	84.25	0.16909166785800001	0.330844414141029	0.33822069754824002	0.0073762834072112499	0.56342382058501195	0.54104111362248697	-0.022382706962525398	1.2907100539654499	3.4265947263687599	2.1358846724033098	0.97889053914696	0.97949067037552595	0.00060013122856605904	0.020543918019393401	0.020019694208167502	-0.00052422381122598297	0.000565573217136261	0.00048964895695462402	-7.5924260181637005e-05	0.0228103143197519	0.020150396558973601	-0.0026599177607783101	0.016132189618656499	0.036217781851882902	0.020085592233226399	0.00036797151259696301	0.0037448975975519498	0.0033769260849549898	1	-156.625	24531.390625	0.22892407232678799	-0.0374687361482689	1.5266534882571201	0.034764054584725902	-0.045293662221531	-0.0410297344891912	-0.343178504935224	1.3352681206935999	0.036803683401055297	-1.1419414559283201	0.34059441878395802
326	85	0.32267577116700003	0.34143270030617701	0.34985337667167199	0.0084206763654946504	0.52538824006915097	0.47688033990562001	-0.048507900163531001	3.30357841253281	4.5545093875378297	1.2509309750050199	0.97910636663436901	0.98285153061151498	0.0037451639771457499	0.020410818420350502	0.016637961147353102	-0.0037728572729974	0.000482853855646681	0.00051054538271273601	2.7691527066055202e-05	0.019076368543836798	0.013698577880859399	-0.0053777906629773799	0.036729956977069503	0.043642158221337102	0.0069122012442675903	0.0020039820229742098	0.00060033818212513503	-0.00140364384084908	1	-155.875	24297.015625	0.26021340343726002	-0.055304296505870897	0.89320254578413305	0.104560605316868	-0.18821417824693401	-0.034253687115668001	-0.69493254035871299	0.45903062290008101	-0.019181788601289499	-1.1364732606086301	0.32666136540233698
327	85.25	0.61134137276900002	0.34462989028543201	0.340761456917971	-0.0038684333674608999	0.50778431892395004	0.46885275747626998	-0.038931561447679702	3.40706041827801	5.3984245598316098	1.9913641415536001	0.98018427342176395	0.98109270855784403	0.00090843513607985504	0.01937685298617	0.018326832074671999	-0.0010500209114980301	0.00043889999924431303	0.000580457484284125	0.000141557485039812	0.017253522519711999	0.012604169492368301	-0.0046493530273437099	0.039828120369929998	0.053630576271097997	0.0138024559011681	0.00053198849577076001	0.00051887046407208105	-1.31180316986782e-05	1	-155.625	24219.140625	-0.107960300184202	-0.048766570034059299	1.4232055149421501	0.041606129387101898	-0.0684256017831473	-0.026807320630825599	-0.60065628568868501	0.91734082600442302	-0.0028972775565873298	-1.1346505288354001	0.32203187619873702
329	85.75	0.97224024091500005	0.34469389645382698	0.36900059906765798	0.0243067026138306	0.47021222561597797	0.41457612561062002	-0.055636100005358499	4.9186525091878401	6.0013006271794698	1.0826481179916301	0.98316975310444799	0.98001251854002502	-0.0031572345644235202	0.016309531830484201	0.0192980172781974	0.0029884854477132102	0.00052073715742153995	0.00068948374782849201	0.00016874659040695301	0.0127676363344546	0.0111973515263311	-0.0015702848081235001	0.048828611243425503	0.0604435101529818	0.0116148989095563	0.00061399680578183699	0.0013856042988261901	0.00077160749304435101	1	-155.125	24063.765625	0.736148377310341	-0.060170688786371697	0.772745470243827	-0.048621777345974102	0.109244615439701	-0.0250292646906526	-0.20215543210624001	0.77183391239218901	0.0062926787826951399	-1.1310050652889401	0.312795190676948
331	86.25	0.74594440665299999	0.36691366611048598	0.29583076806739	-0.071082898043095505	0.40983702996745702	0.656002498418091	0.246165468450634	6.6674549117684396	4.7924127712846198	-1.87504214048383	0.97596912216395104	0.992281750962138	0.016312628798186599	0.0232841669989283	0.00741387542366283	-0.0158702915752655	0.00074672293230833005	0.00030441070121014601	-0.00044231223109818398	0.012428700482403699	0.00902103141502094	-0.0034076690673828002	0.066043144906871104	0.052204375527799399	-0.0138387693790717	0.0012686892206649899	0.00045880523525585598	-0.00080988398540913597	1	-154.625	23908.890625	-2.1216617752552298	0.145867982346159	-1.3443728459828801	0.38346571253787498	-0.720429207553685	-0.0649900045789681	-0.43995438410841903	-0.92123498912202095	-0.0122282399075618	-1.1273596017424801	0.30358822900237198
334	87	0.39319726442399999	0.28132708556950098	0.25247029606252902	-0.0288567895069715	0.69661697521805799	0.77011240124702396	0.073495426028965999	3.9580975741147899	1.62322705406696	-2.3348705200478301	0.99284921661019299	0.99420724511146497	0.0013580285012720901	0.0068834415462333603	0.0056079071073327196	-0.00127553443890064	0.00026736715135484702	0.00018480429498595201	-8.2562856368894702e-05	0.0101783187301071	0.0157692520706742	0.0055909333405670903	0.045729344105347902	0.0205001564958367	-0.025229187609511199	0.00068828724729557604	0.00040641545932733298	-0.00028187178796824301	1	-153.875	23677.515625	-0.85659513437598001	0.0279868650710982	-1.6735185643035	0.051583788963666298	-0.0783468533144039	-0.0414638714431576	0.72466766558596496	-1.67887678214458	-0.0060446650293527297	-1.1218914064227901	0.28983351870403601
336	87.5	0.48592426116199999	0.25568988919258101	0.235961489379406	-0.019728399813175	0.76192169189453096	0.80519594252109505	0.0432742506265636	1.83118821699173	1.19487839341165	-0.63630982358007904	0.99429138898849501	0.99295740425586698	-0.0013339847326278001	0.00552178365178407	0.0068336594616994102	0.00131187580991535	0.000186801278323401	0.000208915425901068	2.2114147577667601e-05	0.0148862485532408	0.0175836633752894	0.0026974148220485902	0.024275486360420501	0.015380645077675699	-0.0088948412827447604	0.00040928983274980901	0.000396075746320511	-1.32140864292982e-05	1	-153.375	23523.890625	-0.58311453938606395	0.0073549947603179198	-0.45768673356667899	-0.0081590669211718796	0.035483781099044501	-0.034618424851463901	0.35018112699986798	-0.59238608544737203	-0.0028984024579098299	-1.1182459428763301	0.28070086664749599
338	88	0.60223568986300002	0.23952278420329101	0.21505028605461099	-0.024472498148679502	0.79431116878986396	0.83810986131429699	0.043798692524432699	1.2410422116518001	1.8025960329920101	0.56155382134020104	0.99323816001415199	0.99204717203974702	-0.0011909879744050899	0.0065590214857366002	0.00766728370217604	0.00110826221643944	0.000202791907577193	0.000285510223329765	8.2718315752571499e-05	0.0175755818684896	0.015262038619430001	-0.0023135432490595902	0.015678662422578801	0.020881760331394699	0.0052030979088158597	0.00039895578323935103	0.00040200646329665299	3.05068005730251e-06	1	-152.875	23370.765625	-0.72524462793455602	0.0077130290550896999	0.39974553329618101	-0.0049855926562915398	0.026525996174458201	-0.030655160898216599	-0.29834983315799701	0.34534839549318402	-0.0027079250372480899	-1.1146004793298701	0.27159793843816998
340	88.5	0.044497752780200003	0.21957415863871599	0.23084363192319801	0.0112694732844827	0.83040939271450098	0.76872481107711899	-0.061684581637381601	1.5491259206086501	1.2054880976677	-0.34363782294095302	0.99175663590431196	0.99213137030601495	0.00037473440170288102	0.0079677485860883603	0.0076256610685959403	-0.00034208751749242199	0.00027561679744394401	0.000242998647445347	-3.2618149998596902e-05	0.0164662679036458	0.01277997052228	-0.00368629738136576	0.019082774991693599	0.016407194244675401	-0.0026755807470181699	0.00041038648601564803	0.000442205825408173	3.1819339392525099e-05	1	-152.375	23218.140625	0.34556149905370398	-0.064299961951541695	-0.24819175638837501	0.0297619060162812	-0.037280750517678499	-0.038197692558536202	-0.476015170375299	-0.17870753491178301	-0.0023710139582858399	-1.11095501578341	0.26252473407605798
341	88.75	-0.23729103738499999	0.21060309940949101	0.23112671896815301	0.020523619558662099	0.84923145789652998	0.759837692417204	-0.089393765479325593	2.1342182118445501	0.38520551528782299	-1.7490126965567301	0.992716239951551	0.99187417272478295	-0.00084206722676760703	0.0070112085726577698	0.0078606719442177505	0.00084946337155998401	0.00027252457448412201	0.00026519415491748	-7.33041956664244e-06	0.0126680091575339	0.0147202385796441	0.0020522294221101398	0.024416125781135601	0.0058664032301749902	-0.018549722550960601	0.00040239200020882998	0.00039626124084639401	-6.1307593624354202e-06	1	-152.125	23142.015625	0.62280967908114104	-0.0832169061084891	-1.2541608153764501	0.00275787668436151	0.015140388997715699	-0.036543978738206903	0.26667958877817999	-1.23458739952403	-0.0028154492922120001	-1.10913228401019	0.25799927833770703
344	89.5	-0.86387138455199997	0.22999984994530701	0.23135140836238899	0.00135155841708179	0.75915648639202105	0.754749655723572	-0.0044068306684492704	0.33297484479844403	0.22802878320216999	-0.104946061596274	0.99169617593288395	0.99169192612171198	-4.2498111724187399e-06	0.0080200503114610903	0.0080327735282480807	1.27232167869886e-05	0.00028377907656249599	0.00027522463497007198	-8.5544415924238399e-06	0.014640186451099499	0.0144896330656829	-0.000150553385416669	0.0049459528396255201	0.0038591461488977001	-0.00108680669072782	0.00036150050897728101	0.00033786514460784801	-2.3635364369433399e-05	1	-151.375	22914.390625	0.048427245370448603	-0.025196680429597999	-0.077335900733053103	0.021351249290185802	-0.021671192273790201	-0.0366240247568035	-0.0184101742795801	-0.073029095335373106	-0.0030204465182208898	-1.1036640886905	0.24446749689347699
345	89.75	-1.11778739405	0.230287148244679	0.26526085254736198	0.034973704302682797	0.758092907816172	0.69815510474145503	-0.0599378030747163	0.26142702060751299	1.54171731434758	1.28029029374007	0.99164839945733496	0.98647461626678701	-0.0051737831905482902	0.0080649891489883892	0.0131003105576382	0.0050353214086498298	0.000286612555464671	0.00042506082618274001	0.000138448270718069	0.014378936202437799	0.0300960187558772	0.015717082553439399	0.0039932785584823804	0.027191762946312498	0.0231984843878301	0.00034210295394938601	0.028464876210713499	0.0281227732567641	1	-151.125	22838.765625	1.0557247830600001	-0.063107443517473896	0.91421798215979699	-0.093374296552876601	0.19929320208354501	-0.027010650491054399	2.0352196954642698	1.54232436268453	0.326603426007813	-1.10184135691727	0.23997176500233999
348	90.5	-1.6076428216900001	0.31042765155434698	0.35620089620351802	0.045773244649171298	0.62543129324913005	0.55693106949329396	-0.068500223755835907	1.59026758521791	0.41651285812258898	-1.1737547270953199	0.97747230231761895	0.96020083725452399	-0.0172714650630948	0.021909224241972201	0.039039925485849301	0.017130701243877201	0.00061850263009546403	0.00075922292890027098	0.00014072029880480701	0.054687160915798998	0.0882445158781828	0.033557354962383802	0.028795358494971099	0.0091773918597028107	-0.0196179666352683	0.059878335018619798	0.035655552882413899	-0.024222782136206	1	-150.375	22612.640625	1.37927196045345	-0.068952972378841695	-0.84239045497032095	-0.36185368422851899	0.73141784708160895	-0.0268620691758064	4.3441532029226302	-1.30564241673646	-0.28641775585627399	-1.09637316159758	0.22652915509975199
350	91	-2.2080205558800001	0.35557986237108702	0.35697650238871598	0.00139664001762874	0.55748536288738204	0.55634430125355705	-0.00114106163382532	0.42763909548521001	0.23947820528409999	-0.18816089020110999	0.96121700778603603	0.96078583076596302	-0.00043117702007311503	0.038030184013769099	0.038455537753179697	0.00042535373941065402	0.00075276349016348905	0.00075866727565880804	5.9037854953195302e-06	0.086756077519169597	0.090793863932291705	0.0040377864131221396	0.0094762888038530807	0.0063087886315769401	-0.0031675001722761401	0.036807893209690003	0.037563954467223597	0.00075606125753356602	1	-149.875	22462.515625	0.049777860687524197	-0.022967153540251101	-0.13690117715647901	0.011876611352496199	-0.0035179078496837598	-0.035678516024147601	0.52365543322869901	-0.21142790635337699	0.0061106161109971604	-1.09272769805112	0.217604569973711
351	91.25	-1.86146967633	0.35644650179892801	0.35676350938156198	0.00031700758263469901	0.55673206411302101	0.55716967880725898	0.000437614694237642	0.31140893243718798	0.146946314605885	-0.164462617831303	0.95967636927962297	0.95848392415791706	-0.00119244512170547	0.0395545289618894	0.040781075647100803	0.00122654668521139	0.00076910186944587696	0.00073504429692547999	-3.4057572520396403e-05	0.089766580087167203	0.0957837917186595	0.0060172116314922801	0.00713920693669934	0.0040299816879269196	-0.0031092252487724199	0.036601297623328297	0.045746969285145399	0.0091456716618170692	1	-149.625	22387.640625	0.017432777863854498	-0.0218893978001251	-0.11993792471539701	-0.0050179305883912501	0.031729808027537901	-0.038291824885832201	0.779837688041777	-0.20755170825086799	0.104361725432569	-1.09090496627789	0.213153423853395
353	91.75	-2.16469723819	0.35695674549788198	0.355671259388328	-0.00128548610955476	0.55677113607525797	0.55795740969479102	0.0011862736195325	0.18449340541846801	0.24879364972003301	0.064300244301564793	0.95920935012400099	0.95989712886512302	0.00068777874112135905	0.040054442489054098	0.039358419342897903	-0.000696023146156188	0.00073623525695438801	0.00074444523506826904	8.2099781138813495e-06	0.093790718361183495	0.093053019488299402	-0.00073769887288410697	0.0048751518574135302	0.0066018896221068102	0.0017267377646932799	0.041026837268746598	0.080998353764620196	0.039971516495873501	1	-149.125	22238.265625	-0.0305768868314845	-0.0213782914765616	0.043810812700934301	0.0367091834738845	-0.0528518093286095	-0.035527700488687898	-0.094400039158933496	0.114115820929188	0.465364597410312	-1.08725950273143	0.20427342449817501
355	92.25	-1.7687664542199999	0.35586536573246103	0.35360877243801903	-0.0022565932944417799	0.55829736217856396	0.54778684088960405	-0.0105105212889602	0.185766676184729	1.4866691618924199	1.3009024857076901	0.95794218461960601	0.96458411030471303	0.0066419256851073501	0.041333937505260099	0.0347131405127587	-0.0066207969925013901	0.00072387989894196099	0.00070276266123983503	-2.1117237702126101e-05	0.096159779583966196	0.080874146355523702	-0.015285633228442499	0.0049396038928536902	0.026369629775580099	0.021430025882726401	0.071502311330464793	0.049009610815244901	-0.022492700515219899	1	-148.625	22089.390625	-0.059670624021776399	-0.029363644540778701	0.92897221446224398	0.168847368499216	-0.313506557061135	-0.0374455800800262	-1.97723076774202	1.4246940838320701	-0.26615669124331398	-1.08361403918497	0.19542314899016999
357	92.75	2.58065332901	0.352153708040714	0.36660592742264297	0.0144522193819285	0.56006573289632799	0.46169014694169203	-0.098375585954636302	0.21835875166580401	0.34711522213183799	0.128756470466034	0.96136233899742396	0.99347657840699	0.032114239409565898	0.037877393618691697	0.0062108053185511401	-0.031666588300140602	0.00076026937149435898	0.000312625064088934	-0.00044764430740542601	0.089690010635941203	0.00719437775788484	-0.082495632878056294	0.0057836832027533501	0.0053301021638617998	-0.000453581038891542	0.0710536562669353	0.034556582308763698	-0.036497073958171602	1	-148.125	21941.015625	0.44091449400995703	-0.089348757458870096	0.089948658479954202	0.73414502332876297	-1.41537214456896	-0.065338700493141305	-10.675720155687401	-0.030909639443663501	-0.43016254608265803	-1.07996857563851	0.18660259732937801
359	93.25	-0.32231505432899998	0.36636040601879399	0.365817290171981	-0.00054311584681276904	0.46181621933355899	0.460762950778008	-0.00105326855555177	0.39601890719499599	0.19136734660714599	-0.20465156058785	0.99359746612608402	0.99269672129303199	-0.00090074483305213604	0.0060983550618402696	0.0069380563814775004	0.00083970131963723496	0.00030419188324231098	0.00036521458714560101	6.1022703903290202e-05	0.0075803897998950901	0.0068651623196072098	-0.000715227480287881	0.0063203023964894601	0.00352426847093734	-0.00279603392555212	0.0130030865624621	0.033378783345179103	0.020375696782717001	1	-147.625	21793.140625	-0.00833595847853855	-0.022907217572142501	-0.148705219254051	0.0014556662302006101	0.014710916878227899	-0.032073964900900802	-0.091491734277968501	-0.18671956399740999	0.23587706079000101	-1.07632311209205	0.17781176951579999
361	93.75	-1.2770714646600001	0.36606122888624698	0.366265525482595	0.00020429659634829699	0.46068835714831902	0.461403535213321	0.00071517806500198699	0.19346968913450599	0.15157346709165501	-0.041896222042850401	0.99293594174086997	0.99229394420981398	-0.00064199753105631497	0.0067037649845588104	0.0073729985044337799	0.00066923351987496901	0.00036026865227540899	0.00033305849437965701	-2.7210157895751601e-05	0.0068296008639865602	0.0073093555591724601	0.000479754695185904	0.0033893001324031102	0.0025099668044276501	-0.000879333327975464	0.048274609055244902	0.030859414298754599	-0.0174151947564904	1	-147.125	21645.765625	0.014056030307551899	-0.021699906445391898	-0.032204748215915603	0.0071979495812125004	0.0072113493848692499	-0.037844032062796101	0.063165903370187002	-0.059228856627715598	-0.206693790185699	-1.07267764854559	0.16905066554943701
364	94.5	-1.16068871207	0.366640561819077	0.35578266382217399	-0.0108578979969023	0.46100201010704001	0.501403091847896	0.040401081740855799	0.13332033082842801	1.6587481450288899	1.52542781420047	0.992327693104744	0.98580947518348705	-0.00651821792125706	0.0073446883354336004	0.013681388949044001	0.0063367006136104001	0.00032759934692876402	0.00050917421613121204	0.00018157486920244799	0.00729878743489582	0.025834712275752101	0.0185359248408563	0.0022269726003287301	0.030481445987242201	0.0282544733869135	0.030293671209504099	0.074547453514416703	0.044253782304912601	1	-146.375	21425.640625	-0.31736009682299199	0.0053934943540106996	1.08968772009937	-0.123210840204241	0.25654613311020302	-0.024190347888995298	2.4000414459659201	1.87862707723552	0.51551440721949104	-1.06720945322591	0.15596474181341799
365	94.75	1.3364318951800001	0.366571928188205	0.34121549436822601	-0.0253564338199792	0.46178201287984899	0.567039635125547	0.105257622245698	0.18566359977703401	1.69047528835945	1.5048116885824201	0.99250126760452995	0.97054109741002303	-0.0219601701945067	0.0071768956433516003	0.0286563880363245	0.0214794923929729	0.00032181459691855697	0.00080253048572558104	0.00048071588880702298	0.0068101600364402302	0.067143327218514404	0.060333167182074099	0.0029969840896228398	0.032553216109954597	0.0295562320203317	0.036431743397443601	0.12503902080825299	0.088607277410809093	1	-146.125	21352.515625	-0.75172676349501699	0.049670783859944598	1.0749306720851199	-0.46590838627269698	0.92273874629335095	-0.0046277525157716101	7.8095470380784304	1.9652144812405801	1.03494020728028	-1.06538672145268	0.151617629158352
367	95.25	-1.69275302167	0.34648584537208099	0.346582689415663	9.6844043582733407e-05	0.54138292847201297	0.56487307287752597	0.023490144405513599	1.7321996166370299	0.41901508930603998	-1.3131845273309899	0.97706076465547098	0.964396600611508	-0.0126641640439629	0.022253915479814299	0.034916702541522703	0.012662787061708401	0.00068535663385773803	0.00068672847701236803	1.37184315462968e-06	0.0498829453079793	0.083445718553331202	0.033562773245351903	0.032603534025837599	0.0097367206428314503	-0.022866813383006199	0.103878124875685	0.080989523446710399	-0.022888601428974999	1	-145.625	21206.640625	0.0108368219861234	-0.0061515319823500399	-0.94219447706522497	-0.25960555359607201	0.53485624418394295	-0.035974886459679598	4.3448544509087199	-1.5217417754618201	-0.27079310486485803	-1.06174125790622	0.142945696733631
370	96	-0.83671778641100003	0.34769212789833498	0.36350062415003798	0.015808496251702199	0.56272059306502298	0.56514689847826904	0.0024263054132460699	0.38838663622736702	1.3568984292447499	0.96851179301738699	0.96510216072201704	0.96747788637876497	0.0023757256567475999	0.034213926596567003	0.0317711909301579	-0.0024427356664090999	0.00068392490502447098	0.00075092508195666698	6.7000176932196097e-05	0.082783564814814803	0.077832568133318902	-0.0049509966814958598	0.0093292854493483707	0.0175698593840934	0.0082405739347450394	0.0528355633917457	0.088752791906780301	0.035917228515034497	1	-144.875	20988.765625	0.48154766346906103	-0.020531726946609201	0.69104654877720795	0.074169166230145106	-0.12969675280415099	-0.031683062689049697	-0.63969577591725901	0.547388279893393	0.41788464632424499	-1.05627306258653	0.12999353031007599
372	96.5	-0.103713284376	0.35438921302557003	0.39665969312191002	0.042270480096339602	0.570262610912322	0.52906077206134805	-0.041201838850974101	1.02017773091796	0.79444844257087399	-0.225729288347082	0.96705147325992602	0.97258939445018799	0.0055379211902619697	0.0321551810950041	0.026743861939758098	-0.0054113191552459597	0.00079334001929964805	0.000666805100627243	-0.000126534918672404	0.079906548394097096	0.065638337311921299	-0.0142682110821758	0.0151132508181038	0.0140666449209676	-0.0010466058971361999	0.083054127861402594	0.036127081056932603	-0.046927046804470102	1	-144.375	20844.140625	1.2743314215247701	-0.050316478941657299	-0.16379268264736599	0.14434660431232901	-0.26029673863872099	-0.044339463910238297	-1.8455534014498001	-0.070355110875672394	-0.55230843283557396	-1.05262759904007	0.12139590750338999
374	97	-0.79784032434700003	0.39439876787364497	0.395087572932243	0.00068880505859852904	0.53446963578462603	0.53461187109351105	0.000142235308885352	1.0559654109179899	0.82835175320504695	-0.227613657712947	0.97143315374851202	0.97716302946209899	0.0057298757135867398	0.027903624204918698	0.022165649081580401	-0.0057379751233382903	0.00066329802866676004	0.00067131185496691699	8.0138263001566303e-06	0.067101316098813604	0.063722087718822401	-0.0033792283799912001	0.0174810179392807	0.014621989219449299	-0.0028590287198314102	0.038697586196131402	0.030970597067903099	-0.0077269891282282996	1	-143.875	20700.015625	0.028571587484508301	-0.0220910520736575	-0.16514151655165299	0.14860658018429701	-0.27466765492457201	-0.035540528012538299	-0.43627351788685298	-0.19090970767109	-0.093234773086854905	-1.04898213549361	0.112828008543918
375	97.25	-1.1574226724100001	0.39655613116920002	0.38921906398609302	-0.0073370671831070001	0.527089576050639	0.54866571985185097	0.021576143801211999	0.60076089520008502	0.98309243228284704	0.38233153708276202	0.974079853482545	0.97863289099186701	0.0045530375093220101	0.0252340153732802	0.020771019771927999	-0.0044629956013522102	0.00068615162435889897	0.00059609547624859302	-9.0056148110305697e-05	0.064826548541033605	0.063633438392921807	-0.00119311014811189	0.0124433281889653	0.015200403955532	0.0027570757665667401	0.037263861581041703	0.024797722000453899	-0.012466139580587799	1	-143.625	20628.140625	-0.21187830451192	-0.0074582122062954699	0.27145800231144801	0.12248944437241099	-0.21857615265188701	-0.041953901979740402	-0.153340526666321	0.18264948803129299	-0.14873517975036499	-1.04715940372038	0.10855520550688801
378	98	-0.85646855944900002	0.38268840312957703	0.35103395208716398	-0.031654451042413503	0.56006442531943401	0.60766222849488305	0.047597803175448899	1.5625306444009599	3.1629930138587898	1.6004623694578299	0.980140489339829	0.97707475572824498	-0.00306573361158358	0.019265689793974101	0.0222614872967823	0.00299579750280827	0.00059380895909271001	0.00066376297836540999	6.9954019272699594e-05	0.063038239655671194	0.070539234302661999	0.0075009946469907799	0.020066258919359599	0.022697973833419399	0.0026317149140597999	0.024145578645293	0.023003108732435499	-0.00114246991285759	1	-142.875	20413.265625	-0.94041124728941505	0.0103066660398987	1.1433975468231301	-0.046591130479159602	0.10956630229655601	-0.031489893518937301	0.971872666194042	0.174311021510865	-0.0161231688425062	-1.04169120840069	0.095781382166617496
379	98.25	-0.75900446788300002	0.364302690513432	0.36137229464948201	-0.0029303958639501598	0.59134440496564	0.576965521834791	-0.014378883130848299	2.5097768286243198	1.5021816385910001	-1.00759519003332	0.98378084134310495	0.96804084423929504	-0.015739997103810102	0.015661497629480398	0.0311745317245367	0.015513034095056199	0.00055763977179594797	0.00078462766960001203	0.000226987897804064	0.063432304947464602	0.079497697618272495	0.0160653926708079	0.024154025192547099	0.0151167882693699	-0.0090372369231772106	0.023677802956509699	0.0178499417758782	-0.0058278611806315203	1	-142.625	20341.890625	-0.079857309055623701	-0.0320045590245569	-0.72345325445662101	-0.32786638118274303	0.66025013105963404	-0.021220522137981999	2.0802988782560998	-0.60185763303703999	-0.070993999248332398	-1.03986847662746	0.0915383029768011
381	98.75	-0.36263979693300002	0.35759561453014599	0.36641576308757101	0.00882014855742436	0.58800028078258004	0.55514140464365502	-0.032858876138924999	2.25720933638509	1.7718954554467901	-0.48531388093829902	0.971027259342372	0.96973424553871201	-0.0012930138036606499	0.028213206288637702	0.029461712570628198	0.0012485062819904899	0.00075954820713377603	0.00080400244823977099	4.4454241105994997e-05	0.076117932354962503	0.069421160662615902	-0.0066967716923466598	0.0183332786808021	0.020471014596842099	0.00213773591603995	0.0202719208706084	0.0167653178942869	-0.0035066029763215199	1	-142.125	20199.515625	0.272181329478488	-0.044620773119805397	-0.34960365254533898	-0.0072498142199113203	0.032695899444224498	-0.0331574743911347	-0.86563842559428805	0.14145365611798699	-0.0438096387589808	-1.036223013081	0.083074437482578894
383	99.25	3.0951808778899998	0.365485264081508	0.36149200499057799	-0.0039932590909302302	0.55974065326154199	0.56606136113405203	0.0063207078725100504	1.29459172412754	2.1563197948038701	0.86172807067632895	0.96885711364448102	0.97809617947787098	0.0092390658333898496	0.030354742298368299	0.021263793209800499	-0.0090909490885678693	0.00078810537343087996	0.00064002781655290205	-0.00014807755687797799	0.074741073890968401	0.019437712210195999	-0.055303361680772399	0.018412416183855501	0.028041743900394499	0.0096293277165390104	0.015451289794148801	0.024467791312215201	0.0090165015180664193	1	-141.625	20057.640625	-0.111699997356381	-0.017873034642036201	0.61461062929737298	0.22648474101940499	-0.42217853141140499	-0.045748264064240797	-7.1564271386242	0.63976222824354501	0.102849007999558	-1.03257754953454	0.074640295835570802
385	99.75	-0.094259897521400002	0.36307792533189098	0.35898435590788702	-0.0040935694240031902	0.56382069662213297	0.53892828244715896	-0.0248924141749742	3.2933469370006998	3.31471349708736	0.021366560086665501	0.97786698862910304	0.98356881588697398	0.0057018272578714902	0.021468980080680902	0.015841898889630199	-0.0056270811910506301	0.00066403706750861396	0.00058928967991960597	-7.4747387589008503e-05	0.023857236791539699	0.019801309373643699	-0.0040559274178959999	0.046951893490039899	0.039327063355995	-0.0076248301340448897	0.027112289185369402	0.045462508474139803	0.018350219288770401	1	-141.125	19916.265625	-0.114705229439217	-0.039182102787249998	0.013078828858478501	0.147984111161305	-0.26978898264185902	-0.0409527718500792	-0.52385363142255603	-0.50791038803283595	0.212156601663017	-1.0289320859880799	0.066235878035776796
387	100.25	-0.062390007353400001	0.36304638423025598	0.32970166523009597	-0.033344719000160297	0.53793986905366198	0.57385930549353303	0.035919436439871097	3.3563768237829401	2.6540071569383201	-0.70236966684461599	0.98048922587186105	0.986768428236246	0.0062792023643850597	0.018843097516219098	0.012836961034918199	-0.0060061364813008703	0.00066769312015821695	0.00039463331067963699	-0.00027305980947857898	0.0212856645937319	0.016115167405870202	-0.0051704971878616503	0.038846133748302501	0.037302607251331298	-0.0015435264969711499	0.0450407144302164	0.029052868591168901	-0.015987845839047499	1	-140.625	19775.390625	-0.99105057167004595	0.00233389381241547	-0.50497245043363204	0.16079758374961101	-0.28646515689242702	-0.053921590610000202	-0.66810409068031995	-0.103408139011433	-0.18997804204367499	-1.0252866224416299	0.057861184083197001
390	101	-0.121868185442	0.32284038364887202	0.307383685559034	-0.015456698089837901	0.59272224083542802	0.62306202352047002	0.030339782685041099	1.9279790800996099	0.68843136504293001	-1.23954771505668	0.98441940620541601	0.97876318171620402	-0.0056562244892118798	0.0151767025818117	0.02081291701179	0.0056362144299782297	0.00040388147062913102	0.00042390524213260501	2.0023771503474399e-05	0.016906992594401	0.018784360532407399	0.0018773679380063601	0.0280219746055081	0.0113058567570989	-0.0167161178484092	0.0250710589990829	0.023136523498857801	-0.00193453550022505	1	-139.875	19565.015625	-0.45513714489428497	-0.0014753125177776999	-0.88948515648381699	-0.10408093819044301	0.22572891472854401	-0.0347551268703691	0.244048570004683	-1.11262387488161	-0.0253990849892872	-1.0198184271219399	0.045354875367853702
392	101.5	-0.62719198107700003	0.30850251913070698	0.30448280721902798	-0.0040197119116782698	0.62084805965423595	0.62984046041965502	0.0089924007654190695	0.87819448113440901	0.44200019277631802	-0.43619428835809099	0.97934103906154601	0.97922851741313899	-0.000112521648406805	0.020234510116279102	0.020368598029017498	0.00013408791273834499	0.00042444660357432402	0.00040289815951837199	-2.1548444055952099e-05	0.0182104040075232	0.019671856915509298	0.00146145290798609	0.0141209058929234	0.00755031211883757	-0.0065705937740858202	0.023501608592327299	0.027648317539201502	0.0041467089468741301	1	-139.375	19425.390625	-0.112492506594046	-0.016049081055096899	-0.31444378790462701	0.018948412377341298	-0.016331868777696001	-0.037473779206422898	0.19021978717803301	-0.43778710459672399	0.045818645535849398	-1.0161729635754799	0.037054491033309198
394	102	-0.42309867846799998	0.30502281673252601	0.30467577911913402	-0.000347037613391887	0.628188769519329	0.62611805722117497	-0.0020707122981545902	0.40106451772153501	1.7397925496101401	1.3387280318886099	0.97852118164300905	0.981142894923687	0.0026217132806776199	0.021079540927894401	0.0183973838458769	-0.0026821570820174802	0.00039929175218276098	0.00045973097803653202	6.0439225853770502e-05	0.019912691469545701	0.018473166006582799	-0.0014395254629629599	0.0068325973465107499	0.025064088322687899	0.0182314909761771	0.030192003921686899	0.030500819824487799	0.000308815902800918	1	-138.875	19286.265625	-0.0024615826313991499	-0.0236018221686344	0.95604778683207603	0.079628278756354795	-0.140229868549263	-0.032112121971459101	-0.18523222451535601	1.21194125310921	0.00087290540407721103	-1.0125275000290199	0.0287838305459787
395	102.25	-0.186915570373	0.30291704768314998	0.31215121727436801	0.0092341695912181408	0.63253148663789005	0.60301538668572996	-0.029516099952160799	0.64874600153416895	1.6807180579751799	1.03197205644101	0.97996074687689505	0.98418119084090006	0.0042204439640045601	0.019623713509645299	0.015405914321309	-0.0042177991883362896	0.00041554509534762597	0.00041290389563073603	-2.6411997168901698e-06	0.019382858276367199	0.016617782027633098	-0.0027650762487340698	0.0101301938237158	0.0236730404489209	0.0135428466252051	0.023242587373179899	0.036040907760884401	0.012798320387704501	1	-138.625	19216.890625	0.28458512932252999	-0.042338673769102997	0.73647148320424105	0.115108318605305	-0.20778897142993899	-0.036237322998856798	-0.35678838436245602	0.90007272984266695	0.14713806092214499	-1.0107047682557899	0.0246596467450188
398	103	-0.56628138159100005	0.31050212569534802	0.31235279478132699	0.00185066908597947	0.60163090527057606	0.59873577058315297	-0.0028951346874236399	0.97760373223572095	0.62601371072232204	-0.35159002151339902	0.98385375514626505	0.98385967835784005	5.92321157455444e-06	0.015757383313030001	0.015759179810993399	1.79649796335987e-06	0.000388874139389372	0.00038117429539852299	-7.6998439908494394e-06	0.0170613606770833	0.0178284256546586	0.00076706497757521297	0.013493229349842199	0.0098697223933412893	-0.00362350695650092	0.0262260203014648	0.029599745005632401	0.0033737247041675999	1	-137.875	19009.515625	0.063380275124285096	-0.0241646518928334	-0.25388394988421298	0.0215770154284173	-0.0221519027974964	-0.036568137579884002	0.100350332107576	-0.24175952286129701	0.036766191884934199	-1.0052365729360999	0.0123316811129603
399	103.25	-0.33163173706600002	0.308031284157187	0.30046680308878398	-0.0075644810684025697	0.60836743321269704	0.64432641994208095	0.035958986729383802	0.51328537678345998	1.55428325160474	1.04099787482128	0.98376612253487095	0.98527552559971798	0.00150940306484693	0.0158669316559099	0.014354505974915799	-0.0015124256809940699	0.00036695513772428898	0.00037000008969698697	3.0449519726983201e-06	0.017253734447338	0.015359122664840101	-0.00189461178249785	0.0077361455478239796	0.031763109795613698	0.0240269642477898	0.026194713265356301	0.029708588205767002	0.00351387494041071	1	-137.625	18940.640625	-0.21869147602911199	0.0023608946299917498	0.74293217507590004	0.054943188769877603	-0.088768656500359297	-0.035865472007370398	-0.24413065542906801	1.5974312914982201	0.0384074976809144	-1.0034138411628699	0.0082372211592145195
402	104	0.466256699326	0.28364625833928497	0.26016309000551702	-0.0234831683337683	0.70385856628418098	0.79830215349793399	0.0944435872137529	1.7399174955674701	1.7496266067027999	0.0097091111353342398	0.98707111179828699	0.993925416469574	0.0068543046712874504	0.012584600329864699	0.0058607103303075598	-0.0067238899995571604	0.00034432193424436202	0.00021392032849689799	-0.000130401605747464	0.0116191722728587	0.0086633752893518594	-0.0029557969835068399	0.033396626723700397	0.023724282125476701	-0.0096723445982237095	0.029277152949565299	0.030806312291952399	0.0015291593423870701	1	-136.875	18734.765625	-0.69560495264691602	0.042288087279003697	0.0047344125949368597	0.173560616935199	-0.31804203511380102	-0.044592329380792203	-0.38147194776270599	-0.64410227304496503	0.015164402972477399	-0.99794564584318202	-0.0040015729312016402
404	104.5	-0.27262013607199997	0.25910342484712601	0.25707408264279402	-0.00202934220433237	0.79802214503288305	0.802732485532761	0.0047103404998779502	1.8290903389453901	1.7408311965875201	-0.088259142357861795	0.99244524836540204	0.99565508961677496	0.0032098412513732501	0.00731319985352453	0.0041774259647354697	-0.0031357738887890698	0.000241561505390563	0.00016744057138566901	-7.4120934004894004e-05	0.00853384512442131	0.0084819652416088208	-5.1879882812487503e-05	0.023501415364444299	0.023778029422464798	0.00027661405802054801	0.0296981065118825	0.0284484314974516	-0.00124967501443094	1	-136.375	18598.140625	-0.052862329742067699	-0.018972425726018202	-0.065391383466648106	0.092680385689799999	-0.160186305267809	-0.040911804355877497	-0.0056395981785756898	0.017659808252499999	-0.017378652666777201	-0.99430018229672301	-0.0121236141824614
406	105	0.039264362572599999	0.26042437478899899	0.251036278344691	-0.0093880964443085503	0.79564771950244895	0.79036341533064802	-0.0052843041718010396	1.5567867475561901	2.5397633254527898	0.98297657789660198	0.99532039016485196	0.99079421907663401	-0.0045261710882184003	0.0045049032982205899	0.0088489271118304905	0.0043440238136098997	0.00017467607522121399	0.000356851057222227	0.00018217498200101301	0.0085977342393663194	0.0095737598560474407	0.00097602561668112104	0.020988342930286501	0.035696514742448698	0.014708171812162199	0.0281303299665112	0.025922615310187299	-0.0022077146563239101	1	-135.875	18462.015625	-0.27332580199072598	-0.025795727927957701	0.70140045954264696	-0.079002080245930195	0.16888022685169099	-0.024151102974098101	0.12739455039707101	0.97758516584269695	-0.028598298520888198	-0.99065471875026401	-0.020215931586507099
408	105.5	-0.25714582442400002	0.25421817079186398	0.24610043913126001	-0.00811773166060464	0.79029594361781996	0.81561916768550902	0.025323224067688499	2.4604390084743399	2.05483749108389	-0.40560151739044897	0.99356795549392696	0.98803469538688604	-0.0055332601070402498	0.0061662471154705304	0.0115372797008604	0.0053710325853898698	0.00026579642362776498	0.00042799597140401498	0.00016219954777625	0.0091477005570023296	0.0108985053168403	0.0017508047598379501	0.0327824546024202	0.026736102032009601	-0.0060463525704106498	0.0279123238900481	0.019167128991916398	-0.0087451948981316294	1	-135.375	18326.390625	-0.235266502535349	-0.0049000961478485204	-0.292545444907376	-0.10135203505187799	0.21406249359635801	-0.025457414417644202	0.22766844103664399	-0.40291682700960901	-0.105159027204728	-0.987009255203805	-0.0282785251433386
409	105.75	0.31380783455099998	0.243873642105609	0.268477484211325	0.0246038421057161	0.79877256192266899	0.79352832306176502	-0.00524423886090453	2.3262567479163301	2.8356755673885101	0.50941881947218204	0.98713205866515696	0.99160750061273595	0.0044754419475792097	0.0124325219425373	0.0080077886261279308	-0.0044247333164093303	0.00043539787238841999	0.00038469948967758902	-5.0698382710830998e-05	0.010613872386791101	0.0096404958654333506	-0.00097337652135775501	0.0326228265825192	0.037534882419276702	0.0049120558367575203	0.0230851991408111	0.10004749714457301	0.076962298003761795	1	-135.125	18258.765625	0.74505048247474404	-0.025768375507432301	0.36242723498722001	0.120767394716738	-0.216892840092099	-0.039380065598752102	-0.124902040868671	0.32598952447912299	0.89856532338994899	-0.985186523430575	-0.032298675479049098
411	106.25	0.37541978559200001	0.25923416172154301	0.25499832169152797	-0.0042358400300146499	0.80145063605159494	0.80136793106794402	-8.2704983651038497e-05	2.7362742750585101	2.0523015668062898	-0.68397270825222001	0.99084840882569603	0.98884832691401303	-0.0020000819116829899	0.0087432362022809504	0.0108513257990125	0.00210808959673159	0.000408358196546032	0.00030038718823561801	-0.00010797100831041501	0.0100195849383319	0.010260822154857499	0.000241237216525603	0.036240310936773198	0.025537302051725701	-0.010703008885047501	0.070056098974250303	0.103186817755688	0.0331307187814373	1	-134.625	18123.890625	-0.118967563902001	-0.022244617872521601	-0.491803884899356	-0.022941515711715699	0.070512443648209799	-0.043125460336149897	0.032296363602557401	-0.71265764322326797	0.385251703998162	-0.981541059884116	-0.040316683265059397
414	107	0.16963848432500001	0.250411245971918	0.24878705143928501	-0.0016241945326327899	0.79845607951283504	0.79901379346847501	0.00055771395564085903	1.70713070807978	1.1984805762767801	-0.508650131803004	0.98838467597961399	0.98462707921862602	-0.00375759676098808	0.0113060318049975	0.0149884546059183	0.0036824228009208599	0.00030932763547753	0.00038445895988843399	7.5131324410904196e-05	0.0104060420283565	0.0119191770200376	0.00151313499168112	0.022952891283785099	0.016931594058405601	-0.0060212972253795103	0.0709667756742898	0.0310005612767368	-0.0399662143975529	1	-133.875	17922.515625	-0.040724370032648498	-0.021807406535632699	-0.36630776954885402	-0.061945393937598701	0.13977372430249699	-0.031151319004227601	0.19690861412211499	-0.40125025286367799	-0.47078980767605899	-0.97607286456442699	-0.052287962730548497
416	107.5	0.169053034086	0.248724019527435	0.24374576210975701	-0.0049782574176786797	0.80137603282928505	0.796365398168563	-0.0050106346607212702	1.2295956611633301	2.57669352614319	1.3470978649798599	0.98583731055259705	0.98844932913780204	0.0026120185852050999	0.0137918403372169	0.0111668902914971	-0.0026249500457197501	0.00037086065276526001	0.00038378505996661299	1.29244072013525e-05	0.0117719862196181	0.011070986147280099	-0.00070100007233792798	0.016789941582828798	0.029097917868784798	0.012307976285956	0.030580147731633402	0.027946932353721601	-0.0026332153779118099	1	-133.375	17788.890625	-0.141209904086843	-0.025608894894979001	0.96203892362893095	0.079413127958740407	-0.13771309980813901	-0.0352193961686188	-0.089650386893415299	0.81793444843357599	-0.033581356839281103	-0.97242740101796799	-0.060231660898523498
418	108	1.79843237313	0.24374549034982901	0.27791004851460399	0.034164558164775198	0.79768953099846895	0.64861597344279398	-0.149073557555675	1.91475344323557	2.6589157804846799	0.74416233724911496	0.986157870292664	0.98798936679959304	0.0018314965069293799	0.0134324150858446	0.011577032561763101	-0.0018553825240814801	0.00040971598718897299	0.000433572661495417	2.38566743064435e-05	0.0122263873064959	0.012575531005859401	0.00034914369936343099	0.022127338435530299	0.045877154637127798	0.023749816201597499	0.028366766021904799	0.035597894349836297	0.0072311283279315099	1	-132.875	17655.765625	1.0314832930873301	-0.123960051068883	0.53045693305208796	0.062091289622229803	-0.103856714160693	-0.034504470752600699	0.046261895528590599	1.5789965915248101	0.081940421303543703	-0.96878193747150898	-0.068145635219284406
419	108.25	1.52986822034	0.24881854667328299	0.28102904306724702	0.032210496393963499	0.76936500146984899	0.63818478547036595	-0.13118021599948301	3.2247655451297699	1.23254706487062	-1.99221848025915	0.99240810759365605	0.97975332364440004	-0.012654783949255901	0.0072767252771881704	0.019725250086048599	0.0124485248088604	0.00031511459201283098	0.00052143033390166199	0.00020631574188883099	0.0087677425808376404	0.016330026697229501	0.00756228411639183	0.038996002543717698	0.0180892643053088	-0.020906738238408901	0.0291668408653444	0.033330237421773698	0.00416339655642928	1	-132.625	17589.390625	0.97294087830723497	-0.11174434147128399	-1.42824781377434	-0.25939738461710599	0.52542998169476096	-0.022572396321590998	0.97980490547327304	-1.39136597915936	0.046014074890933801	-0.96695920569827998	-0.072091475936959498
422	109	0.25951846924100003	0.280517933890224	0.29089909121394197	0.010381157323718001	0.64000987783074403	0.635261327773333	-0.0047485500574111503	0.89711103923619195	1.8156183078885	0.91850726865230603	0.97686627358198197	0.98015462309122103	0.0032883495092390601	0.022616742644458999	0.019308127625845401	-0.0033086150186135998	0.00051700136573344896	0.00053728229831904301	2.0280932585593801e-05	0.016249480070891199	0.019018893771701399	0.0027694137008101799	0.014051061833743101	0.021881597593892299	0.0078305357601492192	0.056397774941517501	0.055685634690366297	-0.00071214025115116898	1	-131.875	17391.015625	0.31894813288090701	-0.025429970830181801	0.65525324887903502	0.094422690473589102	-0.16779028514292399	-0.034738309590673103	0.35949940532328201	0.52011429824289801	-0.0110835585865823	-0.96149101037859097	-0.083884412319163798
423	109.25	0.16073785759500001	0.28673759298399099	0.290852927975356	0.0041153349913655201	0.63795588556677096	0.63437065165489903	-0.0035852339118720399	1.05594065822661	2.0843642212450102	1.0284235630184	0.97461051400750898	0.98547739498317199	0.010866880975663599	0.024827022833051101	0.014050964950001899	-0.0107760578830492	0.00056249507724714899	0.00047163158342300801	-9.0863493824141004e-05	0.017131854869701299	0.019564303645381202	0.0024324487756799801	0.015995146581553901	0.0269018754770508	0.0109067288954969	0.104497420661792	0.037851333547294801	-0.066646087114497002	1	-131.625	17325.140625	0.13122818697222499	-0.0246357797530442	0.73393146725818403	0.26261024152860302	-0.49631327800571401	-0.0420066990770658	0.31588854621547802	0.72472947879176697	-0.78323901147457098	-0.95966827860536097	-0.087800529189624804
425	109.75	0.19782925065599999	0.29004981284961101	0.28442861558869498	-0.0056211972609161399	0.63358482085168399	0.68276153188198796	0.049176711030304299	2.0375197533052001	1.4883050471544299	-0.54921470615077195	0.98367659393698004	0.984363750554621	0.000687156617641405	0.0158228414918994	0.0152547215431696	-0.00056811994872988205	0.00050057506214216203	0.00038147948580444902	-0.000119095576337713	0.019543457031249999	0.018751624778464999	-0.000791832252785035	0.0252295515765577	0.023327185021480599	-0.0019023665550770899	0.043855989008097597	0.040928312778173499	-0.00292767622992404	1	-131.125	17193.765625	-0.16047196199293701	0.0113845798423995	-0.39534394164142	0.036695376917164298	-0.047224830725889899	-0.043852961443512702	-0.101406119103238	-0.12727664142560799	-0.037029801280420403	-0.95602281505890196	-0.0956104700451363
428	110.5	-0.041738770242500001	0.282745817303658	0.28408652395009998	0.0013407066464424201	0.68941960036754601	0.67470892071723998	-0.014710679650306599	1.40900232791901	1.0461139743216299	-0.36288835359738197	0.98412917852401705	0.98476440310478197	0.00063522458076481503	0.0155009723268449	0.0148695638868958	-0.00063140843994911899	0.00036982922756578697	0.00036604108463507201	-3.78814293071496e-06	0.018942373770254602	0.017196090133101902	-0.00174628363715276	0.022877506725490101	0.015825858975585898	-0.0070516477499042102	0.046000557698279501	0.034531892155346799	-0.0114686655429327	1	-130.375	16997.640625	0.0481021334075835	-0.032231075123546497	-0.26197130985345501	0.035542868394600399	-0.0500091472485025	-0.036312328379388602	-0.224933648957646	-0.46978475291886301	-0.137053715892515	-0.95055461973921396	-0.10726964911487701
429	110.75	-0.52853321440400003	0.28266936214640698	0.28373359348624899	0.0010642313398420099	0.68685475811362295	0.67425731625407903	-0.012597441859543101	1.3256043361499901	0.76980580948293598	-0.55579852666705698	0.98394484799355297	0.98456495292484802	0.00062010493129516198	0.0156877348053968	0.0150818430527579	-0.00060589175263886703	0.00036740170990015	0.00035322210524100199	-1.41796046591479e-05	0.018403244018554699	0.016890787195276299	-0.0015124568232783599	0.020762208479573	0.0120133913675091	-0.0087488171120639197	0.0425658333037384	0.033332924382298602	-0.0092329089214398703	1	-130.125	16932.515625	0.0398191137419701	-0.0307883765039751	-0.40005664844560102	0.035207323595667202	-0.0488865650426136	-0.036991887342577197	-0.19467118697718	-0.58267318358011599	-0.110870668331383	-0.94873188796598396	-0.11114118021451699
431	111.25	-0.39094943640899998	0.28379468908533501	0.28002739576622798	-0.0037672933191060798	0.67373970858752696	0.69443585276603703	0.020696144178509499	0.88559220172464503	0.53601507535205095	-0.34957712637259503	0.98491129782050801	0.98270730040967502	-0.0022039974108337699	0.0147353297681548	0.016946717165410501	0.0022113873972557201	0.000353386132883315	0.00034600337367010099	-7.3827592132140004e-06	0.016937941092032002	0.018498738606770801	0.0015607975147388701	0.013759490463417	0.0080273365834728806	-0.0057321538799440797	0.033652551890040197	0.0357455227875626	0.0020929708975223702	1	-129.625	16802.640625	-0.10493021037327099	-0.0080589842757924704	-0.25244311707251799	-0.0274669371045374	0.075056931393265497	-0.036547401536354801	0.203077219287744	-0.38201767700524197	0.0217672257581553	-0.94508642441952495	-0.118861949528386
433	111.75	-0.43010625036400002	0.28033685032278299	0.28060969254001999	0.00027284221723666803	0.69227557014674002	0.68449997529387496	-0.0077755948528647201	0.63433201080188195	1.3138390417210699	0.67950703091918296	0.98316973131149998	0.98561680503189597	0.0024470737203956499	0.016479258454637599	0.014034316886682101	-0.0024449415679555098	0.000351029489775101	0.00034886927896877801	-2.1602108063229899e-06	0.0182935290866428	0.017166844120732098	-0.0011266849659107301	0.0093347604473820005	0.017438221986230799	0.0081034615388488104	0.035548380564118902	0.034104732013909102	-0.00144364855020985	1	-129.125	16673.265625	0.016109612353599301	-0.027496521677828699	0.484176585446351	0.075752567467000501	-0.129793799328798	-0.036205868297495898	-0.14474361035206099	0.53826815108242199	-0.019650285573541801	-0.94144096087306595	-0.126552994995041
435	112.25	-0.16317065966399999	0.28011732390150401	0.27654779432341497	-0.0035695295780897602	0.68824663478881098	0.67037477046251304	-0.017871864326298101	1.0490624049678601	1.5394810345955301	0.49041862962767402	0.98450556453317395	0.98574524912983197	0.0012396845966578	0.0151495154481381	0.0138765817799139	-0.00127293366822417	0.00034491648457333303	0.00037817439060745399	3.3257906034120603e-05	0.017558062518084502	0.0165119312427662	-0.0010461312753183201	0.013976736151380601	0.023201611432887199	0.0092248752815066292	0.032933053748753799	0.031982631966235499	-0.00095042178251828597	1	-128.625	16544.390625	-0.099005337819097206	-0.0343892027077667	0.348826875782491	0.0489574263777817	-0.078232434900778899	-0.033889668768768498	-0.13431814648610599	0.61285978604424296	-0.013874084446485101	-0.93779549732660705	-0.13421431661448199
438	113	-0.0502887211949	0.27834161520004302	0.26740308646112698	-0.010938528738915401	0.665725097060203	0.72860959395766001	0.062884496897456899	1.53083448605613	2.4836103081702898	0.95277582211415801	0.98244293108582503	0.98274588659405704	0.00030295550823222799	0.017095423117280101	0.016711787867825501	-0.00038363524945454102	0.00046164395098458098	0.00054231049434747501	8.0666543362893799e-05	0.017729780409071201	0.017507934570312501	-0.00022184583875869301	0.023965363796742301	0.051615597098133403	0.027650233301391099	0.032603492224005999	0.041676659243474398	0.0090731670194683506	1	-127.875	16352.015625	-0.31977574120715002	0.020742828040666399	0.67978272149598096	0.028168943532223101	-0.039108603170674702	-0.030789338394536798	-0.027637025225408899	1.83843561696167	0.103512620265768	-0.93232730200691805	-0.14565056683011701
440	113.5	1.96705987293	0.28327897191047702	0.21705291718244499	-0.066226054728031405	0.66089910268783603	1.0240959495305999	0.36319684684276599	1.6834499925374899	3.3974517345428801	1.7140017420053899	0.98069040775299099	0.98856092095375103	0.0078705132007597101	0.018763860687613501	0.0109405296389014	-0.0078233310487120893	0.00054571893997490504	0.00049851185613079103	-4.7207083844114103e-05	0.018064145688657399	0.0163765236183449	-0.0016876220703125201	0.022832927154377	0.040425318293274101	0.017592391138897101	0.062345187253788799	0.032041834992148799	-0.030303352261639899	1	-127.375	16224.390625	-1.9761539207341701	0.22576481591162001	1.22466916901025	0.196112957674347	-0.36641089049062497	-0.039151748976889798	-0.21734151952303399	1.16943107158285	-0.35762758936969602	-0.92868183846045904	-0.153237578831522
441	113.75	0.106475238742	0.23847304391674701	0.250614586379379	0.012141542462632099	0.85747643671930096	0.93604552205652103	0.078569085337220401	2.9666097048669999	3.7287086196243702	0.76209891475737102	0.98468920942395899	0.98954279776662601	0.0048535883426663604	0.0147375674918293	0.0099960937601281108	-0.0047414737317012304	0.00057319307516081404	0.00046110836701700398	-0.00011208470814381	0.016143784699616599	0.016578158625849999	0.000434373926233397	0.061787881050258002	0.045182879857020401	-0.016605001193237601	0.035167812970757703	0.029741531802930699	-0.0054262811678269301	1	-127.125	16160.765625	0.37168812222742098	0.031450631104522099	0.54329595724143098	0.12915945806196	-0.23082753113444701	-0.043394479427660601	0.057292608634164001	-1.10523287130688	-0.066291077439320098	-0.92685910668722904	-0.15701993838952
444	114.5	-0.68644132836100002	0.25558705553412397	0.28118320256471602	0.0255961470305919	0.92645383775234302	0.81593077480792897	-0.110523062944414	2.8125752449035399	3.5324883103371998	0.71991306543366096	0.98701411783695203	0.98482159376144396	-0.0021925240755080698	0.012482085637748301	0.0146504987496882	0.0021684131119398798	0.000503823051985819	0.00052790099289268103	2.4077940906861999e-05	0.0169257269965278	0.017609546802662	0.00068381980613423099	0.036020713392644899	0.0488022292032858	0.0127815158106409	0.029105046202388699	0.023693516419931102	-0.0054115297824576898	1	-126.375	15970.640625	0.77477929011437596	-0.097641789298933801	0.513099274531713	-0.027212313609284899	0.073166318892520704	-0.034490000824740803	0.089576529933017499	0.84943226767874802	-0.066118323293809594	-0.92139091136754103	-0.168322431292691
446	115	1.52029893217	0.28015418797731401	0.24015332590788599	-0.040000862069428197	0.83475588336586903	0.69874523207545303	-0.13601065129041601	3.5753197283484299	0.82877169565763198	-2.7465480326908001	0.985206369310618	0.97821939140558301	-0.0069869779050351103	0.014243610133416899	0.021306487708352501	0.0070628775749355596	0.00055001135988277201	0.000474161162128439	-7.5850197754333403e-05	0.017410080521194998	0.023893003110532399	0.0064829225893374203	0.037501751314266502	0.0115624981172004	-0.025939253197066098	0.025456516618029501	0.018188227403135099	-0.0072682892148943903	1	-125.875	15844.515625	-1.1904642720030201	-0.115042059483245	-1.96819783299891	-0.133613857471307	0.288493592637311	-0.041024891110307202	0.84011118671436802	-1.7261073011681101	-0.087862917522768702	-0.91774544782108203	-0.17582027175245399
447	115.25	-0.69269108395900003	0.26262886128388302	0.242503678193316	-0.020125183090566899	0.77393187861889401	0.70968885626643896	-0.064243022352455298	2.21035958835864	0.723291473090657	-1.4870681152679801	0.98224117625504703	0.979145158082247	-0.0030960181728003598	0.017252628182177501	0.020423605141695601	0.0031709769595181501	0.00050617963870536002	0.00043124635103595203	-7.4933287669407998e-05	0.019838297808611901	0.023695620784053101	0.0038573229754411899	0.048401748765903599	0.010772190309944699	-0.037629558455958903	0.021748001937604702	0.0218478829422784	9.9881004673691597e-05	1	-125.625	15781.640625	-0.59500190730342295	-0.066046598749362098	-1.0666605626729799	-0.047263224566040797	0.117273154622203	-0.040964928952630701	0.50029939535095103	-2.5036962937881699	-0.0015739406981575899	-0.91592271604785203	-0.17955804553963001
450	116	-0.32070135138599998	0.24272251073271001	0.233074771426618	-0.0096477393060921696	0.72044217139482503	0.76051327660679802	0.040071105211972997	0.80692302251700698	1.3225313945906201	0.51560837207361299	0.98113784193992604	0.98580874055624002	0.0046708986163137602	0.0184683374362066	0.013799765496514699	-0.0046685719396918597	0.000393809618253726	0.00039149888034444301	-2.3107379092834798e-06	0.0233106825086805	0.0211347226743345	-0.00217595983434605	0.011827256440665301	0.0176464365071296	0.0058191800664643698	0.025167055292003099	0.030109329182106799	0.0049422738901036198	1	-124.875	15593.765625	-0.28110453260010498	0.0051682207549907898	0.36685772433416503	0.125105092408893	-0.22762028665587999	-0.036215712152450397	-0.28054343709964102	0.38632753964108202	0.055135542798413803	-0.91045452072816302	-0.190726781130338
451	116.25	0.447748150653	0.23893547724001099	0.23294852613471501	-0.0059869511052965396	0.74537471402436595	0.74037506543099896	-0.0049996485933664304	1.0704682091251001	1.1514229085296399	0.080954699404540503	0.984397444315255	0.98317392133176296	-0.0012235229834912701	0.015213842046796299	0.016395653228391899	0.0011818111815955501	0.00038870451789989601	0.000430424908245185	4.1720390345289099e-05	0.022182591756184901	0.0214454721521448	-0.00073711960404006195	0.0150580662535504	0.015664909241604699	0.00060684298805427004	0.025406624458906998	0.037528485188405701	0.0121218607294986	1	-124.625	15531.390625	-0.17142970835744401	-0.025601394752649199	0.055732092099359101	-0.0057076301019364402	0.029761712415438301	-0.033336257014504697	-0.094325068709313495	0.0396252210755388	0.13921601107390899	-0.90863178895493402	-0.19443483107029999
453	116.75	0.033926958363199998	0.232954018702731	0.23135308283381201	-0.00160093586891893	0.74681336730718595	0.73155599590390896	-0.015257371403276701	1.2713132929056801	0.95366292279214104	-0.31765037011354402	0.98411988541483897	0.98238618131726996	-0.0017337040975690099	0.015461710555246099	0.0171984992397483	0.0017367886845022001	0.00041839247987809398	0.00041531091137585402	-3.0815685022393598e-06	0.021329335813169099	0.0201638327704536	-0.00116550304271557	0.017006927155307501	0.0139130641880912	-0.0030938629672162998	0.034473054257208702	0.063162213495264199	0.028689159238055501	1	-124.125	15407.015625	-0.040027555654154098	-0.032604299301529797	-0.22958990576682101	-0.017029891222234601	0.054177415827745698	-0.036266121310683602	-0.14976754475033	-0.20652987513573401	0.33323639801538701	-0.90498632540847501	-0.20182863806481399
456	117.5	0.257087513426	0.23148402720689801	0.24734713509678899	0.015863107889890999	0.72773841321468302	0.69730267226695997	-0.0304357409477236	0.85045185685157798	1.7665864676237	0.91613461077212099	0.98079217970371202	0.97893842458725	-0.00185375511646257	0.018771474529057801	0.020603060093708301	0.00183158556465047	0.00043634416506393102	0.00045853206102037798	2.2187895956447101e-05	0.0197905363859954	0.025323373300057999	0.0055328369140626096	0.0119911984540522	0.030351459910161398	0.018360261456109101	0.037084047858506601	0.040351873978045398	0.0032678261195388	1	-123.375	15221.390625	0.48318379249140098	-0.042966508838397498	0.65355489745704698	-0.0196941391651007	0.058347913727192002	-0.034613602010064901	0.71714867805343496	1.2205065134298001	0.035526008740070801	-0.89951813008878601	-0.212863616343058
457	117.75	2.0528387343499999	0.23166796611622001	0.29683888810686698	0.065170921990647598	0.72049810513853996	0.64287601318210397	-0.077622091956436504	0.661611291486769	2.9429098559543401	2.2812985644675701	0.97648768629878802	0.98864798452705105	0.0121602982282638	0.0229987968748901	0.0110305078793318	-0.0119682889955584	0.00051348056877031901	0.000321531946383404	-0.00019194862238691601	0.0201360490587023	0.0478972611603911	0.0277612121016888	0.0088516807110863693	0.041407817706930999	0.032556136995844698	0.0283802863411491	0.042086434452711798	0.0137061481115627	1	-123.125	15159.765625	1.96041370820053	-0.075180433726750207	1.6307409306256699	0.29131457312251402	-0.54876434330023804	-0.048617251755323797	3.5940016268533901	2.16475530042411	0.157769672718613	-0.897695398315557	-0.21652708051219899
459	118.25	-0.040404419190199999	0.27850663182325802	0.29648808985948599	0.017981458036227999	0.66019382905214896	0.68654143065214102	0.026347601599992301	2.4897004349157399	1.8170393353328	-0.67266109958293496	0.98496382217854295	0.99056899249553698	0.0056051703169939203	0.014661576299113001	0.0091957023207214997	-0.0054658739783915297	0.00037460591920534901	0.00023525605352006101	-0.000139349865685288	0.038619387591327103	0.056195124873408601	0.017575737282081502	0.038022462790831699	0.017503846774343398	-0.020518616016488401	0.041080575117055297	0.027858340995175	-0.0132222341218803	1	-122.625	15036.890625	0.54664817973277102	-0.00420075788206788	-0.48370702153406397	0.14583903935541601	-0.262696825803798	-0.045177508868010099	2.2757715258054998	-1.36554975273302	-0.15758983733923801	-0.894049934769097	-0.22383171596507001
461	118.75	-0.301996662024	0.29828143268823598	0.29276978168636603	-0.0055116510018705699	0.67652622088790004	0.70602416563779102	0.0294979447498913	1.6559602024033699	3.7928010351955499	2.13684083279218	0.99008922893553997	0.99130037706345298	0.00121114812791356	0.0096658587135607394	0.0084101736720185397	-0.0012556850415421999	0.00024488987205586402	0.00028946523716513002	4.4575365109266401e-05	0.056949339972602001	0.0464040403012876	-0.010545299671314399	0.017252935934811801	0.031864693347597298	0.0146117574127855	0.025723550184798199	0.051409712259304401	0.025686162074506101	1	-122.125	14914.515625	-0.157190027598411	-0.00205003176246086	1.5273379090367301	0.048324127061797603	-0.0774735980990508	-0.033149553378265501	-1.3637247216630899	0.97117209329881304	0.29806816154309301	-0.89040447122263799	-0.231106627570727
463	119.25	-0.174790509585	0.29024705234914999	0.31840932974591801	0.028162277396768201	0.71064905729144801	0.66283988654613502	-0.047809170745313101	3.3758297853171602	2.39693077607089	-0.97889900924627604	0.99250122066587199	0.98836610559374105	-0.0041351150721310502	0.0072556599057861902	0.011243540563737	0.0039878806579508102	0.00024313570688718801	0.00039035005684127	0.00014721434995408199	0.0485636746441876	0.041632426226580699	-0.00693124841760693	0.028897750104078902	0.027283765474567699	-0.00161398462951114	0.045520795891974102	0.046716385856860103	0.0011955899648859701	1	-121.625	14792.640625	0.85165888037118698	-0.054827276848394203	-0.70291249303784098	-0.070323518447717795	0.15321205000604601	-0.026437384874288001	-0.89598500076211496	-0.108094711952887	0.011257956809201899	-0.88675900767617899	-0.23835181532916999
466	120	2.24713094615	0.31785605885088403	0.23916147481650099	-0.0786945840343833	0.66405800506472601	0.64991744309663801	-0.0141405619680881	1.4661840826272801	0.54271266954018904	-0.92347141308709202	0.98652164861559899	0.99236073791980695	0.0058390893042086197	0.0130846205749549	0.0072384730039630196	-0.0058461475709918904	0.00039377117755066098	0.00040075619399431198	6.9850164436511698e-06	0.040205665870949099	0.00771648265697337	-0.032489183213975703	0.0212018546997568	0.0085634233022573204	-0.012638431397499501	0.045183469504743501	0.033313545747236703	-0.0118699237575069	1	-120.875	14610.765625	-2.3497029176254398	-0.0318418581614398	-0.663237351695112	0.151030317082402	-0.27942659809877501	-0.035607807956176303	-4.2037580369622702	-0.841393652114649	-0.14175286910780299	-0.88129081235649098	-0.24916386475330801
468	120.5	-0.036297352031199999	0.239960418641567	0.23211517259478601	-0.0078452460467814695	0.65089967250823999	0.65497087836265599	0.0040712058544157799	1.0063289918937399	0.33263996690511599	-0.67368902498862004	0.99216809570789299	0.99334959685802504	0.0011815011501311601	0.0074323302833363301	0.0062722352100536196	-0.0011600950732827101	0.00039955199026735601	0.00037823045568074999	-2.1321534586605301e-05	0.0076938205295138803	0.0075265389901620402	-0.00016728153935183899	0.018971452699044201	0.0058921119663864797	-0.0130793407326577	0.034823672701234203	0.077138305970009896	0.0423146332687757	1	-120.375	14490.140625	-0.22710301146033601	-0.019408760280869901	-0.48444281180076099	0.047666182628697901	-0.073268209048157798	-0.037458940258086597	-0.0205751745807791	-0.87072105102937003	0.49280494459140201	-0.87764534881003098	-0.25633474289371599
469	120.75	-0.45671006020999999	0.23732811543159199	0.23136252015829101	-0.0059655952733009797	0.65096302311867504	0.65346614029258498	0.0025031171739101602	0.50040697120128697	0.31916507706046199	-0.18124189414082501	0.99285465143620999	0.993216769210994	0.00036211777478467599	0.0067551633808761802	0.0063999787074862898	-0.00035518467338989499	0.00039017171366140301	0.00038324120387187499	-6.9305097895278597e-06	0.0077576390019169503	0.0073657424361617497	-0.00039189656575520601	0.0083010528454904395	0.00584432021569232	-0.00245673262979811	0.0407509560193582	0.082660406304614506	0.041909450285256403	1	-120.125	14430.015625	-0.170789901574806	-0.020479287878198998	-0.131948551286629	0.0294819098727871	-0.037856947340545503	-0.036517826279524303	-0.049645423557547003	-0.16415069629745499	0.48805982822834998	-0.87582261703680198	-0.25990903552121503
471	121.25	-0.27519076783200003	0.23089925399981401	0.23497079340741001	0.0040715394075960002	0.65549195557832696	0.63960413858294496	-0.015887816995382199	0.35975746745243598	0.20635012029451499	-0.15340734715792101	0.99336410947144005	0.99210019242018499	-0.00126391705125561	0.00625773983629187	0.00747252805304014	0.00121478821674827	0.00037817373513462297	0.000427308108919533	4.9134373784909499e-05	0.0073893370451750496	0.0077383606522171602	0.00034902360704211098	0.0062853132927557804	0.0036484432444012001	-0.0026368700483545798	0.073568255453058604	0.053247625140890202	-0.020320630312168499	1	-119.625	14310.140625	0.129916099878117	-0.033034701875921099	-0.11202454840211	-0.0066040807354839602	0.031212505475497698	-0.032851412915474699	0.046246352874401903	-0.17613266517905801	-0.24071947822741899	-0.87217715349034297	-0.26703532789080098
473	121.75	1.6115192117899999	0.23528301115147801	0.315841092402115	0.080558081250637306	0.63887749034911401	0.65327349733561202	0.014396006986498301	0.21229908925015001	14.7850379167123	14.572738827462199	0.99225315153598803	0.97563100401312097	-0.016622147522866601	0.0073179542276193398	0.023707667019334501	0.016389712791715201	0.000428899571397778	0.00066131282264905299	0.00023241325125127499	0.0077775672630027498	0.0166653951009114	0.0088878278379086496	0.00377911780451533	0.096013837993086396	0.092234720188570998	0.061492548679889597	0.035777390203811502	-0.025715158476077998	1	-119.125	14190.765625	2.4214029528299799	-0.0123600616414122	10.4289689529899	-0.34744361976789401	0.69881877020880301	-0.0208657262815501	1.1513601510465901	6.13431882833319	-0.303895043102275	-0.86853168994388397	-0.27413189641317398
476	122.5	-0.050110411477400002	0.30195748656988097	0.269283363223076	-0.032674123346805202	0.68777153491973897	0.72698147892951903	0.039209944009780499	13.1022042835131	2.80419536829001	-10.2980089152231	0.97620866596698797	0.96186853349208801	-0.0143401324748992	0.023150838073343099	0.0371931842528282	0.014042346179485099	0.00064043741149362498	0.00093826076481491204	0.00029782335332128701	0.0194499828197339	0.046226105866608497	0.0267761230468746	0.073422807986207803	0.036262304708361802	-0.037160503277846001	0.036481625458792202	0.031353169751025402	-0.0051284557077668101	1	-118.375	14012.640625	-0.97095996375024696	0.0045803095965485999	-7.3735427986747002	-0.29679970226372698	0.59554862555610799	-0.016588173969238101	3.4665088916331199	-2.4724967540537799	-0.062803229920182196	-0.86306349462419496	-0.28472101698320601
478	123	-1.01884927549	0.27302024401724301	0.26060986369848299	-0.0124103803187607	0.72199861183762504	0.73931046873331097	0.0173118568956852	4.2844784513115597	0.46429470647127502	-3.8201837448402798	0.96449757665395697	0.95534154847264297	-0.0091560281813144496	0.0345905629219488	0.0436711973976344	0.00908063447568562	0.00091182435353402995	0.00098719806046574298	7.5373706931712901e-05	0.039839031078197501	0.049309652822988999	0.0094706217447915707	0.042725064395926798	0.0098116792854854706	-0.032913385110441298	0.032790134372640903	0.027348222266481498	-0.0054419121061593601	1	-117.875	13894.515625	-0.36387145351733802	-0.010369423078516999	-2.7367075931515501	-0.18175078950079701	0.37726287389435098	-0.031135468181808099	1.2267868232800201	-2.1899966598138598	-0.066474132069617803	-0.85941803107773596	-0.29174327588754301
480	123.5	-1.11662243723	0.26123973578214599	0.25911202281713502	-0.0021277129650115701	0.73794113099574998	0.74116329848766305	0.0032221674919128401	0.77690412532536801	0.17807705048471401	-0.59882707484065401	0.95674990415573102	0.95316394269466398	-0.0035859614610671601	0.042313316836953198	0.045718301273882399	0.0034049844369291901	0.00093672667862847701	0.00111778017599136	0.00018105349736287899	0.049870695891203701	0.055235007957175897	0.0053643120659722203	0.0154917229316195	0.00514032141654743	-0.010351401515072	0.028203877287220201	0.025136796612588899	-0.0030670806746313198	1	-117.375	13776.890625	-0.055809453502399797	-0.0199883952272541	-0.43085653602609503	-0.058136355089349098	0.12756808934443301	-0.024224443468230699	0.695337762856863	-0.68927022821894302	-0.038662373077777701	-0.85577256753127695	-0.298735810944666
482	124	-2.2017708002799998	0.25949399173259702	0.25877529196441201	-0.00071869976818561597	0.74094880148768405	0.74198257252573996	0.0010337710380555799	0.178654902614654	0.12901936238631501	-0.049635540228338701	0.95255275517702098	0.95088487714529002	-0.00166787803173085	0.0463116838596761	0.0479359380435199	0.00162425418384377	0.0011355873662978399	0.0011792247692938001	4.3637402995957801e-05	0.054384019639757003	0.056856395580150501	0.0024723759403934998	0.0050754919007886604	0.0039262706908630004	-0.0011492212099256599	0.025452169872432501	0.027777118749254402	0.0023249488768219001	1	-116.875	13659.765625	-0.013596338118152499	-0.0214824043524241	-0.037744561669555997	-0.015569037644208999	0.049226568311697	-0.033210892252226502	0.321056021596551	-0.077180641598118604	0.024483930432870501	-0.85212710398481795	-0.30569862215457499
484	124.5	-1.78297476688	0.25889225453138398	0.26033442765474302	0.0014421731233596499	0.74143016636371595	0.74147320687770801	4.30405139922874e-05	0.112838728167116	0.27632510885596001	0.163486380688845	0.95132509171962698	0.95426089465618102	0.0029358029365539298	0.047508429363369999	0.044682669267058397	-0.0028257600963115699	0.00116654449375347	0.0010564046446234	-0.000110139849130067	0.056890077944155099	0.0539625379774306	-0.00292753996672458	0.0035355939879081798	0.0078496356611139299	0.0043140416732057501	0.026631056623506798	0.024154034362690101	-0.0024770222608166501	1	-116.375	13543.140625	0.051142002805108298	-0.022158771946114101	0.11480837083249799	0.086598754536205594	-0.14654754555014099	-0.043267293627484799	-0.377814852659346	0.28621218584589903	-0.031752172135405203	-0.84848164043835805	-0.31263170951726998
485	124.75	-1.8327528963299999	0.25855813771486302	0.26227230541408098	0.0037141676992177301	0.74314985331147898	0.74494327977299701	0.0017934264615177	0.13050302500487401	1.3849345939932001	1.2544315689883301	0.95139575544744703	0.95759893152862796	0.0062031760811804802	0.047454110532999	0.041378219611942803	-0.0060758909210562404	0.00115015337723889	0.00102283881642506	-0.00012731456081383101	0.055383689315230702	0.051687516106499597	-0.0036961732087311102	0.0038666699871100899	0.0104132960898823	0.0065466261027721804	0.027499508166554502	0.022116857018772602	-0.0053826511477819104	1	-116.125	13485.015625	0.119209476835252	-0.020963790765458699	0.89570827525276298	0.15911036051320401	-0.28953393662464799	-0.044390449307589702	-0.47729332511391698	0.43471413161033401	-0.065780124288628297	-0.84665890866512905	-0.31608710675591201
488	125.5	1.1364397160699999	0.26201944351196299	0.282034458220005	0.020015014708041699	0.762300896644593	0.78013675808906602	0.017835861444473199	1.79886294975876	1.76892948746682	-0.029933462291944001	0.96397048830985999	0.99638389050960496	0.032413402199744902	0.0351127964444456	0.00345493543427441	-0.0316578610101712	0.00091671210248022404	0.000161214685067536	-0.00075549741741268899	0.041767487702546	0.022807368525752301	-0.018960119176793699	0.0125756699329942	0.0246898888610304	0.012114218928036199	0.023042194928548799	0.035501103172682603	0.012458908244133799	1	-115.375	13311.390625	0.60757220984196603	-0.010011687360137401	-0.023641790107408901	0.74078423268876803	-1.4149881958100099	-0.085471030834935999	-2.4527921007954001	0.80504653957054595	0.14316318985947901	-0.84119071334544004	-0.32640871270101701
490	126	0.045032681932600002	0.27616855837404702	0.27252884618938	-0.0036397121846674101	0.78522687405347802	0.81511096879839895	0.029884094744920601	1.85360179916024	3.9332568017765799	2.0796550026163398	0.99450061246752697	0.99686218649148906	0.0023615740239620901	0.0052834847883786304	0.0029045448231044698	-0.0023789399652741601	0.00021594245681626301	0.00023328216702793499	1.7339710211671999e-05	0.022636667887369798	0.0158514517324942	-0.0067852161548755899	0.024590500351041499	0.050728602745220501	0.026138102394178998	0.038968911184920102	0.056753105497312398	0.017784194312392199	1	-114.875	13196.265625	-0.101107962887552	-0.00178640877255824	1.48640422162745	0.073855104268118699	-0.12689012206735001	-0.034930653466747903	-0.87708513326786697	1.73785515111333	0.20552785740041199	-0.83754524979898104	-0.33325262852206899
491	126.25	0.51622502581600005	0.28507344201207202	0.26407221481204102	-0.021001227200030999	0.78423828799277595	0.71524078287184401	-0.068997505120932098	1.86207474954427	3.88928124941885	2.02720649987458	0.99644750040024499	0.98626434709876798	-0.0101831533014773	0.0034004772154730598	0.013238069519138499	0.0098375923036654097	0.00015203848870441999	0.00049757395713640503	0.00034553546843198499	0.0209222511008933	0.021284470734772701	0.00036221963387937	0.025206764781614901	0.062319754099007099	0.037112989317392202	0.0364329151422891	0.072245733984736493	0.0358128188424474	1	-114.625	13138.890625	-0.62124761682396001	-0.069292464291251493	1.44886151900839	-0.204545398107045	0.41056450815300599	-0.013467997393170301	0.047954216287663998	2.4678575828503999	0.416661899896073	-0.83572251802575204	-0.33666343998989001
494	127	-0.43915249669700002	0.26038476824760398	0.25599033460020998	-0.0043944336473941701	0.65691710487008004	0.66362518146634097	0.0067080765962604901	2.20241448730228	0.963166424864907	-1.2392480624373701	0.97920450270175896	0.98160107135772701	0.0023965686559680498	0.020203382079489601	0.017953097634017499	-0.0022502844454721101	0.00059209358369116704	0.00044584655952348902	-0.00014624702416767799	0.024014847366898101	0.022508720115379102	-0.00150612725151908	0.039290045702363899	0.014855426645226599	-0.0244346190571373	0.085361716509555305	0.032586494831737201	-0.052775221677818097	1	-113.875	12967.515625	-0.123718925127523	-0.0176085796311224	-0.88927066477123395	0.074631727217199101	-0.12123004576265101	-0.045628554735254803	-0.19385199767402	-1.62602548814283	-0.62079667497368596	-0.83025432270606303	-0.34685128862253201
495	127.25	-0.72530987493999999	0.259913893789053	0.25738203786313502	-0.0025318559259177001	0.65114236250519797	0.67169647030532398	0.020554107800125999	1.12811639644206	0.98634730130434201	-0.14176909513771399	0.97701601125299897	0.98446113113313904	0.0074451198801397398	0.022398613725090399	0.015169588741264299	-0.0072290249838260299	0.00058534747131488898	0.00036931109862052899	-0.00021603637269436001	0.023581490693268901	0.022027051007306099	-0.0015544396859627999	0.0160900297225453	0.014929563933401399	-0.0011604657891439399	0.061977343434026	0.0405486809738623	-0.021428662460163599	1	-113.625	12910.640625	-0.0679173127324572	-0.00815595191848675	-0.103693873325422	0.186672360753003	-0.34026496468210699	-0.050192491798761001	-0.20010471602702401	-0.077928582805224703	-0.25369569314782803	-0.82843159093283303	-0.35023237624313902
497	127.75	-0.78505254577600003	0.25671809157356601	0.249549654079601	-0.0071684374939650396	0.66889806427061604	0.69734956528991499	0.028451501019298799	0.99333151504397499	0.57669219188391996	-0.41663932316005597	0.98356807008385705	0.98373787496238996	0.00016980487853302	0.016043107959558201	0.015928264372632801	-0.00011484358692540101	0.000388831856071191	0.00033384961561750998	-5.49822404536816e-05	0.022165326718930799	0.021810927214445899	-0.00035439950448497997	0.0153711280581774	0.0091126610423088502	-0.0062584670158685497	0.037087390396809201	0.037174119569993502	8.6729173184342493e-05	1	-113.125	12797.265625	-0.206826269129288	-0.0027644345297138098	-0.30044631982111097	0.025213980762752899	-0.027283371557428	-0.039660212319421198	-0.044792458355365702	-0.41702577064376301	-0.0017279623953724199	-0.82478612738637402	-0.35697225859894099
500	128.5	-0.91381593641400005	0.24845959022641201	0.245525722950697	-0.0029338672757147602	0.70218580961227395	0.69202028810978	-0.0101655215024946	0.42260796073823498	0.80649428963661096	0.38388632889837598	0.98368782401084898	0.98020743429660795	-0.0034803897142409198	0.0159780889749527	0.019298708159476499	0.0033206191845237499	0.000334071247198154	0.00049387869657948398	0.00015980744938133101	0.021807861328125001	0.022478795934606499	0.00067093460648149196	0.0067787454172501998	0.013481233082711701	0.0067024876654614698	0.040543344889237602	0.039569341791682901	-0.000974003097554708	1	-112.375	12628.140625	-0.079961310285488196	-0.029128114626510701	0.27257092420085999	-0.055793440286135601	0.123856520911032	-0.025613847838425501	0.087908894565881301	0.44508137462373298	-0.014150246300247299	-0.81931793206668602	-0.36702634991911898
502	129	1.41790160509	0.24694159999489801	0.33846524897962899	0.091523648984731198	0.69840063601732205	0.45944325663148999	-0.238957379385832	0.68409559130669395	5.1146087913774902	4.4305132000707896	0.982155881822109	0.98183954805135698	-0.00031633377075190899	0.017417254648171399	0.0174260085215792	8.7538734078289293e-06	0.00042686527594924199	0.00073445623347652401	0.00030759095752728202	0.021907099971064801	0.012094624837239399	-0.0098124751338254605	0.011614171753172	0.060398334148342697	0.048784162395170701	0.0409727394812614	0.098871471986805098	0.057898732505543699	1	-111.875	12516.015625	2.7499242023511599	-0.185323361077324	3.1691514039669402	0.0144252851878041	-0.021845819731983698	-0.015949412728468601	-1.26888070297829	3.2441739847972699	0.67531104010784704	-0.81567246852022601	-0.373691922656887
504	129.5	-0.73782127344899995	0.30810663104057601	0.358994200825691	0.050887569785115001	0.523878449201576	0.44786729067564002	-0.076011158525936304	3.9454408160412702	2.0459637701511699	-1.8994770458901	0.980332210659981	0.96987743079662303	-0.0104547798633577	0.018965492537244999	0.029206698760390101	0.010241206223145199	0.00070231059507932798	0.00091589077783282803	0.00021358018275349999	0.0148795798972796	0.0145704481336805	-0.00030913176359906802	0.050840290135241897	0.025583863444626601	-0.0252564266906153	0.100039959888095	0.056864916269145499	-0.043175043618949097	1	-111.375	12404.390625	1.5324938022094201	-0.074080656197424197	-1.36186338125534	-0.21057350611801701	0.42832111576229398	-0.022097331693423001	-0.038933791999687099	-1.680688609053	-0.50836855274683002	-0.81202700497376701	-0.38032777154744102
505	129.75	-0.51923139081000003	0.36451157229021203	0.355316447280347	-0.0091951250098647498	0.41645924942567902	0.45921996701508799	0.042760717589408602	4.8534400060773102	1.3100224629044901	-3.5434175431728199	0.97988133504986696	0.97001457624137399	-0.0098667588084926407	0.019328120464343301	0.029060708096949099	0.0097325876326058002	0.00079056055601541399	0.00092471189509523897	0.00013415133907982501	0.0119033954761647	0.014574919806586401	0.0026715243304216698	0.046215077611850799	0.018500564934220701	-0.027714512677630102	0.077716800541322795	0.049272237580046098	-0.028444562961276801	1	-111.125	12348.765625	-0.26754450381240602	0.0070044078992244499	-2.5385980063942402	-0.19752377192812801	0.40594492827441397	-0.027291652190843001	0.34683031361139099	-1.8441899517542399	-0.33585922326505402	-0.81020427320053801	-0.38363454955001203
507	130.25	-0.91979228377699995	0.35630660550668802	0.34578406335785999	-0.0105225421488284	0.45709524359553999	0.460423011891544	0.0033277682960032298	1.7006984237116101	0.73976006712763798	-0.96093835658396998	0.97037286590784799	0.95403105374425601	-0.016341812163591801	0.0287008142098782	0.044858595647383301	0.016157781437505198	0.00092631998359138205	0.0011103423385066	0.00018402235491521299	0.0143773679380064	0.0159420295997902	0.0015646616617838499	0.022424396925998898	0.011058094521286	-0.0113663024047129	0.04960136492897	0.052142834034213797	0.0025414691052438698	1	-110.625	12237.890625	-0.30731305457994001	-0.0199163019990557	-0.69005623582368802	-0.34122224063138801	0.688615172537278	-0.024030292364868699	0.203577327043129	-0.75677708479009098	0.027019608683454901	-0.806558809654079	-0.39022581266974399
509	130.75	-0.95937406922599999	0.34813930084928901	0.363637856859714	0.015498556010425201	0.45828019920736601	0.413312207907439	-0.044967991299926999	0.751203785464158	1.2475695719011399	0.49636578643698398	0.95653823483735301	0.96399374101310997	0.0074555061757567397	0.0423718646808992	0.035014275240246202	-0.0073575894406530699	0.00108989165892126	0.00099197782947157997	-9.7913829449682802e-05	0.016106662043818699	0.012728669908311599	-0.00337799213550714	0.0120755389012629	0.0285479582526031	0.016472419351340299	0.053052301368118497	0.039165056515060803	-0.0138872448530578	1	-110.125	12127.515625	0.47226205621093198	-0.052887615499477798	0.35308385792400598	0.18690285997730499	-0.34592103475848601	-0.042467762101020899	-0.43611351997610098	1.09493534929307	-0.16537780828191401	-0.80291334610762	-0.396787351942263
512	131.5	-1.8066840156399999	0.37171332240104699	0.38185303509235402	0.010139712691306899	0.39268157184123997	0.36645734608173403	-0.026224225759506399	0.71400135345757898	0.124556910619137	-0.589444442838442	0.963595423102379	0.94974389672279402	-0.0138515263795853	0.035431247111409797	0.0492273492738605	0.0137961021624507	0.00097333137237000996	0.00102878173929639	5.5450366926380101e-05	0.0121952763310185	0.0146655047381366	0.0024702284071181301	0.024356028757757199	0.0029508872423319901	-0.021405141515425202	0.0347004154290654	0.152811346514761	0.11811093108569599	1	-109.375	11962.890625	0.31171460934128598	-0.0400913249973259	-0.42414043652602801	-0.28595624756996901	0.58471535599927005	-0.0324383728771344	0.32077808236870697	-1.42451762862538	1.3804588384096901	-0.79744515078793099	-0.40657392863751302
513	131.75	-1.7716461561600001	0.38103674771264201	0.38150367122143503	0.00046692350879301602	0.36439639395102902	0.36718687126413002	0.0027904773131011101	0.271510739065703	0.123492409428583	-0.14801832963712	0.95379802510142297	0.95065577384084499	-0.0031422512605785401	0.045168779348023297	0.048264070309232798	0.0030952909612095699	0.0010332178411772499	0.0010801863676533699	4.69685264761197e-05	0.013077234338831	0.0152245062368887	0.00214727189805764	0.0067712997130001404	0.0032921920006628502	-0.0034791077123373002	0.034219260785494303	0.110661694573661	0.0764424337881663	1	-109.125	11908.265625	0.021924161126348599	-0.020283108310550399	-0.10816708304817001	-0.048289258415154399	0.113943421655572	-0.032993050443480901	0.27898022815838203	-0.23215470414034201	0.89247716989800996	-0.79562241901470099	-0.40982125894565702
516	132.5	1.4227932350000001	0.381959319114685	0.37335363179445302	-0.0086056873202325392	0.366798537969589	0.40330070257186901	0.036502164602280299	0.104524809494618	1.6137681186199599	1.5092433091253401	0.95085739791393298	0.97274903357028997	0.021891635656356701	0.048033993877470399	0.026409244071692199	-0.0216247498057782	0.00110860562417656	0.00084172825445420697	-0.000266877369722355	0.015258789062499899	0.0092966715494791699	-0.0059621175130207702	0.00312079762807116	0.022632168419659499	0.019511370791588399	0.066808329857837107	0.059626119883654398	-0.0071822099741826904	1	-108.375	11745.140625	-0.24988533549494801	0.00273171989671503	1.0781028315075301	0.507278552129796	-0.97359108297900598	-0.053517284415115197	-0.77055761000150402	1.2970733719290599	-0.086854839616652205	-0.79015422369501298	-0.41951866409926503
517	132.75	1.35531786609	0.37949395570903999	0.37800626261159798	-0.00148769309744251	0.37324438057839898	0.377798322588206	0.0045539420098061299	0.80948990054897696	0.71093393228949198	-0.098555968259484802	0.95347498748451498	0.97934980764985102	0.025874820165336002	0.045516709028743003	0.0198457553051411	-0.0256709537236019	0.0010082790935484801	0.00080443926854059005	-0.00020383982500789101	0.013594733344184	0.0069806063616717796	-0.0066141269825122102	0.011969176497223301	0.0135321962821764	0.0015630197849531601	0.049891472307087299	0.069329596432293902	0.0194381241252066	1	-108.125	11691.015625	-0.036634876160779102	-0.0190791983224179	-0.072761864081667002	0.59567589545857902	-1.1515999469165299	-0.049394887619782099	-0.854942336690664	0.10322600273191999	0.22489710472160701	-0.78833149192178298	-0.42273627056019403
520	133.5	-0.12734823742500001	0.37873425930738402	0.37398414015769998	-0.0047501191496847096	0.37148020714521401	0.37838600575923897	0.0069057986140250204	0.63634413369000498	1.28622150421146	0.649877370521456	0.97912999987602201	0.97255252897739397	-0.0065774708986281504	0.020099213533103399	0.026597245596349101	0.0064980320632456899	0.00077079238544683695	0.00085025330481585098	7.94609193690137e-05	0.0063552291304977103	0.0082942256221064693	0.0019389964916087701	0.011811878212029199	0.018860497791320398	0.0070486195792912104	0.0711550933257631	0.051849923504679499	-0.019305169821083601	1	-107.375	11529.390625	-0.13437503053698099	-0.017473595634842101	0.46296763817682202	-0.124525819656515	0.263643755634977	-0.0308681812573301	0.25202469442515102	0.46810458575705799	-0.228827374194748	-0.78286329660209497	-0.43234450417216003
522	134	-0.33795578837899998	0.374078185483813	0.38064329363405702	0.0065651081502435798	0.37918729446828398	0.36000664085149803	-0.019180653616785798	0.95648348890246204	0.96151673421267103	0.0050332453102084297	0.97404281720519104	0.97784783095121397	0.0038050137460230401	0.025136430934071499	0.0214528898941353	-0.0036835410399362399	0.00082079091807827395	0.00069930155659676601	-0.000121489361481508	0.0081647237141926898	0.00691262704354748	-0.00125209667064521	0.015113583678612701	0.015745104744565201	0.00063152106595250205	0.051779725186592199	0.038027833686919497	-0.0137518914996728	1	-106.875	11422.265625	0.20462179127196201	-0.035282707693788301	0.0013874220998283599	0.10588882914272101	-0.184284796164049	-0.044009505170750099	-0.16097471269463201	0.041266701029031697	-0.16379267899942901	-0.77921783305563497	-0.43871283843778702
523	134.25	-0.36367993695200002	0.37520499005913699	0.38064893921837201	0.00544394915923491	0.37337020849808999	0.35710715632885698	-0.016263052169233301	1.10275749228896	0.75540043748918795	-0.34735705479976697	0.97157625872641795	0.97744992878287995	0.0058736700564623297	0.0276257926016115	0.021823892841348402	-0.0058018997602631	0.00079799892173469103	0.00072619530656083597	-7.1803615173854704e-05	0.0080013275146484496	0.00675671895345052	-0.0012446085611979301	0.017132239151396701	0.0118766846775547	-0.0052555544738419804	0.051471896876995202	0.039497286304340198	-0.011974610572655	1	-106.625	11368.890625	0.17103259994419501	-0.033290873362961403	-0.25085398711656798	0.15179775495093301	-0.277479958067891	-0.0407602612117701	-0.160005582492244	-0.35031632756508602	-0.14297886116512201	-0.77739510128240596	-0.44188585912789402
525	134.75	-0.50921038468799995	0.38096241019666199	0.37737780613824701	-0.0035846040584147599	0.35732844462618202	0.369547348748893	0.0122189041227104	0.86005239123481703	0.75898143015800401	-0.101070961076813	0.97890161667019104	0.97397190053015903	-0.0049297161400315703	0.020390487497206799	0.025275267875986301	0.0048847803787794401	0.00070791259258840195	0.00075287304516678203	4.4960452578380002e-05	0.0066593735306351397	0.00749334405969692	0.00083397052906178696	0.013016513880575399	0.012665961041056901	-0.00035055283951847401	0.038582291405166703	0.039626522059291	0.00104423065412431	1	-106.125	11262.515625	-0.099456959406993298	-0.0138463606797789	-0.074562099026312501	-0.087957806603407004	0.192670293736002	-0.033124370237713599	0.109009419038607	-0.024056645275609599	0.0094853810313220502	-0.77374963773594696	-0.44820960762270001
528	135.5	-0.40547573472499998	0.37821235805749898	0.379544562101364	0.0013322040438651899	0.36033275425434103	0.35101689845323603	-0.0093158558011053293	0.73535452969370296	0.99597104983407103	0.26061652014036801	0.97182182669639605	0.96569681763648996	-0.0061250090599057599	0.0273524944670499	0.033253576979041001	0.0059010825119911302	0.00082572956453077497	0.0010496088361833199	0.000223879271652549	0.0074861879701967502	0.00841177481192131	0.00092558684172456098	0.0128364167816469	0.015680330565374101	0.0028439137837271101	0.044054953655566997	0.0535751678463946	0.0095202141908276201	1	-105.375	11103.890625	0.047847400986008197	-0.028548051398487199	0.184334243834652	-0.11448450110585601	0.237381532176897	-0.0214238135342909	0.12086663563754201	0.18842558068152501	0.10874801003818201	-0.76828144241625795	-0.457639498151381
530	136	0.045936117834399999	0.380674073472619	0.3777443125844	-0.0029297608882187199	0.34747442342341001	0.36987476758658899	0.0224003441631789	0.95984579026699501	1.14758134409785	0.187735553830855	0.96840582862496405	0.978082363307476	0.0096765346825120595	0.030642859102226999	0.0212198957917283	-0.0094229633104986193	0.00095130607005558597	0.00069769764377270696	-0.00025360842628287901	0.0082478558575665804	0.0086767691153067494	0.00042891325774017399	0.0153253177704754	0.016941559128463301	0.0016162413579879	0.040257842230208798	0.058703947609072597	0.018446105378863702	1	-104.875	10998.765625	-0.079838285597307004	-0.0068955340592089997	0.132165958722301	0.236193325686856	-0.43678517894012903	-0.052649549953690297	0.056585875005432898	0.106766073623589	0.21327952802862801	-0.76463597886979895	-0.46388893702815098
531	136.25	0.56549200075100003	0.37899616649374401	0.37520478740334501	-0.00379137909039851	0.35399723956361401	0.38128905193880203	0.027291812375187598	1.1847444243729499	0.96774460524323103	-0.21699981912972399	0.962782290764153	0.98657807838171696	0.023795787617564301	0.036085607303539297	0.0129371235118014	-0.023148483791737898	0.00113210939143755	0.00048480487666893198	-0.00064730451476862304	0.0085084067450629294	0.0080001972339771004	-0.00050820951108583405	0.018033753972850199	0.0153606650535952	-0.00267308891925496	0.099391524547941507	0.034022883502629601	-0.065368641045311898	1	-104.625	10946.390625	-0.10565180435477201	-0.0035561491267670502	-0.15754411787015599	0.54953669364586	-1.0406262995158899	-0.078395658893374104	-0.064698941276840102	-0.17854178921077199	-0.76827878241174996	-0.76281324709656895	-0.46700251002382998
534	137	0.036173660803200003	0.374625403806567	0.378760956227779	0.0041355524212123296	0.38823491483926797	0.38487305082380702	-0.0033618640154602399	1.0631037913263399	1.10264285802841	0.039539066702071898	0.98836272582411799	0.98966998830437702	0.0013072624802588099	0.0112125550163909	0.0099441634723916109	-0.0012683915439992599	0.00042472474196983802	0.00038581338412768402	-3.8911357842154102e-05	0.0075907671893083901	0.00598720974392362	-0.0016035574453847699	0.017658107401803801	0.021041647088713901	0.0033835396869100901	0.031123427179593599	0.025342135895519698	-0.0057812912840738201	1	-103.875	10790.015625	0.13183388796978801	-0.024483286057059898	0.026086731392213999	0.050457157400696798	-0.078032608498165207	-0.038609242531875997	-0.206461661590468	0.224319182529822	-0.070448617069983802	-0.75734505177688105	-0.476298643240048
536	137.5	2.73610374069	0.38073146790265999	0.310606496036053	-0.070124971866607794	0.38064433336257902	0.59834162890911102	0.217697295546532	0.93106097169221902	0.51800651261581099	-0.41305445907640798	0.98980119824409496	0.98976871371269204	-3.2484531402587897e-05	0.0098303214646875501	0.0099559917580336298	0.00012567029334608701	0.000368458687444217	0.00027527933998499103	-9.3179347459225505e-05	0.0063960322627314801	0.010904947916666701	0.0045089156539351903	0.018736872842419199	0.00902951062671461	-0.0097073622157046093	0.026383925552725802	0.035322845356220302	0.0089389198034944897	1	-103.375	10686.390625	-2.0929629324702601	0.126432879524328	-0.29788026971125697	0.020724646567577401	-0.0167021938763579	-0.042158146403369103	0.584630179887349	-0.64643149484866502	0.10194044500885401	-0.75369958823042205	-0.48245891057517598
538	138	0.47272934207	0.31655034162104201	0.31625532284378999	-0.00029501877725213199	0.58112969361245304	0.57330268174409904	-0.0078270118683541091	1.65104850754121	0.59740778952836204	-1.05364071801285	0.99013068675994897	0.98848636671900703	-0.0016443200409415001	0.0095822498900816292	0.0112444814527407	0.0016622315626591	0.00028705692384392199	0.00026917263421637498	-1.7884289627546701e-05	0.010197759557653299	0.0112792403609664	0.00108148080331316	0.028781671402972098	0.010506997338961601	-0.018274674064010399	0.035778345072754299	0.024067526822267399	-0.0117108182504869	1	-102.875	10583.265625	-0.00090313226552014901	-0.027531623859700202	-0.75641269988416204	-0.0150462238515645	0.0508973466994255	-0.037234158540014002	0.141042829322897	-1.21629235323116	-0.13988957727295201	-0.75005412468396204	-0.48858945406308901
539	138.25	0.11647247023399999	0.31262053353711999	0.31057070279493898	-0.00204983074218018	0.58833781499415605	0.59686803966760604	0.0085302246734496601	0.65029402328653696	0.65277717551215098	0.0024831522256135701	0.98924863338470503	0.98859676998108603	-0.00065186340361844696	0.0104738753318088	0.011125407181680201	0.000651531849871415	0.00027748052325478198	0.00027779703077612799	3.1650752134600902e-07	0.0109245512220595	0.0107994008947302	-0.00012515032732926201	0.011413408291264001	0.011421953787794	8.5454965299859592e-06	0.028890139469462599	0.024105107545157801	-0.0047850319243048197	1	-102.625	10531.890625	-0.053476152958324502	-0.016364606744064598	-0.00043793765919579003	0.0069789999136420601	0.00643258137635409	-0.0360439010802895	-0.0151224457816387	-0.00017096331986672601	-0.058781378360147303	-0.74823139291073304	-0.49164357936434
541	138.75	-0.15206196426599999	0.31323277642950398	0.32989648170769198	0.016663705278187599	0.58533803690224895	0.53649413343519103	-0.048843903467058102	0.60719546619801801	3.0791269104927101	2.4719314442946998	0.988658628612757	0.99070161022245895	0.0020429816097021799	0.0110697611497017	0.0089282440370880203	-0.00214151711261368	0.00027161605894434802	0.00037014028175690099	9.8524222812553002e-05	0.0109900933724863	0.0092984446772822592	-0.0016916486952040101	0.010530635922623099	0.043556201236787599	0.0330255653141645	0.024040167861483001	0.032244415950716601	0.0082042480892336803	1	-102.125	10429.515625	0.50716916750749297	-0.055533684558786101	1.7671961799204601	0.066784700433751704	-0.116444931183933	-0.029621519424606901	-0.21786265557526599	2.1959796598455199	0.093336671122470502	-0.74458592936427404	-0.49772953708143303
543	139.25	1.0965458886199999	0.31999031417071799	0.30873323269188502	-0.011257081478833799	0.57110091038048205	0.57123618852347002	0.00013527814298852601	2.1241560102440502	2.6821957442909499	0.55803973404690599	0.99084286261349896	0.99328289106488199	0.0024400284513829101	0.0088387902287649003	0.0063067120587221399	-0.0025320781700427599	0.00031836138414291802	0.00041041416852749898	9.2052784384580202e-05	0.0099155002170138607	0.0066834555731879802	-0.0032320446438258801	0.033832984304172101	0.039942315674852603	0.0061093313706805097	0.029754583786732201	0.033293508119234802	0.0035389243325025799	1	-101.625	10327.640625	-0.329319373301181	-0.0220958017017776	0.39723014529970802	0.075596214412714705	-0.133627290635699	-0.030044724946927101	-0.41722462376712899	0.40562716059676202	0.038700852251896699	-0.74094046581781503	-0.50378577095131105
546	140	0.45078833133599999	0.29702342152595501	0.31050690934061997	0.0134834878146649	0.59856955707073201	0.61748209521174202	0.018912538141009998	1.88693239372803	2.8657198294996902	0.97878743577165805	0.99136770293116605	0.99130388498306299	-6.3817948102950996e-05	0.0082204086997080903	0.0082792473724112997	5.8838672703209402e-05	0.000411906945009833	0.00041684439147503	4.9374464651971103e-06	0.0068737453884548999	0.0084750422724970895	0.0016012968840421801	0.028550820664804299	0.0542352345306443	0.02568441386584	0.035321532020864202	0.035707627534271702	0.00038609551340747201	1	-100.875	10175.765625	0.41189192877254199	-0.00927664467321993	0.69840186646935998	0.0200292756181569	-0.019642386982626599	-0.035741710632044003	0.20831875084465401	1.7076777350491901	0.0017779304414921101	-0.73547227049812602	-0.51281438954260095
547	140.25	0.66116110782799997	0.29564962005242701	0.30375312454998499	0.0081035044975579801	0.60057032685726897	0.73611773662268898	0.13554740976542101	1.4544553064275401	4.2730590023099699	2.8186036958824299	0.98777367360889901	0.99580471031367801	0.0080310367047783399	0.0116983397165313	0.0039834081944719497	-0.0077149315220593796	0.00052797325161009002	0.000211874213300693	-0.00031609903830939702	0.0081323553014684795	0.0104137279369213	0.00228137263545282	0.019351173939503301	0.070651441998782802	0.051300268059279501	0.036116453626186998	0.037235733577373899	0.0011192799511869399	1	-100.625	10125.390625	0.250711141366182	0.070349495376847704	2.0153446029883599	0.199675396538297	-0.36164195719346298	-0.056736179595174498	0.296335887245256	3.4115345477040102	0.0103642867653049	-0.73364953872489602	-0.51580906714942398
550	141	-0.161565872207	0.29109134301543199	0.24960282463580399	-0.041488518379628199	0.78015383407473604	0.90999646782874999	0.129842633754013	3.3071383398258201	1.77695681899786	-1.5301815208279601	0.99562058746814697	0.99447936639189705	-0.00114122107624992	0.00418263917090376	0.0052964465925469497	0.0011138074216431901	0.00019677373984450201	0.00022417345462599601	2.7399714781493701e-05	0.011944325764974	0.011800073694299701	-0.000144252070674289	0.045131742206284499	0.026299670967273502	-0.018832071239011001	0.035766837687541998	0.0337855776929296	-0.0019812599946124301	1	-99.875	9975.015625	-1.23503348371519	0.066454868604321399	-1.09752119127477	-0.0038811342580643	0.026769952163495501	-0.034272770441837602	-0.0175946420715389	-1.2533680239000899	-0.025946277669856299	-0.72818134340520801	-0.52474851419907298
551	141.25	-0.40599877656299999	0.26911641666665698	0.246579028805718	-0.022537387860938601	0.84619219619780806	0.94044610634446002	0.094253910146652201	1.6292330699041699	2.0098775405436502	0.38064447063948798	0.99429583400487898	0.99505370780825597	0.00075787380337721799	0.0055027472881192998	0.0047534297525999103	-0.00074931753551939499	0.000201446212713562	0.000192857455749618	-8.5887569639442593e-06	0.013184208340115	0.010703291716398999	-0.00248091662371598	0.023214163264492799	0.029333204805152099	0.00611904154065926	0.036443779853436997	0.027183747276663998	-0.0092600325767729901	1	-99.625	9925.140625	-0.66726998721318898	0.0421585955369638	0.27025039808125101	0.038264777313415502	-0.055196444917290199	-0.036626268841312599	-0.32001172172909198	0.40627303947885601	-0.11118831469359999	-0.72635861163197801	-0.52771346795868201
553	141.75	-0.25988585041599999	0.24516892749816199	0.25678485315293098	0.0116159256547687	0.93789184428751404	0.908007516153157	-0.029884328134356802	1.9945818979293	1.29363281266705	-0.70094908526224498	0.995107648335397	0.99542400408536202	0.00031635574996469201	0.0046927267088903999	0.00438300072273706	-0.00030972598615334199	0.00019961449847869401	0.000192956492674056	-6.65800580463741e-06	0.0108915470264576	0.011413694311071299	0.00052214728461369799	0.0288212283572645	0.019106030019702399	-0.0097151983375621098	0.029319768063178799	0.020900179327136899	-0.0084195887360418806	1	-99.125	9825.765625	0.35594098585692902	-0.042590061612186002	-0.50395559639385901	0.0284663301500017	-0.035857035958070597	-0.036500005636935499	0.068652460299031007	-0.64695272008327498	-0.101345838619603	-0.72271314808551901	-0.53362108259248897
556	142.5	-0.393849941147	0.26461494714021699	0.28769487291574503	0.023079925775527602	0.88041629493236495	0.81055481135845198	-0.069861483573912794	1.79034827649591	2.1443199154455601	0.353971638949652	0.99628775119781499	0.99636980593204505	8.2054734230063695e-05	0.0035383691312745099	0.00346177534665915	-7.6593784615359002e-05	0.00017389196291333101	0.00016841593969729699	-5.4760232160331801e-06	0.011117779767071701	0.0100721571180556	-0.00104562264901616	0.025047525158151802	0.0293644316967408	0.0043169065385889596	0.023380740190600598	0.073258739014216798	0.049877998823616203	1	-98.375	9677.640625	0.69939494423912296	-0.069882298775048202	0.25115795242898398	0.023266574205107401	-0.025600608159109702	-0.0364227088250519	-0.13425231877423599	0.28640274441028102	0.58137986287225996	-0.71724495276583	-0.54242677232967396
557	142.75	-0.21549861808199999	0.27574694696813801	0.29596113739535201	0.020214190427213799	0.84013985004276004	0.796169523335993	-0.0439703267067671	1.8447270683944199	2.0157302002437198	0.17100313184930099	0.99671016633510601	0.99700572323054104	0.00029555689543492297	0.00314257480640672	0.00285518738965038	-0.00028738741675634298	0.000147259722825768	0.000139080035842199	-8.1796869835690805e-06	0.010868157280816	0.0093172355934425799	-0.0015509216873734401	0.025757282186532501	0.027530936301832499	0.0017736541153	0.0551181384859998	0.063216780600319197	0.0080986421143194702	1	-98.125	9628.515625	0.61353938433975597	-0.052206514045756901	0.120188870536522	0.028004748849771	-0.034874272004224098	-0.036599517342918997	-0.19964940768665901	0.117236495453742	0.092099914743293404	-0.715422220992601	-0.54534714031846199
559	143.25	1.74717724484	0.29396979622542901	0.34855998912826103	0.054590192902832603	0.79848761837929505	0.521824677847329	-0.276662940531966	2.09293149081065	1.1286911985838799	-0.96424029222676999	0.996918582357466	0.98527799304574704	-0.011640589311718999	0.0029327646509045699	0.014297206688934101	0.0113644420380295	0.00014864438091990401	0.00042482956032472601	0.00027618517940482203	0.0093626022338867305	0.0124478869967991	0.0030852847629123598	0.026994932472735801	0.028181186842273099	0.00118625436953727	0.067391602233370707	0.053126615410310503	-0.0142649868230601	1	-97.625	9530.640625	1.6434219732476201	-0.21106479029719399	-0.69241976540841699	-0.23688973743820799	0.47773679905515698	-0.018003221766771198	0.400380242936419	0.078165182390683693	-0.16980156168661301	-0.71177675744614199	-0.55116558341062705
561	143.75	0.069850422774900001	0.33835317119955999	0.34440378993749599	0.0060506187379364999	0.58238640502095396	0.52439450975507496	-0.057991895265879098	1.6640288964846299	0.52352282470092804	-1.1405060717836999	0.98807805832475404	0.98460669908672604	-0.00347135923802866	0.0115573138362379	0.014970643480773999	0.0034133296445361702	0.00036462920811572902	0.000422670033549369	5.8040825433639198e-05	0.0119120350590459	0.012385467246726701	0.00047343218768081298	0.039097354438857902	0.0084003337877220901	-0.0306970206511358	0.054535121873569799	0.042435448963592803	-0.0120996729099769	1	-97.125	9433.265625	0.189208024406885	-0.0617789803781656	-0.818591026700771	-0.055593030261353302	0.127935228755992	-0.032268967518833402	0.062347628340802201	-2.0425735969405201	-0.14444347189006701	-0.70813129389968299	-0.55695430265557799
564	144.5	-0.974194578576	0.34346584975719402	0.33532191812992101	-0.0081439316272734503	0.52573138773441297	0.53972755968570696	0.0139961719512939	0.46126203238964802	0.52053931290282696	0.059277280513178897	0.98449804484844206	0.98287189304828604	-0.00162615180015557	0.015063562663272001	0.0166110875084996	0.0015475248452275899	0.000438403598673178	0.000516991407494062	7.8587808820884303e-05	0.0120317247178819	0.011811998155382	-0.000219726562499981	0.0075668245088310196	0.0070061627215179901	-0.00056066178731303503	0.040547276327485497	0.077960071901077801	0.0374127955735922	1	-96.375	9288.140625	-0.23605143642989701	-0.0126330273511241	0.040215369057820499	-0.014643022791002699	0.045850934588053602	-0.0309252791049998	-0.027362743092651302	-0.038032191802228499	0.43539930022200701	-0.70266309857999398	-0.56558164930947796
565	144.75	-0.55904200706200002	0.33966844240203498	0.33102453444153102	-0.00864390796050429	0.53268812075257299	0.55897645354270997	0.026288332790136901	0.51749333022162303	0.97217396106574705	0.45468063084412402	0.98412768710404597	0.98364655971527104	-0.000481127388775482	0.015367132471874399	0.015874420139880299	0.00050728766800595495	0.00050516149913164699	0.00047899326668812198	-2.61682324435252e-05	0.011636762265805799	0.0117606834129051	0.00012392114709923799	0.0078035208483925199	0.023222069177428702	0.0154185483290362	0.037130634630638398	0.13411242085754899	0.096981786226910699	1	-96.125	9240.015625	-0.25103040092193302	-0.00424122045118138	0.323245572401203	0.010768081260147101	8.6696822597005701e-05	-0.037775894413008299	0.017113019007099401	1.02483636655166	1.1330144612152599	-0.70084036680676398	-0.56844256960383699
568	145.5	-0.28982405197799999	0.316210383176803	0.28453191965818397	-0.031678463518619103	0.659766802191737	0.83937207460403396	0.17960527241229701	1.59688332080851	0.95878359344787201	-0.63809972736063902	0.98811555504798898	0.994466328620911	0.0063507735729216898	0.011496597575023601	0.0053250103723257603	-0.0061715872026978699	0.000387844126089475	0.00020866651029791599	-0.000179177615791559	0.0113388626663773	0.0107401529947917	-0.00059870967158564105	0.0387063265545326	0.0134855129792412	-0.025220813575291399	0.10654773397415	0.053653047643500602	-0.052894686330649802	1	-95.375	9096.390625	-0.94113064539796998	0.100427614318187	-0.45896794888909098	0.1623859371586	-0.29374400283090901	-0.0477820803205804	-0.076411702619183702	-1.6783197772855201	-0.62219573096077196	-0.69537217148707597	-0.57698074471609495
570	146	-0.56333332759599997	0.28569125421345198	0.27835598103702103	-0.0073352731764319001	0.83793228939175601	0.85631056353449897	0.018378274142742599	0.95446531218475505	1.0608649149537099	0.106399602768958	0.994180529564619	0.99518294036388399	0.0010024107992647701	0.0056065740063786602	0.0046216805465519196	-0.00098489345982673607	0.000212912189272175	0.000195398025061877	-1.7514164210298098e-05	0.0109115035445602	0.0097457885742187403	-0.00116571497034142	0.013864138039207099	0.0176719317911193	0.0038077937519122801	0.052829681307519499	0.087034936621137204	0.034205255313617698	1	-94.875	9001.265625	-0.21182455724330199	-0.0096413844749384092	0.073945585149572696	0.043691696587009499	-0.065560381957699698	-0.037209953856267998	-0.149794972963603	0.25253874427044098	0.39783565023711598	-0.69172670794061697	-0.582635706648582
572	146.5	0.0240634591588	0.27642641514539701	0.29522548764944101	0.018799072504043401	0.86359161138534501	0.78710610866546704	-0.076485502719878307	1.05317333936691	1.0574402378872101	0.0042668985202940499	0.99522604942321802	0.99581539630889904	0.00058934688568101901	0.0045767639065161202	0.0040229669772088496	-0.00055379692930727703	0.00019720558047993099	0.00016168961738003399	-3.5515963099897299e-05	0.0099581117983217494	0.0096375641999421197	-0.00032054759837962598	0.016831919457763401	0.0152873806335265	-0.0015445388242368999	0.077611636083193006	0.064299909748867595	-0.0133117263343253	1	-94.375	8906.640625	0.57114337534021498	-0.0744044889988216	0.00083887012726799998	0.034524721644352503	-0.0465947032119646	-0.038387197646280097	-0.040411258421512698	-0.103475474681575	-0.15863788471267501	-0.68808124439415796	-0.58826094473385504
574	147	-0.47204469591199999	0.292142478749156	0.306263786554337	0.0141213078051807	0.79856231585144999	0.73975923359394002	-0.058803082257509499	1.1557435760274699	1.6223959460855	0.46665237005802301	0.99577414095401795	0.99506312683224696	-0.00071101412177076995	0.0040583419206086397	0.00473620521952396	0.00067786329891531395	0.00016758709862187899	0.00020065783101017601	3.3070732388296501e-05	0.0096013669614438309	0.0095673737702546106	-3.3993191189218501e-05	0.0165994033828613	0.0288092625094588	0.0122098591265976	0.069507896919271797	0.050109918492220899	-0.019397978427050801	1	-93.875	8812.515625	0.43100059923402201	-0.062332774351638198	0.331814958020338	0.00566628986245873	0.00759100824393879	-0.033901909157273702	-0.00332465697813557	0.81140811559498505	-0.22991426000367801	-0.68443578084769796	-0.59385645897191397
575	147.25	-0.41315493989099999	0.301321589387953	0.297191465646027	-0.0041301237419258396	0.76627322193235103	0.76580098364502502	-0.00047223828732645401	1.31152568691759	1.74559133118024	0.43406564426264199	0.99543559364974499	0.99530222304165406	-0.000133370608091488	0.0043864914652658599	0.0044914924459590498	0.00010500098069319	0.00017794142272578001	0.00020624604462682501	2.8304621901045701e-05	0.0096229623865197907	0.0089007624873408703	-0.00072219989917892595	0.0229621592533478	0.039170284844114202	0.016208125590766401	0.056236196628767401	0.042689558907162202	-0.013546637721605101	1	-93.625	8765.640625	-0.115800372936622	-0.022510550633115699	0.30848933971072501	0.018485719111905101	-0.017611520479375701	-0.034213593228851098	-0.092394122494725603	1.0773556612961199	-0.16138894266176901	-0.68261304907446896	-0.59664306964823899
578	148	1.6486165485099999	0.29100926257670001	0.42865707017481403	0.13764780759811299	0.78136976547538795	0.28277363777160602	-0.49859612770378198	2.78050856739288	1.05923914015288	-1.72126942723999	0.98697033002972501	0.91390873268246597	-0.073061597347258797	0.0124922804825484	0.083733592648059602	0.071241312165511203	0.00053738062888446898	0.0023576820734888498	0.0018203014446043801	0.00856862951208044	0.010661457203052701	0.0020928276909722202	0.069095700682374903	0.014611112332203999	-0.0544845883501709	0.039659580835533899	0.036871718538428702	-0.0027878622971051299	1	-92.875	8625.765625	4.1317738783755296	-0.36257765087981197	-1.23430214915738	-1.59998349387299	3.11196232105031	0.082975646812475698	0.27193392016795498	-3.62482062936113	-0.035392433949149003	-0.67714485375477995	-0.60495831590639004
579	148.25	-0.29106627634299997	0.37921420866623601	0.41764866095036302	0.038434452284127001	0.47277980158105198	0.31438106251880399	-0.158398739062248	2.1309286127796501	1.06528755411854	-1.06564105866111	0.934047680534422	0.95043242052197296	0.016384739987551401	0.063761443096155404	0.048154512199108698	-0.015606930897046701	0.0021908914689447701	0.0014130896572169399	-0.00077780181172782802	0.0090137128476743301	0.010078529075340001	0.0010648162276656701	0.048041948794156297	0.0158836972463176	-0.032158251547838801	0.039483485863688897	0.034716629655102298	-0.0047668562085865897	1	-92.625	8579.390625	1.15940653294396	-0.13032631356219401	-0.765002558445111	0.38506604954203699	-0.70884290689072704	-0.086929646713188605	0.13888605748567001	-2.13976841228448	-0.058568521726051599	-0.67532212198155095	-0.60771520273549995
582	149	-0.79118937188500005	0.41583435758948301	0.35993393398821999	-0.055900423601263502	0.319667827710509	0.49517250992355599	0.17550468221304699	0.66561356279997197	2.1437080845234502	1.47809452172348	0.95810339301824499	0.89073874503373696	-0.067364647984508003	0.040665402961895199	0.106064004235672	0.065398601273776502	0.0012312298116740001	0.0031972441196559099	0.0019660143079819098	0.0094648855703848393	0.0088821411132811792	-0.00058274445710365696	0.0116061992710453	0.0446217618300516	0.033015562559006298	0.031566159278567499	0.023437922614043	-0.0081282366645245296	1	-91.875	8441.015625	-1.6668047541321001	0.097628158504106693	1.0558064912644101	-1.4735531998179401	2.8549178543659601	0.092504670249971596	-0.074345443885783999	2.1953143194515201	-0.097933801248344304	-0.66985392666186205	-0.61594127745200999
583	149.25	1.09359189096	0.41597275175154202	0.24194272328169	-0.17403002846985199	0.30899671064689799	0.89807008840140901	0.58907337775451096	0.86914425376453097	2.0714154551967399	1.2022712014322099	0.93240056373178903	0.97972002048044804	0.047319456748658797	0.065480066335294698	0.0195898930614988	-0.045890173273795902	0.0021193667231273199	0.00069009265562287902	-0.0014292740675044401	0.0089773743240921505	0.00995104047987189	0.00097366615577974499	0.0116212382476078	0.048508970968389402	0.036887732720781698	0.026615125553218901	0.0262063735442171	-0.00040875200900179098	1	-91.625	8395.140625	-5.2058905851565997	0.37996978080685001	0.85837182015313196	1.07158879839932	-2.0411251351995299	-0.129533259395547	0.12708918295593299	2.4528744796584498	-0.00753056507319118	-0.66803119488863205	-0.61866844043390601
585	149.75	0.210340649165	0.28524037767202198	0.32176076136529402	0.0365203836932727	0.745145820453746	0.704816469736398	-0.040329350717348597	1.8935622318507299	2.4384175613522099	0.54485532950147897	0.94030683953314698	0.99552401471883101	0.055217175185683399	0.057936176838123403	0.00425215855357239	-0.053684018284551001	0.0017570015564161499	0.00022385576594388201	-0.00153314579047226	0.0093937909161602596	0.010383090266474999	0.00098929935031474305	0.042338015497506098	0.035193430801154502	-0.0071445846963516602	0.023944733641010602	0.026061259375646201	0.0021165257346356901	1	-91.125	8303.765625	1.1020622877224699	-0.049720834934401902	0.38779273234827399	1.24685994805806	-2.3840078777025102	-0.13632604391511999	0.129112470821895	-0.47596652020079799	0.0220430775277549	-0.66438573134217305	-0.62410047351228704
588	150.5	1.5990850808299999	0.32952077984809902	0.30759970247745499	-0.0219210773706437	0.679313367605209	0.583636161684989	-0.095677205920219999	2.1670096397399798	1.45712262531753	-0.70988701442244595	0.99554454684257498	0.97244521081447599	-0.023099336028099101	0.0042521607596427303	0.026926198950968702	0.022674038191326001	0.00020329842009232299	0.00062862033955753203	0.00042532191946520898	0.010047177915219901	0.016455530237268499	0.0064083523220486403	0.031328599620610298	0.032384331682990999	0.0010557320623807199	0.0518542823122813	0.035936872713525303	-0.015917409598756	1	-90.375	8167.640625	-0.64880572733404296	-0.087506584671809898	-0.51035337705394401	-0.49118947306982602	0.97529164397344703	-0.0082502908416191203	0.83046011273654696	0.069483398032734095	-0.189153160027516	-0.65891753602248504	-0.63219279091633296
589	150.75	1.7569931947899999	0.333926116954535	0.29607865884900098	-0.037847458105534401	0.66165047343820305	0.53963151313364499	-0.122018960304558	1.34348652561018	0.48115426423028601	-0.86233226137989405	0.99513168707489996	0.95821006000041997	-0.036921627074480101	0.0046709211092093098	0.040911460202187298	0.036240539092977898	0.00019738217597478001	0.00087852297292556299	0.00068114079695078304	0.010164607012713401	0.020320009302209899	0.010155402289496501	0.019488459799094499	0.0071316896166537004	-0.0123567701824408	0.078818386935064502	0.026673979857692001	-0.052144407077372501	1	-90.125	8122.515625	-1.1259496952754799	-0.105489990445395	-0.61947387188279701	-0.79794247546347497	1.5721368505317499	0.0084792141781131793	1.3154128660153299	-0.82265875549498602	-0.61340917647454496	-0.65709480424925504	-0.63487536812740797
592	151.5	-0.82231036124000001	0.29736122041940699	0.30260715931653998	0.0052459388971328701	0.53700360953807802	0.52379596829414399	-0.013207641243934601	0.516115887463097	0.37619934417307299	-0.13991654329002401	0.95903273522853805	0.96196122467517797	0.0029284894466399302	0.040098171494901101	0.037246919982135203	-0.00285125151276589	0.00086912654805928297	0.00079184891073964705	-7.7277637319635894e-05	0.020417616102430501	0.020126794885706002	-0.00029082121672451298	0.0074955908348784302	0.0057703182566910902	-0.0017252725781873399	0.025210446571466202	0.025224096949600198	1.3650378134028001e-05	1	-89.375	7987.890625	0.165100341779256	-0.031204957076863101	-0.102367814439687	0.086436448954477496	-0.14766901598894	-0.041118239801411598	-0.036563994372754503	-0.11549710923725599	-0.00258379149059611	-0.65162660892956603	-0.642878513989811
594	152	-1.0547251906399999	0.30261177048087101	0.30355648398399399	0.00094471350312236302	0.52512050420045897	0.51929653063416503	-0.0058239735662937199	0.376169448345894	0.51430592201649905	0.138136473670604	0.96146980598568899	0.95949871316552204	-0.00197109282016772	0.037747365701943598	0.039656925247982103	0.00190955954603854	0.00078281886235345602	0.00084436125107458903	6.1542388721133395e-05	0.0204189441822193	0.020019870334201401	-0.00039907384801788102	0.0057843293354380102	0.0076881078362930101	0.0019037785008549999	0.0248200583909911	0.0291711477157614	0.0043510893247702999	1	-88.875	7898.765625	0.036238437391111503	-0.026164157971118301	0.096662876283442598	-0.022298171505669401	0.061778304316858997	-0.032039979645964799	-0.050574325713798302	0.125891811772539	0.048212153444346303	-0.64798114538310703	-0.64817678975572901
595	152.25	-0.73186275705699999	0.30291940839961201	0.304312952328473	0.0013935439288616	0.52181706186384003	0.516543013975024	-0.0052740478888153603	0.42422339534387399	0.45475532328710699	0.030531927943232801	0.96264487765729401	0.95861873421818	-0.0040261434391138896	0.036570852238219202	0.040478796412935301	0.0039079441747161599	0.00078429185869026701	0.00090245675073673997	0.000118164892046473	0.019815254211425801	0.0195514184457284	-0.00026383576569732198	0.0065319276051014497	0.0068666003382533303	0.00033467273315187802	0.027030256326085401	0.026992521595169201	-3.77347309161689e-05	1	-88.625	7854.390625	0.0496851038896024	-0.025788726006370801	0.019639410416500101	-0.067905151225411201	0.14969532102828001	-0.028337100237995901	-0.033071468549027698	0.021521622440276101	-0.00318556484162253	-0.64615841360987802	-0.65081478119598202
597	152.75	-0.76353650653500005	0.30373724242672301	0.31008753357455099	0.0063502911478280398	0.51798119638115203	0.51012520380318205	-0.0078559925779700893	0.47706910166889799	0.44576919274405602	-0.031299908924842898	0.957977419905365	0.97108561974018803	0.013108199834823499	0.041118044476024698	0.028238908614730399	-0.0128791358612943	0.00090450554525887104	0.00067542142023739897	-0.00022908412502147199	0.019781557718912799	0.018421349702057999	-0.0013602080168547701	0.0070779452827992697	0.0064524524568697903	-0.00062549282592948795	0.028059272306288699	0.020750813493884902	-0.00730845881240378	1	-88.125	7766.015625	0.19818601414092299	-0.027551408869195999	-0.0246198942839253	0.31235100353844503	-0.588836178305015	-0.051045761268935098	-0.17496675856017199	-0.0423444745777301	-0.088333345507634803	-0.64251295006341902	-0.65606847119107903
600	153.5	1.8033299466999999	0.31430458277463802	0.35678683817386397	0.042482255399225802	0.50185576379299301	0.415125742554669	-0.086730021238324101	0.78255017250766101	1.1352233637009199	0.35267319119326301	0.96555729210376795	0.88062142133712995	-0.084935870766638305	0.033621271699666	0.116725233476607	0.083103961776940696	0.00082141067832704304	0.002653346263105	0.00183193558477796	0.018390683774595001	0.0175115514684606	-0.00087913230613432397	0.014223403646608601	0.024824308209284301	0.010600904562675701	0.018865020824459899	0.023851998883730199	0.0049869780592703599	1	-87.375	7634.390625	1.28067607132394	-0.081398379033031196	0.25022852193171102	-1.86350486022357	3.6338482228748799	0.083736471847544305	-0.11270471442513499	0.70438735515934503	0.055659075358363001	-0.63704475474373001	-0.66389327397019704
602	154	1.59088877748	0.383204738423227	0.27162045687437097	-0.111584281548856	0.353566781803969	0.60980282574892097	0.25623604394495098	0.27760936038117601	0.49857565760611799	0.22096629722494299	0.85092895328998797	0.97647939845919596	0.12555044516920799	0.14566420868504601	0.022987950756214601	-0.122676257928831	0.0034068504290189101	0.00053266393806552603	-0.0028741864909533898	0.016909535725911501	0.018695040102358201	0.00178550437644672	0.0059263211580433102	0.0073700321197974501	0.00144371096175414	0.023135522831814501	0.109158978233245	0.086023455401430304	1	-86.875	7547.265625	-3.3350567803564499	0.15274312220379499	0.15595256561930501	2.80774024374958	-5.4192553464434496	-0.224024603735551	0.23215935382358999	0.095290091257628801	1.0046809501184299	-0.63339929119727101	-0.66907265434725904
603	154.25	-0.23558817958299999	0.31535875722765599	0.26709185047075201	-0.048266906756904503	0.512115790788091	0.61775553487241297	0.105639744084321	1.16806847567218	0.74453469747678802	-0.42353377819539101	0.92847309075296303	0.97666393760591697	0.048190846852954501	0.069967866619114097	0.022768198262201601	-0.0471996683569125	0.0015590330409394699	0.00056787536523188295	-0.00099115767570758396	0.018198903401692699	0.018863345958568398	0.00066444255687572696	0.0251086136348052	0.0099841237868533508	-0.0151244898479518	0.035342150093837101	0.10391501259242999	0.068572862498593207	1	-86.625	7503.890625	-1.4381095736579801	0.0499316568442814	-0.30538137919518898	1.0909272372913801	-2.0987351165083101	-0.100882244865918	0.087068676965878902	-1.00675560317331	0.80031626231987196	-0.63157655942404101	-0.67165119809308405
606	155	0.33279781946100001	0.26477611809968898	0.25593131706118599	-0.0088448010385036007	0.62689912691712402	0.65162209644913704	0.024722969532012699	0.79654519604521201	1.4758435801835701	0.67929838413835997	0.97594632953405402	0.96934715434908902	-0.0065991751849648903	0.023462022771127501	0.0297751158243044	0.0063130930531768601	0.00059168281950405896	0.00087769504098104902	0.00028601222147699	0.019687398274739601	0.022305806477864499	0.00261840820312495	0.010124654033279799	0.017187899084819901	0.00706324505154009	0.097031209493963003	0.050722559055678497	-0.046308650438284499	1	-85.875	7374.515625	-0.25704902636886701	-0.0053098874140259603	0.48402723582461898	-0.125007494870578	0.25550754111176299	-0.0173605735334143	0.33995588909081498	0.46907740947558002	-0.545066364843104	-0.626108364104353	-0.67934224355973905
607	155.25	-0.16424051796899999	0.26228140816092499	0.257871192507446	-0.0044102156534791496	0.63959365580230998	0.65032137818634606	0.010727722384035999	1.1538467807695401	1.2984542226418401	0.14460744187230001	0.97499169837683497	0.97385509107261903	-0.0011366073042157201	0.024324469483690301	0.025421004102099898	0.0010965346184096099	0.00068384951264306596	0.00072392371366732599	4.0074201024260202e-05	0.020635880364312	0.0211388411345306	0.00050296077021855202	0.0138751098158538	0.015230884912307001	0.0013557750964531799	0.080084266517981506	0.045438246145233598	-0.034646020372747902	1	-85.625	7331.640625	-0.12419174372522	-0.0148643842289122	0.10129480326236601	-0.0037787425185833402	0.026010051737547699	-0.033443911042152198	0.066169292723850207	0.089440974455265401	-0.40848477328778698	-0.624285632331123	-0.68189106345835004
609	155.75	-0.493721213898	0.25664647556841402	0.25827777553349701	0.0016312999650835399	0.649518873542547	0.66777510885149205	0.018256235308945001	1.39860556777562	0.94738610889763197	-0.45121945887798998	0.97101574055850504	0.97115205563604801	0.00013631507754297001	0.028162776306271502	0.028164636908331799	1.8606020602586501e-06	0.00082150084690510601	0.00068328723955346504	-0.000138213607351641	0.021708502592863801	0.022225853248878699	0.00051735065601490199	0.015892615739721401	0.0133964603301138	-0.0024961554096076398	0.046023818800891902	0.0410088873621898	-0.0050149314387021799	1	-85.125	7246.265625	0.056808119495806199	-0.0097246998774091695	-0.32519882339928502	0.0244707539728675	-0.022149082599183498	-0.045103202234804303	0.068031668405234502	-0.16677293061550699	-0.0614737420377858	-0.62064016878466399	-0.68696641037016204
611	156.25	-0.92049363533299999	0.25791117735207097	0.25751384431496299	-0.00039733303710814998	0.66774303279817104	0.66753088757395695	-0.00021214522421353401	0.96909075640142495	0.55095549337565497	-0.41813526302576998	0.97403389140963603	0.96070483997464196	-0.0133290514349939	0.0253170594805852	0.038568045455031202	0.013250985974445999	0.00064902808953775498	0.00072707410636212698	7.8046016824372195e-05	0.021762219181767201	0.024541536966959598	0.00277931778519245	0.013207675542798799	0.00829889461165291	-0.0049087809311459197	0.043166113636863998	0.053351313215916102	0.0101851995790521	1	-84.625	7161.390625	-0.0039684006863449101	-0.022332986184498901	-0.30151711541256998	-0.27436115400761502	0.56073349168609898	-0.030960710078720002	0.36078121715702099	-0.32725043803006298	0.116535684188382	-0.61699470523820499	-0.69201203343476003
614	157	-0.58134558088800004	0.25728573612868799	0.25470730625093002	-0.00257842987775803	0.66908647492527995	0.67259269207715999	0.0035062171518799299	0.61863263682462799	0.55779768556821996	-0.060834951256408101	0.96169439032673798	0.95736780315637604	-0.0043265871703624904	0.037606735900044402	0.041903104493394398	0.0042963685933500697	0.00069882668612990598	0.00072911454772110903	3.0287861591202799e-05	0.024319514521846001	0.0248227154767072	0.00050320095486115399	0.0085721720788570297	0.0085901756579914602	1.80035791344322e-05	0.114032642249615	0.067115897966863999	-0.046916744282750902	1	-83.875	7035.015625	-0.069312637919875394	-0.0197944757099544	-0.045761113825595098	-0.074572788037688298	0.16678368110376701	-0.034083897489905098	0.066200378032222604	0.00045814779071903902	-0.55218777953477205	-0.61152650991851598	-0.69952473581813002
616	157.5	-0.87696228964300005	0.25586389005184201	0.25614938884973498	0.00028549879789363498	0.66990858316421498	0.671370425820351	0.00146184265613547	0.61411966681480101	0.55938687473535298	-0.054732792079448603	0.95895658135414097	0.95686020553111995	-0.0020963758230209098	0.040343701839447098	0.042407283373177097	0.00206358153373	0.00069974387879483395	0.00073252609290648399	3.2782214111649403e-05	0.024697875976562499	0.024819607204861101	0.000121731228298599	0.0092027140781283292	0.0080318649532272902	-0.0011708491249010401	0.076107082581806706	0.0592252595891423	-0.0168818229926644	1	-83.375	6951.390625	0.016488795246169901	-0.021190161645436401	-0.041393180799122298	-0.025078530937051199	0.068554354067980702	-0.033920777068840197	0.016829594136587099	-0.078619237789213203	-0.20044744918159901	-0.60788104637205698	-0.704496049264693
618	158	-0.89467736007300003	0.25559314675629102	0.25430438332259703	-0.00128876343369477	0.67137024998664896	0.67522137612104405	0.0038511261343956399	0.49911829631309601	0.33516858553047901	-0.163949710782617	0.95601835846900995	0.95310371965169904	-0.0029146388173103598	0.043253941275179397	0.046092828689143002	0.0028388874139636598	0.00072770318365656197	0.00080347922266810104	7.5776039011539605e-05	0.024958688241464098	0.025952204951533601	0.00099351671006944406	0.0072919393396659099	0.0056556489857029898	-0.00163629035396293	0.056814662651914302	0.078825697666342204	0.022011035014427999	1	-82.875	6868.265625	-0.030675073322842999	-0.019559007787164	-0.119570785220589	-0.043237939489776098	0.10266319330283299	-0.031109157314466299	0.12965829226606501	-0.109578393124765	0.25502858125864403	-0.60423558282559797	-0.70943763886404099
619	158.25	-1.13548463351	0.256347854249179	0.25382165098562798	-0.0025262032635510199	0.67174120880663402	0.676817647926509	0.00507643911987532	0.56985227968543595	0.36570838410406797	-0.204143895581368	0.95702479574829302	0.95262878946959995	-0.00439600627869374	0.042223750113044002	0.046564460243098398	0.0043407101300544397	0.00075149523854634297	0.00080675797653383997	5.5262737987497502e-05	0.0250041325887044	0.0259242870189525	0.00092015443024811097	0.0085528490948490604	0.00599997107492519	-0.00255287801992387	0.066931514874247394	0.060061569841036402	-0.0068699450332109901	1	-82.625	6826.890625	-0.067747962658766897	-0.0187224917261599	-0.148341832019486	-0.0761133806813135	0.16873444451913	-0.032450643039937603	0.12016355910391401	-0.170545875499134	-0.083197890679304706	-0.60241285105236797	-0.71189728722100998
621	158.75	-1.3757956115600001	0.253691093064845	0.323502439446745	0.069811346381900799	0.67650913540273905	0.50270396098494996	-0.173805174417789	0.32444504154845799	1.9158078168520301	1.5913627753035799	0.95249849464744296	0.92250479944050401	-0.029993695206939199	0.046690960484556801	0.075083580520003093	0.028392620035446299	0.00081054075762949603	0.0024115862703183101	0.0016010455126888199	0.025948503282335101	0.018281816553186701	-0.0076666867291484099	0.00551824347639917	0.035447939006556503	0.029929695530157299	0.067925987497672605	0.0461532663180515	-0.021772721179621101	1	-82.125	6744.515625	2.0994377930715	-0.14084422267640001	1.1368840461619401	-0.64419344112352495	1.2268751721593301	0.068637208423407495	-0.99116730074400305	1.9900556729763299	-0.25772498047220699	-0.59876738750590897	-0.71679429104953696
624	159.5	0.29240472479899998	0.37499307990074099	0.36291827857494402	-0.012074801325797401	0.37836345434189	0.41652107983827602	0.038157625496385801	2.4912698686124402	0.51001349836587995	-1.98125637024656	0.91731671094894496	0.97114982306957198	0.053833112120627503	0.079870790988206097	0.028017754387110499	-0.051853036601095602	0.0028125039680161998	0.000832434764015487	-0.0019800692040007101	0.014534166124131999	0.0129697446469908	-0.00156442147714125	0.041806614794771498	0.010062718810513601	-0.031743895984257899	0.040779644622746601	0.047007694962351798	0.0062280503396052404	1	-81.375	6621.890625	-0.353817725999098	0.0038618961395966	-1.4204011219763599	1.21614394741219	-2.3034555931459701	-0.16555300153274799	-0.201396584872302	-2.1122072564261898	0.070193329324303805	-0.59329919218622096	-0.72408406457880203
626	160	-0.33760511260100001	0.36699251458048798	0.35343314781785001	-0.013559366762637999	0.40921268276870199	0.44546206258237298	0.0362493798136709	0.70000952929257898	0.56979961879552798	-0.13020991049705	0.969200672954321	0.98857219219207804	0.0193715192377567	0.029894837900064902	0.011031485174317001	-0.018863352725747899	0.00090449717390583904	0.00039634517597733398	-0.000508151997928505	0.014119268346715799	0.0087251451280382294	-0.0053941232186775802	0.012687863834434999	0.0113531002440144	-0.0013347635904206101	0.046204839462810302	0.038084581273234698	-0.0081202581895755601	1	-80.875	6540.765625	-0.398294337163556	0.0025591447765986601	-0.095419794776030895	0.45135053880747	-0.85210606465571104	-0.0692956552037855	-0.69704634132846299	-0.089522125378248996	-0.097840364965053897	-0.58965372863976195	-0.72890675878929301
627	160.25	0.355927561645	0.35757812624797197	0.35666401609778398	-0.000914110150188163	0.42713748486712599	0.443102502916008	0.015965018048882399	0.41353267719969	0.43083997629585402	0.017307299096164099	0.97470260672271303	0.99243509825318998	0.017732491530477699	0.024561098753474599	0.0072707995714154303	-0.017290299182059099	0.000736291873181469	0.00029408958353087801	-0.00044220228965059099	0.0112743024472837	0.0083469532154224601	-0.0029273492318612	0.0084927768912166097	0.0079345091638975008	-0.00055826772731910499	0.046404449517642797	0.034843361229497202	-0.0115610882881456	1	-80.625	6500.390625	-0.0194507055728615	-0.011288904337824601	0.0101732048605942	0.41497620198247298	-0.78290108143886095	-0.064982814859360694	-0.37779016726738601	-0.037872949194124997	-0.138136082868588	-0.58783099686653195	-0.73130695945183399
630	161	1.9161227303099999	0.35892849527299397	0.31421734727919198	-0.044711147993801999	0.43890284672379498	0.54910141602158202	0.110198569297787	0.73400693759324198	3.5138596016912298	2.7798526640979899	0.99084734767675398	0.98194749280810301	-0.0088998548686514099	0.0087758860434407303	0.017281225917396299	0.0085053398739555492	0.00037674324121326997	0.00077132482001619502	0.00039458157880292499	0.0084444964373553404	0.012132291440610401	0.0036877950032551099	0.012037045671604799	0.042823432851580301	0.030786387179975502	0.031844120181321003	0.095494949338390797	0.063650829157069794	1	-79.875	6380.015625	-1.33158136279131	0.053043947789995903	1.9876065668879099	-0.176065629744803	0.35195333918893101	-0.010260583000167699	0.47835865327821903	2.0470391291150301	0.74267410581692805	-0.58236280154684295	-0.73846297566863495
632	161.5	0.77649480491199996	0.33875903338193802	0.27136580348014799	-0.067393229901790197	0.48475230485200999	0.61559411883354198	0.130841813981532	3.14072217438357	1.7356092512607599	-1.4051129231228101	0.96598701477050897	0.99579919278621698	0.0298121780157081	0.032679060916415599	0.0039260672871023403	-0.0287529936293132	0.00133394593431145	0.00027468931075418399	-0.00105925662355727	0.011846245659722201	0.0090594256365740602	-0.0027868200231481299	0.043073744047430397	0.024286475405096999	-0.018787268642333401	0.078455080156881504	0.077691144902997999	-0.00076393525388347705	1	-79.375	6300.390625	-2.0111217268516	0.067137004775293302	-1.0079969355730101	0.68305622467079496	-1.28719133908762	-0.105335636660486	-0.35960251904450702	-1.2503879472258099	-0.0116901322211774	-0.57871733800038405	-0.74319649833748402
634	162	0.076370614776800003	0.27379560321569402	0.27412856221199	0.00033295899629587301	0.61500601992011095	0.59320920407772104	-0.021796815842389801	2.2077644228935198	0.92545828353610404	-1.28230613935741	0.99594166949391405	0.99541086331009898	-0.00053080618381506895	0.0037796213524416201	0.0042752958775963698	0.00049567452515474595	0.00027869892146554798	0.00031384447593154702	3.5145554465998698e-05	0.0092439439561631705	0.0094953466344762996	0.000251402678313122	0.027923010895028699	0.0134407250967337	-0.0144822857982949	0.085849534102688099	0.054987806254108498	-0.030861727848579601	1	-78.875	6221.265625	0.017910671801922601	-0.037068750725931	-0.92009168906466299	0.0096655781018387798	-0.00042421226841087901	-0.033766224305924401	0.033612003566004599	-0.964038942746553	-0.36416675128440001	-0.57507187445392505	-0.74790029715911999
635	162.25	-0.120067257296	0.27060490995645498	0.27546565197408202	0.0048607420176268196	0.60997100397944404	0.58395972456783096	-0.026011279411613599	1.2115646595135201	0.94847565964443703	-0.26308899986908602	0.99555872566998005	0.995062091946602	-0.00049663372337815904	0.0041698434790305404	0.0046403107669903002	0.00047046728795976201	0.00027137982478961999	0.00029759961744275801	2.6219792653138199e-05	0.0092503512347186199	0.0093758265177409095	0.00012547528302228801	0.018274753278819701	0.0129616470132529	-0.0053131062655668096	0.069264097782030201	0.046636097198348901	-0.0226280005836813	1	-78.625	6181.890625	0.15356009477740401	-0.039945947414410002	-0.19053480999674899	0.010423954900809799	-0.00153318051302088	-0.034349932508074603	0.017314159237787501	-0.35414442604153501	-0.26774119650363398	-0.57324914268069505	-0.75024105012723197
638	163	1.1526124074399999	0.27613358646631198	0.091250796336680498	-0.18488279012963199	0.57992662191390998	1.7651378437876699	1.18521122187376	0.854833076894286	0.40233666333374501	-0.45249641356054099	0.99484155252575901	0.96907964199781405	-0.0257619105279445	0.00486406135023572	0.030312721407972101	0.0254486600577364	0.00029438010533340298	0.00060763357687392298	0.00031325347154052	0.0093364856861255594	0.0047753510651765202	-0.0045611346209490401	0.0116803298005835	0.0245598883004308	0.0128795584998473	0.044835503145615997	0.038202178734024601	-0.0066333244115914002	1	-77.875	6064.515625	-5.5310322383462402	0.786950598840777	-0.32611286912793203	-0.55027900599774104	1.0973584741003799	-0.015579107544035501	-0.58923883477593397	0.85595364708206201	-0.080426815809056196	-0.56778094736100704	-0.75721872326074802
640	163.5	-0.062782288731800001	0.124466277658939	0.115901628509164	-0.0085646491497750193	1.5478142708539999	1.4931458175182299	-0.054668453335765997	0.71303086015400696	0.48961382620037502	-0.22341703395363299	0.97507845163345297	0.98649413585662804	0.011415684223175199	0.024360827705822999	0.0132423602044582	-0.0111184675013648	0.00056070405116770796	0.00026351640553912099	-0.00029718764562858702	0.0057371916594328798	0.0046486183449074101	-0.0010885733145254699	0.044540548474471899	0.012436117767356701	-0.032104430707115203	0.039720537820033298	0.0314704721741167	-0.0082500656459165798	1	-77.375	5986.890625	-0.24865585870325899	-0.059510080443781997	-0.162137568115302	0.274789629398	-0.51137726103660897	-0.055499452103077801	-0.13981110333138	-2.1361884806750502	-0.099360545994819596	-0.56413548381454803	-0.76183335054074097
642	164	-0.092554067891	0.109472087956965	0.124376167729497	0.014904079772532001	1.55838770270347	1.41496507227421	-0.14342263042926701	0.45175074152647698	1.16311630520498	0.71136556367850401	0.98326583281159396	0.99170269817113899	0.0084368653595449095	0.0164237760356628	0.0080626433715223697	-0.0083611326641404096	0.00031039491550473102	0.000234647851357293	-7.5747064147437896e-05	0.0046565585666232699	0.0047136659975405299	5.7107430917256597e-05	0.0125710903841534	0.023272369838559102	0.0107012794544057	0.032639890159553098	0.033214307245869802	0.00057441708631675303	1	-76.875	5909.765625	0.45445193627741298	-0.12010218670539299	0.506980962287229	0.20868180205307699	-0.39007095719276402	-0.041018146595550399	0.0084658176351603293	0.71106386267700095	0.0039833729538253596	-0.56049002026808903	-0.76641825397352004
644	164.5	-0.40713104326900001	0.125099617987871	0.113624109700322	-0.0114755082875491	1.4179016649723	1.50045418739319	0.082552522420883206	0.86595327507235398	0.96368338614702698	0.097730111074672596	0.99111166000366202	0.98924518823623697	-0.0018664717674254901	0.0086517227813601699	0.0104952096240595	0.0018434868426993199	0.00023662195453653099	0.00025961773062590501	2.2995776089374301e-05	0.0047266077112268802	0.0064117431640624903	0.0016851354528356101	0.015535082483438101	0.027997686830349599	0.0124626043469115	0.031726208389415603	0.034041361710573301	0.0023151533211577301	1	-76.375	5833.140625	-0.33586329787199698	0.034170106975561498	0.067739952356973304	-0.019976355105293098	0.058871499050103797	-0.034560769963923502	0.21916935201638599	0.82821964419933403	0.0243692142346148	-0.55684455672162902	-0.77097343355908399
646	165	-0.705880059394	0.115292989183217	0.0874873392283919	-0.027805649954825099	1.4652416869998	1.8146743595600101	0.34943267256020799	1.02835853211581	0.53828512160105502	-0.490073410514754	0.99090097695589097	0.96809229105711003	-0.0228086858987805	0.0088531502871775098	0.0313360862550323	0.022482935967854799	0.00024589348158770099	0.00057159644165949203	0.00032570296007179098	0.0057527895326968002	0.0071545353642216598	0.0014017458315248501	0.033493823464959702	0.013217324885772701	-0.0202764985791869	0.038411658138172503	0.104622373954564	0.066210715816391597	1	-75.875	5757.015625	-0.825103679718451	0.21636807157750801	-0.35301052965630902	-0.48473918204965999	0.96688428478272603	-0.0147649620715664	0.18249234522459001	-1.3494451386962001	0.77265305500477599	-0.55319909317517002	-0.77549888929743505
647	165.25	-0.90494799979899998	0.111738567030989	0.085289547545835398	-0.0264490194851532	1.5506326165050299	1.8372379541397099	0.28660533763468199	0.69513978650793096	0.76212002478422503	0.066980238276293999	0.98808861766010503	0.96327523663640002	-0.024813381023704999	0.0116436425538268	0.0360072652285452	0.024363622674718401	0.00026776594158945999	0.00071746696175978395	0.00044970102017032298	0.0069660681265371798	0.0069922906381112496	2.6222511574068901e-05	0.0144449612809694	0.0103593943471422	-0.0040855669338271602	0.036740810558971701	0.063734260356225203	0.026993449797253499	1	-75.625	5719.140625	-0.78445991663727399	0.173476112251122	0.045729155676510501	-0.529228640880403	1.0496232942124	-0.0066559976775199502	0.00446861268716401	-0.272493771825912	0.31337786756911101	-0.55137636140194102	-0.77775047072390502
650	166	0.082296441053800004	0.098242629971355494	0.15987098263576399	0.0616283526644089	1.70902386903762	1.32678549736739	-0.382238371670234	0.91385911814869702	2.0089959897101601	1.09513687156146	0.96847628876566905	0.98267150595784203	0.0141952171921725	0.0308221520623191	0.016868696142774101	-0.013953455919544999	0.00070152440821402695	0.00045976757683093602	-0.00024175683138309199	0.0069965786404079704	0.0057933100947627396	-0.0012032685456452299	0.0116138071694877	0.036225548546642901	0.024611741377155098	0.051532032722916801	0.042671343301289501	-0.0088606894216273005	1	-74.875	5606.265625	1.85428064425047	-0.28314069648700801	0.78168493537333605	0.336474778454047	-0.63609985976014105	-0.051874504271696001	-0.15465525235599401	1.63632815936098	-0.106511588826448	-0.54590816608225201	-0.78446062923249404
651	166.25	1.13861509462	0.115903313574381	0.25461095478385398	0.13870764120947299	1.5339241717010701	0.95475448705257204	-0.57916968464850105	0.554977203719345	1.95289320703608	1.3979160033167399	0.97333352789282801	0.99725068826228302	0.023917160369455501	0.0260507233964744	0.0026157201471509101	-0.023435003249323499	0.00061572058948513502	0.00013355375037919101	-0.00048216683910594398	0.0075746394969799001	0.0052860189367223203	-0.0022886205602575798	0.0078915910635263594	0.040423756849484897	0.032532165785958501	0.0406953390940656	0.042748908890548998	0.0020535697964834099	1	-74.625	5568.890625	4.1635258013704401	-0.41758488190993098	0.99841460940645499	0.55223027432119598	-1.0532314484843199	-0.067596332428103797	-0.295124275276825	2.16316083830062	0.021305797670434799	-0.54408543430902301	-0.78668248681175001
653	166.75	0.81118496044499999	0.21719674784690099	0.239604340074584	0.0224075922276827	1.0993859060108699	0.99784687012434103	-0.101539035886528	2.2544937622501502	1.1445201563008101	-1.1099736059493399	0.99237021971493899	0.99534132350236204	0.0029711037874225999	0.0073699161046534602	0.0045144299889214902	-0.00285548611573197	0.00025983584625919898	0.00014425010374452299	-0.000115585742514676	0.0050824271308051103	0.0068480032461660104	0.0017655761153608999	0.041940623956086699	0.021499518052972798	-0.020441105903114001	0.0431117643265886	0.044284588111291399	0.00117282378470274	1	-74.125	5494.515625	0.679252270135139	-0.091508431523838502	-0.79673585019191695	0.0873821732874588	-0.14785531328846499	-0.043623432711551703	0.22958018750192899	-1.36039411225641	0.0109913410368086	-0.540439970762563	-0.79110390908485095
656	167.5	2.4847969967300001	0.24259914606809599	0.25928906351327902	0.016689917445183	0.90377570688724695	0.694530770182609	-0.20924493670463801	1.39563319440914	0.84635900706051903	-0.54927418734862499	0.98565696775913203	0.96497600376605996	-0.020680963993072499	0.014026001910679001	0.034341112710535603	0.020315110799856598	0.00031702006308478002	0.00068288138136267796	0.000365861318277898	0.012810488100405099	0.0249079951533565	0.012097507052951401	0.034734621870297501	0.0111946161137893	-0.023540005756508199	0.045300272646192297	0.034609649039714398	-0.010690623606477901	1	-73.375	5383.890625	0.50795446691585799	-0.165038800471975	-0.395386518355829	-0.43751943529099602	0.87151289391666598	-0.0121387702056782	1.56676501247064	-1.56651964635212	-0.12794203135989901	-0.534971775442875	-0.79768031028097597
658	168	-0.108072956968	0.260246139764786	0.25437102243304299	-0.0058751173317431703	0.69003264084458404	0.70246189311146701	0.012429252266883699	0.65338204540313205	0.90511787626890605	0.251735830865774	0.96554125696420601	0.96381228640675498	-0.00172897055745114	0.033831327827647403	0.035345045896247103	0.0015137180685997299	0.00062740164794377305	0.00084266557678347703	0.00021526392883970401	0.024762358488859999	0.025144478126808499	0.000382119637948534	0.0090360902366229696	0.012770728077157199	0.0037346378405341998	0.038453631772175999	0.039560488966571702	0.00110685719439569	1	-72.875	5310.765625	-0.16807924152186099	-0.013702756879698	0.17797743555491999	-0.016924841513887699	0.044363637846926103	-0.021987221607420102	0.050529725514239301	0.24767272664533199	0.0102188032950655	-0.53132631189641599	-0.80202742293604201
659	168.25	-0.13086391068799999	0.25769300134852502	0.25239743646234297	-0.0052955648861824902	0.70114053152501599	0.69612295366823695	-0.0050175778567791403	0.98247352261095799	0.86792275812477504	-0.114550764486183	0.96421100217848998	0.96222763489931795	-0.0019833672791716998	0.035029140138067301	0.036920258321333603	0.00189111818326629	0.00075983051501680499	0.00085205574141582099	9.2225226399016198e-05	0.025688870747884101	0.023959859212239601	-0.0017290115356445499	0.012975110887782601	0.0126313137414401	-0.00034379714634248703	0.032144430871538697	0.049304709673476201	0.0171602788019375	1	-72.625	5274.390625	-0.150716228662374	-0.025613634985948399	-0.084210958847023107	-0.022570574042961901	0.060966994233823499	-0.030033447946674102	-0.222698249575709	-0.023607285525386601	0.198221154458186	-0.52950358012318599	-0.80418983282086998
661	168.75	-0.57756838670699995	0.25332697127014397	0.26083597606047898	0.0075090047903353897	0.69865502007305602	0.72328691314905802	0.024631893076001599	0.90055078548029299	2.4811687187292302	1.5806179332489401	0.96319237630814303	0.97786408644169598	0.0146717101335525	0.035970381705556102	0.0214779635236482	-0.0144924181819079	0.00083720217116934204	0.00065791129454737202	-0.00017929087662197	0.024322707564742502	0.016456279048213202	-0.0078664285165292204	0.0128879401675476	0.046147447885597999	0.033259507718050398	0.043026001537851098	0.073973758030580802	0.030947756492729801	1	-72.125	5202.015625	0.23290031830687999	-0.0053720649304119603	1.1291928750348501	0.34704941039438297	-0.65981098801193505	-0.047789487114205401	-1.01701839175604	2.2115405057037001	0.35968693327136297	-0.52585811657672699	-0.80849235970511402
663	169.25	1.99293855659	0.25568853281438297	0.23582401028834299	-0.019864522526040401	0.70954430103302002	0.63797600958496303	-0.071568291448057306	2.2379480697216199	2.3639164643360999	0.125968394614487	0.97034171465784402	0.98612897340208305	0.015787258744239301	0.028857764137500901	0.0133861041234921	-0.015471660014008799	0.00080048813324537201	0.00048490874060007398	-0.00031557939264529802	0.0200356377495658	0.0101530428285951	-0.0098825949209706797	0.040211915600232899	0.027607310542952498	-0.012604605057280401	0.036263451641559301	0.0297780242870514	-0.0064854273545078903	1	-71.625	5130.140625	-0.58719268698436	-0.0710475293868916	0.087952950364330595	0.371806368882377	-0.70289179401988899	-0.056702196900732797	-1.27795578447729	-0.83914366896771397	-0.078694786641595599	-0.52221265303026798	-0.81276516274214505
665	169.75	-0.423808945509	0.23700453764759	0.23628597585484401	-0.00071856179274631905	0.63793065883219302	0.63515152428299204	-0.0027791345492006502	2.4849158853291402	0.91532209133729403	-1.5695937939918401	0.98859063312411299	0.98321199361234901	-0.0053786395117639803	0.010958580097940301	0.016303954290924599	0.0053453741929842596	0.00045075823172737502	0.00048407609128844502	3.3317859561069802e-05	0.0085356959590205603	0.0120246392709237	0.0034889433119031799	0.035200673283542497	0.013073838200944	-0.022126835082598498	0.034439782145233799	0.0245171330520568	-0.0099226490931769908	1	-71.125	5058.765625	-0.01359220446408	-0.0240854590826272	-1.1257325447659901	-0.097920597262460093	0.212933677210593	-0.033885748054082003	0.452622760761969	-1.4725215910070999	-0.118948246878085	-0.51856718948380898	-0.81700824193196098
668	170.5	2.8075405571699998	0.23664259389042899	0.28904369473457298	0.052401100844144698	0.63414461910724595	0.56163156628608701	-0.072513052821159205	0.914203129615628	1.5994491398335	0.68524601021786902	0.98279741108417495	0.98698027729988103	0.0041828662157057401	0.016722812503576299	0.0125930812675506	-0.0041297312360256402	0.00047978824877646003	0.00042662645282689598	-5.31617959495637e-05	0.0123135036892361	0.0088840060763888794	-0.0034294976128472101	0.0130590255022979	0.036287537124010498	0.023228511621712501	0.052726357224320501	0.108448612787917	0.055722255563596397	1	-70.375	4952.640625	1.5778382045020201	-0.0716925140330852	0.48828455387031899	0.114274369509951	-0.20391450626246099	-0.039541162717729901	-0.44277949007577999	1.5443216455637001	0.64982221957215502	-0.51309899416411997	-0.82331712850315897
670	171	0.18086308103900001	0.274202575907112	0.29935148470103701	0.025148908793925201	0.58230487927794305	0.54399193823337499	-0.0383129410445677	1.5171962336637701	0.61399783045054801	-0.90319840321321798	0.98582366034388502	0.98302007839083705	-0.0028035819530485302	0.0137403043219819	0.016443218488711799	0.00270291416672996	0.00043598935044428803	0.00053670154848077501	0.000100712198036488	0.0098626313386139097	0.0094135708279079501	-0.00044906051070596801	0.035022091059366101	0.0082378175284250205	-0.026784273530941101	0.11488149652848401	0.079146687251293701	-0.035734809277190097	1	-69.875	4882.515625	0.76138032456090399	-0.048344240466838197	-0.64872590635155902	-0.040773295500264803	0.096681180592266103	-0.029478434821736101	-0.057043726951678399	-1.78231443140207	-0.42123562970703599	-0.50945353061766097	-0.827485898074941
672	171.5	-0.064143386241799993	0.298221565783024	0.277844855189325	-0.0203767105936991	0.54588259160518604	0.59686097800731397	0.0509783864021272	0.53273648768664394	1.5500421285628501	1.01730564087621	0.98353769779205302	0.98812946379184696	0.00459176599979416	0.015933633828535701	0.0113872909918427	-0.0045463428366930196	0.00052865539619233203	0.00048321542999474299	-4.5439966197588601e-05	0.0092403835720485696	0.0108237937644676	0.0015834101924190401	0.0073820605815855403	0.042387660359959299	0.035005599778373697	0.086772210771014893	0.0613454437618903	-0.0254267670091246	1	-69.375	4812.890625	-0.60253750706639697	0.012614576098952199	0.72597324494664806	0.123348931463997	-0.222242934400082	-0.039036186732896799	0.20600380964423101	2.32768306452832	-0.30051767750582498	-0.50580806707120196	-0.83162494379950702
674	172	1.1960575701	0.29212091919034799	0.241639843396843	-0.050481075793504797	0.55669761672616003	0.63379538133740598	0.077097764611246206	1.7121007621287301	3.30150663107655	1.5894058689478201	0.98798519894480696	0.99213591068983098	0.0041507117450237897	0.011519254988524999	0.00743108438327911	-0.0040881706052458399	0.00049549507930350797	0.000432998110773043	-6.2496968530464697e-05	0.0103310196487992	0.0061700891565394404	-0.0041609304922597696	0.038593553908863702	0.0419518029269976	0.0033582490181339598	0.062454659997654802	0.095248096761445397	0.032793436763790602	1	-68.875	4743.765625	-1.5044446322882301	0.030446166585863799	1.1354832901912799	0.113560777212627	-0.202086086138341	-0.040151644704388798	-0.53744339682676001	0.222636955657143	0.38130177893715	-0.50216260352474296	-0.83573426567686004
675	172.25	-0.409933477662	0.26774748950265498	0.23690235852263899	-0.0308451309800158	0.68334469459950697	0.62674461752176203	-0.056600077077744497	1.75767925567927	2.8976451314987699	1.1399658758194999	0.98957983832806395	0.98735466487705703	-0.0022251734510066999	0.0100046392355578	0.012170327850617399	0.00216568861505955	0.000415504740522008	0.00047496498918917401	5.9460248667165902e-05	0.0098569234212238996	0.0093067169189452702	-0.00055020650227863798	0.057068434978552497	0.0309942525025706	-0.026074182475981901	0.084003066070164195	0.037903992617347899	-0.046099073452816303	1	-68.625	4709.390625	-0.91616454665258595	-0.060828791910264503	0.81377359162831298	-0.027936889146500499	0.073046457263122394	-0.032176143062937902	-0.070134298874232101	-1.73508221839598	-0.54261199922679304	-0.50033987175151295	-0.837777780172831
678	173	-1.49431510893	0.236328571662307	0.245568592287601	0.0092400206252940802	0.62684078142046895	0.61436788588762203	-0.012472895532847399	2.1659356422723501	1.46108638506413	-0.704849257208222	0.98688379228115097	0.98465203717351002	-0.0022317551076410599	0.012646069820039	0.0148679024190641	0.0022218325990251099	0.00047008326655486498	0.00048005850294430502	9.9752363894393903e-06	0.0093719764992043209	0.0111797756618924	0.00180779916268807	0.024525536282454699	0.031467771876124297	0.0069422355936696002	0.048409014653129002	0.120690957155104	0.072281942501975199	1	-67.875	4607.015625	0.28476042248310601	-0.030703349246568399	-0.50674734425846402	-0.028082953422425599	0.075516458035602405	-0.035412259839927601	0.235044801860161	0.46102837907310701	0.84375346706881704	-0.494871676431825	-0.84386373788992397
679	173.25	1.8298980946000001	0.236744237225503	0.28352674101479403	0.046782503789290802	0.62587195392698003	0.56918737627565896	-0.056684577651321802	1.45153742407755	2.5055037314538202	1.0539663073762799	0.98566420041024705	0.98995883334428103	0.0042946329340338698	0.013850213674595701	0.0095959358441177808	-0.0042542778304778999	0.00048557365216765901	0.00044528080961754899	-4.0292842550110701e-05	0.010323658695927501	0.0096786640308521507	-0.00064499466507531695	0.018492131661242601	0.045620365462675498	0.027128233801432901	0.169387478248894	0.102438714685727	-0.066948763563166896	1	-67.625	4573.140625	1.4095087053117901	-0.060886480099159201	0.75221499501157296	0.116754767028698	-0.20939381433392801	-0.038699585963852597	-0.082402024398532003	1.8037144478962299	-0.78678366914212505	-0.493048944658595	-0.84587752853868103
681	173.75	0.94188598334499996	0.27231343383900902	0.26555263716727501	-0.0067607966717342901	0.58022059109061797	0.62929350398480899	0.049072912894191002	1.9612509693951199	3.9255389831959402	1.9642880138008101	0.98788315616548095	0.99399204701185195	0.0061088908463712297	0.0116632706893141	0.0056121635039745	-0.0060511071853395796	0.000453590049619381	0.00039573154090249101	-5.7858508716889801e-05	0.010429799115216199	0.0075048376012731999	-0.0029249615139430398	0.038856810278960402	0.046773611169191001	0.0079168008902306495	0.105792947765598	0.069354526256454899	-0.036438421509142803	1	-67.125	4505.765625	-0.19461361625781801	0.011313717288105299	1.4038243894731699	0.15701792310452301	-0.28844359992174001	-0.039848308463147603	-0.37748114273114403	0.52585228490045099	-0.42947566458234898	-0.489403481112136	-0.84988281695078405
683	174.25	1.52401371795	0.25738480435684302	0.31055796267464802	0.053173158317804503	0.64840872455388199	0.56692158021032701	-0.081487144343555598	3.3324752960353599	3.0483374580740699	-0.284137837961284	0.99331033434718896	0.99556292518973299	0.0022525908425449202	0.0062920050098910097	0.0041789660572248899	-0.0021130389526661198	0.00039763222948750097	0.000258113676409267	-0.000139518553078234	0.0083510787398726402	0.0051018820868598703	-0.0032491966530127699	0.0401835363736604	0.049829301843419299	0.0096457654697588591	0.068047470170256696	0.084623964672431801	0.016576494502175101	1	-66.625	4438.890625	1.60096854231028	-0.077819088859570507	-0.205601594130951	0.071436480756433898	-0.115192061827308	-0.045188540331422	-0.41944448049487598	0.64085559712349205	0.191384429951064	-0.48575801756567699	-0.85385838151567295
685	174.75	0.98935797379199997	0.31623148061335099	0.30789037002250502	-0.0083411105908453593	0.55626238957047403	0.53991379477083701	-0.0163485947996375	3.1890499688684901	2.4591689884661698	-0.72988098040231897	0.99661665186285997	0.990861394070089	-0.0057552577927709701	0.00311956538425881	0.0086335878178944205	0.0055140224336356104	0.00026378103775641902	0.000504987184831409	0.00024120614707499099	0.0054342057969835704	0.0053377857914677501	-9.6420005515821105e-05	0.0524030556553041	0.032062855319235598	-0.020340200336068499	0.092328585975222699	0.059667058327218199	-0.0326615276480045	1	-66.125	4372.515625	-0.24195878943365701	-0.0333492729597024	-0.52466508243577203	-0.106278747736037	0.22035319494452801	-0.020290706969970401	-0.0114040943352865	-1.3536823064916299	-0.38524428865847898	-0.48211255401921799	-0.85780422223334896
688	175.5	0.68853462128700005	0.309513357281685	0.29934475421905499	-0.010168603062629501	0.547103944420814	0.55891145169734902	0.011807507276534899	2.1933822643010901	2.8125218451023102	0.619139580801219	0.990285056829453	0.98298189342021902	-0.0073031634092330898	0.0091976847033948608	0.016383388591930201	0.0071857038885353303	0.000517215282889085	0.00063470304885413398	0.00011748776596504901	0.0061234085648148202	0.0099425139250578498	0.00381910536024303	0.0258450637396881	0.037498693633824499	0.011653629894136401	0.057908104929479398	0.056986309673321703	-0.00092179525615770897	1	-65.375	4273.890625	-0.29670927065629399	-0.0141272195895843	0.44096549057851903	-0.140630845639233	0.293897218601197	-0.028381381505623599	0.49535317422363601	0.77441013145712301	-0.0135388378932585	-0.47664435869952898	-0.86366725109633502
690	176	0.0914348140739	0.30154227949678902	0.30388237386941902	0.0023400943726301598	0.55493538752198202	0.56215007156133701	0.0072146840393540997	2.3959747493267298	4.7773432046175097	2.3813684552907799	0.98647422268986695	0.98341044932603805	-0.0030637733638285698	0.012982408079551699	0.0159543801448307	0.0029719720652790099	0.000543351356100181	0.00063515860601910505	9.1807249918923295e-05	0.0086707221137153397	0.011311114275897	0.0026403921621816801	0.031652440573089101	0.059617815446108599	0.027965374873019502	0.051651256821575002	0.054026288267653703	0.0023750314460787001	1	-64.875	4208.765625	0.078043137149917202	-0.0172627208441887	1.70237108126687	-0.0465476274244008	0.10851812500407799	-0.030060781893607901	0.342801109081247	1.8593974833790401	0.025070449681087601	-0.47299889515306998	-0.86753878219597502
692	176.5	-0.208901158536	0.30121972709894201	0.30766517966985701	0.0064454525709151701	0.56104016900062603	0.61700873374939003	0.055968564748763897	4.6009851658715899	2.1699461936950799	-2.43103897217651	0.98499907553195898	0.97261936664581305	-0.012379708886146401	0.0143613571301104	0.026591496262699299	0.012230139132588899	0.00063955538789741795	0.00078911234741098801	0.00014955695951356901	0.0108866373697917	0.019263147424768499	0.0083765100549767508	0.056794772937427102	0.026575702615082301	-0.030219070322344801	0.057657305605076599	0.052492474686186202	-0.0051648309188904199	1	-64.375	4144.140625	0.20103698824248201	0.016021350028310601	-1.74235606033993	-0.25329274529144502	0.51582231314348703	-0.026284187820302299	1.0851841008771499	-2.0107823899141399	-0.063229221673371999	-0.46935343160661103	-0.87138058944840002
694	177	-0.40094072424400001	0.308448893204331	0.30477835573256001	-0.0036705374717712598	0.60579242035746605	0.64724329560995097	0.041450875252484802	2.5447622314095399	2.5511126458644902	0.0063504144549542101	0.97454842105507899	0.96659916639328003	-0.0079492546617985198	0.024700686545111299	0.032477462175302202	0.0077767756301908601	0.00075088205703650597	0.00092339416005415397	0.00017251210301764801	0.018338690863715298	0.021641625298394099	0.00330293443467875	0.031050133914686601	0.031592156714759803	0.00054202280007320199	0.053045457054876101	0.13728694192365401	0.084241484868777597	1	-63.875	4080.015625	-0.10203146836230401	0.0061101840027960701	0.0023302533898591701	-0.154969310288811	0.31990085345859998	-0.024783015614971898	0.42854901797018902	0.035313660037789199	0.983812212099066	-0.46570796806015202	-0.87519267285361202
695	177.25	-0.27919084915999998	0.30676617957651597	0.30156177598983003	-0.0052044035866856703	0.62839668206870603	0.65668983384966895	0.028293151780962901	1.67495831251142	1.83087434209883	0.15591602958741299	0.96989939045161	0.96674978248775001	-0.0031496079638600998	0.0292694930743892	0.032380047650076502	0.00311055457568735	0.000831096998263088	0.000870171589849637	3.9074591586549698e-05	0.020005536962438501	0.022341198391384501	0.0023356614289460902	0.021356782420479802	0.0239053333760239	0.0025485509555441001	0.052748513694261499	0.13144703523804299	0.078698521543781194	1	-63.625	4048.140625	-0.14798509565176299	-0.00287253889381137	0.109389504224955	-0.048452523015195301	0.11461492974758899	-0.033509281398203798	0.30336208121263403	0.16877931149197301	0.91889831629627505	-0.46388523628692202	-0.87708756811351196
698	178	-1.1688850154199999	0.29950393438339201	0.29591596238315099	-0.0035879720002413001	0.66019521579146401	0.67818868607282601	0.0179934702813619	1.02665716074405	1.89168556481598	0.86502840407192905	0.96708050742745399	0.97083703577518499	0.0037565283477307698	0.032086753845214901	0.0283275085035713	-0.0037592453416435399	0.00083274630378582602	0.00083545222951215796	2.7059257263319401e-06	0.0228834364149306	0.022432397913049799	-0.00045103850188078402	0.0144065819098612	0.023438350774813401	0.0090317688649522096	0.114162528434069	0.230203020034489	0.116040491600419	1	-62.875	3953.265625	-0.099557860745072599	-0.00990408846501762	0.61697301199159105	0.10481281059785801	-0.18761533437116601	-0.0358876429329337	-0.057299723608921098	0.60001517501043	1.35621182735566	-0.45841704096723301	-0.88272766812239301
699	178.25	-0.24483651026200001	0.29818959999829497	0.29841678813099898	0.000227188132703282	0.66120889168232699	0.68179648332297704	0.0205875916406505	0.65220253551380902	1.89498085081576	1.24277831530196	0.96517110820859697	0.97593901362270097	0.010767905414104601	0.033961559040471899	0.023349915473954801	-0.010611643566517099	0.00086731895753473602	0.00071104113867477201	-0.00015627781885996399	0.0239461545591001	0.0210708123666269	-0.00287534219247324	0.0099831911182266895	0.021856933465460401	0.0118737423472337	0.0920335681070623	0.133748540700041	0.041714972592978301	1	-62.625	3921.890625	0.0147418457900843	-0.0081330926403147593	0.88736686196502601	0.2604137134299	-0.48908002770608899	-0.046284527554015902	-0.37105928372962299	0.78905106827413496	0.48578229112187599	-0.45659430919400401	-0.88459283953507895
701	178.75	-0.27936915887800001	0.29686283785849799	0.30082820476964101	0.0039653669111429099	0.683934921398758	0.65257745254784805	-0.0313574688509098	1.99152191169558	2.62945882957424	0.63793691787866103	0.97460142187774201	0.97455650474876199	-4.4917128980026499e-05	0.024634515831712601	0.024705126916524101	7.0611084811472006e-05	0.00076404500250646301	0.00073835201073961998	-2.5692991766842801e-05	0.021238765010127302	0.0210474296852395	-0.00019133532488788501	0.023157924792030798	0.027239433949579998	0.0040815091575491297	0.19893097336958601	0.054925655180593398	-0.14400531818899301	1	-62.125	3859.515625	0.12673524120801799	-0.043595768630816302	0.454420647523674	0.020448734519304498	-0.0191244709932804	-0.0377448156225599	-0.023688276787534001	0.27074511970891402	-1.68919648781369	-0.45294884564754501	-0.88830088947504104
704	179.5	1.2283762063899999	0.29939598441123999	0.26174405217170699	-0.037651932239532601	0.65585737824440005	0.70893627405166704	0.053078895807266997	4.5845816254616096	6.15435690619044	1.5697752807288201	0.97622992992401103	0.98382114768028295	0.0075912177562712504	0.023046868108212899	0.0155071496963501	-0.0075397184118627903	0.00072318827151320899	0.00067165671789553205	-5.1531553617676698e-05	0.0197144684968171	0.0110811586733218	-0.0086333098234953401	0.043756048474461101	0.058725053328088597	0.0149690048536275	0.052218901582683601	0.035201124631315299	-0.017017776951368399	1	-61.375	3766.890625	-1.12009186799556	0.014048585102783799	1.12143169105657	0.189914656982789	-0.35393362431491898	-0.0394345515577453	-1.1162701243142199	0.994934661639712	-0.20203961218031199	-0.447480650327856	-0.89380723217145797
706	180	1.25706921176	0.26398532316088702	0.29307681620121001	0.029091493040323699	0.71090864688158095	0.54447101950645604	-0.16643762737512499	7.4886732578277098	5.2541233539581302	-2.23454990386958	0.98229010179638898	0.98806029781699201	0.0057701960206033602	0.0170390587183646	0.0113804473483469	-0.0056586113700176303	0.00067078024949296497	0.000559242962117423	-0.000111537287375542	0.0129115634494357	0.0095255251283999105	-0.00338603832103582	0.066951579693704799	0.057899693353101599	-0.0090518863406032005	0.035603696827774603	0.031639823323631897	-0.0039638735041427602	1	-60.875	3705.765625	0.87949757433559905	-0.13581442906086999	-1.6017089441454999	0.14950139387280101	-0.27117612265053198	-0.0433586803553613	-0.43715487780677498	-0.60283204948609603	-0.0491647547242655	-0.443835186781397	-0.89744097249338495
707	180.25	0.62145747740599999	0.27132711457088599	0.29695161767303901	0.025624503102153501	0.67546588946133801	0.47769458815455501	-0.197771301306783	5.4307841796426999	4.0463803194463299	-1.38440386019637	0.986560163833201	0.98322797399014195	-0.0033321898430588299	0.0128182011394528	0.016131837741704701	0.00331363660225184	0.00062161903642845597	0.00064018921730166602	1.8570180873209802e-05	0.0093652725219726708	0.0085238068192093792	-0.00084146570276329505	0.055009231844450203	0.047981229657307299	-0.0070280021871428596	0.033928115551848603	0.026358234132243901	-0.00756988141960473	1	-60.625	3675.390625	0.77562881950371598	-0.15720579747425301	-0.99317336291937197	-0.052504495256189998	0.123549328895302	-0.0348501857338301	-0.107829806652319	-0.46821195144616001	-0.091394877559959495	-0.44201245500816699	-0.89924669621164299
710	181	0.60048231097500004	0.30151726715266702	0.31426508650183699	0.0127478193491696	0.46546158231794899	0.465982884913683	0.00052130259573429595	3.3916064056334601	1.74591631442309	-1.64569009121037	0.97901143208146102	0.96187362149357802	-0.017137810587882999	0.0202803376247176	0.037015070999041097	0.016734733374323602	0.00070819856628077395	0.0011113419634057201	0.00040314339712494497	0.0077039930555555403	0.0073846322518808004	-0.000319360803674743	0.039754264298607497	0.021035384759307	-0.018718879539300601	0.023339024314961501	0.031732699926291297	0.0083936756113297904	1	-59.875	3585.015625	0.38985178188927599	-0.021832264419068	-1.18020236768836	-0.35888753980159199	0.71399762011170498	-0.0097006752091394494	-0.040257660427167899	-1.2458389972577899	0.095555065456071106	-0.43654425968847899	-0.90461928159559601
711	181.25	0.377128587051	0.30581645295023901	0.31690975595265602	0.0110933030024171	0.470582034625113	0.480877539608628	0.010295504983514499	2.2560520889237199	1.40160135142506	-0.85445073749866096	0.97307372279465199	0.96549124643206596	-0.0075824763625859104	0.026075335941277498	0.033443022705614597	0.0073676867643371604	0.00085089551339479202	0.00106573979737732	0.00021484428398252999	0.0070548022234881297	0.0073228482846860402	0.00026804606119791	0.025671814594533798	0.017829027440166199	-0.00784278715436754	0.025980702627057799	0.026946756778080699	0.00096605415102284803	1	-59.625	3555.140625	0.340283552430589	-0.0151594572442693	-0.61383226741764896	-0.14682953489855399	0.30190338083016199	-0.022014664659369999	0.035766032581888797	-0.52240795470144297	0.0085698524450746692	-0.43472152791524898	-0.90639528146663995
713	181.75	0.69030880297599995	0.31613662885501997	0.29428135743364697	-0.0218552714213727	0.47148407790809899	0.56495081260800295	0.093466734699904103	1.51720781847835	1.80408271420745	0.28687489572910402	0.96277975570410501	0.980999585427344	0.018219829723238899	0.036127129272790499	0.0182938711659517	-0.017833258106838799	0.00109312338172458	0.00070657795113220295	-0.00038654543059237298	0.0073119693332248104	0.00709785885281034	-0.000214110480414471	0.018671779782744199	0.022689730507408599	0.0040179507246644102	0.027430963118273199	0.083582660334391504	0.0561516972161182	1	-59.125	3495.765625	-0.64683422406082502	0.0416211941449635	0.203130021301198	0.425791518582952	-0.80678803902372598	-0.061343084624638299	-0.026635895440853801	0.26651748521136698	0.65485143031209903	-0.43107606436878998	-0.90992498832331703
715	182.25	0.440704916813	0.30307810017839099	0.272095970064402	-0.030982130113988898	0.55185611341148599	0.503011074010284	-0.0488450394012028	1.75759313050655	2.5205765865743199	0.76298345606777196	0.98011157456785403	0.97469001598656202	-0.00542155858129256	0.019144197029527299	0.024463069095509	0.0053188720659817596	0.00074427453455427602	0.000846918047500359	0.000102643512946084	0.0073160666006582701	0.0091738453617802203	0.00185777876112194	0.021878986604133	0.030626567744184201	0.0087475811400512301	0.079758464503315502	0.043667801910301299	-0.036090662593014203	1	-58.625	3436.890625	-0.92026895125502295	-0.055534460056285498	0.54392911299678504	-0.098873084328002001	0.21176774152977801	-0.029352134750403099	0.24151328882426301	0.58111222578652999	-0.42540304408632901	-0.42743060082233097	-0.913424971332781
718	183	0.41632403477899999	0.279847041144967	0.33237372636794998	0.052526685222982802	0.48912356309592703	0.45413439534604599	-0.034989167749881402	2.1514951105637001	1.7647836327552899	-0.38671147780841197	0.96977594494819597	0.97035414502024697	0.00057820007205022805	0.029390545329079101	0.029001378337852698	-0.00038916699122639901	0.00083352962101343399	0.00064452083825017195	-0.00018900878276326201	0.0098884582519531503	0.0088939808033130906	-0.0009944774486400599	0.028473266012224399	0.0216632705996746	-0.0068099954125498702	0.047052766205480497	0.0311334022997121	-0.015919363905768501	1	-57.875	3349.515625	1.5816006304937	-0.046075114311243601	-0.27902393139568299	0.034277344524532398	-0.039351966848927999	-0.048424998305443397	-0.127632976637125	-0.45371107533677402	-0.18917604700589499	-0.42196240550264202	-0.91861921363344901
719	183.25	0.49592149265399998	0.29469199217855901	0.36177444718778101	0.067082455009221498	0.47807519352063499	0.428376734536141	-0.0496984589844938	2.1430515818764002	1.3525536615401601	-0.790497920336241	0.96545507945120301	0.97240518126636699	0.0069501018151640901	0.033799361705314397	0.026877661945763999	-0.0069216997595504199	0.00074558382348186198	0.00071713153301971395	-2.8452290462148801e-05	0.0103028897885923	0.0094037585788302406	-0.00089913120976206802	0.029137345703203001	0.015321255530580001	-0.013816090172623001	0.035748265089354699	0.031726689600611098	-0.00402157548874365	1	-57.625	3320.640625	2.0176819893320501	-0.056117086043815503	-0.56805476242000097	0.175686607583659	-0.32674448594605998	-0.037925262436445499	-0.115293023484551	-0.91972646552872195	-0.049840505292396697	-0.42013967372941302	-0.92033576581006504
722	184	0.30935900710100001	0.37837307155132299	0.41566648930311201	0.037293417751788599	0.40506154969334501	0.29052730090916201	-0.114534248784183	1.1778706453275201	0.81556477472186695	-0.362305870605652	0.96944882869720495	0.93112472891807596	-0.038324099779128498	0.029733505495824	0.066884605027734897	0.037151099531910897	0.00081760388929979599	0.00199065057095139	0.0011730466816516	0.0097570066098813506	0.0110826562952113	0.0013256496853299099	0.013128358314134199	0.0095132949762047406	-0.0036150633379294899	0.034309236447437101	0.042919439262572197	0.0086102028151351408	1	-56.875	3234.765625	1.12522188337537	-0.10038020912994999	-0.26155436781324398	-0.82906703444450502	1.6121960844638099	0.040647840857362803	0.17264378811119799	-0.24119788954945201	0.098090825395687795	-0.41467147840972401	-0.92544083656909104
724	184.5	-0.78197670315000001	0.41327187567949297	0.38831689059734098	-0.0249549850821521	0.306190825998783	0.35208969116211503	0.045898865163332303	0.85366638004779305	0.79432281060153898	-0.059343569446254102	0.93987834453582797	0.92182190418243604	-0.018056440353392	0.058405641838908201	0.075858608167617095	0.017452966328708901	0.00171600302564912	0.00231950411834982	0.00060350109270070399	0.0112061677155672	0.0125410291883682	0.0013348614728009799	0.0103757503442466	0.0254262567992584	0.015050506455011801	0.032945721830057798	0.101318893824257	0.068373171994198803	1	-56.375	3178.140625	-0.73969962142925905	0.0091468081500146996	-0.044693580895898803	-0.37927435105542201	0.74559559066614001	0.0034018960585562199	0.173836001114901	1.00035579878831	0.79797767773342698	-0.41102601486326501	-0.928807062266091
725	184.75	3.1413690383700001	0.41755183152854403	0.30614788932725701	-0.11140394220128801	0.273892250657081	0.57289544893428901	0.299003198277208	0.59624186265282897	1.09906661853609	0.50282475588326603	0.91650755219161495	0.97580170817673295	0.059294155985118002	0.080989421519916699	0.0235138294170604	-0.057475592102856299	0.0025030402117408898	0.00068442718338699302	-0.0018186130283538899	0.0104001504403574	0.017238807678222699	0.0068386572378653504	0.0068764070376347002	0.029446498495693099	0.022570091458058401	0.096345302864612403	0.0096974082748775194	-0.086647894589734903	1	-56.125	3150.015625	-3.3296539312530098	0.181940079965872	0.35770719617908098	1.3373388778339801	-2.5508145344205899	-0.15499443006414099	0.88615127124459403	1.50052635874798	-1.01748108925631	-0.40920328309003501	-0.93047902867188503
728	185.5	0.58798577160900001	0.28807320147752802	0.288596114516258	0.00052291303873053295	0.61602168679237401	0.60660008490085604	-0.0094216018915176392	0.60161115825175104	0.62720308918505796	0.025591930933307	0.98607650697231297	0.98483730554580695	-0.00123920142650613	0.0135704504791647	0.0147849003318697	0.00121444985270498	0.00035298992443131199	0.00037783498119097403	2.4845056759662e-05	0.0180311414930556	0.0176697907624421	-0.00036135073061345502	0.0086121561587786995	0.0087076511350460198	9.5494976267327197e-05	0.0023913038364923702	0.103336733737004	0.100945429900512	1	-55.375	3066.390625	0.023601570885807398	-0.028620243813051099	0.016103354495211698	-0.0060555759997279	0.031197619473663299	-0.034439834595273	-0.045692103750797498	0.0056125433431749401	1.1794328726933301	-0.403735087770347	-0.93545034211844802
730	186	0.052887224986799999	0.28907480165362398	0.28979634046554598	0.00072153881192205105	0.605722440779209	0.60874728858470895	0.00302484780549994	0.74165894556789802	0.63461640961468002	-0.107042535953218	0.98467877581715602	0.983566330373287	-0.00111244544386857	0.0149367228732444	0.0160372635931708	0.0011005407199263699	0.00038453543238574698	0.00039644360076636099	1.1908168380613199e-05	0.017722574869791698	0.018764015480324098	0.00104144061053243	0.0095639966544694508	0.0084572329651564204	-0.00110676368931303	0.17880953777973199	0.24211582720345001	0.063306289423718201	1	-54.875	3011.265625	0.029552269361099701	-0.020123104553599801	-0.078836559650215507	-0.00324252727177411	0.026186296334780101	-0.035285854018093803	0.1358607255614	-0.074356549330963903	0.73863918531693995	-0.400089624223888	-0.93872739627380497
731	186.25	-0.115041895092	0.28798450008034698	0.29189466834068301	0.0039101682603359103	0.60918365661054896	0.61346290279179805	0.0042792461812496399	0.47017666380851703	0.83104260060936597	0.360865936800848	0.98485567215830105	0.98480064589530203	-5.5026262998580899e-05	0.0147744859248632	0.0148003241483821	2.58382235188339e-05	0.00036987284920542298	0.00039904801196825998	2.9175162762837799e-05	0.0178496819955331	0.018484511198820899	0.00063482920328776504	0.0070787913136881597	0.011485571705270601	0.00440678039158244	0.053233761075227898	0.21588853953748599	0.16265477846225801	1	-54.625	2983.890625	0.12508152567091799	-0.019266732018054299	0.25609289929046197	0.020224386240036901	-0.021094210120571302	-0.0341566634281249	0.083236041297536895	0.292380767846317	1.90211386257667	-0.39826689245065799	-0.940354776908778
734	187	-0.10362412951699999	0.29216577671468302	0.28396072536706901	-0.0082050513476132295	0.62093073949217803	0.648737469315529	0.027806729823350598	0.78169927969574204	1.8675594687461801	1.08586018905044	0.98475490957498601	0.985642698407173	0.000887788832187542	0.0148491158965044	0.013998543855268501	-0.000850572041235858	0.00039595615453436001	0.00035879478637070798	-3.7161368163651901e-05	0.018693853307653399	0.0181469387478299	-0.00054691455982348197	0.011116932556615101	0.0259214173769578	0.0148044848203427	0.15208842787958099	0.116641050296033	-0.035447377583547601	1	-53.875	2902.515625	-0.237882543344132	-0.0032046171340565999	0.77504467464906701	0.041147933586850899	-0.059651039865346603	-0.038494800386719499	-0.069708247294687595	0.98399149427884103	-0.41786950405951701	-0.39279869713096899	-0.94519233304287698
735	187.25	-0.324267545735	0.29047210263088302	0.27920678406953803	-0.011265318561345199	0.63272817507386203	0.65420130938291499	0.0214731343090531	1.0823237296193799	1.8642189403610101	0.78189521074163304	0.98443826548755198	0.98609386589378101	0.0016556004062294699	0.015177668607793701	0.0135652886354364	-0.0016123799723573001	0.00038405882451115803	0.00034086870437022402	-4.3190120140934302e-05	0.018576120447229401	0.018168654265227201	-0.000407466182002273	0.0153841154184191	0.026378359440309199	0.010994244021890099	0.20782799605556099	0.105827150133811	-0.102000845921749	1	-53.625	2875.640625	-0.32956615091495001	-0.0075285363566537401	0.55746617019785105	0.058187692395259401	-0.093166049763924993	-0.038889056031408402	-0.051660482959504303	0.73055060984557796	-1.1972802011388299	-0.39097596535773999	-0.946789989830637
738	188	-0.19399446615599999	0.27640370354056398	0.277315469458699	0.00091176591813568698	0.65866825133562101	0.64119823947548904	-0.017470011860132102	1.57273034572133	1.2598064258694599	-0.31292391985186802	0.98622786253690697	0.98717101067304602	0.00094314813613871596	0.013439203414600301	0.0124679652974009	-0.00097123811719936103	0.00033293686792603598	0.00036103679958614601	2.8099931660110001e-05	0.017591123227719899	0.017142853913483799	-0.00044826931423607602	0.022295270932226701	0.017683748097624599	-0.0046115228346021797	0.057151742305367598	0.032636069864930402	-0.024515672440437199	1	-52.875	2795.765625	0.035251349257510001	-0.034114859706357699	-0.226206706869961	0.042376502182350999	-0.064959628244554105	-0.034226979130809798	-0.056941328288785703	-0.30747810371366302	-0.28984780754086198	-0.38550777003805098	-0.95153837442309297
739	188.25	-0.25947573806599999	0.27456496665254199	0.27470571929588899	0.00014075264334689801	0.65988051593303698	0.63713583871722201	-0.022744677215814399	1.0696979670938001	1.3154898736043701	0.24579190651057101	0.986779753491283	0.98706082496792102	0.00028107147663825001	0.0128848282503895	0.012596282703452699	-0.000288545546936785	0.00033541210514158602	0.00034291267320440998	7.5005680628231502e-06	0.0166170967949761	0.017722758540400702	0.00110566174542462	0.0152841557669714	0.0193239537670249	0.00403979800005349	0.0074416216995345603	0.16590814980951099	0.158466528109976	1	-52.625	2769.390625	0.012152294965639	-0.037715851729406301	0.17372276720802099	0.027683279298023101	-0.034925222831690902	-0.035574092995475801	0.144172388457602	0.26797067231684202	1.8530650720609501	-0.38368503826482198	-0.95310630736363799
741	188.75	-0.21353721118999999	0.276360173150897	0.26531653851270698	-0.011043634638190299	0.636910173110664	0.65073067229241099	0.013820499181747501	1.3648035835474599	0.60914190188049999	-0.75566168166696401	0.98713213186711102	0.98677773438394101	-0.00035439748317012099	0.0125155603833264	0.0128825000167126	0.00036693963338617699	0.00035234506531196699	0.00033978572837440902	-1.25593369375576e-05	0.0175626118977864	0.017597685919867601	3.5074022081180197e-05	0.019575303100282201	0.0095898460131138598	-0.0099854570871683607	0.10593704817460101	0.12464948916197401	0.0187124409873725	1	-52.125	2717.015625	-0.32292464532220699	-0.012752958417674499	-0.54311894003500605	0.013580551270152201	-0.0060877804667159603	-0.036885928481182502	0.0056141977283006199	-0.66492917358034898	0.216398596462898	-0.38003957471836303	-0.95621988035931804
743	189.25	-0.13291447243900001	0.26660745274275499	0.26582485232502201	-0.00078260041773309296	0.64842971842735997	0.64748770818114298	-0.00094201024621742803	0.67250356531001998	0.37063136373183497	-0.30187220157818501	0.98703496567905002	0.98550060950219598	-0.0015343561768532701	0.012622881139395701	0.014119477322674399	0.0014965961832786099	0.00034215864479847401	0.00037990149312463399	3.7742848326160199e-05	0.017633466367368299	0.018042133472583901	0.00040866710521557701	0.010504424460805101	0.0057141933421011003	-0.0047902311187039597	0.13610780426093699	0.17960124634100699	0.043493442080069902	1	-51.625	2665.140625	-0.0155107598556865	-0.0228312619887273	-0.21829587336873699	-0.0126058364114009	0.043610376909914102	-0.0335963719435875	0.053965566363860899	-0.31936501269765699	0.50661002823730805	-0.37639411117190302	-0.95930372950778298
745	189.75	0.62760916265800004	0.26483366806060099	0.264517243299633	-0.00031642476096766002	0.65024341065436597	0.64958232324570397	-0.00066108740866188697	0.318129535298808	0.82295432891696396	0.50482479361815602	0.98550527654588205	0.98044448308646703	-0.0050607934594152403	0.014128506838460401	0.019018865784164399	0.0048903589457040004	0.00036621246599679501	0.00053666594758397003	0.00017045348158717499	0.0179833730061849	0.018572828504774298	0.00058945549858940198	0.0052318318746985802	0.0112255521293264	0.0059937202546278398	0.090478638824666294	0.12637569526475401	0.035897056440087498	1	-51.125	2613.765625	-0.00154444156094225	-0.022639477140037299	0.35913882564384603	-0.090866757162451905	0.192915717441977	-0.024917641010460099	0.077363660835282996	0.39793720475076799	0.41764841023635002	-0.37274864762544402	-0.96235785480903502
747	190.25	0.064935018230100006	0.264665824733675	0.26953426077961901	0.0048684360459446702	0.64861223287880398	0.64525669217109705	-0.00335554070770749	0.99326898341532399	1.1270927164703399	0.13382373305501999	0.982066788338125	0.98620219528675102	0.0041354069486260201	0.017434656960540501	0.0133860293281032	-0.0040486276324372596	0.00049857690164572101	0.00041180686621374003	-8.6770035431980806e-05	0.0182480070326063	0.019572434601960301	0.0013244275693540301	0.0131981571912548	0.0143788349785607	0.0011806777873059301	0.17041518850164	0.047276453648152701	-0.123138734853487	1	-50.625	2562.890625	0.15379060284211399	-0.024478969161249201	0.093575811258893804	0.11322112351626901	-0.20034643094316901	-0.041739003692765703	0.172485618747971	0.077794252045966295	-1.4448269805696199	-0.36910318407898501	-0.96538225626307195
750	191	-0.10335963676899999	0.27023970931768398	0.26889986060559801	-0.0013398487120866399	0.643680992722511	0.64177826642990099	-0.0019027262926102401	0.85381158310918903	0.551518710330137	-0.30229287277905198	0.98568119630217499	0.98586148172616905	0.00018028542399406401	0.013903004559688299	0.0137499794946052	-0.00015302506508305799	0.000415804316435243	0.00038850365199323198	-2.73006644420108e-05	0.019926452636718699	0.019358288800274799	-0.000568163836443848	0.012478017387911501	0.0086659140943085092	-0.0038121032936030098	0.096702796206825606	0.072232532413217199	-0.0244702637936083	1	-49.875	2487.515625	-0.032205554908146999	-0.023487138823785302	-0.21859699033049901	0.0254465716390491	-0.028963129100136199	-0.037849950819593199	-0.072458382812428807	-0.25430414274344199	-0.28931602481094498	-0.36363498875929701	-0.969863126230601
751	191.25	-0.52810527108200001	0.26869463436305502	0.26948292972519999	0.00078829536214475304	0.64131353981792905	0.64175931531935904	0.00044577550142999001	0.95160916280000996	0.41563828485086501	-0.535970877949145	0.985866870172322	0.98566493373364195	-0.00020193643867971701	0.0137204889324494	0.013930454882211099	0.00020996594976173101	0.00041262949234805899	0.000404583789895697	-8.0457024523622098e-06	0.018830256991916199	0.019449558964482101	0.00061930197256587099	0.0136793021956691	0.00638934448361395	-0.0072899577120551801	0.123816122852229	0.107134173077192	-0.016681949775037098	1	-49.625	2462.640625	0.031552252018148798	-0.021883826451116299	-0.38586399316396303	0.016964062946224701	-0.0129936872518357	-0.036590755304286703	0.081226467538234703	-0.485636110030289	-0.19810672483216701	-0.361812256986067	-0.97134188762950402
754	192	-0.51986736213499996	0.26988974213600198	0.27208173200488101	0.0021919898688793102	0.64235442131757703	0.639015934616327	-0.00333848670124992	0.414351496472951	0.34917351715266898	-0.065177979320281895	0.98546608015894899	0.984479457885027	-0.00098662227392187795	0.0141276079113595	0.015099943743553	0.000972335832193466	0.00040629532886669103	0.000420553698495495	1.42583696288039e-05	0.019357215033637101	0.0191531146014178	-0.000204100432219325	0.0063675974699435398	0.0054496384051163204	-0.00091795906482721899	0.15481176930009599	0.116046268066098	-0.0387655012339988	1	-48.875	2388.765625	0.073606022920011394	-0.024467326462220201	-0.048869858642793501	-0.00045018011150072001	0.020546045156127801	-0.035132160498814	-0.025340369500484201	-0.061798075064926003	-0.45672820116379698	-0.356344061666378	-0.97573358605539096
755	192.25	-0.67318697269700001	0.27126387367025001	0.270895851776004	-0.00036802189424634001	0.64165472947061097	0.64160615913569896	-4.8570334911457499e-05	0.47015280248597002	0.23359314319677599	-0.23655965928919401	0.98539403900504097	0.98410156909376401	-0.00129246991127696	0.0142082724923966	0.015445351213565999	0.00123707872116941	0.00039770151925040399	0.00045307537357075202	5.5373854320347999e-05	0.0188470345956308	0.019754897223578601	0.00090786262794782498	0.0077004996186587496	0.0038602830434683599	-0.0038402165751903901	0.23431129972390299	0.12133495207082901	-0.112976347653075	1	-48.625	2364.390625	-0.0030902579844475802	-0.0222213142902974	-0.171545075457049	-0.0072377438170298401	0.0321931548567915	-0.032443376487654697	0.118572722733951	-0.25617411772054099	-1.3258148014955899	-0.354521329893149	-0.97718262360707997
758	193	-0.68480979444699996	0.270658983290195	0.27217348851263501	0.0015145052224397901	0.64303306490182899	0.63992662057280503	-0.00310644432902341	0.23830010611564101	0.55730687268078005	0.31900676656513999	0.98416146486997602	0.98711506873369204	0.0029536038637160101	0.0153865446336567	0.012530928640626399	-0.00285561599303032	0.00045200019849289501	0.00035402413523115699	-9.7976063261737806e-05	0.019956009476273101	0.0184688991970486	-0.0014871102792245101	0.0039906168240122896	0.0085541998443659107	0.0045635830203536202	0.13231775446798899	0.073376908872960805	-0.0589408455950284	1	-47.875	2292.015625	0.053309025265460698	-0.024308912103194202	0.22613005387278501	0.086993803941115097	-0.147861027115746	-0.0424718319369978	-0.19139077266944499	0.30281060654138497	-0.693002577314066	-0.34905313457345999	-0.98148515049132501
759	193.25	-0.25592737468799998	0.27096687266603098	0.26818523379042702	-0.0027816388756036199	0.64424117412418103	0.63735173512250198	-0.0068894390016793804	0.33779591955244598	0.92967614633959395	0.59188022678714802	0.98566980026662399	0.98660321980714805	0.00093341954052450504	0.013929878643830201	0.013021839677821801	-0.00090803896600839102	0.00040033204240898999	0.00037493119089049401	-2.54008515184959e-05	0.018690095124421199	0.0176929261949327	-0.00099716892948850297	0.0055450906183978502	0.013271589644136401	0.0077264990257385801	0.141660834712587	0.046509394564375299	-0.095151440148211294	1	-47.625	2268.140625	-0.075400646813260405	-0.026891546776841201	0.42145321152687698	0.042160599051406997	-0.062179242150871603	-0.037725710848904297	-0.12798131494571099	0.51319422064746401	-1.11706649835472	-0.34723040280022999	-0.98290446419579902
762	194	-0.278712384752	0.263916029036045	0.26516634337604	0.0012503143399954001	0.63716012015938805	0.62679658234119395	-0.010363537818193399	1.3109827823936699	2.1208145216107299	0.80983173921705898	0.98651246428489703	0.98501198366284404	-0.0015004806220532099	0.0130912385415286	0.0145500943413936	0.00145885579986498	0.00039626738835068099	0.00043792426331492598	4.1656874964245502e-05	0.0168109469943576	0.018138263843677699	0.0013273168493200501	0.017959389228781	0.0286263607442378	0.0106669715154569	0.030882852200106999	0.0247874715919764	-0.0060953806081306102	1	-46.875	2197.265625	0.045394038926643003	-0.029263299538762399	0.57746317155985305	-0.011854048729619499	0.0419500249077739	-0.0333404106598355	0.172859556722295	0.70878184564705204	-0.074126931440682803	-0.34176220748054198	-0.98711781953840105
764	194.5	0.16135599794899999	0.26101641803979903	0.286317609250545	0.025301191210746601	0.63055394291877698	0.60146192312240598	-0.029092019796371198	1.9156134068966	1.5599084427580501	-0.35570496413855102	0.98557022809982298	0.98393386900424995	-0.00163635909557336	0.0140046400483698	0.0155422233045101	0.00153758325614032	0.000425127908238209	0.00052389775810297498	9.8769849864765994e-05	0.017701099537037	0.019138364438657299	0.0014372649016203001	0.026108326762914701	0.0213086218558605	-0.0047997049070542704	0.0092865610111960498	0.26720822903223401	0.257921668021038	1	-46.375	2150.640625	0.76594260633850197	-0.042049156016761402	-0.25682943086450399	-0.014869549529965	0.0454135639030607	-0.029605456423145202	0.187089313769534	-0.319995168487131	3.0177887425433001	-0.33811674393408298	-0.98988956829111896
766	195	-0.48330792639800002	0.284355927631259	0.29169180803000899	0.0073358803987502701	0.60069773942232096	0.60621281787753101	0.0055150784552097099	1.5876113917679	1.5556690812110801	-0.031942310556820598	0.98335391059517896	0.98310620263218895	-0.000247707962989896	0.016097304201684801	0.016401124396361402	0.00030382019467661798	0.00054875211935722799	0.00049271211319137096	-5.60400061658565e-05	0.0193046569824218	0.019604350902415999	0.00029969391999423701	0.0216399806056876	0.022124896058812599	0.00048491545312500203	0.270158766931269	0.090160302675484999	-0.179998464255784	1	-45.875	2104.515625	0.22771362457379599	-0.018423034482709801	-0.025079726160348599	0.015948272404760402	-0.0088646596861662492	-0.039729385857220599	0.039861979097678302	0.031515124122666202	-2.11071385973242	-0.33447128038762403	-0.99263159319662198
768	195.5	0.099666779363400002	0.29094711542129498	0.29509807676076899	0.0041509613394736201	0.60551735460758205	0.61998705863952597	0.0144697040319443	1.4095717787742601	2.2176038682460799	0.80803208947181404	0.98298684060573605	0.98329277634620704	0.00030593574047077499	0.016525597684085399	0.016229087207466301	-0.00029651047661901801	0.000487589079421012	0.00047811288677621701	-9.4761926447953699e-06	0.0195293285228588	0.0198687518084491	0.00033942328559031002	0.019934730976820001	0.029888228233903701	0.0099534972570836898	0.103676234824333	0.0094538775575049201	-0.094222357266827803	1	-45.375	2058.890625	0.13229552909988901	-0.0123097489760813	0.57617498006396095	0.028235082726075798	-0.035275632280367203	-0.0366843034938895	0.045003854813031402	0.66132459645274999	-1.1061859664409801	-0.33082581684116402	-0.99534389425491099
770	196	-0.45502800520800002	0.29404339790344203	0.30234986916184398	0.0083064712584017802	0.61741418614983601	0.61808542311191605	0.00067123696207982398	1.91327283270662	2.6244429498910802	0.71117011718446199	0.98287975713610698	0.98302231952548003	0.00014256238937360199	0.016623306949622899	0.016496606846339999	-0.000126700103282876	0.00049689594961819096	0.00048104179040819899	-1.58541592099912e-05	0.020052450674551501	0.019630969012225202	-0.00042148166232632001	0.026286188315135201	0.0314916874282061	0.0052054991130708796	0.0208203964143907	0.214447525556624	0.19362712914223301	1	-44.875	2013.765625	0.25679189299715799	-0.021729904852956498	0.50684106144697205	0.024609398257993999	-0.027804987632622201	-0.037101396339878398	-0.053474402130777199	0.34550811330691	2.2648324711846	-0.32718035329470502	-0.998026471465985
772	196.5	-0.58062937019000005	0.302228380739689	0.29591325074434299	-0.0063151299953461103	0.61638750135898601	0.61874062418937703	0.0023531228303910199	2.2849951386451801	2.7879823923111	0.502987253665927	0.98294010460376702	0.98467844724655196	0.0017383426427840501	0.016576854884624501	0.0148827695287764	-0.0016940853558481	0.00048303034855052797	0.00043879772420041301	-4.4232624350115302e-05	0.019619411892361101	0.020315777813946698	0.00069636592158559701	0.028527504950761801	0.034043688327074099	0.0055161833763123598	0.12157287620679399	0.230197229467347	0.108624353260553	1	-44.375	1969.140625	-0.18126173362416501	-0.0205816883904766	0.35782351229130199	0.060023960305023001	-0.096760599813345005	-0.038957231529526397	0.091200280158915195	0.36617349867767002	1.2693610936908299	-0.32353488974824601	-1.00067932482985
774	197	-0.73669197857099999	0.29714179486036302	0.295781782642007	-0.00136001221835608	0.61993819251656501	0.63480408787727405	0.014865895360708399	2.6806472664233998	2.3401447066338599	-0.34050255978953498	0.98404951840639099	0.98827318027615596	0.0042236618697645296	0.01550214526942	0.0113383659278043	-0.0041637793416157004	0.000448341808805708	0.00038848124640935601	-5.9860562396351697e-05	0.020610102900752301	0.019149045591001199	-0.0014610573097511199	0.031990643608879397	0.030425538751387499	-0.00156510485749192	0.19888922981197399	0.246310083264629	0.047420853452654899	1	-43.875	1925.015625	-0.0328096403905399	-0.012039270809548201	-0.24594753117749099	0.115179732399876	-0.205412420040017	-0.039979234559804497	-0.188018930984127	-0.104843439052634	0.55260412158896399	-0.31988942620178701	-1.0033024543464899
776	197.5	-0.39297027987400002	0.294777218997478	0.29057658165693301	-0.00420063734054565	0.63409111797809603	0.639817073941231	0.0057259559631348501	2.4516997814178501	1.6668124318123001	-0.78488734960554696	0.98814435005187995	0.98597913384437597	-0.0021652162075043199	0.0114660195074975	0.0135647409129888	0.00209872140549124	0.00038964423001743801	0.00045609912485815697	6.6454894840718598e-05	0.019162552445023101	0.017998137297453701	-0.0011644151475694699	0.031839352287352102	0.021194637939333998	-0.0106447143480181	0.21316409835915701	0.229555840956116	0.016391742596959399	1	-43.375	1881.390625	-0.117912914310544	-0.018279069288204899	-0.56403870900656405	-0.0266062801759696	0.070100299052012302	-0.031718721900661398	-0.149626746588853	-0.708780140513111	0.189220791979574	-0.316243962655328	-1.00589586001593
778	198	-0.59321506441399996	0.29362363070249498	0.27996917851269199	-0.013654452189803001	0.636243601888418	0.64179838076233897	0.0055547788739205304	1.6228569612605399	1.51016319431364	-0.11269376694689801	0.98636436983942999	0.984630699455738	-0.00173367038369188	0.0131989068584517	0.014897906908299801	0.0016990000498481	0.00043671612074831599	0.00047141341565293401	3.4697294904618097e-05	0.018642340766059001	0.0200356942635995	0.0013933534975405599	0.0205563006463306	0.0191021229315082	-0.0014541777148223999	0.26371317633225599	0.12946448649211301	-0.13424868984014299	1	-42.875	1838.265625	-0.40114303447691002	-0.018395931172556598	-0.0828817177297895	-0.017029143022605601	0.052514941058519497	-0.033795538642129599	0.18140618797889599	-0.097465041037150202	-1.57493616911958	-0.312598499108869	-1.0084595418381399
779	198.25	-0.51165619964599995	0.28615283491089899	0.27826032387092697	-0.0078925110399722907	0.64496004488319203	0.62602454070001901	-0.018935504183172899	1.60530631914738	2.9171974580734701	1.3118911389260901	0.98528733830898996	0.98316503278911105	-0.0021223055198784598	0.014222539158072299	0.016309625050052901	0.0020870858919806198	0.00049010208240361005	0.00052538397585521904	3.5281893451608598e-05	0.017689471774631	0.020371401751482901	0.0026819299768519101	0.020136418461333998	0.031130420463159302	0.0109940020018253	0.18745387240750899	0.083078312934478399	-0.104375559473031	1	-42.625	1816.890625	-0.22851903979541099	-0.035115345198659803	0.93683790591951699	-0.025653979126900602	0.069588405785281304	-0.033757308295634003	0.34817703888322699	0.73053451170834605	-1.22509057962973	-0.310775767335639	-1.0097302363065499
781	198.75	1.0061488055200001	0.27968899095430999	0.28028918830677901	0.00060019735246902295	0.63090693634003403	0.59388806298375196	-0.037018873356282699	1.8690371062606901	8.1993741706013594	6.3303370643406698	0.98385061398148499	0.98042816929519205	-0.0034224446862934901	0.015658696537138899	0.018893798429053199	0.0032351018919143299	0.000490712104146954	0.00067804499449266697	0.00018733289034571199	0.020661438835991801	0.0135066774156358	-0.0071547614203559401	0.022301418322604301	0.060281800676602902	0.037980382353998601	0.119874455763086	0.0163503557308439	-0.10352410003224199	1	-42.125	1774.515625	0.0259169584638545	-0.047460785857195702	4.5290476571748703	-0.054507487672562902	0.120094269572844	-0.023813796930102899	-0.92491262302987198	2.52555284936428	-1.21511909936205	-0.30713030378917999	-1.01224933235794
784	199.5	-0.82234602318399996	0.29178297966718703	0.31440202891826602	0.022619049251079201	0.56605416238307904	0.564194944500924	-0.0018592178821557101	8.2037590980529806	7.36569306850435	-0.83806602954863196	0.98127252459526104	0.98222519159317001	0.00095266699790930197	0.0181086470372974	0.017215513624250799	-0.00089313341304659395	0.00061881254077888895	0.00055928088258951601	-5.9531658189372901e-05	0.013142903645833299	0.012339839228877301	-0.00080306441695600405	0.056460383348166998	0.045941773243248697	-0.010518610104918299	0.040126840783936697	0.24955116275404299	0.20942432197010699	1	-41.375	1711.890625	0.68558738448861201	-0.0234574358135624	-0.60210407336229499	0.042587750767531199	-0.061523486632124202	-0.0399577255740887	-0.102859814406826	-0.70039222683716096	2.4498341154460399	-0.30166210846949199	-1.01597224422151
785	199.75	-0.48808662682600001	0.30655818944796898	0.34643232235685001	0.039874132908880498	0.55243251807987703	0.504279041104019	-0.048153476975857999	7.8869959443805904	7.0291557207703503	-0.85784022361024403	0.98191590979695298	0.98042245097458403	-0.0014934588223697301	0.017537615849869299	0.018900974915595701	0.0013633590657264299	0.000546435696469414	0.00067657326599146396	0.00013013756952204999	0.013738582752369	0.010353999667697501	-0.0033845830846715502	0.0500553136924273	0.049384833988733501	-0.00067047970369374398	0.154990557410979	0.24845886912752599	0.093468311716546695	1	-41.125	1691.265625	1.2025384244451101	-0.055062333274929903	-0.61625846573536203	-0.0116982165214937	0.0377487376026866	-0.0275541362523197	-0.43696653740895303	-0.045336808839935898	1.09186800129859	-0.29983937669626198	-1.0171983529191
787	200.25	-0.224919314822	0.33369802068919002	0.36700348295271401	0.033305462263524002	0.52911234917119099	0.43182663926854797	-0.097285709902643097	6.8945769339800096	7.0779889129103797	0.18341197893036701	0.98131084088236098	0.98276827950030599	0.00145743861794467	0.0180577705963515	0.0166042153257876	-0.0014535552705638301	0.00063139256726572098	0.00062750893384872397	-3.8836334169964704e-06	0.0111213754724573	0.0068648020426432498	-0.0042565734298140104	0.045719278499018599	0.057701736257878403	0.0119824577588598	0.28041728851085002	0.27217180066496299	-0.0082454878458866898	1	-40.625	1650.390625	1.00574534081879	-0.088604703627073594	0.12907113850332499	0.053789960983579098	-0.086178709208266494	-0.036318573065415201	-0.54982174947792395	0.796282351421708	-0.0993069351702979	-0.29619391314980298	-1.0196282774288501
790	201	0.396180980362	0.36466855145990901	0.42176426537334899	0.057095713913440399	0.439655854180455	0.42539722695946602	-0.0142586272209891	7.4396495521068298	4.5906422858243996	-2.8490072662824399	0.98576263189315805	0.99129305183887495	0.0055304199457167904	0.0136897318647242	0.00833604515064525	-0.0053536867140789798	0.00054764165906817197	0.00037092915299581799	-0.00017671250607235401	0.0063478823061342603	0.0069662023473669402	0.00061832004123268296	0.062354224547743697	0.059729854104081499	-0.0026243704436622801	0.17257112244300701	0.13133319346543401	-0.041237928977573203	1	-39.875	1590.015625	1.7184857467855099	-0.031922460816817301	-2.04153827812558	0.14418013196138499	-0.25776125461803401	-0.0476208722587401	0.081099383483392407	-0.17530124505737801	-0.48568291500838701	-0.29072571783011403	-1.0232174319799601
791	201.25	1.13301319767	0.38591234013438303	0.42457533115521001	0.0386629910208275	0.43405801448970999	0.44820634843781598	0.014148333948106599	5.9255933761596298	3.76141467961728	-2.16417869654234	0.98702127486467395	0.99657032731920503	0.00954905245453108	0.0124723153043306	0.0032252492605039599	-0.0092470660438266402	0.00050644448538150798	0.000204466956938632	-0.00030197752844287598	0.0066395229763454898	0.0058405699553313699	-0.00079895302101412201	0.062827381584793202	0.0570919446116036	-0.0057354369731895897	0.16719429597340099	0.12706300707984899	-0.0401312888935519	1	-39.625	1570.140625	1.1662534042747901	-0.0125291469909903	-1.5513371475922499	0.23336415966410501	-0.42904674725306902	-0.055812690787310902	-0.102327707069279	-0.38223605429419399	-0.47272300261253902	-0.28890298605688502	-1.0243989549067201
794	202	0.20753821477199999	0.39993335977196598	0.30496063865721201	-0.094972721114753397	0.489834353700282	0.65793769210577002	0.168103338405488	3.6965266197919999	2.6472215254791598	-1.0493050943128399	0.997204793989658	0.983846493810415	-0.0133583001792429	0.0026414647116325901	0.015720651368610498	0.0130791866569779	0.00015376817591459299	0.00043285639658279201	0.00027908822066819903	0.0063386705186632298	0.017553371853298499	0.011214701334635299	0.058586074737831798	0.033653098579089498	-0.0249329761587423	0.085080211309984694	0.247366109604722	0.162285898294737	1	-38.875	1511.265625	-2.8373852760037601	0.092575291978242796	-0.75330925511970404	-0.27501026059092498	0.55317534534724899	-0.0178133747786774	1.4525100472508199	-1.65917406621843	1.8977938901442	-0.28343479073719602	-1.02789893791618
795	202.25	-0.074639884943199994	0.34407274629920698	0.27510571600869299	-0.068967030290513598	0.60147838639095497	0.67171519994735696	0.070236813556401906	3.43865745216607	2.8501953651198	-0.58846208704627201	0.99386382903903703	0.97917220462113597	-0.014691624417900799	0.00593197608068301	0.0202568255539517	0.014324849473268699	0.00020420540436134701	0.00057099688401649298	0.000366791479655146	0.0093256561844437501	0.023004976908365799	0.013679320723922	0.048979384999256498	0.032905109251442799	-0.016074275747813699	0.070574904569836103	0.12356232673761	0.052987422167774301	1	-38.625	1491.890625	-2.05827175890993	0.025762223936799701	-0.423437265044601	-0.30460023319388502	0.60797708724670696	-0.0120779414678509	1.7714873678102701	-1.0699312897548401	0.61779446118995296	-0.28161205896396602	-1.02905073699573
798	203	-0.18412502329399999	0.26923862993717201	0.28869055099785301	0.019451921060680999	0.67322718277573601	0.59556116685271299	-0.077666015923022705	3.2834978491068099	1.3266611685976799	-1.95683668050913	0.97875905036926303	0.97212756425142299	-0.0066314861178399199	0.020644294843077601	0.027156592044047901	0.0065122972009703404	0.00059667006025847301	0.00071583868557353999	0.000119168625315067	0.024278061478226198	0.0305406358506944	0.0062625743724681803	0.038501858850941199	0.019304923241725801	-0.019196935609215399	0.13849627487551799	0.17373538947674499	0.035239114601226203	1	-37.875	1434.515625	0.59070229183003997	-0.075210420435409694	-1.4029214780983199	-0.125724559475592	0.26427133669906799	-0.0282714602003236	0.81159315909820795	-1.2776372377304399	0.40994322341334899	-0.27614386364427801	-1.03246154846355
799	203.25	-0.0047781376409100004	0.27760480931028703	0.29251692760735698	0.0149121182970702	0.64649016913026502	0.57804973293095896	-0.068440436199306995	2.7769335653632798	1.0826018121094001	-1.69433175325388	0.98048893176019203	0.96714386716485001	-0.0133450645953415	0.018958482454763701	0.032020007667597397	0.013061525212833601	0.000552589620019718	0.00083610357341967702	0.00028351395339995902	0.0253169236359773	0.032345404448332601	0.0070284808123553299	0.034512927365722	0.016563438170124501	-0.0179494891955976	0.17453356760927299	0.089786015595615207	-0.084747552013657704	1	-37.625	1415.640625	0.45469276522395402	-0.068912155663539296	-1.21502012906446	-0.27471652816360298	0.55239834703686397	-0.017523950015815099	0.91071872187531999	-1.1946624497645999	-0.995226090848363	-0.27432113187104801	-1.03358362369588
802	204	-0.95984658997700001	0.29466043785214402	0.29681277535855799	0.00215233750641347	0.57260117977857605	0.57375286370515799	0.00115168392658227	1.1236230418086099	0.64235772974788596	-0.48126531206072798	0.96618571951985399	0.964196615666151	-0.0019891038537026601	0.0329547082539648	0.034900777740404003	0.00194606948643923	0.00085957305564079696	0.00090263748934376405	4.3064433702967799e-05	0.0325327555338542	0.033610365125868097	0.0010776095920139101	0.0174749871017413	0.010562659625429601	-0.0069123274763117498	0.028234436229301899	0.15406744347058299	0.12583300724128099	1	-36.875	1359.765625	0.072418064030911597	-0.021401905715568999	-0.346705681975011	-0.022697883723746402	0.063384524157763605	-0.033248362093222801	0.14054180729372601	-0.46051776554811802	1.47089242376003	-0.26885293655136	-1.0369052636220599
804	204.5	-0.68662855356499997	0.29662428349256498	0.298048892617226	0.00142460912466053	0.57324082553386702	0.57547492384910603	0.00223409831523891	0.64651363417505503	0.41617720127105701	-0.230336432903998	0.96459158360958097	0.96783469617366802	0.00324311256408683	0.034495205804705602	0.031337726395577199	-0.0031574794091284602	0.00091321823420003202	0.00082756720366887904	-8.5651030531153598e-05	0.033624945746527801	0.0335579201027199	-6.7025643807880301e-05	0.010709168284665701	0.0079248829744756402	-0.00278428531019001	0.178792322110853	0.153127472799791	-0.025664849311061999	1	-36.375	1323.140625	0.050615796872214999	-0.020662945930189199	-0.167090482374366	0.093418763650025397	-0.16114121883500901	-0.041665825363279299	-0.0075998011539902101	-0.18593809646668299	-0.30330587018080701	-0.2652074730049	-1.0390825354305
805	204.75	-0.67231028325200004	0.29717416344210501	0.29813401633873599	0.00095985289663069696	0.57454757355153596	0.57692745290696601	0.0023798793554306	0.55255664624272305	0.41205701678991302	-0.140499629452811	0.96430335324257599	0.96977995093911895	0.0054765976965429602	0.034805272845551398	0.029429792414885001	-0.0053754804306664003	0.00089138335988537003	0.00079023046328075095	-0.00010115289660462	0.033661503261990099	0.033149909973144501	-0.00051159328884558403	0.0095554768719009406	0.0078341577420360502	-0.0017213191298648899	0.10942565712902499	0.039673746563949099	-0.069751910565075695	1	-36.125	1305.015625	0.036692003735596099	-0.0205634218225078	-0.10278518823048099	0.14298567465512099	-0.25872004829464901	-0.042679583803783297	-0.065136878415477203	-0.115234142802219	-0.81961145127469803	-0.26338474123167099	-1.04016002489201
808	205.5	-0.48603012141800001	0.29913051724433898	0.301496569812298	0.0023660525679588501	0.57612572312355004	0.57310183644294699	-0.0030238866806031601	0.36927621765061602	0.55974380522966505	0.19046758757905	0.969122606515884	0.96639202535152402	-0.0027305811643599802	0.030098509695380901	0.032812493667006497	0.0027139839716255202	0.00077887434745207496	0.00079547341156285204	1.65990641107769e-05	0.034218117042824098	0.034841579861111097	0.00062346281828697797	0.0068114008623523297	0.0092199105536565507	0.0024085096913042201	0.056380276963568898	0.267290179195599	0.21090990223202999	1	-35.375	1251.390625	0.078820827732975801	-0.0242525503411949	0.13412155183157901	-0.039153215946725099	0.097168186050589606	-0.034979088683040602	0.081764974792194106	0.15946436691405599	2.4672318135138398	-0.25791654591198199	-1.0433479075057199
810	206	-0.65904404027300001	0.30210001431405498	0.298990941420197	-0.0031090728938579799	0.57248981371521901	0.57371134087443398	0.0012215271592140901	0.52730475962162604	0.31327621499076902	-0.21402854463085699	0.96626706346869495	0.96358006149530395	-0.0026870019733906702	0.032932385941967297	0.0356416331604123	0.0027092472184449502	0.00080051305194501902	0.00077831169692217205	-2.2201355022846201e-05	0.035230283383969899	0.035048816822193303	-0.00018146656177655399	0.0088001555181109192	0.0060071666579461303	-0.0027929888601647998	0.252578334439645	0.18968824749171101	-0.062890086947933799	1	-34.875	1216.265625	-0.085210356207349403	-0.0213542240321614	-0.15541727593798901	-0.038186079049747197	0.096959797133582507	-0.037516476904909599	-0.0224110363226688	-0.186517019301223	-0.73925232255890705	-0.25427108236552298	-1.04543600777252
811	206.25	-1.2224789728300001	0.30020960140973302	0.29834115300327502	-0.0018684484064578301	0.57373688574880399	0.57552799228578799	0.00179110653698433	0.51362885492854005	0.37063752502726199	-0.142991329901278	0.96642436031252099	0.96425992045551501	-0.0021644398570062101	0.032796234532724997	0.034946356178261397	0.0021501216455363302	0.00077943428168509795	0.00079371411920874297	1.42798375236457e-05	0.034487046135796402	0.0348823618005824	0.00039531566478592101	0.0088148493639892307	0.00717166951681052	-0.00164317984717872	0.251561557158761	0.15492481597278801	-0.096636741185972694	1	-34.625	1198.890625	-0.048042056610781599	-0.020965374568254799	-0.10456875046891501	-0.026589050915971701	0.072361603356582399	-0.035130756586569299	0.052237588927518001	-0.11003665268007	-1.13446092641565	-0.25244835059229398	-1.04646891146321
814	207	-1.30420128817	0.29755762889981302	0.29279181249439701	-0.0047658164054154599	0.57689929306507104	0.58223071619868305	0.0053314231336116799	0.38581647388636803	0.361256432626405	-0.024560041259963299	0.96437223628163304	0.96477528437972104	0.000403048098087333	0.0348399025388062	0.034420258598402198	-0.00041964394040398101	0.00078785728474031302	0.00080448242006241305	1.6625135322099999e-05	0.034666781955295101	0.035592114483868599	0.00092533252857354004	0.0074454146379139101	0.0064415963715874899	-0.00100381826632642	0.118832420081342	0.083503997083989298	-0.035328422997352803	1	-33.875	1147.515625	-0.13484531006940201	-0.018548415204228501	-0.019795488739304201	0.030390261427525898	-0.040692771022312599	-0.034977383732784403	0.120833721781615	-0.067509061093296505	-0.41647642148603298	-0.246980155272605	-1.0495230367644599
816	207.5	-0.95892532310400003	0.292873986065388	0.290838260948658	-0.0020357251167297799	0.58233029842376705	0.58500343263149301	0.0026731342077255201	0.33638055706397302	0.27912901043892302	-0.057251546625049901	0.96456499397754702	0.96525193750858296	0.00068694353103648798	0.034632623940706299	0.0339576525613665	-0.00067497137933981305	0.00080239101080223905	0.00079041703138500502	-1.1973979417234e-05	0.035360152633101903	0.035023555049189699	-0.000336597583912142	0.0060778943530750296	0.0052015452878550498	-0.00087634906521998198	0.066307785839499395	0.157369846679042	0.091062060839542699	1	-33.375	1113.890625	-0.053053557629873301	-0.0203632179588264	-0.043196108393481099	0.036690647964806901	-0.0519256570211706	-0.036847648500944699	-0.042488488440246497	-0.059030356261954499	1.06368828775063	-0.243334691726146	-1.05152196548961
818	208	-1.32350331509	0.29124403595924397	0.29008638970553902	-0.0011576462537049601	0.58455154448747604	0.58795284852385499	0.0034013040363787298	0.29214769229292897	0.25029802154750302	-0.041849670745426698	0.96482847705483399	0.96497869044542295	0.00015021339058873801	0.0343843168579041	0.034244736470281999	-0.00013958038762208099	0.00078722256730543502	0.00077655408313148698	-1.06684841739485e-05	0.035818537959346003	0.035455943919994203	-0.00036259403935177303	0.0054034999397117901	0.0046205297461711899	-0.00078297019354059796	0.162631622060221	0.10381700856439099	-0.0588146134958306	1	-32.875	1080.765625	-0.026746888221216299	-0.019866099456023099	-0.032171426740099297	0.024779194103428399	-0.028371643399108502	-0.036762274468189797	-0.045853015935332198	-0.052819194008006103	-0.69152426745454698	-0.23968922817968699	-1.05349117036754
819	208.25	-0.90431500030199996	0.29069425743073202	0.28966731214895802	-0.0010269452817737201	0.58554577138274899	0.58781603388488302	0.00227026250213402	0.28591928393580401	0.36946223797276401	0.083542954036959896	0.96555266268551398	0.96517423186451201	-0.00037843082100175201	0.033664622844662401	0.034045507304835999	0.00038088446017361201	0.00078268775978358501	0.00078025813072599604	-2.4296290575890901e-06	0.034290059407551997	0.0351139916314019	0.00082393222384992404	0.0051047392742476199	0.0063510849184239696	0.0012463456441763499	0.18493337935328399	0.130494249914475	-0.054439129438809297	1	-32.625	1064.390625	-0.022831172441268002	-0.020638256790737101	0.057584767941142	0.013047188276083	-0.00547429117535762	-0.036223487145765697	0.107710236003143	0.082162196384507002	-0.64028277450015403	-0.23786649640645699	-1.05446462636381
822	209	-0.96508889567099998	0.28918402828276202	0.28836028836667499	-0.00082373991608619701	0.58858277499675804	0.59112589359283496	0.0025431185960769201	0.39370736218989	0.495201377943145	0.10149401575325501	0.96587857231497798	0.96523575559258501	-0.00064281672239296895	0.033360984129831101	0.033976199943572302	0.00061521581374115303	0.00076047641559853297	0.00078807065365253898	2.7594238054006599e-05	0.0346524556477864	0.034426992910879597	-0.00022546273690682999	0.0065735292097088196	0.0083697943948207107	0.0017962651851119	0.185102440287885	0.16476981015141301	-0.020332630136471699	1	-31.875	1016.015625	-0.016743272364967299	-0.020451979074242701	0.070434159944371605	0.0071797695703003902	0.0048348921680110802	-0.034260049417900902	-0.028105133398640101	0.11874048689004101	-0.24086000871603999	-0.23239830108676801	-1.0573404085817699
823	209.25	-0.57842724517900002	0.28850389989093	0.28849952779710297	-4.3720938266433896e-06	0.58997533097863197	0.59375256709754498	0.00377723611891279	0.35859572179615201	0.62309105470776405	0.26449533291161198	0.96645568311214403	0.96646776851266603	1.2085400521666401e-05	0.032792734121903699	0.032720241410424997	-7.2492711478792897e-05	0.000751618503090869	0.00081198726129514602	6.03687582042766e-05	0.033597275062843601	0.0345709482828776	0.00097367322003405498	0.0062920583935919703	0.010431248729582799	0.0041391903359908498	0.158298983617046	0.19009901877959401	0.031800035162548299	1	-31.625	1000.140625	0.0078044525967985202	-0.0196094521923337	0.18711070277577499	0.021713770612814799	-0.0254201853764741	-0.0321167302666229	0.127090097229723	0.27458182443512402	0.36966800756749901	-0.23057556931353901	-1.0582841407308201
825	209.75	-0.60756602484099997	0.288610192853957	0.28798985779285402	-0.00062033506110303904	0.59199135601520503	0.60328886993229403	0.0112975139170884	0.59347284936811395	0.49268355599778901	-0.10078929337032599	0.965733049064875	0.97075380180031101	0.0050207527354359004	0.033457324933260597	0.028453699522651799	-0.00500362541060889	0.00080965810939232895	0.00079246781988331601	-1.71902895090131e-05	0.034737332661946597	0.032157361065899899	-0.0025799715960467102	0.0098308166585410802	0.0094755522821286693	-0.00035526437641240401	0.15931698466618499	0.21399916281144399	0.054682178145258699	1	-31.125	968.765625	-0.0106493957196226	-0.014475389927480001	-0.074360480936390499	0.13286927571833099	-0.24236064303128099	-0.037188773779589603	-0.332831668613989	-0.024370036512699499	0.63764182558391802	-0.22693010576708	-1.0601493121435099
828	210.5	-0.55054852085399997	0.28769977241754502	0.29065322130918497	0.0029534488916397299	0.60508436262607601	0.60072191953659104	-0.0043624430894851898	0.45400451729073499	0.55551346242428101	0.101508945133546	0.97114090323448199	0.97105200886726395	-8.8894367217817697e-05	0.0280683839693666	0.028202287387102801	0.00013390341773623899	0.00079069404455367595	0.00074570590513758298	-4.49881394160922e-05	0.032233005099826399	0.032574349862557798	0.00034134476273145502	0.0084999368933493594	0.0099757573101670206	0.0014758204168176599	0.14888249420194499	0.036803349941804002	-0.112079144260141	1	-30.375	922.640625	0.096418838059408804	-0.025166377214703099	0.070444846413102599	0.019472763906245	-0.016339985458514401	-0.0390066391151314	0.045252537280053601	0.0974258745638375	-1.31530761172219	-0.221461910447391	-1.0628913370490101
829	210.75	-0.38149902138399999	0.28774471944197999	0.28988981228321797	0.0021450928412377599	0.604686384834349	0.60035831071436396	-0.0043280741199852599	0.49184665049251503	0.50562979932873298	0.013783148836218	0.97052239924669303	0.97124278768897099	0.00072038844227773101	0.028693934332113698	0.028016867703990998	-0.00067706662812275903	0.00078365689660131596	0.00074037242029589595	-4.3284476305419701e-05	0.032450781928168401	0.032907747339319199	0.00045696541115084599	0.0085791279559998303	0.0087372261114067803	0.00015809815540694501	0.024457391145059799	0.0295326849034412	0.0050752937583813402	1	-30.125	907.515625	0.072201018592535707	-0.025142913662673901	0.00765061378024457	0.037432878533069001	-0.052017835483525302	-0.0388952265374434	0.060216456169305099	0.0097766384565132307	0.056693344530592299	-0.21963917867416199	-1.06379048342724
831	211.25	-0.85390387134599999	0.29067867016419802	0.27084605130367001	-0.019832618860527999	0.60010104849934598	0.79159631971269795	0.191495271213352	0.52121463306247995	1.1840823088305299	0.66286767576804595	0.97143837139010403	0.97731549814343399	0.0058771267533298498	0.027822478167945499	0.022142901117331401	-0.0056795770506140502	0.00073916918208851801	0.00054158909897523901	-0.000197580083113279	0.032850081832320598	0.026274490356445301	-0.0065755914758752502	0.0093068143673008304	0.034835777119582002	0.025528962752281101	0.037449781792259197	0.0058996915909522796	-0.031550090201306898	1	-29.625	877.640625	-0.58623687399659796	0.108544866873466	0.47226611461198098	0.1518744681484	-0.272098487677219	-0.0489855261822	-0.84995497324343605	1.69733779335247	-0.372228194129963	-0.21599371512770199	-1.0655664832982801
833	211.75	2.16471619474	0.281346342852338	0.24362156628631099	-0.037724776566027698	0.67899682465941402	1.05969557724893	0.38069875258951702	1.2793703285509901	0.19672897811978801	-1.0826413504312	0.97209539525210897	0.98831550180911998	0.0162201065570113	0.027226548694306699	0.011453957320190999	-0.015772591374115699	0.00067804603700095804	0.000230550584819866	-0.00044749545218109201	0.030500171802661701	0.017407742253056298	-0.013092429549605499	0.0362445367645646	0.0026637115202902402	-0.033580825244274297	0.0147868892580485	0.00081579452076622203	-0.0139710947372822	1	-29.125	848.265625	-1.1222742364548199	0.237713293915878	-0.77717138815421005	0.38141240059606502	-0.71613098082899596	-0.065328965972189595	-1.69338075992437	-2.2343919163796899	-0.166359778092733	-0.21234825158124301	-1.0673127593221099
836	212.5	-1.3724612198499999	0.24325028285384201	0.24344406127929699	0.000193778425455149	1.06064854264259	1.06094000339508	0.00029146075248709402	0.13964764531702001	0.255918487906452	0.116270842589432	0.98829628229141198	0.98947339355945596	0.00117711126804365	0.0114697205834091	0.010306103946641099	-0.0011636166367679801	0.00023397680924972501	0.000220476085087284	-1.3500724162441e-05	0.017567952473958301	0.017245031286168999	-0.00032292118778935697	0.00203542808012574	0.0036136393784544701	0.0015782112983287299	0.0008233759196566	0.00089905566852018295	7.5679748863583305e-05	1	-28.375	805.140625	0.013740912775264799	-0.021989176486144301	0.081011430725492994	0.047568759596150097	-0.073423136859021798	-0.0369474913433879	-0.0407184544101978	0.104236477079721	-0.00185736270653884	-0.20688005626155501	-1.06987644114433
837	212.75	-1.20353059352	0.24295592880807801	0.244037130614743	0.00108120180666446	1.0614429902285301	1.0595042761415201	-0.0019387140870095201	0.22727537429891001	0.12823217085097599	-0.0990432034479342	0.98903333619236899	0.98886164482682903	-0.00017169136553996101	0.010734186574700299	0.0109136444254545	0.000179457850754249	0.00023245242223310901	0.00022469079804068301	-7.7616241924256205e-06	0.017379167344835099	0.018052150585033299	0.00067298324019819298	0.00340377355969386	0.0018833095782612001	-0.0015204639814326601	0.00094816117389688202	0.00092829927175716402	-1.9861902139718501e-05	1	-28.125	791.015625	0.040327537847375403	-0.0235117075408167	-0.073110627627417199	0.017635280688790299	-0.0143358618321362	-0.036572177751596699	0.088174033960873296	-0.101874119340628	-0.0029762553302888199	-0.205057324488325	-1.07071613982813
839	213.25	-1.2166928225	0.24381094505079101	0.24456010637804901	0.000749161327257719	1.0600989937782299	1.05907127968967	-0.0010277140885588401	0.19551733499392501	0.19939290997572301	0.0038755749817980501	0.98902595080435296	0.98937768787145597	0.000351737067103342	0.010751781996805199	0.010401220835046901	-0.000350561161758358	0.000222232810574496	0.000221102216573854	-1.1305940006421999e-06	0.017787149217393699	0.0177297874733254	-5.7361744068253797e-05	0.00273018256220889	0.00294750416833265	0.00021732160612375999	0.00094104625930400499	0.0012558697993793201	0.00031482354007532001	1	-27.625	763.140625	0.030379821884876201	-0.022889771644185101	0.00055876025824217401	0.0292515346594787	-0.037653540376970003	-0.036138535582692602	-0.0063490746286287	0.0137159285231555	0.00094326111765245303	-0.201411860941866	-1.07237324431032
841	213.75	-0.93748357957899997	0.24475086634047299	0.242243187315762	-0.00250767902471125	1.05811896771193	1.06317588202655	0.0050569143146275098	0.170914274058307	0.35577904758974899	0.18486477353144201	0.98914699386805305	0.98876051716506497	-0.00038647670298819198	0.0106296058103908	0.011013242072658601	0.00038363626226783898	0.00022340060072565299	0.000226212750385457	2.8121496598037101e-06	0.017922422620985201	0.0174359356915509	-0.00048648692943431901	0.0025375815384905001	0.0051881042068998998	0.0026505226684094101	0.0012077752398293401	0.0254846481292656	0.0242768728894363	1	-27.125	735.765625	-0.067192988558233094	-0.0187358212292104	0.13011105066141401	0.012868628987469899	-0.0053532282792399999	-0.035880696323497802	-0.061887549416111701	0.175562032706405	0.28156391174892897	-0.197766397395407	-1.07400062494529
844	214.5	-1.3584163577699999	0.24516359940171201	0.24733778461813899	0.00217418521642682	1.0532482206821401	1.0480714321136499	-0.00517678856849657	0.47427836842835802	0.19189422205090501	-0.28238414637745302	0.98875556886196203	0.98881836235523202	6.2793493270652006e-05	0.0110226300079375	0.010966953588649599	-5.56764192879231e-05	0.00022174327823449799	0.00021471228974405599	-7.0309884904420001e-06	0.0168610749421296	0.016882776331018499	2.1701388888895802e-05	0.0068152147665388497	0.0030209730495698601	-0.0037942417169689901	0.045381177885954298	0.202305158600246	0.15692398071429101	1	-26.375	695.640625	0.073072607157798106	-0.0257223274743279	-0.20434629954339201	0.022839116595200201	-0.0246803687163814	-0.0365243971743223	0.0038834774706247798	-0.25311606723353303	1.8350002292966501	-0.19229820207571799	-1.0763859636842199
845	214.75	-1.3095535515200001	0.24906534776091599	0.246283955592662	-0.0027813921682536299	1.04225698262453	1.0501725658774399	0.0079155832529067497	0.37848467146978199	0.178620037669323	-0.19986463380045999	0.988954830169678	0.98813514802604896	-0.00081968214362859704	0.010834055027226	0.011644083648570801	0.00081002862134482495	0.00021105941955283899	0.00022081836123106799	9.7589416782290602e-06	0.016335579201027201	0.0171336986400463	0.00079811943901906396	0.0056475358163880097	0.0027755541290390398	-0.0028719816873489699	0.072258405737535003	0.24568820534209301	0.17342979960455801	1	-26.125	682.515625	-0.075393255622138305	-0.0167842198764932	-0.145278731185878	0.0032546605705263401	0.013405494951832801	-0.0354264046266317	0.104369479626189	-0.19177128354446299	2.0283006256299099	-0.19047547030248899	-1.0771662146735901
847	215.25	-0.86964861939799998	0.24667547564022199	0.24618981499224901	-0.000485660647973424	1.04940510950983	1.0444008819758901	-0.0050042275339361496	0.179805274834512	0.25018071893135801	0.070375444096845902	0.98835072275251201	0.98885994199663396	0.00050921924412239395	0.011429819418117401	0.0109330680134008	-0.00049675140471659501	0.00021949669139757999	0.00020696822844001899	-1.2528462957561101e-05	0.017092973214608599	0.0161504957411025	-0.00094247747350619004	0.0027864796137692599	0.0041011684828843103	0.0013146888691150499	0.20958136063223801	0.20208215479081801	-0.0074992058414199703	1	-25.625	656.640625	-0.00661463823576601	-0.0256045207762647	0.048159448168921502	0.0327464784760996	-0.0440850400236176	-0.036883909449559701	-0.120903007373124	0.0867080947383638	-0.090567192646837602	-0.18683000675603001	-1.0787044237669301
850	216	-1.05968220078	0.24578771162778101	0.239544208534062	-0.0062435030937193804	1.0442246288061099	1.06254454255104	0.018319913744925899	0.17771625537424399	0.24126138198188801	0.063545126607644095	0.98880002498626696	0.98735758289694797	-0.0014424420893191	0.0109886941383593	0.0124219460762106	0.0014332519378512901	0.00021128216521901799	0.000220486033686029	9.2038684670118197e-06	0.016303931342230901	0.016890631781683998	0.00058670043945313599	0.0029973619602968399	0.00378803905423404	0.00079067709393719401	0.24288955257790501	0.0029557870457438502	-0.239933765532161	1	-24.875	618.765625	-0.179115838419069	-0.0096812268749446005	0.043270298529064798	-0.010566020998835	0.0408236075343456	-0.035462704137303701	0.077007094062706005	0.051853077751391898	-2.8126189011059801	-0.181361811436341	-1.0809560051934
852	216.5	-1.33037418287	0.24157125875353799	0.234917942434549	-0.0066533163189887203	1.0564515233039899	1.07923948764801	0.022787964344025	0.16070295833051201	0.233669394254683	0.072966435924171	0.98748956918716402	0.98804083764553097	0.00055126845836639404	0.012295693345367901	0.011731862043961899	-0.00056383130140603098	0.00021473933011293401	0.00022723286892869501	1.24935388157608e-05	0.016923579463252299	0.0163575349030671	-0.00056604456018521205	0.0026981359886121799	0.0036945171304978001	0.00099638114188561606	0.0119760493590974	0.0691302529871234	0.057154203628026	1	-24.375	594.140625	-0.19139357506714	-0.0066309073795854699	0.050014083298176401	0.0336796611644367	-0.047036155796634699	-0.035247573193279598	-0.072184100679681104	0.065535629222869193	0.66659182853388399	-0.177716347889882	-1.08241990466869
853	216.75	-1.3332449693199999	0.2363736867439	0.237074074940756	0.00070038819685577802	1.0728568077087399	1.0717588037252399	-0.0010980039834978001	0.29520998634398099	0.18472162825055299	-0.110488358093428	0.98749374933540801	0.98789964262396102	0.000405893288553005	0.0122763723455137	0.0118733164854348	-0.000403055860078889	0.000229897086819619	0.00022702841442878699	-2.8686723908322202e-06	0.016663247567636	0.016744966860170699	8.1719292534712703e-05	0.00453743745165413	0.00295828611124306	-0.00157915134041107	0.0030446074430214398	0.123704299937199	0.120659692494178	1	-24.125	582.015625	0.0289186107436704	-0.022937758262085599	-0.081303083366346299	0.0304534036891668	-0.039962994324562198	-0.036252198778462898	0.0116511474702015	-0.105777750882913	1.41030749927855	-0.175893616116652	-1.0831407079636299
855	217.25	4.44347872198	0.23630465758033101	0.27323652249760899	0.036931864917278297	1.07471681497991	0.73812556006014096	-0.33659125491976899	0.187324203085147	1.0985381778796399	0.91121397479449495	0.987972974218428	0.97608931958675405	-0.011883654631674401	0.011802841874305201	0.023260739672696401	0.0114578977983912	0.00022414221662074899	0.00064990138771464298	0.00042575917109389399	0.016668121903030901	0.0279298146565756	0.0112616927535446	0.00310352332235187	0.033619749276116898	0.030516225953764999	0.12162676721639	0.0010396325588937899	-0.120587134657497	1	-23.625	558.140625	1.1143899965235899	-0.25197760040234102	0.650032700186436	-0.24228399635114101	0.48184829567477	-0.0082216963790490497	1.4585917964077699	2.0290691624561901	-1.4149450745310199	-0.17224815257019299	-1.0845600216681099
858	218	-0.50036622270200004	0.28568961545825	0.28665882498025902	0.00096920952200885103	0.61512120664119696	0.61355877220630595	-0.00156243443489079	0.41930310390894798	0.36585137136279899	-0.053451732546148899	0.970274820178747	0.96965357512235595	-0.00062124505639082905	0.028945474768988899	0.029612347041256801	0.00066687227226787404	0.00077966245880816396	0.00073409221586189302	-4.5570242946270197e-05	0.033005382396556697	0.034442845097294603	0.0014374627007378801	0.0095040308253391704	0.0067351247882469897	-0.0027689060370921798	0.0011425280944197299	0.00274979386529264	0.0016072657708729101	1	-22.875	523.265625	0.036972322122666497	-0.023254822992822499	-0.040476196813272601	0.0076585015902372799	0.0071074685591494303	-0.039044706297764097	0.18711491343527001	-0.18491513314703201	0.016079110911711599	-0.16677995725050401	-1.08663326001129
859	218.25	-0.55787110658399996	0.28709321198984999	0.28690391089767198	-0.00018930109217757399	0.61377874240279195	0.61140288077294802	-0.0023758616298437101	0.28758369293063601	0.442296347022056	0.15471265409141999	0.96743594072759098	0.97174232192337495	0.0043063811957837501	0.031831530301133198	0.027514776005409702	-0.0043167542957235202	0.00073249547840532696	0.00074289189760747595	1.03964192021499e-05	0.0340437006067347	0.034886572096082903	0.00084287148934816098	0.0053713237648479904	0.0081978311616694895	0.00282650739682149	0.0011538335645298399	0.042182929387542298	0.0410290958230125	1	-22.625	511.890625	0.0022641005526399401	-0.023810146343753402	0.108528126568331	0.117015491864587	-0.21214240655198599	-0.035384716211995501	0.11016140399616101	0.18726778244107301	0.477749957049172	-0.16495722547727501	-1.08730947753541
861	218.75	-0.58463242334700005	0.28671515518799401	0.28774548862129501	0.00103033343330022	0.61255850270390499	0.61307366117835005	0.00051515847444538699	0.37539800042286797	0.50718506239356498	0.13178706197069701	0.97124129645526402	0.96809313483536197	-0.0031481616199016101	0.0280225829745177	0.0311227671336382	0.0031001841591205099	0.00073612381202110702	0.00078410141450149004	4.7977602480383703e-05	0.034939999050564198	0.035365627430103401	0.00042562837953919602	0.0070973234149279097	0.0092528267879973796	0.0021555033730694699	0.022881387266505699	0.35922742377691902	0.336346036510413	1	-22.125	489.515625	0.038803554595074598	-0.021836458985027701	0.092117959597654106	-0.048420424837673802	0.114158693208573	-0.032927061012815999	0.056160737699661997	0.14263547119527101	3.9362200916308301	-0.16131176193081601	-1.08863961969825
863	219.25	0.023442346976299999	0.28772510271519403	0.279589940886945	-0.0081351618282495802	0.61165025755763003	0.62797620762139506	0.016325950063764999	0.52772437604145706	1.32534030675888	0.79761593071741899	0.96849693283438698	0.97376105077564701	0.0052641179412600296	0.0307174408575519	0.025531348265940501	-0.0051860925916114202	0.00078564908562839004	0.00070761017341283499	-7.8038912215554193e-05	0.035092657583731202	0.032856616267451601	-0.0022360413162796399	0.0096410639598619192	0.019642576307523901	0.010001512347662	0.27274460234386999	0.11408760094324	-0.15865700140062999	1	-21.625	467.640625	-0.235788698977242	-0.011042497557713899	0.56871908084650102	0.13827018988763901	-0.250388111803447	-0.041168024056263498	-0.288319335563201	0.66451835445021101	-1.86078301681825	-0.157666298384357	-1.08994003801386
865	219.75	0.399438104535	0.28129456406459202	0.28090205723419798	-0.000392506830394379	0.62481230087578299	0.60103723052889202	-0.0237750703468914	1.0170470638200699	5.4804344248027999	4.4633873609827397	0.97166167218238098	0.97589046284556402	0.0042287906631828199	0.0276048943575006	0.023362349206581701	-0.0042425451509188403	0.00073343511376151296	0.00074716350354720102	1.3728389785688299e-05	0.033830402515552603	0.021289436905472501	-0.012540965610080199	0.015490555216092701	0.055451809722582297	0.039961254506489602	0.192755295710522	0.22231912880711999	0.029563833096597901	1	-21.125	446.265625	-0.00382381068439492	-0.038419296819361598	3.19268276868568	0.115293553818803	-0.20887764634000899	-0.035166819006164599	-1.6220088918868301	2.6573119734806401	0.34347974338604897	-0.154020834837898	-1.09121073248227
867	220.25	-0.93909133886399998	0.27811715770512802	0.29242862332612302	0.0143114656209946	0.61441880967467999	0.55174316912889498	-0.062675640545784894	5.0355353001506602	4.3321494564414103	-0.70338584370924595	0.97603659220039896	0.97147879544645599	-0.0045577967539430801	0.0232306952646467	0.027710572973592099	0.0044798777089453696	0.00073267927655251805	0.00081062313729489302	7.7943860742374506e-05	0.023868504276981999	0.0135990001537182	-0.010269504123263801	0.052386564339396001	0.048250444477889801	-0.0041361198615062099	0.20348448308780501	0.19703015578751801	-0.0064543273002869196	1	-20.625	425.390625	0.43669760323529599	-0.064976553731850004	-0.50569983108022598	-0.079703936970057204	0.17485698878986899	-0.030967390667358999	-1.3280305591803201	-0.27585633586828801	-0.078330572491006195	-0.15037537129143799	-1.09245170310346
870	221	-0.3735999009	0.294198788702488	0.31465031169354901	0.020451522991061	0.54784274175763104	0.51556592658162104	-0.032276815176009901	3.7858039289712599	1.1966139398515301	-2.5891899891197299	0.97082813382148703	0.96328006908297503	-0.0075480647385119896	0.0283822844503448	0.0357851166743786	0.0074028322240338	0.00078958411977510105	0.00093480097784777298	0.00014521685807267201	0.0131833676938658	0.0164941010651765	0.0033107333713106699	0.043333398178219601	0.0165438999189065	-0.026789498259313	0.117949155085128	0.029831381408380198	-0.088117773676747502	1	-19.875	395.015625	0.62064971299011096	-0.0442234025298157	-1.85556075232582	-0.14606585042928	0.30344957165005598	-0.026568012648068299	0.42955837621872001	-1.7826619579363601	-1.03469491015004	-0.14490717597175001	-1.09425742682172
872	221.5	-0.633153469297	0.31213074773549998	0.32285330891609199	0.0107225611805915	0.51987500488758098	0.506236428022385	-0.013638576865196299	1.5899984687566699	0.91044371342285102	-0.67955475533381704	0.96281226575374601	0.96786112487316101	0.0050488591194152201	0.036268802173435699	0.0312147297896446	-0.0050540723837911904	0.00091890294279437499	0.00092414389655460203	5.2409537602274803e-06	0.0160445601851852	0.017781914605034699	0.00173735441984956	0.021005637012422002	0.012869003453306299	-0.0081366335591157302	0.0738898264364517	0.22350274087674901	0.14961291444029701	1	-19.375	375.390625	0.32917636951864399	-0.031499155026869403	-0.48864150877934998	0.13349303032190299	-0.244580009273727	-0.0357218625001718	0.22592766376744	-0.54195335790461097	1.7493799993779	-0.14126171242529101	-1.09542408782487
873	221.75	-0.55626631912699998	0.31747428867965899	0.32470770776271801	0.0072334190830586897	0.51084611117839795	0.51166527513414595	0.00081916395574810298	0.94087601155042599	0.76237380458041004	-0.17850220697001601	0.96381371095776602	0.97100136168301099	0.0071876507252451897	0.035244608158245698	0.028168771741911802	-0.0070758364163338696	0.00094164999354689105	0.00082984194577875696	-0.000111808047768134	0.017138643617983201	0.017523857399269399	0.00038521378128624601	0.013154467160347899	0.0113750974709545	-0.00177936968939341	0.049357686105690697	0.21008870312372899	0.16073101701803799	1	-19.125	365.765625	0.22464395045615501	-0.021628915711793401	-0.12998747984805301	0.18095844284875401	-0.33352558045399799	-0.043376386974167298	0.050930177428064299	-0.119095417174886	1.8795846047379301	-0.13943898065206101	-1.0959962718837399
876	222.5	-0.55898851414700002	0.32544834762811697	0.33602867126464803	0.0105803236365318	0.51311268508434305	0.47621842473745402	-0.036894260346889397	0.79374249279499198	1.0848279968835299	0.291085504088543	0.97152411937713601	0.96462770700454703	-0.0068964123725892001	0.0276746400631964	0.034415594674646902	0.0067409546114504401	0.000801223734742962	0.00095668751455377904	0.00015546377981081699	0.016749968352141199	0.014877884476273201	-0.00187208387586806	0.0115596806164831	0.014234747702721399	0.0026750670862383101	0.18963641091253899	0.119701270794872	-0.069935140117667105	1	-18.375	337.640625	0.32491502557034702	-0.047375713075789798	0.20614397993147701	-0.13160397004396701	0.27433090035357399	-0.025897906007229101	-0.24121503635789601	0.177194622165051	-0.82175726090530998	-0.133970785332372	-1.09766823828954
877	222.75	-0.38829856527599999	0.32897494481876499	0.33945288099348497	0.0104779361747204	0.50306233633309605	0.46152476780116602	-0.041537568531929997	1.03579840306194	0.83555668899788005	-0.200241714064057	0.97005364131182403	0.96542014498263595	-0.0046334963291881897	0.029089686553925301	0.033671124582179003	0.0045814380282536296	0.00085667515286332399	0.00090869261475745903	5.20174618941354e-05	0.0150182723999023	0.015210194057888499	0.000191921657986129	0.014178273268044101	0.011943944933591201	-0.00223432833445294	0.0434655758718459	0.099729949119793104	0.056264373247947197	1	-18.125	328.515625	0.32184756406673398	-0.050545680193585102	-0.145548645701254	-0.0813839096973311	0.17932503771383901	-0.032662870781799101	0.0259138183733865	-0.149357315958625	0.65617098444961897	-0.132148053559143	-1.0982106985011999
880	223.5	-0.26285470721199999	0.340727299451828	0.34206115305423701	0.0013338536024093399	0.45679981857538199	0.461054284870625	0.0042544662952423403	1.2019502758979801	2.1145676840097201	0.91261740811173397	0.96906545162200897	0.98156906366348295	0.012503612041473201	0.0301022839732468	0.017890609847381701	-0.0122116741258651	0.00083223133988212798	0.00054035367356846005	-0.00029187766631366799	0.0150179262514468	0.0103598135489005	-0.0046581127025462502	0.016398629406467101	0.024400839098962498	0.0080022096924954704	0.031137005500368499	0.00153302069771162	-0.029603984802656899	1	-17.375	301.890625	0.0478968206829379	-0.019283649142805798	0.65103727947698697	0.29893360983732598	-0.55947183887512397	-0.055152201241543498	-0.60178998517073201	0.53153331230249201	-0.349437265223844	-0.12667985823945399	-1.0997934933653499
882	224	-0.61395248455499996	0.33984395414590801	0.364713382720947	0.0248694285750388	0.46559046320617198	0.433653639629483	-0.031936823576688603	1.7470621218439299	2.2263368427753498	0.47927472093141998	0.97984851673245399	0.98901718184351906	0.0091686651110648408	0.019571077916771099	0.0105839836993255	-0.0089870942174456302	0.00058043432800332102	0.00039882311066321701	-0.00018161121734010401	0.011081752070674199	0.0084326567473235296	-0.0026490953233506598	0.0212410137370172	0.027872050390578901	0.0066310366535616899	0.00165304839463333	0.057799213029019997	0.056146164634386701	1	-16.875	284.765625	0.75300727968520997	-0.043991291684008102	0.34085005226366899	0.22492236377880101	-0.41760953587921901	-0.0479412278773306	-0.34177783751063101	0.44032875960347301	0.65478663799560899	-0.123034394692995	-1.1008115351324299
883	224.25	-0.41966918823499999	0.34873502878472201	0.36076458748430001	0.0120295586995779	0.45114304441958603	0.44124326072633302	-0.0098997836932536703	2.5753975231200998	3.53449156433342	0.95909404121331199	0.98472101744264395	0.99201263133436401	0.00729161389172073	0.0148064144828822	0.0076013804835384103	-0.0072050339993437896	0.000472580681071119	0.00038596248732573999	-8.66181937453792e-05	0.0092707316080729192	0.0072646105730975203	-0.0020061210349754002	0.028687889553839999	0.043086826312355497	0.0143989367585155	0.0179879559048528	0.034787181054182298	0.016799225149329401	1	-16.625	276.390625	0.36833316180432601	-0.028946696533272202	0.68430531047987497	0.183265659022087	-0.33920950431007502	-0.041729073869434599	-0.25856246698077701	0.95701617568180797	0.19399283869810799	-0.121211662919765	-1.1013094095732701
886	225	1.03455354351	0.34971534907817797	0.32797883562743702	-0.021736513450741402	0.47530687414109801	0.568948802351952	0.093641928210853306	4.1282270613243002	4.6661066651344303	0.537879603810129	0.99355293363332697	0.99592663273215298	0.0023736990988255701	0.0060772481898311199	0.0038911834242753799	-0.00218606476555574	0.00036979470060032	0.000182237071749114	-0.00018755762885120601	0.0071414523654513796	0.0074562072753906299	0.00031475490993924498	0.047343017972161901	0.054319479269906698	0.0069764612977448398	0.0037149015332984502	0.0068738287132321697	0.00315892717993372	1	-15.875	252.015625	-0.64327631280183195	0.041740798023669902	0.38279949933889801	0.074124191578329293	-0.118404762485655	-0.048330098793355897	0.041811210787777803	0.46330492619178298	0.0342506883015102	-0.115743467600077	-1.1027584471249601
887	225.25	1.1013186453899999	0.33943275669589601	0.29680832149460901	-0.042624435201287003	0.538841756340117	0.62000424526631903	0.081162488926201995	4.5561514719390397	5.2814382731914504	0.72528680125240896	0.995045733638108	0.99158703889697797	-0.00345869474112992	0.0046565954864490403	0.0081693470099708093	0.0035127515235217799	0.000297665699417845	0.000243631150942748	-5.4034548475096901e-05	0.0075150595770941599	0.00833728225142869	0.00082222267433452805	0.047633463452804101	0.056112594960722802	0.0084791315079187097	0.0036483904904497499	0.0048159753058180099	0.00116758481536826	1	-15.625	244.140625	-1.2690648100133499	0.0332211369104322	0.51694580122457201	-0.055311971757053401	0.132309199047209	-0.039598237152190699	0.107488981749381	0.56325610702860796	0.010929987228465899	-0.113920735826847	-1.10322659771858
889	225.75	0.62933876691799995	0.310744761396199	0.26754425037652202	-0.0432005110196765	0.59381225965917295	0.63675027787685401	0.042938018217681603	4.8969822406769001	6.6761015639872801	1.7791193233103799	0.99367804974317497	0.98484727684408402	-0.0088307728990912899	0.0061158788885223902	0.014589110686211	0.0084732317976885796	0.00020610257224689299	0.00056366318412983697	0.00035756061188294398	0.0076946541115090099	0.012426899097583899	0.0047322449860749301	0.054742567543871502	0.064163996071192206	0.0094214285273206307	0.0032581375397233098	0.0024748845369332501	-0.00078325300279005999	1	-15.125	228.765625	-1.2863236653928001	0.0071254502981331702	1.2712804136103599	-0.17453251909746401	0.350540775142338	-0.0126816023479603	0.61353403103690995	0.62593366538477202	-0.011916363257924801	-0.110275272280388	-1.10414060602041
891	226.25	0.24656426826700001	0.26724102422594997	0.28422890957444902	0.0169878853484987	0.65662513859570004	0.59508472811430702	-0.061540410481393103	6.1049337677659201	6.6374916493892799	0.53255788162336504	0.98514465466141699	0.98160370383411699	-0.00354095082730033	0.014345965802203899	0.0177331176120787	0.0033871518098747798	0.00050941653635164002	0.00066318463887000598	0.00015376810251836601	0.0123303095499675	0.016015582614474701	0.00368527306450725	0.057672876458674603	0.068916058749891901	0.011243182291217299	0.0032913813020656402	0.0090099707597440393	0.0057185894576784	1	-14.625	213.890625	0.51688139074581296	-0.064201536905086606	0.37899020406763601	-0.057137450710813997	0.12678356000596	-0.026008796345169598	0.47803225754023998	0.74710891638966903	0.064227009746495797	-0.10662980873392899	-1.1050248904750299
893	226.75	0.27926627045000002	0.28071569632738802	0.28088831864297398	0.00017262231558551301	0.58808979522436899	0.62297022677958003	0.034880431555211297	6.9458008170127803	3.7235809505800201	-3.2222198664327601	0.98152903988957396	0.97797420863062101	-0.00355483125895273	0.0177551948174367	0.021472069137962499	0.0037168743205258001	0.00071574094890820405	0.000553705504353275	-0.00016203544455492899	0.0142169457894785	0.026780156736020699	0.012563210946542201	0.067867214418947899	0.049910560373972998	-0.017956654044974901	0.0088425008503298097	0.0070186444549675099	-0.0018238563953623099	1	-14.125	199.515625	0.013107089537114499	0.0016245695142326801	-2.30868431526069	-0.057445494006213203	0.14128938589305101	-0.046661052652211897	1.6270375968694399	-1.19513902483139	-0.024102916954364999	-0.10298434518747	-1.1058794510824399
895	227.25	-0.19286219944999999	0.28181473743170499	0.28521464159712201	0.0033999041654168599	0.614282189495862	0.63003605306148502	0.015753863565623701	3.7722810786218299	1.4041714744642599	-2.3681096041575702	0.979870060272515	0.96599428188055803	-0.013875778391957101	0.019594406371470599	0.033263918210286597	0.013669511838816	0.00053552410572592498	0.00074178465893055899	0.00020626055320463401	0.025056634125886199	0.0320011068273474	0.0069444727014612	0.049311243824196202	0.022542639332823699	-0.0267686044913725	0.0056355721904885903	0.36044652419648898	0.35481095200599999	1	-13.625	185.640625	0.109794346555932	-0.011433058622233601	-1.697311141495	-0.28649446352737901	0.57914613602090304	-0.022576005435110499	0.89984617813296697	-1.78127219405893	4.1524635574828599	-0.099338881641010804	-1.1067042878426301
898	228	-1.17988672498	0.28636456802487398	0.29301046133041397	0.0066458933055400498	0.62629166990518603	0.60943328887224202	-0.016858381032943699	0.978178144618843	1.3451791919767699	0.36700104735793199	0.96429519504308703	0.95325367599725697	-0.011041519045829701	0.034962104959413397	0.045899767708033203	0.010937662748619801	0.00074267098534619598	0.00084656295803143102	0.00010389197268523499	0.0329320836950232	0.034683142768012203	0.00175105907298898	0.01632893513306	0.0231916551245375	0.00686271999147753	0.20122034553614199	0.18932847885705001	-0.0118918666790917	1	-12.875	165.765625	0.207042061777268	-0.033697301893446698	0.26048441895526098	-0.223594792187116	0.458961053194886	-0.0292704906056146	0.22770135489257201	0.45573934207733802	-0.142009843661278	-0.0938706863213222	-1.1078858107693901
900	228.5	-0.0347460574893	0.29187453985214201	0.30061462074518203	0.0087400808930396794	0.61260543465614303	0.59259424507617997	-0.020011189579963701	0.99561322927476004	1.8484561981633101	0.85284296888854605	0.95459434092044804	0.96972668468952194	0.015132343769073501	0.044556547515094198	0.0295631575398147	-0.014993389975279501	0.00084912649763282401	0.00071016287838574703	-0.00013896361924707601	0.034707189489294001	0.031856282552083302	-0.00285090693721069	0.017771484702825701	0.0286448233266124	0.010873338623786701	0.18061595985497	0.19912725519900501	0.018511295344034898	1	-12.375	153.140625	0.269782554532426	-0.035849711129378202	0.60825066253528604	0.35727208261459698	-0.68185076198624905	-0.045152249935634103	-0.36789681073898001	0.72250850105273701	0.214042970678054	-0.090225222774863001	-1.10863633791155
901	228.75	-0.32103419619200002	0.29508698191493798	0.30104962885379799	0.0059626469388603899	0.60321487970650201	0.59650914333760696	-0.0067057363688943798	1.8095018878579101	3.3192709621041798	1.5097690742462699	0.95641342420131004	0.97815099284052798	0.0217375686392185	0.042753835627809003	0.021304622347816	-0.021449213279992999	0.00083274370281288205	0.000544383080341505	-0.000288360622471377	0.034378602769639797	0.027248248347529699	-0.0071303544221101101	0.030084041017107599	0.044461088685784397	0.0143770476686768	0.19630838660268399	0.087113157321554793	-0.109195229281129	1	-12.125	147.015625	0.18657244674634599	-0.026766133756172601	1.0784791748262199	0.50385939969563098	-0.96586852174156701	-0.054922201003904401	-0.92175380713432398	0.95556020725839097	-1.28153395213337	-0.088402491001633499	-1.10900045503992
904	229.5	0.210358480136	0.30085473656654399	0.31567344963550598	0.014818713068962101	0.60508278906345403	0.59101693332195304	-0.0140658557415013	3.96404868364333	6.5896242274901899	2.6255755438468502	0.98283216953277597	0.99044685959816003	0.0076146900653838402	0.016703396895900401	0.0091680053388700292	-0.0075353915570303296	0.00046444298059213898	0.00038511167513206602	-7.9331305460072699e-05	0.024313580548321698	0.015144630714699099	-0.0091689498336226492	0.050526858307421298	0.075573846520272894	0.025046988212851701	0.112702758804878	0.248694682016321	0.13599192321144299	1	-11.375	129.390625	0.451894405577286	-0.0317908565323562	1.8771748149076499	0.19043556927361199	-0.35374326848293602	-0.041252541272053703	-1.1855940190938801	1.66527891308513	1.5898639510985899	-0.082934295681944797	-1.1100482206542199
906	230	0.65093504553100001	0.310781096667052	0.32703225687146198	0.016251160204410899	0.60599303543567595	0.57567675262689399	-0.0303162828087815	6.48392006894563	7.1459452152252201	0.66202514627958498	0.98899586126208305	0.99107066541910205	0.00207480415701855	0.010590237349970199	0.0085560280829667899	-0.0020342092670034102	0.000413894669327417	0.000373299051716458	-4.0595617610959201e-05	0.0165278116861979	0.012657787181713001	-0.0038700245044849101	0.071997495190588706	0.082128454651684002	0.010130959461095299	0.24949144691707301	0.12300970499835299	-0.12648174191872	1	-10.875	118.265625	0.49480958646185702	-0.042884955265533403	0.47166303097032097	0.067490926478360094	-0.11172402534808901	-0.0387193862106135	-0.49979360273746798	0.67312862153075603	-1.48397708847704	-0.079288832135485696	-1.1107095762547301
907	230.25	0.87690992230200004	0.32499221367761499	0.331397604383529	0.0064053907059134496	0.56961817294359096	0.55875595342367801	-0.0108622195199131	7.1539935997483299	6.5031268023246698	-0.65086679742365705	0.99195655100047597	0.98927042614668603	-0.0026861248537898299	0.0076950109563767698	0.0103367381801945	0.0026417272238177399	0.00034841815431718601	0.00039281667359318599	4.4398519275999998e-05	0.0134920544094509	0.0136941485934787	0.00020209418402779601	0.083381632331747502	0.064509607758374193	-0.018872024573373301	0.17417484427667701	0.18490284929742501	0.010728005020748299	1	-10.625	112.890625	0.199836760924785	-0.0296037474551403	-0.46810663330593	-0.0381666134582535	0.0939893196735333	-0.033161118370202101	0.0272303726106034	-1.2560255484326499	0.12289250342342201	-0.077466100362256193	-1.11102910761229
909	230.75	-0.0262674304239	0.324515428952874	0.357168477773667	0.032653048820793	0.57846358316018998	0.48511325083673001	-0.0933503323234601	7.0477674573659899	4.3848190441727803	-2.66294841319321	0.98991195820272004	0.98962913285940901	-0.00028282534331070002	0.00969988810829823	0.0100491563120158	0.00034926820371760303	0.00038813164874227502	0.00032172946430364402	-6.6402184438630701e-05	0.013396948355215601	0.0169388029310438	0.0035418545758281899	0.073711408488452396	0.043579835409764303	-0.030131573078688099	0.19121418715692501	0.137270481646562	-0.053943705510362802	1	-10.125	102.515625	0.98619946005750703	-0.085918037779152898	-1.90835712278229	0.015168925347643801	-0.0068652180806725704	-0.040407029802552598	0.45947067134304198	-2.0049624483433002	-0.63448084232348601	-0.073820636815796994	-1.11164587744198
912	231.5	-0.17281721537899999	0.350082582235336	0.34678161144256597	-0.0033009707927703601	0.51366637647152003	0.51149511635303502	-0.0021712601184848998	4.0742827177047802	3.25128445923339	-0.82299825847138797	0.98967156410217305	0.980605408549309	-0.0090661555528641601	0.0100058668293059	0.018829218903556499	0.0088233520742506	0.00032259297149721499	0.00056535534968134001	0.00024276237818412501	0.017853348343460598	0.021721055772569501	0.0038677074291088602	0.041664563491940497	0.033428156503942798	-0.0082364069879977096	0.222114253290837	0.249560473841348	0.0274462205505107	1	-9.375	87.890625	-0.090959491962096906	-0.0236704657459097	-0.59131854433641695	-0.17975627943603001	0.36594398119375698	-0.020188935840302302	0.50164337780145996	-0.548589858691925	0.31868028646965602	-0.068352441496108404	-1.1125152999729899
914	232	-0.162392040564	0.346086975559592	0.34249203503131898	-0.00359494052827353	0.51849732026457795	0.50480056330561596	-0.013696756958961101	3.5183563083411298	2.66916855871674	-0.84918774962438404	0.98273054584860797	0.97849479541182505	-0.0042357504367827002	0.016742724098730899	0.020912192179821501	0.0041694680810905396	0.000526730430283353	0.00059303437228664096	6.6303942003287703e-05	0.0207164340549045	0.022374160201461199	0.00165772614655669	0.035410519095604297	0.034930272400378798	-0.00048024669522548502	0.28494512362242003	0.18768786001425899	-0.097257263608161199	1	-8.875	78.765625	-0.099766633294929005	-0.031538874334051899	-0.61006501423933501	-0.072556881943703397	0.161200814674099	-0.031728593596903602	0.21562196976610901	-0.0326833245944846	-1.14172789274674	-0.064706977949649205	-1.1130577601846501
916	232.5	-0.33639855017999998	0.34380822479724898	0.33607190698385198	-0.0077363178133964001	0.50485956966876999	0.52130524516105603	0.0164456754922865	2.56661336421966	2.0948837682604502	-0.47172959595920899	0.97828541696071603	0.97649135291576405	-0.0017940640449526401	0.0211315149441362	0.022932100575417301	0.0018005856312811601	0.00058308178558945595	0.00057652607356431095	-6.5557120251458697e-06	0.0222330729166666	0.022547064887152801	0.00031399197048616702	0.034310308471321903	0.026111489086178701	-0.0081988193851431704	0.25109118452471102	0.112597279575835	-0.13849390494887601	1	-8.375	70.140625	-0.22383959271106901	-0.0109607615073695	-0.33988000468882001	-0.018369437251335	0.056984101365461497	-0.036493316043445301	0.041712469219992498	-0.54608969247800798	-1.62465207649101	-0.061061514403190097	-1.11357049654909
917	232.75	-0.69996017677400002	0.34102755021303899	0.33221415765583501	-0.0088133925572036996	0.50542093850672298	0.539549880102277	0.034128941595553998	2.44897651071655	2.3334810681641098	-0.115495442552439	0.97746279742568698	0.97827548719942603	0.00081268977373827301	0.021924274903722198	0.021202586591243699	-0.00072168831247842698	0.00061294711049413801	0.00052192067796568104	-9.1026432528456104e-05	0.023020391111020701	0.021373854743109801	-0.00164653636791098	0.031460622457051897	0.0277964428707492	-0.0036641795863027499	0.185132665714662	0.0498142716237059	-0.135318394090956	1	-8.125	66.015625	-0.256108048776788	0.0011115304553260201	-0.084887160566008896	0.0394812879071334	-0.053980923726345199	-0.042017354599826799	-0.21202410324272999	-0.244464891843066	-1.5874635242914901	-0.059238782629960601	-1.1138157182886099
920	233.5	-0.85004346596299996	0.332324834167957	0.33520418107509597	0.0028793469071387002	0.54527801275253296	0.55647155642509505	0.0111935436725618	1.79435582756995	2.2707624166272402	0.476406589057287	0.97818768620491003	0.97965198755264304	0.0014643013477324599	0.021308401972055399	0.0198795429430902	-0.00142885902896522	0.00050390058604534696	0.00046851471997797601	-3.5385866067370598e-05	0.021258205837673599	0.017762360749421401	-0.0034958450882522402	0.0229666874743997	0.026364462765195398	0.00339777529079571	0.052180059917969798	0.076947064766955106	0.024767004848985402	1	-7.375	54.390625	0.094198790987465003	-0.0145463699794698	0.33879703994884702	0.053942263012233697	-0.085092221725238198	-0.038378689834112002	-0.451366349378507	0.225266073876079	0.28730386943696101	-0.0537705873102719	-1.1145067977363401
921	233.75	-0.49292476382700001	0.33357389606535398	0.33670490318909302	0.0031310071237385401	0.54990119952708505	0.56299334000796097	0.0130921404808759	1.6908858443581101	2.9348031200468498	1.24391727568873	0.97876116540282998	0.97950573079287995	0.00074456539005018896	0.0207585291995201	0.020014446560526301	-0.000744082638993827	0.000480290214818524	0.00047983968952394301	-4.50525294581363e-07	0.020195911548755802	0.0171474386144569	-0.0030484729342989199	0.0220912128145072	0.031566559179918803	0.0094753463654115508	0.054809854748039802	0.17074802552064899	0.115938170772609	1	-7.125	50.765625	0.101738366759278	-0.0132502058627529	0.88818213120743295	0.037969428609538301	-0.054966140661184298	-0.036094061879486501	-0.39346630542801397	0.62952004884327695	1.35501354348376	-0.051947855537042398	-1.11472229562864
924	234.5	-0.54191833052799998	0.33668748736381499	0.33949573189020199	0.0028082445263862802	0.56724411547183995	0.58199651241302497	0.014752396941184701	2.60633791089057	2.0100397882982701	-0.59629812259230297	0.979249539971352	0.97906535863876298	-0.00018418133258823999	0.020287433546036501	0.020495689101517198	0.000208255555480708	0.00046302990522235601	0.00043894565751543201	-2.4084247706923998e-05	0.0169725206163195	0.019566401728877299	0.00259388111255779	0.028312642686068899	0.021440063770569	-0.00687257891549995	0.097166236813098897	0.068193326477553606	-0.0289729103355452	1	-6.375	40.640625	0.092068610085286204	-0.01211675570684	-0.42904630890359502	0.017358095461030201	-0.013068934409179601	-0.037639610361359398	0.33678153054107601	-0.45787386167433097	-0.342046723414348	-0.046479660217353697	-1.1153242035347299
926	235	-0.697969051595	0.339062454178929	0.34404421895742399	0.0049817647784948203	0.57842044532298997	0.58262560591101697	0.0042051605880261099	2.04534114580597	1.9881017446517999	-0.057239401154170998	0.97894875779748003	0.97999244928359996	0.0010436914861202699	0.0205984139814973	0.019619696843437898	-0.0009787171380594361	0.00045282459577719998	0.00038785848373663602	-6.4966112040563704e-05	0.019200586389612199	0.020859753644024901	0.00165916725441265	0.021870973640761401	0.0229875036515295	0.0011165300107680699	0.000863119626730793	0.0056494918563702997	0.0047863722296395102	1	-5.875	34.515625	0.15718585767313101	-0.0193173099433313	-0.043187414650522997	0.0446078236307322	-0.065288660600239995	-0.040313116559603901	0.21580848161638799	0.073527416934971501	0.053309771356410497	-0.042834196670894602	-1.1156883206631001
928	235.5	-0.45772642559900001	0.34255144298076601	0.35880455523729299	0.016253112256526901	0.58601600825786604	0.55260223150253296	-0.0334137767553329	2.1618928611278401	3.3406645729672402	1.1787717118394001	0.97943966984748898	0.98465325534343695	0.0052135854959486404	0.0201683935709298	0.014978328067809301	-0.0051900655031204002	0.00039196545112645198	0.00036839897074969599	-2.35664803767566e-05	0.020717027452256901	0.021142239040798701	0.00042521158854172397	0.0238343925215302	0.035783600303693902	0.0119492077821637	0.0592231976879289	0.18219474541564701	0.122971547727719	1	-5.375	28.890625	0.49486806866869099	-0.044999601454595702	0.84155085666773899	0.13714874198399199	-0.25056289623809302	-0.037605750502250401	0.056106795546896002	0.79407070550561099	1.43738174114922	-0.0391887331244355	-1.11602271394426
929	235.75	-0.030139723121500001	0.34669418763369297	0.36617916543036699	0.0194849777966737	0.57582006826996801	0.52929917555302397	-0.046520892716943901	1.6857282183133699	5.09657565131781	3.4108474330044398	0.98137793764472003	0.98293590378016205	0.0015579661354420101	0.018237882916582699	0.016655327938497	-0.00158255497808563	0.000384176901206955	0.00040876939910958698	2.45924979026328e-05	0.0209933386908638	0.0193421681722005	-0.0016511705186632499	0.0204279987141496	0.044299992977175802	0.023871994263026101	0.061318658721227902	0.208234971468784	0.14691631274755601	1	-5.125	26.265625	0.59169265005651495	-0.053947774815411499	2.4392733967281899	0.056020931067483001	-0.091853927721865403	-0.034456350908329998	-0.21262386683967899	1.5871233524264801	1.71779997421071	-0.037366001351205901	-1.1161787641421299
931	236.25	-0.100423470088	0.36410546163097002	0.33127484545111702	-0.032830616179853403	0.53849434461444601	0.61954179499298201	0.081047450378536598	4.2919403761625396	6.4145295966417999	2.1225892204792598	0.98388449624180796	0.98151272758841501	-0.0023717686533927299	0.015721430923440499	0.018050573085201901	0.0023291421617613502	0.00039406095402228099	0.00043671163221006002	4.2650678187778898e-05	0.020267959877296699	0.017307232044361201	-0.0029607278329355099	0.040782211476471299	0.054163317126223097	0.013381105649751901	0.20866039714369999	0.19290670462602999	-0.015753692517670899	1	-4.625	21.390625	-0.975648386848875	0.033142600574086203	1.51713658745581	-0.031190222354253502	0.0802374394147575	-0.033275420006369502	-0.38211011085826402	0.88931441349567497	-0.187235861838879	-0.033720537804746799	-1.11646857165247
933	236.75	0.65099151027500002	0.34414551574736801	0.30461622504517399	-0.039529290702193597	0.58304465711116904	0.66865006573498298	0.085605408623813897	6.4865733299405699	6.2797684803604996	-0.206804849580076	0.98135268148034804	0.98269741926342202	0.0013447377830744199	0.018223171256249698	0.016806068690493701	-0.0014171025657560201	0.00042414880244905502	0.00049652189318294502	7.2373090733889796e-05	0.017517845718948901	0.015618119416413501	-0.00189972630253538	0.0540122652426374	0.0600095400470309	0.0059972748043934099	0.18786283553125799	0.094387891776226501	-0.093474943755031195	1	-4.125	17.015625	-1.1763363017456701	0.0362542996442368	-0.150246546156863	0.0512888329612625	-0.084575007392422893	-0.031331696170286402	-0.24479258964276901	0.39817363816377299	-1.09743297278368	-0.030075074258287701	-1.1167286553155999
935	237.25	-0.132192318083	0.30229900358244799	0.30667233597487198	0.0043733323924243202	0.68641372602432904	0.616075750440359	-0.070337975583970105	6.0793860033154301	4.4561646211893704	-1.6232213821260599	0.98154109530150901	0.98341249730437996	0.0018714020028709501	0.017954261260456301	0.016119987744605199	-0.00183427351585114	0.00050465370513847797	0.00046748166396355401	-3.7172041174924102e-05	0.015825158578378198	0.017203444021719499	0.00137828544334131	0.0567077948944643	0.047238676482812901	-0.00946911841165138	0.065953374408283499	0.019343363282570299	-0.046610011125713197	1	-3.625	13.140625	0.13895762065266601	-0.070207597881543099	-1.1641192381557599	0.062976897561681303	-0.1029280435721	-0.038495498357867697	0.179456042015015	-0.63058453829029903	-0.54859561357087105	-0.026429610711828599	-1.1169590151315001
937	237.75	-0.30395806891600002	0.307709649857134	0.31145799886435299	0.0037483490072189899	0.61675931513309501	0.58681229390204004	-0.0299470212310552	5.1434527199716298	3.22941300719976	-1.91403971277187	0.98437655195593798	0.97551399711519504	-0.0088625548407435008	0.015165259776404099	0.023885248863371102	0.0087199890869669294	0.00045816493911843102	0.00060076833487983199	0.00014260339576140099	0.016341131704824999	0.024027435867874699	0.0076863041630497401	0.052891355683096802	0.041766191937494999	-0.011125163745601799	0.056946143721271603	0.22912097298683001	0.17217482926555799	1	-3.125	9.765625	0.120233526504831	-0.042632861927634998	-1.37228735607832	-0.175237843995558	0.361396625619683	-0.026738922360772199	0.99585589588199896	-0.74073757488274505	2.0136036108663302	-0.0227841471653695	-1.1171596511002
939	238.25	-0.43765469506999999	0.30932847615331399	0.30688356766477198	-0.0024449084885418402	0.59496843833476298	0.60518577322363798	0.0102173348888756	3.18967353180052	2.8539041172248099	-0.33576941457570397	0.97661226224154196	0.97637558951973902	-0.00023667272180327701	0.022798367793438998	0.022961956175277	0.00016358838183805	0.00058938564179698003	0.000662446734713738	7.3061092916758296e-05	0.0230377833048503	0.028889712580928099	0.0058519292760777801	0.040239012113306799	0.038317972378718902	-0.00192103973458784	0.199847824342058	0.0082524952901591106	-0.19159532905189899	1	-2.625	6.890625	-0.065312424279616602	-0.0152128236416148	-0.24255954002566299	0.016193173438516301	-0.015034023909588801	-0.031286703650246397	0.758446424508332	-0.12851870127975301	-2.2465252712240402	-0.019138683618910302	-1.1173305632216799
941	238.75	-0.60044849528599997	0.30902057588100401	0.28329711137339503	-0.0257234645076094	0.59814898520708104	0.67997037153690998	0.081821386329828799	2.9026466827374602	5.6122556284070004	2.7096089456695398	0.97626181095838505	0.977750334516168	0.00148852355778206	0.0230987505172379	0.021719674911582901	-0.0013790756056550799	0.00063944206758606396	0.00052998688461229995	-0.000109455182973764	0.0279886740225333	0.028577670344600001	0.00058899632206669097	0.0383448896267519	0.060232365701813298	0.021887476075061401	0.023567306903933698	0.199084086748885	0.17551677984495101	1	-2.125	4.515625	-0.76272276324959398	0.0336709634177976	1.93732602704484	0.054479817577710199	-0.082902047723547104	-0.043222519269895197	0.077304233039853495	1.45512170965998	2.0527413462199999	-0.0154932200724512	-1.11747175149595
944	239.5	-1.1648433284899999	0.277485449612141	0.27664417922496798	-0.00084127038717274295	0.69480765461921701	0.67413012087345103	-0.020677533745765399	4.9803791522979601	3.0254000425338798	-1.9549791097640801	0.97511473000049598	0.94922522902488704	-0.0258895009756086	0.0243469959124923	0.049821802973747102	0.025474807061254798	0.00053824162459932404	0.00095297248044516505	0.00041473085584583998	0.0281923647280093	0.0296175356264467	0.0014251708984374201	0.055999987572431402	0.042488518171012402	-0.013511469401419	0.21687818453139299	0.21045474626602301	-0.0064234382653700099	1	-1.375	1.890625	-0.0172684738324792	-0.036304621510199198	-1.4015918266797001	-0.55311057369996697	1.0985087864638301	-0.0089429029495528504	0.18552407706528501	-0.89946439765573405	-0.077968829597091893	-0.010025024752762599	-1.1176278016938199
945	239.75	-0.75780979277600002	0.27597714681178298	0.28185745310038302	0.0058803062885998698	0.68718634713441096	0.66416510250419403	-0.023021244630217201	3.7360372238791801	2.7587678670883098	-0.97726935679086901	0.96575303878635099	0.94355590958148305	-0.022197129204868798	0.0335762505768799	0.0552797866752371	0.021703536098357099	0.00067066872761643197	0.0011642420984571699	0.00049357337084074198	0.027739009150752302	0.030363195913809302	0.0026241867630569498	0.045997425156382797	0.0414393285987898	-0.0045580965575929997	0.264144695876179	0.161718465525031	-0.10242623035114901	1	-1.125	1.265625	0.184105574627553	-0.0379046631488884	-0.70174598581060799	-0.47116713011110301	0.93259533441342102	-0.0037869259421488199	0.34070376503945499	-0.30392441679112397	-1.2022618975541099	-0.0082022929795329998	-1.11766495650284
947	240.25	-0.057596447782299998	0.27983769541606301	0.27746099149808301	-0.0023767039179801702	0.66728652492165597	0.69299380537122401	0.025707280449568801	2.7148879311978802	3.07265486922112	0.357766938023234	0.94444800205528701	0.95985524877905803	0.0154072467237708	0.054442829918116303	0.039103403215995203	-0.015339426702121101	0.0011091299449617501	0.00104133927852672	-6.7790666435028093e-05	0.030349950437192501	0.028551306547941999	-0.0017986438892505399	0.040169502666685702	0.042774931914754503	0.00260542924806886	0.177143779857141	0.074664384415393498	-0.102479395441747	1	-0.625	0.390625	-0.063269059878673803	-0.0046379024589044303	0.253874632162845	0.36337290240180398	-0.69707431618093196	-0.040497830828484897	-0.23171024618420699	0.17256261168874401	-1.2028845163500601	-0.0045568294330738902	-1.1177169732354699
949	240.75	0.32412007987800001	0.27820521909743501	0.28327203746885099	0.0050668183714151502	0.68799428865313506	0.66897760853171395	-0.0190166801214217	2.8653980014845399	6.18378942757845	3.3183914260938998	0.95486224237829498	0.97420176248997503	0.019339520111680102	0.044037714914884299	0.0251054947904777	-0.018932220124406599	0.00110004120087979	0.00069271040592866495	-0.00040733079495112101	0.029001617431640599	0.027929595664695401	-0.00107202176694523	0.040718179967370302	0.072572497010696596	0.031854317043326301	0.110007427958469	0.11819488648038901	0.0081874585219190998	1	-0.125	0.015625	0.15973400778263899	-0.035170763672892	2.3730932735342298	0.450640394015623	-0.85513581986492604	-0.062702362175984197	-0.137668959874581	2.1180732456963902	0.093140047735424503	-0.00091136588661477804	-1.11773926612088
952	241.5	0.58178356526999997	0.28245420157909401	0.28299376964569101	0.00053956806659694002	0.66532411873340602	0.66969475448131599	0.0043706357479097501	5.7566268444061199	1.64064207077028	-4.1159847736358399	0.97146717309951802	0.97279581129550896	0.0013286381959913801	0.0277832482010127	0.0264559876173735	-0.00132726058363919	0.000749549045576715	0.00074821009184233801	-1.33895373437764e-06	0.0312727186414931	0.051378377278645901	0.020105658637152801	0.070656250976026	0.0305282387882473	-0.0401280121877787	0.101452319899853	0.102300706488827	0.00084838658897336305	1	0.625	0.390625	0.0241005446460506	-0.0192043407423351	-2.9484423325236699	0.050931540768640503	-0.080622495483652204	-0.036152161454425402	2.6032003931489101	-2.6698827258281499	0.0071918422699389899	0.0045568294330738902	-1.1177169732354699
953	241.75	0.390255154085	0.28312867870554298	0.28485696874558902	0.0017282900400459899	0.66219473350793101	0.66193770784884698	-0.00025702565908447501	3.57021168414497	1.5333202963694801	-2.0368913877754902	0.97008122503757499	0.97121716458350404	0.00113593954592928	0.029104648972861399	0.027943186386255502	-0.00116146258660587	0.00081411378123447998	0.00083967101854795999	2.55572373134796e-05	0.040214383160626498	0.0511583681459781	0.010943984985351599	0.051388369873165203	0.0276076558046041	-0.023780714068560999	0.16944811948229099	0.021059257558315701	-0.14838886192397599	1	0.875	0.765625	0.059713878813560897	-0.022363625870064401	-1.4602247357900699	0.046655050766700401	-0.073328371486339403	-0.0343932609089714	1.4174732476129099	-1.5825305314179401	-1.74053236802355	0.0063795612063034498	-1.11769468035005
956	242.5	-0.119080610192	0.28962575793266299	0.30002134591341001	0.0103955879807472	0.64271875023841796	0.60022185444831899	-0.042496895790099701	1.9258683502674101	1.4842232465744101	-0.44164510369300303	0.96944725215435001	0.96879335045814496	-0.00065390169620516104	0.0296449009329081	0.030293472856283199	0.00064857192337509201	0.00090784998901654202	0.00091318148770369297	5.3314986871513797e-06	0.050963564272280201	0.058721019603587901	0.0077574553313077303	0.0330459801480174	0.027275041211396501	-0.0057709389366209099	0.025127112054818001	0.19488899612861799	0.1697618840738	1	1.625	2.640625	0.31938046594323599	-0.051200608908719802	-0.31834548820973602	0.0069337648387450398	0.0063023622466093004	-0.035715941233436597	1.0050644613523001	-0.38459749271425497	1.98534549989358	0.0118477565259921	-1.1175832159229999
957	242.75	-0.274578571135	0.29766173120588102	0.30121858268976198	0.0035568514838814598	0.608467660099268	0.60047540273517397	-0.0079922573640942608	1.6575607925653799	1.22504429630936	-0.432516496256028	0.96948115732520801	0.96965344920754404	0.00017229188233602901	0.0295863945502788	0.029487328865798201	-9.9065684480523206e-05	0.00093239803409233396	0.00085921385089022802	-7.3184183202105595e-05	0.053170670403374698	0.060908882706253602	0.0077382123028789202	0.029962405143306201	0.0220895195670892	-0.0078728855762170008	0.19758490080307001	0.155035514402838	-0.042549386400231398	1	1.875	3.515625	0.114496385740888	-0.0276444362699442	-0.31181121980516502	0.0252691739200217	-0.026589237859134199	-0.040850544696654903	1.00257397958689	-0.52440997269901102	-0.50104145257985599	0.013670488299221699	-1.11753119919038
960	243.5	-1.11073227289	0.30022319704294198	0.290825496613979	-0.0093977004289627093	0.59930290579795797	0.60586393475532496	0.0065610289573670997	1.21859749555588	1.1727515727281601	-0.045845922827728099	0.96828053891658805	0.96229668855667105	-0.0059838503599166596	0.030827850662171901	0.036809469386935197	0.0059816187247633103	0.00089160175411962005	0.000893855706090107	2.2539519704877e-06	0.060895340530960601	0.056207840530960597	-0.0046874999999999599	0.020823833718896002	0.023145494284108298	0.00232166056521225	0.18284673606222099	0.070070300006000896	-0.11277643605621999	1	2.625	6.890625	-0.27361353110019698	-0.0177089684404509	-0.035031948884179501	-0.111351818188795	0.24092464568095401	-0.035917200162218298	-0.60559336407824704	0.15368753534531501	-1.3234736276852901	0.019138683618910302	-1.1173305632216799
961	243.75	-0.70383544129999998	0.29542833277955599	0.29197979066520902	-0.00344854211434714	0.59943269304931202	0.60808427240699503	0.0086515793576836808	1.0465941217728301	0.75284779528155499	-0.29374632649127702	0.96484455540776304	0.96292124316096295	-0.0019233122467995399	0.034193498967215297	0.036253448657225802	0.0020599496900104699	0.000961958781226706	0.00082530121435411298	-0.00013665756687259299	0.056930549056441598	0.057014097990813098	8.3548934371478796e-05	0.018667878508859599	0.015678790846140999	-0.0029890876627185498	0.23136393484599399	0.082686027213572405	-0.148677907632422	1	2.875	8.265625	-0.095380632402200197	-0.0162817584076454	-0.212479362010739	-0.021237794880144899	0.068394574583890894	-0.0450014435715618	0.011887944378159	-0.199560671024157	-1.7439173954719001	0.020961415392139901	-1.11724882264184
964	244.5	0.0010823084063899999	0.29275227636098899	0.29306380897760398	0.00031153261661537302	0.60850592851638796	0.62904145717620796	0.020535528659820099	0.48555585574358101	2.0358456254005599	1.55028976965698	0.96344398260116604	0.97089236676693003	0.0074483841657638798	0.0357435477897525	0.0283117557875813	-0.0074317920021712298	0.000812493011471815	0.00079585345520172604	-1.6639556270088699e-05	0.057486753110532397	0.048419302481192202	-0.0090674506293401992	0.0100576351542257	0.032166517339646997	0.0221088821854213	0.068122271310512406	0.238692605756294	0.17057033444578101	1	3.625	13.140625	0.017268751456707102	-0.0081686358200283998	1.1074839383218	0.18674480383877801	-0.34918550534508103	-0.037152758085299699	-1.1724577334825399	1.46984869501254	1.9948132989987799	0.026429610711828599	-1.1169590151315001
966	245	-0.201275446286	0.29314084462821499	0.27707518227398398	-0.016065662354230702	0.62096533551812205	0.70479086264967805	0.083825527131556402	1.7104789964854901	2.1131029549986602	0.40262395851316901	0.96954291984438901	0.97050227969884895	0.00095935985445960703	0.029631956457160401	0.028721089567989098	-0.00091086688917127099	0.00082510942447697904	0.00077664721538894799	-4.8462209088031602e-05	0.050140211317274301	0.041508286087601202	-0.0086319252296730604	0.027814069396118	0.0295941395219423	0.0017800701258243201	0.32903815893888	0.19618697793533901	-0.13285118100354101	1	4.125	17.015625	-0.473381316642005	0.0350391819783007	0.285983342470985	0.042736282862138902	-0.062303653920458703	-0.039233829018342901	-1.1160909266541601	0.117663260970105	-1.55856987952254	0.030075074258287701	-1.1167286553155999
967	245.25	0.15437220068099999	0.29205404855310901	0.26862481264397498	-0.023429235909134	0.64665788505226396	0.702919374220073	0.0562614891678095	2.0859258756041599	3.0428066056222098	0.95688073001804796	0.97189648170024201	0.97178157698363099	-0.000114904716611131	0.027360465831588899	0.027380768692819399	2.0302861230472202e-05	0.000743045768103911	0.00083765091949317095	9.4605151389259601e-05	0.045045732568811503	0.0396455340915257	-0.0054001984772858204	0.032153778604697598	0.039716338296421502	0.0075625596917239498	0.24539196003257699	0.14424979235121799	-0.101142167681358	1	4.375	19.140625	-0.69398917241918701	0.016221328306591901	0.68272101961047904	0.0188955258244441	-0.021337733079978601	-0.0298778106166139	-0.69783261677569197	0.50228967891274101	-1.1872241811804201	0.031897806031517199	-1.11660232896494
970	246	0.89397713409199997	0.26428289934992799	0.23772159069776599	-0.026561308652162201	0.69608942195773205	0.777862098067998	0.081772676110266104	3.56961236000061	3.1710509762167698	-0.39856138378383399	0.97352273166179704	0.97338194027543101	-0.000140791386366135	0.025603751582093499	0.0257814831566066	0.000177731574513101	0.00087352630289387698	0.00083658216972253496	-3.6944133171341397e-05	0.039014265272352501	0.040351556848596697	0.0013372915762441301	0.046401226986199598	0.038536127767292302	-0.0078650992189072799	0.129845193283603	0.23725752861972299	0.10741233533612	1	5.125	26.265625	-0.78782402676344698	0.0336377091542076	-0.28750610863322101	0.0183210325191972	-0.0144118077010964	-0.038480594109489098	0.17415051129377401	-0.52389205758879298	1.25516709660936	0.037366001351205901	-1.1161787641421299
971	246.25	0.99559287024599996	0.25741286296397398	0.22844630852341699	-0.028966554440557801	0.70934137161821098	0.80201742444187296	0.0926760528236618	3.4210843123495498	3.8512738709802998	0.43018955863074798	0.97421302385628195	0.97745542097836702	0.0032423971220849599	0.024935917800758101	0.021765195170883201	-0.0031707226298748801	0.00085108409966778997	0.00077939496914041504	-7.16891305273755e-05	0.040258711355703899	0.038227766531485199	-0.0020309448242187998	0.043661993904970497	0.042862552077894099	-0.00079944182707637095	0.150567541732813	0.29991990338093699	0.14935236164812399	1	5.375	28.890625	-0.85988362011696595	0.041081398928182397	0.30571483285929602	0.093402886109798994	-0.16172384164093301	-0.040752774385595297	-0.261775225029103	-0.053914816461332997	1.74632865376897	0.0391887331244355	-1.11602271394426
973	246.75	0.84821691693300005	0.229450982762501	0.217186800483614	-0.0122641822788864	0.80177724752575097	0.79799633231014	-0.0037809152156106402	3.4526784010231499	2.6610436938703201	-0.79163470715283202	0.97664400637149795	0.96266537196934299	-0.013978634402155301	0.022565968136768901	0.036138858756748701	0.0135728906199799	0.00079003076389199799	0.00119574456202826	0.00040571379813626301	0.038259350811993699	0.046389021696867698	0.0081296708848740198	0.039950002991826897	0.034882824984379203	-0.0050671780074476999	0.28039978731545101	0.126482328428806	-0.15391745888664499	1	5.875	34.515625	-0.35949145570037699	-0.024769370562376401	-0.56886847581820099	-0.28877710899018	0.57489537808912405	-0.00953258152878164	1.05323754660157	-0.33778633253989898	-1.8052780187032	0.042834196670894602	-1.1156883206631001
976	247.5	0.103378593315	0.21538015753030801	0.248959386348724	0.0335792288184164	0.78882835507392801	0.69490171074867302	-0.093926644325255396	2.5342759829014199	5.81822135448453	3.2839453715831102	0.952265268564224	0.93370287418365505	-0.018562394380569499	0.046271789446473102	0.064389052055776094	0.018117262609302999	0.0014629119774326701	0.00190804665908217	0.00044513468164950699	0.045543190285011498	0.039754118742766201	-0.0057890715422452797	0.035230744467116402	0.070923013985156796	0.035692269518040401	0.107954895982018	0.082841061769071994	-0.0251138342129456	1	6.625	43.890625	1.0139472080518701	-0.086311483577380999	2.3484367454486499	-0.39050280199666298	0.77482066894397505	-0.0069546174821123602	-0.74816155958840302	2.3733573920420499	-0.29685290728574498	0.048302391990583199	-1.1151309985278399
978	248	0.12254094428499999	0.24287926070392199	0.26784586980938901	0.024966609105467399	0.70896565765142405	0.62341859415173595	-0.085547063499688297	4.5940451651811998	9.5304049890486606	4.9363598238674697	0.93428876325488097	0.96899993717670396	0.034711173921822998	0.063800250412896206	0.029855457018129899	-0.033944793394766401	0.0019109663626295499	0.00114457835516078	-0.00076638800746876802	0.041710521556712898	0.019546706588180002	-0.0221638149685329	0.062054059607908399	0.082121273258234095	0.0200672136503257	0.016811926981803199	0.10826892055930901	0.091456993577505502	1	7.125	50.765625	0.75591874492437805	-0.080590778722266096	3.5312370379756199	0.791777832244555	-1.5155995945312799	-0.086183230742940403	-2.86742257233132	1.3340456561431	1.0683133630214099	0.051947855537042398	-1.11472229562864
980	248.5	-0.214642731438	0.26744467318058002	0.273060262203217	0.0056155890226364802	0.62835001349449204	0.64212929308414501	0.013779279589652501	9.5300930183379293	4.0730233490467196	-5.4570696692912097	0.96002105474472099	0.97356906533241305	0.013548010587692101	0.03860896974802	0.0257871973328292	-0.012821772415190801	0.0013699279865249899	0.00064373766363132797	-0.00072619032289366497	0.021258657949942	0.033427598741319398	0.0121689407913773	0.084678635036105801	0.049520924780517901	-0.0351577102555879	0.122392431567072	0.209585173422875	0.087192741855803002	1	7.625	58.140625	0.17617481818219999	-0.012781098861156401	-3.9083925464011902	0.32211156121117401	-0.58631252846437298	-0.083554467093867199	1.57601014889198	-2.3392795476493902	1.01837451700899	0.0555933190835015	-1.1142838688822301
981	248.75	0.33224505933699999	0.267146033328027	0.27366690207272798	0.0065208687447010898	0.63293298669159404	0.64325236473232505	0.0103193780407306	8.5376466687766506	1.3130392792693	-7.2246073895073399	0.97658232580870397	0.96900172717869304	-0.0075805986300109297	0.022565597138600599	0.0303014317410998	0.0077358346024992098	0.00085208546424837502	0.000696834938571556	-0.000155250525676819	0.0202443228827584	0.041295256438078597	0.0210509335553202	0.074519802990833606	0.020946851052735999	-0.0535729519380976	0.083063024037403302	0.12681881298843001	0.043755788951026699	1	7.875	62.015625	0.20329640756732201	-0.0151431592077487	-5.1735982153748097	-0.14678786307272301	0.31809969217858503	-0.046217346794593099	2.7255402813684699	-3.5641824831706699	0.50968238438454805	0.057416050856731002	-1.1140535090663199
983	249.25	-0.87094730850699997	0.27373054344206998	0.274122896976769	0.00039235353469846402	0.64206713475287003	0.64484856631606802	0.0027814315631984302	2.1107376450672501	0.78838560506703503	-1.32235204000021	0.97018183544278203	0.96979565937071999	-0.00038617607206126202	0.029147959989495601	0.029531338048400399	0.000383378058904749	0.00067017808578384705	0.00067299810471013397	2.8200189262864902e-06	0.038957263805248103	0.0420186501962167	0.0030613863909686001	0.0308278930315279	0.013688002960407401	-0.017139890071120399	0.15835988658498201	0.094746903997400794	-0.063612982587580899	1	8.375	70.140625	0.019690093391749201	-0.020289283806253999	-0.94875659388278	0.012875300778646801	-0.0053645876887660499	-0.035880181705755597	0.39728725475273102	-1.1408113865385701	-0.74771818629946696	0.061061514403190097	-1.11357049654909
986	250	1.2275322070700001	0.273211653158069	0.26008995845913901	-0.0131216946989297	0.64781746640801496	0.65745749995112401	0.0096400335431097196	0.67991241067650099	9.6721269778909402	8.9922145672144396	0.97009805515408498	0.979182190448046	0.0090841352939606806	0.029221749142743701	0.020026035723276402	-0.0091957134194672607	0.00068017969751963401	0.00079182825793395497	0.000111648560414321	0.041445272940176497	0.020723950421368698	-0.020721322518807799	0.0116914264974188	0.083476895227797193	0.071785468730378499	0.030288751387368699	0.24417939073494199	0.21389063934757399	1	9.125	83.265625	-0.38518196790583897	-0.015606944860842201	6.4344228399672296	0.223046424753825	-0.42678753775496198	-0.028763241591682601	-2.6807315243988898	4.7741222817875499	2.5021393615507099	0.066529709722878805	-1.1127902455597201
988	250.5	-0.630606612166	0.26352309137582802	0.27608975917100897	0.0125666677951816	0.65357823967933704	0.58796789050102205	-0.0656103491783145	8.6596103481950895	11.322925329208401	2.6633149810132699	0.97992264330387102	0.96505717933177904	-0.0148654639720918	0.019350409321486999	0.033893704228103297	0.014543294906616299	0.00072698637377470704	0.00104911589878611	0.00032212952501140701	0.024771570276330899	0.018541802300347202	-0.0062297679759836496	0.076096638891615206	0.10397265329957001	0.027876014407954799	0.17657170479623099	0.031899455161448001	-0.14467224963478301	1	9.625	92.640625	0.38442459961180903	-0.066980067066459301	1.9041887503392401	-0.30845819024339999	0.61758738475327901	-0.0149986500635081	-0.80519761482070695	1.8534536083072799	-1.6970069523326199	0.070175173269337907	-1.1122329234244599
989	250.75	-0.032992678600900001	0.26101082544773802	0.284288925677538	0.023278100229799301	0.64848586805164699	0.56885615680366797	-0.079629711247979407	9.2742162754993895	11.7161249400349	2.4419086645354602	0.97202282045036503	0.97536964956671002	0.00334682911634432	0.027031595719745501	0.023665298148989999	-0.0033662975707555698	0.00094563060065411503	0.00096508609640296404	1.9455495748848601e-05	0.019040291397659899	0.016950473078975001	-0.0020898183186848799	0.086999066335740005	0.10154512080553001	0.0145460544697903	0.28973510063859498	0.055939800418062999	-0.23379530022053199	1	9.875	97.515625	0.70533212149425695	-0.0765510270377317	1.7457058373295899	0.095720506805060002	-0.17032797374793501	-0.034792289773212901	-0.26939478267698702	0.96680181518166197	-2.7407310544317598	0.071997905042567506	-1.11194311591412
992	251.5	0.57809552594699998	0.29298797547817201	0.28952128887176498	-0.00346668660640692	0.54805786907672804	0.62664222419261895	0.078584355115890098	10.8823521636424	8.7052884578705108	-2.17706370577192	0.98266519606113401	0.96188477277755802	-0.0207804232835767	0.016529586911201499	0.037019934784620803	0.020490347873419201	0.00080527007085038997	0.0010952849406748999	0.00029001486982451098	0.015639467592592601	0.020242309570312401	0.0046028419777198303	0.094860769785007695	0.084617013484239598	-0.0102437563007682	0.112652623657427	0.169791393868962	0.057138770211534802	1	10.625	112.890625	-0.095924229537154904	0.031461055718687299	-1.56056025300923	-0.4397266986076	0.87922228104053701	-0.0170988167534602	0.59678636401097296	-0.68211013000959397	0.66641108709086005	0.077466100362256193	-1.11102910761229
993	251.75	0.26827347636799997	0.30544814132154002	0.270946158468723	-0.0345019828528162	0.53242185395211095	0.67349413279443904	0.14107227884232901	10.681541313859499	5.3878845378756397	-5.2936567759838802	0.98675339333712997	0.94697553273290402	-0.0397778606042265	0.0126329176360743	0.051716319681145199	0.039083402045070902	0.00061367971065920401	0.0013081870281894299	0.000694507317530221	0.014161689193160401	0.030303269845467901	0.016141580652307499	0.092166596085734506	0.061355798621661503	-0.030810797464072899	0.136125066683317	0.13753301839212501	0.0014079517088078899	1	10.875	118.265625	-1.0257214410786699	0.074121300436082393	-3.7914213968573298	-0.86132981174854895	1.6972058818287099	0.0093533297841543097	2.0901593209285898	-2.0501415428064398	0.013744934858520999	0.079288832135485696	-1.1107095762547301
996	252.5	-0.78396782832800005	0.263951468467712	0.27043124735355401	0.0064797788858413901	0.69020789265632598	0.72069476246833797	0.030486869812011701	3.74997563064092	1.6844533622264799	-2.0655222684144401	0.94883913397788999	0.966192674636841	0.0173535406589507	0.049924944341182602	0.033027034346014297	-0.016897909995168301	0.00123598675127141	0.00078029311553109298	-0.00045569363574031902	0.0358085349754051	0.041625185366030097	0.0058166503906249799	0.049301046645268097	0.0284316775854676	-0.0208693690598005	0.134544338319361	0.13246447667710901	-0.0020798616422521301	1	11.625	135.140625	0.20206538222485301	-0.00137489675010375	-1.4807187552827199	0.40656628518860999	-0.76563829518330095	-0.065865093541643605	0.75388054127176696	-1.38888034158996	-0.0271010060534995	0.084757027455174397	-1.1097063964112599
997	252.75	-0.91087085424699998	0.26186009375378499	0.27970378398895301	0.0178436902351676	0.71801740583032403	0.70242362339049602	-0.0155937824398278	2.7901134140789701	0.909791303984813	-1.8803221100941601	0.96259521674364801	0.96119362432509703	-0.00140159241855142	0.0364745626924559	0.037975830864161203	0.0015012681717052601	0.00093022533856128796	0.00083052669033349799	-9.96986482277895e-05	0.040101333900734198	0.0424960524947555	0.0023947185940212702	0.0398109094297978	0.0161439987336051	-0.0236669106961927	0.16927702083243301	0.075426078578753095	-0.093850942253680097	1	11.875	141.015625	0.542520746366284	-0.032833965712078701	-1.3481522547086999	-0.00965945933603044	0.043815916563636099	-0.042584481926395502	0.31100540997869103	-1.5749608189325199	-1.1018363083160001	0.086579759228403899	-1.10935714120649
1000	253.5	-0.89173822156299998	0.284523940086365	0.28181560635566699	-0.0027083337306976199	0.69353184103965804	0.67638660371303605	-0.017145237326622001	0.69779456332324497	0.99903178811073201	0.30123722478748699	0.95937566161155696	0.95766112804412895	-0.00171453356742846	0.039801163785159598	0.041382633522152899	0.0015814697369933	0.00082312768499832401	0.00095622149237897401	0.00013309380738065	0.042975757740161998	0.042486911349826399	-0.00048884639033566096	0.012527893757214499	0.017296096682548501	0.00476820292533399	0.077620770744228698	0.13558168651059599	0.057960915766367201	1	12.625	159.390625	-0.073204472535300005	-0.033893137487866702	0.21341059406436799	-0.016604446724042501	0.047344307572316301	-0.027360810425152201	-0.062192916857245401	0.316421045470058	0.67603927110579898	0.0920479545480926	-1.10826478982137
1002	254	-0.30086736714700002	0.28223607353866098	0.15309021836147099	-0.12914585517718999	0.67974176034331302	0.63065067380667095	-0.049091086536642001	1.0836681954562599	0.48849893582523202	-0.59516925963103096	0.95687129348516498	0.95452433899044997	-0.0023469544947143399	0.042156110145151603	0.040867975261062103	-0.0012881348840894601	0.00097260303373332305	0.0046076836901191498	0.00363508065638583	0.041834146005136102	0.014679774531612301	-0.0271543714735238	0.0186889800941571	0.0455597430001956	0.026870762906038501	0.159906207261134	0.091405668162120202	-0.068500539099013505	1	13.125	172.265625	-3.8611900597123801	-0.0557024354087041	-0.42823826741075299	-0.0306395308913892	-0.078901197825635205	0.201654761628447	-3.5133131098244901	1.7865885876432199	-0.80495658307590801	0.095693418094551702	-1.10749940075561
1004	254.5	1.77408715303	0.19642192982136999	0.33976065963506702	0.143338729813697	0.66424081921577605	0.51335218846797903	-0.15088863074779699	0.47098894136726099	2.6237078666686999	2.15271892530144	0.95614422261714904	0.95630419552326196	0.00015997290611269299	0.040337034873664399	0.042605218477547099	0.0022681836038827099	0.0035187440487789499	0.0010906299576163301	-0.0024281140911626199	0.024865609628182701	0.030451117621527801	0.0055855079933450997	0.031641349988059397	0.036225601844489398	0.0045842518564300503	0.154438424798818	0.108674854009894	-0.0457635707889242	1	13.625	185.640625	4.30227019215768	-0.125199193961434	1.53870346713794	0.024995783428514599	0.077555626076718495	-0.19485329892484801	0.72396550332614695	0.304185408915436	-0.53868291225859299	0.099338881641010804	-1.1067042878426301
1006	255	-0.88416897405700001	0.32962891869246802	0.329167578741908	-0.00046133995056013598	0.51314402297139206	0.53157485947012895	0.018430836498737301	2.5327739909291198	2.3642789484001301	-0.168495042528987	0.95925875008106198	0.94862590730190299	-0.0106328427791594	0.039618056314066098	0.050123235397040798	0.0105051790829747	0.0011232316115638199	0.0012508605170296399	0.000127628905465822	0.027411199499059399	0.036431828251591303	0.0090206287525319492	0.046228227578103201	0.032893466463428403	-0.0133347611146748	0.089929563077421198	0.16044982773105099	0.070520264653630205	1	14.125	199.515625	-0.00588600602107476	-0.0096055003738843604	-0.12282433926195301	-0.214525190672615	0.43993434876857102	-0.027718192589107699	1.16854758375872	-0.88771051992251504	0.82312237759906504	0.10298434518747	-1.1058794510824399
1008	255.5	-0.91487093557499999	0.33164287209510801	0.31109624952077902	-0.020546622574329401	0.52658288776874496	0.56847544908523495	0.041892561316490003	2.4327308149076501	2.2343329191208001	-0.19839789578685399	0.94957573711872101	0.93575517237186401	-0.0138205647468569	0.0491916811093688	0.0627724545076489	0.013580773398280101	0.00123258943203836	0.0014723821834195399	0.000239792751381182	0.035972199616608802	0.035063227900752302	-0.00090897171585649405	0.033591442301985103	0.032328999508172397	-0.0012624427938127301	0.17092155968057501	0.114573902591768	-0.056347657088806902	1	14.625	213.890625	-0.60762795906476796	0.00641172123519338	-0.14422883831598901	-0.28526912748498601	0.57524217336647498	-0.020383137249498098	-0.116566606854297	-0.084711656007740194	-0.66263362868134701	0.10662980873392899	-1.1050248904750299
1009	255.75	-0.707279790676	0.32400529962032998	0.30089176874607798	-0.0231135308742524	0.54319482725113599	0.62017521969974099	0.076980392448604898	2.45049434453249	2.5391658121724801	0.088671467639988205	0.94668388254940505	0.93574976827949297	-0.010934114269912001	0.052085987071041097	0.062733683676924307	0.010647696605883199	0.00123013880293001	0.00151652651948098	0.000286387716550966	0.035800976223415701	0.038264867994520398	0.0024638917711046798	0.034409809706267003	0.045155974643432198	0.0107461649371652	0.148598727701995	0.098358916897742593	-0.0502398108042523	1	14.875	221.265625	-0.68453085570869199	0.030366037100313801	0.061255764271090897	-0.22121119764597699	0.44620427061615298	-0.017336017696148801	0.31995797879177401	0.71404945257814301	-0.59110436282691103	0.108452540507159	-1.10458646372863
1011	256.25	1.21896442514	0.30616503590718003	0.28943620966747402	-0.016728826239705698	0.58923006989061399	0.69229876194149198	0.103068692050879	2.9787707375365899	0.42706935573368299	-2.5517013818029	0.93333664275705797	0.94163524918258201	0.0082986064255242704	0.065101456874981894	0.0572347887675278	-0.0078666681074541205	0.00156188793989714	0.00112997334108513	-0.00043191459881200799	0.036621418705692702	0.043814185813621301	0.0071927671079285603	0.0507819789665587	0.0058503501801169299	-0.044931628786441802	0.102857772646247	0.078262088426467702	-0.0245956842197795	1	15.375	236.390625	-0.49324927364857002	0.0481764103520472	-1.82872636120834	0.205613472571643	-0.36831746286061301	-0.064310042086619501	0.93198107280641096	-2.9893987101559301	-0.29078482913070403	0.112098004053618	-1.1036873173504
1013	256.75	-1.2345743153299999	0.29003104502335197	0.30553949242457801	0.015508447401226399	0.69201000723987804	0.68953929282724802	-0.00247071441262992	0.35097792865705402	1.59531147591774	1.24433354726069	0.94213199764490096	0.94704298134893194	0.0049109837040306496	0.0567223942140117	0.051903857721481102	-0.00481853649253061	0.0011456205051217699	0.00105317124798603	-9.24492571357394e-05	0.0433741604840314	0.046529946503815901	0.00315578601978445	0.0050713865770371904	0.018826577338041599	0.013755190761004401	0.082930669633162604	0.10775816840734299	0.024827498774179901	1	15.875	252.015625	0.47255839582091103	-0.023874901942667202	0.88848009890942103	0.13043321212797401	-0.234217833448846	-0.042110401491610903	0.40950469521935001	0.91419695149370805	0.28801231654846698	0.115743467600077	-1.1027584471249601
1016	257.5	0.46650038927300003	0.31087794899940502	0.32728537917137202	0.016407430171967	0.68062857091426898	0.64144972860813099	-0.039178842306138099	1.49886469990018	1.76063708066942	0.26177238076924197	0.94918782114982603	0.96316491663456005	0.0139770954847344	0.049767601303756299	0.0360282106325025	-0.0137393906712538	0.00104458546848037	0.00080688559683039199	-0.00023769987164997501	0.045806545681423699	0.042638029875578597	-0.0031685158058451001	0.018916619845550101	0.021989622153341999	0.0030730023077918398	0.12685009467507899	0.13371467537867901	0.0068645807036006304	1	16.625	276.390625	0.49949133265585999	-0.048935387644033802	0.18516161029108999	0.33163408392523303	-0.62668226429764695	-0.0516091957499515	-0.40900255970098898	0.20366356726128501	0.077647765390545895	0.121211662919765	-1.1013094095732701
1017	257.75	0.99365226615400004	0.31586574455723099	0.334061654563993	0.018195910006762	0.66032209526747399	0.62159939333796399	-0.038722701929510099	1.587177098915	2.0260153979062001	0.43883829899120402	0.95228115115314704	0.97090641856193605	0.018625267408788601	0.046747611463070098	0.028290559578453899	-0.018457051884616299	0.00097123257473867998	0.00080304746425099505	-0.000168185110487684	0.043041299890588698	0.041154049060962601	-0.0018872508296260599	0.019193510484183399	0.024008302876608201	0.0048147923924248002	0.16554449579418501	0.082381417633064002	-0.083163078161121007	1	16.875	284.765625	0.55307302074697895	-0.048623982512737897	0.31190561182167698	0.43478924746223602	-0.83423124850319197	-0.0470632155735057	-0.24317798215464001	0.319519977104396	-0.97667024543946701	0.123034394692995	-1.1008115351324299
1020	258.5	0.28505539261000001	0.33556559979915601	0.32226115763187402	-0.013304442167282301	0.61619600653648399	0.64876179397106204	0.032565787434578101	1.7482764236628101	1.22492078244687	-0.52335564121594103	0.97119426429271705	0.96892797350883497	-0.00226629078388196	0.027947894111275601	0.030255604442208799	0.0023077103309332801	0.00085783445101696696	0.00081641584110911695	-4.1418609907849799e-05	0.041484465422453598	0.040456927264178197	-0.00102753815827535	0.0221311670466082	0.015967828920110901	-0.0061633381264972996	0.084235428461982606	0.099523475918072493	0.015288047456089899	1	17.625	310.640625	-0.39065696273564299	4.4371633884250698e-05	-0.37683399123091099	-0.028849390935645501	0.0792945665553349	-0.038773206530276202	-0.13191177790806299	-0.410698204714808	0.176295367947024	0.12850259001268399	-1.0992733260391001
1022	259	-0.19316532597	0.32401125058531799	0.31557078473269901	-0.0084404658526184805	0.64522573351860002	0.65987951159477298	0.0146537780761725	1.1994048766791701	0.62831779529804599	-0.57108708138112296	0.96756289452314304	0.96567749455571195	-0.0018853999674319801	0.031594361574389301	0.033502913173288303	0.00190855159889904	0.00084273412940093001	0.00081961155301542104	-2.3122576385508901e-05	0.041269401267723001	0.040111174406828702	-0.00115822686089426	0.016560051019769002	0.010641967527771801	-0.0059180834919972799	0.10377843523838499	0.095556904963502498	-0.0082215302748825207	1	18.125	328.515625	-0.24493540820394899	-0.0121840823943707	-0.411000214669627	-0.0203964216602813	0.061733960648359898	-0.037576721002461899	-0.14882584276123101	-0.39438491776866902	-0.099026366965771107	0.132148053559143	-1.0982106985011999
1024	259.5	0.247764887032	0.31686955094337499	0.30735853910446198	-0.0095110118389132893	0.65863423347473105	0.66877468526363404	0.010140451788902501	0.58768410254267101	2.3993267774581999	1.8116426749155301	0.96687295734882395	0.95280393660068496	-0.014069020748139	0.032304515410214597	0.046225902065635198	0.013921386655420601	0.00082254786975681602	0.00097014801867772299	0.000147600148920907	0.040289532696759403	0.040481228298611199	0.00019169560185181001	0.00974315945641086	0.033899495005607801	0.024156335549197001	0.093313706912851305	0.076649817234093295	-0.016663889678757999	1	18.625	346.890625	-0.27700826695744102	-0.015265311413073499	1.29456066859685	-0.29078301979851501	0.59022712720890302	-0.026412155204704801	0.025884561612551801	1.6060365158877701	-0.19789522222258499	0.135793517105602	-1.0971183471160799
1025	259.75	0.715337543651	0.31357997981831398	0.30479311598464798	-0.0087868638336660605	0.66112333983182903	0.67473667189478903	0.0136133320629596	1.0976800033822001	1.9534233499318301	0.85574334654963202	0.96368133593350602	0.94492963515222095	-0.0187517007812859	0.035479412344284297	0.053982289042324202	0.018502876698039902	0.00083925723447464103	0.0010880387144425201	0.00024878147996787399	0.040146481549298299	0.042361838729293298	0.0022153571799949901	0.0165837429347441	0.029117630799009898	0.0125338878642658	0.098950292101991896	0.080109558461284397	-0.018840733640707499	1	18.875	356.265625	-0.255313265541106	-0.012894390545001799	0.61032675642397605	-0.39470400906119502	0.79178539124874503	-0.0197953112786779	0.28779199880999301	0.83296111820043495	-0.223388340946228	0.137616248878832	-1.09656102498081
1028	260.5	-0.52415571084000001	0.30394864231348001	0.30523706823587399	0.00128842592239387	0.67764130532741496	0.67382649779319703	-0.0038148075342179198	1.4443441323936299	0.82081279456616196	-0.62353133782746994	0.94284400343895003	0.936796298623085	-0.0060477048158644698	0.0560168556869029	0.0620593769475817	0.0060425212606788296	0.00113913532695733	0.00114434233983047	5.2070128731434297e-06	0.043759833441840201	0.043572885018807801	-0.000186948423032324	0.022512600848859199	0.013744766078889499	-0.0087678347699696492	0.105477479005591	0.081331198879915106	-0.024146280125675702	1	19.625	385.140625	0.046535837050952301	-0.024792508706830599	-0.44853987778522397	-0.112768916556387	0.243603994386411	-0.035724082094935203	-0.023120512772722299	-0.58393815666040905	-0.28552183732874697	0.14308444419852001	-1.0948444728041999
1029	260.75	-0.485614065411	0.30337816840037701	0.30753161637112503	0.00415344797074801	0.67953010909259304	0.66992387976497403	-0.0096062293276187906	0.77010929547245699	1.02887704204773	0.25876774657527302	0.94056717250496202	0.94091616142541201	0.00034898892045009998	0.058285636198706699	0.057920418528373901	-0.000365217670332728	0.00114720182646125	0.0011634062273515201	1.6204400890265601e-05	0.044545788235134699	0.043056558679651302	-0.00148922955548333	0.013168320487601999	0.016894857722218899	0.0037265372346169099	0.108394823720737	0.081913737035500506	-0.026481086685236299	1	19.875	395.015625	0.132370026949264	-0.0287462881930837	0.18301088944823499	0.029190546055341299	-0.0382983394265487	-0.035004898038446801	-0.19166505480221599	0.24713390906483701	-0.31286486322313001	0.14490717597175001	-1.09425742682172
1031	261.25	-0.44959253065400001	0.30656402362510499	0.298478850349784	-0.0080851732753211003	0.67119737714529104	0.68053184580057802	0.0093344686552871998	0.87849945966154896	3.4684573892502901	2.5899579295887398	0.93898466117680102	0.95304550360888196	0.014060842432081701	0.059853754576761502	0.045949070435017503	-0.013904684141744001	0.00116158189011912	0.0010054126581963	-0.00015616923192282299	0.043235171282733	0.038520579867892903	-0.00471459141484007	0.0145037442620378	0.051451693504348098	0.036947949242310298	0.080687007134757502	0.123786077037102	0.043099069902344099	1	20.375	415.140625	-0.23429107457073201	-0.015815552734399	1.8516796829173801	0.33349264901071002	-0.63395419213317805	-0.046277426413834803	-0.60909960400860996	2.4568798245384702	0.501991517712989	0.14855263951820899	-1.09306104197135
1033	261.75	1.55313763847	0.30683377971872999	0.28918489702046002	-0.017648882698269801	0.668978696689006	0.68029861096292599	0.0113199142739197	2.8137670662251799	3.0437627296894298	0.22999566346424799	0.94507108833640596	0.97310862448066504	0.028037536144258499	0.053830257791562301	0.026212487422162801	-0.027617770369399601	0.0010986484678142199	0.00067889578858739005	-0.00041975267922683202	0.0404115676879888	0.035159096894441001	-0.0052524707935478502	0.044984303059751603	0.039209994307020199	-0.0057743087527313596	0.10953993148956601	0.13240909475141199	0.0228691632618452	1	20.875	435.765625	-0.52081356441098503	-0.0144600972973654	0.16241579705281101	0.64367225276527096	-1.2372482796381099	-0.063514702443393703	-0.67871332357528202	-0.38482163843642497	0.26507816022429798	0.15219810306466799	-1.09183493327377
1036	262.5	0.22429041272700001	0.29287689626216901	0.30081349015235898	0.0079365938901901894	0.65717056393623496	0.61187866330146801	-0.045291900634766798	2.8515764791518601	1.8549077451228799	-0.99666873402898204	0.96941268146038095	0.97308478951454103	0.00367210805416074	0.029829702246934101	0.026287561189383399	-0.0035421410575506599	0.00075764171197078504	0.00062766963674221502	-0.00012997207522856999	0.0349090576171876	0.031379304108796302	-0.00352975350839133	0.039421147917164702	0.025146111845969502	-0.0142750360711952	0.14147491683941901	0.10379252967057	-0.037682387168849203	1	21.625	467.640625	0.245710608551058	-0.053108747050447797	-0.71563208384149901	0.102939302188241	-0.178064039440848	-0.044564239847124397	-0.45575486350258898	-0.95025357932384302	-0.44404380304580998	0.157666298384357	-1.08994003801386
1038	263	-0.29875736882300002	0.30228954963386101	0.28757613152265499	-0.014713418111205599	0.60965638086199703	0.62859568968415303	0.0189393088221557	2.3104566678405698	1.3202677205205	-0.99018894732007201	0.97394205108285004	0.96748898178339005	-0.0064530692994595497	0.0254335460951551	0.031764931022189698	0.0063313849270346398	0.00062441068075713604	0.00074607882779673801	0.000121668147039601	0.031672979284215898	0.031955295138888999	0.000282315854673081	0.031281739892439098	0.0177742601721547	-0.013507479720284399	0.13252962380998701	0.103680914900504	-0.028848708909483298	1	22.125	489.515625	-0.43286896204724901	-0.0092583684409366408	-0.71099384456429104	-0.12176502089171599	0.256312274573259	-0.028108001734519501	0.037612865609102701	-0.89919902116935202	-0.34059219486035403	0.16131176193081601	-1.08863961969825
1040	263.5	-0.70732733993399999	0.28968177288770702	0.28556804805994002	-0.0041137248277666703	0.62611377239227195	0.63757474124431601	0.0114609688520441	1.1928036598489	0.84708220660683198	-0.34572145324206699	0.96872202157974296	0.959191113710404	-0.0095309078693390798	0.030550608411431101	0.039980609156191199	0.0094300007447600791	0.00072737890586722399	0.00082830265164375095	0.00010092374577652601	0.031791517469618003	0.032302404333044002	0.000510886863425972	0.0161574939731511	0.0132062723394479	-0.0029512216337032699	0.099241985370836894	0.077074899653550993	-0.0221670857172859	1	22.625	511.890625	-0.11530907217582299	-0.0143637999256102	-0.249683221514614	-0.190070356022155	0.39263290810891099	-0.029464600467470799	0.067195107900342305	-0.197041985095565	-0.262343401523424	0.16495722547727501	-1.08730947753541
1042	264	-0.80056251936699996	0.28566884733736497	0.28716210275888499	0.00149325542151951	0.63608125895261702	0.63795266449451404	0.00187140554189691	1.0386739134788801	0.95118739679457498	-0.087486516684302004	0.960343365371228	0.95721336156129899	-0.00313000380992878	0.038839700864627798	0.041947817197069102	0.0031081163324413398	0.00081694986947695796	0.00083880940073867698	2.1859531261718301e-05	0.031943879304108802	0.033644301803023698	0.00170042249891495	0.015469550900161499	0.0145977840758863	-0.00087176682427523601	0.0865334914639459	0.098741648901616699	0.012208157437670701	1	23.125	534.765625	0.052672395104607299	-0.020910554772751101	-0.064838337061469895	-0.048017455264296398	0.114507661572519	-0.034635075713893002	0.221147840467322	-0.058725565237147302	0.140226635751353	0.16860268902373399	-1.08594961152537
1044	264.5	-0.49984020903600002	0.28598788082599602	0.27864577323198197	-0.0073421075940144397	0.63847904503345498	0.695913594961172	0.057434549927717002	0.89110359251499704	1.4871039273681901	0.59600033485319304	0.95562846064567597	0.96548328399658201	0.0098548233509065906	0.0435129597783089	0.033636340592056301	-0.0098766191862525495	0.00085858593520242703	0.000880391465034346	2.18055298319191e-05	0.033161417643229101	0.0279503716362841	-0.0052110460069449104	0.013835008209571301	0.0362079174275972	0.022372909218025899	0.095926617054149801	0.111693910598058	0.015767293543908299	1	23.625	558.140625	-0.212029311931651	0.0170221719912871	0.42440238993609802	0.240150020285405	-0.45674333446111398	-0.034638607185846	-0.67335202215373602	1.4874106414083601	0.181907840695715	0.17224815257019299	-1.0845600216681099
1045	264.75	1.62379583584	0.28939983770251299	0.26921083386987499	-0.020189003832637799	0.63696152623742797	0.75517539437860204	0.118213868141174	1.0174776773899901	1.4133702565446	0.39589257915460802	0.96058002933859798	0.96703449469059699	0.0064544653519991203	0.038616545102559199	0.0320247232972177	-0.0065918218053414596	0.00080342690325778897	0.00094080041490086799	0.00013737351164307899	0.034077983432345901	0.021697962725604099	-0.012380020706741801	0.015581639419542799	0.0250140314241287	0.0094323920045859006	0.100935945356142	0.060571081215643099	-0.040364864140498502	1	23.875	570.015625	-0.59691393506513302	0.058515958856307601	0.28116501286644302	0.16468713053159501	-0.31223182146859602	-0.027080935325061801	-1.6011789924517501	0.626662908894973	-0.47545841296137298	0.17407088434342299	-1.08385408029677
1047	265.25	0.26157794647799998	0.27024280317127602	0.284160071890801	0.013917268719525399	0.74170944243669801	0.696800331026315	-0.044909111410382702	1.7148573706390999	1.45012546181678	-0.26473190882231801	0.96622685100883199	0.98319666832685504	0.0169698173180227	0.032828264683485098	0.016249987843911899	-0.016578276839573299	0.00094491433465011495	0.00055334037360807702	-0.00039157396104203798	0.023461151123046701	0.020938915676540801	-0.0025222354465058499	0.039212782074533603	0.020160331099759801	-0.019052450974773899	0.073010172996000697	0.074311017061647403	0.0013008440656466899	1	24.375	594.140625	0.424887721451851	-0.052847418444637501	-0.19171080624139	0.398050454743194	-0.75157634080339097	-0.061671929885107002	-0.32535930904398203	-1.2680267392142499	0.012490592374150801	0.177716347889882	-1.08241990466869
1049	265.75	-0.038279561723699999	0.28231362365186202	0.29009000081568997	0.0077763771638278403	0.70216661784797896	0.68813047166913699	-0.014036146178841901	1.53695366680623	1.2361007895320599	-0.30085287727417698	0.98096119444817298	0.98675861023366496	0.0057974157854916398	0.018417965219123301	0.0128842926234937	-0.0055336725956295699	0.00062085993758956098	0.00035709963085536203	-0.000263760306734199	0.021217607568811501	0.0217616752341942	0.00054406766538269899	0.020795058057410599	0.016921770758926501	-0.0038732872984841198	0.074968868244364106	0.0649807910735202	-0.0099880771708438908	1	24.875	618.765625	0.24091062004019401	-0.031770573937929598	-0.21756623978117501	0.15010547206620001	-0.26567956099861001	-0.053313441284304298	0.071489451825484204	-0.25837384046872403	-0.119714478073787	0.181361811436341	-1.0809560051934
1052	266.5	1.61915978319	0.29227346777916002	0.27399071082472598	-0.0182827569544338	0.68480596840381602	0.72332402467727996	0.0385180562734641	1.5844381868838799	3.3422755911951101	1.7578374043112299	0.98875031471252395	0.996943399310112	0.0081930845975878297	0.0109401613939555	0.0028827296802771099	-0.0080574317136783702	0.000309502673917453	0.00017385919782100199	-0.00013564347609645099	0.021740157515914401	0.0081607394748254899	-0.013579418041089	0.0204296284820881	0.061016325058896197	0.0405866965768081	0.067154227699495903	0.069575184253264796	0.00242095655376884	1	25.625	656.640625	-0.53980402324758703	0.0041079607267503204	1.2560467898769601	0.20327166559992199	-0.37670992491004701	-0.044935126195390397	-1.75640805120996	2.6989136988959199	0.0256082807076588	0.18683000675603001	-1.0787044237669301
1054	267	0.71959320224099999	0.28365812934935197	0.271135206520559	-0.0125229228287925	0.69956871792673703	0.79062842279672096	0.091059704869983896	2.80756007973133	3.6807314813138099	0.87317140158248496	0.99558373093605002	0.99812368080019997	0.0025399498641491798	0.0042397527227877596	0.00173530939064221	-0.0025044433321455501	0.00017648736102273901	0.00014098776373430201	-3.5499597288436897e-05	0.0113302725332757	0.0088327761049625201	-0.0024974964283131498	0.054897259322764597	0.0478883645031613	-0.0070088948196033096	0.070232337399492695	0.083124729213800305	0.0128923918143076	1	26.125	682.515625	-0.367243153635057	0.039977924926482097	0.622801779601447	0.077813733438078694	-0.132411522424534	-0.038386127389355901	-0.32215752228101102	-0.46694101126558601	0.148239735681023	0.19047547030248899	-1.0771662146735901
1055	267.25	0.57537630275600005	0.25361031359061498	0.292688496969641	0.039078183379025598	0.79860338959842903	0.72527464795857399	-0.073328741639854894	3.7043378047648199	4.8174423873425098	1.11310458257769	0.99801302645355505	0.99601982776075604	-0.00199319869279879	0.0018260945606016199	0.0037123873909877801	0.0018862928303861599	0.00016087291658095699	0.00026775456058204198	0.000106881644001085	0.0064902270281755802	0.0109597735934788	0.0044695465653032196	0.048300390195802997	0.060084151814226099	0.011783761618423099	0.071204701521867406	0.139747229684233	0.068542528162366001	1	26.375	695.640625	1.1786922962331901	-0.072249381385105699	0.79454624496589199	-0.022788758976108301	0.060754707457938401	-0.0290749783675129	0.57953493213458096	0.783065935916892	0.79996101552756105	0.19229820207571799	-1.0763859636842199
1057	267.75	0.71805379501300004	0.288181529473514	0.31358844880014702	0.025406919326632998	0.74000384081154802	0.65169893652200395	-0.088304904289544295	4.4754034563899401	3.5166463695467902	-0.95875708684315397	0.99728750977665204	0.991365496255458	-0.0059220135211943701	0.0025167386724204502	0.0082429516187400107	0.0057262129463195597	0.00019572405744837799	0.00039152509625636799	0.00019580103880799	0.0101004989058883	0.012481858995225499	0.0023813600893372402	0.057789421139750802	0.045083580023494101	-0.0127058411162568	0.11130696226520601	0.150925597096502	0.039618634831295303	1	26.875	722.265625	0.76911015165697205	-0.082473545118888894	-0.68849488026670203	-0.10997949605544199	0.229688313210517	-0.023260014763595301	0.30927651826854902	-0.84587745763900601	0.461231984174023	0.19594366562217699	-1.0748031688200701
1059	268.25	0.31506194623099998	0.31107872612774401	0.29969056006521	-0.011388166062534301	0.67094165403396	0.65498999543488101	-0.015951658599079301	3.5978399015964002	2.1337199509142999	-1.4641199506821001	0.99092322383075904	0.98689552526920998	-0.0040276985615491602	0.0086816778115463098	0.012682912187301601	0.00400123437575527	0.00039507978353867801	0.00042158929800280602	2.6509514464128101e-05	0.0133437191998518	0.0117970713862666	-0.0015466478135852499	0.046023925716873297	0.028968656976939001	-0.0170552687399343	0.16230330950195301	0.126880804821281	-0.035422504680671402	1	27.375	749.390625	-0.33324658183926298	-0.033078286272304497	-1.0502342383040399	-0.067939663483509896	0.153799534024151	-0.034330985890299801	-0.19909627205229299	-1.1351827383370101	-0.417578216361773	0.199589129168636	-1.0731906501087101
1062	269	1.0153852488799999	0.302199218049645	0.34496531896293398	0.042766100913288703	0.65082725360989602	0.59111391603946395	-0.059713337570432103	1.49860192241618	3.7185927249492301	2.2199908025330499	0.98549923598766398	0.99099699333310198	0.0054977573454381102	0.014069118292536299	0.0087105084618084097	-0.0053586098307279104	0.00043168730335310602	0.00029249085328046399	-0.00013919645007264201	0.011637991446035899	0.012133534749348999	0.00049554330331316005	0.020592763979585201	0.060472868569194302	0.039880104589609097	0.124852459917507	0.095297339972540002	-0.029555119944966499	1	28.125	791.015625	1.2891798975928701	-0.062954201854568001	1.5868567594057399	0.14345526293150801	-0.25797784241724198	-0.045167476116373201	0.065209305259211606	2.6519142288776698	-0.34886500665120901	0.205057324488325	-1.07071613982813
1063	269.25	1.2341831595299999	0.30665359441190898	0.33786886269226502	0.031215268280355798	0.64669299591332696	0.54959498681127905	-0.097098009102048605	1.05562950819726	4.8990328311920104	3.84340332299475	0.984496261365712	0.99009959679096904	0.0056033354252573702	0.0151049925625558	0.0095118368830300198	-0.0055931556795257801	0.00039877157951196199	0.000388559139173603	-1.02124403383588e-05	0.0115301485414859	0.012514192086678901	0.000984043545192973	0.015857434703502201	0.057560204528272103	0.041702769824769899	0.10318458604858501	0.091525952686093107	-0.0116586333624923	1	28.375	805.140625	0.94312449384184605	-0.088476561073928997	2.7488974335474698	0.145798318280497	-0.26829646227272103	-0.0367324510723884	0.12843225113263501	2.7731501070438198	-0.13927843767430401	0.20688005626155501	-1.06987644114433
1065	269.75	0.75587625791599999	0.34835391845554298	0.38392537022009798	0.035571451764554701	0.56104207336902701	0.45801392169668897	-0.103028151672339	4.6843841053544297	6.12726644717225	1.44288234181782	0.99188773967325705	0.98431958239525597	-0.0075681572780017499	0.0077921780772153802	0.015106002776883599	0.0073138246996682496	0.00032007259169402599	0.00057438251415078501	0.00025430992245675999	0.012446792037398499	0.016354560852050799	0.0039077688146522396	0.0606976481969424	0.072299329189245407	0.011601680992303	0.093288774446514705	0.0747880467459658	-0.018500727700548902	1	28.875	833.765625	1.0736329067280299	-0.092525044655574706	1.0306015696811099	-0.14651175674057901	0.29953377091040301	-0.019433773821871898	0.50682822438429298	0.770954713198162	-0.21940651590469301	0.21052551980801401	-1.06817475089132
1067	270.25	0.312654765045	0.37471521515399198	0.386280276440083	0.0115650612860911	0.48229035995900998	0.45760243898257802	-0.024687920976432499	5.3632361861411502	12.030511236191099	6.66727505004995	0.98484639395028395	0.98511132169514903	0.00026492774486497301	0.014611635528853899	0.014298190738191101	-0.00031344479066282603	0.00054193553996809401	0.00059048410148535198	4.8548561517258299e-05	0.015896415710449099	0.016915582727503001	0.0010191670170538901	0.064687994302222093	0.090030381246471405	0.025342386944249298	0.082245614080730403	0.097385001803806895	0.0151393877230765	1	29.375	862.890625	0.35441712258242603	-0.039042496134114597	4.77022828078261	0.027325007418587701	-0.036020641198780998	-0.032889722634322001	0.132978020346186	1.6849275704026101	0.17455440704703301	0.21417098335447299	-1.0664433367910999
1069	270.75	0.178301364765	0.39058068282902397	0.33772070556878903	-0.052859977260235398	0.45420974632724997	0.61427789647132902	0.16006815014407899	11.244924347102801	8.2037442892562407	-3.04118005784659	0.98484876956790701	0.98299384601414197	-0.0018549235537647099	0.0145595257228708	0.016343832126586001	0.00178430640371521	0.00059167968029214305	0.00066231048149348196	7.0630801201339099e-05	0.017768443072284	0.019686515242965202	0.0019180721706811999	0.085841052723117595	0.074908569374024597	-0.010932483349093001	0.096543350395479899	0.093642005967721695	-0.0029013444277581802	1	29.875	892.515625	-1.57571496696576	0.087089702489260803	-2.1790957981312702	-0.019720069862793	0.0562679123488799	-0.031445634757489703	0.24931661550107401	-0.72792130087612905	-0.036721428346689101	0.21781644690093199	-1.0646821988436601
1071	271.25	-0.56423081984000001	0.34665849264711301	0.37696722988039399	0.0303087372332809	0.57038453081622198	0.53670570850372001	-0.033678822312501397	7.64014024063954	5.9659752696751402	-1.6741649709644	0.98343760073185005	0.988960340805352	0.0055227400735024003	0.015913503291085498	0.0106727296515599	-0.0052407736395255599	0.000648893123434394	0.00036690031520264998	-0.00028199280823174402	0.017500192147713801	0.029144838121202301	0.0116446459734885	0.068736997002271094	0.067081051535205799	-0.0016559454670653101	0.084827067568189501	0.121268735630716	0.036441668062526203	1	30.375	922.640625	0.91596541557644795	-0.045180546950233699	-1.20058472155616	0.14400969539252201	-0.25279375210625799	-0.054505772078354699	1.5081545777963701	-0.11088576699214001	0.42402638173627899	0.221461910447391	-1.0628913370490101
1073	271.75	1.20354360641	0.36788011975586399	0.37875800039619201	0.010877880640328	0.56035872790962504	0.53131273612380103	-0.0290459917858246	7.43119583129904	1.13614217508582	-6.29505365621322	0.98918027579784396	0.97898085024207804	-0.010199425555766001	0.010428049383335599	0.020471303031081502	0.010043253647745999	0.00039166764081527899	0.00054785369375167801	0.000156186052936399	0.027606250621654199	0.036165279812282999	0.0085590291906288401	0.078293959994336304	0.0182211542269212	-0.060072805767415097	0.118044455053082	0.12208780496121401	0.00404334990813202	1	30.875	953.265625	0.333829639118988	-0.042017732886071801	-4.5082225124814599	-0.20490652223921799	0.41961238190310901	-0.025850672308141701	1.1088061924236901	-3.99652489676778	0.044608203128459499	0.22510737399385	-1.06107075140715
1075	272.25	-0.040550038792800003	0.38181037744507201	0.36015331810340301	-0.021657059341669799	0.52468231897801099	0.56259533800184702	0.037913019023836703	1.1565140608698601	0.53844499597324402	-0.61806906489661495	0.98026531655341398	0.97454155255108998	-0.0057237640023235503	0.0192095914768287	0.024883323238464299	0.0056737317616356196	0.00052507375239656002	0.00057511415616318205	5.0040403766622698e-05	0.035370141488534297	0.039616768448441197	0.00424662695990687	0.017653586278903	0.0089766870325544805	-0.0086768992463485198	0.087183002100649401	0.166331542896485	0.079148540795835706	1	31.375	984.390625	-0.64089591957233905	0.0036949043217201498	-0.44462997611888	-0.105579817671254	0.227379453782416	-0.032792162271909703	0.55068410886402397	-0.57788951544531797	0.92416851224099295	0.22875283754030901	-1.05922044191807
1078	273	2.3948486597600001	0.35750545375049098	0.390127969533205	0.032622515782713697	0.56587438955903002	0.482006575912237	-0.083867813646792994	0.46647787224502402	0.35818404946474802	-0.10829382278027599	0.97298677265644096	0.96354752629995299	-0.0094392463564875202	0.0264238211791962	0.035829950636252897	0.0094061294570566903	0.00058937075373251095	0.00062247306705103	3.3102313318518797e-05	0.040873153121383003	0.0375730726453994	-0.00330008047598367	0.00767376268922834	0.0057496132067169298	-0.0019241494825114199	0.226418241625814	0.231955134700567	0.0055368930747529401	1	32.125	1032.015625	0.98528471017271102	-0.079444361856508397	-0.079732232296405095	-0.18803614590627701	0.39158271368196002	-0.033899843894006597	-0.42602999450228402	-0.128725548380975	0.062099155135627401	0.23422103285999801	-1.0563892454709201
1079	273.25	2.4933796377999999	0.36882175849750398	0.38817423507571203	0.019352476578207999	0.53709064275026897	0.48518721414729998	-0.051903428602969398	1.4437718154861501	0.30110216895699898	-1.1426696465291499	0.97004700470715799	0.96199468243867103	-0.0080523222684865097	0.0292976293887473	0.037408758280798801	0.0081111288920514904	0.00065533085253264396	0.00059649947797879403	-5.88313745538497e-05	0.039758223074454202	0.037758085462782101	-0.0020001376116721399	0.025371633120810599	0.0046998606573651	-0.020671772463445499	0.15823624809797501	0.149159647672473	-0.0090766004255018497	1	32.375	1048.140625	0.587723000065836	-0.057622409599297798	-0.82013971615836001	-0.15725665163439401	0.33461040480756599	-0.039911929897433099	-0.25778807709269003	-1.37573706304401	-0.109040132420627	0.23604376463322799	-1.0554306513982701
1081	273.75	0.26398215583500001	0.38891733419150099	0.38555333837866801	-0.0033639958128334202	0.484339419752359	0.48233882831409602	-0.0020005914382637499	0.25215601245871699	0.45402115164322299	0.20186513918450599	0.96246417667716699	0.96039847359061203	-0.00206570308655518	0.036937323934398601	0.038936461147386699	0.0019991372129880801	0.00059845085543201997	0.00066506680632300605	6.6615950890986704e-05	0.037744359616880101	0.03838171782317	0.00063735820628993401	0.0041346679623528396	0.0070788758064732702	0.0029442078441204301	0.221821489075918	0.31333233473806998	0.091510845662151993	1	32.875	1080.765625	-0.092847680412006001	-0.023553950950255701	0.14227993325603899	-0.024397822220173501	0.065719187933134901	-0.031708189495751	0.083563351309308004	0.19509671164516601	1.0689440272359301	0.23968922817968699	-1.05349117036754
1083	274.25	0.085167227504999998	0.38596247639507097	0.38401583451777699	-0.0019466418772938201	0.482545888982713	0.48850761838257301	0.0059617293998602298	0.47369955544707198	0.50770205568986604	0.034002500242793998	0.96089086197316598	0.957779069244862	-0.0031117927283048599	0.038453233544714797	0.0415874548605644	0.0031342213158496398	0.00065590911599428404	0.00063348000585392895	-2.24291101403541e-05	0.038134730303729103	0.038558423077618698	0.00042369277388959502	0.0073606210818067397	0.0063704843868435	-0.00099013669496323601	0.278846676740722	0.064003042315408099	-0.21484363442531401	1	33.375	1113.890625	-0.050384681941850099	-0.018118107747018199	0.022123650327063701	-0.047613303452832698	0.115656125301485	-0.0375313711551662	0.055910226685079598	-0.066599021615442705	-2.51878723366492	0.243334691726146	-1.05152196548961
1085	274.75	0.26439821184200002	0.38455284107476501	0.382118321303278	-0.0024345197714864498	0.48707569520920502	0.49251011442393	0.0054344192147252101	0.53756516668941201	0.76141890436410997	0.22385373767469799	0.958271346241236	0.95806631315499502	-0.00020503308624042501	0.041103504027705601	0.041236867697443801	0.00013336366973817901	0.00062517334990843504	0.00069685274156654805	7.16793916581129e-05	0.038332324557834099	0.037730040373625602	-0.00060228418420853202	0.0071384550406944003	0.0117337765928825	0.0045953215521880603	0.057637207915099402	0.29429482178970701	0.23665761387460699	1	33.875	1147.515625	-0.065001185099784101	-0.018478100209534901	0.15801939903625001	0.0168953401901046	-0.016363731154455202	-0.031377061243749602	-0.076874325149750497	0.30492171762444298	2.7687644365404802	0.246980155272605	-1.0495230367644599
1087	275.25	0.63437304460800004	0.38293900806456799	0.38749487902969099	0.00455587096512328	0.490826804842799	0.49672548901289698	0.0058986841700975302	0.69563491425941204	1.1406822873396401	0.44504737308022702	0.95770535003393897	0.95960963759571305	0.0019042875617743	0.041614118928555599	0.0396460975287483	-0.0019680213998072601	0.00068054366001888398	0.000744305051739507	6.3761391720622995e-05	0.038179362261736897	0.036944014937789302	-0.00123534732394762	0.010508107184159499	0.016207964801288301	0.0056998576171288897	0.29865403658404699	0.13321826104037701	-0.16543577554367001	1	34.375	1181.640625	0.144426357105081	-0.018161148462240501	0.31635007467339399	0.063706714630005698	-0.108812153557809	-0.031894865953872899	-0.158806969572127	0.37839072181460498	-1.9401695493626101	0.25062561881906398	-1.0474943841920901
1089	275.75	2.0865511582599998	0.38468237770721297	0.42156918244436498	0.036886804737151897	0.49785764450207398	0.44706127978861099	-0.0507963647134623	1.00552832502865	3.7696726758032999	2.7641443507746501	0.95836566761135999	0.96437513045966605	0.0060094628483056099	0.040936002356466203	0.034765585354762402	-0.00617041700170377	0.00069837680475756398	0.00085923489768901704	0.00016085809293145401	0.037574386596679797	0.032670444912380601	-0.0049039416842992199	0.0152798954775783	0.050527930347016803	0.035248034869438498	0.18397436324261601	0.28592697503330999	0.10195261179069399	1	34.875	1216.265625	1.1130400229483299	-0.056866621702568801	1.97636253693631	0.154811354249456	-0.293692520959563	-0.0255451400608037	-0.63360579829638897	2.34380880753177	1.191228025654	0.25427108236552298	-1.04543600777252
1091	276.25	0.59944514278500005	0.41275927154347197	0.37510475963353901	-0.037654511909932901	0.46343881888315303	0.43659765981137899	-0.026841159071774399	3.91180978267227	0.87384289577594998	-3.0379668868963199	0.97055608630180401	0.92326440606266302	-0.047291680239141397	0.028688103426246999	0.075536382128484306	0.046848278702237303	0.00075576080962489703	0.00119922104277065	0.00044346023314575299	0.0309954961140947	0.0496271204065395	0.0186316242924448	0.049530652079557001	0.016817435109986401	-0.032713216969570601	0.23731054236243099	0.226802067583142	-0.0105084747792895	1	35.375	1251.390625	-1.1201691532364	-0.040512502794669301	-2.1767958064223798	-1.0280812370166501	2.0388141893755698	-0.0070641195443689204	2.41242711280738	-2.1766823331502501	-0.125808878153672	0.25791654591198199	-1.0433479075057199
1094	277	0.36530665278399999	0.37477979026734798	0.30493667684494702	-0.069843113422400502	0.44136179424822303	0.64896335825325902	0.20760156400503599	1.2121476948260299	2.5418463438747501	1.3296986490487199	0.92379463091492697	0.96216974332928995	0.038375112414363602	0.075085070170462107	0.037044648028673598	-0.038040422141788502	0.00112029301963049	0.00078560223882955698	-0.00033469078080093601	0.049375237358941101	0.028092984799984101	-0.021282252558957101	0.021384159417355601	0.051441539009098099	0.030057379591742601	0.0966420962255789	0.10010985570860401	0.0034677594830247898	1	36.125	1305.015625	-2.0845186375167701	0.119540565738278	0.94958454351585597	0.87309026658710698	-1.6957828564661901	-0.057952003276346399	-2.7533285192962902	1.99854866940567	0.0378674374603915	0.26338474123167099	-1.04016002489201
1095	277.25	2.0749075337099998	0.38104700697585903	0.26073348778300098	-0.120313519192859	0.44204658875241798	0.76700653005391195	0.32495994130149303	2.03920692764226	1.5415464236401	-0.49766050400215101	0.92297042887657899	0.990795625001192	0.067825196124613504	0.075914139184169505	0.0088134003366575099	-0.067100738847511998	0.00111541889164073	0.00039093527720978298	-0.00072448361443094996	0.045589284543637899	0.016687753465440401	-0.028901531078197502	0.036381631140830602	0.024358222977025199	-0.012023408163805401	0.10840775475842999	0.10013709120966199	-0.00827066354876832	1	36.375	1323.140625	-3.5965790405545	0.19966064009090101	-0.35844138048426899	1.5266651022312101	-2.9742636417927502	-0.083442855362650004	-3.7394349571616701	-0.80048494304887396	-0.099601768972688506	0.2652074730049	-1.0390825354305
1097	277.75	0.81804988456700001	0.26045819125137898	0.27619962953031102	0.015741438278931999	0.76393285924569598	0.72612515110522402	-0.037807708140472199	2.55714635699686	1.35417578611517	-1.20297057088169	0.98810878861695695	0.99371766541153195	0.0056088767945752203	0.0114195566246038	0.0060223180800675503	-0.0053972385445362498	0.00047160936965154001	0.000260034666916904	-0.00021157470273463599	0.017739627979419199	0.0153647599396881	-0.00237486803973108	0.047642710260695498	0.018532344719278001	-0.029110365541417601	0.105687590413027	0.069423746543672699	-0.036263843869354703	1	36.875	1359.765625	0.47953865038929999	-0.047999320071941597	-0.86330319180167103	0.145921295844052	-0.25967727566382198	-0.049900716888632297	-0.30628664380603798	-1.93703610060673	-0.42743117789639301	0.26885293655136	-1.0369052636220599
1100	278.5	-0.019613506133900001	0.275452148914337	0.29175533950328902	0.016303190588951601	0.71512051522731801	0.671342524886131	-0.043777990341187699	1.1590869367122001	1.75020601209251	0.59111907538030495	0.99301838278770405	0.99376902282238	0.00075064003467573105	0.0067010197555645596	0.0059660192346200399	-0.00073500052094452805	0.00028061269695171798	0.00026494432022445598	-1.5668376727262399e-05	0.014835272894965199	0.0137769911024305	-0.0010582817925346799	0.016040671244263002	0.0227556494646701	0.00671497822040713	0.071288276830795694	0.066516860901078403	-0.0047714159297172999	1	37.625	1415.640625	0.496368382810288	-0.052075206811744899	0.42090837841589401	0.038104240955126101	-0.054566581580886703	-0.037089246927732002	-0.13589069738055001	0.445912192795061	-0.058621920827762103	0.27432113187104801	-1.03358362369588
1101	278.75	0.13654420076400001	0.27517940476536701	0.30056512979790601	0.025385725032539001	0.70146189555525895	0.65840097684413101	-0.0430609187111273	1.47609974782107	1.20499539636074	-0.27110435146033401	0.99233640655875199	0.99459576848894404	0.0022593619301914899	0.0073472823176417299	0.0051862135835108398	-0.0021610687341308901	0.00031630780986234	0.000217951335025645	-9.8356474836694803e-05	0.014119148254394601	0.0133168114556207	-0.00080233679877388304	0.019275404733708701	0.016476879565743102	-0.00279852516796553	0.061159687996105397	0.066698376654264896	0.0055386886581594496	1	37.875	1434.515625	0.768475184444393	-0.051585665002799597	-0.19627220850093699	0.071586749004880296	-0.117305086036506	-0.042496709293256101	-0.10276564420791701	-0.18688527076346201	0.062120183294632203	0.27614386364427801	-1.03246154846355
1104	279.5	-0.174731073013	0.30100464969873397	0.29443441480398203	-0.0065702348947526698	0.65824864208698297	0.68856163620948896	0.0303129941225058	1.0566508412361	0.982560878805809	-0.074089962430293393	0.99496274292469	0.99580079317092896	0.00083805024623884205	0.0048221764620393201	0.0040421264711767097	-0.00078004999086260399	0.00021502668751054201	0.00015705340774729699	-5.7973279763244697e-05	0.013371333369502299	0.0132144504123264	-0.000156882957175848	0.0147169379983092	0.013915442445431799	-0.00080149555287740504	0.067904467687066303	0.069196286989421193	0.0012918193023549599	1	38.625	1491.890625	-0.18890450984371701	-0.0014936009576111101	-0.055249067088316797	0.040044103510969799	-0.056548489839583202	-0.039855814018699198	-0.0192293635827268	-0.054051421497846398	0.0123849029604536	0.28161205896396602	-1.02905073699573
1106	280	0.15577193196299999	0.29601593241095597	0.28721714057028302	-0.0087987918406725006	0.68120338693261095	0.70950181558728198	0.028298428654671699	0.95443044062702298	0.64398402646182695	-0.31044641416519603	0.995466220378876	0.99599974751472498	0.00053352713584908795	0.00436138057557403	0.0038506347977090198	-0.00051074577786500901	0.00017236468356714	0.000149597283052569	-2.2767400514570399e-05	0.0128953439218026	0.0139775594075521	0.0010822154857494501	0.014213280580588499	0.0105157204205169	-0.00369756016007161	0.072758777053336596	0.089738418205953199	0.016979641152616499	1	39.125	1530.765625	-0.255670620842818	-0.0028689363941548801	-0.224433305259438	0.033285934543404401	-0.0447007090596475	-0.037553493957709898	0.141137913795578	-0.24668522451660799	0.196105698724752	0.28525752251042602	-1.0267397078748299
1108	280.5	0.0146903116775	0.28760861605405802	0.28062320500612298	-0.0069854110479353696	0.70784379243850704	0.72063828110694805	0.012794488668441699	0.70403592735529696	1.4852399315685501	0.78120400421324998	0.99589835703372998	0.99541993439197496	-0.00047842264175423899	0.0039489259710535404	0.0043714012717828502	0.00042247530072931299	0.00015268946663127199	0.000208703715179582	5.6014248548309703e-05	0.013836669921874999	0.014725296585648201	0.00088862666377320795	0.011100386781618	0.021544120958424898	0.0104437341768069	0.097032169607850202	0.099794481092410098	0.00276231148455987	1	39.625	1570.140625	-0.20134291631043399	-0.0134534115127696	0.55697140371669496	0.010828106712273499	-0.0036445420010972002	-0.032401497332540802	0.116083155242326	0.693933054838618	0.029605903839894299	0.28890298605688502	-1.0243989549067201
1109	280.75	-0.0173400572362	0.284897583536804	0.28550998773425801	0.00061240419745406405	0.71354182455688697	0.71162514155730605	-0.0019166829995803699	0.69202149752527697	1.25189029611646	0.559868798591179	0.99586899802088702	0.99538364671170698	-0.00048535130918003799	0.0039677188156928703	0.0044176580457133	0.00044993923002042399	0.00016327294097208899	0.000198689455783097	3.5416514811008101e-05	0.014169587029351101	0.014132153546368599	-3.7433482982469901e-05	0.011335241087363101	0.017309421891695199	0.0059741808043321304	0.086921883473087894	0.105301605985946	0.018379722512858101	1	39.875	1590.015625	0.026282667569341899	-0.023496667009381699	0.39853939194483801	0.0106743413539607	-0.0024362927502782098	-0.033748504611050702	-0.0037699083069712	0.396637524277477	0.21250211526323001	0.29072571783011403	-1.0232174319799601
1112	281.5	1.7528356065399999	0.31468903571367102	0.37557254731655099	0.0608835116028799	0.59301373660564904	0.36462048292159999	-0.228393253684049	1.50181336700914	0.477316190302361	-1.0244971767067801	0.99451031982898697	0.99249352216720599	-0.0020167976617814199	0.0052509721601381298	0.0072004359448328498	0.00194946378469472	0.00023868470525485399	0.00030603973427787199	6.7355029023018602e-05	0.0114886248553242	0.0066897922092014001	-0.0047988326461227701	0.031843706546349299	0.0079044817481188894	-0.0239392247982304	0.098898677394610598	0.091417096859801594	-0.0074815805348089903	1	40.625	1650.390625	1.8319656923791301	-0.178111276553019	-0.73555171725693003	-0.0233124821826683	0.063533853056799899	-0.031659856818188899	-0.62000231878558099	-1.59307398566259	-0.090360781878850396	0.29619391314980298	-1.0196282774288501
1114	282	-0.62764369902799999	0.37544560283422501	0.36897899284958802	-0.0064666099846367696	0.363965520262718	0.38845443725586098	0.024488916993142599	0.48460428984832299	1.1611524090171199	0.67654811916879698	0.992563738673925	0.99356033056974402	0.00099659189581879893	0.0071356269705574798	0.0061635783058590597	-0.00097204866469841999	0.00030063817175687401	0.000276174887767408	-2.4463283989465901e-05	0.0068172596119068802	0.0056641755280670896	-0.0011530840838397899	0.0078685883490828296	0.018943617085461301	0.0110750287363785	0.095073516586319504	0.093994402010398104	-0.0010791145759214099	1	41.125	1691.265625	-0.185799975196874	-0.00546967410542952	0.48205859278471602	0.043562559811007498	-0.064995287505037594	-0.037664397779136299	-0.14816025145240699	0.73592406275095501	-0.015381211607848101	0.29983937669626198	-1.0171983529191
1116	282.5	-0.15568759518799999	0.37307805567979901	0.34630747884511898	-0.026770576834679202	0.37701610326766899	0.45200368463993101	0.074987581372262302	0.88739885538812102	0.87327818274493896	-0.0141206726431815	0.99347400665283203	0.99086340069770795	-0.0026106059551239701	0.00626206437591464	0.0088203509338200502	0.0025582865579054101	0.00026398078771307801	0.00031626516138203402	5.2284373668956403e-05	0.0058670609085648504	0.0062321415653935003	0.00036508065682865402	0.0137467215303325	0.013167155766859	-0.00057956576347348797	0.094405244443522704	0.12994838580031801	0.035543141356794997	1	41.625	1732.640625	-0.79409356487334004	0.029005553296043301	-0.0123229758738687	-0.0364906504196022	0.090318427536877396	-0.032645415846805401	0.048324497166889802	-0.039289603260148999	0.41350369458645903	0.30348484024272099	-1.0147387045621299
1118	283	-1.1434758806800001	0.349162255227566	0.34474579282105	-0.0044164624065167199	0.447382847219705	0.43141780346632003	-0.015965043753384801	1.01272500692862	0.59851623865541503	-0.41420876827320402	0.99127575531601897	0.99051739498972902	-0.00075836032629017502	0.0083990480052306693	0.0091115065501071908	0.00071245854487651296	0.00032521703724342101	0.000371101502241802	4.5884464998381098e-05	0.0062668694390191201	0.0066789980287905301	0.00041212858977141199	0.015686318615916399	0.0084578955544199804	-0.0072284230614963899	0.11070713426506699	0.112196988804697	0.0014898545396294599	1	42.125	1774.515625	-0.124378892367508	-0.033087424261282201	-0.29870652565070999	0.0046155530244383902	0.0091129929378057899	-0.033063943616462498	0.054413560514023601	-0.48154308885765201	0.014704102638313	0.30713030378917999	-1.01224933235794
1120	283.5	-1.49162560403	0.34525327682495099	0.34136436730623199	-0.0038889095187189002	0.433504179120064	0.43177383989095702	-0.00173033922910731	0.65300349444150996	0.49600327908992098	-0.15700021535158801	0.990682604908943	0.98944225311279299	-0.00124035179615012	0.0089688323438167697	0.010175434360280599	0.00120660201646386	0.00034854267578338902	0.00038231384824030098	3.3771172456912302e-05	0.0064870198567708003	0.0069149441189236297	0.000427924262152829	0.0091891976073383494	0.0069000981049611599	-0.0022890995023771899	0.13158549985487999	0.062464537959640097	-0.069120961895240099	1	42.625	1816.890625	-0.108573752306316	-0.023369450895036999	-0.114596327863737	-0.0060811057285529903	0.030852361438719601	-0.033856103250535702	0.056457876676819597	-0.153000459259647	-0.81222238268282698	0.310775767335639	-1.0097302363065499
1122	284	-1.44952965156	0.34253585599362901	0.33846474140882499	-0.0040711145848036897	0.431121684983372	0.43296558521688	0.00184390023350745	0.41825714457080598	0.421959436603351	0.0037022920325452402	0.98939095959067302	0.99024214744567896	0.00085118785500526396	0.010220091650262501	0.0094121475354767992	-0.00080794411478568801	0.00038895103243703403	0.00034573283337521602	-4.3218199061817301e-05	0.0067973949291087899	0.0078009993941695298	0.0010036044650607401	0.0054550679446035899	0.0067331309413928703	0.00127806299678928	0.063384376049425303	0.072291169278169407	0.0089067932287441205	1	43.125	1859.765625	-0.114032497118329	-0.020929332531987602	0.00043472411054156602	0.040335661612289603	-0.057775665090985598	-0.038890892277632601	0.13096387521796801	0.084271898716539895	0.10156420922962001	0.314421230882099	-1.00718141640794
1123	284.25	-1.4425309951500001	0.33940333165228398	0.32791530890390203	-0.0114880227483818	0.43280218858271802	0.51538254609332301	0.082580357510604399	0.59560960270464802	1.0548884378283401	0.45927883512369599	0.98968878220766798	0.99185560531914196	0.0021668231114746498	0.0099357147410046396	0.0078352803626329393	-0.0021004343783716998	0.00037551599734797199	0.00030913212426640001	-6.6383873081572796e-05	0.0072877389413338704	0.011517333984375299	0.0042295950430414203	0.0086031005310360596	0.024606799207695099	0.016003698676659101	0.0616890160387321	0.088945250182152699	0.027256234143420599	1	43.375	1881.390625	-0.336238222947428	0.034189109875136799	0.32653697266671	0.069533069163810302	-0.114637535660033	-0.040405832314928398	0.54847979479048203	1.06375805929302	0.31645534700845201	0.316243962655328	-1.00589586001593
1125	284.75	1.90921620059	0.33358939792961001	0.31310934070497698	-0.020480057224632298	0.47550404090434001	0.61352151483297501	0.138017473928635	0.91258502323204704	0.84730371683832895	-0.065281306393717403	0.99111772775649998	0.99522520750761001	0.00410747975111014	0.0085462683593505104	0.0045758239946735403	-0.0039704443646769796	0.00033600685601413801	0.000199021566049851	-0.00013698528996428699	0.0097390068901907802	0.0152529257315178	0.0055139188413269704	0.022638034194832599	0.0129004209156843	-0.0097376132791482904	0.085558630236062805	0.12838741437669099	0.042828784140628302	1	43.875	1925.015625	-0.60563370465062305	0.072035797871577698	-0.048943820288745297	0.11260134553173	-0.196906833000113	-0.0450228753171837	0.71470025288174699	-0.64844366591074898	0.49882618885470897	0.31988942620178701	-1.0033024543464899
1127	285.25	0.090668082288799995	0.314180223271251	0.287780254147946	-0.026399969123305202	0.60614136494696103	0.66730580609292001	0.061164441145959002	1.0431992921978499	1.9993738474324301	0.95617455523457795	0.99499039649963394	0.99275921937078204	-0.0022311771288514599	0.0048094460755237498	0.0068907920605853499	0.0020813459850615901	0.00020021469113089499	0.00034998877358703902	0.00014977408245614299	0.0149948755900065	0.016647741529676699	0.00165286593967023	0.015480691252742301	0.026099960890133299	0.010619269637391	0.122542883202122	0.10130215308479899	-0.021240730117323001	1	44.375	1969.140625	-0.78299039982295804	0.019568553158247501	0.68221553883396502	-0.0280701265525213	0.069335884080860402	-0.026269988870664999	0.21499294940834299	0.70560892120326202	-0.25149480892654602	0.32353488974824601	-1.00067932482985
1129	285.75	0.48247099630000001	0.29481605719775	0.299096276424825	0.0042802192270751096	0.65482535175978995	0.60791842117905404	-0.046906930580736	1.4145501151680799	4.6663244888186002	3.25177437365052	0.994061489030719	0.98940777219831899	-0.0046537168323995699	0.0056523094397560496	0.0101807261031353	0.0045284166633792903	0.00028618429364541298	0.00041148749351122802	0.00012530319986581401	0.0163108613755968	0.0105630380135992	-0.00574782336199755	0.020552464571665	0.049388569546863499	0.0288361049751985	0.105641495986445	0.080269535851983195	-0.025371960134462201	1	44.875	2013.765625	0.13616801101555701	-0.054211321253786499	2.3254087056533401	-0.081832655860263601	0.176992413575909	-0.027870284193496599	-0.74282311501129406	1.91731471718971	-0.29987583170196103	0.32718035329470502	-0.998026471465985
1132	286.5	-0.147767671904	0.30025484859943402	0.275810088217258	-0.024444760382176099	0.59233338236808897	0.671674016118052	0.079340633749963793	4.2357122421264899	2.6679749011993299	-1.56773734092716	0.99124976396560704	0.99366700947284703	0.0024172455072405401	0.0083892393391580503	0.0060755607206374298	-0.0023136786185206201	0.00036100463039475002	0.000257433520891935	-0.000103571109502814	0.0080234103732639596	0.0080126727068866102	-1.07376663773511e-05	0.0481295131146912	0.033155554626136799	-0.014973958488554401	0.073704800627473394	0.101380527380352	0.0276757267528785	1	45.625	2081.640625	-0.72441362256104502	0.031977363985631203	-1.12440369338434	0.075090600944181199	-0.124019011656069	-0.0428377250059368	-0.00031486770806090503	-0.99674290243372898	0.32136804405221397	0.33264854861439402	-0.99399145920666798
1133	286.75	-0.39817395179499998	0.29900866327807402	0.25942232934758003	-0.039586333930493697	0.59176789540797103	0.73917149659246395	0.147403601184493	2.9119511702095799	2.7830368898809299	-0.12891428032865199	0.99441293962299804	0.99371410347521305	-0.00069883614778509795	0.0053075613584950797	0.0060527378227561799	0.00074517646426109805	0.00027947705893893802	0.000233169094872212	-4.6307964066725697e-05	0.0072470135158962902	0.0079025974980107393	0.00065558398211444701	0.035185053240272803	0.033178273221710998	-0.0020067800185618102	0.072678005076663096	0.089005981341529594	0.016327976264866598	1	45.875	2104.515625	-1.17804527962007	0.078443667773551704	-0.094492381111699095	0.0059365511433593903	0.010552386447953499	-0.039092950232336603	0.085922177650969905	-0.13422177742411301	0.18847402156192899	0.33447128038762403	-0.99263159319662198
1135	287.25	-0.33718311293699998	0.26710691596381497	0.215290774684399	-0.051816141279416202	0.70823950655757895	0.91456482615322099	0.20632531959564199	2.5128135718404501	1.9761493896015401	-0.53666418223891099	0.99339014776051004	0.99341891892254397	2.8771162033036598e-05	0.0063697468023748002	0.00634372005879409	-2.6026743580712799e-05	0.00024012430249058901	0.00023739182565805101	-2.7324768325374902e-06	0.00822509483054845	0.0073709205344871104	-0.00085417429606133395	0.031124529440420899	0.022519443050985102	-0.0086050863894358599	0.099538281818952398	0.085169117190694504	-0.014369164628257901	1	46.375	2150.640625	-1.5444423225364501	0.118669279006744	-0.38636026122529099	0.022084071558125699	-0.023375959646559901	-0.036243292147730401	-0.109474585175084	-0.573112832045934	-0.17102159270523401	0.33811674393408298	-0.98988956829111896
1137	287.75	-0.226274468674	0.21968289627693599	0.22548216986469999	0.0057992735877635503	0.89533870108425495	0.87064749766141003	-0.024691203422845	2.3543131702462299	2.1077250463888602	-0.246588123857375	0.99315397236496195	0.99653575420379603	0.0033817818388342	0.0066062106983736397	0.0033053723760531001	-0.00330083832232054	0.00023981768467820099	0.000158891588716864	-8.0926095961336605e-05	0.0073211599279333003	0.00612087249755846	-0.0012002874303748399	0.026967193518793502	0.022500500167371301	-0.00446669335142211	0.094843524307434604	0.091301990163910898	-0.00354153414352376	1	46.875	2197.265625	0.181677887819504	-0.039044737046580201	-0.17872346270029901	0.096496199671721905	-0.16744815684182299	-0.041356834027766402	-0.154269428822608	-0.29784466733765402	-0.044218719248077798	0.34176220748054198	-0.98711781953840105
1139	288.25	0.099253695184600005	0.22354374062269899	0.23638457199558399	0.0128408313728842	0.88022549226880098	0.81923427712173602	-0.060991215147065098	1.9160292685031399	1.4448617780581099	-0.47116749044503098	0.99644631166011099	0.99662128500640401	0.00017497334629268399	0.0033873330015922001	0.0031335695326561602	-0.00025376346893604001	0.00016639600949019801	0.00024513622547601001	7.8740215985811601e-05	0.0065711904455114899	0.0047116597493490602	-0.0018595306961624301	0.0206247861089646	0.021193810756081299	0.00056902464711664305	0.090172965790467505	0.10659670099386701	0.016423735203399101	1	47.375	2244.390625	0.39263836138905001	-0.063826603542559604	-0.33947764887204401	0.025328682659691099	-0.0333950186412829	-0.030915312301706199	-0.239590371858214	0.037109707153446699	0.18959545884982401	0.34540767102700098	-0.98431634693847003
1141	288.75	1.6760524703699999	0.23057242659851901	0.34854883300140399	0.11797640640288599	0.84076351355761403	0.26568780951201798	-0.57507570404559505	1.6159262234347	0.43941069596328802	-1.1765155274714101	0.99647875446826195	0.99683132544159903	0.00035257097333663001	0.0032466040793224602	0.00270799067002375	-0.00053861340929870296	0.00027463943424661899	0.000460698059123468	0.00018605862487684901	0.0049313651190863502	0.00095671194571031904	-0.0039746531733760304	0.017115483338422499	0.0059269365241565002	-0.011188546814266001	0.101691358580259	0.127808051226866	0.026116692646607199	1	47.875	2292.015625	3.5424315426936799	-0.41478993843968898	-0.84436663926714906	0.029270041232659499	-0.045926718799366599	-0.0238971286637394	-0.51333491163151501	-0.74495354490407895	0.30311012466979298	0.34905313457345999	-0.98148515049132501
1143	289.25	-1.2162321890600001	0.351057484420017	0.34971404289826802	-0.00134344152174926	0.26435916582122099	0.26087930286303201	-0.00347986295818992	0.52168386369007302	0.47292045571378799	-0.048763407976284402	0.99748877044767204	0.99450885504484199	-0.0029799154028299401	0.0020863907899182602	0.0048580930961180597	0.0027717023061997999	0.00042485751582720701	0.00063305222702180798	0.00020819471119459999	0.00032217237684443198	0.0022432821768301799	0.00192110979998575	0.019668435469795499	0.0068617211993116699	-0.012806714270483801	0.138790730812348	0.058929184985590001	-0.079861545826758307	1	48.375	2340.140625	-0.032313193139771199	-0.024563843442760198	-0.037120288333392697	-0.044686598653944101	0.099707448869419596	-0.022449519437985802	0.24970975322474401	-0.85258710744204802	-0.93800584999309899	0.35269859811991899	-0.97862423019696498
1145	289.75	-0.75079627722300002	0.34696225104853501	0.36661825813353099	0.019656007084995899	0.26503164581954503	0.23541074669919901	-0.029620899120346902	0.320882940734738	0.41138772149569802	0.090504780760960205	0.99533562157303102	0.98333303220570101	-0.012002589367330301	0.0040933024334664503	0.0161489988939141	0.0120556964604476	0.00057107407183130303	0.00051799372276946495	-5.3080349061837398e-05	0.0023481510303639702	0.00259821856463397	0.000250067534269996	0.0051067498956400203	0.0064316757780034702	0.0013249258823634399	0.063780090083980695	0.089273688742545904	0.025493598658565202	1	48.875	2388.765625	0.59681657586380599	-0.042410219723815298	0.062568052052634701	-0.24492347103221501	0.50814787494888403	-0.039535836425431001	0.033439205822349501	0.087389016976318401	0.29581304261393598	0.356344061666378	-0.97573358605539096
1147	290.25	-0.91177131832000002	0.364745890162885	0.37311126161366698	0.0083653714507820297	0.23987896060571101	0.22286285948939599	-0.017016101116315099	0.51874946858734905	0.17035991355951999	-0.34838955502782898	0.98612129334360399	0.97281488738954103	-0.0133064059540635	0.0134060312702783	0.026463791541755401	0.013057760271477099	0.00047268790376619199	0.00072133072008000805	0.000248642816313816	0.00254763850459345	0.0026447931925455701	9.7154687952126606e-05	0.0077163605965326898	0.00310982311812039	-0.0046065374784123002	0.074869351783638599	0.102443356020277	0.027574004236638801	1	49.375	2437.890625	0.25855650430293098	-0.033804976736075902	-0.25159305204673499	-0.27385859120939798	0.55223271204977997	-0.0198043793127472	0.0136488356704259	-0.30714649919079601	0.32017676703434	0.359989525212837	-0.97281321806660304
1149	290.75	-2.3707400603800002	0.372120160609484	0.37544547896832198	0.0033253183588385399	0.224285373603925	0.215303468098864	-0.0089819055050613401	0.204980036499919	0.0591200520400883	-0.145859984459831	0.97429139744490401	0.96959643401205498	-0.0046949634328487004	0.025021052366355299	0.029714296787278799	0.0046932444209234698	0.00068757184671994404	0.00068928073542338399	1.7088887034396199e-06	0.0026147135981807001	0.0027043236626519201	8.9610064471216903e-05	0.0035389851786022902	0.00133067180340727	-0.00220831337519502	0.104556189113093	0.108693954396375	0.0041377652832819602	1	49.875	2487.515625	0.107559804490457	-0.028320064925212	-0.106622136921886	-0.082748026436953503	0.184243852816666	-0.035952845063610198	0.012672391277822499	-0.14762691238793699	0.045713905884425102	0.36363498875929701	-0.969863126230601
1151	291.25	2.9352638077900002	0.37594578629359598	0.37859715921804299	0.0026513729244471199	0.215928573720157	0.33659322359600302	0.12066464987584601	0.070935929764530406	1.2975745566010299	1.2266386268364999	0.97015876844525295	0.97171603254973904	0.0015572641044858701	0.029151218943297801	0.027524067403282601	-0.0016271515400151999	0.00069002203690615705	0.00075992385682186099	6.9901819915704105e-05	0.0026848545780888398	0.019202931722006801	0.016518077143917901	0.0019638094763650498	0.025057289299953201	0.023093479823588101	0.091351344492528602	0.13407397870985899	0.042722634217330198	1	50.375	2537.640625	0.0873688393179953	0.060189097317552398	0.87581405315737904	0.056005351153643301	-0.093815910727623603	-0.031493307142722499	2.1388864560862402	1.5353399091975499	0.49758306227124799	0.36728045230575601	-0.96688331054738497
1153	291.75	0.21714910854300001	0.37764179715886698	0.38327846797183202	0.00563667081296443	0.29976124824024802	0.363938672747463	0.064177424507214906	1.0580223163010001	2.2576509010046801	1.1996285847036801	0.97101897355169098	0.96981903947889803	-0.0011999340727927299	0.028212174813961498	0.029399016074603601	0.0011868412606420701	0.00076888083112864702	0.00078191110587795499	1.30302747493076e-05	0.0143069938377099	0.021584341261121898	0.0072773474234119999	0.022025108547866001	0.024407921457895901	0.0023828129100299201	0.13606557941533901	0.10875322297777899	-0.0273123564375597	1	50.875	2588.265625	0.17680641485540699	0.021625504323457001	0.856480231856251	-0.0051841301151621102	0.029983005922827401	-0.035212472865333501	0.94292767272453704	0.157755127178895	-0.32259990113019998	0.37092591585221502	-0.96387377101695504
1155	292.25	0.78710720492999997	0.38231130158528698	0.37550512775778699	-0.0068061738274997601	0.36336628114804598	0.39843675429001701	0.035070473141970801	1.8824294980615199	4.4088646599441201	2.5264351618826102	0.96871508769690995	0.98698766287416295	0.018272575177252798	0.030498707364313499	0.0126237700082125	-0.017874937356101	0.00078617878425575399	0.00038861346793054598	-0.000397565316325208	0.022195272092465999	0.016258260938856101	-0.0059370111536098903	0.021438702751765501	0.050973970368705497	0.02953526761694	0.117963831754899	0.064844042103581703	-0.053119789651317299	1	51.375	2639.390625	-0.195973086216263	0.00175431011232227	1.8062100078482399	0.42696207897175298	-0.80862167765430804	-0.062063739939431199	-0.76730828100218895	1.96382001899573	-0.62483192619532801	0.37457137939867402	-0.960834507639311
1157	292.75	0.84459425783999997	0.381306443177164	0.34860117556527198	-0.032705267611892498	0.38626842498779101	0.41026136670261698	0.023992941714825699	3.9028710875658001	4.2701599950685099	0.36728890750270898	0.98454368785023705	0.990491953119636	0.0059482652693990702	0.0149739223328653	0.0092421392822869004	-0.0057317830505784302	0.00048244384352075302	0.000265925254279862	-0.00021651858924089099	0.017146463747377799	0.017916976081000499	0.00077051233362269999	0.042252101606570301	0.052431879828647103	0.010179778222076699	0.060092820944714097	0.076712628631529695	0.016619807686815601	1	51.875	2691.015625	-0.97189302559711199	-0.0058082743578463797	0.260690469600109	0.153453218973197	-0.27439524061728898	-0.050224026782477199	0.100796497710193	0.67637583623831299	0.19189167262791099	0.37821684294513302	-0.95776552041445195
1160	293.5	0.53051952150000004	0.34655821323394798	0.35082541555166302	0.0042672023177151601	0.42393548935651698	0.42877077013254	0.0048352807760236897	4.1841610990930898	4.23864343166351	0.054482332570416701	0.99202387928962699	0.98995522856712304	-0.0020686507225035101	0.0077214695513248303	0.0096860588528216596	0.0019645893014968302	0.00025466415390837702	0.00035873215383617601	0.0001040679999278	0.019168429904513701	0.0182906539351851	-0.00087777596932862205	0.049607830173045597	0.0550546376034622	0.0054468074304165502	0.092266167612439803	0.14288100226630801	0.050614834653868401	1	52.625	2769.390625	0.13577803291031601	-0.0188871295209663	0.036783139436789097	-0.024463238016590901	0.064199285673913295	-0.029258979146151401	-0.112529173860154	0.361558908152743	0.59000898081952502	0.38368503826482198	-0.95310630736363799
1162	294	1.0909974845699999	0.34543707296252202	0.34826260246336399	0.0028255295008424199	0.44066278524697	0.44599601998925498	0.0053332347422845299	4.0988186419010102	5.4562875738367698	1.35746893193576	0.98999478891491899	0.98767158910632102	-0.00232319980859796	0.0096609182190151004	0.011731663026148901	0.0020707448071338101	0.00034429673032718898	0.00059676107557607395	0.00025246434524888502	0.019193098280165102	0.017191992865668901	-0.0020011054144962099	0.051105283480137299	0.059965957078384598	0.00886067359824734	0.11906031607945999	0.086830290421825898	-0.0322300256576342	1	53.125	2822.265625	0.092586456634043995	-0.018547178426548801	0.96946254608170201	-0.030112351911966401	0.068869495416905194	-0.019554466999274999	-0.25791333259988702	0.58863465130871595	-0.38019094920821001	0.38733050181128098	-0.94996301052074394
1163	294.25	1.1351439987900001	0.35766251413151601	0.34860274894163101	-0.0090597651898854901	0.411563137173652	0.44310803478583399	0.031544897612181398	5.2203326083718604	6.4692254215480096	1.2488928131761501	0.98926753904670495	0.98894088845700101	-0.00032665058970404699	0.0102859503545917	0.010534482748334699	0.00024853239374300401	0.00044651077787420201	0.00052464292584772202	7.8132147973519997e-05	0.0153664129751701	0.016769034774214899	0.00140262179904477	0.064741802902426204	0.071040172642097402	0.0062983697396711098	0.131604921089783	0.076072775995792999	-0.0555321450939903	1	53.375	2848.890625	-0.26348921198685898	-0.00065258558689969802	0.89174362704612098	0.0141963278334769	-0.0112969935066254	-0.030955077454942598	0.18260571517275101	0.41820118254525901	-0.65308313058969902	0.38915323358450998	-0.94838021565659203
1166	295	1.15123942262	0.34133859723806498	0.33873926140368099	-0.0025993358343842101	0.460798458009954	0.46784143447875798	0.0070429764688038597	7.09214689731607	3.7270247381180899	-3.3651221591979898	0.99338540807366305	0.97968208640813803	-0.0137033216655252	0.0062014196533711997	0.0197861939668658	0.013584774313494599	0.00041317945615447499	0.00053178369998932299	0.000118604243834848	0.0116008052119506	0.0160272386338976	0.0044264334219470099	0.0853802388999607	0.046252798585919699	-0.039127440314041001	0.082944247235949703	0.086228267304300499	0.0032840200683507399	1	54.125	2929.515625	-0.069938966730185403	-0.017379944885934299	-2.4109739517691402	-0.28266719506381999	0.57541818979730697	-0.028308368433598501	0.57395511928053999	-2.6033289739702301	0.035715656811721001	0.39462142890419899	-0.94358724529331495
1167	295.25	0.84776222715399996	0.320521649252623	0.37586577236652702	0.055344123113903999	0.514589964784684	0.382729511894282	-0.13186045289040099	6.1402766346933104	4.5997369095684002	-1.5405397251249	0.99425747860223102	0.98966780174523605	-0.0045896768569949602	0.0053905707412914301	0.0099304002542333607	0.0045398295129419298	0.00035199017729609002	0.000401869809775228	4.9879632479138e-05	0.0090528841371885303	0.012211354573567699	0.0031584704363791299	0.082810236013030697	0.060037012863904199	-0.022773223149126502	0.087875531060823298	0.088904389101142303	0.00102885804031909	1	54.375	2956.640625	1.6660092301046401	-0.112208736357557	-1.1049356066204701	-0.080411440327855799	0.17749451095562499	-0.032802676054502503	0.409852119254216	-1.5155165543003599	0.0093053516513208097	0.39644416067742799	-0.94197472658194803
1169	295.75	1.29757226408	0.36318434262648103	0.23783309962599999	-0.12535124300048001	0.419808686990295	0.657860119268313	0.238051432278018	4.3995975068188597	3.50291164291558	-0.89668586390327998	0.98410781044512896	0.99421923849731597	0.010111428052187	0.0154262287891476	0.0052969137956100799	-0.0101293149935376	0.00046603104146925701	0.000483810966625261	1.7779925156003402e-05	0.0153137701529049	0.0036715048330805801	-0.0116422653198243	0.054752409176399099	0.054063150984253697	-0.00068925819214538803	0.089925419543726903	0.101533561555767	0.0116081420120398	1	54.875	3011.265625	-3.7475059565295599	0.14032856371728999	-0.64406422272234698	0.245844753689727	-0.46786044434735402	-0.034901865215492399	-1.5056968106714099	-0.046585873393398598	0.13319982779037801	0.400089624223888	-0.93872739627380497
1172	296.5	0.75914229757399998	0.24427296817302499	0.30790769010782298	0.063634721934797397	0.61289264112711594	0.38101001828908898	-0.23188262283802799	3.58695057109008	1.80272300243373	-1.78422756865636	0.99213448166847196	0.97168999612331297	-0.020444485545158899	0.00725374822504808	0.027503167232499098	0.020249419007450999	0.00061177033639978203	0.00080683972628321603	0.00019506938988343399	0.0041489212601274004	0.0102355957031254	0.00608667444299803	0.042615514417412799	0.024979069922118999	-0.0176364444952938	0.111178804359772	0.111928841506334	0.000750037146562618	1	55.625	3094.140625	1.9143901575645399	-0.18049345431059199	-1.2793676640354901	-0.4322713563976	0.86862284646141397	-0.023307861601468801	0.78882774207971196	-1.17384005823902	0.0060400674732118296	0.405557819543576	-0.93380066859806399
1173	296.75	0.29617003166599998	0.28309737546369401	0.30856666713953002	0.025469291675836399	0.46629824060947	0.38271780852228399	-0.083580432087185297	3.2892478637631499	1.39229221194986	-1.89695565181329	0.98741023465990996	0.96519384030252697	-0.022216394357383699	0.0119284738262649	0.033780457207467703	0.0218519833812028	0.00066131899457104904	0.0010256835774271199	0.000364364582856074	0.0045350392659505396	0.0112902252762405	0.0067551860102899796	0.042465288769200402	0.015582401625579299	-0.026882887143621099	0.101231942614078	0.089079754015417498	-0.012152188598660499	1	55.875	3122.015625	0.77097878651407803	-0.079248167665230795	-1.3600585642813099	-0.47159467452871601	0.93912613036702497	-0.0122366505614937	0.87534821230919202	-1.78887378618745	-0.14505848551064199	0.40738055131680601	-0.93214356411587596
1175	297.25	0.49486352166399999	0.30806025257334102	0.305699661560356	-0.0023605910129846901	0.38286314485594702	0.39673686390742802	0.013873719051480901	1.46662216000253	1.9273252557963301	0.46070309579380297	0.96716390196234003	0.96944271847605701	0.00227881651371709	0.031923888513119697	0.029529285529861001	-0.00239460298325875	0.00091219709483991403	0.0010279577934852501	0.000115760698645336	0.011362584431966199	0.0107274585300021	-0.00063512590196408204	0.018109065206953899	0.024597099691164699	0.0064880344842107498	0.096684087459891696	0.116971184218833	0.0202870967589414	1	56.375	3178.140625	-0.062786327765673194	-0.012716625434735399	0.32755646020200002	0.072018497394982103	-0.12757920153390601	-0.028494324622560602	-0.081124783933679306	0.43081686831017302	0.23483946187868299	0.41102601486326501	-0.928807062266091
1178	298	0.030473693501700001	0.30095970444381298	0.28999586552381501	-0.010963838919997601	0.40989856719970602	0.43594174496829402	0.0260431777685881	1.96771411746743	2.1602838948369301	0.19256977736950301	0.96746535077691098	0.97653066813945799	0.0090653173625471206	0.031386420270427803	0.022481109551153702	-0.0089053107192741399	0.00114820784656329	0.00098819129561889311	-0.00016001655094440099	0.011300998263888799	0.010762391266999301	-0.00053860699688949203	0.022929861512967199	0.0215066400764049	-0.00142322143656227	0.115478678715636	0.098343661280274303	-0.017135017435361301	1	57.125	3263.265625	-0.32053401770649398	-0.0044085867611704304	0.13562630186306099	0.222628805349011	-0.41401154924927802	-0.046529025293153801	-0.068633061334298806	-0.095405962108543602	-0.20341262082488801	0.41649421018295402	-0.92374657727788601
1180	298.5	1.2442309121099999	0.29167375266551998	0.34690212607383902	0.055228373408318897	0.43586216121912003	0.42060407698154401	-0.0152580842375756	1.9896633774042201	4.5292830228806098	2.5396196454763902	0.97233694791793801	0.99349834024906103	0.0211613923311238	0.0266551837325101	0.0060642234282569296	-0.020590960304253201	0.0010078391933348199	0.00043744498689192403	-0.00057039420644289099	0.0113129792390047	0.0071906195746527296	-0.0041223596643519397	0.019622873089974801	0.0620275020599379	0.042404628969963103	0.098275860810607296	0.104653790901754	0.0063779300911468197	1	57.625	3320.640625	1.66254144450223	-0.032604785950530499	1.8156474773825799	0.49107253159807301	-0.92811050452709598	-0.073366040274720504	-0.53245146201066695	2.8198347687002698	0.071948577916810905	0.42013967372941302	-0.92033576581006504
1181	298.75	0.95704825298700003	0.292119043692945	0.35247083278372798	0.060351789090783002	0.44312389958649701	0.483217175304896	0.040093275718399699	2.77345627099271	3.5905227463692402	0.81706647537652999	0.98339033070951598	0.98990370109677295	0.0065133703872561899	0.015742103935918399	0.0097030344280942607	-0.0060390695078241198	0.00086754158437546002	0.00039324457438851901	-0.000474297009986941	0.0097351710001628202	0.00845813044795303	-0.0012770405522097899	0.029923563526243601	0.049616103118750497	0.0196925395925069	0.098433699849395595	0.096622734528361301	-0.00181096532103427	1	57.875	3349.515625	1.81603563309643	0.0051833564671935704	0.58264180458012704	0.16599438823298299	-0.28791401383500498	-0.067081677891875399	-0.16420301339712901	1.30912394394413	-0.023951948996135401	0.42196240550264202	-0.91861921363344901
1184	299.5	1.26697431657	0.33859248459339403	0.22275142222642999	-0.115841062366963	0.54394774734973095	0.78797495067119006	0.244027203321459	3.86800000406802	4.1482136130332696	0.28021360896525199	0.99037003815174096	0.98166370987892104	-0.0087063282728199205	0.00925795735092853	0.0177971654571598	0.0085392081062313201	0.00037198100253590802	0.00053911559953122204	0.00016713459699531401	0.00753705060040517	0.0077929461443866799	0.00025589554398150699	0.052123291487804903	0.039679021202027001	-0.012444270285778001	0.091405289560165401	0.0669988310455987	-0.024406458514566701	1	58.625	3436.890625	-3.46258715426992	0.14440819766711299	0.198361864061954	-0.171770765448057	0.35344333961239599	-0.025134682446124199	0.0341934816874397	-0.82847888727951302	-0.28856879828380999	0.42743060082233097	-0.913424971332781
1185	299.75	-0.17624076195400001	0.26112405182793902	0.246757599711419	-0.0143664521165203	0.76506523471325605	0.69320211503654405	-0.071863119676711801	5.0881232917309802	3.5407980466259001	-1.5473252451050801	0.99443807434290699	0.97620537653565398	-0.018232697807253201	0.0052492655056989197	0.0232802291924602	0.018030963686761301	0.000312677599777079	0.00051441330988381796	0.00020173571010673899	0.0052175027352789997	0.0101445657235606	0.0049270629882816096	0.072218619706111306	0.036849236760460903	-0.035369382945650403	0.074347729276824204	0.081952200162518501	0.0076044708856942301	1	58.875	3466.265625	-0.42247408739238201	-0.0712488073880468	-1.1097926901484001	-0.38318596765969898	0.77102403054594304	-0.022871911609290401	0.63874787322721005	-2.35335910760833	0.086312652991252597	0.42925333259556098	-0.91167869530895096
1188	300.5	0.012904242674199999	0.25460313037037802	0.24300232529640101	-0.011600805073977099	0.65741421282291601	0.66796910464763903	0.010554891824722501	3.3386721739543699	4.4863721728324997	1.14769999887812	0.97630635797977405	0.98362336158752495	0.00731700360775067	0.0232535103335977	0.0159214935265477	-0.0073320168070500399	0.00044013726728736401	0.000455106125446033	1.49688581586694e-05	0.010801640263310101	0.011728357385706	0.00092671712239595803	0.039903632870116598	0.046245640888810002	0.0063420080186934197	0.083466347686255299	0.10015346335393401	0.016687115667679199	1	59.625	3555.140625	-0.33961710778284399	-0.0149823749303994	0.819309686403767	0.183829123616775	-0.34479599124905902	-0.035085697463936798	0.121012919441691	0.42110381380023099	0.19267991945551999	0.43472152791524898	-0.90639528146663995
1189	300.75	0.55952754070199995	0.26036231266334697	0.22450307179242299	-0.035859240870924	0.63073585201054805	0.74674434233457199	0.11600849032402399	3.3975825637577999	3.2242243314625298	-0.173358232295275	0.97540484275668804	0.99205906409770295	0.0166542213410142	0.024155052774585802	0.0075844297680302802	-0.016570623006555499	0.000440116388472231	0.000356521324010825	-8.3595064461406199e-05	0.011974264074255	0.0117926915486653	-0.00018157252558973299	0.039509398629888101	0.032121978348001803	-0.0073874202818863099	0.071540926551360698	0.076781743028401198	0.0052408164770404702	1	59.875	3585.015625	-1.0663840051012401	0.057010356625293898	-0.12630541646400001	0.391046549734548	-0.751239617754348	-0.041531373617488203	-0.022424750429338201	-0.49211890237957401	0.058631788623047201	0.43654425968847899	-0.90461928159559601
1191	301.25	0.11313807851799999	0.22888765386305801	0.26370866629295198	0.034821012429894202	0.71738682445138302	0.61700274571775804	-0.100384078733625	3.7066681261566798	3.6254579499363202	-0.081210176220366304	0.98999756090343005	0.98816758096218105	-0.0018299799412488901	0.0096062062584679302	0.0114369166505642	0.0018307103920962701	0.00039622504291401403	0.00039546414168399499	-7.6090123001914697e-07	0.011643084773310899	0.0096115677445023796	-0.00203151702880847	0.037003993273264299	0.037644230359000899	0.00064023708573658601	0.10039305087153701	0.093227888966806602	-0.0071651619047305897	1	60.375	3645.140625	1.05115023424897	-0.090719947096085399	-0.060345724856051802	-0.019166505478705399	0.058309411349337002	-0.0361143591922609	-0.26184928120492401	0.041846453301831198	-0.086655188899307206	0.44018972323493799	-0.90104498896809704
1193	301.75	0.48962715962800002	0.25561928255483501	0.26672321949154099	0.0111039369367064	0.65973587092012398	0.57337690424174104	-0.086358966678383206	4.2239866785706299	0.89952376009902502	-3.3244629184716001	0.991784413717688	0.96967603061348195	-0.022108383104206299	0.0078828238096315395	0.0295898492797282	0.021707025470096699	0.00033275279729422599	0.00073414451562712796	0.00040139171833290202	0.0088715164749707393	0.014172356216995899	0.0053008397420251903	0.041508425655775498	0.010371936231968399	-0.0311364894238071	0.101116399636204	0.099509775052548696	-0.0016066245836556499	1	60.875	3705.765625	0.34060213815863899	-0.081145061633658394	-2.3818700173666101	-0.469197620661648	0.93274884597928298	-0.0098152278153915105	0.68712301298095502	-2.0718051758139202	-0.021558905319543901	0.443835186781397	-0.89744097249338495
1196	302.5	-0.44409761952799998	0.265750832855702	0.26041957885026901	-0.0053312540054323296	0.57165903151035302	0.56806822121143397	-0.0035908102989196098	0.79937359141188902	0.44141270145774703	-0.35796088995414199	0.96739535629749296	0.96891320943832404	0.0015178531408310801	0.031869158800691397	0.030248375423252601	-0.0016207833774388	0.00073548607178963699	0.00083840502484235795	0.000102918953052721	0.0143621374059607	0.0134776927806713	-0.00088444462528934305	0.0086755061478472496	0.0057340309140272699	-0.0029414752338199801	0.086935090662152895	0.083033756093554401	-0.0039013345685984199	1	61.625	3797.640625	-0.151785451372459	-0.024639586729206901	-0.25844422533141997	0.055130718186665102	-0.093535749517606098	-0.029334122097498298	-0.113392248304561	-0.196393696355529	-0.048432358403468101	0.449303382101086	-0.89197921556778903
1198	303	0.089767618215600004	0.26144009716808803	0.25566381961107199	-0.0057762775570156001	0.56646137759089499	0.58319608271122003	0.016734705120325499	0.39635497853158802	0.48584581394680798	0.089490835415220099	0.96840679571032495	0.96914331391453701	0.00073651820421227797	0.030786230741068801	0.0300351550802588	-0.00075107566081000397	0.00080695824653957595	0.00082155304553452595	1.45947989949492e-05	0.0136804651331019	0.013484502721715899	-0.00019596241138594199	0.0049585055094210403	0.00598092279469722	0.0010224172852761799	0.089625486901572904	0.061469047833546897	-0.028156439068026	1	62.125	3859.515625	-0.16511806640687501	-0.0107634421866524	0.061842268730000399	0.037790840385030798	-0.055273791954660798	-0.035110159398562699	-0.0242871261107044	0.0672674418712495	-0.33248499123641601	0.45294884564754501	-0.88830088947504104
1199	303.25	-0.122275325964	0.25861544786021101	0.255869362223893	-0.0027460856363177898	0.57255343422293603	0.58653996959328702	0.0139865353703503	0.495344687532637	0.35389185249805599	-0.141452835034581	0.96903573777526597	0.97088011223822801	0.0018443744629622601	0.0300911498605274	0.0283320847316644	-0.0017590651288630101	0.00087311455972667303	0.00078782551681797603	-8.5289042908697594e-05	0.013355905038339199	0.0134578634191443	0.00010195838080513	0.0063151305788778601	0.0046199283358874304	-0.0016952022429904299	0.069263969048987697	0.059618992389788801	-0.0096449766591988895	1	62.375	3890.640625	-0.0743354949781765	-0.0126396062047134	-0.10346749395553501	0.062377085346290703	-0.099619322657823806	-0.041642152857925101	0.0142705418379996	-0.11349695944341499	-0.11569641236471601	0.45477157742077401	-0.88645057998596199
1202	304	-0.50568579593999996	0.25557144917547697	0.26082961000502097	0.0052581608295442202	0.58868046551942799	0.59377386644482599	0.0050934009253982299	0.38041822798548802	0.81111250668763402	0.43069427870214599	0.97192049920558898	0.97467165216803597	0.0027511529624465502	0.027319178776815601	0.024669573060236798	-0.0026496057165788598	0.000760320054541804	0.00065878912355401002	-0.000101530930987794	0.013401737919560199	0.0137248286494502	0.00032309072988998498	0.0049228982592465203	0.0099250677973031498	0.0050021695380566304	0.062725490661108496	0.067677793010121098	0.0049523023490126404	1	63.125	3984.765625	0.16546650289418499	-0.018710911972324201	0.306076112105715	0.082500885828385204	-0.13879780242036199	-0.042704305701452103	0.042890053843265698	0.33198350159628598	0.0552529865371712	0.46023977274046302	-0.88085506574790295
1204	304.5	0.56684418277600002	0.25927379131317102	0.25133883953094399	-0.0079349517822268102	0.59147989749908403	0.61035823822021595	0.018878340721131901	0.63651796281337203	1.63265773095184	0.99613976813846505	0.97366052865982	0.97644785046577398	0.0027873218059539799	0.0256238694302739	0.022834422625601401	-0.0027894468046725301	0.00071560069918633095	0.00071774078242015495	2.1400832338236702e-06	0.0139101381655093	0.0144915545428241	0.00058141637731480003	0.0077448489930247002	0.019273197022265799	0.0115283480292411	0.063812469508001304	0.085805716147630606	0.021993246639629201	1	63.625	4048.140625	-0.229790536722351	-0.0092999911090382997	0.71082268726955999	0.083303567619832194	-0.14494997708305901	-0.035924646710418097	0.0763232172783707	0.76607691885402096	0.25482026079168801	0.46388523628692202	-0.87708756811351196
1206	305	0.36610607468400003	0.254933988116682	0.24872502144426201	-0.0062089666724201896	0.602606384456156	0.60509679391979998	0.0024904094636434299	1.85381297469144	3.8933445662260899	2.0395315915346601	0.97713957354426395	0.97780474498868097	0.00066517144441668996	0.022166702407412201	0.0213664578041056	-0.00080024460330667098	0.00069374518643598899	0.00082883053837576803	0.00013508535193977901	0.014293924967447901	0.0132352193196613	-0.00105870564778654	0.020906707458198299	0.041147476970218699	0.020240769512020401	0.080331317224836205	0.095260827667620201	0.014929510442784	1	64.125	4112.015625	-0.17808114978695	-0.0204879633789589	1.45768383474208	0.0362074680840919	-0.057436932461812799	-0.027230571581848498	-0.13594555380711701	1.3455898480756301	0.17209652466436501	0.46753069983338102	-0.87329034663190797
1207	305.25	0.75700852462199997	0.24600257528945799	0.270028694486247	0.024026119196788601	0.62186869066208605	0.53274135384708099	-0.089127336815005107	1.61490281894786	4.5949455603957503	2.9800427414478898	0.97437192201614398	0.98421852830797496	0.0098466062918306507	0.024884422484319501	0.0150109922629781	-0.0098734302213414008	0.00074367348042869805	0.00077049321680533402	2.6819736376636e-05	0.0144080056084528	0.0110768847995332	-0.0033311208089195402	0.0194899682712255	0.0472544984426349	0.0277645301714094	0.087525699130927198	0.107447906150775	0.019922207019847701	1	64.375	4144.140625	0.72774228133822305	-0.083035016371371201	2.1309028698965902	0.23996766212683801	-0.45660303900579302	-0.034310698649993199	-0.43004731347339797	1.84603815479528	0.23056622153515999	0.46935343160661103	-0.87138058944840002
1209	305.75	0.55589893795199996	0.26194187118671802	0.28465282358229199	0.022710952395574	0.56252942886203805	0.47576693240553097	-0.086762496456507507	4.4007201142608601	2.4578544594345599	-1.9428656548262899	0.98213419839739802	0.96842338517308202	-0.013710813224315801	0.017053385166218699	0.0306194791686723	0.013566094002453699	0.00081244952598354505	0.00095718191350896496	0.00014473238752541899	0.012506364893030499	0.011818200570565599	-0.00068816432246486504	0.045564477029256097	0.0282441343355441	-0.017320342693712	0.10478432610703101	0.158036914677915	0.053252588570884801	1	64.875	4208.765625	0.688340742690985	-0.081420549728940694	-1.39292100077151	-0.282833452462387	0.57459636741417397	-0.026599695034183999	-0.087989151442749797	-1.15281432144139	0.62089983700658402	0.47299889515306998	-0.86753878219597502
1212	306.5	-0.0111854001551	0.285392789542675	0.267378498613834	-0.018014290928840899	0.468880306184292	0.52974084913730701	0.060860542953014997	1.9489523336290799	1.37760204914957	-0.57135028447951097	0.96449777185916896	0.96633730828762099	0.0018395364284511399	0.034572572819888202	0.032845879532396802	-0.0017266932874914799	0.00092968582175671701	0.00081686839112080295	-0.000112817430635914	0.0117016827618634	0.0136690492983218	0.0019673665364583902	0.0252762160729611	0.0191607579065021	-0.0061154581664589801	0.15040771558692401	0.14563190456549299	-0.0047758110214305401	1	65.625	4306.640625	-0.53176095641142695	0.019361083130327899	-0.41118861577041399	0.062269716632450803	-0.0981951545182181	-0.043442396472447201	0.25569641790895598	-0.40751343502159898	-0.058673391946870997	0.47846709047275898	-0.86172033910380996
1213	306.75	-0.46235059093899999	0.28198239039629802	0.261684301495552	-0.0202980889007459	0.47943911515176102	0.55162879563868095	0.072189680486920496	1.84082084260882	1.47774588000032	-0.36307496260849798	0.96221882812678805	0.96582436431199303	0.0036055361852050899	0.036881511111278298	0.033373052079696298	-0.0035084590315820801	0.00089964687831525704	0.00080264072494174105	-9.7006153373516198e-05	0.0126460958410192	0.0142276975843642	0.0015816017433449201	0.026740898133721401	0.021218687633518599	-0.0055222105002028397	0.138495979064616	0.135124029463457	-0.0033719496011590201	1	65.875	4339.515625	-0.60018205248029899	0.027095438039434101	-0.26210488481258898	0.10146189727695901	-0.176582230985429	-0.042408403809632199	0.20576975555760799	-0.36805314335578398	-0.042232706953321	0.48028982224598799	-0.85976599614948102
1216	307.5	-0.78452653211000001	0.25857163816690498	0.21817321777343199	-0.040398420393472398	0.565907430648803	0.75051116049292099	0.18460372984411799	1.5311757564544699	1.9102813676003101	0.37910561114583602	0.965294814109802	0.96255432069301605	-0.0027404934167867298	0.033951249346136997	0.0365568460896614	0.0026055967435244499	0.00075395478052087096	0.00088883079588415802	0.00013487601536328701	0.014690370912904999	0.017031521267361099	0.0023411503544560801	0.0219009773805738	0.0333473081525976	0.0114463307720238	0.12705496071102301	0.222452907015774	0.095397946304751	1	66.625	4438.890625	-1.2023748598120301	0.10384004034444499	0.26914888056745001	-0.0393731949055088	0.092399793816421896	-0.027244261335089798	0.30407247193646603	0.76062148248989303	1.1144660397938599	0.48575801756567699	-0.85385838151567295
1217	307.75	1.8944164940399999	0.255205038655549	0.16019677286967099	-0.095008265785878801	0.58321485705673604	1.02475111745301	0.44153626039626998	1.38842536769804	1.11252655657026	-0.27589881112778097	0.96419259943068003	0.95542956590652395	-0.0087630335241560796	0.035043311177287297	0.043501021817792702	0.0084577106405054198	0.000764091369455858	0.0010693916981836301	0.00030530032872777102	0.016261270311143598	0.016214476691351901	-4.6793619791655299e-05	0.020991960249375	0.0234852440400623	0.00249328379068735	0.200010899713229	0.106879187101974	-0.093131712611254705	1	66.875	4472.265625	-2.83845017114235	0.27924680657337198	-0.19970408861389899	-0.173029204156987	0.34985793670579801	-0.016099210454017299	-0.0049813210599674602	0.16510317660120699	-1.0934133772357699	0.48758074933890599	-0.85187431471413
1220	308.5	-1.37484165457	0.15684562921524101	0.154468087852001	-0.00237754136323987	1.04383634924889	1.06932097673417	0.025484627485280201	0.30090873502197402	0.50311837382618096	0.202209638804208	0.95314999818801904	0.95389114916324602	0.000741150975227423	0.045855783671140599	0.045156325586140002	-0.00069945808500052097	0.00099420820479281498	0.00095249589066953295	-4.17123141232819e-05	0.016503454137731501	0.016376636646412	-0.00012681749131945901	0.0046350750839341398	0.0063484790487568898	0.00171340396482275	0.088517200507641794	0.082233348531831202	-0.0062838519758105201	1	67.625	4573.140625	-0.063294149191857704	-0.00478990670832047	0.14252652650653599	0.037893653761882001	-0.053002926171406499	-0.038792413580962498	-0.0153382143927426	0.11322891372022199	-0.076334128206393306	0.493048944658595	-0.84587752853868103
1221	308.75	-1.2158161330499999	0.157247492112219	0.143820379255339	-0.0134271128568807	1.0425406832248001	1.17309242412449	0.13055174089968999	0.20938927289098599	0.68525205012413004	0.47586277723314402	0.95314902327954798	0.96418828237801801	0.011039259098470601	0.045918263983912799	0.034962765534873597	-0.010955498449039199	0.00093271396544878499	0.00084894486735720702	-8.3769098091578795e-05	0.016455975285282899	0.0134765271787289	-0.0029794481065539701	0.0034462548399460799	0.012028475293482801	0.0085822204535366802	0.084147714885117297	0.092895702599043797	0.0087479877139265	1	67.875	4607.015625	-0.394332096500144	0.066938973093019993	0.338407778777845	0.26643576557093401	-0.50420759375076896	-0.041542754702880297	-0.384532936364269	0.57011314177646999	0.099704430617105502	0.494871676431825	-0.84386373788992397
1224	309.5	0.92354682890399997	0.145501150935888	0.24366323649883401	0.098162085562946297	1.2034938216209401	1.0141203761100701	-0.18937344551086999	0.69158046841619603	1.2013541551306199	0.50977368671442302	0.97408305704593601	0.99625022113323203	0.022167164087296701	0.025285211624578599	0.00358798300148908	-0.021697228623089499	0.000631750714092062	0.00016181781320483401	-0.00046993290088722799	0.010571402090567301	0.00627226652922451	-0.0042991355613427804	0.0139336096122858	0.020003393561635999	0.0060697839493501198	0.0962326336787519	0.084232814389442801	-0.011999819289309	1	68.625	4709.390625	2.9488074277733598	-0.15147261637315801	0.36268124939465302	0.51339325288034898	-0.97677971909106398	-0.066796283061720904	-0.555330248977424	0.40299663565904698	-0.14327408159330399	0.50033987175151295	-0.837777780172831
1226	310	0.49266734031100001	0.22471411619335099	0.27710222043096999	0.0523881042376192	1.0700506895780699	0.90449130758643104	-0.165559381991635	1.3215600954136499	0.60348780825734605	-0.7180722871563	0.99469358250498796	0.99834788814187103	0.0036543056368830702	0.0051105485123118704	0.00155041638499821	-0.0035601321273136602	0.00019587056667660799	0.00010167198352064499	-9.4198583155963997e-05	0.0064620123969184396	0.0044154414424189201	-0.0020465709544995199	0.022832848000507899	0.0111675476189703	-0.0116653003815376	0.091004686600017204	0.099102318597276501	0.0080976319972593507	1	69.125	4778.265625	1.5774488346564499	-0.13521485460316199	-0.51621240532050905	0.102544219713747	-0.178855539314451	-0.042224800236238903	-0.26379759862127899	-0.77666514848438395	0.092088085216424101	0.50398533529797196	-0.83368332021908598
1228	310.5	0.264234761268	0.27328359633684102	0.28629736602306299	0.0130137696862221	0.91435846686363298	0.89324486255645896	-0.021113604307174499	0.58335705399514504	0.70784015087407404	0.124483096878929	0.99799013733863795	0.99857689142227202	0.00058675408363351199	0.00189843720290812	0.0013223588350228901	-0.00057607836788522602	0.00011140164060634699	0.000100800021391478	-1.06016192148691e-05	0.0047170003255208297	0.0045519793475115502	-0.000165020978009273	0.010583976469934199	0.0125922875085956	0.0020083110386613198	0.090145724367882901	0.116375134560513	0.026229410192630101	1	69.625	4847.640625	0.397819480339344	-0.036602325062411997	0.086889772422695202	0.034467180545701297	-0.047574953750174703	-0.036757901774198	-0.020282606972512201	0.13284486808447801	0.30443016498192699	0.50763079884443096	-0.82955913641812595
1229	310.75	0.52439161087599995	0.28186912816017801	0.26808975716121403	-0.013779370998964599	0.893677116371691	0.93884595893323697	0.045168842561545602	0.46880672611296997	0.84890127632819501	0.38009455021522498	0.99850138816982503	0.99831754714250598	-0.000183841027319498	0.0014003994023369199	0.00158310660444843	0.00018270720211151001	9.8202894992027097e-05	9.9303858178245502e-05	1.10096318621846e-06	0.0043972086023400898	0.0053348965115017598	0.00093768790916166596	0.0084365852875636794	0.015382417487625401	0.00694583220006175	0.11898901291132299	0.11474121282079899	-0.00424780009052404	1	69.875	4882.515625	-0.40488552043565001	0.0086484247667263092	0.26985676436678802	0.017365647730228299	-0.014192909732986699	-0.035992600898253603	0.12243278661557	0.461267609912626	-0.052489831901103901	0.50945353061766097	-0.827485898074941
1232	311.5	0.26111136938399998	0.25291764214634999	0.17252269014715799	-0.080394951999191194	0.97361411750316496	1.1585233569145299	0.184909239411365	0.73482254147528303	0.98841335931791996	0.25359081784263698	0.99796128273010198	0.97613677084445805	-0.0218245118856439	0.0019326303852721901	0.023177469219082199	0.021244838833809999	0.00010603148293739599	0.00068575267214330095	0.00057972118920590501	0.0058060257523147802	0.012081344039352	0.0062753182870372596	0.012966820923611601	0.023971744364826499	0.011004923441215	0.12549287114558699	0.1143224879768	-0.011170383168786499	1	70.625	4987.890625	-2.4006448316229898	0.104048610450876	0.17930523750910499	-0.46289777150531503	0.912415387823583	0.0018467879336391401	0.81324250898985995	0.73126095903926602	-0.13356051743171801	0.51492172593734997	-0.82122159727456401
1234	312	-0.43766063872700001	0.200765714980666	0.14499986432492801	-0.055765850655737803	1.0719420611858299	1.1656695604324301	0.093727499246601703	1.1783514247276301	0.60434309057893398	-0.57400833414869301	0.98451907187700405	0.95849469602107995	-0.0260243758559239	0.0150207072379987	0.040673093078657997	0.025652385840659299	0.00046023504319233298	0.00083222855901112099	0.00037199351581878801	0.0095639264142067994	0.017141808403862899	0.0075778819896560601	0.024936859466834001	0.0079011718684344305	-0.017035687598399601	0.17024454207442699	0.083311422700983198	-0.086933119373444195	1	71.125	5058.765625	-1.6627730365514	0.041799217012620897	-0.41309125098515298	-0.55610380212681498	1.10632119469218	-0.0117377496455434	0.98182362197038298	-1.1338802847412199	-1.0208213696811499	0.51856718948380898	-0.81700824193196098
1236	312.5	-1.06716229343	0.13881023898720701	0.158911233395338	0.020100994408131699	1.2208068907261	1.0328023105859701	-0.188004580140123	0.496780395507809	0.62854546084998497	0.131765065342176	0.95867503583431202	0.95776410102844201	-0.00091093480587001196	0.040454768203198897	0.041424054838717	0.00096928663551814503	0.00087021015060599995	0.00081184235168620599	-5.8367798919794299e-05	0.016912276656539299	0.0171434190538194	0.00023114239728005601	0.0064890305278821501	0.0073863171797708396	0.00089728665188868796	0.082741003785973793	0.090973362460032306	0.0082323586740584292	1	71.625	5130.140625	0.61014810551758902	-0.15053809769788801	0.092102214383968095	0.00122952392530309	0.020411898670404501	-0.039881613952913397	0.0309898663768708	0.058944288539759498	0.093665875460886394	0.52221265303026798	-0.81276516274214505
1238	313	-1.22283559226	0.15668644532561299	0.16761466208845399	0.0109282167628411	1.0540788814425499	0.96587601453065897	-0.088202866911890596	0.56865429002790102	0.61568790227172598	0.0470336122438254	0.95766795203089705	0.95900441929697999	0.0013364672660828301	0.041544816223904497	0.040229503856971903	-0.00131531236693265	0.00078723785118199304	0.00076605792419286904	-2.11799269891232e-05	0.017122311062282899	0.0168263470685041	-0.00029596399377879499	0.00673965110618132	0.0077635901863685004	0.00102393908018719	0.090237998398853797	0.097414133367487096	0.0071761349686333001	1	72.125	5202.015625	0.33533767648331297	-0.082403884627045995	0.031451336287122898	0.051105288430908898	-0.080096845139476	-0.037449679702195697	-0.0372295856815546	0.067368665145203399	0.081296391569623094	0.52585811657672699	-0.80849235970511402
1239	313.25	-1.4305307511700001	0.162516268435865	0.16952382908202701	0.0070075606461615604	1.0020907750353201	0.95871281102299699	-0.043377964012326201	0.66592226456850301	0.264828740782105	-0.40109352378639701	0.95803084671497296	0.95882248710840901	0.000791640393436155	0.041167185583617698	0.0404120699851774	-0.00075511559844026305	0.00080198420255328702	0.00076543083905562695	-3.6553363497659897e-05	0.0170474017107929	0.017188029819064699	0.00014062810827181199	0.0077898835515950804	0.0038919873124541901	-0.0038978962391408899	0.085082457067489098	0.13385442546259099	0.048771968395102103	1	72.375	5238.140625	0.21787737915737601	-0.051802110506651698	-0.28931861755409799	0.039014146780923999	-0.0554515251392819	-0.038455039376071198	0.0192752764869695	-0.26001072170928702	0.56842709017980697	0.52768084834995699	-0.80634481174389405
1242	314	-1.42181140598	0.17127073481678901	0.17952818740159299	0.0082574525848035096	0.95201289877295603	0.89870446100830703	-0.053308437764648199	0.29937399178741603	0.46640864629297302	0.16703465450555699	0.959168294817209	0.95944015458226195	0.00027185976505306203	0.040077647613361599	0.039770961133763202	-0.00030668647959834798	0.00075406882897368103	0.00078886751216486798	3.4798683191186798e-05	0.017015527795862202	0.016983992965133001	-3.1534830729276798e-05	0.0044170639826913802	0.0071882793330587703	0.0027712153503673901	0.152731421707896	0.12533205388309601	-0.027399367824800201	1	73.125	5347.265625	0.25532332554211401	-0.058581603489781302	0.117348229584381	0.0274788471835163	-0.035723315779905097	-0.033788908264161602	-0.0030064897041580498	0.18358999253311101	-0.32361889544674499	0.533149043669645	-0.79985758208941105
1244	314.5	3.53258650215	0.17684448510408399	0.207681296020746	0.030836810916661801	0.92601852118969197	0.65056642591953096	-0.27545209527016101	0.37905847281214899	0.48014281988145902	0.10108434706930999	0.96025692820549002	0.95265026986599	-0.0076066583395005801	0.038982103392481697	0.045945391990244402	0.0069632885977626803	0.00076095614640507504	0.00140436728252099	0.00064341113611591897	0.017642211914062501	0.0130616364655671	-0.0045805754484953996	0.0055151052307334204	0.0099589687539271502	0.0044438635231937203	0.128438589579037	0.132111601156393	0.0036730115773555001	1	73.625	5420.640625	0.93178615833326395	-0.21023815129075801	0.070140918597723007	-0.14736619658492001	0.28411227102147502	0.0060118491559003201	-0.59175491620706699	0.29484737879566603	0.040271154079732002	0.536794507216104	-0.795495607510738
1245	314.75	0.95369603029899996	0.18824996468610999	0.21062823389656701	0.022378269210457699	0.82155170645565501	0.62532371487468597	-0.19622799158096901	0.53272371515630002	0.52347411038352598	-0.0092496047727743703	0.95747589562088298	0.95692095346748796	-0.00055494215339457796	0.041606786067131599	0.041668904724065002	6.2118656933424194e-05	0.00091731801694548199	0.0014101537490205499	0.00049283573207506599	0.015307475902416099	0.013714408874511801	-0.0015930670279043701	0.0093126002626375305	0.0108670016270481	0.0015544013644106	0.12682381179516999	0.195667216333056	0.068843404537885705	1	73.875	5457.515625	0.67837377168507296	-0.15615218636587	-0.0088362595152267197	0.0091299374392776692	-0.0194980872195866	-0.0038351644910566301	-0.20510396503334599	0.102652742342285	0.80348459245651704	0.538617238989334	-0.79330347377869603
1247	315.25	-0.16564619290800001	0.208628431847318	0.25105163333937602	0.042423201492058499	0.63174603078514602	0.60878035407513398	-0.022965676710011599	0.51576213892550404	0.33584614559077303	-0.17991599333473099	0.95473190434277	0.96680564749985998	0.0120737431570893	0.043820826848969097	0.032252776360837503	-0.011568050488131599	0.00144729428684516	0.00094159915624912995	-0.00050569513059602999	0.0132188585069444	0.018990954646357899	0.0057720961394135501	0.010363002398663	0.0077193739965878997	-0.0026436284020750901	0.16170881410094801	0.236070349525452	0.074361535424504702	1	74.375	5531.640625	1.2789068548235101	-0.0378667271616921	-0.13099946986269101	0.28939368838162099	-0.53115623370960297	-0.069134986160220596	0.74811421656754196	-0.17658220189729801	0.86810767444315395	0.54226270253579301	-0.78889691342920198
1250	316	-0.78294254745299996	0.26061645727604499	0.29195287562906802	0.031336418353021998	0.61346859857439995	0.62803387492895202	0.014565276354551999	0.362659762799733	0.29615993741899999	-0.066499825380733402	0.96958085969090402	0.97465019747614901	0.0050693377852443202	0.029570145229809199	0.024768003285862501	-0.0048021419439467196	0.00084898391287424298	0.00058179099578410003	-0.000267192917090143	0.0204239456741897	0.023411305745442701	0.0029873600712529802	0.0078771645901722399	0.0051997905276948602	-0.0026773740624773802	0.26311876057213801	0.15843590807921101	-0.104682852492927	1	75.125	5643.765625	0.94675407091592101	-0.0122445021503346	-0.049816037674825203	0.133947505792504	-0.23349657099459101	-0.053537919918347998	0.38770657985566298	-0.178826818568668	-1.2286893021730501	0.54773089785548201	-0.78223134069143496
1252	316.5	-1.2084370825799999	0.29068144559860198	0.29241684973239901	0.0017354041337968599	0.62467612624168301	0.62856945097446404	0.0038933247327808101	0.34388190656901102	0.24970745518804199	-0.094174451380968804	0.97482661008834803	0.97328383624553705	-0.0015427738428118701	0.0245703670196235	0.026121266186237401	0.0015508991666138799	0.00060302758647595202	0.00059491913416423101	-8.1084523117211205e-06	0.023234727647569401	0.0235575358072917	0.00032280815972222601	0.0061509735649453202	0.0044464874503319903	-0.00170448611461332	0.14612048027934499	0.18306422600943401	0.036943745730089197	1	75.625	5719.140625	0.059927012417303097	-0.019530198980174	-0.069625568923720293	-0.0127926465644562	0.045999384623872798	-0.036594858887640101	0.042853482892240301	-0.114114482786304	0.42990623615460399	0.55137636140194102	-0.77775047072390502
1253	316.75	-1.1793042465700001	0.29185575023293497	0.294364404026419	0.0025086537934840801	0.63086099494248604	0.62206809110939498	-0.0087929038330916108	0.23158463360742801	0.21648901705628701	-0.015095616551140299	0.974073126539588	0.97266699522733702	-0.0014061313122510899	0.025355556193971899	0.0267238038941288	0.0013682477001568101	0.00057132879701384898	0.00060920383111806695	3.7875034104218201e-05	0.023581328215422401	0.024621631481029398	0.00104030326560706	0.0038340629529558501	0.0039724271817246897	0.00013836422876883499	0.187743368799311	0.178584514528455	-0.0091588542708557208	1	75.875	5757.015625	0.083093067340519494	-0.028191034272609002	-0.013020841919482599	-0.0097601893282760702	0.037963808389733199	-0.0335877275360313	0.13571352748350399	0.0084640222505939396	-0.11000341094758399	0.55319909317517002	-0.77549888929743505
1256	317.5	-1.2122677696799999	0.29449793398380297	0.29430534839630101	-0.00019258558750156999	0.621605148911476	0.62074665129184703	-0.00085849761962875104	0.13006103336811101	0.22949505969883599	0.099434026330725095	0.97187336683273295	0.973146116733551	0.0012727499008178299	0.027521742228418598	0.026229291222989601	-0.0012924510054289999	0.00060486325528472595	0.000624587421771138	1.9724166486411801e-05	0.025506478768807801	0.024925627531828701	-0.00058085123697911001	0.0024072057916782702	0.0040218335838292903	0.0016146277921510199	0.15680992067045399	0.027509178908970599	-0.12930074176148301	1	76.625	5871.390625	0.0021656992172917602	-0.0227742482671183	0.0689596169880312	0.049691232466230702	-0.0790910814478826	-0.034774719809272402	-0.074100418513841304	0.10665874614104399	-1.51699052395045	0.55866728849485903	-0.76869955924720401
1258	318	-1.5737550598900001	0.29370268806815097	0.295291202142835	0.00158851407468336	0.62276051864028004	0.61902533248066904	-0.0037351861596109899	0.177490286342805	0.26678802426904302	0.089297737926237603	0.97261015698313702	0.97277699112892102	0.00016683414578455601	0.0268039811635391	0.0266116455430166	-0.0001923356205225	0.00058586291415849005	0.00061137597731430896	2.5513063155818199e-05	0.025131592927155701	0.025528406213831002	0.00039681328667536301	0.0030369704851182801	0.0043323140562278898	0.0012953435711095999	0.0263747280316118	0.086524541013621697	0.060149812982009901	1	77.125	5948.265625	0.055526282155780197	-0.024738151526708298	0.061704049310448102	0.025148052387576701	-0.030692559315875799	-0.034396149717645701	0.052431414967993903	0.085421328443142694	0.70167354603208099	0.56231275204131803	-0.76412951773803195
1259	318.25	-1.5627652376400001	0.29468042952939899	0.29662474533542998	0.0019443158060313301	0.61912148576229797	0.61740617193281599	-0.0017153138294818699	0.27345847054385097	0.27029036986640298	-0.0031681006774479398	0.97351646889001098	0.97296518869698001	-0.00055128019303085597	0.025828604749403902	0.026450530666625099	0.00062192591722119001	0.00065494698301335897	0.00058424053622729898	-7.0706446786060104e-05	0.0251870967723705	0.024905706334997099	-0.00028139043737343501	0.0048772000242936096	0.0042236960456646499	-0.00065350397862895895	0.028807645002872698	0.20521719268291699	0.17640954768004399	1	77.375	5986.890625	0.066185869711908707	-0.0233591931174254	-0.0044831114215315099	0.0092112059737375993	0.0051300967404062196	-0.040688510900645597	-0.035343438882007999	-0.044207656379004201	2.06319659097365	0.56413548381454803	-0.76183335054074097
1262	319	-1.5527739497999999	0.29700557738542599	0.29699688665568802	-8.6907297373040004e-06	0.61695344746112801	0.61694424822926497	-9.1992318629330294e-06	0.25796364694831603	0.29435773920267999	0.036394092254364102	0.97334700003266295	0.973108579218388	-0.000238420814275608	0.026085876533761699	0.026297960313968399	0.000212083780206658	0.00056710357457632099	0.00059347158603486705	2.6368011458545801e-05	0.0244197139033565	0.025470677128544599	0.00105096322518809	0.0042235798959150399	0.0046094058488962203	0.00038582595298118503	0.16013828861965199	0.030873439948325899	-0.12926484867132601	1	78.125	6103.515625	0.0076750690846994598	-0.022194435802572399	0.023835554823529299	0.016154378667624099	-0.0129005153309018	-0.034340239606309601	0.13709316661123799	0.024924115343195399	-1.51657017833785	0.56960367913423604	-0.75490026317804604
1263	319.25	-1.0091016775999999	0.29721105089411098	0.29642321188002801	-0.00078783901408319102	0.61647265013307295	0.61727642975747599	0.00080377962440247896	0.23580985185689901	0.38730132989582899	0.15149147803893001	0.97319453936070199	0.97294067312031995	-0.00025386624038237199	0.026203588483622298	0.0264289493032266	0.00022536081960428499	0.00060187478484294797	0.00063040630830073598	2.8531523457787599e-05	0.0246588954219111	0.0256042974966544	0.00094540207474325805	0.0042266680255123902	0.00563551915256517	0.00140885112705278	0.036123067567670503	0.29635730094373303	0.260234233376063	1	78.375	6142.640625	-0.015667704781877699	-0.0216394185305923	0.10622240479744	0.015811604028050898	-0.0123164047058257	-0.0341987547979666	0.12343117357879201	0.092971364488050906	3.0448713006789898	0.57142641090746604	-0.75257437213354095
1266	320	-1.22313871878	0.29635619521140999	0.297185548022389	0.000829352810978901	0.61675911694765095	0.61494438573718102	-0.00181473121047004	0.347133883368208	0.28050998188555798	-0.0666239014826496	0.97272479608654905	0.97387961596250505	0.00115481987595578	0.026633939682506099	0.025509611051529602	-0.0011243286309764399	0.00064129820893867105	0.00061075060657458003	-3.0547602364091201e-05	0.025381695782696799	0.024753627070674199	-0.00062806871202263103	0.00500306345784313	0.00466090677946354	-0.00034215667837958599	0.42806880975044498	0.216783827799467	-0.211284981950977	1	79.125	6260.765625	0.0327823063774145	-0.023427064948480101	-0.049904851500823501	0.047074054960895097	-0.071694698693432299	-0.038062287238234897	-0.080211424431604297	-0.0234981686287404	-2.4771116925557699	0.57689460622715505	-0.74555211322920401
1268	320.5	-1.65201816671	0.29782615154981601	0.29619441479444503	-0.0016317367553711499	0.61313827931880904	0.61718073189258604	0.0040424525737764398	0.29176995754243401	0.20903149992227199	-0.082738457620161895	0.97375205159187295	0.97330518960952805	-0.00044686198234544799	0.025622480083257002	0.026085993461310901	0.00046351337805391302	0.00062545111286453896	0.00060879840748384096	-1.6652705380697899e-05	0.024485044126157301	0.025480821397569499	0.000995777271412146	0.0046807184582578201	0.0037532822811044198	-0.00092743617715339603	0.20604045161164	0.13713613581308101	-0.068904315798558893	1	79.625	6340.140625	-0.040950330101315699	-0.019428390025552598	-0.061439670557290799	0.0115285207752305	-0.00183911111548289	-0.037153617983185699	0.12995085987434901	-0.0624284519510259	-0.80968523038332896	0.58054006977361405	-0.74083345248396104
1270	321	-1.1683679172400001	0.29537636563181902	0.29658582136035	0.00120945572853098	0.61885198578238498	0.61490813791751897	-0.00394384786486646	0.177101384848348	0.20649201991037799	0.029390635062029501	0.973262225836515	0.97353889122605397	0.000276665389538078	0.026144477189518501	0.025871965708211001	-0.00027251148130751101	0.00059328532297513105	0.00058913824395858598	-4.1470790165446403e-06	0.025230944598162601	0.025475904676649199	0.000244960078486633	0.0030417411617234299	0.0036315097939225499	0.00058976863219912102	0.17424349919505	0.055533117835151101	-0.118710381359899	1	80.125	6420.015625	0.044169941605146902	-0.0248806040019789	0.018822471571720598	0.027585496633611699	-0.034219819479577501	-0.0363358013267671	0.032778185882420902	0.0384895081172359	-1.3929663312370899	0.58418553332007295	-0.73608506789150496
1272	321.5	-1.3102400439399999	0.29681576043367403	0.29634488075971599	-0.00047087967395792501	0.614752793312073	0.61498448848724396	0.000231695175170965	0.194937788695105	0.31460399422796897	0.119666205532864	0.97331722676753996	0.973701551556587	0.00038432478904715201	0.026083869393915	0.025671344250440601	-0.00041252514347434001	0.00059888214163948	0.00062710607016924801	2.82239285297677e-05	0.025904902705439801	0.025454259801793999	-0.00045064290364582197	0.0034348317421974499	0.0053150080064373701	0.00188017626423991	0.057104262829966598	0.086369311552616596	0.029265048722650101	1	80.625	6500.390625	-0.0061718099052625198	-0.022029978196329899	0.0834418356866546	0.029974741942113001	-0.040379586373247997	-0.034218870244265703	-0.0572485242774727	0.124321892169359	0.33998066598272397	0.58783099686653195	-0.73130695945183399
1273	321.75	-1.2655942625100001	0.296772103011608	0.29469463881105201	-0.0020774642005562702	0.61464550402015405	0.61755752898752703	0.0029120249673724201	0.176830276753772	0.41942956130951398	0.24259928455574201	0.97357123270630896	0.97430427689105303	0.00073304418474440204	0.025831177702639201	0.0250515429943334	-0.00077963470830580395	0.00059758088245871603	0.00064419378941238099	4.6612906953665199e-05	0.025284562287507199	0.025223576581036501	-6.0985706470645398e-05	0.0031075497317946299	0.0067053144535747303	0.0035977647217801099	0.058148677419285102	0.19476485797600401	0.13661618055671901	1	80.875	6540.765625	-0.054304033328446903	-0.020200128234292101	0.17143748449527399	0.037713742753489897	-0.0565302198814569	-0.033016306501221802	-0.00681809707564336	0.23856851352413899	1.59717465728396	0.58965372863976195	-0.72890675878929301
1275	322.25	-1.44122933421	0.29531749244779398	0.29553664838895199	0.000219155941158511	0.61623765826225296	0.62069419976323803	0.00445654150098573	0.39005774706601898	0.26508413320408503	-0.12497361386193399	0.97406802456826003	0.97402032967656904	-4.7694891691096897e-05	0.0252887691312935	0.025402324990136501	0.00011355585884300499	0.000643206588210883	0.00057731829274416404	-6.5888295466719305e-05	0.025233438279893598	0.025565797311288399	0.00033235903139474499	0.00642322064450124	0.0043983765426675401	-0.0020248441018337099	0.21831649967428701	0.10753076498549	-0.110785734688797	1	81.375	6621.890625	0.014501206575894101	-0.0191456932432616	-0.091671647219459501	0.020387088656929099	-0.017235156813208401	-0.040373423572161497	0.044089581037191197	-0.13542332280748201	-1.30016043335895	0.59329919218622096	-0.72408406457880203
1278	323	-1.2616298431299999	0.29600975960493098	0.29916738867759701	0.0031576290726662601	0.62076489627361298	0.61493472978472696	-0.0058301664888861203	0.236662255413843	0.302922339737418	0.066260084323575594	0.97414535209536601	0.97430082708597199	0.00015547499060619699	0.025275609176606002	0.025131337367929499	-0.000144271808676495	0.00057903483102563305	0.00056784205153235102	-1.11927794932821e-05	0.025657145182291698	0.025195142957899298	-0.000462002224392393	0.0039763388049324404	0.0051437841961160897	0.00116744539118365	0.19825273001639801	0.12915924785046501	-0.069093482165933001	1	82.125	6744.515625	0.102535942966776	-0.026168385853524202	0.045213668593495501	0.024895962850182099	-0.028578037972666798	-0.036796561231007399	-0.058718676509036997	0.076914089779643702	-0.81190056632209395	0.59876738750590897	-0.71679429104953696
1279	323.25	-1.05509964105	0.29844116792082798	0.29914222303777899	0.00070105511695151002	0.61579349767416702	0.61555942762643101	-0.000234070047736346	0.25380079820752	0.26604085755531598	0.0122400593477964	0.97418466247618196	0.97399585451930804	-0.00018880795687426001	0.025213379831984701	0.0254349386610556	0.000221558829070941	0.00060197380171302898	0.00056921746436274	-3.2756337350289403e-05	0.0253495746188694	0.0251269658406576	-0.00022260877821187299	0.0045642990262422002	0.0045131124046743102	-5.1186621567889099e-05	0.16615158488350201	0.28202018032342901	0.115868595439927	1	82.375	6785.640625	0.0289385912342837	-0.022347954170008601	0.0065460684309968497	0.017255418496269301	-0.0124836696359397	-0.038206729444385003	-0.0277357667932072	-0.0041440877601765201	1.3541987435958001	0.60059011927913897	-0.71434950461617497
1282	324	-1.35581897955	0.29975021816790098	0.29786886945366797	-0.0018813487142323999	0.61475787311792396	0.61724250614643095	0.00248463302850721	0.24747312907126601	0.199704660102725	-0.047768468968541498	0.973333771526813	0.97206004038453098	-0.00127373114228257	0.026092234766110799	0.0273132112342865	0.0012209764681757099	0.00057399091238039197	0.000626776660647009	5.2785748266616898e-05	0.025200483534071099	0.0265524687590423	0.00135198522497113	0.0041200097446557598	0.0034351810623775101	-0.00068482868227825197	0.35589556997944899	0.25332492848886701	-0.102570641490581	1	83.125	6909.765625	-0.048428541408657703	-0.020491906927116901	-0.0364081097708185	-0.0068218812345606297	0.0314847516669233	-0.032612628005146603	0.17605220074754999	-0.046291241385156903	-1.20395310298129	0.60605831459882797	-0.706970559545269
1284	324.5	-1.3506182794599999	0.29887567758560202	0.29490064531564703	-0.0039750322699549402	0.61540574133396098	0.62126638889312802	0.0058606475591664901	0.22513345032930701	0.27227073162794202	0.047137281298634301	0.97230328321456905	0.97260037362575502	0.00029709041118630703	0.0270618204027414	0.0267926176078617	-0.00026920279487968298	0.00063491576293017997	0.00060701639449689396	-2.7899368433286299e-05	0.0264081036603009	0.0253526475694444	-0.00105545609085651	0.0039683707524091998	0.0046050681732594696	0.00063669742085027496	0.180916984563852	0.21638859493059501	0.035471610366742401	1	83.625	6993.140625	-0.11115393370087299	-0.018187115897766799	0.031525542723761298	0.028038781598710899	-0.034074256990858497	-0.037889103604273701	-0.13552498787021999	0.0416110099671873	0.41266599190601599	0.60970377814528698	-0.70201410802231301
1286	325	-1.31443923778	0.29619623385369798	0.29246884621679797	-0.00372738763690006	0.61999748796224596	0.62368260547518695	0.0036851175129414301	0.18594499975441101	0.22407426970312899	0.038129269948717598	0.97227041125297597	0.97243852093815797	0.00016810968518254899	0.0271448421757669	0.026976993540301902	-0.000167848635464964	0.00058476253543630799	0.00058451341392355899	-2.4912151274888197e-07	0.0255584716796875	0.025209412751374401	-0.00034905892831311298	0.0032221823421420001	0.0038601557587754501	0.00063797341663344499	0.157360602150317	0.22507329593962	0.067712693789302406	1	84.125	7077.015625	-0.10373466219015599	-0.0196723411801479	0.025077597146283302	0.025176359962543401	-0.029615277873844201	-0.036080890898469498	-0.044101267380827897	0.0416958837368323	0.79024278741234	0.61334924169174598	-0.69702793265214402
1287	325.25	-1.29688167427	0.29314900888130102	0.29256079532206097	-0.00058821355924004704	0.62337060309946501	0.62340784911066305	3.7246011197589197e-05	0.26492310117465201	0.18127029270398201	-0.083652808470669596	0.972706301882863	0.97242708299309	-0.000279218889772892	0.026678898406680699	0.026980218751123199	0.00030132034444254799	0.00061479963496822304	0.00059272016424074495	-2.20794707274774e-05	0.0252520949752243	0.024896529868797101	-0.00035556510642721298	0.00447198687616046	0.0031546636593700601	-0.0013173232167904001	0.25111952423650402	0.162880655846109	-0.088238868390394798	1	84.375	7119.140625	-0.0096870564970288897	-0.022162727828987101	-0.062094164018031098	0.015248962039607799	-0.0089746382016386399	-0.037508506172056602	-0.044943313528374697	-0.088362066486568497	-1.0361130558535401	0.61517197346497499	-0.69452369852435403
1290	326	-1.3122222536299999	0.29223303161561498	0.291922604292631	-0.00031042732298386399	0.62386658042669296	0.62162084281444596	-0.0022457376122473299	0.16196947380666399	0.30301779464353701	0.14104832083687299	0.97237306535243995	0.97433070167899105	0.0019576363265512201	0.0270290660206229	0.025060350215062501	-0.0019687158055603899	0.00059785399644169204	0.000608943028055366	1.10890316136742e-05	0.024801748770254699	0.0241976137514468	-0.00060413501880792299	0.0027918508485525301	0.0049654572098008004	0.0021736063612482798	0.072984821007610196	0.143833145823453	0.070848324815842301	1	85.125	7246.265625	-0.0013647622348790501	-0.023721311220048901	0.098747180058016096	0.0648906640718456	-0.108842703273477	-0.035339422201916097	-0.0771138648790404	0.14383960436627299	0.82696430509132302	0.62064016878466399	-0.68696641037016204
1291	326.25	-1.4391133922299999	0.29215721320360899	0.29049919173121402	-0.00165802147239452	0.62180543672293398	0.62451825309544795	0.00271281637251397	0.27842280229088401	0.26214825971985001	-0.016274542571034299	0.97392218429595201	0.97401229441165904	9.0110115707031605e-05	0.025437542382860601	0.025377074588323001	-6.0467794537579598e-05	0.00064022901060525005	0.00061063744542480698	-2.9591565180443399e-05	0.024074808756510399	0.024359667742693901	0.00028485898618350202	0.00466824829054544	0.0042514933087661501	-0.00041675498177929098	0.014488077438216901	0.14775218466273901	0.133264107224522	1	85.375	7288.890625	-0.041737803061149902	-0.020336127110549801	-0.0138647186111144	0.023445344312406899	-0.024891160678974501	-0.037999766328831702	0.037942004168407498	-0.028460127987981001	1.5579183739114499	0.62246290055789399	-0.68443245239515804
1294	327	-1.50931987166	0.29046853370964498	0.286806929856538	-0.0036616038531067699	0.62509797811508205	0.630980864167214	0.0058828860521320499	0.25415338247549502	0.18965432443656499	-0.064499058038929802	0.97416741102933901	0.97328627258539202	-0.000881138443946883	0.025238129217177701	0.026082637626677799	0.00084450840950007296	0.00059447590392665099	0.00063107565656537199	3.6599752638721e-05	0.024367890534577601	0.0246729250307436	0.000305034496166055	0.0041514462833220703	0.0035764090513113601	-0.00057503723201071796	0.103259074666524	0.21893106511461599	0.115671990448092	1	86.125	7417.515625	-0.10176382298018	-0.0181719337714377	-0.048383885956536803	0.0018907835854895	0.0149224001901688	-0.033671125711679302	0.040553170072209703	-0.038988384759844702	1.3518962935873799	0.627931095877582	-0.67678599269932405
1296	327.5	-0.65976916645700001	0.28874115198850703	0.25560221597552202	-0.0331389360129846	0.62808160483837105	0.68220888078212905	0.054127275943757998	0.217448729276664	0.37023266404867	0.152783934772006	0.97362551391124696	0.97207701206207298	-0.00154850184917465	0.025739375688135599	0.0272202749736607	0.0014808992855251399	0.00063509301107842603	0.00070271592703647896	6.7622915958053095e-05	0.024626894350405101	0.023149278428819399	-0.00147761592158566	0.0037880121031776798	0.0073768198955803804	0.0035888077924027101	0.29611502776784299	0.29488005484472601	-0.0012349729231175301	1	86.625	7503.890625	-0.98488544773697495	0.0147643098462616	0.10714754691287499	-0.012919766095047599	0.042919806935393101	-0.031642338111718002	-0.19016198871471399	0.237972736977907	-0.017206475806198201	0.63157655942404101	-0.67165119809308405
1298	328	-0.63381915890899998	0.26522396486252697	0.199137032404541	-0.066086932457986095	0.66435317248105796	0.79919533729553505	0.134842164814478	0.33352060182950199	0.29085631072519502	-0.042664291104307597	0.97212671637535097	0.96883026212453804	-0.0032964542508127099	0.0272078873123974	0.030304927984252699	0.0030970406718553501	0.00066539304389151999	0.00086480364334421203	0.00019941059945269201	0.023564882631655099	0.0215475576895254	-0.0020173249421297501	0.0065596651955272603	0.0068761180446013596	0.00031645284907409201	0.237480080869587	0.30759960151543397	0.0701195206458467	1	87.125	7590.765625	-1.9719859083612701	0.069868027592373802	-0.0327545329925596	-0.051711428450041098	0.114020398498707	-0.023023964306654401	-0.26001250518928298	0.0203097138551755	0.81842924628290703	0.63522202297050001	-0.66648667963963004
1299	328.25	-0.54927063454500002	0.24090246399864701	0.164934619376435	-0.075967844622211497	0.71022157017141396	0.890356525778772	0.18013495560735901	0.34273068774492299	0.28638072996398101	-0.056349957780941803	0.97182712554931705	0.96514150723814995	-0.0066856183111670998	0.0274322514829691	0.033843290945515102	0.0064110394625460504	0.00074062471794603905	0.00101523130251736	0.00027460658457131902	0.0227117467809606	0.020775611312301	-0.0019361354686596301	0.0071331486004057301	0.0073659344401671304	0.000232785839761405	0.25931454824384897	0.24378390567908101	-0.015530642564768301	1	87.375	7634.390625	-2.2680115852177098	0.100789226824676	-0.042550749992581301	-0.126925895258028	0.25981659953112801	-0.0181064553922596	-0.24950475668348801	0.0147445430537119	-0.18462371368768299	0.63704475474373001	-0.66389327397019704
1302	329	-1.0692782354100001	0.14144312553107999	0.032717310055157003	-0.108725815475923	0.96493002399801397	2.2130531713366999	1.24812314733868	0.28848323132841602	0.29560691097283698	0.0071236796444210703	0.96096717640757601	0.88004092127084399	-0.080926255136731795	0.037849201774224399	0.114524772251028	0.076675570476803401	0.0011836761412268801	0.0054342697781977799	0.0042505936369709001	0.0201828002929689	0.0093508685076673908	-0.0108319317853015	0.0078093188407362801	0.0067642205838632898	-0.0010450982568729801	0.152688197502162	0.075776599702247996	-0.076911597799914105	1	88.125	7766.015625	-3.2494190032011301	0.82990030777534796	0.0028837575613083598	-1.7745209407856699	3.3510373078731401	0.24190678524616899	-1.40082138011807	-0.070254829108212305	-0.90345887437544203	0.64251295006341902	-0.65606847119107903
1304	329.5	-0.29269186660099999	0.049132961779834998	0.000136493585796379	-0.048996468194038599	1.76240920424456	23.2127438068384	21.450334602593799	0.33795819878577499	0.022489266820997399	-0.31546893196477799	0.91432142853737297	0.27851492911575898	-0.63580649942161405	0.082226886786516698	0.45941638946532098	0.37718950267880402	0.0034516435232942399	0.21206870153545901	0.20861705801216501	0.0122964364510999	0.00019045229311339599	-0.012105984157986501	0.0082954525947569399	0.00017898195067467699	-0.0081164706440822604	0.076998225038655402	0.090568875754778205	0.0135706507161228	1	88.625	7854.390625	-1.4599667579590301	14.6218657487572	-0.22802842966321801	-14.088773356116899	16.571859776319101	13.6066350853402	-1.56571248413924	-0.54061220722959002	0.15618285655306599	0.64615841360987802	-0.65081478119598202
1305	329.75	-2.1098224226400002	0.013732592660653801	2.4544823531864199e-06	-0.013730138178300599	4.74564295411035	7.7888099193557698	3.0431669652454199	0.223609907008364	1.3399226626856701e-08	-0.22360989360913699	0.73283128645273299	0.094497528672199696	-0.63833375778053303	0.247352637443672	0.128443950414632	-0.11890868702904001	0.019816085898488701	0.10205852016804599	0.082242434269557199	0.0047788690637659602	0	-0.0047788690637659602	0.0045809563039712099	7.6219157678677896e-07	-0.0045801941123944203	0.081289985347884494	0.141843961887756	0.060553976539871199	1	88.875	7898.765625	-0.40341053727434201	2.0553692301480901	-0.16227561729335899	-14.1448598678842	-5.25350467512368	5.3422531794820296	-0.617418581095037	-0.30539425141022802	0.70640672385484904	0.64798114538310703	-0.64817678975572901
1307	330.25	5.6440261623500003	5.2842288880583596e-06	0.239331669644398	0.23932638541550999	14.976410412788701	20.161152001082399	5.1847415882937202	0.00066906753330703403	2.3503349036186201	2.3496658360853102	0.15949562615715099	0.91098919219808705	0.75149356604093498	0.23653373345733	0.054978306929089997	-0.18155542652824	0.17897064578719599	0.030907489236755299	-0.148063156550441	1.0596381293393699e-07	0.013832968252677399	0.0138328622888645	5.7468127273808699e-06	0.052175248511994801	0.052169501699267401	0.12647503064968499	0.079917473528973396	-0.046557557120711898	1	89.375	7987.890625	7.1779976803816297	3.5174132868487602	1.6796783075391599	16.699064844769701	-8.0095879457960599	-9.7187875676490503	1.7913591083284	3.4693522432646602	-0.54798132233070695	0.65162660892956603	-0.642878513989811
1310	331	0.61477680665800005	0.27625371478497801	0.28158811926841698	0.0053344044834390302	0.65676056221127999	0.65254930630326402	-0.0042112559080160804	3.1909593403338401	6.1323106247933303	2.9413512844594898	0.97451132163405396	0.980223116278649	0.0057117946445943701	0.024353938386775398	0.0190402252133932	-0.0053137131733822099	0.0011346917039190801	0.00073665662639540096	-0.00039803507752368298	0.015861511230468701	0.020488710756655398	0.0046271995261867004	0.042511366237884998	0.065018416076056601	0.022507049838171499	0.15597950104021099	0.24403450044572	0.088054999405508205	1	90.125	8122.515625	0.16775071298279701	-0.025063162356935599	2.1032074775082501	0.14820531369516901	-0.25600265700122898	-0.062094460394486101	0.599938779990143	1.49633310043561	1.0284724544216901	0.65709480424925504	-0.63487536812740797
1312	331.5	0.36022185400700002	0.289615166187287	0.24983956068754101	-0.039775605499746	0.63760761618614004	0.75291868448257704	0.115311068296437	5.6168772846460602	3.2617080688476499	-2.3551692157984099	0.97889609932899502	0.96975417733192404	-0.0091419219970700905	0.020261199958622599	0.029503319319337602	0.00924211936071501	0.00084270900115371999	0.00074246639269403896	-0.00010024260845968	0.018455448857060099	0.032213677300347403	0.0137582284432873	0.0591196996800143	0.0439375342801211	-0.015182165399893199	0.22084363499718601	0.17579177632821599	-0.045051858668969803	1	90.625	8212.890625	-1.1837157322530301	0.056534229517944498	-1.6880483956291199	-0.181437736161466	0.38436724666225203	-0.042620054693813601	1.7816998058865099	-1.01059193364883	-0.530348019226203	0.66074026779571404	-0.62950278274345395
1314	332	0.30892214829300002	0.255255777388812	0.239645740389824	-0.0156100369989873	0.72979316264390703	0.82400377541780501	0.094210612773897501	3.2766116768121401	2.1193418249487501	-1.1572698518633899	0.97016349509358402	0.966138518601656	-0.0040249764919281202	0.029080336051993099	0.032953804149292498	0.0038734680972994399	0.00075613637745846197	0.00090767764777411599	0.00015154127031565399	0.031223381890190801	0.035488156919126199	0.0042647750289354098	0.044060325389727498	0.032342666666954498	-0.011717658722773	0.19901871029267601	0.20136709974918099	0.00234838945650509	1	91.125	8303.765625	-0.45973107849221101	0.042129036601297701	-0.83059056105167095	-0.067879253597321207	0.14817857904032999	-0.026154422035030801	0.55303287819417601	-0.78014780089720304	0.024758444128504999	0.66438573134217305	-0.62410047351228704
1316	332.5	0.13164068353300001	0.23761007189750699	0.25537900626659399	0.017768934369087299	0.82197589874267496	0.81715254485607203	-0.0048233538866036003	2.2135587610305598	0.80897000450635703	-1.4045887565241999	0.96755086183548	0.95941518843174001	-0.0081356734037402196	0.031613450683653198	0.039574001356959397	0.0079605506733062392	0.00083570248680187996	0.0010108005983056501	0.00017509811150377	0.0346597177010994	0.037794212058738501	0.00313449435763912	0.032838157424704903	0.0135312128870274	-0.019306944537677499	0.156765893707808	0.221101960154692	0.064336066446883694	1	91.625	8395.140625	0.54028110942916896	-0.025481039092157001	-1.00762173647855	-0.15910643260820001	0.32798586037111199	-0.024613901269795901	0.40674907405898098	-1.2849545600729899	0.75069895090846495	0.66803119488863205	-0.61866844043390601
1317	332.75	0.242986186603	0.245578229287639	0.25561969578266103	0.0100414664950223	0.82116583865135895	0.82150881234556505	0.00034297369420555101	1.65739577040079	0.77731458153571098	-0.88008118886508002	0.96383953168988201	0.95922428872436305	-0.00461524296551974	0.035166476469021199	0.039810134284198398	0.00464365781517716	0.00099401793631841802	0.00096558798977640597	-2.84299465420119e-05	0.0362913484926577	0.0381440339265047	0.0018526854338470301	0.026311693747994001	0.0113967614830464	-0.0149149322649475	0.210539442098923	0.246076747399708	0.035537305300785103	1	91.875	8441.015625	0.30877121744888603	-0.0219540088158366	-0.63217857595537097	-0.080978819536062396	0.182062337615088	-0.037923801235740601	0.24085409743189501	-0.99281673106898305	0.41343534826888301	0.66985392666186205	-0.61594127745200999
1319	333.25	-0.28142269245700002	0.25584750175476101	0.25511937765404602	-0.00072812410071454404	0.81924256533384299	0.82819783240556599	0.0089552670717230106	0.68102463837707305	1.9027631226927799	1.2217384843157	0.95871995892375705	0.96353311352431803	0.0048131546005608598	0.040293809410650402	0.035513933864421997	-0.00477987554622841	0.00098624823822320994	0.00095293273116113704	-3.3315507062073199e-05	0.038275598596643597	0.035886955261230397	-0.0023886433354132	0.0104324881860513	0.027743421052583501	0.017310932866532201	0.226847233070259	0.150477155025841	-0.076370078044417394	1	92.375	8533.140625	-0.0138786849672518	-0.016074432072795498	0.87230652512831197	0.12826212695040601	-0.23251698216458699	-0.038243296849387001	-0.30806947766902698	1.1507096738412099	-0.89711711187000798	0.67349939020832095	-0.61046465860280696
1322	334	0.089577421183600001	0.25217957161366999	0.24660056736320199	-0.0055790042504672297	0.83324345871806105	0.82389622330665502	-0.0093472354114059204	1.73417564034466	1.4481554761529001	-0.28602016419175602	0.96332363337278404	0.96590109169483196	0.0025774583220483601	0.035733128571882801	0.033088225824758302	-0.0026449027471244701	0.00094321141586988096	0.00101070424279896	6.7492826929079706e-05	0.035659620496961898	0.034465224654586103	-0.00119439584237586	0.0248620581580331	0.0212040010839703	-0.0036580570740628198	0.16884032217565401	0.204099115767093	0.035258793591438298	1	93.125	8672.265625	-0.15920788694914001	-0.028569474127467898	-0.20694896555641601	0.078646144797174106	-0.13859089978601299	-0.031650845400486599	-0.15350692449357201	-0.24405764857443299	0.41017368496346801	0.67896758552800995	-0.60219399811547702
1324	334.5	0.17134431395499999	0.24735862985253301	0.25157973021268798	0.0042211003601549703	0.82573181688785502	0.79349761009216302	-0.032234206795692298	1.36058879178013	1.3008255902677699	-0.059763201512363001	0.96584560573100997	0.96098183691501604	-0.0048637688159938203	0.033173775486648197	0.037862573377787999	0.0046887978911397399	0.00098068036604672206	0.0011556046782061301	0.000174924312159411	0.034755339445891202	0.034541038230613601	-0.00021430121527761501	0.019793521697283101	0.017293683998286801	-0.0024998376989963799	0.20005534925145299	0.059523812628546703	-0.14053153662290699	1	93.625	8765.640625	0.134396848363349	-0.044194313966410798	-0.044993954043725699	-0.086494261986922893	0.18404823199988499	-0.024625267033857	-0.0266605808327838	-0.16701786072065999	-1.6485148737741899	0.68261304907446896	-0.59664306964823899
1326	335	0.060376233120300001	0.25206498075276601	0.24851711709052299	-0.00354786366224288	0.79347846806049305	0.79192211925983402	-0.00155634880065958	1.5857819914818201	1.1953568823635901	-0.39042510911822298	0.96110890433192298	0.960913014411927	-0.00019588991999597299	0.0377179315779358	0.038021198287605897	0.00030326670967015902	0.00117319101264002	0.0010657637511030801	-0.000107427261536941	0.0344811898690685	0.031868941695601699	-0.0026122481734667802	0.020671238237992301	0.015948230552021901	-0.0047230076859703903	0.130011717451088	0.0525108922131165	-0.077500825237971999	1	94.125	8859.515625	-0.098356241126738506	-0.023250668355733001	-0.28168215324402701	0.017098251103169499	-0.0088890097286275904	-0.043089901528036503	-0.33700898549587299	-0.31489359812103601	-0.91035934372290295	0.68625851262092796	-0.59106241733378695
1327	335.25	-0.19292757967999999	0.24856960219331101	0.25382983018644201	0.0052602279931310801	0.79998825732618595	0.77896726410835904	-0.021020993217827199	0.99451768193395296	1.2036283725872801	0.20911069065333099	0.95975042097270502	0.96242874171584802	0.0026783207431434501	0.039135475188959302	0.036541172792203598	-0.0025943023967556402	0.0011140807222545801	0.00103006602821552	-8.4014694039066302e-05	0.033785205417209301	0.0315927293565538	-0.0021924760606555301	0.01375614698336	0.016744930273853799	0.0029887832904937502	0.045486414424537699	0.053678553528077197	0.0081921391035394593	1	94.375	8906.640625	0.16552843376552501	-0.036539099858252599	0.14746630788801901	0.080884547272985802	-0.136364785861226	-0.0415588156702206	-0.28268100918758798	0.198061679254943	0.093194862239830506	0.68808124439415796	-0.58826094473385504
1329	335.75	-0.019372788015299999	0.25148463537916499	0.25494385166093703	0.0034592162817718201	0.78409359157085501	0.78103831019252601	-0.0030552813783288899	1.2446729775518499	0.99521308243277196	-0.24945989511907701	0.96223295405507103	0.96367891393601901	0.00144595988094776	0.036723874846938898	0.035343274835031503	-0.0013806000119074	0.0010431473738208301	0.00097782844441098894	-6.5318929409842003e-05	0.031262828685619103	0.033153074759024202	0.0018902460734050201	0.0167411618138435	0.014031895071093901	-0.0027092667427496501	0.053429686638689099	0.059543237838807203	0.0061135512001180402	1	94.875	9001.265625	0.111571298835028	-0.024273983370297798	-0.180779080093209	0.053535217611031402	-0.082969112515798304	-0.040336189368023703	0.24571529109805801	-0.18094818294501799	0.068852424690014694	0.69172670794061697	-0.582635706648582
1332	336.5	-0.075433363185899993	0.25329069048166297	0.25781213939189901	0.0045214489102360896	0.78989337384700797	0.77244047820568196	-0.017452895641326301	1.03799902796744	1.62108520343899	0.58308617547155595	0.964621967077255	0.96230624914169305	-0.0023157179355618499	0.034450623579323297	0.036699816957116202	0.00224919337779286	0.00092739824031014501	0.00099391280964482407	6.6514569334679099e-05	0.032587009006076403	0.030303163881655	-0.0022838451244213101	0.014925927855074199	0.017751078488072201	0.0028251506329979299	0.0584816956224153	0.063402012695271903	0.0049203170728565702	1	95.625	9144.140625	0.143395094815992	-0.0341031745352183	0.41515841880450699	-0.029946309465771499	0.076720169277993994	-0.031714819433587602	-0.29450622620434902	0.187177536327612	0.054878405512206498	0.69719490326030498	-0.57414211730714604
1333	336.75	-0.067736327048700001	0.255932949017733	0.25096638305112701	-0.0049665659666061597	0.78327752258628702	0.79463779833167902	0.011360275745392201	1.2599573753773701	1.09364454187453	-0.16631283350284301	0.96453425474464904	0.95954397637397004	-0.00499027837067867	0.034547244256827897	0.039434341131709703	0.0048870968748817899	0.00091848698721151202	0.0010217235552772801	0.000103236568065771	0.032335839448151799	0.029541912785282801	-0.0027939266628689498	0.017799320811172602	0.0132686659751927	-0.0045306548359798898	0.059592462668557097	0.066806306970099399	0.00721384430154227	1	95.875	9192.015625	-0.140859635846456	-0.014432542689250901	-0.12126231136337801	-0.089301841830296394	0.19277220576215501	-0.029313351378748499	-0.36052227846301199	-0.30209911110471699	0.081738007283767594	0.69901763503353498	-0.57129605893639301
1336	337.5	-0.165631333765	0.24855065718293201	0.25448185950517699	0.0059312023222446199	0.80768528878688695	0.81017027199268399	0.0024849832057964902	0.96030526757243295	1.3290826992132301	0.36877743164080201	0.95872572362422903	0.95549732148647304	-0.0032284021377563298	0.040246270410716503	0.0433575943112375	0.00311132390052093	0.00102804116613697	0.0011450626014266299	0.00011702143528966001	0.029746613679108701	0.0307444254557293	0.00099781177662056401	0.0134225660935049	0.018878450201373902	0.0054558841078690802	0.080218404894769599	0.109298395982664	0.0290799910878945	1	96.625	9336.390625	0.18563038656379699	-0.020491667862543	0.261755957004637	-0.050201173027895098	0.114648775456408	-0.028411877618543298	0.130214170721803	0.36216264982760499	0.33781344759867599	0.70448583035322399	-0.56271329805331405
1338	338	-0.76885013611599995	0.25296565219759898	0.26732252798974598	0.0143568757921469	0.81138163581490497	0.79700440019368901	-0.014377235621216299	1.33896422331458	2.3722127616405602	1.03324853832598	0.95684261173009899	0.95943587124347696	0.0025932595133781899	0.042033770354464497	0.039334068004972897	-0.0026997023494915698	0.0011236185717280001	0.00123009236849611	0.00010647379676811401	0.030491327356409199	0.030607152868200201	0.000115825511791005	0.018960472057052001	0.033592382725328503	0.0146319106682766	0.115701871298241	0.161968513060363	0.046266641762121197	1	97.125	9433.265625	0.43805806231317501	-0.032003434276607498	0.73738519050379803	0.078996814803004203	-0.14100175577837301	-0.029101649903242901	0.016065261259971601	0.97251260146248297	0.53908709594389204	0.70813129389968299	-0.55695430265557799
1339	338.25	-0.49111789202299999	0.25507199550047499	0.28830112218856901	0.033229126688093899	0.81331890802830398	0.75780065674334596	-0.0555182512849587	1.60443914579228	3.3226112321019601	1.7181720863096801	0.95570571478456201	0.967928718402983	0.012223003618420099	0.0431027991231532	0.030984639929373899	-0.0121181591937793	0.00119147189689101	0.00108667224685633	-0.00010479965003468799	0.0310178968641493	0.028438334994845899	-0.0025795618693033899	0.022555321545587401	0.047758290037746599	0.025202968492159201	0.098401413732104495	0.351679694991132	0.25327828125902702	1	97.375	9481.890625	1.0034583768209999	-0.060090233956828998	1.2276543065804499	0.29270617069719701	-0.55535773905221097	-0.042918066516293402	-0.33277864073499402	1.67565405261906	2.9634098288164199	0.70995402567291199	-0.55406365851400396
1342	339	-0.157536072592	0.29959948696195998	0.32973386198282401	0.0301343750208636	0.73763059973716905	0.67668142020702104	-0.0609491795301478	3.9424604716010201	8.1216707110404993	4.1792102394394703	0.974130176752805	0.98111226111650396	0.0069820843636992898	0.024935427680612202	0.0181012471672151	-0.0068341805133970701	0.00093439726406361495	0.00078649325732841301	-0.00014790400673520199	0.025252391673900899	0.0123001663773148	-0.012952225296586101	0.050466334588598699	0.051595887588336699	0.0011295529997380699	0.28131379577308602	0.18742261676491001	-0.093891179008176007	1	98.125	9628.515625	0.91074163753944504	-0.063797906002337396	2.98926843638777	0.176396384476249	-0.32289416058015302	-0.045736914596940799	-1.67523516829528	0.074393650335197098	-1.1023075227793899	0.715422220992601	-0.54534714031846199
1343	339.25	-0.218321855275	0.31134014697745399	0.33251290637999797	0.0211727594025438	0.718110710754991	0.66534926351159696	-0.052761447243394002	6.1156851215283803	6.3094086267053404	0.193723505176953	0.98333381414413501	0.98229995016008598	-0.0010338639840485899	0.015982772989082201	0.016966917185345699	0.00098414419626346008	0.00068336908061610501	0.00073313606480951497	4.9766984193410503e-05	0.017517414799443298	0.0103521700258608	-0.0071652447735824996	0.056870908172273797	0.032673649099887903	-0.024197259072385902	0.13654105516716	0.20314323147930199	0.066602176312142006	1	98.375	9677.640625	0.64225748495834301	-0.0582081753439374	0.13645214164330599	-0.0014985979440403699	0.021065542817578099	-0.032810042790218298	-0.92626940531326396	-1.61023731945572	0.777237466688949	0.71724495276583	-0.54242677232967396
1345	339.75	-0.65175711648599999	0.33301227688789498	0.33042892282828701	-0.0025833540596072999	0.66610237080603696	0.69535357430577305	0.0292512034997368	7.1865661680699402	1.7359906806495899	-5.4505754874203403	0.980631479620933	0.98818441685289105	0.0075529372319583796	0.018592753476696498	0.011279842551448401	-0.0073129109252481296	0.00077574517763424498	0.00053575122619804196	-0.00023999395143620299	0.011292895564326701	0.0084363725450303604	-0.0028565230192963802	0.040365834324621798	0.014750009005730201	-0.025615825318891599	0.19749734364845001	0.31919311043299697	0.12169576678454699	1	98.875	9776.265625	-0.069460163192913801	-0.0022184809840984799	-3.9037440030493999	0.18906511143879901	-0.34395544628811298	-0.0517592191558729	-0.36862365839080102	-1.70459426516046	1.4224410124529401	0.72089041631229001	-0.536563743466688
1347	340.25	-0.92677013738799996	0.33558314330875999	0.27684311587363403	-0.058740027435125401	0.68903811518102798	0.70452377870678495	0.0154856635257571	2.2258658176289901	0.72005498192719997	-1.5058108357017901	0.98869539331644796	0.983721051737666	-0.0049743415787817397	0.0107827646541409	0.0155618341479569	0.0047790694938160197	0.00052185312397340995	0.00071712908670635298	0.000195275962732943	0.0081434391163013407	0.0120886555424443	0.0039452164261429201	0.013804103937582499	0.014959018547226401	0.0011549146096439099	0.28105772562834203	0.371042452717602	0.089984727089260294	1	99.375	9875.390625	-1.75187743092064	-0.011616157670043399	-1.0800766249575999	-0.088948162491140403	0.18801964465346899	-0.023294352584633301	0.511674789670021	0.076080595907717596	1.0510715831631601	0.72453587985874901	-0.53067099075648705
1350	341	0.64669127425600004	0.27122956551611499	0.26628777943551601	-0.0049417860805994803	0.76495361626147296	0.85297311469912496	0.088019498437652	1.04224117081598	0.17055727243423199	-0.87168389838174798	0.98735422268509798	0.9931999117136	0.0058456890285020196	0.012123597558821199	0.0066143607778940397	-0.0055092367809271604	0.00052220227680666996	0.000185692296690832	-0.00033650998011583802	0.012563408745659701	0.013323013870804401	0.00075960512514469496	0.033543233256200497	0.00286859443294812	-0.0306746388232523	0.24485578509570199	0.078058108126764697	-0.16679767696893699	1	100.125	10025.015625	-0.14011724664132599	0.037902388684272099	-0.62616778512357396	0.15117678232721399	-0.26460453074731699	-0.058070971447771798	0.099384859000288497	-2.0410848536946	-1.9561188389447199	0.73000407517843702	-0.52177612947765994
1351	341.25	-0.315301538775	0.26406708722934102	0.26845543757080997	0.0043883503414691204	0.85785867050290199	0.84862966649234295	-0.0092290040105587091	0.82874946843375497	0.16752532436512199	-0.66122414406863295	0.99337994810193797	0.99313351642340397	-0.00024643167853366499	0.0064286356398951996	0.0066799318912671903	0.00025129625137198603	0.00019139235887450799	0.000186527850064521	-4.86450880998675e-06	0.0129270059091073	0.0134855058458117	0.00055849993670432604	0.025703468781287798	0.0027594437862716401	-0.022944024995016101	0.076483030591131707	0.086708512805324406	0.010225482214192699	1	100.375	10075.140625	0.13940754860031801	-0.028488758043580999	-0.47552043474330202	0.015976596514529401	-0.0111754002388089	-0.036382718291803701	0.073357313149537001	-1.52687756090726	0.117007435962092	0.73182680695166702	-0.51879631379444402
1354	342	-0.35878236337899999	0.270829731971025	0.27407848499715298	0.0032487530261280399	0.84450937733054199	0.821852565556763	-0.0226568117737787	0.192590570542957	1.4212079796941	1.2286174091511399	0.99314778149127902	0.99368830993771595	0.00054052844643614996	0.0066575521312188402	0.0061110570095479202	-0.00054649512167092098	0.00019464700071693901	0.000200618529925124	5.9715292081843097e-06	0.013403405083550399	0.011965659812644599	-0.00143774527090573	0.00341645408479952	0.024520295968979099	0.021103841884179599	0.091721583956315703	0.12047855454548401	0.0287569705891687	1	101.125	10226.265625	0.10526595711456101	-0.037655866358859202	0.87723046796624704	0.033441312044577301	-0.046273467182234899	-0.035674085863263601	-0.185001827523851	1.4029977225120001	0.334030539834901	0.73729500227135603	-0.50981228097397502
1355	342.25	0.13905242412300001	0.27436596052721102	0.27013467792421603	-0.0042312826029956598	0.83725998885929598	0.82732578776776899	-0.0099342010915276502	0.25483495714142101	1.1673765163868099	0.91254155924538904	0.99329003822058404	0.99373370464891198	0.00044366642832749397	0.0065122760846861704	0.0060621075186645702	-0.00045016856602160402	0.00019768320557886801	0.000204182486231729	6.4992806528603596e-06	0.0130851392392759	0.0124063350536205	-0.00067880418565538503	0.0046645571077533303	0.018001913148326599	0.013337356040573199	0.096202526183036804	0.19228938307235699	0.096086856889320102	1	101.375	10276.890625	-0.118831026364212	-0.028970193147423301	0.65098298676538802	0.031291689035407799	-0.042035672674988998	-0.035639573084028299	-0.086777738689715403	0.88640437703594499	1.1225339030074799	0.73911773404458503	-0.50680274144354398
1358	343	-0.099728062190300004	0.26927776969969303	0.272671224549413	0.0033934548497196499	0.83249886333942402	0.82476036474108705	-0.0077384985983366397	0.78919829810040698	0.93544097244740398	0.146242674346997	0.99354414865374596	0.992736626416445	-0.00080752223730085103	0.0062534100492484899	0.0070541357039474303	0.00080072565469894498	0.00020246024105290399	0.00020924678428855701	6.7865432356525097e-06	0.0132978933828848	0.013332169144242	3.4275761357166799e-05	0.0122673713558472	0.0134849260328342	0.00121755467698695	0.33422302768635798	0.176161334032963	-0.15806169365339501	1	102.125	10429.515625	0.10960112926862201	-0.027471196219693898	0.10246530467425299	0.0035245208825647298	0.012996219849165	-0.035620787289688101	0.0055108847916417398	0.080247144666218101	-1.8538113406932599	0.74458592936427404	-0.49772953708143303
1359	343.25	-0.00586582691744	0.27145852502435402	0.26475961590185698	-0.0066989091224969903	0.83005143683403804	0.83934157192707104	0.0092901350930336708	0.84447530535981996	1.07273730281452	0.22826199745470099	0.99330642987042705	0.993691054172814	0.00038462430238728201	0.00649748499854471	0.0061091949290130003	-0.00038829006953170701	0.000196112324420029	0.00019972607469753801	3.6137502775087102e-06	0.013575871785481799	0.012309540642632399	-0.0012663311428493999	0.0117917745999878	0.015830825117746399	0.00403905051775861	0.36315560362393801	0.16295745218193	-0.200198151442008	1	102.375	10480.640625	-0.19275950569115499	-0.015845819072311099	0.161174836795896	0.029981388931098699	-0.039313387519313202	-0.035828274931888497	-0.16281697435296699	0.267920952998843	-2.3472733158165702	0.74640866113750304	-0.49469027370378799
1361	343.75	-0.0124335681774	0.26899836268276001	0.22554974001832201	-0.043448622664438601	0.83079869933426298	0.92338887378573797	0.092590174451474896	0.98574143666770497	1.50427026823168	0.518528831563975	0.99308720156550401	0.99559338036924605	0.0025061788037420399	0.0067017432797003397	0.0042544705873296699	-0.0024472726923706698	0.00021104178954374801	0.00015211895229185599	-5.89228372518925e-05	0.0130190107557511	0.0093010019373010507	-0.0037180088184500899	0.0151451996789545	0.025213261746103301	0.0100680620671488	0.161129537792987	0.11656437796178599	-0.0445651598312004	1	102.875	10583.265625	-1.29375692826933	0.0410227701219276	0.36894819282089197	0.077064264761782797	-0.129896354913555	-0.039917911182633999	-0.48011934535510298	0.668944956509685	-0.52464826698360201	0.75005412468396204	-0.48858945406308901
1363	344.25	-0.29277804963100001	0.236396360583604	0.19633354442194101	-0.040062816161663801	0.89887441582977501	1.0088768050074599	0.110002389177683	1.4257394609071199	0.47384266660082502	-0.95189679430629903	0.99526835102587896	0.99589106030762198	0.00062270928174268402	0.0045640744574484303	0.00397564585437068	-0.00058842860307774995	0.00016753115069150301	0.000133330947983269	-3.4200202708233802e-05	0.0096138353700991001	0.010212064672399501	0.00059822930230041401	0.023413394992667098	0.0067894947058446701	-0.0166239002868224	0.121149612838024	0.109855384509519	-0.0112942283285043	1	103.375	10686.390625	-1.1923203761544701	0.052910016440812897	-0.68358427445095504	0.035265120983696503	-0.048118290512392303	-0.038301152314936901	0.078499188864892197	-1.1064899579967999	-0.13501087373433801	0.75369958823042205	-0.48245891057517598
1366	345	-0.38899397317399997	0.194283107295632	0.193894781917334	-0.00038832537829861001	1.0158594503998799	1.0113654896616899	-0.0044939607381824197	0.50164960622788002	0.56975385919213595	0.068104252964256595	0.99592403322458301	0.99392355754971495	-0.00200047567486761	0.00394277714076453	0.0059190297266468904	0.0019762525858823599	0.00013321370824997001	0.00015743449148431001	2.4220783234340302e-05	0.0100025600857206	0.011481899685329901	0.0014793395996093701	0.0076958868536166	0.0087214661180042598	0.00102557926438766	0.11461646180425	0.073901322131343802	-0.040715139672906499	1	104.125	10842.015625	-0.0036985371098180102	-0.025256163764543298	0.046533726769367303	-0.022950254352705701	0.064712400693673303	-0.034480659522574002	0.19253472837847499	0.067477763167189703	-0.47956050566519098	0.75916778355011005	-0.47320736312977901
1367	345.25	-0.46166707035499999	0.192742241173983	0.19515107003971899	0.0024088288657365402	1.02209772318602	0.99676196128129901	-0.0253357619047163	0.63537344604263901	0.67465463220142996	0.039281186158790601	0.99544796627014898	0.99343188274651795	-0.00201608352363125	0.0044123701321950098	0.0063875610998365999	0.0019751909676415901	0.00013967396694169901	0.00018055268660646201	4.0878719664762703e-05	0.0099611564918800303	0.0114329444037543	0.0014717879118742499	0.0098207905963133592	0.010220612165540301	0.000399821569226896	0.1018334919016	0.070817911769775796	-0.0310155801318245	1	104.375	10894.140625	0.080102377684294998	-0.039484774431910501	0.025902140182903099	-0.023296633578341101	0.064665695816506594	-0.033391298823823898	0.191557369712093	0.0258550437404091	-0.36596852237650701	0.76099051532334006	-0.47010865205770702
1369	345.75	0.63544587474100001	0.195170988887549	0.23859214023687	0.043421151349321799	1.00167566128075	0.88321570269763405	-0.118459958583117	0.60972269112241695	2.0700947152449301	1.46037202412251	0.99360343385487804	0.99003184884786599	-0.0035715850070117102	0.0062287996493978299	0.0096643681550631008	0.00343556850566527	0.000167750634409457	0.00030377388766282499	0.000136023253253369	0.0116015822799118	0.0143470269662361	0.0027454446863243299	0.0093615137026059891	0.0374936909123764	0.0281321772097704	0.071549818849764399	0.081586300605961795	0.0100364817561974	1	104.875	10998.765625	1.3088047809517001	-0.103060274824646	1.04312070573539	-0.057817303751876603	0.128913606140142	-0.027169236683939699	0.35639727440181901	1.8704924597828601	0.11479404299561601	0.76463597886979895	-0.46388893702815098
1371	346.25	3.3071168362400001	0.21830540075898	0.29791927328333301	0.079613872524352799	0.94253341965377702	0.65964994020760004	-0.28288347944617698	1.3105837364215001	0.50931286336850601	-0.80127087305299305	0.99166252668946997	0.98229612670838795	-0.0093663999810816908	0.0080919841959257392	0.0172668418847024	0.0091748576887767004	0.00024545735500396202	0.00043698418066924401	0.00019152682566528199	0.0109201501916956	0.032003897207754602	0.021083747016059098	0.019486519343080499	0.0065891330290464298	-0.012897386314034099	0.079906786174438499	0.16660261115948699	0.086695824985048603	1	105.375	11103.890625	2.3931150758965001	-0.21531152625078501	-0.57576605519351598	-0.18641949318971601	0.38140813386135403	-0.023539530766984701	2.7297870830573001	-0.85861822309229396	1.012555100917	0.76828144241625795	-0.457639498151381
1374	347	-0.202794050713	0.29947429001331299	0.30277121402323198	0.00329692400991927	0.65386063382029602	0.64734608083963396	-0.0065145529806616099	0.54081628751006094	0.52527817804366905	-0.0155381094663916	0.98196703717112599	0.98112540692090999	-0.00084163025021577497	0.017596878670155899	0.0184080118080601	0.00081113313790417301	0.00043606520303001502	0.00046661425549245999	3.0549052462445001e-05	0.031840628164785903	0.031596091941550997	-0.00024453622323490599	0.0072156391630409603	0.00720315742073575	-1.2481742305205999e-05	0.15796304000317099	0.085090515310687106	-0.072872524692483898	1	106.125	11262.515625	0.106709128336472	-0.0266356136549829	-0.013337578891176901	0.0027675743436569398	0.013454087099416701	-0.034066816678533798	-0.030573672593415199	-0.0015696051090535799	-0.85615710536441303	0.77374963773594696	-0.44820960762270001
1376	347.5	-0.484963234942	0.30233470350503899	0.29522270113229698	-0.0071120023727417299	0.64689128994941703	0.670243799686432	0.023352509737015099	0.39355462193486801	0.78456229120489196	0.39100766927002401	0.98071552217006697	0.97950053513050095	-0.00121498703956602	0.0188200670294465	0.019982364866882901	0.00116229783743641	0.00046442862512776403	0.00051710920233745698	5.2680577209692698e-05	0.031252486617476899	0.031125330041956101	-0.00012715657552078	0.0057500499999147397	0.0091545724193561797	0.00340452241944144	0.088728013435671799	0.088816921569793497	8.8908134121670797e-05	1	106.625	11368.890625	-0.20513550974584899	-0.00624549459607757	0.27766838837706798	-0.0055181950496323504	0.028903241538553299	-0.032619505760775998	-0.015382099533974399	0.225714863950463	-0.0017024444846537601	0.77739510128240596	-0.44188585912789402
1377	347.75	-0.39328232187899997	0.30170677443966298	0.29258026406168902	-0.00912651037797374	0.65291198920458504	0.67482962161302595	0.021917632408441402	0.61284678666852299	0.88667067084460605	0.273823884176083	0.981580000184476	0.97325274273753104	-0.0083272574469451799	0.017965328489663202	0.0260832826665141	0.0081179541768509906	0.00045471775019905001	0.00066398843937349702	0.00020927068917444701	0.031795438130696699	0.032621058711299299	0.00082562058060257904	0.0077661339000768999	0.0119459584471771	0.0041798245471002197	0.085293264227213603	0.102636927968917	0.0173436637417031	1	106.875	11422.265625	-0.26548885424177898	-0.0072250793594371898	0.193788091217407	-0.16335818655164	0.33491067667173402	-0.022379154892601599	0.107928747435558	0.27728463797016001	0.20036878383506901	0.77921783305563497	-0.43871283843778702
1380	348.5	-0.058372095053199999	0.292787699401379	0.289628763496875	-0.0031589359045031099	0.67380043566226999	0.67325146794319202	-0.000548967719078308	1.13246909976001	2.2765769199467201	1.1441078201867101	0.97422863841056795	0.98037570118904105	0.0061470627784732104	0.025117124523967801	0.019053633091971198	-0.0060634914319966501	0.00065425130596849903	0.00057070008188020297	-8.3551224088295202e-05	0.0324457239221645	0.028693305121527801	-0.0037524188006366498	0.014880113443359299	0.0221144026218093	0.0072342891784499801	0.111236968631283	0.16644808051823201	0.055211111886949403	1	107.625	11583.140625	-0.086704219449021402	-0.0225629334959212	0.81673840048869795	0.15786505870166501	-0.288988432985748	-0.041528506636954003	-0.48457277291721701	0.48045453157735402	0.64383619270878301	0.78468602837532397	-0.42914919059664203
1382	349	-0.114474275825	0.29137485027313298	0.28595213629305399	-0.0054227139800790396	0.67292560562491399	0.67354028373956698	0.00061467811465254496	2.4543404416181001	2.5588163569569402	0.104475915338837	0.97984951362013795	0.98133073896169698	0.00148122534155837	0.019576582731679101	0.0180762904463336	-0.0015002922853455101	0.00057390102301724298	0.00059296040271874097	1.9059379701498099e-05	0.0285382871274595	0.028175636574074101	-0.00036265055338536098	0.023065233098168401	0.025015710853039899	0.00195047775487152	0.16051404889314999	0.177227896849597	0.016713847956447099	1	108.125	11691.015625	-0.15452553249554499	-0.021768517342031099	0.0725686073266473	0.054317850959352598	-0.088234859386084094	-0.034818194137533801	-0.045860330125541998	0.12899804596254799	0.19299298250607699	0.78833149192178298	-0.42273627056019403
1383	349.25	-0.094007292088400002	0.28719803569838398	0.283643770590425	-0.0035542651079595298	0.67428353726863899	0.67763668354600703	0.00335314627736805	2.6138780318200201	2.1484086392448498	-0.46546939257516301	0.982461871951819	0.97709555774927104	-0.0053663142025475201	0.0169989326270296	0.0222588371892927	0.0052599045622631502	0.00053921546132187101	0.00064559895781712601	0.000106383496495255	0.0284360179194698	0.029058724862557801	0.00062270694308795202	0.025385064753936301	0.020633063072455701	-0.0047520016814806302	0.18694694075509399	0.13335055469997301	-0.053596386055121799	1	108.375	11745.140625	-0.098548024260687594	-0.0198989765571	-0.33539894342498699	-0.097647066225174495	0.20917352271150699	-0.029107555170605998	0.081667147498166198	-0.31682215441289902	-0.63041336837392503	0.79015422369501298	-0.41951866409926503
1386	350	2.8194367871499999	0.28221781253814698	0.32260081134736601	0.040382998809218397	0.67876972034573502	0.52853377684950797	-0.15023594349622699	2.0704811962322198	1.97047916166486	-0.10000203456736401	0.97619276642799402	0.989994094520807	0.013801328092813399	0.023113515879958801	0.0096182471665089194	-0.013495268713449899	0.00069372216603368303	0.00038765246463299299	-0.00030606970140068998	0.029208910906756199	0.00513192635995381	-0.024076984546802401	0.020487866047188299	0.0253126181429256	0.0048247520957373597	0.12513961619713501	0.12209362805332399	-0.0030459881438103398	1	109.125	11908.265625	1.2177837145633701	-0.124753607098959	-0.073796960119230801	0.327733343084678	-0.61594235270311704	-0.056080302109478598	-3.1150298534007401	0.32018245387417199	-0.038415357489246599	0.79562241901470099	-0.40982125894565702
1388	350.5	0.75899964980000001	0.32229415029287301	0.33131299912929602	0.0090188488364225106	0.52740376591682403	0.522313159704208	-0.0050906062126162598	2.4310979187490802	1.2384026698769	-1.19269524887219	0.99060172736644803	0.98675141930580201	-0.0038503080606460101	0.00900845387950522	0.012855497188865901	0.0038470433093607099	0.000389808919862844	0.00039306074177147398	3.2518219086305798e-06	0.0046575475622106398	0.0072623923972800304	0.0026048448350693902	0.034648041147744002	0.020734706349322899	-0.0139133347984212	0.124708029211292	0.13356691430207501	0.00885888509078318	1	109.625	12017.640625	0.27813426009909997	-0.0256634911396743	-0.85594810369901897	-0.064002901584519101	0.14701604581751199	-0.035851943562301702	0.33820048344119202	-0.92619476117520305	0.10100315484528399	0.79926788256115999	-0.40331916736756701
1390	351	0.74950465734500005	0.32843570522964	0.32961479611694799	0.0011790908873083299	0.52482454031705905	0.50472394451498903	-0.020100595802069798	0.98191722966730199	2.48428604304784	1.50236881338054	0.98561788499355296	0.98950087428092903	0.0038829892873762902	0.0139834880479612	0.010002288687974301	-0.0039811993599869096	0.000398610448974069	0.00049685663725541397	9.8246188281344706e-05	0.0071863245081018297	0.0055449591742620704	-0.00164136533383976	0.0147783640830308	0.031650422862729698	0.016872058779698801	0.128853190379595	0.12809478894217699	-0.00075840143741745503	1	110.125	12127.515625	0.043260230788354302	-0.035910748384048397	1.0731820590181	0.107619311545611	-0.19737998871239501	-0.029639701742234199	-0.21135485483880601	1.1215176509204901	-0.011625325444656401	0.80291334610762	-0.396787351942263
1391	351.25	0.52422518847300004	0.333733206149191	0.32801346275955401	-0.0057197433896369297	0.51994140110909903	0.49676297158002802	-0.023178429529070801	1.7001850888133201	1.8672450578767901	0.16705996906346901	0.98899059724062699	0.98772003911435602	-0.0012705581262711901	0.0106207632838049	0.0117162351016306	0.00109547181782567	0.00038862073351993501	0.00056372278886556403	0.00017510205534562899	0.0070724911159938302	0.0056763048525210703	-0.0013961862634727499	0.029274960613111401	0.023338466440324099	-0.0059364941727872399	0.13613710300072601	0.14023169055266099	0.0040945875519350604	1	110.375	12182.640625	-0.16342433966529099	-0.038011972623281001	0.117366349775997	-0.0067514636616077496	0.0259632948443261	-0.024613643358719	-0.179623154900523	-0.39560951733316901	0.045208249507264299	0.804736077880849	-0.39351029778690499
1393	351.75	0.83818105166900003	0.32844576686620702	0.31064154356718099	-0.017804223299026301	0.49872130798175901	0.54004330895841102	0.041322000976652	2.2359635635277701	1.93780854269859	-0.298155020829176	0.98825463261455404	0.98948525656014596	0.0012306239455927	0.0111888032406564	0.010091881636618	-0.0010969216040384101	0.00055658411520197995	0.00042289633820474798	-0.000133687776997232	0.0054145318490485799	0.0053871861210578204	-2.7345727990757801e-05	0.025916440080616401	0.027589516196166598	0.0016730761155501501	0.14163641906345001	0.369350987673009	0.22771456860955899	1	110.875	12293.265625	-0.52546746738248595	0.00602220207257747	-0.21563511082746001	0.04875634669363	-0.070488952807108304	-0.044807231498098898	-0.00246432535501376	0.110546478061277	2.6640320263733202	0.808381541427308	-0.38693389659077998
1396	352.5	0.27131662888000002	0.31253047883510598	0.30319047570228602	-0.0093400031328200704	0.541436415910721	0.563626012206078	0.022189596295357501	1.8134194016456699	2.3700917601586502	0.55667235851297803	0.98956950008869105	0.99069337546825398	0.0011238753795628201	0.0099979613674807	0.0088329829042774598	-0.00116497846320325	0.00043259054073132902	0.00047361168981296698	4.1021149081637503e-05	0.0058345088252315302	0.0051953351056133702	-0.00063917371961816198	0.026151021663099901	0.033944863546640801	0.0077938418835409697	0.41448293798779001	0.122305756314267	-0.29217718167352402	1	111.625	12460.140625	-0.27188495778029098	-0.0070394107489560598	0.39625137621469497	0.046387315176278497	-0.073483049108019893	-0.033381984524316503	-0.081648662807238398	0.51767357886771903	-3.4244439255453298	0.81384973674699701	-0.37701356258306601
1398	353	0.58145666412200003	0.30424662344157699	0.291333521530032	-0.012913101911545001	0.56076981648802804	0.61567970663309202	0.054909890145063901	2.2212855918332299	2.15338786760113	-0.067897724232104398	0.99145699366927198	0.99063053652644195	-0.00082645714283013905	0.0081145573174578808	0.0089578673127108308	0.00084330999525294797	0.000428423376433774	0.00041160697728627899	-1.6816399147494699e-05	0.0049686008029513097	0.0054805331759983401	0.00051193237304703401	0.0308876237162607	0.024610842010588701	-0.0062767817056720299	0.14945035680403601	0.088365300040088496	-0.061085056763947702	1	112.125	12572.015625	-0.37893266419312099	0.0152985972950361	-0.050816655387917103	0.0031043055143844902	0.014869677103792001	-0.037164322883935098	0.067330420419181997	-0.41824398529932999	-0.71811353191315697	0.81749520029345601	-0.37036285176890499
1400	353.5	0.043647809793600001	0.29243172407150297	0.30612683594226803	0.0136951118707651	0.61147356033325095	0.59041277170181306	-0.021060788631437202	2.2950286537409399	1.2437673896550501	-1.0512612640858801	0.991169518232346	0.98685021102428405	-0.0043193072080615104	0.0083789622876792105	0.012711185775697499	0.0043322234880182799	0.00045151336089476	0.00043862376915058601	-1.2889591744173899e-05	0.0052385118272569404	0.0060821533203125697	0.00084364149305562802	0.0263683610595771	0.018143051210790399	-0.0082253098487867094	0.085125799181991299	0.36480243871414703	0.27967663953215599	1	112.625	12684.390625	0.41823204731675701	-0.036566268021026999	-0.75470948384355296	-0.074411226521898605	0.168361082835393	-0.036907525790573298	0.11026105983774701	-0.54785172456206699	3.2725622041494802	0.82114066383991502	-0.36368241710753002
1401	353.75	-0.143987505893	0.29463651767000498	0.30424735257402102	0.0096108349040156006	0.61117574013769804	0.60837490558624296	-0.00280083455145486	1.49597404869277	1.0640276305377301	-0.43194641815503598	0.98839442599564797	0.98684650007635299	-0.00154792591929476	0.0112177866234559	0.0127231009770187	0.0015053143535628301	0.00038781061603003302	0.00043036413835579798	4.2553522325764798e-05	0.0063421390674732901	0.0064022134851526996	6.0074417679411302e-05	0.018456778675318398	0.015416954393731501	-0.00303982428158693	0.14955156005409501	0.274648860391834	0.125097300337739	1	112.875	12740.765625	0.29586977615634202	-0.024100273583595198	-0.31140315720096501	-0.01290698469584	0.043993924457054003	-0.033281773601136301	0.0088498126210154598	-0.202935453417012	1.4622765267248601	0.82296339561314502	-0.36033105333413801
1403	354.25	0.10132505973600001	0.30530572151765201	0.28982788315042801	-0.0154778383672248	0.60185631308704501	0.64818571247160595	0.046329399384560301	1.10373325170953	1.7184032427146101	0.61466999100508801	0.98675882834941098	0.99132452420890405	0.0045656958594921804	0.0128037754358958	0.0082525785997856604	-0.0045511968361101199	0.00043737999230871101	0.00042288743043173202	-1.4492561876979e-05	0.00639460528338405	0.0056182508115413601	-0.00077635447184269495	0.017206964743673499	0.024335917999269301	0.0071289532555957602	0.32300126312059402	0.12286565928613	-0.20013560383446399	1	113.375	12853.890625	-0.45577049380159101	0.0094407320658932998	0.43776615271807501	0.122770366464633	-0.22245648145291	-0.037012353460629699	-0.099402945260390105	0.47344803753592501	-2.3465408179375902	0.82660885915960403	-0.35360603290194198
1406	355	0.15081492181799999	0.28796834722161202	0.29879826866090298	0.0108299214392903	0.66052600592374799	0.62798210233450003	-0.032543903589247899	2.2795988678698702	1.25544319236646	-1.02415567550342	0.99224803596735001	0.98689504787325799	-0.0053529880940920097	0.00733369694789846	0.0126927587494722	0.0053590618015737701	0.00041825510561466201	0.00041216023309971299	-6.0948725149491799e-06	0.0053610907660588403	0.0058424773039641902	0.00048138653790534802	0.032308771687530297	0.0184487816084579	-0.013859990079072401	0.10503066227791701	0.23728522934072499	0.132254567062807	1	114.125	13024.515625	0.33239281277009503	-0.044405742674765901	-0.73530727027652898	-0.097351324819843599	0.213535850433823	-0.036463179030200299	0.063377100612440798	-0.92264649911861896	1.54609560312551	0.83207705447929203	-0.34346277004012099
1407	355.25	0.19054827052600001	0.29908913830295197	0.283929300680756	-0.015159837622196699	0.65130429752171104	0.66384089924395395	0.012536601722242699	2.3336463227868198	1.32094879960638	-1.01269752318044	0.99139890260994501	0.98769223093986502	-0.0037066716700797598	0.0082080574342396906	0.011887263230164801	0.0036792057959251102	0.00039300096368606298	0.0004204914195725	2.74904558864373e-05	0.0053618537055121198	0.0058934670907481003	0.00053161338523597496	0.030958072992507302	0.0199486423312921	-0.011009430661215101	0.090987584836939195	0.28712738656977099	0.19613980173283099	1	114.375	13081.640625	-0.44624339911405497	-0.0136294698545771	-0.72710551078411001	-0.060815232195172798	0.139632195250524	-0.034266836345864797	0.069877587158685306	-0.73303950622601799	2.2942584942645401	0.83389978625252204	-0.34006682049590797
1410	356	0.42644311124500001	0.27672695443034201	0.26369860172271697	-0.0130283527076247	0.68031847849488303	0.717162591964008	0.036844113469125001	1.7521659149787601	1.65242714993645	-0.099738765042312494	0.98910400643944696	0.99073793664574605	0.0016339302062993201	0.010454013023991401	0.0088965294475199398	-0.00155748357647142	0.00044197623465151801	0.00036553515819832402	-7.6441076453194099e-05	0.0058758205837674202	0.0074340255172164896	0.0015582049334490701	0.024475433227052801	0.0301542551809676	0.0056788219539148201	0.23251554648905401	0.10962184070863901	-0.122893705780415	1	115.125	13253.765625	-0.382385502792503	0.0029651669608916202	-0.073608511470156401	0.057706773648233997	-0.090750935433462299	-0.041063532152969102	0.202741680812008	0.37699151967184902	-1.4419574339416701	0.83936798157221104	-0.32983438609244498
1412	356.5	0.18861361009200001	0.26726447194814701	0.26590427905321201	-0.0013601928949354999	0.70286540091037497	0.70522421002387903	0.0023588091135033902	1.7741292536258799	1.9331374704837601	0.15900821685788499	0.99002145826816501	0.99201881289482097	0.00199735462665562	0.00958417435176687	0.0076469236984850397	-0.0019372506532818301	0.00039438414823963602	0.00033424634311814198	-6.0137805121494102e-05	0.00749330873842607	0.0062658239293982504	-0.00122748480902782	0.032017656881362398	0.029185033403336499	-0.00283262347802589	0.117650018711341	0.267069134143542	0.14941911543220099	1	115.625	13369.140625	-0.032815053342889401	-0.020577806388729001	0.111602895667402	0.065772117643190395	-0.107458424051647	-0.039997365096563701	-0.15778938285960001	-0.18915334417837301	1.7471104103727799	0.84301344511867005	-0.32297560834778499
1414	357	0.371913027816	0.26210399791598199	0.276727529242635	0.014623531326652299	0.71575073003769096	0.69062424376606901	-0.025126486271621701	1.9868626892566701	1.16348288496948	-0.82337980428718804	0.99311005473136904	0.98925400599837299	-0.0038560487329956099	0.00658376197097813	0.010427219385746599	0.0038434574147684702	0.00030618544187745698	0.00031875904460320801	1.25736027257515e-05	0.0059006867585358396	0.0068403738516348202	0.00093968709309898298	0.032163204648532298	0.0151612413843386	-0.0170019632641937	0.203773026912941	0.148509029973768	-0.0552639969391737	1	116.125	13485.015625	0.44604688801848602	-0.039341902830666603	-0.59159165529953905	-0.064130302206679896	0.14685828782124499	-0.035242337342050602	0.12269152609412901	-1.13163708659701	-0.64994283534311403	0.84665890866512905	-0.31608710675591201
1415	357.25	0.38941115475600002	0.27261457396671201	0.27767060771584501	0.0050560337491334902	0.69189548268914203	0.69461560752242901	0.0027201248332866502	1.84850785080348	1.12949806200328	-0.71900978880019495	0.99030165057629405	0.99108001403510604	0.00077836345881199297	0.0093333860102572507	0.0086320886708563405	-0.00070129733940091203	0.00036494343003142199	0.00028791692825507099	-7.7026501776350495e-05	0.0070090753060799999	0.0064477708604601504	-0.00056130444561984798	0.025236587325344499	0.016215739946345301	-0.00902084737899915	0.31842015464163098	0.110837718580033	-0.20758243606159801	1	116.375	13543.140625	0.15941090754072701	-0.020331137654884202	-0.51688347014756397	0.038719496672278503	-0.053083842406216997	-0.041101816567233898	-0.071570622976074097	-0.60076747081589399	-2.4337510091133301	0.84848164043835805	-0.31263170951726998
1417	357.75	3.3552872064199999	0.27692597592249502	0.33536769216880202	0.058441716246306903	0.69355388786643701	0.49555548066273403	-0.19799840720370299	1.1914640485308401	0.660162170044584	-0.53130187848625299	0.99071887545287596	0.91856634486466604	-0.072152530588210001	0.0089817443542414103	0.079650152428076104	0.070668408073834593	0.00029939482283225402	0.0017835033886512599	0.00148410856581901	0.0065951806527597204	0.039100858900282497	0.0325056782475227	0.0167326619412041	0.0115904877980817	-0.0051421741431224603	0.12673641244005299	0.13316527608284701	0.0064288636427946898	1	116.875	13659.765625	1.75881109782747	-0.157360841722191	-0.38252191761936699	-1.57980891089114	3.0867579545438999	0.060990011864346098	4.2080425230913603	-0.34277475399667501	0.072545063058544704	0.85212710398481795	-0.30569862215457499
1419	358.25	-1.0386059921799999	0.32676665149629203	0.33483623787760702	0.0080695863813158297	0.52560586407780496	0.50703151552006598	-0.018574348557738901	1.3199039499274301	0.77124806884677799	-0.548655881080651	0.93239771761000101	0.91710676793009105	-0.0152909496799106	0.066028602782171597	0.081162566388957094	0.015133963606785599	0.00157368225450228	0.0017306535854004299	0.00015697133089815501	0.032783056188513002	0.040167441191496601	0.0073843850029836101	0.026809820484774802	0.0085305656932179105	-0.018279254791556801	0.118506516412968	0.14530478777918801	0.0267982713662199	1	117.375	13776.890625	0.24969497674985899	-0.034868785760558997	-0.39494393397052602	-0.31790083747974202	0.64357328818672299	-0.025799318351263301	0.95678074897612098	-1.2165970435911999	0.31109212407917503	0.85577256753127695	-0.298735810944666
1422	359	0.28412818208000001	0.337151614576578	0.33255457393825	-0.0045970406383274397	0.501775046810508	0.51902235448360401	0.017247307673096499	0.96917741820214898	0.98631113599985798	0.0171337177977097	0.91996831819415104	0.95283308029174796	0.032864762097597797	0.078335214499384506	0.045847390219568802	-0.032487824279815697	0.0016964427370112401	0.00131952538649784	-0.00037691735051339798	0.0400680259422019	0.037980736626519102	-0.0020872893156828301	0.0113852294394744	0.0112852050893708	-0.00010002435010366199	0.12944754758167401	0.13276725950457	0.0033197119228961201	1	118.125	13953.515625	-0.129788898286886	-0.010413490563364301	0.0100489551541689	0.75080109627251701	-1.4515016345145	-0.060713447689339499	-0.26906747266523201	-0.0073925641081397696	0.036133645744918397	0.86124076285096496	-0.28823586191627598
1424	359.5	0.41065972942000001	0.333593232929707	0.334518842399121	0.00092560946941427902	0.51721250712871503	0.50320695787667902	-0.014005549252036099	1.1493406645022901	1.0987847030165601	-0.050555961485731403	0.94917162060737603	0.96144734025001599	0.012275719642640801	0.0494768889620903	0.037308829382526498	-0.012168059579563901	0.00135147130931728	0.00124381695059125	-0.00010765435872603301	0.038317645037615797	0.035160884150751602	-0.0031567608868641899	0.012535704461334301	0.017104671290149	0.00456896682881466	0.131498104878216	0.18683888908381399	0.055340784205597099	1	118.625	14071.890625	0.035666093014891001	-0.031749685543704102	-0.038403400334993197	0.29387607796146398	-0.55755305870588301	-0.043104752752474003	-0.40748120813805799	0.30316871440127202	0.64535479113487104	0.86488622639742496	-0.28119874108833198
1425	359.75	2.3912319443199999	0.33253079280257197	0.34178483616560801	0.0092540433630359797	0.51474678013473796	0.43592346692457101	-0.078823313210166501	0.75366725251080702	2.5463752608750898	1.7927080083642899	0.95483398847281897	0.98390105254948401	0.029067064076664199	0.043829891248606201	0.015479904951642099	-0.0283499862969641	0.0013361288285523201	0.00061900553046136705	-0.000717123298090954	0.038067118326822899	0.016046022485801999	-0.0220210958410209	0.0098185023220141599	0.036615972439184699	0.026797470117170499	0.16194664585559401	0.11858664086923699	-0.0433600049863564	1	118.875	14131.265625	0.28518053454992998	-0.076000502463042297	1.2810072110458399	0.66652018609657104	-1.26946141769785	-0.082961520871751404	-2.8489514992381499	1.7817134655142399	-0.51053464373957902	0.86670895817065396	-0.27766903423165501
1427	360.25	0.65887279978699997	0.338574718777091	0.34493037732317999	0.00635565854608922	0.46356203528121198	0.39408301636576498	-0.069479018915446694	2.2154628343884499	2.2274457699969901	0.011982935608546399	0.97545753605663799	0.99424564652144898	0.018788110464811401	0.023677791027876201	0.0054336582936229698	-0.0182441327342533	0.00086464922769664604	0.00032071855330286598	-0.00054393067439377995	0.0232173778392653	0.0063066270616318797	-0.016910750777633401	0.032879404583953803	0.0275761184697348	-0.0053032861142189702	0.136200709118181	0.122585421557952	-0.013615287560229601	1	119.375	14250.390625	0.19834681788827099	-0.069621191749035499	0.0063620189429400703	0.43840316328750401	-0.82486407452075605	-0.071635433852681105	-2.1875576213277501	-0.35349123167023	-0.16219290404669201	0.87035442171711297	-0.27058732763288901
1430	361	0.62899106296899998	0.34470046125352399	0.34705314710736201	0.0023526858538387399	0.39500321410596301	0.39863278530538099	0.0036295711994178701	2.2641422331333101	2.0667500339446998	-0.19739219918860901	0.99438710436224897	0.99527693241834603	0.00088982805609716397	0.0052958346088417801	0.0044340504857245996	-0.00086178412311718104	0.00031709859795228201	0.00028901930454595102	-2.80792934063316e-05	0.0060184337474682497	0.0058718646014178297	-0.000146569146050418	0.0288873302284628	0.028297975132589099	-0.00058935509587361803	0.120309300928788	0.10262556393168699	-0.017683736997101299	1	120.125	14430.015625	0.078420369705519799	-0.0197102624165525	-0.14350895945693401	0.041193189330253399	-0.060144304663316099	-0.037900869959318802	-0.017894523870012499	-0.039940747687164602	-0.20983870058895901	0.87582261703680198	-0.25990903552121503
1432	361.5	0.50865875013799999	0.34951509386301099	0.33578319698572201	-0.013731896877289301	0.39538487195968602	0.40233618319034498	0.00695131123065956	1.96091564521175	2.36139168739306	0.400476042181308	0.99513089954853096	0.99543311893939901	0.000302219390868941	0.0045785375987180002	0.0042857681168245402	-0.00029276948189345799	0.00029056329512969101	0.000281138785067021	-9.4245100626698502e-06	0.0059618914568865698	0.00637896502459498	0.00041707356770841398	0.027233969754886098	0.0299669169820827	0.0027329472271966802	0.103175143180778	0.13740571160708401	0.034230568426305903	1	120.625	14550.390625	-0.403463226747727	-0.0174425243614252	0.284445861325056	0.0281526071513334	-0.035111050802365103	-0.036680923665060601	0.055053552157125499	0.18104456102496999	0.39813209325200599	0.87946808058326098	-0.25275301930441402
1433	361.75	0.46173654798800001	0.341568313259631	0.34006860703230002	-0.00149970622733148	0.40291624832898298	0.38633589427918202	-0.016580354049801301	2.2827595129607698	2.2966966286300901	0.0139371156693264	0.99551026653498398	0.99544570241123398	-6.4564123749888402e-05	0.0042112733601243303	0.0042599343250913999	4.8660964967077399e-05	0.00027846281127495199	0.00029440059588523899	1.5937784610286799e-05	0.0060474395751952898	0.0057997809516058801	-0.00024765862358940401	0.029810313615596801	0.028905525067238001	-0.00090478854835872996	0.13100321734369899	0.12983440457045101	-0.00116881277324712	1	120.875	14610.765625	-0.036994781688471298	-0.033507494032477998	0.0077608234283073297	0.020012716017491401	-0.020090145481306401	-0.035022333649290201	-0.030977781602344	-0.0609220287679118	-0.016431671279598301	0.88129081235649098	-0.24916386475330801
1435	362.25	0.34062858788700001	0.337919823359698	0.30286715477704601	-0.035052668582651297	0.39156984807923501	0.56924017164857998	0.17767032356934501	2.30421710982912	2.1189569923449998	-0.18526011748412399	0.99545242525637101	0.97816889807581797	-0.017283527180553801	0.0042539158865112399	0.021209618542344801	0.016955702655833502	0.00029370205934356301	0.00062151598322093002	0.00032781392387736701	0.0060767209088361997	0.0198503706190334	0.0137736497101972	0.029176129994447301	0.035756058180173897	0.0065799281857266403	0.12980327600958599	0.13324623032809499	0.0034429543185088602	1	121.375	14731.890625	-1.04221962598308	0.099106632819147597	-0.134824800486291	-0.362121374348293	0.72371895189961	-0.0146269136994956	1.7836956655392999	0.43692924341137201	0.037576943049667702	0.88493627590294999	-0.241963262765687
1437	362.75	2.2425127244700001	0.31980518708005601	0.26754735326394402	-0.052257833816112098	0.47958829877897302	0.73700844552367895	0.25742014674470598	2.36057084593963	0.34952542187529401	-2.0110454240643398	0.98650623392313797	0.96086754053831103	-0.025638693384827198	0.0130274105358687	0.038269722939003298	0.025242312403134601	0.000466369410059996	0.00086276753718266496	0.00039639812712266901	0.013285410845720699	0.033568933275010898	0.020283522429290199	0.038745809194378499	0.0055013809048430999	-0.033244428289535402	0.136523316738933	0.150403331971529	0.013880015232595499	1	121.875	14853.515625	-1.5576751425397699	0.15355150424300701	-1.4417241632515401	-0.54754449342881895	1.0882804067765799	-0.010141788192949201	2.6262199782772	-2.2120162329939301	0.15980583848708499	0.88858173944940899	-0.23473293693085101
1439	363.25	-1.2553057918099999	0.26810165708884598	0.269783732667566	0.00168207557871947	0.73663965538144105	0.73314691931009301	-0.00349273607134826	0.30999394599346802	0.34617349621836402	0.036179550224895801	0.96075636595487601	0.96174665559083194	0.00099028963595648701	0.038360511721111899	0.037408070825040197	-0.00095244089607164596	0.00088314613749390202	0.00084527323597286203	-3.7872901521040599e-05	0.0337311426798503	0.034120750427246098	0.00038960774739576999	0.0049261976011618401	0.0057102778613623501	0.00078408026020051298	0.148421898491892	0.141437285899841	-0.00698461259205088	1	122.375	14975.640625	0.058329323727212598	-0.0245726318633839	0.023681985375583799	0.043422696084499203	-0.064132662514184605	-0.038541331749029899	0.0514988557166218	0.051414284650083797	-0.084540767680299098	0.892227202995868	-0.22747288724879999
1442	364	-1.09051789459	0.270657680556178	0.27014850042760402	-0.00050918012857437101	0.73267218694090797	0.73293399289250405	0.00026180595159530602	0.27790871849284499	0.21031512795015	-0.067593590542694995	0.96155838146805805	0.96134140342473995	-0.00021697804331810599	0.037585698300972498	0.037798685766756601	0.00021298746578412401	0.00085591540337191503	0.00085993813481764195	4.0227314457272397e-06	0.034451152660228503	0.0337194937246817	-0.00073165893554678896	0.0047409467602850097	0.0030572872521587402	-0.0016836595081262699	0.134925722743584	0.132626555238224	-0.0022991675053603	1	123.125	15159.765625	-0.0073192665179012597	-0.022009421694940599	-0.0505989561198531	0.016630250167419699	-0.012860758549911901	-0.035801529241445501	-0.093618335080575904	-0.11272918620085801	-0.029669306998690199	0.897695398315557	-0.21652708051219899
1443	364.25	-1.2199499466699999	0.27088438700884598	0.27066425196826499	-0.000220135040581271	0.73239817209541802	0.73103830758482202	-0.00135986451059611	0.38371183886193799	0.21820116757882599	-0.165510671283113	0.96169187165796799	0.96173050403594995	3.8632377982184003e-05	0.037492296390701098	0.037355411937460198	-0.000136884453240886	0.00081581507129157899	0.00091410508939589403	9.8290018104315297e-05	0.034152504249855303	0.0338484870062934	-0.00030401724356195903	0.0054555921298745204	0.0039255124593187097	-0.00153007967055581	0.13550333145613999	0.13764610784078199	0.00214277638464233	1	123.375	15221.390625	0.00134033559099923	-0.023116529350988201	-0.12068812266220801	0.022302917883203301	-0.028253038349488401	-0.029636835451635899	-0.038271857786040801	-0.102513713761221	0.022350500084855798	0.89951813008878601	-0.212863616343058
1445	364.75	2.85816268596	0.27031033094972401	0.35646212017163997	0.086151789221916103	0.73195166829973501	0.48626459985970499	-0.24568706844002999	0.19252842348068699	1.2291411571087001	1.03661273362802	0.96168688703328398	0.95942508243024305	-0.0022618046030407099	0.037411311070900399	0.039421317621599998	0.0020100065506996499	0.00090183358843205601	0.00115359952760629	0.00025176593917423002	0.033753882514105903	0.0368571811252172	0.0031032986111113299	0.00345711016625517	0.025920931415654901	0.022463821249399701	0.14095991915554801	0.172877592211477	0.031917673055928901	1	123.875	15345.015625	2.5889867913272302	-0.18991769170640499	0.73979328562900704	-0.0287498307804065	0.066197374029803399	-0.019600139891153098	0.40271164106484802	1.49345772001987	0.37104567029150198	0.90316359363524501	-0.20551439511936501
1447	365.25	-0.83288709931399996	0.33237959686666402	0.36825079740956401	0.035871200542900397	0.55523283686489899	0.45068496288731702	-0.104547873977582	1.19658141464447	0.271088637039058	-0.92549277760541204	0.96022444218397196	0.95732850860804297	-0.0028959335759285399	0.038680121570359799	0.041549289529211997	0.0028691679588521298	0.00109544792194355	0.00112219667607861	2.6748754135050501e-05	0.035942494427716201	0.038184010540997598	0.0022415161132813598	0.025584606474145899	0.0039531701382656201	-0.021631436335880199	0.12316734312757401	0.31405971114852099	0.190892368020947	1	124.375	15469.140625	1.08261318441109	-0.093562552730382595	-0.66468424689762395	-0.042822820973235302	0.10399535685773	-0.034315340597368599	0.29117755460195499	-1.43956979001688	2.2328055592127698	0.90680905718170401	-0.19813545004845901
1450	366	-0.74247515707400003	0.36808939836919302	0.36687509380281003	-0.0012143045663833799	0.450057342648506	0.45650481432676299	0.0064474716782571004	0.23860490676014601	0.25598171763123501	0.0173768108710897	0.95670248642563804	0.95744909122586297	0.00074660480022448205	0.042183340294286699	0.041364944586530297	-0.00081839570775642202	0.0011141667084302699	0.0011859600534080499	7.1793344977775196e-05	0.038382127549913297	0.041364542643229099	0.0029824150933158398	0.00358945014304464	0.0038182672869881999	0.000228817143943565	0.308693697920503	0.30574149628766001	-0.0029522016328427702	1	125.125	15656.265625	-0.028444334274921702	-0.017786493520936499	0.0102229614743797	0.038014688486643897	-0.058235472908100903	-0.031369609164168699	0.38706658821254403	0.014480562420643101	-0.037317019390345298	0.91227725250139302	-0.18701130022857201
1451	366.25	-0.79403044005000001	0.36739467773586498	0.36612830907106397	-0.00126636866480123	0.45184761220589298	0.45821507684886498	0.0063674646429720001	0.297246931027627	0.29265074636788302	-0.0045961846597435399	0.95732737053185701	0.95731425993144503	-1.3110600411980801e-05	0.041508420719765203	0.0415197556023486	1.1334882583431699e-05	0.0011642129320534899	0.00116597236556117	1.75943350768726e-06	0.039102455421730298	0.041282929314507402	0.0021804738927770498	0.0048061029738166701	0.0042255954176654799	-0.00058050755615118898	0.238587180433186	0.244681139772807	0.0060939593396205404	1	125.375	15718.890625	-0.030004140669099101	-0.0178411139899942	-0.0055053356883776397	0.021154605065744899	-0.0217322707066522	-0.035949539640786503	0.28327731490486302	-0.039352247271857203	0.068622983519949193	0.91409998427462302	-0.183288388365003
1453	366.75	-0.913789189956	0.36658575488254402	0.365535470936447	-0.0010502839460969601	0.457587472163141	0.459433395043016	0.0018459228798749	0.28974713230274501	0.21194212669506601	-0.077805005607678404	0.95759981740266098	0.95736420657485699	-0.000235610827803767	0.041230129916220798	0.041473602666519602	0.00024347275029883199	0.0011700470095092901	0.00116216138849268	-7.8856210166103198e-06	0.041296351397479003	0.041222325077763397	-7.4026319715564406e-05	0.0042200909726491601	0.0036010108247864999	-0.00061908014786265803	0.25645557954312498	0.17185556221921	-0.084600017323915505	1	125.875	15844.515625	-0.023530383585784399	-0.0209279516797546	-0.057908299553202702	0.016216739660026201	-0.011519587671358101	-0.036580286635166999	-0.0085058464658322105	-0.041917930722154599	-0.99349830538133199	0.91774544782108203	-0.17582027175245399
1456	367.5	3.0097645795700001	0.36523866653442399	0.34598986953496902	-0.019248796999455298	0.46030941903591099	0.41375854611396701	-0.046550872921944299	0.19266983261333101	2.2307315587996199	2.0380617261862901	0.95693593323230797	0.98236374557018302	0.025427812337875701	0.041902885958552301	0.0170837778830897	-0.024819108075462601	0.0011611593537963899	0.00055248370772459701	-0.00060867564607179495	0.0422246862340857	0.018774188006365398	-0.023450498227720301	0.00304804562474626	0.0343368599889778	0.031288814364231497	0.23741179478896901	0.13827738995349401	-0.099134404835474504	1	126.625	16033.890625	-0.56874595223601698	-0.053968242176234499	1.4566317033221301	0.58575561576639101	-1.11412381393979	-0.075869489366238205	-3.0339483978637798	2.08045843164123	-1.16371117910324	0.92321364314077003	-0.16456236462010401
1458	368	1.0231595525699999	0.353473719954492	0.33221004866063503	-0.021263671293856898	0.43166143894196002	0.398205629363656	-0.0334558095783037	1.81964460052527	2.05170324128119	0.232058640755924	0.97288163006305495	0.99568860009312599	0.0228069700300714	0.026342442660827501	0.0040645140630658902	-0.0222779285977616	0.00077592451234527796	0.000246901636819532	-0.00052902287552574596	0.0275501392505808	0.0066383361816406399	-0.0209118030689401	0.028737999370783598	0.026270225446205601	-0.0024677739245780798	0.16456715372519501	0.10697716789275299	-0.057589985832442202	1	127.125	16160.765625	-0.62911027051630597	-0.045028297087402303	0.16389247872955201	0.52759222997010002	-1.0023270579991701	-0.070660524970087096	-2.7053840024910398	-0.16488511589515101	-0.67718259714619	0.92685910668722904	-0.15701993838952
1459	368.25	0.611846583635	0.33807473247870801	0.33061729008332003	-0.0074574423953880902	0.39235007883980799	0.40780869480222598	0.0154586159624177	2.57326830811231	2.3766724899412299	-0.19659581817108099	0.99529675617814095	0.99592115115374302	0.00062439497560240497	0.0044580026697075602	0.0038137456809634999	-0.00064425698874406097	0.00024523397419216002	0.00026508787304919398	1.9853898857033998e-05	0.0068055188214336503	0.0066311942206488299	-0.000174324600784817	0.037185219880850599	0.029399647744140899	-0.0077855721367097001	0.127255179055588	0.127980920438336	0.00072574138274775202	1	127.375	16224.390625	-0.21548466727478899	-0.0116346229286447	-0.142938908947395	0.035302530965214803	-0.050574406840130703	-0.034766235844496701	-0.021486705535291702	-0.51860225699227003	0.0057555386772850598	0.92868183846045904	-0.153237578831522
1462	369	0.42032114427799999	0.33045435100793902	0.32495930567383602	-0.0054950453341030504	0.41134350001811998	0.45610052198172701	0.044757021963607098	2.4469444841147001	2.8251408045650401	0.37819632045034601	0.99572960957884804	0.98953892141580402	-0.0061906881630436903	0.0039916669717058499	0.0100282468047239	0.0060365798330180203	0.00027870961966982698	0.00043285097799530001	0.000154141358325472	0.0067398636429398199	0.0119878980848535	0.00524803444191369	0.029816208966076799	0.043723162334945997	0.0139069533688692	0.12794515718572699	0.13169566244700301	0.0037505052612756798	1	128.125	16416.015625	-0.156692532634502	0.0083672765633609203	0.26849800917188099	-0.11594209319493	0.24334260697007001	-0.025984386946770199	0.68028881650659501	0.92429154960329996	0.041178686139467	0.93415003378014805	-0.14184591438670799
1463	369.25	1.9217900075000001	0.33367019016295701	0.30424475781619198	-0.029425432346764601	0.412569424510003	0.61499092048035897	0.202421495970356	2.5845477306853302	1.60045871986109	-0.98408901082423705	0.99616370163857904	0.96774521172046402	-0.028418489918115099	0.0035804227722111702	0.031409382113636398	0.027828959341425201	0.00025587776940483602	0.00084542231415986899	0.00058954454475503297	0.0066275914510092598	0.0275260995935529	0.020898508142543699	0.032797375741986198	0.029672453222164101	-0.0031249225198220799	0.113603292191021	0.14817226762125299	0.034568975430231901	1	128.375	16480.140625	-0.87363130256992205	0.11600415491145	-0.70662750253569495	-0.60923549166986701	1.20207746007494	0.00248919508351417	2.7058129961073099	-0.208595823431103	0.40209519307854202	0.93597276555337705	-0.13803383098149699
1466	370	-1.04091213119	0.29771819971501801	0.29861220978200398	0.00089401006698613895	0.65820045545697203	0.65700495615601495	-0.0011954993009569701	0.32504491973669403	0.236555706383658	-0.088489213353035806	0.96134996339678802	0.96134448051452603	-5.4828822613206498e-06	0.037751149479299702	0.037777984654530798	2.6835175231054699e-05	0.00089890096060116795	0.00087754157575546297	-2.13593848457052e-05	0.031984456380208297	0.032167251021773799	0.00018279464156544	0.0054768021946076896	0.0038887679755136499	-0.0015880342190940299	0.14173802505078301	0.13979368018982599	-0.00194434486095765	1	129.125	16673.265625	0.0347193955504689	-0.023004317908391199	-0.065556068567300493	0.021323884198724798	-0.021050350185358599	-0.037461415509740498	0.024732576654998499	-0.106368601894386	-0.0255139628593277	0.94144096087306595	-0.126552994995041
1468	370.5	-1.3323237024400001	0.297990506887436	0.29908542782068198	0.0010949209332465899	0.65867339968681304	0.65693484842777305	-0.00173855125904077	0.28318688608704101	0.23872543871401999	-0.044461447373020803	0.96114516854286203	0.96147500276565601	0.00032983422279375701	0.037989227846264802	0.037625223584473101	-0.00036400426179168698	0.000865593945491128	0.00089977918541990097	3.4185239928772602e-05	0.032238317418981498	0.0320014105902778	-0.00023690682870371901	0.0038728186947989398	0.00381909206043926	-5.3726634359673298e-05	0.137033560356634	0.106279662413891	-0.030753897942743101	1	129.625	16802.640625	0.0407385539220914	-0.023375057213597401	-0.034040939654890599	0.028765452921626401	-0.038244956680579902	-0.033829024936702499	-0.0295862569155107	-0.0043130385227327997	-0.362903950348964	0.94508642441952495	-0.118861949528386
1469	370.75	-1.2196230455199999	0.29922405490651699	0.29797070296481198	-0.0012533519417048901	0.65573277063667701	0.65861062388867198	0.0028778532519940802	0.28769580293448699	0.243082462740112	-0.044613340194375101	0.96150975953787599	0.96148341614752997	-2.63433903456844e-05	0.037601673556491598	0.037613715359475497	1.2041802983822599e-05	0.000888573275187813	0.00090283447971160099	1.4261204523787699e-05	0.032238932009096499	0.031794548034668003	-0.000444383974428524	0.0047028373468496303	0.0037185250679610598	-0.00098431227888857195	0.12878722645968499	0.12713575077688499	-0.00165147568279983	1	129.875	16867.515625	-0.029614168144194201	-0.0202234571217558	-0.034149664722794897	0.020860934643917702	-0.021701170421070101	-0.035131975108313	-0.056438477712074699	-0.066211606425864697	-0.022084158583146801	0.94690915619275495	-0.115005280352353
1472	371.5	3.19902548552	0.29726847708225301	0.28506550788879298	-0.0122029691934591	0.65957222878932997	0.58191849887370695	-0.077653729915622693	0.22404480283147099	2.4090786114333902	2.1850338086019101	0.96122090518474601	0.95781924724578804	-0.00340165793895753	0.037867268174886698	0.040805896744132202	0.0029386285692455001	0.00091182295291218803	0.0013748577097431099	0.00046303475683092201	0.031739298502604103	0.030400028935185199	-0.00133926956741897	0.00334964749490589	0.042109006457028003	0.038759358962122098	0.13101607562077999	0.119124916808117	-0.011891158812662801	1	130.625	17062.890625	-0.35765755162908403	-0.075202032829436799	1.56183450025614	-0.054046175062814603	0.107051209848744	-0.0057840260052658098	-0.17225685108856401	2.5773670340729802	-0.14200155380530899	0.95237735151244296	-0.103390687053434
1474	372	-1.27860492823	0.28873659148812297	0.277731693908572	-0.0110048975795515	0.60372313186526505	0.58197176679968998	-0.0217513650655752	2.1253725495187301	6.3093992447484801	4.1840266952297496	0.95913522318005595	0.97044422030448996	0.011308997124434001	0.039614675892516903	0.0285304422723122	-0.0110842336202046	0.00125008104587322	0.0010252992964524101	-0.00022478174942081101	0.030412235966435198	0.026454614709924301	-0.0039576212565108496	0.038262401273819198	0.055335002354699098	0.0170726010808799	0.120948054681825	0.27950891469364503	0.15856086001181999	1	131.125	17193.765625	-0.32176410833813102	-0.037037721670301102	2.9927160613524402	0.27242196200149499	-0.50987117424087303	-0.050764403556339897	-0.51113059755800705	1.1348568651240301	1.85416979725723	0.95602281505890196	-0.0956104700451363
1475	372.25	0.16032477341599999	0.28271085517480998	0.281569047272205	-0.00114180790260465	0.56940224245190696	0.60219716951251201	0.032794927060605203	1.42948296032848	12.6705563604835	11.2410734001551	0.95822771005332497	0.97801532391458801	0.019787613861263299	0.040404875320382498	0.021130369731690399	-0.019274505588692099	0.0013674135010660401	0.00085430556628125201	-0.00051310793478478599	0.031321221810799903	0.014782170896176301	-0.016539050914623599	0.0192787005915314	0.096831695386209699	0.077552994794678407	0.14606987772064201	0.32303472138523298	0.176964843664591	1	131.375	17259.390625	-0.026272381563649399	0.00020080430019531	8.04415875203021	0.46058477317659102	-0.87019434085824099	-0.069619753141082194	-2.1394512780641302	5.1577533917482903	2.0696996875245501	0.95784554683213197	-0.091709215098282407
1478	373	0.96039453201799996	0.30512411892413799	0.35546847432851802	0.050344355404379898	0.57967261373997103	0.54823502264916701	-0.031437591090803997	11.832101339102	6.2244241714477697	-5.6076771676542698	0.97944789230823504	0.99468703642487499	0.015239144116640201	0.019786857918370801	0.0050456013472287096	-0.0147412565711421	0.000765261866035884	0.00026736573909148402	-0.00049789612694440101	0.010867535626447	0.0064212375217013902	-0.0044462981047455703	0.101234110165388	0.092717719264328799	-0.0085163909010587992	0.33375426963021998	0.309264603435218	-0.024489666195002101	1	132.125	17457.015625	1.5162194540457501	-0.043650467749579702	-4.0161975785311803	0.35964226330047999	-0.67075839448754204	-0.068624963318977397	-0.57437640027582804	-0.56721318837284795	-0.28954324721682301	0.96331374215182097	-0.079960864486899305
1479	373.25	0.35204338163299997	0.34777662986889502	0.35185401635244601	0.0040773864835509897	0.55866971071809501	0.50567760039120402	-0.052992110326890801	7.57686986066415	6.5803960636258498	-0.99647379703830197	0.98849005978554505	0.99073627870529901	0.0022462189197540701	0.0110394020644893	0.0088401999586497308	-0.0021992021058395502	0.00047055956615624299	0.00042352000918983101	-4.7039556966412201e-05	0.0079729080200196794	0.0087596893310547003	0.00078678131103502105	0.084983071222087397	0.090272539039141994	0.0052894678170545802	0.28903307614706902	0.15897387003477101	-0.13005920611229699	1	132.375	17523.140625	0.13009127445597399	-0.058365648068304403	-0.71549254770437398	0.071295071026270099	-0.11898272718209001	-0.0391407934064135	0.102902070215944	0.35109335154460503	-1.5258729344865001	0.96513647392504998	-0.076029885692831201
1481	373.75	0.22749404398500001	0.35687996800989003	0.27320447424426603	-0.083675493765624206	0.51338578425347803	0.75124481748790195	0.23785903323442401	6.2535518214106904	8.2306101739408302	1.9770583525301499	0.99224879778921604	0.99121048636734499	-0.0010383114218711601	0.0073882010728992999	0.0083723583855317106	0.00098415731263240503	0.000363007784380898	0.000417169280626691	5.4161496245793202e-05	0.0071861902872718099	0.0193826957985208	0.012196505511249	0.092879427690059496	0.076587968331297898	-0.016291459358761601	0.24418820695354199	0.13874362307676	-0.105444583876781	1	132.875	17655.765625	-2.4989277209679801	0.14019721369325899	1.41296541360536	-0.00159729828976859	0.021066119859660601	-0.032522659731695699	1.57957764516539	-1.0843774125472401	-1.23760997308175	0.96878193747150898	-0.068145635219284406
1483	374.25	0.75136799389300002	0.27892648782581098	0.27376027526333901	-0.0051662125624718502	0.70674368832260104	0.80998693872243199	0.103243250399832	8.8770008236172604	2.4415507156400098	-6.4354501079772399	0.99206187278032298	0.98246555514633604	-0.0095963176339870504	0.00752496545901512	0.017015822316170898	0.0094908568571557706	0.00041316964743600299	0.00051861616466340201	0.00010544651722739901	0.0165560051246923	0.0331448731599032	0.016588868035211	0.080450027447661804	0.034859087271613999	-0.045590940176047798	0.17169858879275701	0.065719955912554306	-0.105978632880202	1	133.375	17788.890625	-0.146840917502537	0.0482955806083099	-4.6087184649264801	-0.191521970781554	0.39531021445609998	-0.0291688297705067	2.1480483935938399	-3.03325327750153	-1.2438642452695701	0.97242740101796799	-0.060231660898523498
1486	375	0.28675230675500002	0.27889521978795501	0.34889030866325099	0.069995088875296402	0.79377880319953198	0.61201428771018596	-0.181764515489346	1.89327220618722	2.6422634303569699	0.74899122416974895	0.98218456804752396	0.97861926108598696	-0.00356530696153667	0.017317483248189099	0.020819518319331199	0.0035020350711420802	0.00049796495877672397	0.00056120865010598803	6.3243691329264401e-05	0.033604205096209497	0.033795561613860103	0.00019135651765055101	0.025629136315546801	0.034426944679580899	0.0087978083640340796	0.067812444882367595	0.16855663855779701	0.10074419367543	1	134.125	17989.515625	2.1049425982018999	-0.14627803160543901	0.53391345623512498	-0.057677977406325798	0.131837738994207	-0.031928721435458399	0.025840676471328101	0.58445312541523897	1.17707618610156	0.97789559633765699	-0.048304967203855603
1488	375.5	0.13453227278499999	0.33516524434089501	0.370723654329777	0.035558409988882198	0.63861530125141397	0.57733402550220403	-0.061281275749210502	2.6304260382428102	2.0227462468202599	-0.60767979142255302	0.97882399559021005	0.98057456612587002	0.00175057053565975	0.020640253555029599	0.018839536886662199	-0.00180071666836742	0.00053575217898469503	0.00058590184780768799	5.0149668822993201e-05	0.033479591652199103	0.031339179144965097	-0.0021404125072339401	0.031671203038421497	0.028647102693502499	-0.0030241003449189901	0.13116416123059299	0.20843221926042901	0.077268058029836204	1	134.625	18123.890625	1.0732421836443	-0.064024626704995993	-0.43719332141807199	0.060295329417421301	-0.101451742224166	-0.0327850167855133	-0.27594281145960903	-0.20188956455415699	0.90214609297284398	0.981541059884116	-0.040316683265059397
1489	375.75	-0.13264106420499999	0.36168184373527801	0.378289120271802	0.016607276536524301	0.59127731807529804	0.56162831392139101	-0.029649004153907501	2.2830754816532202	1.6438676229676701	-0.63920785868555097	0.97865485083311798	0.98033736553043105	0.00168251469731362	0.0207448341592682	0.019092729664407702	-0.0016521044948605401	0.00060031088860341899	0.00056991393557836295	-3.0396953025055999e-05	0.033639957286693598	0.0291552790889032	-0.0044846781977904097	0.032461960613727601	0.023040467759708801	-0.0094214928540187707	0.18097194092833599	0.17585961692646701	-0.0051123240018691703	1	134.875	18191.265625	0.50547859925150596	-0.042429406912922997	-0.459761150651187	0.058784991321295298	-0.094913692063936794	-0.038052435389542602	-0.57934364970001095	-0.62741669035456304	-0.062614310778134397	0.983363791657346	-0.036311394852956001
1492	376.5	-0.39487819385099998	0.37868583947420098	0.38286700248718297	0.0041811630129814899	0.55931166410446198	0.53983828127384204	-0.019473382830620299	1.37509005642495	0.64678549747913505	-0.72830455894581503	0.98058776557445504	0.98222130239009897	0.0016335368156434899	0.0188741929829121	0.017310661077499401	-0.0015635319054126901	0.00053802850015927204	0.00046804903395241001	-6.9979466206862695e-05	0.028074363425926001	0.0264912923177083	-0.0015830711082176899	0.019733633052965001	0.0094174445621318902	-0.0103161884908331	0.22563631595417499	0.17769510070733599	-0.047941215246839398	1	135.625	18394.140625	0.133200351518485	-0.035482552706286703	-0.52353667802287096	0.0576980432746379	-0.091017025869194301	-0.040640969353405401	-0.203810267640539	-0.68692800879535099	-0.56418540562692598	0.98883198697703401	-0.024250943845824598
1493	376.75	-0.253710390535	0.38125541433692001	0.38270130772143601	0.00144589338451623	0.55037227943539602	0.53735854439437403	-0.013013735041022699	1.0269510312005901	0.377611913066357	-0.64933911813423195	0.98149991091340805	0.98217012211680399	0.00067021120339649798	0.0179800394864288	0.017376467038411701	-0.00060357244801708895	0.00052001625108459798	0.000453423272210787	-6.65929788738116e-05	0.026886184127242502	0.0264761536209672	-0.00041003050627532199	0.0152202337631024	0.0056707961790379898	-0.0095494375840644592	0.19966980948091101	0.171083312481706	-0.0285864969992046	1	135.875	18462.015625	0.051253459400274398	-0.0310725781214563	-0.46701311859603301	0.0363193135945944	-0.048784529458339297	-0.0404195069758264	-0.051992364340141997	-0.63592702533247902	-0.337521419243759	0.99065471875026401	-0.020215931586507099
1496	377.5	-0.450374121583	0.38245273381471601	0.38593881279230102	0.0034860789775849601	0.53649594187736505	0.51899601221084601	-0.0174999296665195	0.35832885354757499	0.43307366988156198	0.074744816333987302	0.98201405704021505	0.98182698190212203	-0.00018707513809213	0.017534697987139199	0.0176734455861151	0.00013874759897589101	0.00045124663884052999	0.000499554874841122	4.8308236000591999e-05	0.0266112150969329	0.027864018192997601	0.0012528030960647599	0.0054400405846536598	0.0068297756409265997	0.0013897350562729401	0.091748147884865405	0.30273872475727598	0.21099057687241099	1	136.625	18666.390625	0.11237608766202201	-0.034135284467908103	0.051287050177670199	0.017293874303793502	-0.016126870346994799	-0.032905438937110003	0.163215796934672	0.091699845405241398	2.4681765978994701	0.99612291406995301	-0.0080663090377332998
1497	377.75	-0.57265892581900002	0.38326220540329797	0.38629378098994499	0.0030315755866470199	0.528480490669609	0.51797065753489702	-0.010509833134711301	0.50895181065426498	0.47029068621340703	-0.038661124440858202	0.98209414761513503	0.98197409342974395	-0.00012005418539062801	0.017419056443031902	0.017546806775499101	0.00012775033246723	0.00048681998159736198	0.00047909822051223799	-7.7217610851238308e-06	0.026991300229672999	0.027576503047236599	0.00058520281756351	0.0070383898710134401	0.0072544320714769302	0.000216042200463491	0.117992440289657	0.24278790926050201	0.124795468970844	1	136.875	18734.765625	0.098759462830249695	-0.0293631747407452	-0.029889061382809098	0.018781245564858801	-0.016610684548499	-0.0365695708679286	0.076813268022206296	0.013630827943103101	1.4587417658484401	0.99794564584318202	-0.0040015729312016402
1500	378.5	0.189427891135	0.38566359281539903	0.37240798026323302	-0.013255612552166601	0.51796891093254105	0.56404257118702095	0.046073660254480502	0.478522962331763	1.1648867905140099	0.68636382818224595	0.98176403045654304	0.98208892643451695	0.00032489597797402702	0.017768589686602301	0.017408938892185699	-0.00035965079441664698	0.00046737922239117299	0.00050215145602123504	3.47722336300617e-05	0.027556694878472201	0.027713916919849601	0.00015722204137737201	0.0072418289724736698	0.016838502603059399	0.0095966736305857399	0.25204357807179301	0.22491822160163499	-0.027125356470158801	1	137.625	18940.640625	-0.38919405934929402	0.0092661400291858508	0.48908468934082899	0.028655860277402401	-0.038053430055288898	-0.033790637956942503	0.0214229055864412	0.637590218425237	-0.32040993600013101	1.0034138411628699	0.0082372211592145195
1501	378.75	0.17353752348000001	0.38522753436118401	0.36340233338996702	-0.021825200971216801	0.52027599103748701	0.59047074280679301	0.070194751769306604	0.81656350316476101	0.93825080916283199	0.121687305998071	0.98165222015231901	0.98139011021703504	-0.00026210993528374998	0.017850849777460098	0.0180748092127032	0.000223959435243101	0.00049697434487825298	0.00053507366592384802	3.8099321045595201e-05	0.027016102826153899	0.0289375870316117	0.00192148420545784	0.011707439525343401	0.0139627185635615	0.00225527903821807	0.29088178542515503	0.13166930196513099	-0.15921248346002401	1	137.875	19009.515625	-0.64593333300817402	0.0257335085303062	0.084888541879624496	0.015628654750443501	-0.012378057267866701	-0.033573060090264603	0.24975820973482701	0.14927212072945401	-1.8672882925001599	1.0052365729360999	0.0123316811129603
1504	379.5	-0.111347912112	0.36419465541839502	0.388905672729015	0.024711017310619799	0.58328785598278199	0.51460265815257999	-0.068685197830201897	1.3431638896464799	0.89789303764694905	-0.44527085199953498	0.98016931116580996	0.97434874176979103	-0.0058205693960192697	0.019214954413473401	0.024899106472730699	0.0056841520592572801	0.00061575047875520603	0.00075212556112092498	0.000136375082365719	0.028685845269097301	0.027372911241319499	-0.0013129340277778501	0.018232417106627902	0.0120980184467036	-0.0061343986599243401	0.21147878214634	0.053895119805875899	-0.157583662340464	1	138.625	19216.890625	0.74826138163532296	-0.069079253407370894	-0.32094080329649699	-0.10772818403573101	0.22783788479063899	-0.0271462285034684	-0.168848438452224	-0.40877327545410203	-1.8482130942285599	1.0107047682557899	0.0246596467450188
1505	379.75	-0.19600342230600001	0.37958503188565301	0.387868362851441	0.0082833309657875404	0.53735972233116702	0.51478345245122903	-0.022576269879937699	1.51790202148264	0.80247354239686797	-0.71542847908577201	0.97671235390007505	0.97287493888288701	-0.0038374150171879302	0.022512360505061099	0.0263804398127832	0.00386807930772209	0.00077530755188490598	0.00074459743773332002	-3.0710114151586e-05	0.027262073092990301	0.027469345375343599	0.00020727228235329801	0.0193592347292002	0.010713989506075	-0.0086452452231251496	0.18557335629298899	0.060117971765098803	-0.12545538452789001	1	138.875	19286.265625	0.25609862493952001	-0.0376008807440978	-0.51431996425956295	-0.063716771030800604	0.147941504406885	-0.038072914842387402	0.027900535288314099	-0.57578402551280194	-1.47195737035545	1.0125275000290199	0.0287838305459787
1508	380.5	-0.38244406288600002	0.38713855892419802	0.37871214598417302	-0.0084264129400255499	0.51308330297470095	0.51210423111915604	-0.00097907185554491094	0.89239358305930405	1.29928658185517	0.40689299879587099	0.97165605127811405	0.97882634699344695	0.0071702957153321201	0.027567885816097201	0.0204565199092029	-0.0071113659068943501	0.00077601027442142205	0.00071711254713590603	-5.8897727285515898e-05	0.0280418113425926	0.0264329698350695	-0.00160884150752314	0.012394632725045001	0.017049599259916001	0.0046549665348709704	0.058004256574786403	0.131694248083782	0.073689991508995398	1	139.625	19495.140625	-0.24451439211829001	-0.0228565637947283	0.28903912674363502	0.18057328952073201	-0.33508866634373502	-0.039916269093853603	-0.20714553837480801	0.30888904619047602	0.86024319308138997	1.0179956953487099	0.041200967719679703
1510	381	-0.091507984215199997	0.38101772926747801	0.373936822637916	-0.0070809066295626196	0.50891818702220903	0.52851857542991698	0.019600388407708301	1.2229499653563201	0.92330713123080099	-0.299642834125524	0.97702948600053796	0.98134344741702095	0.0043139614164829903	0.0222127076238397	0.0180804558098317	-0.0041322518140080198	0.00075776680532727101	0.00057612665041233298	-0.000181640154914938	0.026474422878689199	0.027160361961082201	0.00068593908239298804	0.0163165803014629	0.013387496490031099	-0.0029290838114317602	0.130954911927083	0.061681867174490999	-0.0692730447525923	1	140.125	19635.015625	-0.20420390158367199	-0.0088070521670784892	-0.21670008941059499	0.117183716904162	-0.20402539667535699	-0.047943120276000402	0.089850812065780994	-0.19556947205696701	-0.81400343194776303	1.0216411588951699	0.049516213977831298
1512	381.5	-0.30316161884499998	0.374200530350208	0.38148968666791899	0.0072891563177111497	0.52495811283588401	0.521409147977828	-0.0035489648580552301	1.0908735126257101	0.79017558363269902	-0.30069792899301301	0.98152247965335804	0.98090141117572804	-0.00062106847763054895	0.017891894560307299	0.018572527449578002	0.00068063288927075103	0.00058564139617374303	0.00052605938981286899	-5.9582006360874602e-05	0.0270203766999422	0.026412285698784701	-0.00060809100115741602	0.0152545855380597	0.0109529621135156	-0.0043016234245440701	0.064643335321060397	0.050201947077348902	-0.0144413882437115	1	140.625	19775.390625	0.22631380161360601	-0.024611019021382401	-0.217455327611389	0.0076624203374763	0.00771285371756209	-0.0399610181379376	-0.077625858193507896	-0.28686492341220499	-0.171867406753274	1.0252866224416299	0.057861184083197001
1513	381.75	-0.53606679996700002	0.37369071301072798	0.38616839321330199	0.012477680202574001	0.53226679973304303	0.51096962653100397	-0.021297173202038801	0.68666538726536896	0.91235483139905704	0.22568944413368699	0.98116470631212005	0.98171718362718796	0.00055247731506835596	0.018280428473371999	0.017780073813628301	-0.00050035465974367804	0.00055491709626949003	0.00050272174976270995	-5.2195346506780298e-05	0.0271077615243418	0.025416805126048801	-0.00169095639829294	0.0103458154364487	0.012711212793124999	0.0023653973566762901	0.058122950083521599	0.0462819086239349	-0.0118410414595867	1	140.875	19845.765625	0.38175858944031199	-0.036727646780760299	0.15933339997208401	0.033706488874947697	-0.0442435617755794	-0.039477960889298502	-0.217773056745246	0.15659671922561499	-0.14141462720219999	1.0271093542148599	0.0620448155785851
1516	382.5	-0.23466691271000001	0.38819045573472999	0.38975764513015698	0.00156718939542777	0.50539645254611998	0.50419086217880305	-0.0012055903673174901	0.88684605360032198	0.35519343074410797	-0.53165262285621395	0.982365226745605	0.98123637735843605	-0.00112884938716895	0.0171479878947139	0.0182336826808751	0.0010856947861611699	0.000486804597312585	0.00052995041187386895	4.3145814561283599e-05	0.024981237340856499	0.026390697337962999	0.0014094599971064901	0.012496916716918501	0.0050038718094583502	-0.0074930449074601096	0.15626201460693601	0.181554931545652	0.025292916938716499	1	141.625	20057.640625	0.054887408688891498	-0.023011207037277701	-0.38277298086976302	-0.0036065739295678199	0.025533163705454599	-0.0332430401189764	0.183490732187818	-0.49914459968831798	0.29346284985818899	1.03257754953454	0.074640295835570802
1517	382.75	-0.18610723298699999	0.39006806295365098	0.38945096405223001	-0.00061709890142097601	0.50168575532734405	0.50590362418443002	0.0042178688570859704	0.60547313224523802	0.32615377006005403	-0.27931936218518399	0.982452023401857	0.98111262526363097	-0.0013393981382253701	0.017035907023819099	0.0183623156277463	0.0013264086039272	0.00051210430847276999	0.00052508966728055304	1.2985358807783e-05	0.0252852475201642	0.0261979279694734	0.00091268044930915501	0.0088322627343586403	0.0046681590052686898	-0.0041641037290899496	0.34189584423157299	0.114439073034029	-0.22745677119754501	1	141.875	20128.515625	-0.010552442488546801	-0.0193086340610856	-0.202152523257947	-0.0082792046331224903	0.036123137444999398	-0.035215410183629101	0.119196257449068	-0.27771770278062702	-2.66650025252736	1.03440028130777	0.078853651178173098
1520	383.5	-0.80630706409800001	0.38946423679590197	0.39230314791202497	0.0028389111161232802	0.506835204362869	0.50408284664154102	-0.00275235772132865	0.29937664121388702	0.22797550326213001	-0.071401137951757399	0.98092199265956903	0.97999653518199903	-0.00092545747756955798	0.0185474368743598	0.019428924471139902	0.00088148759678004901	0.00053058553457958804	0.00057451557659078201	4.39300420111946e-05	0.0260762532552083	0.026154016565393599	7.7763310185260893e-05	0.00436621851986271	0.0034575038298499498	-0.00090871469001275898	0.055054620948787901	0.16254571778322299	0.107491096834436	1	142.625	20341.890625	0.0929873610905467	-0.024067178653999498	-0.053324403227280298	0.00090722763363446101	0.0165492640978539	-0.0331917548612626	0.011139154155739401	-0.061183178880422101	1.25608947610118	1.03986847662746	0.0915383029768011
1521	383.75	-0.58465619797599999	0.39098606482148202	0.39199423054233201	0.00100816572085027	0.50530413351952996	0.50561290960758898	0.00030877608805901502	0.36436517927795598	0.20315695670432901	-0.16120822257362699	0.981032986007631	0.97987102810293403	-0.0011619579046964199	0.018413222918752602	0.019542753050336599	0.0011295301315840001	0.00055376926575263405	0.00058619145929696896	3.2422193544334702e-05	0.025639223169397402	0.0267216647112812	0.0010824415418837999	0.0054389311189880097	0.0033525204482431799	-0.0020864106707448298	0.13720857155571101	0.208520767951444	0.071312196395733399	1	142.875	20413.265625	0.038139424404127799	-0.021977355378819698	-0.117608424596674	-0.0043413390363272403	0.027461657720463401	-0.033944320936858501	0.141167170556417	-0.13951846705209101	0.83239672627786399	1.04169120840069	0.095781382166617496
1523	384.25	-0.61148289496800001	0.39213457917794597	0.38888314338400998	-0.00325143579393627	0.50500268638134005	0.50933557990938405	0.0043328935280441102	0.195527879754085	0.56196498617651802	0.36643710642243299	0.97984512653201805	0.98086925465613595	0.0010241281241177801	0.0195706866506953	0.018522359407506801	-0.0010483272431884301	0.00058415143703314002	0.00060840887308586202	2.4257436052722801e-05	0.0265578163994683	0.0262920026425962	-0.00026581375687215203	0.0032053142233055701	0.0076808212025759404	0.0044755069792703599	0.219583379292945	0.14314204421110399	-0.076441335081840506	1	143.375	20556.390625	-0.089475455740113799	-0.019230107198309799	0.26008074934165198	0.044173661160050601	-0.068351090468887904	-0.034478262578630098	-0.033327465206272201	0.29695216584688	-0.89795160627873605	1.04533667194715	0.104289833431661
1525	384.75	-0.52959118539399996	0.39075668370351202	0.378392999991775	-0.0123636837117376	0.50814487580209999	0.50839008539914998	0.00024520959705065499	0.353495656466079	1.1483351243659901	0.794839467899912	0.98042091969400602	0.98144682496786095	0.00102590527385493	0.018967172835255099	0.017987004114547699	-0.00098016872070739698	0.00061191988279461003	0.00056620430223119998	-4.5715580563410103e-05	0.026671112908257501	0.026105146054868401	-0.00056596685338906503	0.00517960880897546	0.014226750278612799	0.0090471414696373601	0.084326973937259603	0.26412520922741001	0.17979823529014999	1	143.875	20700.015625	-0.362472453660728	-0.022020751956918799	0.56673168535489304	0.044213100788093797	-0.065352521587803303	-0.039054210781637198	-0.072174043668147406	0.601037694775855	2.10288166582137	1.04898213549361	0.112828008543918
1527	385.25	-0.19936753230900001	0.38008032841608003	0.38510687481611999	0.0050265464000406298	0.51015211343765199	0.50567748052999395	-0.0044746329076582603	1.06001329982533	0.69562210031436	-0.36439119951096799	0.98134408947080398	0.98015646096318998	-0.0011876285076141101	0.0180823020753451	0.019254825141979501	0.0011725230666343601	0.00057364629847143499	0.00058872539157164405	1.50790931002091e-05	0.025706686796965399	0.0258153420907479	0.00010865529378251499	0.012753841243920301	0.0097446421765653192	-0.0030091990673549399	0.21581657836342499	0.21869152162188599	0.0028749432584609901	1	144.375	20844.140625	0.15852748581519899	-0.025242968735314501	-0.263047048802455	-0.0049110372500194904	0.029353090698406199	-0.035078488551029498	0.015137273377494801	-0.20089839544837401	0.030924939670806301	1.05262759904007	0.12139590750338999
1530	386	-0.63657107221499998	0.38845184631645702	0.38786284476518601	-0.00058900155127061804	0.50438086092472101	0.50134655982255905	-0.0030343011021614101	0.38293923120946599	0.26879369411617499	-0.11414553709329101	0.97956861704587905	0.97816644981503498	-0.00140216723084474	0.0198443042812869	0.021200272906571699	0.0013559686252847701	0.00058705263654701401	0.00063328049654955804	4.6227860002543602e-05	0.0259897020128038	0.027220577663845499	0.0012308756510417101	0.0055128366671853696	0.0042506207100814399	-0.0012622159571039199	0.193604032283965	0.168099171502191	-0.025504860781774701	1	145.125	21061.265625	-0.00971066422375798	-0.024259660223325302	-0.083920896581960405	-0.0096722159330516408	0.037423602257623402	-0.033041486992063399	0.16037789113446199	-0.084696567802258302	-0.30143223723198898	1.05809579435976	0.134303488156124
1531	386.25	-0.66858361015699996	0.388239780720323	0.38824831666424903	8.5359439254695195e-06	0.50238892119377898	0.50018587866798003	-0.00220304252579828	0.24847661042003499	0.25751744694279999	0.0090408365227651905	0.97895546201616501	0.97888853438198598	-6.6927634179703196e-05	0.020454465213697402	0.020468512980732999	1.40477670356708e-05	0.00059006369647249398	0.00064294183102902105	5.2878134556527098e-05	0.026494831509060301	0.027058318809226701	0.00056348730016638295	0.0037105326838627098	0.0040930182098463403	0.00038248552598363301	0.092908229729037506	0.266725497129224	0.17381726740018599	1	145.375	21133.890625	0.0081911689797547795	-0.023692163462729902	0.0042560608072589601	0.019960263503063701	-0.021612919954899501	-0.032606586320826803	0.074002790435278701	0.024701924458832399	2.03283827862121	1.05991852613299	0.13862087696397599
1533	386.75	0.28111474785399998	0.38794673262163998	0.38849412212148299	0.00054738949984317598	0.50070218490436702	0.49724280312657299	-0.00345938177779359	0.283698803372676	0.48638323517516202	0.20268443180248599	0.97868096474558097	0.97445024624466903	-0.0042307185009126096	0.0206772324861959	0.024737547623226799	0.0040603151370308503	0.00064179660603258298	0.000812218388273335	0.00017042178224075199	0.027215039288556099	0.027080006069607199	-0.00013503321894888	0.0045309997869480397	0.00674463170144013	0.0022136319144920799	0.23556767532727199	0.176768788595316	-0.058798886731955498	1	145.875	21279.515625	0.024334869679227902	-0.024549861026387499	0.142866383917295	-0.072445210048586797	0.15639873550010799	-0.024919714017660799	-0.016401514794042001	0.14650193258924499	-0.691340090606957	1.06356398967945	0.14727794746508999
1535	387.25	-0.170906329573	0.38988467985764202	0.38588928440585801	-0.0039953954517841801	0.49393044086173099	0.50739504396915402	0.0134646031074231	0.433753814881497	0.44637277374276402	0.0126189588612673	0.97438792064785895	0.97731610238552102	0.00292818173766141	0.0248082699545197	0.021946773101808599	-0.00286149685271107	0.00080378892362206202	0.00073711594450287705	-6.6672979119184806e-05	0.026731830173068499	0.0281024720933702	0.0013706419203016701	0.0058855158174764798	0.0066654356306570404	0.00077991981318055795	0.163521212656245	0.092317714233201897	-0.071203498423042993	1	146.375	21425.640625	-0.111764001332663	-0.012995927182185001	0.0068172851676649698	0.086429620082714695	-0.14811974990184601	-0.040424738663650601	0.17846679778955199	0.0511375495490363	-0.83661106275250796	1.06720945322591	0.15596474181341799
1537	387.75	-0.47489170773400002	0.38470459952950498	0.38973821876570602	0.0050336192362010999	0.50986026804894202	0.50641849189996702	-0.00344177614897501	0.50390729662031597	0.45268844217063398	-0.0512188544496823	0.97759428657591296	0.97658635098487101	-0.00100793559104184	0.021678045985754599	0.022744582145241998	0.00106653615948736	0.00072765208369673896	0.000669071614174752	-5.8580469521987301e-05	0.028233987313729701	0.0274063816776982	-0.00082760563603158702	0.0076360689417925504	0.0059715767325543697	-0.00166449220923818	0.12840973525392299	0.13781989178394599	0.0094101565300227005	1	146.875	21572.265625	0.15873938336847099	-0.024537841737074999	-0.038877899931986801	-0.00092317869007057	0.0246902982844154	-0.039895521737756699	-0.10603600150412	-0.111454259643889	0.10745911976290699	1.07085491677236	0.16468126000896
1540	388.5	-0.59198175553499999	0.39013811498880402	0.39659738987684301	0.0064592748880389402	0.508209413290024	0.50211176872253405	-0.0060976445674900698	0.50383264571429298	0.42613556310532802	-0.077697082608965601	0.97634789347648598	0.97268902957439396	-0.0036588639020922499	0.0229742972180247	0.0264906689524653	0.0035163717344406098	0.00067778770462609804	0.00082031031488442798	0.00014252261025833	0.0275335241247106	0.029673258463541699	0.0021397343388311102	0.0068583066575229603	0.0060563939798154399	-0.00080191267770752595	0.116996693004637	0.120501567278681	0.0035048742740436001	1	147.625	21793.140625	0.201451095838449	-0.026350992021393401	-0.057831048138298001	-0.0597542520495008	0.132468466757379	-0.026744205401228099	0.278004698039577	-0.0540791668534438	0.0383020904673982	1.07632311209205	0.17781176951579999
1542	389	-0.22880052300500001	0.39510863982140998	0.39520190469920602	9.3264877796095394e-05	0.50656743161380302	0.50460797734558605	-0.0019594542682169801	0.41825947687027798	0.37664494551718197	-0.041614531353096298	0.97496999055147204	0.97662005349993697	0.0016500629484653699	0.024290312547236501	0.0226519820746032	-0.0016383304726332599	0.00073970960438600897	0.00072794711450113801	-1.17624898848706e-05	0.029581564444082799	0.029099584508825199	-0.00048197993525755201	0.0062011720030565199	0.0057811612728983202	-0.00042001073015819699	0.12902950249380099	0.10511614772577201	-0.0239133547680285	1	148.125	21941.015625	0.0107295925161149	-0.0235258667759622	-0.032003113674543303	0.058064801639373401	-0.094307717155522303	-0.036833817953222499	-0.061304242747126203	-0.028676686413626199	-0.28279403786307999	1.07996857563851	0.18660259732937801
1543	389.25	-0.27374051546299999	0.39849036643281599	0.39262799285352201	-0.0058623735792937004	0.49561074431985602	0.50388291478156999	0.0082721704617141293	0.47691447306425999	0.77417677799234297	0.29726230492808298	0.97009760346263596	0.97759343106299601	0.0074958276003602702	0.028977813792880901	0.021720845374511501	-0.0072569684183693599	0.00092459772258736395	0.00068572664586099099	-0.00023887107672637299	0.029884832876700001	0.027653418646918299	-0.0022314142297816899	0.0066853729134892402	0.0105736472512938	0.0038882743378045501	0.14383153498177201	0.061871204799512199	-0.081960330182260094	1	148.375	22015.140625	-0.167697447019304	-0.0165407792773558	0.21056534155161399	0.18779769846800201	-0.34149430930699398	-0.0516857877567546	-0.28772048624004498	0.25789196784532098	-0.96258480911252897	1.08179130741174	0.191009157678872
1545	389.75	0.024274458991199999	0.39359008809551599	0.39065835122019099	-0.0029317368753253299	0.50626995228230998	0.49482862185686799	-0.0114413304254427	0.64818512508621495	0.593021699599936	-0.055163425486279102	0.97790074367076196	0.97507017441093902	-0.0028305692598226098	0.0214288495888467	0.0240884038852529	0.0026595542964061901	0.00067040121139142405	0.00084142784908181295	0.000171026637690389	0.028300928186487301	0.0260639120031286	-0.0022370161833587601	0.0089817968095274297	0.0081120827759153507	-0.00086971403361207596	0.068056134655711004	0.0541845035747235	-0.0138716310809875	1	148.875	22163.765625	-0.079897484880831704	-0.0299991040532657	-0.041701428720136803	-0.041372214836552103	0.094773604648599102	-0.0248801589528416	-0.28844550534428498	-0.0585890224019966	-0.165194954686495	1.0854367709582	0.19984457126327099
1548	390.5	0.0108596245806	0.38918188065290499	0.385491770505905	-0.00369011014699955	0.50176107287406801	0.51501369476318404	0.0132526218891151	0.55100157856943	0.38013528585433498	-0.17086629271509499	0.97862767577171295	0.98345646262168895	0.0048287868499757901	0.020646931417286699	0.016036882111802701	-0.0046100493054839703	0.00072540864348412599	0.00050664866430452096	-0.000218759979179605	0.025563557942708301	0.024903134946469899	-0.00066042299623842902	0.0076669279718774904	0.0053324555745348197	-0.0023344723973426698	0.071604414218744902	0.27931872826246001	0.20771431404371499	1	149.625	22387.640625	-0.10261785293247799	-0.013140645875161601	-0.124521683054793	0.12860904769068701	-0.22504563944542	-0.0503706044885458	-0.084398798324966801	-0.15601846973132599	2.42980813478419	1.09090496627789	0.213153423853395
1549	390.75	-0.21382845039500001	0.38617546651512402	0.38413550490513398	-0.0020399616099894798	0.51472499929368498	0.51467427276074895	-5.0726532936251602e-05	0.56781300380828403	0.37207333352417199	-0.19573967028411199	0.98353387452662	0.98385764639824602	0.00032377187162624399	0.0159378545649815	0.015644660705584099	-0.00029319385939737702	0.00052828896205027996	0.00049771013536883295	-3.05788266814477e-05	0.025226472925256802	0.0245176103379991	-0.00070886258725772605	0.0075617920869266502	0.0052455458913755696	-0.0023162461955510802	0.20363279314725699	0.225763078159257	0.022130285012000199	1	149.875	22462.515625	-0.053180480201783398	-0.022222786317689501	-0.14232607723937299	0.0286309134002143	-0.0351297208839743	-0.038064329180483601	-0.090667973605942906	-0.15480614091898601	0.25642512340821599	1.09272769805112	0.217604569973711
1552	391.5	-0.29566666705400002	0.383732886612415	0.38142496347427401	-0.0023079231381415398	0.51421369314193699	0.51366584599018095	-0.00054784715175659705	0.39923586975783298	0.62221060097217995	0.22297473121434699	0.98405517935752895	0.98299809992313403	-0.00105707943439493	0.0154491184279323	0.016503182053566001	0.00105406362563372	0.00049572129355510402	0.00049868100613821304	2.9597125831093501e-06	0.024164835611979199	0.024608131691261598	0.000443296079282434	0.0054884967896214401	0.0090537133626640495	0.0035652165730426098	0.23923640182219799	0.092665053815473394	-0.146571348006725	1	150.625	22687.890625	-0.061208432624019898	-0.022562168489287601	0.157390205133353	-0.0020138098630893501	0.024141581109799099	-0.035871046313731302	0.0584473364130551	0.23640355019529999	-1.7192473798093	1.09819589337081	0.23100259410547799
1554	392	-0.38050643062299999	0.38108061887323902	0.385006771236658	0.0039261523634195302	0.51594254299998299	0.50842353850603095	-0.0075190044939517104	0.53925589807329899	0.74940214585513698	0.21014624778183799	0.98329896703362496	0.98305741921067202	-0.000241547822952271	0.016205247759353301	0.016437967307865599	0.00023271954851223099	0.00049575562843528998	0.00050459754675102495	8.8419183157351903e-06	0.024584395797164399	0.024711976227936899	0.00012758043077254499	0.0078206118603700303	0.0096969325066312197	0.0018763206462611901	0.18547035266294401	0.078818064495860998	-0.106652288167083	1	151.125	22838.765625	0.12556039896273799	-0.027321348510749702	0.14820756095127599	0.016084982118465999	-0.011992664479299401	-0.035486374192196399	0.017586612822985102	0.124065432989414	-1.25175345299757	1.10184135691727	0.23997176500233999
1555	392.25	-0.028118879656899999	0.38300568871200102	0.37589637897908601	-0.0071093097329142903	0.50853377468883998	0.52831964846700497	0.019785873778165399	0.68013412276636198	0.95202874038368202	0.27189461761731998	0.98251832239329795	0.98506013415753901	0.00254181176424051	0.016970756970113101	0.014492971936124199	-0.00247778503398886	0.00051087246865790599	0.00044689600317724	-6.39764654806668e-05	0.024795631126121199	0.0247341721146195	-6.1459011501716106e-05	0.0098108367658829992	0.012510366586502701	0.0026995298206197301	0.084873086595800798	0.12982779715036499	0.044954710554564001	1	151.375	22914.390625	-0.20505484001473501	-0.0086804220788419192	0.19240711984735401	0.077855053899444707	-0.13123871614344801	-0.0402483977348859	-0.0068793534186204902	0.178821778390926	0.52372300985590403	1.1036640886905	0.24446749689347699
1557	392.75	-0.26221576405800001	0.38125290684402102	0.36915696868672998	-0.0120959381572909	0.51883500535041005	0.53587995748966899	0.0170449521392597	0.902523016557091	0.69916489655150005	-0.203358120005591	0.98433417752385099	0.98401349987834696	-0.00032067764550447502	0.0151988978555893	0.015521603298839301	0.00032270544325000003	0.00046690961962667701	0.00046487654990414698	-2.0330697225297502e-06	0.024608294169108098	0.027851316663954101	0.0032430224948459801	0.011497948362375301	0.0092471025564007606	-0.0022508458059745098	0.13015589083294199	0.17073705231307401	0.040581161480132202	1	151.875	23066.015625	-0.35445097166968897	-0.010551637841727799	-0.14777937289816501	0.0143288831790561	-0.0080338212726802308	-0.0361975537922474	0.42079506207726503	-0.15045598735827201	0.47250417757069302	1.10730955223696	0.25348125356116002
1559	393.25	-0.628894838879	0.36703873863443698	0.37835341338068301	0.0113146747462455	0.53727246895432501	0.52411082908511097	-0.0131616398692137	0.89616053320357003	0.654754079878342	-0.241406453325229	0.98431432992219903	0.98341961540281797	-0.00089471451938150104	0.015237819161848199	0.016106768589816099	0.000868949427967931	0.00044783705561712801	0.000473566433811356	2.5729378194228e-05	0.027321172643590901	0.0281062726621275	0.000785100018536575	0.0111334743005507	0.00854646149673512	-0.0025870128038156101	0.16226592063766199	0.10006264929714299	-0.0622032713405197	1	152.375	23218.140625	0.34691570533454502	-0.0311735521303406	-0.17501441657526201	0.0015894947552718699	0.015997659376136699	-0.034382003601626097	0.102684473057307	-0.17281637499695399	-0.73120899371811299	1.11095501578341	0.26252473407605798
1561	393.75	-0.57086394132999996	0.37651126505806998	0.38000803831964702	0.00349677326157699	0.52765478584915504	0.50930071901530005	-0.018354066833854699	0.53998482944441695	0.99720132146025797	0.45721649201584103	0.98368714768439502	0.98323141112923595	-0.00045573655515895899	0.015833910292712999	0.0163022324792109	0.00046832218649796	0.000478932195528613	0.00046637762452519298	-1.25545710034197e-05	0.0281990545767325	0.0269162001433195	-0.0012828544334129799	0.007282850591582	0.011931336831184299	0.00464848623960232	0.074352597527055295	0.17278670181980799	0.098434104292752997	1	152.875	23370.765625	0.11269648142776099	-0.034718400347069897	0.32506074493952603	0.0113315706570214	-0.0016275521962086799	-0.036885616808643398	-0.16495546071467701	0.308458004728493	1.1500226241907301	1.1146004793298701	0.27159793843816998
1564	394.5	-0.78820565594699998	0.38013364374637598	0.380726766586304	0.00059312283992773995	0.50985274314880402	0.50783541202545202	-0.0020173311233520098	0.79578565806145096	0.61581282764675405	-0.179972830414697	0.98314097523689303	0.98062388300895698	-0.0025170922279358402	0.016379840578883899	0.018877900950610701	0.0024980603717267898	0.000479196356900503	0.00049819807754829595	1.9001720647793701e-05	0.027361721462673599	0.028035594798900401	0.00067387333622677804	0.0100786322698688	0.00888179119210716	-0.0011968410777616601	0.12575354825793	0.124674859524059	-0.00107868873387106	1	153.625	23600.640625	0.0257050106873076	-0.023565379063397798	-0.13104015391427201	-0.034415334794737601	0.087668834189957606	-0.034821964803083798	0.088289232456621805	-0.080348111072975001	-0.0153762245522129	1.1200686746495601	0.285263477194864
1566	395	0.0729500400301	0.38090649545192701	0.37746390588581502	-0.0034425895661117601	0.50870658680796599	0.52351800575852503	0.0148114189505586	0.51994645819067098	1.00542250943833	0.48547605124766002	0.98086371868848798	0.97962241470813705	-0.00124130398035049	0.0186495253583416	0.0197468542959542	0.00109732893761263	0.00048672912489564502	0.00063071517433855001	0.00014398604944290501	0.028556286847149899	0.025182399043330399	-0.0033738878038195399	0.0079997581196948105	0.013238641416682699	0.0052388832969879097	0.108327375695755	0.063788844234733799	-0.044538531461021297	1	154.125	23754.515625	-0.095202297943689507	-0.012076461627385101	0.34528897211332599	-0.00610223720099247	0.026044997049698398	-0.0266485024827216	-0.435582326912342	0.347728686112033	-0.52433642092836896	1.1237141381960201	0.29441099117501102
1568	395.5	0.69328954708599999	0.37918812185525902	0.36244105398654902	-0.0167470678687099	0.51647937893867402	0.56315617263317197	0.046676793694497697	1.0216495232656	0.93954679369925198	-0.082102729566344498	0.98050507307052603	0.97298228144645704	-0.0075227916240694402	0.0188967711292207	0.0262029297649863	0.0073061586357656	0.00059813365514855101	0.00081480506923980599	0.00021667141409125501	0.025269006799768502	0.027716742621527901	0.0024477358217593901	0.0131704926898228	0.0130017935764043	-0.00016869911341852199	0.060093727091266598	0.243988366204442	0.183894639113175	1	154.625	23908.890625	-0.49379578094295801	0.0096778967113413002	-0.060984615636303398	-0.14550497353057501	0.29919650977529999	-0.021895177846566902	0.31786703466642302	-0.011960514973563201	2.1508548374523002	1.1273596017424801	0.30358822900237198
1569	395.75	0.46402782785699997	0.37337804529815899	0.36050270749256003	-0.0128753378055994	0.53634544890373903	0.57260143980383904	0.036255990900100198	1.0713446281850201	0.58966935891657901	-0.48167526926844401	0.97780595216900101	0.97238203901797504	-0.0054239131510256397	0.021496004785876599	0.026822051079943801	0.0053260462940671396	0.00069805238472326302	0.00079593226855648495	9.7879883833222405e-05	0.025535223219129599	0.0283384888260453	0.0028032656069156702	0.0142133758403359	0.0086308235477190794	-0.0055825522926168597	0.079277693787881201	0.208385363222752	0.12910766943487101	1	154.875	23986.265625	-0.37780127623646098	0.0025636581377107498	-0.346999129847328	-0.0989253384248477	0.21208336481942	-0.029663656550275901	0.36388060525715299	-0.37206682071809399	1.5092421417647299	1.1291823335157101	0.30818799435875799
1571	396.25	0.32383775615900001	0.36078415149822801	0.36092185042798502	0.00013769892975695801	0.56996213365346204	0.57201746832579303	0.0020553346723316498	0.66398512125017894	0.72205705214291904	0.058071930892741	0.97214153520762903	0.97411882746964695	0.0019772922620180399	0.0270550469635055	0.0250989137333818	-0.0019561332301237001	0.00080342665951320001	0.00078229298742371796	-2.1133672089482099e-05	0.0281537656430845	0.028129443415889001	-2.4322227195467499e-05	0.0094534820018456495	0.0095884946553269103	0.00013501265348125899	0.195104869034148	0.050740587565274699	-0.14436428146887301	1	155.375	24141.390625	0.0120608077003579	-0.0207849871230824	0.039352578320496497	0.0653268809912457	-0.10828914492486599	-0.037446654821532699	-0.00207301617900742	0.0082410898297682507	-1.6934003231235999	1.1328277970621701	0.31740981795694101
1574	397	0.017228253322700001	0.36099202297627903	0.36892607845365999	0.0079340554773808507	0.57220638319849904	0.54968065991997705	-0.022525723278522401	0.77364083230493197	0.88030055724081702	0.10665972493588501	0.97630459889769505	0.97769150659441895	0.00138690769672412	0.0229533248115333	0.021602805564180101	-0.0013505192473531899	0.00074208021324012195	0.00070571592150372195	-3.6364291736400201e-05	0.028721307825159002	0.028687653718171301	-3.3654106987725299e-05	0.010573892807587601	0.0114613782090598	0.00088748540147216999	0.046693695888900502	0.15111723065562199	0.104423534766722	1	156.125	24375.015625	0.245634559360706	-0.037566372790281903	0.074131780915840204	0.052224694286951402	-0.081645738105260102	-0.038442674858604101	-0.0032807718368814999	0.058292351377383103	1.22016511709737	1.1382959923818601	0.33129828556774099
1576	397.5	-0.039875433694999997	0.36665994524955697	0.37760810703039199	0.0109481617808346	0.55500466823577899	0.527189180254936	-0.027815487980843798	0.93501630658287405	0.552997305989257	-0.38201900059361599	0.97822346985340103	0.97523168027400997	-0.0029917895793915	0.021059185266494699	0.0240914881229401	0.00303230285644539	0.000717391102807598	0.00067684005189221205	-4.0551050915386103e-05	0.028808593750000101	0.0284252025462963	-0.00038339120370378698	0.0117999034264361	0.0080995942465960698	-0.0037003091798400701	0.13846552379440799	0.25812710749762002	0.119661583703212	1	156.625	24531.390625	0.33593521619962002	-0.041177673074259603	-0.27566505044746598	-0.044950117870765	0.111172320347193	-0.038716471731570203	-0.048544637931440801	-0.246868077527296	1.39861860179579	1.1419414559283201	0.34059441878395802
1577	397.75	0.368976861135	0.37106032008305201	0.38095925021916599	0.0098989301361146493	0.54480167068541097	0.51771160941571004	-0.027090061269700899	0.59872241159900597	0.41301735853774102	-0.185705053061265	0.97696274910122205	0.97426960784941896	-0.0026931412518023099	0.0223616477043833	0.0250390392960981	0.0026773915917147301	0.00067564279306679795	0.000691390681095063	1.57478880282658e-05	0.028712484571668799	0.028480233086480001	-0.00023225148518879799	0.0085553782322676693	0.0064269082620737501	-0.00212846997019392	0.27046229114834203	0.21694672867055501	-0.053515562477786299	1	156.875	24609.765625	0.30450092120284999	-0.040682427286331597	-0.135143285918363	-0.038322325789088903	0.095558339362438793	-0.0350347521066511	-0.028983750497226402	-0.14231607135451499	-0.62946683978083295	1.1437641877015501	0.34525363183477298
1579	398.25	-0.38484530041499998	0.379647339787334	0.38513165768235902	0.0054843178950251797	0.52043336369097204	0.50842770785093305	-0.0120056558400395	0.46565095121040601	0.441508338321	-0.024142612889406299	0.97450660485774299	0.97294003441929799	-0.0015665704384446599	0.024812985199969301	0.026291844708612299	0.0014788595086430501	0.00068042712391615603	0.00076816566579509897	8.7738541878942602e-05	0.0284309881704825	0.029128300702130398	0.00069731253164791499	0.0067875310851377999	0.0064032489273813803	-0.00038428215775641899	0.18049105987828401	0.064175798771920603	-0.116315261106364	1	157.375	24766.890625	0.17224202091035101	-0.030384366658442699	-0.019496692999457398	-0.0133207556263049	0.042830068906158397	-0.030326858706420601	0.091322792844892406	-0.0263001749362618	-1.36491696892721	1.1474096512480101	0.35459435082181101
1581	398.75	0.24567569150900001	0.38433761708438402	0.38500875616446101	0.000671139080077376	0.51125572789460505	0.514184728637338	0.0029290007427337202	0.35794420307501001	0.57476395526897694	0.21681975219396701	0.97363921683281696	0.980454720743001	0.0068155039101838203	0.0256323667243121	0.0189589767483993	-0.0066733899759128402	0.00072843463967727905	0.00058627865928428599	-0.00014215598039299301	0.029093918976960401	0.028593310603389099	-0.00050060837357130501	0.0054174620308911903	0.0083512829558453506	0.0029338209249541599	0.108309085023862	0.052879282606932303	-0.055429802416929297	1	157.875	24924.515625	0.028042326302733001	-0.020188538943306099	0.15298446359814799	0.17269952596816901	-0.31582033496711598	-0.045361017257030997	-0.063715182694023001	0.194405818308161	-0.65188459084021899	1.1510551147944601	0.36396479365606499
1584	399.5	-0.072197041813900006	0.38701740950345997	0.39559538066387201	0.0085779711604120901	0.50926667749881804	0.48445653170347203	-0.0248101457953461	0.714625643659343	0.32986228787338301	-0.38476335578595999	0.98104005157947505	0.97280993163585605	-0.0082301199436188906	0.018387000821530799	0.026464665308594901	0.0080776644870640298	0.00057293077989015704	0.00072538949607405998	0.00015245871618390199	0.027986314561632	0.026913339120370399	-0.0010729754412615799	0.010131680975609399	0.0050053563245453297	-0.0051263246510640697	0.0481049459958739	0.34568078028985	0.29757583429397599	1	158.625	25161.890625	0.26492585278986303	-0.039125938507847798	-0.277629463261585	-0.161202449800737	0.333138170378668	-0.026094424839323199	-0.137792386834313	-0.34172051372746998	3.4821804887379799	1.1565233101141501	0.37807619012097099
1586	400	-0.49541515621400001	0.395101574808359	0.39423832371830902	-0.00086325109004964395	0.48672277852892898	0.48247599415481102	-0.0042467843741180698	0.50227412171663899	0.46287798471749497	-0.039396136999143898	0.97484912052750605	0.970787228643894	-0.00406189188361206	0.024490057979710201	0.028411038196645599	0.0039209802169354602	0.00066079323660232195	0.00080175055700237603	0.000140957320400055	0.026694629810474501	0.027913552743417201	0.0012189229329427199	0.00722736851894325	0.0067743660329142898	-0.00045300248602896201	0.33680417745896801	0.15744021854940701	-0.179363958909561	1	159.125	25320.765625	-0.017927001338722302	-0.025087417492455601	-0.0304151842739213	-0.068698503256844901	0.15026882921344001	-0.026846568935923999	0.158830939905727	-0.0308711565873456	-2.1032831387414799	1.1601687736606101	0.38752094257325898
1588	400.5	0.23327722248800001	0.39453788846731203	0.39146069288253799	-0.0030771955847740998	0.48255223482847198	0.48712348192930199	0.0045712471008302899	0.36050762408410297	0.60722625590860502	0.24671863182450299	0.97073734998702998	0.96783296167850497	-0.0029043883085251299	0.028475020732730599	0.0312668925151229	0.0027918717823922799	0.00078764554345980104	0.000900184191414154	0.000112538647954353	0.0279066297743055	0.025974867078992998	-0.00193176269531257	0.0055807618002286898	0.0082060248780181106	0.0026252630777894199	0.15581665404209399	0.16181013779234199	0.0059934837502481101	1	159.625	25480.140625	-0.084255332840975999	-0.0190673842090032	0.174386118324864	-0.043010453732503402	0.100594785646348	-0.0287050335183953	-0.248938821216243	0.17388187301944999	0.067446309319376105	1.1638142372070699	0.39699541887276102
1589	400.75	-0.14117021235800001	0.39368618493899699	0.38843157654628102	-0.0052546083927158503	0.48294436801224899	0.49278097581118402	0.0098366077989344696	0.59223058354109204	0.61609277417883901	0.023862190637747398	0.97024108972400502	0.96850819308310798	-0.0017328966408970399	0.028927202487829901	0.030573966051451799	0.0016467635636219101	0.00083171696223871203	0.00091789528341905901	8.6178321180347401e-05	0.027602068583170599	0.0257206457632559	-0.00188142281991469	0.0080536172172286993	0.0085347813161207303	0.00048116409889202702	0.14094990071968899	0.091664189647717401	-0.049285711071971099	1	159.875	25560.015625	-0.149489198860002	-0.0154727444368477	0.0148652042691863	-0.017011971634403801	0.050216846904576201	-0.030428890738870999	-0.242423706289568	0.031265600120137703	-0.57993085743359996	1.1656369689802999	0.40174380346521799
1592	401.5	0.087723000122000003	0.38664325624704399	0.358667080104349	-0.0279761761426945	0.493798430263996	0.57288868874312004	0.079090258479123599	0.74926831424236695	2.36409941539182	1.6148311011494501	0.96871660649776503	0.97598657608032302	0.0072699695825582103	0.030349499545991501	0.0232012867927547	-0.00714821275323677	0.00093393448041751803	0.000812128005782132	-0.000121806474635386	0.025781815140335701	0.025857204861111	7.5389720775371997e-05	0.0097731682471931605	0.023919562449737902	0.014146394202544699	0.053125527665025998	0.069598679278495598	0.0164731516134696	1	160.625	25800.390625	-0.83021253296466802	0.031806433833239098	1.1536827025990299	0.18278531485930899	-0.33670970803869299	-0.044030243069969097	0.0108319581670339	0.94021812744079802	0.19017417667748801	1.1711051642999899	0.416033543013409
1593	401.75	0.62762402180200005	0.38447636933997298	0.32493421146646001	-0.059542157873512497	0.49498234149068598	0.66886361055076504	0.173881269060079	1.00356482751668	2.2187837760895501	1.2152189485728599	0.96905311364680502	0.98399540446698697	0.0149422908201815	0.030009449482895401	0.015407663246150701	-0.014601786236744701	0.000937419514229984	0.00059697399065042497	-0.00034044552357956001	0.025080327634458201	0.0246033421269167	-0.000476985507541494	0.012484280443459299	0.023134078156727099	0.0106497977132678	0.053865320788118197	0.21265905328842	0.15879373250030199	1	160.875	25880.765625	-1.77590873511646	0.096519861120339404	0.86763983344384199	0.35305430768200802	-0.66462253077842404	-0.058328339843641698	-0.0606578511876339	0.70763951794491697	1.85689697756969	1.1729278960732199	0.42081165145307903
1596	402.5	0.18334455794099999	0.31476148813963001	0.31696082800626801	0.0021993398666377301	0.694422402977942	0.67561385035514698	-0.018808552622794399	2.03659523725509	1.6881641253828701	-0.34843111187221398	0.98600626289844495	0.97629847228527	-0.0097077906131746196	0.013451813580468401	0.022778899874538398	0.0093270862940699906	0.00054194727272260999	0.00092263528495095898	0.00038068801222834899	0.024315615053529999	0.027713464807581099	0.0033978497540510201	0.024967156536876901	0.022512135701253599	-0.0024550208356232299	0.22948638356060999	0.16794861908607001	-0.061537764474539999	1	161.625	26122.640625	0.073826224053790093	-0.035028675898256798	-0.25162279848693803	-0.19399584945599399	0.38810528547244399	-0.0111691652519386	0.44083320042246399	-0.164036835086944	-0.72341521251818397	1.1783960913929099	0.435190562542913
1597	402.75	0.33540411316500002	0.30795165318995599	0.31519644912332301	0.0072447959333665204	0.71246954258531503	0.67684872411191499	-0.035620818473400297	2.3838844645768398	1.8658255040646099	-0.51805896051223099	0.98627673964947504	0.97521743066608901	-0.011059308983386	0.013132005586521301	0.023888889356749099	0.0107568837702278	0.00059125153802595603	0.00089368624212511497	0.00030243470409915899	0.0252147674560547	0.029438054120099099	0.00422328666404436	0.031747932592406797	0.022283294663066399	-0.0094646379293404498	0.0958292509419401	0.30978592188735499	0.21395667094541501	1	161.875	26203.515625	0.22498479346304501	-0.046506339623820898	-0.373042620683946	-0.22398959770376201	0.45100785527878401	-0.016286610547709499	0.54766334830860097	-0.63028651581360096	2.50291266059864	1.1802188231661399	0.43999839482979702
1599	403.25	0.37626972857899998	0.31660278579220202	0.28092057639732798	-0.035682209394873501	0.67206786926835704	0.75708714481443395	0.0850192755460768	1.6548763684928001	3.37333490774038	1.71845853924759	0.97425892129540403	0.98264003247022602	0.0083811111748218793	0.0247999952698594	0.0167189912637697	-0.0080810040060896801	0.00094110056179489202	0.00064097579979716503	-0.00030012476199772699	0.028983610647696001	0.0274813051576967	-0.0015023054899992699	0.020436445163795201	0.0405857524718162	0.020149307308020899	0.28039256979947302	0.18652311122434101	-0.093869458575131695	1	162.375	26365.640625	-1.06108025766864	0.035854149038454297	1.22785934994489	0.20744447001438601	-0.377746965325647	-0.0556915274632859	-0.19335737556129001	1.33950617433951	-1.1020531537993401	1.1838642867125999	0.44963635228897803
1602	404	0.569322687848	0.26684239432215801	0.27092032395303201	0.0040779296308746703	0.79186073765158405	0.74691244289278802	-0.0449482947587957	3.2662412120727402	3.6836104750633698	0.41736926299063798	0.98312183916568696	0.97968729957938205	-0.0034345395863056801	0.0162541189463811	0.0196002930169926	0.0033461740706115799	0.00062403921692749296	0.00071240470933844901	8.8365492410955406e-05	0.027156971119068299	0.0311535588017216	0.0039965876826533403	0.039253155689947902	0.045226357411593601	0.0059732017216457397	0.23626942428718001	0.30245165670865298	0.066182232421472906	1	163.125	26609.765625	0.13010754679515199	-0.052874168753056498	0.29653804950906498	-0.054775905323438699	0.124980783635536	-0.030285858713865198	0.518323388567966	0.39657239989424398	0.77231948467038103	1.1893324820322899	0.46414902069127401
1603	404.25	0.22639446739300001	0.25935046337544798	0.26592856775969198	0.0065781043842438897	0.81480978392064896	0.73523543328046803	-0.079574350640180896	2.9941542649639801	4.5138491153717704	1.5196948504078001	0.98383638244122296	0.97834517192095505	-0.0054912105202679102	0.0156019249756353	0.020861783053260499	0.0052598580776251902	0.00056169639174185899	0.00079304250903079602	0.00023134611728893801	0.0282570026538988	0.028851911756727199	0.00059490910282843101	0.036453473713479401	0.052906790201087101	0.0164533164876077	0.29707191486175699	0.20005187447598699	-0.097020040385770306	1	163.375	26691.390625	0.20501114995692801	-0.076513232581850596	1.0855840575819899	-0.10041884409615701	0.209171477664406	-0.020935512464474199	0.078069480190238502	1.09366470868643	-1.1389497607914301	1.1911552138055199	0.46900143874897998
1605	404.75	0.134561991071	0.268043782562017	0.28298843624070302	0.014944653678686	0.73860776461660904	0.67963739093393005	-0.058970373682678302	4.4121663697064104	3.3413696177710301	-1.07079675193538	0.97883404474705504	0.98005697000771796	0.0012229252606630299	0.020394464844139398	0.0193622614664491	-0.0010322033776902801	0.00077150909964985605	0.00058070628901986398	-0.00019080281062999101	0.029814366941098899	0.030016828466344798	0.00020246152524591	0.051747300778515803	0.0385740675951853	-0.013173233183330401	0.24847089553491999	0.33110912085712302	0.082638225322202399	1	163.875	26855.015625	0.45566750401370598	-0.062446983509363903	-0.76869301001708401	0.048585492621122502	-0.067641736457597801	-0.048542320367431099	0.0272779148469399	-0.87696637435638303	0.96503636657220104	1.1948006773519699	0.47872856774980299
1607	405.25	-0.093766573969799996	0.27711528232321098	0.28466541944071599	0.0075501371175057397	0.68940102849155804	0.66530856993049403	-0.024092458561064199	3.3321567842734598	2.88371028155085	-0.448446502722608	0.97903972957283203	0.97889977116137705	-0.00013995841145475501	0.020331852481467901	0.020538008987205099	0.000206156505737232	0.00062839969032212203	0.00056225871539936697	-6.6140974922754696e-05	0.0300270080566407	0.0338054939552591	0.0037784858986183601	0.039173641337399298	0.0392462705262005	7.2629188801118198e-05	0.28492253975769799	0.27900840751729999	-0.0059141322403983296	1	164.375	27019.140625	0.234132615972208	-0.038635976428469797	-0.323213937980729	0.018339518423894599	-0.013161280091150401	-0.0403899477718987	0.49009610001253201	0.0040916091804174297	-0.072004323556134495	1.1984461408984299	0.48848542059784
1609	405.75	0.40598207116599999	0.28575692977756301	0.29962989725172601	0.013872967474163	0.66507786996662599	0.65661587789654696	-0.0084619920700793605	2.9174416586756702	1.77068657978974	-1.14675507888593	0.979208978451788	0.97770041543990405	-0.0015085630118847301	0.020239304588176299	0.021717399288900301	0.0014780947007239399	0.00055175086408780602	0.00058214708642480599	3.0396222336999999e-05	0.033408525254991397	0.037257258097330798	0.0038487328423394301	0.0391917242552157	0.025286323968159101	-0.013905400287056601	0.21581494337861201	0.190128292928466	-0.025686650450145902	1	164.875	27183.765625	0.423560485066583	-0.027965122193152399	-0.82306407365234102	-0.012033418223360799	0.042796421914663402	-0.034076811141710003	0.49918763843953501	-0.92566699149235399	-0.30356118431295898	1.2020916044448899	0.49827199729309002
1611	406.25	-0.29544675173599999	0.29646478844806501	0.31247835587710199	0.016013567429036601	0.66079319417476701	0.63598723746836106	-0.024805956706406201	2.02653553383433	1.50839907526974	-0.518136458564596	0.97839647345244896	0.97559112459421204	-0.00280534885823724	0.021027396246790699	0.023786773928440998	0.00275937768165027	0.00057608948536652801	0.00062209741736295903	4.6007931996430703e-05	0.036274182354962103	0.037975770455819499	0.00170158810085737	0.027112437775941502	0.022137872641906701	-0.0049745651340348	0.22669201309589501	0.235280626728644	0.0085886136327489003	1	165.375	27348.890625	0.487691462044052	-0.039123078634312802	-0.37309809388492199	-0.040812507774826499	0.099165238822898197	-0.033055869381347601	0.22129869564035501	-0.33162612120700802	0.0978379934980695	1.2057370679913499	0.50808829783555498
1614	407	-0.45086744513400001	0.31719207316636999	0.32632144279778003	0.0091293696314103095	0.62546379044652001	0.61833433955907802	-0.0071294508874425499	1.47465631924574	1.0771429255604501	-0.39751339368529098	0.97582426294684399	0.97808218300342598	0.00225792005658165	0.023563427501358002	0.021389278792776099	-0.0021741487085819898	0.000612314505997346	0.00052853124361717802	-8.3783262380168598e-05	0.037675815158420202	0.038716464572482699	0.0010406494140625801	0.021038281160873001	0.016751684434711499	-0.0042865967261615	0.25779236417061302	0.191901769010315	-0.065890595160297993	1	166.125	27597.515625	0.281445390954147	-0.027055401889495699	-0.28675595603475701	0.071554750036155995	-0.117880526978104	-0.041543680989241202	0.135758326898513	-0.28586541185122	-0.77439141081058005	1.2112052633110399	0.52286848086277904
1615	407.25	-0.48239557501000002	0.31995343873277299	0.33009957438334903	0.010146135650575599	0.620226292684674	0.62253191526979201	0.0023056225851176798	1.2868206545710801	1.2483125926926999	-0.038508061878382398	0.97548763975500996	0.98037755209952604	0.0048899123445156302	0.023920277954312098	0.019153675029519798	-0.0047666029247923304	0.00059210411145613998	0.00046875699626980198	-0.00012334711518633901	0.037861068160445599	0.040110905965169398	0.0022498378047237401	0.020940744300606301	0.018026035826187899	-0.0029147084744184002	0.193911802240434	0.093874083488188001	-0.100037718752246	1	166.375	27680.640625	0.31190703700721001	-0.020614116609669299	-0.0297794990127748	0.12996558322520699	-0.23193306590349599	-0.044130994641096599	0.292254569109894	-0.19461328626204999	-1.17428992949945	1.2130279950842699	0.52781007046212802
1617	407.75	1.66415921222	0.33006327413022502	0.31739440010860598	-0.0126688740216196	0.61791093721985701	0.63490334935486203	0.016992412135004201	1.09749126434322	3.0546676237138999	1.9571763593706799	0.97950308434665201	0.97484317459166003	-0.00465990975499209	0.020009802089771302	0.0245127565751323	0.0045029544853609701	0.00048709187003623901	0.00064408916477988302	0.00015699729474364499	0.039552321257414598	0.024516691984952502	-0.0150356292724621	0.016132525893044199	0.045279610989388999	0.0291470850963449	0.14227222718763499	0.062815204771347999	-0.079457022416287507	1	166.875	27847.265625	-0.371615756075657	-0.010587506683342801	1.39873385850578	-0.081970093105107597	0.17587222945408401	-0.025797620422292101	-1.94487461881512	1.9379997817600401	-0.93326845792004198	1.21667345863073	0.53771554254623499
1620	408.5	0.70477566471999997	0.31423744857311298	0.32386447042226801	0.0096270218491557001	0.64452492296695596	0.65118783414363801	0.0066629111766817201	2.0268290460110001	0.54034324437380898	-1.48648580163719	0.97473373413085895	0.97964314520359097	0.0049094110727314604	0.024674903694540399	0.019906132761388799	-0.0047687709331515702	0.00059137954667676598	0.000450736959464852	-0.00014064258721191401	0.024120189525462899	0.024033496997974399	-8.6692527488583401e-05	0.0199824763461952	0.0087942790123636608	-0.011188197333831499	0.17454752192416001	0.084788613195669396	-0.089758908728490502	1	167.625	28098.140625	0.29635472646373301	-0.017639413874558401	-1.06624374186154	0.13039831130212301	-0.232028445353685	-0.0452620475521033	-0.010145139345961699	-0.744930298963705	-1.0539143174419401	1.22214165395042	0.55262948288592195
1621	408.75	0.33525552173399997	0.31531049814075202	0.32656302694231298	0.0112525288015609	0.65345470570027797	0.64894069340079996	-0.0045140122994784503	1.16411766689272	0.391964225377884	-0.77215344151483201	0.97546241022646396	0.98005845844745598	0.0045960482209923496	0.0240008661174217	0.019493942899862299	-0.0045069232175594196	0.00053672914946219501	0.00044761429699065802	-8.9114852471537399e-05	0.0255285404346609	0.024345532170048499	-0.0011830082646124001	0.0135917403677013	0.0065016992230083996	-0.0070900411446928801	0.28897456538586502	0.140281382074743	-0.148693183311122	1	167.875	28182.015625	0.34505385340899403	-0.025269852881749402	-0.554923761970191	0.123443965218173	-0.220508706031633	-0.041892345106891098	-0.15203311516689	-0.47233851695802498	-1.7440962896404799	1.22396438572365	0.55761565825609205
1623	409.25	-0.35799185696500002	0.32581285061314702	0.33655397789552499	0.010741127282378299	0.64989279862493199	0.62197419302538703	-0.027918605599545201	0.40606930274516601	1.2506716573877401	0.84460235464257405	0.98011240605264904	0.97531762216240303	-0.0047947838902465704	0.0194398408813867	0.024181640706955599	0.0047417998255689297	0.000447782211631431	0.00050072495678248898	5.29427451510576e-05	0.023994954427083201	0.0266826488353584	0.00268769440827524	0.00675367655603633	0.026104588918585799	0.019350912362549499	0.12023709693333599	0.088366849892366803	-0.031870247040969302	1	168.375	28350.140625	0.32973259780573699	-0.041248071042157199	0.60235202074644001	-0.084963304997096506	0.18638000131400001	-0.032602361053027398	0.34892308628427898	1.28640036507162	-0.37597756545209998	1.22760984927011	0.56761030188184203
1625	409.75	2.2274277223699999	0.32724433764815303	0.39787386208772701	0.070629524439573196	0.64685349781066204	0.45660277232527802	-0.19025072548538399	0.46401062365620399	0.43999214791693197	-0.024018475739271301	0.97882560510188299	0.95280819740146405	-0.026017407700419399	0.020742495765443798	0.0463870856445283	0.025644589879084499	0.00043189660846110098	0.00080471219862374296	0.00037281559016264198	0.024801981890643001	0.039211456863968402	0.014409474973325301	0.00707828585000231	0.0066759506196831598	-0.00040233523031914801	0.080315927863398695	0.094505778236265894	0.014189850372867199	1	168.875	28518.765625	2.12394987346307	-0.152071531750189	-0.019407835475069201	-0.55594916042414999	1.1059782188334699	-0.0116839893562431	1.8659857910078399	-0.0275009879344571	0.16343433191783499	1.23125531281657	0.57763466935480501
1628	410.5	-0.19792322359799999	0.39746678024530402	0.39605969041585898	-0.0014070898294451001	0.455786563456059	0.456021609902382	0.00023504644632343899	0.52365848869085196	0.60910515151920097	0.085446662828348702	0.95297509431839	0.95407299101352705	0.00109789669513705	0.046216617897152902	0.045115043409168797	-0.00110157448798412	0.000808289836277252	0.00081197798135690695	3.6881450796544101e-06	0.038831583658854203	0.0380865026403358	-0.000745081018518418	0.0078376725548877802	0.0087345889478459698	0.00089691639295818302	0.081136880780109097	0.10685366322244701	0.025716782442338101	1	169.625	28772.640625	-0.0342200548801928	-0.022027690297501502	0.058947445029948503	0.0458107798234123	-0.070693651977498898	-0.035823409817053398	-0.095355455254679394	0.058919660502903003	0.29842675806454599	1.23672350813625	0.59272695277777798
1630	411	0.26609215415800003	0.396860798448324	0.39152411669492698	-0.0053366817533971296	0.45515734404325497	0.456899838522077	0.0017424944788217999	0.53349500671029804	0.46822164282201301	-0.065273363888284794	0.95407288447022398	0.95310780704021503	-0.00096507743000973101	0.045115985069423999	0.0461050762794913	0.00098909121006725297	0.00081112851330545201	0.00078710241432418295	-2.4026098981268901e-05	0.037849058928313202	0.039925384521484503	0.0020763255931712898	0.0078451331122780105	0.0072918020596259804	-0.00055333105265202803	0.159452903763738	0.227092026839359	0.0676391230756207	1	170.125	28942.515625	-0.15194806315752299	-0.0209985618174665	-0.048938135033610802	2.79566556949003e-05	0.0212831819492139	-0.037635807673272799	0.26979817662758099	-0.0375445827574706	0.78938119743563195	1.24036897168271	0.60282562986877697
1632	411.5	0.070034676149600003	0.392341248691082	0.38950556218624099	-0.0028356865048410102	0.45681681483983999	0.46063369363546403	0.0038168787956239202	0.56816498190166298	0.43149584531782698	-0.136669136583836	0.95350767374038703	0.955008712410927	0.0015010386705397399	0.0457112642005085	0.044190785102546197	-0.00152047909796234	0.000781039221328683	0.000800485757645219	1.94465363165357e-05	0.039498901367187499	0.039853922526041599	0.00035502115885416302	0.0087972915498542095	0.0060280075413173496	-0.0027692840085368599	0.20614149525299899	0.16692057898513801	-0.039220916267861602	1	170.625	29112.890625	-0.077019878495676403	-0.019582388302402699	-0.10004331673469299	0.054757560854916003	-0.089122958862388593	-0.034792875683327597	0.047022571310092499	-0.18494027418726999	-0.46206158735487701	1.24401443522917	0.61295403080698996
1633	411.75	0.117774131172	0.39052450899034702	0.38919332185760103	-0.00133118713274605	0.45765597065910701	0.46088166804984199	0.0032256973907352502	0.38083746023474901	0.38612269638104901	0.0052852361463000003	0.95297320727258905	0.95515768826007896	0.0021844809874893602	0.046228386589791698	0.044047833769582198	-0.0021805528202095098	0.00079838871752144897	0.00079448624073847501	-3.9024767829734198e-06	0.040177218119303401	0.040024390044035699	-0.00015282807526764699	0.0057265873037975704	0.0055264885508220698	-0.00020009875297549799	0.14228194925774301	0.14462213418675399	0.002340184929011	1	170.875	29198.265625	-0.031946059646542603	-0.019985985380061001	0.00156779744950603	0.069924943887416699	-0.118162269732176	-0.036319805344240001	-0.0187045704354015	-0.0140490843950647	0.024662360533569301	1.2458371670024	0.61802937771880195
1636	412.5	0.904125928844	0.38814229220151902	0.38456371426582298	-0.0035785779356957699	0.46081540882587402	0.46349400132894503	0.0026785925030709001	0.45203911662102197	0.82336300536982399	0.37132388874880101	0.95584639012813499	0.96218835413456005	0.0063419640064242798	0.043377029709517997	0.037075240910053202	-0.0063017887994647496	0.00077658262162003697	0.00073638049652800298	-4.0202125092033397e-05	0.039350382486979203	0.0377921775535301	-0.0015582049334490801	0.00659166565164933	0.011844923783790999	0.0052532581321417197	0.13555876564482	0.0843879758580975	-0.051170789786722598	1	171.625	29455.140625	-0.099276420704992804	-0.020359491603375801	0.263578714127153	0.162190429701565	-0.29947209731009	-0.0386936534142878	-0.200592023949552	0.348684838525403	-0.60200710006678004	1.25130536232209	0.63330000422505905
1638	413	0.97747660295100003	0.38564331866800799	0.38760326877236401	0.0019599501043562301	0.46232665963470898	0.46843646466731997	0.0061098050326108301	0.87629227004941201	0.93139427974823497	0.055102009698823298	0.96143511533737203	0.96144033297896403	5.2176415921145696e-06	0.037820599321276099	0.037823214801028397	2.6154797522839898e-06	0.00074425383863855005	0.00073649533806019701	-7.7585005783521706e-06	0.037929563169126199	0.037533710621021399	-0.00039585254810480701	0.012306349538266001	0.012011750799138399	-0.00029459873912757298	0.095028197580583701	0.082056864765468904	-0.012971332815114801	1	172.125	29627.015625	0.066654263081557599	-0.018017017130573999	0.037226705085672399	0.021561356974273499	-0.022115872478512801	-0.0365719734800517	-0.050157416872028501	-0.0203348183778197	-0.15465152071521901	1.25495082586855	0.64351757670491405
1639	413.25	0.75711848228099998	0.38239050172269401	0.397852617036552	0.015462115313858001	0.466334118973464	0.46528653772547801	-0.0010475812479853199	0.75549567509443305	0.92378493482239998	0.16828925972796699	0.96223311275243795	0.95857896450906999	-0.0036541482433679602	0.037043451762292498	0.040642070036847298	0.0035986182745548099	0.00072343756510236102	0.00077899690477352195	5.5559339671160801e-05	0.037961846810800101	0.0375601309317131	-0.00040171587908695999	0.010988247109344301	0.0112473821733137	0.00025913506396937598	0.085795028803504994	0.140425528531369	0.054630499727864101	1	172.375	29713.140625	0.47117031673515097	-0.022903334871004401	0.118246277542036	-0.059649599176320497	0.136086824473862	-0.032431246506716603	-0.050916264105954401	0.016497180495972898	0.63703661728551997	1.25677355764178	0.64863750938754805
1641	413.75	0.988644734922	0.39423271082341599	0.38952540215104797	-0.0047073086723686802	0.466681892424822	0.46754831485450299	0.00086642242968076899	1.0280840239458899	1.24216569159182	0.21408166764592601	0.95985055491328297	0.95636970959603795	-0.0034808453172446899	0.039386791142169197	0.042750586662441602	0.0033637955202724199	0.00076269968412815998	0.00087974276575550705	0.000117043081627347	0.0375388180768048	0.038090684678819403	0.00055186660201462395	0.012402471771566	0.017812946531921999	0.0054104747603559902	0.087099511439804198	0.26563014438364502	0.178530632943841	1	172.875	29885.765625	-0.13309245658901001	-0.021596652548885899	0.15102453931891499	-0.055803551315402503	0.125756022426947	-0.028410462036868599	0.0724988100740145	0.35914221468872198	2.0880367170452101	1.26041902118824	0.65889966763822405
1643	414.25	0.60711543246499999	0.39302494665607801	0.38384231440722899	-0.0091826322488490798	0.46647160816937699	0.473193415999413	0.0067218078300360102	1.2644958863034901	0.642965569533406	-0.62153031677008597	0.95670027248561396	0.95510193072259397	-0.00159834176301954	0.042428057244978799	0.043996963789686601	0.00156890654470781	0.00087169383114086901	0.00090110699384239796	2.94131627015291e-05	0.037448819478352699	0.038349250510886897	0.00090043103253420497	0.0179619827540594	0.0098565774940652297	-0.0081054052599941594	0.28649683788772101	0.27707902003412599	-0.0094178178535951895	1	173.375	30058.890625	-0.26717022884932501	-0.017599205375134899	-0.44710754445701201	-0.014025844903521399	0.046791601966867699	-0.034141099208595198	0.117610906721782	-0.53987618531438197	-0.113036145252511	1.2640644847347	0.66919154973611505
1645	414.75	0.69875771175500001	0.38480205964297098	0.37788915690034602	-0.0069129027426245203	0.47235578224062902	0.47347685191780298	0.00112106967717407	0.70900457617830703	0.66933556571603803	-0.0396690104622692	0.95536716599017402	0.95522149149328495	-0.000145674496888959	0.043731474969535999	0.043892438209149898	0.00016096323961388399	0.00090135246900899897	0.00088607380293979205	-1.5278666069206698e-05	0.038475778367784298	0.040051107053403603	0.0015753286856192801	0.0110626103335569	0.0097076170233777199	-0.0013549933101791401	0.27232814590787502	0.124833826775348	-0.147494319132527	1	173.875	30232.515625	-0.19917061482646001	-0.021422805935863001	-0.030610507433653501	0.018212663450070301	-0.0151495145260997	-0.037063761449591101	0.20495788044466601	-0.090867719617206105	-1.73005633667523	1.26770994828116	0.67951315568121995
1648	415.5	0.22108975329899999	0.37861341983079899	0.402247034013272	0.023633614182472801	0.47304594665765798	0.45761673897504801	-0.015429207682610101	0.78431640565393401	1.19697719700642	0.41266079135248401	0.95423020422458704	0.95364385843277	-0.00058634579181682201	0.044853228889405697	0.045479182340204802	0.00062595345079909798	0.00091657588782254604	0.00087693408131599496	-3.9641806506550497e-05	0.040340734411169102	0.0376207139756944	-0.00272002043547463	0.0107889080420135	0.014199784474477299	0.0034108764324638102	0.041934669223777803	0.091352514593597806	0.049417845369820003	1	174.625	30493.890625	0.71598308738919902	-0.032721611212224402	0.293167719732982	0.0084330080851073696	0.0053072842206307001	-0.038657010877659499	-0.35095714622013002	0.22613750565876301	0.57599098482965805	1.27317814360085	0.69505129681240496
1650	416	0.58217881847700004	0.398681119456887	0.40709052979946098	0.0084094103425740308	0.460759155824781	0.46244725845754298	0.00168810263276203	1.2131583057344599	2.2673709169030398	1.0542126111685799	0.95388359948992696	0.95486728996038495	0.00098369047045743208	0.045229737134650401	0.044267347548156699	-0.00096238958649362495	0.00088664691429585598	0.00086534466172451599	-2.1302252571339599e-05	0.037811279296875097	0.035926564534505101	-0.0018847147623699499	0.0133360425490541	0.022547325748019102	0.0092112831989650101	0.074375975517015996	0.13033968852059	0.055963713003574299	1	175.125	30668.765625	0.25987588074652801	-0.021035694903752001	0.75239129956833195	0.043276243240803799	-0.064570345615592703	-0.037457679293398001	-0.24284975786912699	0.611955698979185	0.65264993864235998	1.2768236071473	0.70544721237554497
1651	416.25	0.79442979065999997	0.40607796963304299	0.40815760465338902	0.0020796350203461898	0.45236988607794099	0.46616787975653901	0.0137979936785987	1.2977963838726301	2.11879889294512	0.82100250907249595	0.95279520153999298	0.95634188074618598	0.00354667920619223	0.046309417614247499	0.042854866955895	-0.00345455065835248	0.000895372830018454	0.00080326271508965395	-9.2110114928799995e-05	0.037552607500994602	0.035088652151602201	-0.00246395534939235	0.0162903887627181	0.020577814168064298	0.0042874254053461803	0.10935953869562701	0.131495426645972	0.022135887950345198	1	175.375	30756.390625	0.070239945018262806	-0.0127683228307412	0.58545922232937797	0.100155706070057	-0.17421058376491899	-0.042088222982701998	-0.31781655039328799	0.28444178580467799	0.25649073967420799	1.27864633892053	0.71065631659981998
1653	416.75	0.55893614680600001	0.407412051223218	0.40573985101655102	-0.00167220020666686	0.46582083245739397	0.47142167054116701	0.0056008380837728701	2.08733916059137	2.1372577086090798	0.049918548017711097	0.95622323360294104	0.95780664682388295	0.00158341322094202	0.042952037812210499	0.0414744347915985	-0.00147760302061203	0.00082470838005974795	0.00071896218159963905	-0.000105746198460109	0.035534229984989903	0.0354520020661531	-8.2227918836795506e-05	0.0207508096529639	0.019556177430786002	-0.00119463222217789	0.136217027869632	0.127866609546745	-0.00835041832288708	1	175.875	30932.015625	-0.042162588682171202	-0.0183644867422313	0.0335163768540074	0.056585668841640901	-0.087236666926976195	-0.042979966899838802	-0.0095673183196059997	-0.080201187468313798	-0.100535780762659	1.28229180246699	0.721096817933782
1656	417.5	0.72657105585100001	0.40526910573244102	0.40390686541795701	-0.0013622403144835601	0.47249715477228199	0.467070770263671	-0.0054263845086102202	2.0753207325935898	2.2505778312682501	0.175257098674659	0.95765167772769899	0.95513994991779305	-0.00251172780990616	0.041633543372154198	0.044076635129749998	0.0024430917575957501	0.00071481461636722303	0.00078339638130274199	6.8581764935519494e-05	0.035558629918981399	0.035088094075520999	-0.00047053584346046202	0.019200559426099301	0.021778678055852398	0.00257811862975304	0.123694732630154	0.12957420529160901	0.0058794726614551799	1	176.625	31196.390625	-0.032876392695719701	-0.025892725580885699	0.12323386520990801	-0.0342962842457964	0.085250542687005104	-0.0315796333225353	-0.059823119230229503	0.170746026431667	0.066111120268982804	1.28775999778668	0.73681330214825103
1657	417.75	0.80049826471100005	0.404913141764701	0.40542502263560898	0.00051188087090775502	0.47082976456731401	0.45885998671874501	-0.011969777848569599	1.8704839069394901	2.2505814172327199	0.38009751029323402	0.95652830488979801	0.95343796256929603	-0.00309034232050209	0.042763807938899799	0.0457154058152811	0.0029515978763813302	0.00070788082011859199	0.00084664351779792802	0.000138762697679336	0.035340386849862598	0.035853986386899697	0.00051359953703717504	0.017214909355969799	0.021731224295217198	0.0045163149392474303	0.133621885635301	0.12212373481060899	-0.0114981508246918	1	176.875	31284.765625	0.023271054341114698	-0.0303598729034129	0.26985888319425899	-0.047137262471349403	0.107621782087858	-0.026990088257811198	0.067546189030278703	0.29966653641178098	-0.13739901936930199	1.28958272955991	0.74206699214334704
1659	418.25	0.69257630821600003	0.40497536985203603	0.40381137309595899	-0.00116399675607748	0.46140178982168401	0.458188149333002	-0.0032136404886826098	2.29943777211008	2.1447069488465398	-0.15473082326354001	0.95429091509431596	0.95329181309789401	-0.0009991019964215031	0.044875091162975903	0.045863457384984901	0.00098836622200898505	0.00083401137981127104	0.000844711036734224	1.06996569229529e-05	0.035367026152434103	0.035942120022243798	0.00057509386980964005	0.0221629119943825	0.0203847413038593	-0.00177817069052318	0.12294124102717401	0.121920502813156	-0.0010207382140180899	1	177.375	31461.890625	-0.026937145125837898	-0.024382094473980698	-0.112971894222472	-0.00072713798577453404	0.0212512867943375	-0.035364885709171699	0.075504942248976803	-0.119015664909824	-0.0146975633764319	1.29322819310637	0.75259666501895095
1661	418.75	0.29271973863299999	0.40482970485463798	0.35259504895657201	-0.052234655898065502	0.45667831832542999	0.58592393118888397	0.12924561286345401	1.9411615122107899	2.2667064889332802	0.325544976722487	0.95282407384365797	0.96699839346110805	0.0141743196174505	0.046320607699454001	0.032332376646809102	-0.013988231052644899	0.00085530409505736799	0.00066923963495355801	-0.00018606446010381101	0.036246172587076901	0.030267072606969699	-0.0059790999801071602	0.0188336788385625	0.034461541377819899	0.015627862539257499	0.116243385550615	0.14072016990361899	0.0244767843530047	1	177.875	31639.515625	-1.55698074724875	0.066047284934168296	0.23081011272607199	0.33601100629303399	-0.63762975841629099	-0.0482324516834148	-0.772755524158657	1.0387590505417299	0.28390508399831899	1.2968736566528301	0.76315606174176898
1663	419.25	3.1669000180900002	0.37591608297080398	0.31389333670958902	-0.062022746261214803	0.52773687634615696	0.67941633034497495	0.15167945399881799	2.6253193844109899	0.22343963766470801	-2.40187974674628	0.96153280865400903	0.97511576898396002	0.0135829603299512	0.037722434371245603	0.024388446274679201	-0.0133339880965664	0.00074479379854894799	0.00049573497408346098	-0.00024905882446548701	0.032960884659379297	0.0261684347082068	-0.0067924499511724601	0.037915551707554201	0.0036120609052887401	-0.034303490802265503	0.133601155506236	0.13373762778544401	0.00013647227920859901	1	178.375	31817.640625	-1.8502255435514601	0.081362774643436303	-1.72148385099738	0.32288718793867599	-0.60884696651654402	-0.052352024660834898	-0.87802134961440603	-2.2824605314239501	-0.0011454186165232301	1.3005191201992901	0.773745182311802
1665	419.75	0.15213441372700001	0.314247447624803	0.30624610320664902	-0.0080013444181537604	0.67872674036771097	0.70251284129917801	0.023786100931467501	0.22927806274965801	0.83725175387234496	0.60797369112268695	0.97523118145763898	0.97611046936363	0.00087928790599101103	0.024262655799975601	0.023386584356194302	-0.00087607144378130898	0.00050613098128451397	0.00050290542340008105	-3.2255578844335701e-06	0.026081304196958199	0.0269109514024523	0.00082964720549410403	0.0036551565593982401	0.021532619280335698	0.0178774627209374	0.134126187658938	0.11768860122359	-0.016437586435347901	1	178.875	31996.265625	-0.23177961674471201	-0.0059494836973377702	0.43297293304561102	0.040959275670072702	-0.060772861644571997	-0.036275537625522797	0.108449883487793	1.1883928111947999	-0.195244974638174	1.3041645837457501	0.78436402672904804
1668	420.5	-0.47231216048800001	0.28024633079767403	0.24173146486282299	-0.038514865934850803	0.79181176424025801	0.92563244402408595	0.133820679783828	1.1383082590995901	0.34261087477206897	-0.79569738432751602	0.97764180600643102	0.97844178676605198	0.00079998075962084403	0.021817590948194399	0.021025413088500498	-0.000792177859693908	0.000540572602767495	0.00053282245935406701	-7.7501434134282094e-06	0.029501907913772999	0.033878806785301002	0.0043768988715279997	0.0298407503287271	0.00607947390526529	-0.023761276423461802	0.114182037496417	0.14693760957009699	0.032755572073680198	1	179.625	32265.140625	-1.14594479806852	0.069170664025399703	-0.57177654512491605	0.039199241448633702	-0.057082043806829803	-0.0365714269557533	0.56754423156438605	-1.5812376225899101	0.38085834382774802	1.3096327790654401	0.80034802556844398
1670	421	-1.6498873655899999	0.242290333099663	0.24004976451396901	-0.0022405685856939101	0.92408267557621004	0.93172070384025596	0.0076380282640457998	0.23527605318230099	0.25281599524897502	0.017539942066673	0.97830114215612396	0.97881319597363503	0.00051205381751040502	0.021160738775506598	0.020645286724902699	-0.00051545205060389598	0.000538154291280081	0.00054149700081325099	3.3427095331698902e-06	0.033960893419053902	0.034116335268373897	0.00015544184932000899	0.0043078583052190396	0.0050231692977832703	0.00071531099256422301	0.141085689809787	0.12810002132824799	-0.012985668481538801	1	180.125	32445.015625	-0.059190534210767899	-0.016973705508936	0.0103397309843471	0.032809385116855397	-0.044907757018831901	-0.0358459998845485	0.021192508594919099	0.0468400477623135	-0.15481940635724001	1.3132782426119001	0.81104117960372601
1671	421.25	-1.22521305516	0.24082801998592901	0.23815319207496899	-0.0026748279109598001	0.92840254213661	0.93954419009387502	0.011141647957265801	0.357603440387181	0.30566451409833301	-0.051938926288848802	0.97868138179182995	0.97851619366556397	-0.00016518812626597999	0.020788636978250001	0.020956444006878901	0.00016780702862886901	0.00052999511790403702	0.00052736215729964799	-2.6329606043889201e-06	0.033731241579409002	0.034392046045373902	0.00066080446596493403	0.00629348462498473	0.0057560871835451999	-0.00053739744143952502	0.141078311448956	0.13324588314983199	-0.0078324282991245105	1	180.375	32535.140625	-0.072200660053044596	-0.0145817989677012	-0.039393328238020497	0.017779604677185801	-0.0148484285867037	-0.036236784194702401	0.086597825971311299	-0.036484747242730202	-0.094469576016584497	1.3151009743851201	0.81639890306407203
1674	422	-1.6567106841100001	0.237014302425087	0.23600696641951799	-0.0010073360055685701	0.94376270025968501	0.949680802971125	0.0059181027114392198	0.31592321258506201	0.245920056290936	-0.070003156294125901	0.97858291640877704	0.98013755679130499	0.0015546403825280599	0.020891558402217899	0.019365241704508599	-0.0015263166977092799	0.00052552633569575701	0.00049723202246240803	-2.82943132333491e-05	0.0345007719816985	0.033800421820746503	-0.00070035016095199704	0.0059466232341951197	0.0046138225327013796	-0.0013328007014937399	0.13429598900346401	0.14174769591206299	0.0074517069085988704	1	181.125	32806.265625	-0.0222436913297255	-0.018147891505115199	-0.052323726241365498	0.055947123860837597	-0.089379778469155902	-0.037914931373827301	-0.089566273706045904	-0.089391562421211504	0.084523627102001397	1.3205691697048101	0.83251665921593099
1676	422.5	-1.56885154266	0.23608843311667399	0.234642749279737	-0.0014456838369369699	0.94933139383792897	0.95294845998287203	0.0036170661449429499	0.41915095523009199	0.41372921764854698	-0.0054217375815450199	0.98017236292362198	0.97936397194862401	-0.00080839097499862999	0.019318857230246001	0.020140217524021901	0.00082136029377585101	0.00050880976486950902	0.00049580590566620402	-1.3003859203304999e-05	0.033916784215856498	0.0335760045934606	-0.00034077962239594	0.0062731210258795602	0.0073722018161795702	0.0010990807903	0.149673709662557	0.14833328405530599	-0.00134042560725084	1	181.625	32987.640625	-0.035376306145308602	-0.019718799565049201	-0.0060962674827911897	0.0035052413075513001	0.0139040210214343	-0.0369149984135866	-0.043029738515546902	0.072366769589561397	-0.018441436990062701	1.3242146332512701	0.84329898479285503
1677	422.75	-1.0768861166899999	0.23579683681018701	0.234700858499855	-0.00109597831033173	0.95067011993378403	0.94873589929193203	-0.0019342206418516701	0.24750077268107101	0.37322747455907501	0.125726701878004	0.97996647022664596	0.97884861864149497	-0.0011178515851501	0.019557377282762901	0.020636888517765399	0.00107951123500254	0.00047618067528673699	0.000514506698709744	3.8326023423006399e-05	0.033851496378580703	0.033223519501862697	-0.00062797687671800595	0.0045297906253831998	0.0069010600243923498	0.00237126939900915	0.13330185691166799	0.14334780072836101	0.0100459438166936	1	181.875	33078.515625	-0.0248993569028528	-0.023508639884562098	0.087779946406988704	-0.0033625037694406902	0.025261124297851399	-0.033558234684891199	-0.080199538872507706	0.15698730230972699	0.114904853616779	1.3260373650245001	0.84870129402402295
1679	423.25	-1.45224887475	0.23450045026838801	0.23424457223154599	-0.00025587803684176702	0.95118772722780698	0.94528849665075498	-0.0058992305770517702	0.32942205544096897	0.35339894019996798	0.023976884758998701	0.97899661883711797	0.97666633687913396	-0.00233028195798379	0.020498726359801399	0.022776519972830998	0.0022777936130296199	0.00050466799493733899	0.00055712163502903396	5.2453640091695299e-05	0.033496644761827198	0.033453397397641901	-4.3247364185386398e-05	0.00602034818366547	0.0058286103027054099	-0.000191737880960057	0.144912101818825	0.149890938917352	0.0049788370985268098	1	182.375	33260.640625	0.00026949876085319502	-0.026215535618256802	0.0149473024619125	-0.030269523438756898	0.077978409219983905	-0.032634346517220601	-0.0045223556244833501	-0.013492955029412199	0.055563736196536297	1.3296828285709601	0.85952820537176799
1682	424	-1.52849410994	0.23476515542715801	0.30586346536874998	0.0710983099415924	0.94236093983054203	0.73748741112648697	-0.20487352870405501	0.49352003708480502	1.56983256313532	1.07631252605052	0.97675286382436699	0.97000447064638096	-0.0067483931779862604	0.022688998561352501	0.029349316260777601	0.00666031769942514	0.00055811201236792703	0.00064620371267665405	8.8091700308726205e-05	0.033501010470920203	0.034045268871166198	0.00054425840024598104	0.0081120376213218298	0.034640637546541599	0.0265285999252198	0.13871393165085799	0.123457545859343	-0.015256385791514501	1	183.125	33534.765625	2.1379943810175601	-0.16205445847525801	0.76821044575834296	-0.128319034702641	0.27078335668237502	-0.0303037635940431	0.071514137217432105	1.7638293729200401	-0.18141188013253001	1.3351510238906501	0.87582430460691196
1684	424.5	4.7589977670300003	0.26233276724814403	0.40406595766544301	0.14173319041729901	0.86115234792235296	0.45347549766302098	-0.40767685025933198	1.34219746557779	2.12802711725229	0.78582965167450003	0.97479535341262902	0.95636915862560301	-0.018426194787026201	0.024615690670906399	0.042839552648365503	0.018223861977459	0.000588945343042711	0.00079131669190246796	0.00020237134885975699	0.033610478153935197	0.035986215096932998	0.0023757369429978099	0.032354516279880001	0.0209871776401994	-0.0113673386396806	0.130250629738382	0.13137821497123001	0.0011275852328485299	1	183.625	33718.140625	4.2541692801529001	-0.300507439645254	0.560282447845322	-0.38748017469819201	0.77951040599314403	-0.022830343442727101	0.30854875634301099	-0.75684601069808499	0.010461550296882401	1.3387964874371101	0.88672552557269302
1685	424.75	0.060819035585300003	0.36912588821723702	0.40303777065127999	0.033911882434043097	0.55835135448725004	0.454161427915097	-0.10418992657215199	2.34946599324743	2.1018976297229801	-0.24756836352445299	0.96200735569000295	0.955028214305639	-0.0069791413843637304	0.037273458018898503	0.044120897992979802	0.0068474399740812803	0.00071917038312676197	0.00085086139206396599	0.000131691008937204	0.034722088001392502	0.035818142361111097	0.0010960543597186201	0.0409862430620666	0.020252154656918899	-0.020734088405147601	0.12838194115398799	0.11770508497853099	-0.0106768561754573	1	183.875	33810.015625	1.02391329317518	-0.093318183530688395	-0.17942511945678899	-0.13343994446106899	0.27901562183891299	-0.027452547687984202	0.142928976122457	-1.37988205235432	-0.12778080034855299	1.3406192192103401	0.89218728249828805
1687	425.25	0.44703193995399998	0.40320152454078201	0.40357846403494402	0.00037693949416239798	0.45403148746117999	0.45209313165396497	-0.0019383558072141301	2.0737934127449802	1.94727399647239	-0.126519416272588	0.955683775059879	0.956843985803425	0.00116021074354633	0.0434926289482973	0.0423332007485442	-0.0011594281997531601	0.00082359364387230103	0.00082280202786932596	-7.9161600297463496e-07	0.0360126424718787	0.035143915812174603	-0.00086872665970415296	0.020253336639143402	0.018220385324093501	-0.0020329513150498801	0.123812847623106	0.11320895076945001	-0.010603896853656401	1	184.375	33994.140625	0.0192282988016402	-0.023511462944695801	-0.092778134481769706	0.047193692495176402	-0.073238870586281896	-0.036116367812396299	-0.11135798915330899	-0.135962579877175	-0.126926370409991	1.3442646827567999	0.90313308923489
1689	425.75	0.51055774862900005	0.40444979602470998	0.40400993200018998	-0.00043986402451995398	0.450560461822897	0.45221691103652101	0.0016564492136235699	1.9081713024526501	1.99091314524413	0.082741842791484096	0.95586946327239297	0.957573850266636	0.00170438699424302	0.043277748045511703	0.041561497945804098	-0.00171625009970766	0.00085280376424634802	0.00086463925126736797	1.18354870210199e-05	0.035073414555302503	0.036472497162995499	0.0013990826076929501	0.0187062448268989	0.018390770198311899	-0.00031547462858705702	0.109767026034068	0.12871669307855199	0.018949667044484499	1	184.875	34178.765625	-0.0052426012992737398	-0.021057304560883599	0.057011331528633302	0.059270395132416498	-0.097735716479246698	-0.0352906070808158	0.18214766401107599	-0.0217233930553286	0.219176761615755	1.3479101463032599	0.91410861981870595
1692	426.5	0.33894356105700002	0.40510056167841002	0.40333123952150302	-0.0017693221569061201	0.45119852572679497	0.46345159113407203	0.012253065407276401	1.85875779725615	2.3409815013408402	0.48222370408469101	0.95765182375907898	0.95959748029708902	0.0019456565380098201	0.041456599719822497	0.039610778726637298	-0.0018458209931851799	0.00089158444607164897	0.00079170334502122995	-9.98811010504184e-05	0.036304502133969997	0.035867874710648201	-0.000436627423321796	0.016758357372600698	0.022128103952854802	0.0053697465802540799	0.12660826838946601	0.13570264300556101	0.0090943746160941606	1	185.625	34456.640625	-0.045072298897113297	-0.013823038913387301	0.34296093802330702	0.064624801047345401	-0.103436063771607	-0.0425964135924322	-0.055434605106202503	0.35643315073912102	0.103760983395177	1.3533783416229499	0.93062764790795605
1694	427	0.67937841729500004	0.40427116267383101	0.402069368585944	-0.00220179408788723	0.46024422757327399	0.46947322525084001	0.0092289976775658498	2.2530237168073199	2.0372253827749902	-0.21579833403232801	0.95966746285557702	0.95937651470303498	-0.00029094815254227001	0.039534651907160802	0.039882644917815999	0.00034799301065521098	0.00079785751804593104	0.00074085909000132797	-5.6998428044602698e-05	0.035786946614583301	0.035590701633029603	-0.00019624498155376699	0.021195738087407798	0.018808507180073299	-0.0023872309073345302	0.13349469279002901	0.14179450016738099	0.0082998073773520899	1	186.125	34642.515625	-0.058028875573668801	-0.015887557330677	-0.15668409336316799	0.014988658841078801	-0.0069213189774508096	-0.039792062715899301	-0.0243236970617383	-0.15952773965441	0.094455770295278296	1.3570238051693999	0.941677488109807
1696	427.5	3.1319513134600001	0.40181891322135899	0.32809249013662001	-0.073726423084739395	0.46933169811963998	0.57605031877756696	0.106718620657927	1.9232087291775899	3.2812460064888498	1.3580372773112499	0.95967635810375196	0.97464119493961399	0.014964836835862199	0.0395832471549512	0.024661272112279298	-0.0149219750426719	0.00074041170591954304	0.00069753321586176896	-4.2878490057774998e-05	0.0358244719328705	0.0218895806206592	-0.0139348913122113	0.018317840778034899	0.047823224868624399	0.0295053840905894	0.139149198917773	0.14813750750720001	0.0089883085894273095	1	186.625	34828.890625	-2.2008600594554402	0.0506682013780917	0.96986936839886195	0.35355466308465999	-0.67870893046222203	-0.0388686767025185	-1.80241430761044	1.96183229492555	0.10251883932898399	1.3606692687158599	0.95275705215887196
1698	428	0.61699973446900003	0.35109708830714498	0.32463067099451898	-0.026466417312625501	0.53746714293956299	0.58628163635731001	0.048814493417746602	3.0719866901635098	2.5772093180566	-0.49477737210690698	0.97127661183476399	0.97471141368150704	0.0034348018467431599	0.0280237692641097	0.024590283585712299	-0.0034334856783974198	0.000699628853908509	0.00069829311396461401	-1.3357399438943401e-06	0.025277879503038701	0.021648661295572899	-0.00362921820746573	0.0456030616187467	0.031788906332802	-0.0138141552859447	0.14029233683329201	0.160509660894287	0.0202173240609952	1	187.125	35015.765625	-0.78498114418871201	0.0111372953901218	-0.35637763113593002	0.097672853133759202	-0.17328385015810599	-0.036151951285713302	-0.46862783826652898	-0.91959776516122504	0.234022350637131	1.3643147322623199	0.96386634005515204
1699	428.25	0.81621626630599997	0.32431965414434599	0.30108338850551197	-0.0232362656388342	0.58219084981829095	0.67989440262314704	0.097703552804855501	2.7327287059279501	3.6095563922194698	0.87682768629151697	0.97551483195275102	0.97238083016127397	-0.0031340017914768298	0.023828293097904001	0.026769730699015701	0.00294143760111177	0.00065691233994585299	0.00084944629033999696	0.00019253395039414399	0.020956484476725299	0.0227191925048825	0.0017627080281572101	0.032920306152665203	0.061056016658948602	0.028135710506283398	0.15273219426041601	0.166267583781845	0.013535389521429001	1	187.375	35109.390625	-0.68820790911785901	0.044513652181680803	0.62541895268258696	-0.048106180992850502	0.10717479051384	-0.023473668941725399	0.22920899234889999	1.8707274795206099	0.15576991109699301	1.3661374640355499	0.96943213044599696
1702	429	-0.38895236757399998	0.23168344870211099	0.135833305865526	-0.095850142836585106	0.95947004482144604	1.2675133258104301	0.30804328098898598	3.1361956313253798	1.6617104059085399	-1.4744852254168399	0.97416195049881904	0.96932676434516896	-0.0048351861536503104	0.025054963026196	0.0300650514895099	0.0050100884633138398	0.00078309123018700105	0.00060819388891104702	-0.00017489734127595401	0.022845035129123101	0.025896312572338001	0.0030512774432149702	0.061680239532141697	0.021133087230555399	-0.040547152301586301	0.174425985475057	0.15113455741724699	-0.023291428057809802	1	188.125	35391.015625	-2.8636722578913401	0.18811170670191499	-1.0576537146778	-0.085859937513443396	0.198183102833907	-0.047502167928271999	0.39597892897953302	-2.6977621294574399	-0.27551062585094399	1.3716056593552399	0.98617408738935297
1704	429.5	-0.653326242	0.13480081409215899	0.144629395008088	0.0098285809159284494	1.2738051593303701	1.21818137764931	-0.055623781681062502	2.0125642618166499	2.4471474379301199	0.43458317611346498	0.97125337421894098	0.97308257222175698	0.0018291980028154499	0.0281487080268558	0.0263328448869284	-0.00181586313992741	0.00059791427920571905	0.00058461521985008499	-1.32990593556336e-05	0.025632052951388901	0.023467000325520598	-0.0021650526258682802	0.0254323988614511	0.030057261604815502	0.0046248627433644399	0.153835704427769	0.15464265796562399	0.00080695353785534296	1	188.625	35579.390625	0.30239330449947099	-0.060162279117788701	0.308859789644577	0.062040279768972098	-0.102118096725771	-0.036934303292408502	-0.27913179838976798	0.30688667102633799	0.00670661792235255	1.3752511229016999	0.99737254682727505
1706	430	-1.04050201884	0.14013097286224299	0.14720272403210399	0.0070717511698605	1.23938848227263	1.2216989889740999	-0.017689493298531901	2.0081885531543602	1.80740062361579	-0.20078792953857	0.97022186741232896	0.97128797918558096	0.0010661117732525499	0.0291797234909612	0.028124420880340301	-0.0010553026106208999	0.00059839445020769895	0.00058763019042089304	-1.0764259786806e-05	0.025389607747396001	0.0233240480776187	-0.0020655596697772899	0.0257126921904259	0.023914806812535799	-0.0017978853778901299	0.146262498610602	0.16627629075116601	0.020013792140564299	1	189.125	35768.265625	0.21980048533521901	-0.034264698768286701	-0.14593962740814001	0.045105388786123399	-0.068657965074671298	-0.036768537800324699	-0.26625516653074999	-0.1203270014019	0.23163877905263	1.3788965864481599	1.00860073011241
1708	430.5	-0.85793664278899995	0.150257065147162	0.14502516165375701	-0.0052319034934045997	1.20742070674896	1.2306572556495701	0.023236548900606099	2.04348378693691	0.76870721876625103	-1.27477656817066	0.97300903499126401	0.96647825539112098	-0.0065307796001436999	0.026429339405149101	0.032821539044380198	0.0063921996392311796	0.000561650743475175	0.00070021308783907302	0.000138562344363898	0.0224268030237267	0.025930334020544	0.0035035309968172602	0.027897025819403801	0.011451463727280901	-0.0164455620921229	0.17150127913469301	0.172406963340166	0.00090568420547304496	1	189.625	35957.640625	-0.14880897490143799	-0.0063246605750993303	-0.914702012770087	-0.123489616906356	0.25898775955836001	-0.027003190542635901	0.45451073610911003	-1.09462766577337	0.0078628572648309497	1.3825420499946199	1.01985863724476
1709	430.75	-1.0934986387000001	0.14498902969062299	0.148693536082283	0.0037045063916596199	1.22998193539679	1.21333391033113	-0.0166480250656613	1.03600013063112	0.85831087999983502	-0.17768925063128099	0.96834541969001298	0.96385545600205702	-0.0044899636879562896	0.0310114858846646	0.035355426499154602	0.0043439406144899998	0.00064313294333259903	0.00078910423781054296	0.00014597129447794401	0.024627212241843902	0.0267940662525319	0.00216685401068807	0.014278479812128399	0.0106380771494523	-0.0036404026626760998	0.17165672249590999	0.160963372561608	-0.0106933499343018	1	189.875	36052.515625	0.118920030369008	-0.033553692752561801	-0.12940556470325501	-0.078198542778660604	0.168876566586139	-0.026518675602447899	0.281514595065053	-0.24288335280871201	-0.12797395950914001	1.3843647817678499	1.0254987372536399
1712	431.5	2.6554483118299999	0.15015648528933501	0.33332831859588602	0.18317183330655001	1.20114102363586	0.57477548420429403	-0.62636553943157103	0.72189244925978302	3.2503757715225499	2.5284833222627698	0.962104263901711	0.96762441694736401	0.0055201530456538998	0.037033651210367703	0.031461981777102202	-0.00557166943326545	0.000862068869173527	0.00091356435150373905	5.1495482330211301e-05	0.0272931134259259	0.023784496166088399	-0.0035086172598375398	0.0095627915405205096	0.0416037464514371	0.032040954910916603	0.165140954301703	0.15216246518037599	-0.0129784891213268	1	190.625	36337.890625	5.4956439644149597	-0.44980529498537097	1.80767608356154	0.143952282438538	-0.267351195458502	-0.032697006103714003	-0.45301935636518997	2.1304875965820398	-0.154735328543008	1.3898329770875399	1.0424636230511
1713	431.75	2.4902562459099999	0.22019985914229601	0.33213907033205098	0.111939211189754	0.95912971235814104	0.57332557439803999	-0.38580413796010199	2.79076096075576	2.6162655830383801	-0.17449537771738	0.96667694188654396	0.96130264643579699	-0.0053742954507465203	0.032450565241743397	0.037692880874965397	0.0052423156332220902	0.00087243140133069102	0.0010044579723398599	0.00013202657100917201	0.025063140304000499	0.0249533547295465	-0.00010978557445392701	0.048238877582657401	0.033052978711202802	-0.015185898871454599	0.162381270168865	0.14346179216232699	-0.018919478006537201	1	190.875	36433.265625	3.3615611159984402	-0.285575030250388	-0.12711938655246799	-0.097824191120004095	0.20839971463359799	-0.027430603305213901	-0.0131339003191886	-1.01084026817271	-0.22431051979873401	1.3916557088607699	1.0481334469071999
1715	432.25	0.29595903183299999	0.33119409289210999	0.334244344662876	0.0030502517707664501	0.57609361615032095	0.57622649949043703	0.00013288334011551901	3.0780655082316701	2.92149785012018	-0.15656765811148901	0.96304534543305698	0.96593743432313295	0.0028920888900760798	0.035979806946124598	0.033086323132738099	-0.00289348381338656	0.00097484878624526199	0.00097625759626679897	1.40881002153785e-06	0.0246903949313696	0.025215770580150301	0.00052537564878070095	0.039185813337099397	0.038586781604682298	-0.00059903173241707803	0.15170399261451101	0.18808591617220299	0.036381923557691501	1	191.375	36624.390625	0.099318989112151895	-0.022097436623703701	-0.114286702860508	0.085628624840711501	-0.149526985584055	-0.035972468978250599	0.069070283414541994	-0.040584396068891498	0.42332671112071901	1.39530117240723	1.0594953875048001
1718	433	1.1793261749499999	0.332233398407698	0.36761610582471099	0.035382707417012403	0.57872921898960905	0.52846127413212995	-0.050267944857479499	2.8471651405096301	4.1538534294814902	1.3066882889718601	0.96342021301388703	0.98380578085780102	0.020385567843914001	0.035544807068072101	0.015613216767087599	-0.0199315903009845	0.0010349903634050801	0.00058100008282053496	-0.00045399028058454999	0.024772417986834602	0.016615860550492099	-0.0081565574363424796	0.037931961892173398	0.0475290809379664	0.0095971190457930199	0.18768657411661599	0.13655687919422099	-0.051129694922395698	1	192.125	36912.015625	1.0679782493132699	-0.056505871672395999	0.93311369953816403	0.47385494516587101	-0.899102153099401	-0.065753701102942694	-1.0545676157299799	0.63761984553545004	-0.60152583624009903	1.40076936772691	1.0765940306147199
1720	433.5	1.21666720161	0.35891364961862499	0.18571204198524599	-0.173201607633379	0.54515816867351696	0.55245881527662499	0.00730064660310759	4.2427174907178804	0.59961567788834602	-3.6431018128295398	0.98519069254398395	0.97724564373493095	-0.0079450488090529996	0.014240633882582	0.0201452947221708	0.0059046608395888203	0.00056865055521484499	0.0026090429921171799	0.0020403924369023401	0.0162325258608218	0.0077364321108224403	-0.0084960937499993106	0.048197833317682001	0.057801865553480998	0.0096040322357990003	0.14305175651886501	0.036701994345080001	-0.106349762173785	1	192.625	37104.390625	-5.1810716377999997	-0.0172040345607028	-2.6099521289313001	-0.15487597135151199	0.23753895727049101	0.097368694724485894	-1.0985112704921201	0.63807968129965698	-1.24821055731972	1.40441483127337	1.0880302808303599
1722	434	-1.16840060735	0.175690616201605	0.338063593953848	0.16237297775224299	0.53343282230198097	0.54395386576652505	0.010521043464544501	1.6793544214918801	0.50392382852734297	-1.1754305929645401	0.97951689213514304	0.97967195808887497	0.000155065953732048	0.0179078298504468	0.019634209806099499	0.00172637995565274	0.0025752421628570301	0.00069385210445034205	-0.00188139005840668	0.0044476826985673096	0.020795751501012701	0.016348068802445399	0.077441046875904695	0.0075607697479428901	-0.069880277127961798	0.0478009377086289	0.0420110301367203	-0.0057899075719086502	1	193.125	37297.265625	4.8725238322883904	-0.0150054830646174	-0.84359004181586805	0.024886885245838899	0.053719493776569698	-0.15909979026943399	2.1168835433965998	-4.6488758496735096	-0.070549522809012402	1.40806029481983	1.0994962548932099
1723	434.25	-1.7753847165700001	0.28918343677360198	0.34104178408160801	0.051858347308006501	0.55073269549757198	0.53639468215405905	-0.0143380133435133	0.43700284605366202	0.41359100830739798	-0.023411837746264701	0.97990808151662401	0.97935442551970497	-0.00055365599691892297	0.0192279010952916	0.019972014205995901	0.00074411311070431499	0.00086400103955382905	0.00067353969679970704	-0.00019046134275412099	0.0152794520060221	0.020586621319806198	0.0053071693137840704	0.035023572665524201	0.0063559703725330399	-0.0286676022929911	0.043238567123396902	0.106756817848117	0.063518250724720504	1	193.375	37393.890625	1.5615776629415801	-0.031976657391324603	-0.018973603255304901	0.0091584806351293103	0.010505605227221399	-0.048519989769315798	0.687942202284063	-1.9075853873286299	0.74112147376100102	1.40988302659306	1.1052403883673401
1726	435	1.21311883824	0.34294982030987697	0.34743107594549699	0.00448125563561974	0.53216869160532998	0.49520394504070298	-0.036964746564626498	0.22566570146010601	0.50831756303086595	0.28265186157076	0.97924127727747001	0.91688388362526896	-0.062357393652200298	0.0200749117648229	0.081027329713105903	0.060952417948283003	0.00068377678253454897	0.0020887464910629098	0.00140496970852836	0.020618071379485001	0.043334734881365897	0.022716663501880899	0.0038429059641204798	0.0080314688864745604	0.0041885629223540801	0.14954374362633699	0.106151999132151	-0.043391744494185903	1	194.125	37684.515625	0.14219093055204299	-0.047423833722445199	0.200107168268815	-1.3624290529576299	2.6593122796833102	0.055814655286626699	2.9411232948914301	0.27786587723297701	-0.51090634656048495	1.41535122191275	1.1225173745605499
1728	435.5	-0.53315440791500002	0.34432655423879599	0.365476050972939	0.021149496734143	0.49102017581462798	0.51076912283897402	0.0197489470243459	0.995970742497858	0.70100196897985001	-0.29496877351800799	0.91484368443488995	0.934007319808006	0.0191636353731157	0.082922543957829706	0.064377223327756097	-0.018545320630073699	0.0022337314032484	0.0016154002747498599	-0.00061833112849854499	0.042067012080439697	0.045617336697048698	0.00355032461660902	0.0186634652505803	0.010510280379094499	-0.0081531848714857698	0.114988501321347	0.082943324082940098	-0.032045177238407302	1	194.625	37878.890625	0.64156055060204198	-0.0087056318195504693	-0.21335439109246701	0.44673704894433203	-0.83811454737274405	-0.076500918302655693	0.460566885600319	-0.54305428025243196	-0.37802618095674201	1.41899668545921	1.1340725201650399
1730	436	-0.26112213112400001	0.362868296355009	0.37812109626829599	0.0152527999132875	0.50933591797947897	0.49910806305706501	-0.0102278549224138	0.65073611587285596	0.61199822351336597	-0.038737892359490399	0.93443855494260797	0.92699121460318501	-0.0074473403394227401	0.063975978828966495	0.071227129083127103	0.0072511502541606201	0.0015854351935558899	0.00178166728001088	0.00019623208645499701	0.044898506447120803	0.049407337330005803	0.0045088308828850404	0.0095749615051317297	0.0103051954152761	0.00073023391014438504	0.086774661099706094	0.084307693014211801	-0.0024669680854943099	1	195.125	38073.765625	0.46489936400320597	-0.029170669392123798	-0.029944011953163499	-0.143830511024889	0.29677646874044	-0.0232318260159734	0.58461920860206495	0.047832656269202897	-0.031634427230560799	1.42264214900567	1.1456573896167399
1732	436.5	-0.42525325422100002	0.37679657638073	0.36741544306278201	-0.0093811333179477704	0.50136162191629396	0.50970948189497001	0.0083478599786762607	0.64962062463166304	0.43471611142158401	-0.214904513210079	0.92863155007362397	0.930836689472199	0.0022051393985750298	0.069612222537398294	0.067340745218097797	-0.0022714773193004802	0.00175623382092454	0.0018225872656330399	6.6353444708507303e-05	0.049039487485532302	0.047742377387152701	-0.0012971100983796	0.0110394054412613	0.0081552223768086192	-0.0028841830644527298	0.080543161929978097	0.15194416431810401	0.071401002388126397	1	195.625	38269.140625	-0.27311719127141998	-0.0164891063600369	-0.15604429532184599	0.070383408378140305	-0.122162405937862	-0.031725356323080801	-0.16680046519431799	-0.19258286684537501	0.83343673729703605	1.42628761255213	1.1572719829156599
1733	436.75	-0.53452442091100005	0.37772180009633299	0.35839694645255799	-0.019324853643775598	0.49821214685216503	0.51784382387995698	0.019631677027792199	0.60955378075597599	0.309245678875608	-0.30030810188036799	0.926642164774239	0.93333922456950003	0.0066970597952609196	0.071540292329155097	0.064939280296675603	-0.0066010120324795198	0.0018175810117099899	0.00172149681420705	-9.6084197502940201e-05	0.048974687081796302	0.047396137096263703	-0.0015785499855325701	0.010098138517333001	0.0060985505522697797	-0.0039995879650631897	0.082772288715534895	0.26654711386330898	0.18377482514777399	1	195.875	38367.015625	-0.57102455963988297	-0.0087856915567388894	-0.21717628888582299	0.17007093945190099	-0.31263613670465501	-0.042348111678275902	-0.203225132424006	-0.26677481939249897	2.1494516906498098	1.42811034432536	1.1630904260078301
1735	437.25	-0.55870024676999996	0.361736759543419	0.37173483567312499	0.0099980761297057096	0.51534964349120804	0.49271638691425101	-0.0226332565769575	0.36436513308436602	1.4093197666574799	1.0449546335731199	0.93306549303233599	0.93182753901928606	-0.0012379540130500501	0.065192845789715501	0.066430361208040703	0.0012375154183251701	0.0017416833161405501	0.0017420472793674101	3.6396322685913799e-07	0.047456840232566501	0.0374557565759722	-0.010001083656594301	0.0070797993364979297	0.027717997562287901	0.020638198225789901	0.240758610303904	0.056552612976586397	-0.18420599732731699	1	196.375	38563.140625	0.30747127043504602	-0.037639785324303503	0.74576442784556896	-0.0060278926134067603	0.032212366929677702	-0.036040797671849201	-1.2932908985196401	1.37202510244533	-2.15998847105099	1.43175580787182	1.1747496050775701
1738	438	-0.362919148824	0.39248013980686602	0.40251527391374098	0.010035134106874901	0.47513705790042798	0.47148492969572497	-0.00365212820470279	1.3550042076037001	0.30694686695932799	-1.0480573406443701	0.94754081070423002	0.96222715228795996	0.014686341583730301	0.051169800711797199	0.0369585070759057	-0.014211293635891501	0.00128936830005846	0.00081437713015474898	-0.00047499116990370598	0.028348767315900001	0.0246827019585504	-0.0036660653573496898	0.026541035893026199	0.0052772060356800297	-0.021263829857346199	0.018895097611673801	0.094099806693744695	0.0752047090820709	1	197.125	38858.265625	0.30858150323462102	-0.0246814482075579	-0.75241611151276799	0.34737412076666102	-0.64744318300811399	-0.067127073102448503	-0.47339669028129699	-1.41511818289512	0.87798211952636196	1.43722400319151	1.1922941058957099
1740	438.5	-0.92146542329299996	0.40222457945346801	0.40492591708898601	0.0027013376355172801	0.47198216766119	0.46861951947212199	-0.00336264818906806	0.31512162238358798	0.32736719846726098	0.0122455760836739	0.96153170466422999	0.96389818787574799	0.0023664832115173301	0.037640983425080897	0.035296597890555899	-0.0023443855345250402	0.00082734114548656896	0.00080516770831309304	-2.21734371734755e-05	0.024799827293113499	0.024989375361689901	0.000189548068576444	0.0053781572030856097	0.0051683199009858903	-0.000209837302099724	0.028068698721306601	0.15889670433863701	0.13082800561733099	1	197.625	39055.640625	0.088865749437997396	-0.024483821409109	0.0065500173173072803	0.073964052055199098	-0.12536993299962601	-0.037514651192101497	0.025606622384707501	-0.0146968509362615	1.5293890771035199	1.44086946673796	1.20402759458348
1742	439	-0.77446986404499996	0.404185660555959	0.41165418215096	0.0074685215950016101	0.46888064965605702	0.45999736562371202	-0.0088832840323451699	0.25850481260565999	0.60561924576758797	0.34711443316192903	0.96383738592266999	0.96362742930650702	-0.000209956616163409	0.035352872358635101	0.035563488816842501	0.00021061645820746199	0.00080970655762939805	0.00080910416945699005	-6.0238817240778296e-07	0.0249139008698641	0.024638479727285899	-0.00027542114257813499	0.0041892218956487903	0.0090991732140536692	0.0049099513184048798	0.223363720778332	0.18405348639048399	-0.039310234387847899	1	198.125	39253.515625	0.231687468207536	-0.028252736457412699	0.24624955611205199	0.016786074108151701	-0.0129650687561399	-0.036103993088636897	-0.0345708775414168	0.325849540939811	-0.46310759592360501	1.44451493028442	1.21579080711847
1743	439.25	-0.58087306013700002	0.40643901610747002	0.41006472958251799	0.0036257134750489199	0.46748328749090501	0.49310919521376401	0.025625907722859401	0.41761302174999598	1.3344138526821501	0.91680083093215603	0.96388432383537304	0.96520779617130803	0.00132347233593488	0.035312489129137398	0.033851855102693701	-0.0014606340264436801	0.00080318538966822096	0.000940375739628512	0.000137190349960291	0.025115331013997499	0.024316568727846499	-0.00079876228615099998	0.0064697733017964297	0.026569849093353599	0.0201000757915572	0.12930349093480101	0.013183168986365601	-0.116120321948435	1	198.375	39352.640625	0.116559446033928	-0.0046934552797973303	0.65403177866508	0.050816896743495897	-0.086490132289716304	-0.0270929133476446	-0.102303021677352	1.33623150490664	-1.3626340275755	1.44633766205765	1.2216835598286699
1745	439.75	1.99547649824	0.41156782573089101	0.40324902283027803	-0.0083188029006131502	0.47252824977039598	0.54118879288434996	0.068660543113953601	1.4543014209948699	0.39962320541963497	-1.0546782155752401	0.96410297378897603	0.966643195971847	0.00254022218287031	0.035022847785149303	0.032251199672464301	-0.0027716481126849402	0.00087420122563342602	0.00110561233559565	0.00023141110996222501	0.024537955390082598	0.025133048163520001	0.000595092773437379	0.0282087135823497	0.0060686522672768603	-0.022140061315072901	0.088691453013202207	0.0381061909857838	-0.0505852620274184	1	198.875	39551.265625	-0.24129046559975001	0.024686110684741198	-0.75715534191237499	0.077819776906924307	-0.14416694068533101	-0.020931262210291599	0.078093251308392703	-1.4734013432939901	-0.59514995782560498	1.44998312560411	1.23349135813448
1747	440.25	-0.70580576367799996	0.40363658042624601	0.39911236111074699	-0.0045242193154993397	0.54300103522837195	0.53718729764223105	-0.0058137375861409	0.34743990763090699	0.98751193890348599	0.64007203127257795	0.96729808803647799	0.96705128010362396	-0.00024680793285392099	0.031626486714230698	0.031850960321026002	0.00022447360679526301	0.0010754363964224399	0.0010977832855132801	2.2346889090843001e-05	0.025038394221553101	0.024011230468749999	-0.00102716375280319	0.0053328673799115404	0.013562904596619799	0.0082300372167082893	0.025570810034447399	0.0090595035998900907	-0.0165113064345573	1	199.375	39750.390625	-0.12760721900247499	-0.026157169910190601	0.45594896431091297	0.015968246441302399	-0.0123554367831536	-0.034603204511388798	-0.131863321397969	0.546687422577671	-0.19610831290449099	1.45362858915057	1.24532888028751
1750	441	-0.439770637051	0.39966260455548702	0.40795535556972001	0.0082927510142323801	0.53857325389981303	0.53352306783199399	-0.0050501860678187098	1.6155728991142699	5.3147863619496203	3.6992134628353499	0.96971860527992204	0.98563685789704403	0.015918252617121501	0.0292493847664449	0.0136978172697123	-0.0155515674967326	0.00103204411207117	0.000665353611111629	-0.00036669050095953799	0.023343743218316001	0.014496075665508999	-0.0088476675528070294	0.021565961552550101	0.047250860322674899	0.025684898770124798	0.0014975742788445	0.28342725654595302	0.28192968226710902	1	200.125	40050.015625	0.25638084344025702	-0.0256358964755257	2.6456861547183701	0.37471346754402302	-0.70640724714796999	-0.060044653687000897	-1.1440128477685001	1.7077099888035601	3.2989476901721702	1.45909678447026	1.2631408957305701
1752	441.5	-0.40469711562600003	0.410288828611374	0.36980253607034602	-0.040486292541028299	0.52838837504386904	0.55929823815822599	0.030909863114357301	5.1690938353537703	6.3117706060409899	1.1426767706872201	0.98231980800628604	0.99031406044960002	0.0079942524433140906	0.0169235100038354	0.0092166636604816502	-0.0077068463433537099	0.00075672545644921401	0.00046926290378906097	-0.00028746255266015201	0.016505488642940099	0.0093037923177083596	-0.0072016963252317196	0.0486570321023461	0.058804993331432798	0.0101479612290867	0.28207132300575499	0.11645041828189701	-0.16562090472385799	1	200.625	40250.390625	-1.20500745197809	-0.0010861209880720099	0.81571405350100501	0.19885905700333001	-0.36128625750423399	-0.054863470922830601	-0.93098705799661197	0.674259506255524	-1.94233760561847	1.46274224801672	1.2750527275016299
1753	441.75	0.46535920708099998	0.39965316383168198	0.35994629738852302	-0.0397068664431591	0.54812598060816398	0.52985472325235505	-0.018271257355808399	5.5117400910706502	6.4470275089144602	0.93528741784381098	0.98927417211234503	0.98637602310627703	-0.0028981490060687701	0.010184985044179499	0.0130642895630446	0.0028793045188651501	0.00054084368366602998	0.00055970767170947905	1.8863988043448899e-05	0.0121341210824472	0.00972647490324801	-0.0024076461791992299	0.047238447819837402	0.064333273482042999	0.0170948256622056	0.22558464964658301	0.063352535656046205	-0.162232113990537	1	200.875	40350.765625	-1.1816563549997501	-0.034661866662036002	0.66726450026025996	-0.042871987196463297	0.104441305101763	-0.034830971950321803	-0.31052887412603097	1.136335149003	-1.9026513230900799	1.46456497978995	1.2810197898298701
1756	442.5	1.5172290332	0.36251758933067302	0.36180609017610499	-0.00071149915456736302	0.51196398437023305	0.50598975121974898	-0.0059742331504837303	4.7448397971689698	0.433008976280711	-4.3118308208882503	0.97700407505035403	0.96190743446350102	-0.015096640586853401	0.022355059674009199	0.037258548848330998	0.0149034891743217	0.00064090228988788903	0.00083403691241983795	0.000193134622531949	0.014993173104745201	0.023661295572916699	0.0086681224681714394	0.062870528851633606	0.0071120343403894204	-0.055758494511244101	0.036588672888908103	0.020411057491843999	-0.0161776153970641	1	201.625	40652.640625	-0.013380612435675201	-0.026266739562094799	-3.08862917345827	-0.31358860751094197	0.63343378639127201	-0.023434387448336799	1.1229253223440601	-3.7095554063018699	-0.19220044197551001	1.47003317510964	1.2989655625854
1757	442.75	-0.59763417357899995	0.36446373015642203	0.36247128332033801	-0.0019924468360841799	0.50483807716518703	0.50569194052368405	0.00085386335849735296	1.11930710058636	0.41042847307400199	-0.70887862751235697	0.96161465346813102	0.961150009930134	-0.0004646435379978	0.037607908580685599	0.037981238611974097	0.00037333003128842802	0.00077744747377437998	0.00086875968409004598	9.1312210315665798e-05	0.023888128775137799	0.023714341057671499	-0.00017378771746632399	0.026768940564939399	0.0067630681704033803	-0.020005872394535999	0.0164122662160394	0.11847973749955901	0.10206747128352001	1	201.875	40753.515625	-0.051756968599593202	-0.021605226574363999	-0.50963157246636903	0.011133901275085	-0.0058066410348456103	-0.030093155452623799	-0.021417220728375701	-1.3314442449950601	1.19257315040265	1.47185590688287	1.3049623487608499
1760	443.5	-0.96018835026899996	0.36189588606357598	0.36312406659126301	0.0012281805276870301	0.50662131905555696	0.50411254167556796	-0.00250877737998956	0.35137877017260299	0.54888898730278002	0.197510217130177	0.96122363805770905	0.96180906891822804	0.00058543086051932004	0.037915457598865103	0.037320220284163999	-0.00059523731470109698	0.00086090781842357896	0.00087072577152866803	9.8179531050886296e-06	0.023860224971064801	0.022718076352719899	-0.0011421486183449299	0.00581969653721912	0.0086794017348438505	0.0028597051976247301	0.16260065997182299	0.14672278178574599	-0.0158778781860771	1	202.625	41056.890625	0.044730924361803502	-0.023900887371617299	0.13916267470587801	0.034437814743624499	-0.048417833255557402	-0.035422545521425798	-0.14674495564738901	0.18947595784044099	-0.18869020585424801	1.4773241022025601	1.3229972930580201
1761	443.75	-1.0908299366	0.36156175807118401	0.36345039065927298	0.0018886325880886901	0.50737845301628104	0.50184738636016801	-0.0055310666561129204	0.37008639890697898	0.49139140592889202	0.121305007021914	0.96135847158730003	0.96170089207589604	0.000342420488595785	0.037817824643570801	0.037459496385417901	-0.00035832825815292101	0.00082369641459080598	0.00083957384504173595	1.5877430450930001e-05	0.023311247649016199	0.022926676714861802	-0.00038457093415437998	0.0058986581672793598	0.0076059012673797	0.0017072431001003399	0.15387764995577999	0.16186211880201201	0.0079844688462317997	1	202.875	41158.265625	0.064517636859815	-0.0259641916460659	0.084614891803394501	0.029044775272077699	-0.037995246339736402	-0.035026280563692502	-0.048697321651997499	0.112819119408862	0.090762826403797403	1.4791468339757801	1.32902380308068
1764	444.5	-1.1245393886799999	0.36512763798236803	0.370291823148727	0.00516418516635914	0.49939717501401898	0.49233512878418001	-0.0070620462298396402	0.55614175498484297	0.39041375964878999	-0.16572799533605301	0.96165141165256496	0.96108755171298998	-0.00056385993957519499	0.037517860159277903	0.0380524460226297	0.00053458586335185904	0.00083068634266965195	0.00086003257019910695	2.9346227529454699e-05	0.022833591037326299	0.022795161494502302	-3.8429542823990199e-05	0.0083947172854094108	0.0062608988024293001	-0.0021338184829801099	0.053101769438057597	0.17716977889385599	0.124068009455798	1	203.625	41463.140625	0.162651053385067	-0.027009385011082201	-0.120843683485968	0.0089320283027655104	0.00128765476731741	-0.034145476494228798	-0.0038988209093576299	-0.142671831497413	1.4502224543553499	1.4846150292954701	1.3471479189194999
1766	445	1.9986682421799999	0.36929819732904401	0.37575341276824498	0.00645521543920052	0.49396414235234298	0.53504589460790497	0.0410817522555623	0.44805317521096399	3.0589687518777202	2.61091557666676	0.96134818792343102	0.97775068432092804	0.016402496397496399	0.037775855185464002	0.021621506265363601	-0.016154348920100401	0.00087597898236709004	0.00062782312124907698	-0.00024815586111801301	0.022727288140190999	0.0179151746961803	-0.0048121134440107299	0.0068604503292591101	0.042314471607096199	0.035454021277837103	0.19820723985239799	0.0042868200951129498	-0.193920419757285	1	204.125	41667.015625	0.20132947740180199	0.0058581852734340403	1.8666811924117399	0.38546011099278099	-0.73292603823105995	-0.052292974562567297	-0.62172115348419899	2.3575101404099899	-2.2737545143079401	1.4882604928419301	1.35926781762106
1768	445.5	0.19760933533799999	0.37576620578765901	0.37598546147346501	0.000219255685806552	0.51511207818984805	0.55925487279891894	0.0441427946090708	2.2515409547835801	4.9857295513153197	2.7341885965317401	0.97176877856254495	0.98589916229248098	0.014130383729935501	0.0275145724415785	0.013650277024135	-0.0138642954174435	0.00071666270378046399	0.00045058725081617102	-0.000266075452964292	0.019490446867766398	0.0161323829933449	-0.0033580638744214499	0.035563280119093599	0.046473335474729802	0.010910055355636199	0.076182794991886002	0.00034081707084605102	-0.075841977921039999	1	204.625	41871.390625	0.0145041948604227	0.0079479461120668393	1.9549201712922599	0.33503595336129899	-0.63217732891159395	-0.053464842349223503	-0.43353435365445703	0.72495074066058995	-0.89093250728715301	1.4919059563883901	1.37141744016983
1769	445.75	-0.60665961711100003	0.37480710977688397	0.375275885034352	0.00046877525746863397	0.56305673066526696	0.53769072741269996	-0.0253660032525675	4.2268270209430998	5.3897200092673696	1.16289298832427	0.985769220627845	0.98411692958325103	-0.00165229104459319	0.013747442132444099	0.0153593691124116	0.00161192697996742	0.00048337404114136002	0.00052371786623552801	4.03438250941684e-05	0.015739907158745702	0.016008624324091999	0.00026871716534631799	0.042905437876467001	0.051982241484802599	0.0090768036083356506	0.00041263055659898802	0.0048459977848933798	0.00443336722829439	1	204.875	41973.765625	0.021979638307600399	-0.039505420073867897	0.83018484689175398	-0.015223121392937401	0.048684244790163603	-0.033426278734187603	0.035852888590571598	0.60301069308843702	0.04917571371763	1.4937286881616201	1.37750339788692
1771	446.25	-0.64123089949800005	0.37503262497484702	0.36139375166967402	-0.013638873305172199	0.54938007909804798	0.49298961190506801	-0.056390467192979202	5.1673105627298099	4.2571750973351596	-0.91013546539465495	0.98535693958401704	0.98004355318844305	-0.0053133863955737697	0.0141691596712914	0.019327592477202098	0.0051584328059107003	0.00047392584001499001	0.00062884593171474198	0.000154920091699752	0.0160529171978985	0.0152772408944588	-0.00077567630343968895	0.0492561822989954	0.043326284838258698	-0.0059298974607367204	0.00046320788931082999	0.27824143380282901	0.27777822591351897	1	205.375	42178.890625	-0.40067630126535397	-0.060685692116800097	-0.65369146397309796	-0.096472458944454595	0.20470937002990899	-0.025933460979061702	-0.099315174977879506	-0.395170732325903	3.25032979584992	1.4973741517080801	1.3896976062065201
1774	447	-0.55963637278699996	0.35151222422718997	0.34178036786615801	-0.0097318563610320798	0.49010558128357001	0.51394080817699594	0.023835226893425699	4.5243089497089297	4.4604098119773399	-0.063899137731593406	0.978694289177656	0.98117327690124501	0.0024789877235886801	0.0206484530353916	0.0183336573885753	-0.0023147956468163402	0.00065725958484108397	0.00049305651846225595	-0.000164203066378827	0.016192457411024201	0.017531529179325898	0.00133907176830165	0.0468025564681738	0.041848855487478999	-0.0049537009806947998	0.13581310721282799	0.0123267288228171	-0.123486378390011	1	206.125	42487.515625	-0.28362462464321703	-0.0059159456081497299	-0.047954462264417998	0.076460823158116503	-0.12406815424550501	-0.0468028062262257	0.17438090828531499	-0.33023832716585699	-1.4488982498498399	1.5028423470277701	1.40804465089944
1776	447.5	0.180200363256	0.34206134080886802	0.34309871941804898	0.0010373786091804099	0.50802589654922403	0.53310820758342803	0.025082311034203199	4.7458695420065	1.95120819509024	-2.7946613469162598	0.97958286106586401	0.98331708312034605	0.0037342220544815999	0.019896120857447699	0.0162589624524117	-0.0036371584050360101	0.00052104038477410501	0.00042393816402182098	-9.7102220752283999e-05	0.017293972439236201	0.0237701416015626	0.0064761691623263801	0.043496240836976403	0.025971229840069499	-0.017525010996906901	0.075157742104957598	0.10513388074680501	0.029976138641846901	1	206.625	42693.890625	0.039014623464409801	-0.0050645664702917001	-2.00263740235855	0.104317775266631	-0.18224423658951799	-0.042414686222060502	0.83923714098465496	-1.16642797961182	0.34830827239372097	1.5064878105742301	1.42031316883707
1778	448	-0.17203265262199999	0.34356163442134902	0.33973547145724298	-0.0038261629641055399	0.52988942265510497	0.52684904709458302	-0.00304037556052184	2.4715982869268101	0.461403021402637	-2.0101952655241702	0.98420786783099201	0.97792414724826804	-0.0062837205827235296	0.0153866699431091	0.021507003903388899	0.0061203339602798699	0.000405446913646298	0.00056886089369072399	0.00016341398004442599	0.022812285246672399	0.0261190626356337	0.00330677738896137	0.030593600380234998	0.0079189854557622508	-0.0226746149244728	0.047217281537020497	0.19272942721776901	0.14551214568074899	1	207.125	42900.765625	-0.10669390649946001	-0.0242638072306945	-1.44111561872531	-0.11800672733994801	0.24702728953841199	-0.025377995529850299	0.42904638290427699	-1.50895755790339	1.7013557097766601	1.5101332741206901	1.4326114106219101
1779	448.25	-0.26303004510099998	0.34121431009844	0.34164650952443498	0.00043219942599514999	0.53567542713135496	0.52624406833201698	-0.0094313587993385406	1.29564977344128	0.28933728344856902	-1.0063124899927101	0.98142666518688204	0.97861811984330405	-0.0028085453435778801	0.0180975199415114	0.0208505188231356	0.0027529988816241998	0.000475812372951613	0.00053136158212509601	5.5549209173483201e-05	0.024796704892758901	0.0270884973031504	0.0022917924103915402	0.019146757648559599	0.0046487215700839199	-0.0144980360784757	0.158329190858223	0.12135032855955399	-0.036978862298668903	1	207.375	43004.390625	0.020883850278259699	-0.028626904813297299	-0.72253509619362799	-0.040883446193939403	0.098884609628476006	-0.032431908999701602	0.29768444106465403	-0.96508658386695201	-0.43580479126818999	1.5119560058939201	1.4387716779570401
1782	449	-0.87498007995000004	0.34238848648965298	0.34835802353918599	0.0059695370495320699	0.52705348730087298	0.52207068726420403	-0.0049828000366688397	0.268982897698886	0.32359712850299999	0.054614230804113699	0.97863627821207	0.97908108457922904	0.00044480636715904498	0.020853627752512701	0.0204219256993383	-0.00043170205317436	0.00051008177506446596	0.000496983906487006	-1.30978685774595e-05	0.027396534107349602	0.0264260186089409	-0.00097051549840869802	0.0043486409966136397	0.0057354177231895799	0.00138677672657594	0.038827766634883097	0.26761742934100902	0.228789662706126	1	208.125	43316.015625	0.186778869963282	-0.025589892313313899	0.0368775523543141	0.031316987277063203	-0.0412232561385052	-0.036921146240956798	-0.12453175998947399	0.091503069995362896	2.6766225022741801	1.5174242012136101	1.45729706573324
1783	449.25	-0.80005730850099999	0.344691498018801	0.34909222330897999	0.0044007252901794303	0.52628623209893699	0.52246372848749201	-0.0038225036114455401	0.23717996296473301	0.27356609313864699	0.036386130173914399	0.97882785368710801	0.97776833865791601	-0.0010595150291918801	0.020676117856055502	0.0217342426651158	0.00105812480906029	0.00049601302835071903	0.00049739201558622896	1.3789872355095001e-06	0.0273086477209021	0.027082669293438898	-0.000225978427463133	0.0041879580108798702	0.00488232987336229	0.00069437186248241898	0.13783518147596099	0.14841781074549201	0.0105826292695314	1	208.375	43420.140625	0.13977829398365399	-0.024797762786632201	0.0238298555565736	-0.0020678621192655399	0.024320248982869299	-0.035974419266100698	-0.028171875384279801	0.045447266589703501	0.121190001383729	1.5192469329868401	1.46348705691558
1786	450	2.3403156045000002	0.34963664636015901	0.41271371245384197	0.063077066093683104	0.52227934747934301	0.33744805827736901	-0.184831289201975	0.27144765872508297	0.47068860754368802	0.19924094881860599	0.97730954065918896	0.98162182718515401	0.0043122865259647104	0.022196982754394402	0.0180373869487086	-0.0041595958056858404	0.00049349142282153395	0.00034082300480804602	-0.00015266841801348701	0.027623720522280001	0.0098448011610243608	-0.0177789193612557	0.0049001964303897897	0.0088793485017955101	0.0039791520714057196	0.055390123498926899	0.032138889878503302	-0.0232512336204235	1	209.125	43733.265625	1.89768315267723	-0.14837170521902199	0.140401534572135	0.117146546677212	-0.20522836938581401	-0.0460484875472233	-2.2999182112839298	0.26393676511601399	-0.27503990696514902	1.5247151283065199	1.48210161623343
1787	450.25	2.6639417980400002	0.37221271302550601	0.40745353363454301	0.035240820609037	0.45978862605990201	0.345841792598367	-0.113946833461535	1.1370296848005499	0.47536005522125602	-0.66166962957928999	0.98003583420067997	0.98019687049090898	0.00016103629022878901	0.0195133503701076	0.0194351422367618	-7.8208133345851499e-05	0.00045086314785295598	0.00036797718021262002	-8.2885967640336093e-05	0.021778770729348699	0.0102953027795862	-0.0114834679497624	0.026792232986187599	0.0083778810250806496	-0.018414351961106998	0.00185016575927006	0.26995444892188403	0.26810428316261398	1	209.375	43837.890625	1.06372741318905	-0.099979183140918498	-0.47583931381846001	0.025019382719631798	-0.0256716298844973	-0.041485001594656401	-1.4851448504643301	-1.2255831281843601	3.1370378119570299	1.5265378600797499	1.4883213312629799
1790	451	-0.72242125751700004	0.40465856641531001	0.38921078108251	-0.015447785332799901	0.34874182231724299	0.36646932028234203	0.017727497965099301	0.50782058462501301	1.3879927043801801	0.88017211975516496	0.97948837727308302	0.97428430542349798	-0.0052040718495850501	0.020137902675196499	0.0250794543186206	0.0049415516434241696	0.00037367989898484698	0.00063623038040534795	0.00026255048142050102	0.0106395297580295	0.0151126437717018	0.0044731140136722598	0.0095364714507013195	0.0253989518969296	0.015862480446228299	0.36736837863604899	0.014578086660994799	-0.35279029197505402	1	210.125	44152.515625	-0.45487012451287101	-0.010085666655221001	0.62781290225962605	-0.094046481581163605	0.19516789112084701	-0.0188948750748196	0.57999664039141596	1.05436482796943	-4.1342868192648696	1.5320060553994399	1.5070250621224699
1792	451.5	1.3904537959100001	0.39739021062851099	0.368213506042957	-0.029176704585553499	0.34911082237958602	0.41314493864774698	0.064034116268160898	1.00374354505875	0.518043522536763	-0.48570002252198502	0.97828693687915902	0.96248334050178497	-0.0158035963773735	0.021268652565776699	0.036484614014625598	0.015215961448848901	0.00044437430042303799	0.00103201153688133	0.00058763723645829501	0.011256691261573399	0.028235880533854198	0.016979189272280801	0.019479813228820701	0.0077374226413668597	-0.011742390587453799	0.017414861323862801	0.086944027073586796	0.069529165749723898	1	210.625	44362.890625	-0.86617958124685701	0.021527668386791401	-0.34988005316475401	-0.32927781638188303	0.64718070467078204	0.0023644649461682802	2.1985647625306401	-0.78179285851690505	0.81151557322272905	1.5356515189458999	1.51953137083782
1793	451.75	-0.89228503803000003	0.37751621091738402	0.36545438310131401	-0.0120618278160696	0.39248761069029497	0.41726778335869302	0.024780172668398	1.3666816198003799	0.34032050203533498	-1.02636111776504	0.96901473626494405	0.95949143506586598	-0.0095233011990788503	0.030104276997735501	0.039394291199278203	0.0092900142015426897	0.00088100975399357003	0.00111426132898487	0.000233251574991297	0.0215534351490159	0.0301345118769893	0.00858107672797335	0.0232882623302407	0.0050031930106344902	-0.0182850693196062	0.0171042794238109	0.239628473976778	0.22252419455296699	1	210.875	44468.265625	-0.35342904811850001	-0.0052708350715688001	-0.73688592855357105	-0.18990154399723799	0.386474334287433	-0.020810903348407999	1.1116596408781101	-1.21698380107172	2.6032473195419201	1.5374742507191299	1.52579567163819
1796	452.5	-0.99351740829099999	0.36398759484291099	0.36346626430749901	-0.00052133053541170095	0.420660847425461	0.425271297991276	0.0046104505658149404	0.360029551386849	0.45652770027520601	0.096498148888356797	0.95776164829731003	0.96142945289611803	0.0036678045988085598	0.0410663343966007	0.037397259287535997	-0.0036690751090647199	0.0011720475973561401	0.0011733025603462	1.25496299006466e-06	0.031194051106770902	0.031158899377893502	-3.5151728877413899e-05	0.00566674126312157	0.0062219727435151896	0.000555231480393618	0.27393858051693998	0.0025636612902330599	-0.27137491922670698	1	211.625	44785.140625	-0.0076832847733336197	-0.019040620167084701	0.066858112312339193	0.102843797192324	-0.18364838139787901	-0.035982529942908903	-0.0034745978773892501	0.036192244830635399	-3.1808276831564499	1.5429424460388199	1.5446331598101499
1797	452.75	-0.36420297879000002	0.36127079073339702	0.39135429663583698	0.030083505902439599	0.42587632443755902	0.369216604158282	-0.056659720279276897	0.36505767186173399	1.24720595469976	0.88214828283803004	0.95705872103571898	0.976177726499737	0.019119005464017801	0.041711868473794399	0.023157951456960101	-0.018553917016834301	0.0012294326905248399	0.00066431162804293396	-0.000565121062481909	0.030682189376265899	0.017564455668131401	-0.0131177337081345	0.0059163300938964696	0.0232414583875627	0.017325128293666201	0.18871022637889201	0.0041251903515168997	-0.184585036027375	1	211.875	44891.015625	0.90921763196564198	-0.060869510075013199	0.62922744221917604	0.445746593847821	-0.83849273717046502	-0.073021198294206502	-1.6966556885895001	1.15165389280218	-2.16442741052039	1.5447651778120499	1.5509271844577399
1799	453.25	1.80869706919	0.37982110995799001	0.40478962901979698	0.0249685190618066	0.39283087002114098	0.339472025912255	-0.0533588441088855	1.29376641623667	0.71892421878874702	-0.57484219744791998	0.97056337259709702	0.983520133048296	0.012956760451198999	0.0285697845509288	0.016185471139033399	-0.012384313411895401	0.00086685156038589901	0.00029439465697578401	-0.000572456903410115	0.0234206800107617	0.0085037655300563893	-0.0149169144807053	0.023546713721586999	0.012944313450134399	-0.0106024002714526	0.00069518648101633102	0.0075046635568302503	0.0068094770758139102	1	212.375	45103.140625	0.75597596596922501	-0.058616015690607301	-0.41368813135792498	0.30899016520480099	-0.56706693882593795	-0.073500932193591204	-1.92951024801208	-0.70596558952906696	0.077002444297337103	1.5484106413585099	1.56353752663833
1802	454	1.6616569325199999	0.38866852317005601	0.24346506483852901	-0.14520345833152701	0.39029178582131202	0.84299663528799995	0.45270484946668799	1.3551510475577	0.30130138397217299	-1.0538496635855199	0.98203281909227402	0.96007140800356905	-0.0219614110887052	0.017634645500220099	0.039168382761999902	0.0215337372617798	0.000332533202526968	0.00076020004707970195	0.000427666844552734	0.0105859261971929	0.032656747323495397	0.022070821126302501	0.033036322580304402	0.0045510993222707399	-0.028485223258033699	0.0069830873338484504	0.00229149186994014	-0.00469159546390831	1	213.125	45422.265625	-4.3422653656608601	0.28687155571654899	-0.75656226338146904	-0.465935924979542	0.92512519731432696	-0.0080969423615998102	2.8575367292086198	-1.89545431573324	-0.057687139719417198	1.5538788366781999	1.58250877212274
1804	454.5	-1.1251842755000001	0.24264116436243099	0.24737358987331401	0.0047324255108834598	0.84390431046485903	0.83862212896347099	-0.0052821815013885899	0.427143174782459	0.90162994116536099	0.47448676638290199	0.96012659072876005	0.96292181313037895	0.0027952224016191099	0.039098269492387698	0.036363274231552903	-0.0027349952608348	0.00077514529111795297	0.00071489156689495095	-6.0253724223001801e-05	0.032213225188078697	0.031251017252603999	-0.00096220793547468304	0.0061966517358095202	0.0077217944664879001	0.0015251427306783799	0.0053940183361473404	0.00089417057569248903	-0.0044998477604548497	1	213.625	45635.640625	0.14971581601758599	-0.025794278789726701	0.33742282852281902	0.083478902622752205	-0.142554433592158	-0.040004945730212099	-0.123456574029082	0.100706583450329	-0.055441573636330899	1.5575243002246599	1.5951934239213701
1806	455	-1.23654463771	0.24645874816924301	0.25005284678190898	0.0035940986126662701	0.83934591561555905	0.83849155306816103	-0.00085436254739756901	1.0283719444646799	0.46848765695469902	-0.55988428750998398	0.96212197840213698	0.96272288337349898	0.00060090497136155996	0.037165616732090803	0.036580193461850298	-0.000585423270240512	0.00071237478987313705	0.00069688797666458296	-1.5486813208554299e-05	0.031717229772497101	0.030662847448278401	-0.0010543823242187701	0.0087351912923621499	0.0058746890412297104	-0.0028605022511324399	0.00089009081518416795	0.00110299380390417	0.00021290298872	1	214.125	45849.515625	0.115612285399363	-0.022771425270564902	-0.40298124107036798	0.0347812259729426	-0.047986073774191201	-0.037077373418523102	-0.13538601825629101	-0.19100772065660099	-0.000250335098473822	1.5611697637711199	1.60790779956722
1807	455.25	-1.3789457499	0.24861896797083299	0.25087757240980901	0.0022586044389754098	0.83813795465976004	0.84051915500313101	0.0023812003433709701	0.794104565761516	0.52331495764667402	-0.27078960811484198	0.96324892248958405	0.96377457659691601	0.00052565410733229601	0.036033981421496601	0.035565804096404398	-0.00046817732509212701	0.000717086049371575	0.00065962048302026005	-5.74655663513154e-05	0.0306854177404332	0.0296431223551432	-0.0010422953852899299	0.0069797448551985903	0.0066967821425353699	-0.00028296271266322801	0.00105077322527632	0.0024053056151312501	0.0013545323898549299	1	214.375	45956.640625	0.0756017519451712	-0.020562519989554402	-0.19604691482802999	0.0331112113280305	-0.042827950772725797	-0.0398226116445939	-0.1338216958258	-0.0195608397779343	0.0131193387827305	1.5629924955443399	1.61427613383284
1810	456	-0.90016632754199999	0.252031145244837	0.28785176798702	0.035820622742182999	0.83880714476108598	0.73186957649884499	-0.106937568262241	0.30957122668625497	1.7524888213730301	1.44291759468678	0.96422366052866004	0.96394590586423901	-0.00027775466442114799	0.035136089846491803	0.035232677916064901	9.6588069573078097e-05	0.00064024339444585996	0.00082146145869049195	0.00018121806424463199	0.029262034098307299	0.031096959997106599	0.0018349258987992701	0.0053324327309386202	0.032090951695877001	0.026758518964938399	0.00334621476429545	0.27315467508966501	0.26980846032536898	1	215.125	46278.765625	1.0810979065255599	-0.095193987044468603	1.03062680372797	0.015281457052288399	-0.0179816384421164	-0.0242136814693453	0.23855561315941701	1.7791226018409001	3.1569955082805299	1.5684606908640299	1.63342572240054
1812	456.5	2.9480010652700002	0.25529273003339698	0.39967543780803599	0.14438270777463899	0.83003417253494305	0.37123079895973299	-0.45880337357521001	0.44490697216235597	2.3837188780307401	1.9388119058683899	0.96394684612751003	0.96851967573165898	0.0045728296041490602	0.035353852435946603	0.0304080176050773	-0.0049458348308692298	0.00069931890466250798	0.00107233632807038	0.00037301742340786997	0.030565728081597299	0.031654979564525197	0.0010892514829279	0.0061999414101583201	0.034634985309092897	0.0284350438989346	0.37018866687952401	0.23781053768347099	-0.13237812919605299	1	215.625	46494.140625	4.3335470902187501	-0.33541130372230898	1.3855885601548801	0.122928683026226	-0.23981820185563199	-0.011670790290082	0.142048530476271	1.8906378536378401	-1.5530299482727501	1.57210615441049	1.6462292695880301
1814	457	1.17545388225	0.41104940548539198	0.36124974191188902	-0.049799663573503399	0.35409903228282902	0.45679737925529501	0.10269834697246601	1.22946462854742	2.6172691515878701	1.3878045230404501	0.96416583880782103	0.99201612472534195	0.0278502859175201	0.034633709210902398	0.0076168913161384797	-0.0270168178947639	0.0012004627744318	0.00036700508608192598	-0.00083345768834987202	0.0354159319842305	0.019856996889467699	-0.015558935094762799	0.0181381068076008	0.0300156169050745	0.0118775100974737	0.086980972837480394	0.46398957040649802	0.377008597569017	1	216.125	46710.015625	-1.4840299670942101	0.047923577312752798	0.99117679941747705	0.63951667761075004	-1.21080995140183	-0.090569312700615898	-2.01260219158201	0.78930168286876401	4.4124211950604	1.57575161795695	1.65906254062273
1815	457.25	0.66219530418899997	0.37765727629885198	0.36730469642206998	-0.010352579876781299	0.40833632666617398	0.47321206741035099	0.064875740744177193	2.97617332994102	2.2471230126917798	-0.72905031724924496	0.98022806942462803	0.98782864641398205	0.0076005769893532403	0.0190474707647817	0.011677564580168401	-0.0073699061846133401	0.00072448775845262796	0.00049380174068574905	-0.000230686017766879	0.024042320251465001	0.021763476619014201	-0.00227884363245085	0.0369412113294827	0.0261116941634097	-0.010829517166072999	0.44200999523731499	0.33363471913049703	-0.10837527610681801	1	216.375	46818.140625	-0.302221095883561	0.022102241903815101	-0.52407049273154305	0.190122362987413	-0.34646289810603498	-0.051150518482275899	-0.29385892037105399	-0.721072431770032	-1.2719314431865101	1.57757434973018	1.66549032258278
1817	457.75	-0.38561797585699997	0.36510668862611001	0.36150493072345802	-0.0036017579026523202	0.46551129315048401	0.49380803536623702	0.028296742215753502	2.4693754307925699	0.68911783397191795	-1.78025759682066	0.98936842251569002	0.98311834428459399	-0.00625007823109636	0.010184938421298299	0.016235064528882601	0.0060501261075842803	0.000446667474261628	0.00064656521717551898	0.00019989774291389001	0.0212435404459635	0.0220149358113607	0.00077139536539720297	0.029458557761973099	0.0101600886904626	-0.019298469071510501	0.38627300582152202	0.26369208426511498	-0.122580921556407	1	216.875	47034.765625	-0.099970877380022097	-0.0028700877189655402	-1.27652595332417	-0.11726011505009	0.24393856233838501	-0.022992107122933099	0.10091078193218	-1.2843908083956099	-1.43829440365705	1.58121981327664	1.6783681793883001
1820	458.5	-0.985258696544	0.35602159351110502	0.34526222497224801	-0.0107593685388568	0.49642177224159201	0.50283829867839802	0.0064165264368058498	0.88027877081181605	0.891787002980715	0.011508232168898999	0.98126546740531995	0.97871659398078903	-0.0025488734245300302	0.018010038230567901	0.020460116770118199	0.00245007853955025	0.00072447301936335597	0.00082327474374323402	9.8801724379878094e-05	0.022971711335358701	0.024731332284432798	0.0017596209490741001	0.0100398796843358	0.0105717550963165	0.00053187541198072797	0.207632884439028	0.022741123070735999	-0.184891761368292	1	217.625	47360.640625	-0.31440821859318502	-0.017807619708116802	0.0060222256383594399	-0.035120643158034197	0.085557919463746607	-0.029603371960630901	0.22880945470890299	0.034638699281007497	-2.1680194849493502	1.58668800859633	1.6977406968101101
1822	459	-1.3020467124199999	0.34468099065125002	0.33952278681099302	-0.0051582038402572796	0.50436119846999705	0.495795287564397	-0.0085659109055999903	0.84438260719176805	1.8945588574983401	1.0501762503065699	0.97672614976763705	0.97750783339142699	0.00078168362378994204	0.022405672143213699	0.0216243935283283	-0.00078127861488534397	0.00086815632821527096	0.000867785751324887	-3.70576890383091e-07	0.025310205530237401	0.028786666304977799	0.0034764607747404101	0.0095167107414452692	0.031145890202253002	0.0216291794608078	0.036219249779004301	0.082771790867649103	0.046552541088644803	1	218.125	47578.515625	-0.14660098141415501	-0.028036067148428299	0.74950206751051895	0.038793179867923203	-0.056602541976088397	-0.036088833581862503	0.45100723900016199	1.4379409261281	0.54243527597033103	1.59033347214279	1.71069286323366
1824	459.5	1.8547604128699999	0.34547874331474299	0.33652866333723103	-0.0089500799775118507	0.49307792037725401	0.48885880410671101	-0.0042191162705435001	1.5368196377535499	2.1099914014340002	0.57317176368045097	0.97998127341270402	0.97802871763706201	-0.0019525557756421301	0.019223629403859702	0.021181863732635899	0.0019582343287762099	0.00079509288771079502	0.00078943074622656799	-5.6621414842263802e-06	0.025956443504051099	0.030962004484953801	0.0050055609809026699	0.026534265928794799	0.0236491223797206	-0.00288514354907416	0.041644059208613297	0.25284194465741	0.211197885448797	1	218.625	47796.890625	-0.26020311464135198	-0.0250685285936257	0.40806167067903398	-0.021886785719865302	0.063919704738961303	-0.0364348801961899	0.64890728342433901	-0.192646754165053	2.4706043980737702	1.59397893568925	1.7236747535044299
1825	459.75	0.34659899159300001	0.33069273699074903	0.34584354227408798	0.0151508052833388	0.50274857170879705	0.45375324785709298	-0.048995323851704402	2.2988081805412999	1.9762539636344101	-0.32255421690689101	0.97467536590993298	0.97951200176030395	0.0048366358503709704	0.0243763119011427	0.0197549202712251	-0.0046213916299175303	0.00094833542498240096	0.00073309607359987698	-0.00021523935138252501	0.0323768121224869	0.0283887580589012	-0.0039880540635856996	0.036845641024420603	0.023435925896047202	-0.0134097151283734	0.125065012476404	0.22142469674949	0.096359684273085902	1	218.875	47906.265625	0.46184367148570699	-0.055637058623389198	-0.233100085318725	0.12878323765882899	-0.225544634139665	-0.050140369874967797	-0.51506928898437199	-0.89269613960600402	1.1257289969172799	1.59580166746248	1.7301768450825199
1827	460.25	0.229110718756	0.34244900383055199	0.332703307084738	-0.0097456967458142696	0.46722476631402998	0.50952418874949601	0.042299422435466298	1.95769036635761	4.9287752740087196	2.9710849076511101	0.97896404322236696	0.98321484085172395	0.0042507976293566499	0.020273953984724501	0.016150899813510498	-0.0041230541712140396	0.00076203253065614896	0.000634215947502527	-0.00012781658315362299	0.029751396179199401	0.024736277262369599	-0.0050151189168298402	0.021934402914485202	0.059660296363291898	0.037725893448806697	0.26785267848609301	0.34396402634904799	0.0761113478629553	1	219.375	48125.390625	-0.28403927353443398	0.0066894836229710198	2.12449084147321	0.11578194629475	-0.203620755194623	-0.0444232795089263	-0.647994638980669	2.50862533831656	0.88859980755754397	1.59944713100894	1.74320332112411
1829	460.75	0.10598785884799999	0.33377428557723698	0.34699625214561802	0.013221966568380599	0.49802182419225599	0.49775746176019398	-0.00026436243206229298	4.3720368515700896	3.4280585681088498	-0.94397828346124302	0.98326282836496903	0.98106972090899902	-0.00219310745596923	0.016110760922310501	0.0182998594304082	0.0021890985080977401	0.00062638698072986401	0.00063036675273907597	3.9797720092121801e-06	0.025955101295753898	0.023312074166757301	-0.0026430271289966298	0.053981628734618599	0.040351920726243599	-0.013629708008374999	0.27154531434715301	0.12704333381966601	-0.144501980527487	1	219.875	48345.015625	0.40405692298998602	-0.022368634654354302	-0.67791619467171904	-0.0272252603564919	0.074076353073926696	-0.0358043386123406	-0.340992476337179	-0.90732912293326795	-1.6950129230667901	1.60309259455539	1.7562595210129199
1831	461.25	0.23994600592099999	0.34930375898256899	0.34252903694286901	-0.0067747220396998098	0.494443547725678	0.50361717697232999	0.0091736292466526002	3.56979820551356	3.7725531302392699	0.202754924725709	0.98165672253817304	0.98631579298526095	0.0046590704470873502	0.017735007929150001	0.013139083504211	-0.0045959244249390201	0.00060821695988125301	0.000545099875489539	-6.3117084391714197e-05	0.023073521366825899	0.0230568144056531	-1.67069611728028e-05	0.042031822528225099	0.045084166096058198	0.0030523435678331701	0.21376104035320401	0.189817110495834	-0.023943929857370299	1	220.375	48565.140625	-0.19503081118971799	-0.015925357127366001	0.142916842838235	0.124842594215877	-0.22442422886154301	-0.0401921977375174	-0.00108742904867167	0.202289436437709	-0.283152104126074	1.60673805810185	1.7693454447489301
1833	461.75	0.16614955751999999	0.339533766452222	0.36220415029674802	0.022670383844525299	0.50832405202090802	0.47400226444005999	-0.034321787580848098	4.0044651456177798	2.1346485611050201	-1.8698165845127599	0.985948541946709	0.97070714179426398	-0.015241400152445199	0.0135082923108711	0.028312384564197001	0.0148040922533259	0.00054313854143401695	0.00098049853804696397	0.00043735999661294702	0.023221234922056098	0.027173409638581499	0.0039521747165254398	0.046296911581885598	0.027053917606825701	-0.019242993975059901	0.13383243030549799	0.29744591761130101	0.163613487305803	1	220.875	48785.765625	0.68712533539015397	-0.045619496655340402	-1.3406323866068099	-0.31680120310898602	0.62906091410289799	-0.0074630499857039302	0.51257534933920901	-1.28070084278657	1.91334134548179	1.61038352164831	1.78246109233217
1835	462.25	-0.80033071673400002	0.36240372927859499	0.344500319194048	-0.017903410084546299	0.46794662075117099	0.526594139263034	0.058647518511863603	2.2737856373189902	1.5683602165430499	-0.70542542077594195	0.975223309732974	0.94649770557880397	-0.028725604154170699	0.023909673214074601	0.0519928713561972	0.028083198142122599	0.00086703825381844704	0.0015094507849426099	0.00064241253112416405	0.025668264318395299	0.032112891585738698	0.0064446272673434196	0.028241281356894101	0.020958574124960602	-0.0072827072319335499	0.29555396192837302	0.34228592184776302	0.046731959919389797	1	221.375	49006.890625	-0.52843903871423803	0.017850260581023802	-0.50715976284721398	-0.61605116453276398	1.21326245247772	0.0059465444864931997	0.83515490857555796	-0.485153839173461	0.54453645806394502	1.61402898519477	1.7956064637626099
1837	462.75	-1.1131156794499999	0.348871380090714	0.34275087974965601	-0.0061205003410579302	0.51625783238559797	0.52309110071510001	0.0068332683295012596	1.71346300430597	0.95704171881071398	-0.756421285495253	0.94989702031016399	0.94403463490307304	-0.0058623854070904997	0.048634863644838197	0.054529484070372003	0.0058946204255337998	0.0014681331336760201	0.0014358359363541399	-3.2297197321884499e-05	0.031740690160680797	0.034871694776747099	0.0031310046160662902	0.023567044292577	0.014759495737961099	-0.0088075485546158603	0.30151617774393702	0.30961902494807497	0.0081028472041380604	1	221.875	49228.515625	-0.17543075626201499	-0.017523111757361199	-0.54366266538736197	-0.108656191332147	0.23709723887574499	-0.038176703570276499	0.40629742281368803	-0.58657974737273699	0.092149160741565705	1.61767444874123	1.80878155904027
1840	463.5	-1.28070006741	0.34492092579603201	0.346573348343373	0.00165242254734072	0.51370220184326199	0.49451920986175402	-0.019182991981507701	0.91587976869193299	1.8606601551176201	0.94478038642568696	0.941937965154648	0.93186710774898496	-0.010070857405663	0.056588483974337397	0.066399155370891499	0.0098106713965540899	0.00147352942731232	0.0017337349301669799	0.00026020550285466303	0.034871419270833301	0.034017379195601799	-0.00085404007523150205	0.0143286972481288	0.0204560914833576	0.0061273942352288698	0.26870295501797897	0.20077119588185999	-0.067931759136119402	1	222.625	49561.890625	0.0574409382685784	-0.035284304085624198	0.67405957881943801	-0.202053256747705	0.40938014864261502	-0.019048227052101099	-0.109457213973328	0.40682862491586602	-0.79829557504081505	1.62314264406092	1.8285999341702901
1841	463.75	-1.4541686760400001	0.34338560560718201	0.348519133124501	0.0051335275173191603	0.51323983054608102	0.47816178873181198	-0.035078041814268997	0.795966937392943	2.5292708694935202	1.7333039321005701	0.93927616998553298	0.92649281192570898	-0.012783358059824	0.059226730454247201	0.071584054757841201	0.012357324303594	0.0014970818610890999	0.0019231396141549399	0.00042605775306583298	0.034350628323025198	0.033838187323676099	-0.00051244099934907904	0.012695140216965099	0.024922213668469799	0.0122270734515047	0.23922490642952399	0.091168562763602204	-0.14805634366592099	1	222.875	49673.265625	0.16173257023725199	-0.046135788264060597	1.2384857003649801	-0.26225078238702099	0.52141770286187905	-0.0082021703430995296	-0.065246591268581497	0.81255313869461598	-1.73663823156796	1.62496537583415	1.8352209211372399
1843	464.25	-1.4105065698899999	0.34902751017361899	0.32494849972426898	-0.024079010449349798	0.48064927272498598	0.553498633950949	0.072849361225963305	2.3967148259282101	1.2094943590462299	-1.1872204668819799	0.92772956602275403	0.93194164317101202	0.0042120771482586604	0.070381031231954702	0.066385700437240305	-0.0039953307947144098	0.0018894054574047901	0.0016726355286664199	-0.00021676992873836601	0.0339442288434064	0.037571914107711303	0.0036276852643049502	0.023518346494529399	0.015218158310745	-0.0083001881837844599	0.132828771528887	0.079847337063206	-0.052981434465681099	1	223.375	49896.390625	-0.713455993384147	0.027545799326618499	-0.85202924803264302	0.114922636952248	-0.19800168764125201	-0.050240463354422102	0.47057909771958301	-0.55283231042278902	-0.62321164231871096	1.62861083938061	1.84848518795654
1846	465	-0.62619047483000001	0.32261384204030102	0.31722202189266702	-0.0053918201476341196	0.56073691695928496	0.55407072454690898	-0.0066661924123756497	1.2397435784340001	1.0956443086266601	-0.144099269807343	0.93363288864493399	0.93462338447570803	0.00099049583077426306	0.064781883871182902	0.063752447254955796	-0.00102943661622712	0.0015852188706048701	0.00162413729121909	3.8918420614220702e-05	0.037228732638888901	0.037977487069589103	0.00074875443070014603	0.0168706407072024	0.016432752134278899	-0.00043788857292344202	0.0798034145594365	0.034152229608682499	-0.045651184950753897	1	224.125	50232.015625	-0.153599973447129	-0.026739137262105001	-0.105361815213165	0.043427272089968799	-0.067520015438379197	-0.033519494339059402	0.0979805344805771	-0.029865843876856001	-0.537366756592219	1.6340790347003	1.8684373203990201
1847	465.25	-0.737012936063	0.31578506855294097	0.32139782700687702	0.0056127584539358297	0.57280200980603801	0.54904028009623296	-0.023761729709805501	1.2102594751865099	1.0888093428686401	-0.12145013231787601	0.93561581131070803	0.933277129568159	-0.0023386817425490301	0.062829797295853404	0.065065841563046095	0.0022360442671926599	0.0015544189562206199	0.0016570039293583199	0.00010258497313770701	0.0378514537104854	0.037812466091579899	-3.8987618905500503e-05	0.016503876913339401	0.0170971024956093	0.00059322558226989795	0.043230637222958897	0.052706584927227698	0.0094759477042687702	1	224.375	50344.140625	0.17609001619210299	-0.038410189222103902	-0.089149534806762895	-0.030455936756650499	0.076141686757768098	-0.029355963013695099	-0.0039710485376568596	0.0387194496169267	0.108229603199176	1.63590176647353	1.8751028931367899
1849	465.75	-0.079341317827000005	0.31951269693672602	0.33809355068951902	0.018580853752792701	0.55076185185462301	0.51115694232284903	-0.039604909531773799	1.05430022664371	1.5886224104091899	0.53432218376548601	0.933525412529707	0.93578436281532096	0.0022589502856135099	0.064822283107787301	0.062489299627486602	-0.0023329834803007001	0.0016522556416021001	0.00172635552298743	7.4099881385333895e-05	0.0379796628598814	0.036634953816731798	-0.00134470904314958	0.016206336699543199	0.019562267060974099	0.00335593036143088	0.0456530941038404	0.103598392560297	0.057945298456456303	1	224.875	50568.765625	0.56460568403518896	-0.0492262619606657	0.38025309370583898	0.071577613528728698	-0.124868310550474	-0.031218771146319099	-0.172960841895963	0.222482728552714	0.67585637607856597	1.63954723001999	1.8884563314977401
1851	466.25	0.81852537714700002	0.33422276536002699	0.34013886479660799	0.0059160994365807197	0.52131323749199598	0.50912953140214301	-0.012183706089853299	1.6059245048091	1.92137665040787	0.31545214559877699	0.93642973955720699	0.95337439365685095	0.016944654099644001	0.061874898965470299	0.045101472490932	-0.016773426474538201	0.0016953670517977999	0.0015241230314131601	-0.00017124402038463799	0.036786764639395203	0.031836764017740903	-0.0049500006216543196	0.020367941303993699	0.023765272198943099	0.0033973308949493898	0.15402816107174799	0.16822106119668001	0.0141929001249311	1	225.375	50793.890625	0.18517791397049499	-0.0305059208208486	0.22358565182339399	0.39749201672726298	-0.76016176198419505	-0.047263255730741097	-0.63956686331487	0.22523651456938801	0.163470047703074	1.64319269356645	1.9018394937059
1853	466.75	-0.53772805216800001	0.34397391816601203	0.33020488582551499	-0.0137690323404971	0.50243566520512095	0.52299791239201998	0.020562247186899401	2.3307701595128298	1.00742029973767	-1.3233498597751601	0.95193602442741498	0.93515469413250696	-0.0167813302949078	0.046520303422584397	0.063087923475541305	0.016567620052956901	0.0015436800764291399	0.0017573478493432	0.00021366777291406301	0.031522878011067498	0.037579988550256897	0.0060571105391893599	0.026565203111386399	0.0153457283733583	-0.011219474738028101	0.20098479575217101	0.213197326011069	0.0122125302588972	1	225.875	51019.515625	-0.404575780978427	-0.0081503951931085599	-0.94947083450205205	-0.35097630426202903	0.70664562968080502	-0.022091603656285101	0.78500150632779098	-0.74701073781302196	0.140277846059777	1.6468381571129	1.9152523797612699
1855	467.25	-1.1303285108400001	0.33138453178107702	0.32422794774174701	-0.00715658403933045	0.51833124104887196	0.54186797235160999	0.023536731302738399	1.0716102840378301	0.82099262867120804	-0.250617655366623	0.93628812581300802	0.93092033304274102	-0.0053677927702670001	0.061900618614163197	0.067362901335582301	0.0054622827214191004	0.0018112114077666901	0.0017168110687634901	-9.4400339003198496e-05	0.036790826585557601	0.039589147214536401	0.0027983206289788599	0.0156299110443789	0.0128378543711731	-0.0027920566732057999	0.224221485669654	0.34645217320773303	0.122230687538079	1	226.375	51245.640625	-0.20647114736795999	-0.0061197273020579803	-0.18160780629902401	-0.097679879532727595	0.218076955887088	-0.042237994240888803	0.363240613614075	-0.18645501422074601	1.42870549374599	1.6504836206593601	1.9286949896638601
1858	468	-1.7084680514299999	0.32402412258088598	0.32649442516267302	0.0024703025817876	0.54302134662866597	0.54578949734568605	0.0027681507170195202	0.60968255149196504	2.0710357159376902	1.46135316444573	0.93043438866734496	0.93658919557929099	0.0061548069119455899	0.067869641724974006	0.061829391121864197	-0.0060402506031097302	0.00169599744258449	0.00158138985716504	-0.000114607585419444	0.039347839355468803	0.037967229772497002	-0.0013806095829718801	0.0104593248630403	0.028871274157428399	0.018411949294388101	0.27287780767151798	0.091637610062268393	-0.181240197609249	1	227.125	51585.765625	0.081944090078903797	-0.020298350584509101	1.04382300718264	0.15803692139690201	-0.28796597499026599	-0.043559465250684	-0.17760718122484001	1.22394456686022	-2.12525585555588	1.6559518159790501	1.94891463673127
1859	468.25	-1.0262312977900001	0.32321742074564103	0.31767731113359299	-0.0055401096120479302	0.54738974031060905	0.57322428114712398	0.0258345408365146	0.99136531967664898	4.1791868917645001	3.18782157208785	0.93336261939257403	0.94238884337246398	0.0090262239798906095	0.064942299225367595	0.056198883743490802	-0.0087434154818768501	0.0016950943205301899	0.0014123083852609799	-0.00028278593526920802	0.038449979711461801	0.0352108920062029	-0.00323908770525896	0.0155074021255126	0.047762429033174097	0.032255026907661501	0.117382856293768	0.15518892674439799	0.037806070450630398	1	227.375	51699.390625	-0.15804262897773	-0.0045510223238929897	2.2796312118220099	0.22176122033988599	-0.40688912342218603	-0.054557639332581398	-0.418136154721655	2.1447267481363101	0.44000496020802699	1.6577745477522801	1.95566938101068
1861	468.75	-0.169631415093	0.32413520039990601	0.27945092571899199	-0.044684274680914002	0.55661712307482702	0.63613540995866102	0.079518286883833597	3.15598268620661	7.1187530252970497	3.9627703390904401	0.93923776857554897	0.96068657822907	0.021448809653521299	0.059267573303077699	0.038251783623126798	-0.021015789679950801	0.0014946452665754	0.00106162099255015	-0.000433024274025249	0.036670133802626001	0.027392655831795901	-0.0092774779708300996	0.039657467987853502	0.065807776242949798	0.026150308255096299	0.14447246815671699	0.142678781504192	-0.00179368665252519	1	227.875	51927.015625	-1.33077625588369	0.032098647038639502	2.8343404901370999	0.49745107812769801	-0.94680046580218202	-0.064382610292815404	-1.1996400071122399	1.7386670326583	-0.023749597722737801	1.6614200112987401	1.9692011624549099
1864	469.5	0.49689030878599999	0.27172511816024802	0.25631390661001202	-0.015411211550236399	0.64639204442500997	0.66343537569045996	0.017043331265450001	7.5727854728698896	4.5016671056859598	-3.0711183671839302	0.96658661365509002	0.98143924176692998	0.014852628111839799	0.032472441997379399	0.018072590325027602	-0.014399851672351799	0.00094093710067683003	0.000488176761427891	-0.00045276033924893799	0.025011415834780101	0.021473298249421301	-0.0035381175853588802	0.070585712790489197	0.052212219698413498	-0.018373493092075699	0.18238002144454399	0.11435349751915599	-0.068026523925388202	1	228.625	52269.390625	-0.45377439786753399	-0.0105527444055125	-2.2005256766904999	0.35106445629671701	-0.655738613129352	-0.065673267985768904	-0.456837363653184	-1.22286537136741	-0.79940536980143095	1.6668882066184301	1.98955456683478
1865	469.75	0.40282004550900002	0.26097455630078897	0.25691589172929502	-0.0040586645714942304	0.66166711244732102	0.65693188738077901	-0.0047352250665423402	6.5464115217328596	5.1820052961443697	-1.3644062255884899	0.97459574509411995	0.98380775377154395	0.0092120086774233299	0.024708553415257701	0.0157623682200209	-0.0089461851952367995	0.00069568422404700796	0.00042987489359802198	-0.00026580933044898598	0.022616301642523901	0.020278704607928199	-0.0023375970345956799	0.066912361187860897	0.058414912419588398	-0.0084974487682724503	0.155318798578227	0.15397558774603601	-0.0013432108321913801	1	228.875	52383.765625	-0.11365950284861499	-0.025420873914531201	-0.97885903152911702	0.225884271545777	-0.41580978264975099	-0.053447439028563803	-0.30146293536475799	-0.56595323889974103	-0.0184740548861188	1.6687109383916601	1.9963538968850101
1867	470.25	0.53376178652899997	0.25681314738467298	0.28347112257033702	0.026657975185663901	0.65985304005444101	0.59459029957651799	-0.065262740477922798	4.6024871165864303	4.4150287725031596	-0.187458344083272	0.98285433556884505	0.98459774609655104	0.00174341052770621	0.016688439290737801	0.0150150731409667	-0.0016733661497711	0.000457231816380954	0.00038711078468622401	-7.0121031694729498e-05	0.020836180227774202	0.018276518362539799	-0.0025596618652344101	0.053138110171130903	0.054489161190577201	0.0013510510194463001	0.149238813186097	0.13882629008710601	-0.010412523098990699	1	229.375	52612.890625	0.80659096833660204	-0.066742756057542901	-0.136398293783277	0.060136430004180903	-0.095849078196945894	-0.0406502271555002	-0.33020313150844199	0.089126749103618105	-0.12468518365818	1.6723564019381201	2.0099748498708898
1869	470.75	0.56335822779900002	0.272943425923585	0.31292925449088199	0.0399858285672978	0.61613264251500699	0.55723724253475704	-0.058895399980249702	4.7101400166749698	2.2860919781029101	-2.4240480385720602	0.98505614604800995	0.98169582169503	-0.0033603243529800601	0.0145510774309513	0.017899245035369001	0.00334816760441768	0.00039270154957194098	0.00040494315844626203	1.22416088743212e-05	0.018230544196234801	0.020647684733073102	0.00241714053683823	0.056368239212315201	0.0319803225458598	-0.024387916666455501	0.084620857953473197	0.17030204185928599	0.085681183905812794	1	229.875	52842.515625	1.2058847534413899	-0.062395799275639402	-1.7373519414876999	-0.053128874048407	0.12506848724495601	-0.035264048377837302	0.31390731494323798	-1.62291904531529	1.0006725930537901	1.6760018654845801	2.0236255267039698
1872	471.5	0.16441400960300001	0.31683137416839602	0.324349911510944	0.0075185373425485898	0.55987791717052504	0.56002540588378902	0.00014748871326475399	2.3764035940170598	0.61238769777119695	-1.7640158962458701	0.98118261396884898	0.97647623717784904	-0.0047063767910008299	0.0184112924151121	0.0230954059399665	0.0046841135248543997	0.00040612302400404603	0.00042834275955101498	2.2219735546968801e-05	0.021189484772858799	0.0244024206090857	0.0032129358362268799	0.032532206736505503	0.0097987400302373892	-0.0227334667062681	0.13597451820394801	0.38905164972277201	0.25307713151882399	1	230.625	53187.890625	0.23318590734705999	-0.0220874655964143	-1.2649001241234901	-0.083001318880934996	0.18384214779413199	-0.0346115198314755	0.41690117006593702	-1.51287212614662	2.9610541550530001	1.6814700608042701	2.0441572741671301
1873	471.75	-0.0060560239494000002	0.32289204066619298	0.32207012306898802	-0.00082191759720440195	0.55919269844889696	0.561772035434842	0.0025793369859455901	1.52716001216325	0.63423975296318003	-0.89292025920007501	0.97936597727239105	0.97529527973383701	-0.0040706975385548204	0.020219093794002999	0.024265142099466199	0.0040460483054632198	0.00041494941315250099	0.00043954934217253799	2.45999290200373e-05	0.022589415091055401	0.025001850834599201	0.0024124357435438199	0.021271265091491302	0.0099476004746975096	-0.011323664616793801	0.27167187517435798	0.20008969522370701	-0.071582179950650499	1	230.875	53303.265625	-0.016688676881122699	-0.0204272529306469	-0.64136879825523796	-0.068893923906191104	0.155771079917018	-0.034455864943739999	0.31329840860850799	-0.753941001914465	-0.84104581935908695	1.6832927925775001	2.0510160519117902
1875	472.25	0.083437623245600001	0.322577549144626	0.31787327555939499	-0.0047042735852303999	0.56236688569188198	0.56893653888255502	0.00656965319067315	0.53089186543363698	0.97345181512647005	0.44255994969283402	0.97563081849366395	0.97630647365003798	0.00067565515637391105	0.0239379577862564	0.023178930743597399	-0.00075902704265902801	0.00043118080120620699	0.00051459795331538799	8.3417152109180995e-05	0.024879801714861701	0.024509083783185101	-0.00037071793167663499	0.0085681622684430202	0.014881727955799	0.00631356568735599	0.26930185625300401	0.210580405604396	-0.058721450648608002	1	231.375	53534.390625	-0.13300152736005899	-0.0177030807123684	0.31456957396052498	0.036440129233268802	-0.055623605379397797	-0.030609459867664099	-0.046904430777543499	0.41921195184430698	-0.69043323311015004	1.6869382561239501	2.0647559002865199
1878	473	-0.34725166831600002	0.31429370045661897	0.30890782289206897	-0.0053858775645505	0.58060958385467498	0.59080574065447	0.0101961567997952	0.71979031115772596	0.457268534228219	-0.26252177692950801	0.97591859400272396	0.97634481713175802	0.00042622312903417602	0.023569600097835	0.023166348505764999	-0.00040325159206999701	0.00051180661066610195	0.00048884720563364904	-2.2959405032453101e-05	0.024691489890769702	0.0247348644115306	4.3374520760874197e-05	0.0112315233156554	0.0078836085041990005	-0.0033479148114563999	0.16854675172369901	0.359561515573324	0.19101476384962501	1	232.125	53882.015625	-0.15342193753805899	-0.015227281834637301	-0.190128791120592	0.0309045763337636	-0.039971605365943498	-0.037566050265427697	0.0066884694149005799	-0.22342831476250499	2.23423894233362	1.6924064514436401	2.08542140506214
1879	473.25	-0.32971490760400002	0.31587599199265198	0.29492062758654303	-0.020955364406108901	0.58092169649898995	0.61772349141538196	0.036801794916391697	0.485198772372678	0.58813046081923204	0.102931688446554	0.975584069825709	0.97773090135306095	0.0021468315273524001	0.0239317703584675	0.021799137815833099	-0.0021326325426343899	0.00048417021052956001	0.00046999928263175797	-1.4170927897801099e-05	0.025046313250506502	0.023737391719111701	-0.0013089215313947899	0.0075987764495948299	0.0087449589602328799	0.00114618251063805	0.28567254902370098	0.44823986718609599	0.162567318162395	1	232.375	53998.140625	-0.61987359746343296	0.0029362762615687999	0.071463247822319706	0.069089403317712406	-0.116054063041668	-0.036991319917983899	-0.16832913094755	0.075499774114013096	1.9010896110239599	1.6942291832168701	2.0923247685776198
1881	473.75	-0.27494113422700001	0.29998040767386602	0.26365086631849299	-0.036329541355372301	0.60690039712935595	0.68192039858550002	0.075020001456143806	0.61341085359453595	0.50648721344768899	-0.10692364014684699	0.97731655556708596	0.97681499831378504	-0.00050155725330125499	0.022203614882891898	0.022663926763925701	0.00046031188103376502	0.00047985918499762298	0.000521059901075207	4.1200716077584197e-05	0.0240723715888129	0.023864237467447799	-0.000208134121365108	0.0098389518869228896	0.0086865462159040497	-0.0011524056710188399	0.42158637596665399	0.21527664000920499	-0.206309735957449	1	232.875	54230.765625	-1.08047390054012	0.029027686351995	-0.078751453886125297	0.010314688818854501	-0.0019799579089293702	-0.033370241579504897	-0.025862419826503901	-0.077392458299106598	-2.4188463602630699	1.6978746467633301	2.10615378849399
1884	474.5	-0.100111428083	0.25094317346811401	0.20380728021264	-0.047135893255474098	0.70577279627322997	0.80422738492489099	0.098454588651661207	0.545131632685664	0.49458872508259599	-0.050542907603068503	0.97689985334873197	0.969267213344574	-0.0076326400041582003	0.0225700610317289	0.030105822440237	0.0075357614085081199	0.00053009398980066204	0.00062694690132048805	9.6852911519825698e-05	0.023358493381076401	0.024519065574363501	0.0011605721932871199	0.0089767565950753195	0.0082596169042519693	-0.00071713969082334199	0.19060078186379201	0.232044002175092	0.041443220311300301	1	233.625	54580.640625	-1.40422514763233	0.045026381219639103	-0.0383940563497654	-0.147942798076971	0.30929766373661199	-0.029730816326133599	0.15127903851725799	-0.048440431164953397	0.48259978778156598	1.7033428420830199	2.1269530505820802
1886	475	0.0125981443259	0.21174242682755101	0.14393807463347699	-0.067804352194073603	0.785639894753693	0.992214336991318	0.206574442237625	0.51382723953576404	0.61105309575796396	0.097225856222200396	0.97105098515749	0.96264273524284305	-0.0084082499146463895	0.028355475608259299	0.036410446977243001	0.00805497136898373	0.00059351969539420905	0.00094679381290917804	0.00035327411751496899	0.024221858271845999	0.022408520733868599	-0.00181333753797747	0.0085192808604916508	0.0106675070826897	0.0021482262221980898	0.22758409657447001	0.17140085210541101	-0.056183244469058598	1	234.125	54814.515625	-2.0234386822926802	0.118839353994643	0.067379006114831802	-0.165155622487206	0.33213980839525897	-0.012961921493095101	-0.233611935637973	0.14215142631450001	-0.66070818500776596	1.7069883056294799	2.1408563801164799
1887	475.25	0.045719174344800002	0.190438239928336	0.102806971012614	-0.087631268915722302	0.83690888546406905	1.21164598874748	0.37473710328341098	0.56531802643439499	0.48926752081603597	-0.076050505618359299	0.96746834367513701	0.95410682670772096	-0.013361516967416101	0.0318520390545017	0.044627300149295702	0.0127752610947939	0.00067958447762066297	0.0012658450068556699	0.00058626052923500805	0.024581986886483699	0.019989677711769401	-0.0045923091747143204	0.0095936709671605395	0.0085488276381505603	-0.00104484332900998	0.13921430007719099	0.27672461660463299	0.137510316527442	1	234.375	54931.640625	-2.61744016160472	0.23364330081719401	-0.056652426308002997	-0.275081649583305	0.53980443148706803	0.00227443394208811	-0.59327352494874896	-0.070237872399572895	1.60764592433625	1.7088110374027099	2.14781919132639
1890	476	0.42632423809999997	0.077404488483446304	0.00027889974653580701	-0.0771255887369105	1.43345419764516	18.655817449093199	17.222363251448002	0.52251546124460402	0.031164486547223799	-0.49135097469737998	0.94541500136256296	0.27317832633851402	-0.67223667502405005	0.052944523468612399	0.37276740316301998	0.31982287969440798	0.0016404429858084	0.35405428255909399	0.35241383957328498	0.017006259494358002	3.87968840422005e-05	-0.0169674626103158	0.00893271276145206	0.00042023847746709399	-0.0085124742839849596	0.24057867723596099	0.30117154899973198	0.060592871763770803	1	235.125	55283.765625	-2.3026968429635701	11.7354473539386	-0.35392501166585699	-14.8972547942719	14.0480701718452	23.010354633299599	-2.19489741120023	-0.56695267179458397	0.70686222759236494	1.7142792327223999	2.1687522107269399
1891	476.25	-0.27399014906800001	0.0294237595935566	9.9110111477784796e-06	-0.029413848582408898	3.6957275450224598	20.618309020996101	16.922581475973601	0.45740388527048997	1.2001010103460299e-10	-0.45740388515048003	0.88216221388430904	0.158965960144997	-0.72319625373931196	0.11107676088575801	0.40288215875625599	0.29180539787049797	0.0067610277277694803	0.438151895999908	0.43139086827213902	0.0077190893667718396	0	-0.0077190893667718396	0.0079365045552554307	6.3716809606117499e-10	-0.0079365039180873398	0.26118914572297502	0.35904571419780501	0.097856568474829903	1	235.375	55401.390625	-0.87328426055325803	11.530787587044401	-0.32962564331368399	-16.028181911865399	12.8154679078083	28.1751282850623	-0.99794938361327901	-0.52864159208546702	1.1432590759388499	1.7161019644956299	2.1757447457840602
1893	476.75	-1.3694358983099999	9.9399883879414001e-06	9.9110111477784796e-06	-2.89772401629205e-08	20.624140453338601	20.618309020996101	-0.00583143234252148	7.3902992891665794e-08	8.9625936880444195e-12	-7.3894030297977697e-08	0.15898800152353901	0.158965960144997	-2.2041378542808601e-05	0.40298202196136101	0.40288215875625599	-9.9863205105021904e-05	0.43802998932078502	0.438151895999908	0.00012190667912354	0	0	0	4.3382836567574503e-08	0	-4.3382836567574503e-08	0.34360364686599798	0.30302537409604802	-0.0405782727699497	1	235.875	55637.015625	0.0079345695339608797	-0.026169250046517701	-0.0022154339626594501	0.020956407603678	-0.026624324014754799	-0.028092402714873899	0.0010748284312281501	-0.00074225875710889498	-0.47795765113477801	1.7197474280420899	2.1897521087837202
1896	477.5	-2.7277755513100002	1.0863993111343e-05	1.37229390020366e-05	2.8589458906935701e-06	25.779157638549801	41.261703491210902	15.482545852661101	3.5609519847182402e-05	1.05538858902188e-11	-3.5609509293296498e-05	0.16004100069403701	0.16326612234115601	0.00322512164711949	0.40361768007278398	0.405824244022369	0.0022065639495848499	0.436341322958469	0.430909603834152	-0.0054317191243171701	0	0	0	3.8119271721392399e-07	0	-3.8119271721392399e-07	0.15586695081419399	0.27804731860598902	0.122180367791795	1	236.625	55991.390625	0.0080210898253380708	10.547681277396199	-0.0022408703996684002	0.093019497871506804	0.074844728435235805	-0.39127674497130199	0.0010748284312281501	-0.00076472842226918403	1.4281161969068099	1.7252156233617799	2.2108188854967299
1898	478	-2.1409166655399998	1.37229390020366e-05	1.18169750749073e-05	-1.9059639271293201e-06	41.261703491210902	30.940006256101999	-10.3216972351089	1.05538858902188e-11	4.0181994103364202e-05	4.0181983549478299e-05	0.16326612234115601	0.16111604124307599	-0.0021500810980800101	0.405824244022369	0.40435320138931302	-0.00147104263305681	0.430909603834152	0.434530749917031	0.0036211460828785001	0	0	0	0	3.8119271721392399e-07	3.8119271721392399e-07	0.21067544422690701	0.23344029903508601	0.022764854808179	1	237.125	56228.265625	0.0078783362383678408	-7.0687677774740703	-0.0021866187560922001	-0.0262703922799702	-0.086948048963222196	0.200743497691517	0.0010748284312281501	-0.00071401781131281105	0.26385659917551701	1.7288610869082299	2.2249005581144199
1900	478.5	-2.2985929768700002	1.27699570384721e-05	NaN	NaN	36.100854873657198	NaN	NaN	4.01819945011873e-05	NaN	NaN	0.162191081792116	NaN	NaN	0.40508872270584101	NaN	NaN	0.432720176875591	NaN	NaN	0	NaN	NaN	3.8119271721392399e-07	NaN	NaN	0.240348599498973	NaN	NaN	0	237.625	56465.640625	NaN	NaN	NaN	NaN	NaN	NaN	NaN	NaN	NaN	NaN	NaN
