checkpoint	arm	metrics
P01/1	Mpower	 [Mpower p=0.827698 dcount=0] [Mphase p=1 dcount=0] [maxT p=0.827698 dcount=0] [Mpower p=0.0803223 dcount=0] [Mphase p=1 dcount=0] [maxT p=0.0803223 dcount=0]
P01/2	Mpower	 [Mpower p=0.897705 dcount=0] [Mphase p=1 dcount=0] [maxT p=0.897705 dcount=0] [Mpower p=0.966064 dcount=0] [Mphase p=1 dcount=0] [maxT p=0.966064 dcount=0]
P01/3	Mpower	 [Mpower p=0.655853 dcount=0] [Mphase p=1 dcount=0] [maxT p=0.655853 dcount=0] [Mpower p=0.290039 dcount=0] [Mphase p=1 dcount=0] [maxT p=0.290039 dcount=0]
P01/4	Mpower	 [Mpower p=0.803162 dcount=0] [Mphase p=1 dcount=0] [maxT p=0.803162 dcount=0] [Mpower p=0.345459 dcount=0] [Mphase p=1 dcount=0] [maxT p=0.345459 dcount=0]
P01/5	Mpower	 [Mpower p=0.375641 dcount=0] [Mphase p=1 dcount=0] [maxT p=0.375641 dcount=0] [Mpower p=0.498291 dcount=0] [Mphase p=1 dcount=0] [maxT p=0.498291 dcount=0]
P01/6	Mpower	 [Mpower p=0.888214 dcount=0] [Mphase p=1 dcount=0] [maxT p=0.888214 dcount=0] [Mpower p=0.496338 dcount=0] [Mphase p=1 dcount=0] [maxT p=0.496338 dcount=0]
P01/7	Mpower	 [Mpower p=0.71524 dcount=0] [Mphase p=1 dcount=0] [maxT p=0.71524 dcount=0] [Mpower p=0.843506 dcount=0] [Mphase p=1 dcount=0] [maxT p=0.843506 dcount=0]
P01/8	Mpower	 [Mpower p=0.546112 dcount=0] [Mphase p=1 dcount=0] [maxT p=0.546112 dcount=0] [Mpower p=0.116211 dcount=0] [Mphase p=1 dcount=0] [maxT p=0.116211 dcount=0]
P01/9	Mpower	 [Mpower p=0.978882 dcount=0] [Mphase p=1 dcount=0] [maxT p=0.978882 dcount=0] [Mpower p=0.131836 dcount=0] [Mphase p=1 dcount=0] [maxT p=0.131836 dcount=0]
P01/10	Mpower	 [Mpower p=0.14444 dcount=0] [Mphase p=1 dcount=0] [maxT p=0.14444 dcount=0] [Mpower p=0.399414 dcount=0] [Mphase p=1 dcount=0] [maxT p=0.399414 dcount=0]
P01/11	Mpower	 [Mpower p=0.190704 dcount=0] [Mphase p=1 dcount=0] [maxT p=0.190704 dcount=0] [Mpower p=0.119385 dcount=0] [Mphase p=1 dcount=0] [maxT p=0.119385 dcount=0]
P01/12	Mpower	 [Mpower p=0.382477 dcount=0] [Mphase p=1 dcount=0] [maxT p=0.382477 dcount=0] [Mpower p=0.268555 dcount=0] [Mphase p=1 dcount=0] [maxT p=0.268555 dcount=0]
P01/13	Mpower	 [Mpower p=0.348633 dcount=0] [Mphase p=1 dcount=0] [maxT p=0.348633 dcount=0] [Mpower p=0.144775 dcount=0] [Mphase p=1 dcount=0] [maxT p=0.144775 dcount=0]
P01/14	Mpower	 [Mpower p=0.052002 dcount=0] [Mphase p=1 dcount=0] [maxT p=0.052002 dcount=0] [Mpower p=0.373047 dcount=0] [Mphase p=1 dcount=0] [maxT p=0.373047 dcount=0]
P01/15	Mpower	 [Mpower p=0.835663 dcount=0] [Mphase p=1 dcount=0] [maxT p=0.835663 dcount=0] [Mpower p=0.450928 dcount=0] [Mphase p=1 dcount=0] [maxT p=0.450928 dcount=0]
P01/16	Mpower	 [Mpower p=0.0588989 dcount=0] [Mphase p=1 dcount=0] [maxT p=0.0588989 dcount=0] [Mpower p=0.701904 dcount=0] [Mphase p=1 dcount=0] [maxT p=0.701904 dcount=0]
P01/17	Mpower	 [Mpower p=0.0697937 dcount=0] [Mphase p=1 dcount=0] [maxT p=0.0697937 dcount=0] [Mpower p=0.297852 dcount=0] [Mphase p=1 dcount=0] [maxT p=0.297852 dcount=0]
P01/18	Mpower	 [Mpower p=0.0207825 dcount=0] [Mphase p=1 dcount=0] [maxT p=0.0207825 dcount=0] [Mpower p=0.244873 dcount=0] [Mphase p=1 dcount=0] [maxT p=0.244873 dcount=0]
P01/19	Mpower	 [Mpower p=0.7229 dcount=0] [Mphase p=1 dcount=0] [maxT p=0.7229 dcount=0] [Mpower p=0.235596 dcount=0] [Mphase p=1 dcount=0] [maxT p=0.235596 dcount=0]
P01/20	Mpower	 [Mpower p=0.515106 dcount=0] [Mphase p=1 dcount=0] [maxT p=0.515106 dcount=0] [Mpower p=0.678467 dcount=0] [Mphase p=1 dcount=0] [maxT p=0.678467 dcount=0]
P01/21	Mpower	 [Mpower p=0.303162 dcount=0] [Mphase p=1 dcount=0] [maxT p=0.303162 dcount=0] [Mpower p=0.60083 dcount=0] [Mphase p=1 dcount=0] [maxT p=0.60083 dcount=0]
P01/22	Mpower	 [Mpower p=0.0278931 dcount=0] [Mphase p=1 dcount=0] [maxT p=0.0278931 dcount=0] [Mpower p=0.98291 dcount=0] [Mphase p=1 dcount=0] [maxT p=0.98291 dcount=0]
P01/23	Mpower	 [Mpower p=0.447205 dcount=0] [Mphase p=1 dcount=0] [maxT p=0.447205 dcount=0] [Mpower p=0.178223 dcount=0] [Mphase p=1 dcount=0] [maxT p=0.178223 dcount=0]
P01/24	Mpower	 [Mpower p=0.64032 dcount=0] [Mphase p=1 dcount=0] [maxT p=0.64032 dcount=0] [Mpower p=0.513916 dcount=0] [Mphase p=1 dcount=0] [maxT p=0.513916 dcount=0]
P01/25	Mpower	 [Mpower p=0.0281372 dcount=0] [Mphase p=1 dcount=0] [maxT p=0.0281372 dcount=0] [Mpower p=0.0510254 dcount=0] [Mphase p=1 dcount=0] [maxT p=0.0510254 dcount=0]
P01/26	Mpower	 [Mpower p=0.325439 dcount=0] [Mphase p=1 dcount=0] [maxT p=0.325439 dcount=0] [Mpower p=0.98291 dcount=0] [Mphase p=1 dcount=0] [maxT p=0.98291 dcount=0]
P01/27	Mpower	 [Mpower p=0.485291 dcount=0] [Mphase p=1 dcount=0] [maxT p=0.485291 dcount=0] [Mpower p=0.465576 dcount=0] [Mphase p=1 dcount=0] [maxT p=0.465576 dcount=0]
P01/28	Mpower	 [Mpower p=0.294342 dcount=0] [Mphase p=1 dcount=0] [maxT p=0.294342 dcount=0] [Mpower p=0.231934 dcount=0] [Mphase p=1 dcount=0] [maxT p=0.231934 dcount=0]
P01/29	Mpower	 [Mpower p=0.357361 dcount=0] [Mphase p=1 dcount=0] [maxT p=0.357361 dcount=0] [Mpower p=0.491699 dcount=0] [Mphase p=1 dcount=0] [maxT p=0.491699 dcount=0]
P01/30	Mpower	 [Mpower p=0.107086 dcount=0] [Mphase p=1 dcount=0] [maxT p=0.107086 dcount=0] [Mpower p=0.345703 dcount=0] [Mphase p=1 dcount=0] [maxT p=0.345703 dcount=0]
P01/31	Mpower	 [Mpower p=0.153656 dcount=0] [Mphase p=1 dcount=0] [maxT p=0.153656 dcount=0] [Mpower p=0.0646973 dcount=0] [Mphase p=1 dcount=0] [maxT p=0.0646973 dcount=0]
P01/32	Mpower	 [Mpower p=0.242523 dcount=0] [Mphase p=1 dcount=0] [maxT p=0.242523 dcount=0] [Mpower p=0.687012 dcount=0] [Mphase p=1 dcount=0] [maxT p=0.687012 dcount=0]
P01/33	Mpower	 [Mpower p=0.518036 dcount=0] [Mphase p=1 dcount=0] [maxT p=0.518036 dcount=0] [Mpower p=0.032959 dcount=0] [Mphase p=1 dcount=0] [maxT p=0.032959 dcount=0]
P01/34	Mpower	 [Mpower p=0.567688 dcount=0] [Mphase p=1 dcount=0] [maxT p=0.567688 dcount=0] [Mpower p=0.421631 dcount=0] [Mphase p=1 dcount=0] [maxT p=0.421631 dcount=0]
P01/35	Mpower	 [Mpower p=0.669189 dcount=0] [Mphase p=1 dcount=0] [maxT p=0.669189 dcount=0] [Mpower p=0.0976562 dcount=0] [Mphase p=1 dcount=0] [maxT p=0.0976562 dcount=0]
P01/36	Mpower	 [Mpower p=0.445496 dcount=0] [Mphase p=1 dcount=0] [maxT p=0.445496 dcount=0] [Mpower p=0.902344 dcount=0] [Mphase p=1 dcount=0] [maxT p=0.902344 dcount=0]
P01/37	Mpower	 [Mpower p=0.0374451 dcount=0] [Mphase p=1 dcount=0] [maxT p=0.0374451 dcount=0] [Mpower p=0.554443 dcount=0] [Mphase p=1 dcount=0] [maxT p=0.554443 dcount=0]
P01/38	Mpower	 [Mpower p=0.35965 dcount=0] [Mphase p=1 dcount=0] [maxT p=0.35965 dcount=0] [Mpower p=0.742188 dcount=0] [Mphase p=1 dcount=0] [maxT p=0.742188 dcount=0]
P01/39	Mpower	 [Mpower p=0.869659 dcount=0] [Mphase p=1 dcount=0] [maxT p=0.869659 dcount=0] [Mpower p=0.338135 dcount=0] [Mphase p=1 dcount=0] [maxT p=0.338135 dcount=0]
P01/40	Mpower	 [Mpower p=0.278107 dcount=0] [Mphase p=1 dcount=0] [maxT p=0.278107 dcount=0] [Mpower p=0.982178 dcount=0] [Mphase p=1 dcount=0] [maxT p=0.982178 dcount=0]
P01/41	Mpower	 [Mpower p=0.83551 dcount=0] [Mphase p=1 dcount=0] [maxT p=0.83551 dcount=0] [Mpower p=0.571533 dcount=0] [Mphase p=1 dcount=0] [maxT p=0.571533 dcount=0]
P01/42	Mpower	 [Mpower p=0.846954 dcount=0] [Mphase p=1 dcount=0] [maxT p=0.846954 dcount=0] [Mpower p=0.635254 dcount=0] [Mphase p=1 dcount=0] [maxT p=0.635254 dcount=0]
P01/43	Mpower	 [Mpower p=0.58905 dcount=0] [Mphase p=1 dcount=0] [maxT p=0.58905 dcount=0] [Mpower p=0.229248 dcount=0] [Mphase p=1 dcount=0] [maxT p=0.229248 dcount=0]
P01/44	Mpower	 [Mpower p=0.00460815 dcount=0] [Mphase p=1 dcount=0] [maxT p=0.00460815 dcount=0] [Mpower p=0.520264 dcount=0] [Mphase p=1 dcount=0] [maxT p=0.520264 dcount=0]
P01/45	Mpower	 [Mpower p=0.540436 dcount=0] [Mphase p=1 dcount=0] [maxT p=0.540436 dcount=0] [Mpower p=0.212158 dcount=0] [Mphase p=1 dcount=0] [maxT p=0.212158 dcount=0]
P01/46	Mpower	 [Mpower p=0.162415 dcount=0] [Mphase p=1 dcount=0] [maxT p=0.162415 dcount=0] [Mpower p=0.0456543 dcount=0] [Mphase p=1 dcount=0] [maxT p=0.0456543 dcount=0]
P01/47	Mpower	 [Mpower p=0.740112 dcount=0] [Mphase p=1 dcount=0] [maxT p=0.740112 dcount=0] [Mpower p=0.853516 dcount=0] [Mphase p=1 dcount=0] [maxT p=0.853516 dcount=0]
P01/48	Mpower	 [Mpower p=0.44812 dcount=0] [Mphase p=1 dcount=0] [maxT p=0.44812 dcount=0] [Mpower p=0.970459 dcount=0] [Mphase p=1 dcount=0] [maxT p=0.970459 dcount=0]
P01/49	Mpower	 [Mpower p=0.825684 dcount=0] [Mphase p=1 dcount=0] [maxT p=0.825684 dcount=0] [Mpower p=0.353516 dcount=0] [Mphase p=1 dcount=0] [maxT p=0.353516 dcount=0]
P01/50	Mpower	 [Mpower p=0.972717 dcount=0] [Mphase p=1 dcount=0] [maxT p=0.972717 dcount=0] [Mpower p=0.521729 dcount=0] [Mphase p=1 dcount=0] [maxT p=0.521729 dcount=0]
P01/51	Mpower	 [Mpower p=0.392944 dcount=0] [Mphase p=1 dcount=0] [maxT p=0.392944 dcount=0] [Mpower p=0.787109 dcount=0] [Mphase p=1 dcount=0] [maxT p=0.787109 dcount=0]
P01/52	Mpower	 [Mpower p=0.90036 dcount=0] [Mphase p=1 dcount=0] [maxT p=0.90036 dcount=0] [Mpower p=0.592773 dcount=0] [Mphase p=1 dcount=0] [maxT p=0.592773 dcount=0]
P01/53	Mpower	 [Mpower p=0.564941 dcount=0] [Mphase p=1 dcount=0] [maxT p=0.564941 dcount=0] [Mpower p=0.272705 dcount=0] [Mphase p=1 dcount=0] [maxT p=0.272705 dcount=0]
P01/54	Mpower	 [Mpower p=0.239655 dcount=0] [Mphase p=1 dcount=0] [maxT p=0.239655 dcount=0] [Mpower p=0.140137 dcount=0] [Mphase p=1 dcount=0] [maxT p=0.140137 dcount=0]
P01/55	Mpower	 [Mpower p=0.511871 dcount=0] [Mphase p=1 dcount=0] [maxT p=0.511871 dcount=0] [Mpower p=0.34668 dcount=0] [Mphase p=1 dcount=0] [maxT p=0.34668 dcount=0]
P01/56	Mpower	 [Mpower p=0.900604 dcount=0] [Mphase p=1 dcount=0] [maxT p=0.900604 dcount=0] [Mpower p=0.931885 dcount=0] [Mphase p=1 dcount=0] [maxT p=0.931885 dcount=0]
P01/57	Mpower	 [Mpower p=0.932739 dcount=0] [Mphase p=1 dcount=0] [maxT p=0.932739 dcount=0] [Mpower p=0.00976562 dcount=0] [Mphase p=1 dcount=0] [maxT p=0.00976562 dcount=0]
P01/58	Mpower	 [Mpower p=0.761261 dcount=0] [Mphase p=1 dcount=0] [maxT p=0.761261 dcount=0] [Mpower p=0.655273 dcount=0] [Mphase p=1 dcount=0] [maxT p=0.655273 dcount=0]
P01/59	Mpower	 [Mpower p=0.654663 dcount=0] [Mphase p=1 dcount=0] [maxT p=0.654663 dcount=0] [Mpower p=0.550293 dcount=0] [Mphase p=1 dcount=0] [maxT p=0.550293 dcount=0]
P01/60	Mpower	 [Mpower p=0.729797 dcount=0] [Mphase p=1 dcount=0] [maxT p=0.729797 dcount=0] [Mpower p=0.601807 dcount=0] [Mphase p=1 dcount=0] [maxT p=0.601807 dcount=0]
P01/61	Mpower	 [Mpower p=0.487976 dcount=0] [Mphase p=1 dcount=0] [maxT p=0.487976 dcount=0] [Mpower p=0.364258 dcount=0] [Mphase p=1 dcount=0] [maxT p=0.364258 dcount=0]
P01/62	Mpower	 [Mpower p=0.679932 dcount=0] [Mphase p=1 dcount=0] [maxT p=0.679932 dcount=0] [Mpower p=0.204834 dcount=0] [Mphase p=1 dcount=0] [maxT p=0.204834 dcount=0]
P01/63	Mpower	 [Mpower p=0.326233 dcount=0] [Mphase p=1 dcount=0] [maxT p=0.326233 dcount=0] [Mpower p=0.932129 dcount=0] [Mphase p=1 dcount=0] [maxT p=0.932129 dcount=0]
P01/64	Mpower	 [Mpower p=0.549408 dcount=0] [Mphase p=1 dcount=0] [maxT p=0.549408 dcount=0] [Mpower p=0.246826 dcount=0] [Mphase p=1 dcount=0] [maxT p=0.246826 dcount=0]
P02/1	Mpower	 [Mpower p=0.938354 dcount=0] [Mphase p=1 dcount=0] [maxT p=0.938354 dcount=0] [Mpower p=0.0527344 dcount=0] [Mphase p=1 dcount=0] [maxT p=0.0527344 dcount=0]
P02/2	Mpower	 [Mpower p=0.893158 dcount=0] [Mphase p=1 dcount=0] [maxT p=0.893158 dcount=0] [Mpower p=0.597656 dcount=0] [Mphase p=1 dcount=0] [maxT p=0.597656 dcount=0]
P02/3	Mpower	 [Mpower p=0.582367 dcount=0] [Mphase p=1 dcount=0] [maxT p=0.582367 dcount=0] [Mpower p=0.562988 dcount=0] [Mphase p=1 dcount=0] [maxT p=0.562988 dcount=0]
P02/4	Mpower	 [Mpower p=0.622253 dcount=0] [Mphase p=1 dcount=0] [maxT p=0.622253 dcount=0] [Mpower p=0.547363 dcount=0] [Mphase p=1 dcount=0] [maxT p=0.547363 dcount=0]
P02/5	Mpower	 [Mpower p=0.133026 dcount=0] [Mphase p=1 dcount=0] [maxT p=0.133026 dcount=0] [Mpower p=0.588623 dcount=0] [Mphase p=1 dcount=0] [maxT p=0.588623 dcount=0]
P02/6	Mpower	 [Mpower p=0.289764 dcount=0] [Mphase p=1 dcount=0] [maxT p=0.289764 dcount=0] [Mpower p=0.239258 dcount=0] [Mphase p=1 dcount=0] [maxT p=0.239258 dcount=0]
P02/7	Mpower	 [Mpower p=0.950439 dcount=0] [Mphase p=1 dcount=0] [maxT p=0.950439 dcount=0] [Mpower p=0.520752 dcount=0] [Mphase p=1 dcount=0] [maxT p=0.520752 dcount=0]
P02/8	Mpower	 [Mpower p=0.651917 dcount=0] [Mphase p=1 dcount=0] [maxT p=0.651917 dcount=0] [Mpower p=0.129883 dcount=0] [Mphase p=1 dcount=0] [maxT p=0.129883 dcount=0]
P02/9	Mpower	 [Mpower p=0.749573 dcount=0] [Mphase p=1 dcount=0] [maxT p=0.749573 dcount=0] [Mpower p=0.44458 dcount=0] [Mphase p=1 dcount=0] [maxT p=0.44458 dcount=0]
P02/10	Mpower	 [Mpower p=0.00363159 dcount=0] [Mphase p=1 dcount=0] [maxT p=0.00363159 dcount=0] [Mpower p=0.319336 dcount=0] [Mphase p=1 dcount=0] [maxT p=0.319336 dcount=0]
P02/11	Mpower	 [Mpower p=0.850555 dcount=0] [Mphase p=1 dcount=0] [maxT p=0.850555 dcount=0] [Mpower p=0.0241699 dcount=0] [Mphase p=1 dcount=0] [maxT p=0.0241699 dcount=0]
P02/12	Mpower	 [Mpower p=0.420471 dcount=0] [Mphase p=1 dcount=0] [maxT p=0.420471 dcount=0] [Mpower p=0.360107 dcount=0] [Mphase p=1 dcount=0] [maxT p=0.360107 dcount=0]
P02/13	Mpower	 [Mpower p=0.57663 dcount=0] [Mphase p=1 dcount=0] [maxT p=0.57663 dcount=0] [Mpower p=0.195557 dcount=0] [Mphase p=1 dcount=0] [maxT p=0.195557 dcount=0]
P02/14	Mpower	 [Mpower p=0.0942688 dcount=0] [Mphase p=1 dcount=0] [maxT p=0.0942688 dcount=0] [Mpower p=0.133057 dcount=0] [Mphase p=1 dcount=0] [maxT p=0.133057 dcount=0]
P02/15	Mpower	 [Mpower p=0.561188 dcount=0] [Mphase p=1 dcount=0] [maxT p=0.561188 dcount=0] [Mpower p=0.155273 dcount=0] [Mphase p=1 dcount=0] [maxT p=0.155273 dcount=0]
P02/16	Mpower	 [Mpower p=0.073761 dcount=0] [Mphase p=1 dcount=0] [maxT p=0.073761 dcount=0] [Mpower p=0.601074 dcount=0] [Mphase p=1 dcount=0] [maxT p=0.601074 dcount=0]
P02/17	Mpower	 [Mpower p=0.0983276 dcount=0] [Mphase p=1 dcount=0] [maxT p=0.0983276 dcount=0] [Mpower p=0.174561 dcount=0] [Mphase p=1 dcount=0] [maxT p=0.174561 dcount=0]
P02/18	Mpower	 [Mpower p=0.00106812 dcount=0] [Mphase p=1 dcount=0] [maxT p=0.00106812 dcount=0] [Mpower p=0.205322 dcount=0] [Mphase p=1 dcount=0] [maxT p=0.205322 dcount=0]
P02/19	Mpower	 [Mpower p=0.335876 dcount=0] [Mphase p=1 dcount=0] [maxT p=0.335876 dcount=0] [Mpower p=0.292236 dcount=0] [Mphase p=1 dcount=0] [maxT p=0.292236 dcount=0]
P02/20	Mpower	 [Mpower p=0.898254 dcount=0] [Mphase p=1 dcount=0] [maxT p=0.898254 dcount=0] [Mpower p=0.909668 dcount=0] [Mphase p=1 dcount=0] [maxT p=0.909668 dcount=0]
P02/21	Mpower	 [Mpower p=0.386505 dcount=0] [Mphase p=1 dcount=0] [maxT p=0.386505 dcount=0] [Mpower p=0.558838 dcount=0] [Mphase p=1 dcount=0] [maxT p=0.558838 dcount=0]
P02/22	Mpower	 [Mpower p=0.0157776 dcount=0] [Mphase p=1 dcount=0] [maxT p=0.0157776 dcount=0] [Mpower p=0.894043 dcount=0] [Mphase p=1 dcount=0] [maxT p=0.894043 dcount=0]
P02/23	Mpower	 [Mpower p=0.439026 dcount=0] [Mphase p=1 dcount=0] [maxT p=0.439026 dcount=0] [Mpower p=0.148682 dcount=0] [Mphase p=1 dcount=0] [maxT p=0.148682 dcount=0]
P02/24	Mpower	 [Mpower p=0.611786 dcount=0] [Mphase p=1 dcount=0] [maxT p=0.611786 dcount=0] [Mpower p=0.726074 dcount=0] [Mphase p=1 dcount=0] [maxT p=0.726074 dcount=0]
P02/25	Mpower	 [Mpower p=0.464966 dcount=0] [Mphase p=1 dcount=0] [maxT p=0.464966 dcount=0] [Mpower p=0.0249023 dcount=0] [Mphase p=1 dcount=0] [maxT p=0.0249023 dcount=0]
P02/26	Mpower	 [Mpower p=0.746887 dcount=0] [Mphase p=1 dcount=0] [maxT p=0.746887 dcount=0] [Mpower p=0.493652 dcount=0] [Mphase p=1 dcount=0] [maxT p=0.493652 dcount=0]
P02/27	Mpower	 [Mpower p=0.3573 dcount=0] [Mphase p=1 dcount=0] [maxT p=0.3573 dcount=0] [Mpower p=0.832764 dcount=0] [Mphase p=1 dcount=0] [maxT p=0.832764 dcount=0]
P02/28	Mpower	 [Mpower p=0.111847 dcount=0] [Mphase p=1 dcount=0] [maxT p=0.111847 dcount=0] [Mpower p=0.0656738 dcount=0] [Mphase p=1 dcount=0] [maxT p=0.0656738 dcount=0]
P02/29	Mpower	 [Mpower p=0.0460815 dcount=0] [Mphase p=1 dcount=0] [maxT p=0.0460815 dcount=0] [Mpower p=0.798584 dcount=0] [Mphase p=1 dcount=0] [maxT p=0.798584 dcount=0]
P02/30	Mpower	 [Mpower p=0.127045 dcount=0] [Mphase p=1 dcount=0] [maxT p=0.127045 dcount=0] [Mpower p=0.677734 dcount=0] [Mphase p=1 dcount=0] [maxT p=0.677734 dcount=0]
P02/31	Mpower	 [Mpower p=0.394836 dcount=0] [Mphase p=1 dcount=0] [maxT p=0.394836 dcount=0] [Mpower p=0.00244141 dcount=0] [Mphase p=1 dcount=0] [maxT p=0.00244141 dcount=0]
P02/32	Mpower	 [Mpower p=0.248779 dcount=0] [Mphase p=1 dcount=0] [maxT p=0.248779 dcount=0] [Mpower p=0.866211 dcount=0] [Mphase p=1 dcount=0] [maxT p=0.866211 dcount=0]
P02/33	Mpower	 [Mpower p=0.615112 dcount=0] [Mphase p=1 dcount=0] [maxT p=0.615112 dcount=0] [Mpower p=0.0576172 dcount=0] [Mphase p=1 dcount=0] [maxT p=0.0576172 dcount=0]
P02/34	Mpower	 [Mpower p=0.342102 dcount=0] [Mphase p=1 dcount=0] [maxT p=0.342102 dcount=0] [Mpower p=0.301514 dcount=0] [Mphase p=1 dcount=0] [maxT p=0.301514 dcount=0]
P02/35	Mpower	 [Mpower p=0.23056 dcount=0] [Mphase p=1 dcount=0] [maxT p=0.23056 dcount=0] [Mpower p=0.115479 dcount=0] [Mphase p=1 dcount=0] [maxT p=0.115479 dcount=0]
P02/36	Mpower	 [Mpower p=0.216461 dcount=0] [Mphase p=1 dcount=0] [maxT p=0.216461 dcount=0] [Mpower p=0.504639 dcount=0] [Mphase p=1 dcount=0] [maxT p=0.504639 dcount=0]
P02/37	Mpower	 [Mpower p=0.300598 dcount=0] [Mphase p=1 dcount=0] [maxT p=0.300598 dcount=0] [Mpower p=0.475586 dcount=0] [Mphase p=1 dcount=0] [maxT p=0.475586 dcount=0]
P02/38	Mpower	 [Mpower p=0.642517 dcount=0] [Mphase p=1 dcount=0] [maxT p=0.642517 dcount=0] [Mpower p=0.837646 dcount=0] [Mphase p=1 dcount=0] [maxT p=0.837646 dcount=0]
P02/39	Mpower	 [Mpower p=0.769043 dcount=0] [Mphase p=1 dcount=0] [maxT p=0.769043 dcount=0] [Mpower p=0.262695 dcount=0] [Mphase p=1 dcount=0] [maxT p=0.262695 dcount=0]
P02/40	Mpower	 [Mpower p=0.345184 dcount=0] [Mphase p=1 dcount=0] [maxT p=0.345184 dcount=0] [Mpower p=0.874268 dcount=0] [Mphase p=1 dcount=0] [maxT p=0.874268 dcount=0]
P02/41	Mpower	 [Mpower p=0.882538 dcount=0] [Mphase p=1 dcount=0] [maxT p=0.882538 dcount=0] [Mpower p=0.451904 dcount=0] [Mphase p=1 dcount=0] [maxT p=0.451904 dcount=0]
P02/42	Mpower	 [Mpower p=0.569458 dcount=0] [Mphase p=1 dcount=0] [maxT p=0.569458 dcount=0] [Mpower p=0.486084 dcount=0] [Mphase p=1 dcount=0] [maxT p=0.486084 dcount=0]
P02/43	Mpower	 [Mpower p=0.585571 dcount=0] [Mphase p=1 dcount=0] [maxT p=0.585571 dcount=0] [Mpower p=0.0554199 dcount=0] [Mphase p=1 dcount=0] [maxT p=0.0554199 dcount=0]
P02/44	Mpower	 [Mpower p=0.00177002 dcount=0] [Mphase p=1 dcount=0] [maxT p=0.00177002 dcount=0] [Mpower p=0.387695 dcount=0] [Mphase p=1 dcount=0] [maxT p=0.387695 dcount=0]
P02/45	Mpower	 [Mpower p=0.461792 dcount=0] [Mphase p=1 dcount=0] [maxT p=0.461792 dcount=0] [Mpower p=0.401611 dcount=0] [Mphase p=1 dcount=0] [maxT p=0.401611 dcount=0]
P02/46	Mpower	 [Mpower p=0.125305 dcount=0] [Mphase p=1 dcount=0] [maxT p=0.125305 dcount=0] [Mpower p=0.15332 dcount=0] [Mphase p=1 dcount=0] [maxT p=0.15332 dcount=0]
P02/47	Mpower	 [Mpower p=0.251251 dcount=0] [Mphase p=1 dcount=0] [maxT p=0.251251 dcount=0] [Mpower p=0.598145 dcount=0] [Mphase p=1 dcount=0] [maxT p=0.598145 dcount=0]
P02/48	Mpower	 [Mpower p=0.451691 dcount=0] [Mphase p=1 dcount=0] [maxT p=0.451691 dcount=0] [Mpower p=0.775146 dcount=0] [Mphase p=1 dcount=0] [maxT p=0.775146 dcount=0]
P02/49	Mpower	 [Mpower p=0.484863 dcount=0] [Mphase p=1 dcount=0] [maxT p=0.484863 dcount=0] [Mpower p=0.506592 dcount=0] [Mphase p=1 dcount=0] [maxT p=0.506592 dcount=0]
P02/50	Mpower	 [Mpower p=0.390686 dcount=0] [Mphase p=1 dcount=0] [maxT p=0.390686 dcount=0] [Mpower p=0.868408 dcount=0] [Mphase p=1 dcount=0] [maxT p=0.868408 dcount=0]
P02/51	Mpower	 [Mpower p=0.502563 dcount=0] [Mphase p=1 dcount=0] [maxT p=0.502563 dcount=0] [Mpower p=0.956299 dcount=0] [Mphase p=1 dcount=0] [maxT p=0.956299 dcount=0]
P02/52	Mpower	 [Mpower p=0.502441 dcount=0] [Mphase p=1 dcount=0] [maxT p=0.502441 dcount=0] [Mpower p=0.759521 dcount=0] [Mphase p=1 dcount=0] [maxT p=0.759521 dcount=0]
P02/53	Mpower	 [Mpower p=0.40686 dcount=0] [Mphase p=1 dcount=0] [maxT p=0.40686 dcount=0] [Mpower p=0.296875 dcount=0] [Mphase p=1 dcount=0] [maxT p=0.296875 dcount=0]
P02/54	Mpower	 [Mpower p=0.333832 dcount=0] [Mphase p=1 dcount=0] [maxT p=0.333832 dcount=0] [Mpower p=0.240479 dcount=0] [Mphase p=1 dcount=0] [maxT p=0.240479 dcount=0]
P02/55	Mpower	 [Mpower p=0.269745 dcount=0] [Mphase p=1 dcount=0] [maxT p=0.269745 dcount=0] [Mpower p=0.791016 dcount=0] [Mphase p=1 dcount=0] [maxT p=0.791016 dcount=0]
P02/56	Mpower	 [Mpower p=0.946747 dcount=0] [Mphase p=1 dcount=0] [maxT p=0.946747 dcount=0] [Mpower p=0.575439 dcount=0] [Mphase p=1 dcount=0] [maxT p=0.575439 dcount=0]
P02/57	Mpower	 [Mpower p=0.727448 dcount=0] [Mphase p=1 dcount=0] [maxT p=0.727448 dcount=0] [Mpower p=0.0134277 dcount=0] [Mphase p=1 dcount=0] [maxT p=0.0134277 dcount=0]
P02/58	Mpower	 [Mpower p=0.903595 dcount=0] [Mphase p=1 dcount=0] [maxT p=0.903595 dcount=0] [Mpower p=0.577393 dcount=0] [Mphase p=1 dcount=0] [maxT p=0.577393 dcount=0]
P02/59	Mpower	 [Mpower p=0.981842 dcount=0] [Mphase p=1 dcount=0] [maxT p=0.981842 dcount=0] [Mpower p=0.677734 dcount=0] [Mphase p=1 dcount=0] [maxT p=0.677734 dcount=0]
P02/60	Mpower	 [Mpower p=0.554504 dcount=0] [Mphase p=1 dcount=0] [maxT p=0.554504 dcount=0] [Mpower p=0.407959 dcount=0] [Mphase p=1 dcount=0] [maxT p=0.407959 dcount=0]
P02/61	Mpower	 [Mpower p=0.590118 dcount=0] [Mphase p=1 dcount=0] [maxT p=0.590118 dcount=0] [Mpower p=0.330566 dcount=0] [Mphase p=1 dcount=0] [maxT p=0.330566 dcount=0]
P02/62	Mpower	 [Mpower p=0.819885 dcount=0] [Mphase p=1 dcount=0] [maxT p=0.819885 dcount=0] [Mpower p=0.69751 dcount=0] [Mphase p=1 dcount=0] [maxT p=0.69751 dcount=0]
P02/63	Mpower	 [Mpower p=0.224792 dcount=0] [Mphase p=1 dcount=0] [maxT p=0.224792 dcount=0] [Mpower p=0.542969 dcount=0] [Mphase p=1 dcount=0] [maxT p=0.542969 dcount=0]
P02/64	Mpower	 [Mpower p=0.528931 dcount=0] [Mphase p=1 dcount=0] [maxT p=0.528931 dcount=0] [Mpower p=0.468018 dcount=0] [Mphase p=1 dcount=0] [maxT p=0.468018 dcount=0]
P03/1	Mpower	 [Mpower p=0.915009 dcount=0] [Mphase p=1 dcount=0] [maxT p=0.915009 dcount=0] [Mpower p=0.0617676 dcount=0] [Mphase p=1 dcount=0] [maxT p=0.0617676 dcount=0]
P03/2	Mpower	 [Mpower p=0.851837 dcount=0] [Mphase p=1 dcount=0] [maxT p=0.851837 dcount=0] [Mpower p=0.940674 dcount=0] [Mphase p=1 dcount=0] [maxT p=0.940674 dcount=0]
P03/3	Mpower	 [Mpower p=0.530701 dcount=0] [Mphase p=1 dcount=0] [maxT p=0.530701 dcount=0] [Mpower p=0.523438 dcount=0] [Mphase p=1 dcount=0] [maxT p=0.523438 dcount=0]
P03/4	Mpower	 [Mpower p=0.984894 dcount=0] [Mphase p=1 dcount=0] [maxT p=0.984894 dcount=0] [Mpower p=0.50708 dcount=0] [Mphase p=1 dcount=0] [maxT p=0.50708 dcount=0]
P03/5	Mpower	 [Mpower p=0.335388 dcount=0] [Mphase p=1 dcount=0] [maxT p=0.335388 dcount=0] [Mpower p=0.990723 dcount=0] [Mphase p=1 dcount=0] [maxT p=0.990723 dcount=0]
P03/6	Mpower	 [Mpower p=0.973511 dcount=0] [Mphase p=1 dcount=0] [maxT p=0.973511 dcount=0] [Mpower p=0.562256 dcount=0] [Mphase p=1 dcount=0] [maxT p=0.562256 dcount=0]
P03/7	Mpower	 [Mpower p=0.846527 dcount=0] [Mphase p=1 dcount=0] [maxT p=0.846527 dcount=0] [Mpower p=0.703857 dcount=0] [Mphase p=1 dcount=0] [maxT p=0.703857 dcount=0]
P03/8	Mpower	 [Mpower p=0.564575 dcount=0] [Mphase p=1 dcount=0] [maxT p=0.564575 dcount=0] [Mpower p=0.0446777 dcount=0] [Mphase p=1 dcount=0] [maxT p=0.0446777 dcount=0]
P03/9	Mpower	 [Mpower p=0.973663 dcount=0] [Mphase p=1 dcount=0] [maxT p=0.973663 dcount=0] [Mpower p=0.377197 dcount=0] [Mphase p=1 dcount=0] [maxT p=0.377197 dcount=0]
P03/10	Mpower	 [Mpower p=0.0740662 dcount=0] [Mphase p=1 dcount=0] [maxT p=0.0740662 dcount=0] [Mpower p=0.0893555 dcount=0] [Mphase p=1 dcount=0] [maxT p=0.0893555 dcount=0]
P03/11	Mpower	 [Mpower p=0.62262 dcount=0] [Mphase p=1 dcount=0] [maxT p=0.62262 dcount=0] [Mpower p=0.0625 dcount=0] [Mphase p=1 dcount=0] [maxT p=0.0625 dcount=0]
P03/12	Mpower	 [Mpower p=0.407776 dcount=0] [Mphase p=1 dcount=0] [maxT p=0.407776 dcount=0] [Mpower p=0.172119 dcount=0] [Mphase p=1 dcount=0] [maxT p=0.172119 dcount=0]
P03/13	Mpower	 [Mpower p=0.454498 dcount=0] [Mphase p=1 dcount=0] [maxT p=0.454498 dcount=0] [Mpower p=0.76416 dcount=0] [Mphase p=1 dcount=0] [maxT p=0.76416 dcount=0]
P03/14	Mpower	 [Mpower p=0.148499 dcount=0] [Mphase p=1 dcount=0] [maxT p=0.148499 dcount=0] [Mpower p=0.480225 dcount=0] [Mphase p=1 dcount=0] [maxT p=0.480225 dcount=0]
P03/15	Mpower	 [Mpower p=0.907379 dcount=0] [Mphase p=1 dcount=0] [maxT p=0.907379 dcount=0] [Mpower p=0.760742 dcount=0] [Mphase p=1 dcount=0] [maxT p=0.760742 dcount=0]
P03/16	Mpower	 [Mpower p=0.0729065 dcount=0] [Mphase p=1 dcount=0] [maxT p=0.0729065 dcount=0] [Mpower p=0.772461 dcount=0] [Mphase p=1 dcount=0] [maxT p=0.772461 dcount=0]
P03/17	Mpower	 [Mpower p=0.355347 dcount=0] [Mphase p=1 dcount=0] [maxT p=0.355347 dcount=0] [Mpower p=0.272949 dcount=0] [Mphase p=1 dcount=0] [maxT p=0.272949 dcount=0]
P03/18	Mpower	 [Mpower p=0.00149536 dcount=0] [Mphase p=1 dcount=0] [maxT p=0.00149536 dcount=0] [Mpower p=0.331543 dcount=0] [Mphase p=1 dcount=0] [maxT p=0.331543 dcount=0]
P03/19	Mpower	 [Mpower p=0.300507 dcount=0] [Mphase p=1 dcount=0] [maxT p=0.300507 dcount=0] [Mpower p=0.314453 dcount=0] [Mphase p=1 dcount=0] [maxT p=0.314453 dcount=0]
P03/20	Mpower	 [Mpower p=0.661957 dcount=0] [Mphase p=1 dcount=0] [maxT p=0.661957 dcount=0] [Mpower p=0.934082 dcount=0] [Mphase p=1 dcount=0] [maxT p=0.934082 dcount=0]
P03/21	Mpower	 [Mpower p=0.208954 dcount=0] [Mphase p=1 dcount=0] [maxT p=0.208954 dcount=0] [Mpower p=0.518311 dcount=0] [Mphase p=1 dcount=0] [maxT p=0.518311 dcount=0]
P03/22	Mpower	 [Mpower p=0.00827026 dcount=0] [Mphase p=1 dcount=0] [maxT p=0.00827026 dcount=0] [Mpower p=0.728516 dcount=0] [Mphase p=1 dcount=0] [maxT p=0.728516 dcount=0]
P03/23	Mpower	 [Mpower p=0.16098 dcount=0] [Mphase p=1 dcount=0] [maxT p=0.16098 dcount=0] [Mpower p=0.342773 dcount=0] [Mphase p=1 dcount=0] [maxT p=0.342773 dcount=0]
P03/24	Mpower	 [Mpower p=0.507721 dcount=0] [Mphase p=1 dcount=0] [maxT p=0.507721 dcount=0] [Mpower p=0.588623 dcount=0] [Mphase p=1 dcount=0] [maxT p=0.588623 dcount=0]
P03/25	Mpower	 [Mpower p=0.731873 dcount=0] [Mphase p=1 dcount=0] [maxT p=0.731873 dcount=0] [Mpower p=0.0385742 dcount=0] [Mphase p=1 dcount=0] [maxT p=0.0385742 dcount=0]
P03/26	Mpower	 [Mpower p=0.378754 dcount=0] [Mphase p=1 dcount=0] [maxT p=0.378754 dcount=0] [Mpower p=0.647217 dcount=0] [Mphase p=1 dcount=0] [maxT p=0.647217 dcount=0]
P03/27	Mpower	 [Mpower p=0.425262 dcount=0] [Mphase p=1 dcount=0] [maxT p=0.425262 dcount=0] [Mpower p=0.419434 dcount=0] [Mphase p=1 dcount=0] [maxT p=0.419434 dcount=0]
P03/28	Mpower	 [Mpower p=0.805695 dcount=0] [Mphase p=1 dcount=0] [maxT p=0.805695 dcount=0] [Mpower p=0.0805664 dcount=0] [Mphase p=1 dcount=0] [maxT p=0.0805664 dcount=0]
P03/29	Mpower	 [Mpower p=0.518097 dcount=0] [Mphase p=1 dcount=0] [maxT p=0.518097 dcount=0] [Mpower p=0.354004 dcount=0] [Mphase p=1 dcount=0] [maxT p=0.354004 dcount=0]
P03/30	Mpower	 [Mpower p=0.122711 dcount=0] [Mphase p=1 dcount=0] [maxT p=0.122711 dcount=0] [Mpower p=0.658447 dcount=0] [Mphase p=1 dcount=0] [maxT p=0.658447 dcount=0]
P03/31	Mpower	 [Mpower p=0.120026 dcount=0] [Mphase p=1 dcount=0] [maxT p=0.120026 dcount=0] [Mpower p=0.0168457 dcount=0] [Mphase p=1 dcount=0] [maxT p=0.0168457 dcount=0]
P03/32	Mpower	 [Mpower p=0.163116 dcount=0] [Mphase p=1 dcount=0] [maxT p=0.163116 dcount=0] [Mpower p=0.446777 dcount=0] [Mphase p=1 dcount=0] [maxT p=0.446777 dcount=0]
P03/33	Mpower	 [Mpower p=0.25943 dcount=0] [Mphase p=1 dcount=0] [maxT p=0.25943 dcount=0] [Mpower p=0.0288086 dcount=0] [Mphase p=1 dcount=0] [maxT p=0.0288086 dcount=0]
P03/34	Mpower	 [Mpower p=0.628723 dcount=0] [Mphase p=1 dcount=0] [maxT p=0.628723 dcount=0] [Mpower p=0.169434 dcount=0] [Mphase p=1 dcount=0] [maxT p=0.169434 dcount=0]
P03/35	Mpower	 [Mpower p=0.762939 dcount=0] [Mphase p=1 dcount=0] [maxT p=0.762939 dcount=0] [Mpower p=0.134766 dcount=0] [Mphase p=1 dcount=0] [maxT p=0.134766 dcount=0]
P03/36	Mpower	 [Mpower p=0.585388 dcount=0] [Mphase p=1 dcount=0] [maxT p=0.585388 dcount=0] [Mpower p=0.87915 dcount=0] [Mphase p=1 dcount=0] [maxT p=0.87915 dcount=0]
P03/37	Mpower	 [Mpower p=0.0530396 dcount=0] [Mphase p=1 dcount=0] [maxT p=0.0530396 dcount=0] [Mpower p=0.0957031 dcount=0] [Mphase p=1 dcount=0] [maxT p=0.0957031 dcount=0]
P03/38	Mpower	 [Mpower p=0.419403 dcount=0] [Mphase p=1 dcount=0] [maxT p=0.419403 dcount=0] [Mpower p=0.704834 dcount=0] [Mphase p=1 dcount=0] [maxT p=0.704834 dcount=0]
P03/39	Mpower	 [Mpower p=0.740234 dcount=0] [Mphase p=1 dcount=0] [maxT p=0.740234 dcount=0] [Mpower p=0.272705 dcount=0] [Mphase p=1 dcount=0] [maxT p=0.272705 dcount=0]
P03/40	Mpower	 [Mpower p=0.529816 dcount=0] [Mphase p=1 dcount=0] [maxT p=0.529816 dcount=0] [Mpower p=0.748047 dcount=0] [Mphase p=1 dcount=0] [maxT p=0.748047 dcount=0]
P03/41	Mpower	 [Mpower p=0.794678 dcount=0] [Mphase p=1 dcount=0] [maxT p=0.794678 dcount=0] [Mpower p=0.604492 dcount=0] [Mphase p=1 dcount=0] [maxT p=0.604492 dcount=0]
P03/42	Mpower	 [Mpower p=0.832977 dcount=0] [Mphase p=1 dcount=0] [maxT p=0.832977 dcount=0] [Mpower p=0.96875 dcount=0] [Mphase p=1 dcount=0] [maxT p=0.96875 dcount=0]
P03/43	Mpower	 [Mpower p=0.541443 dcount=0] [Mphase p=1 dcount=0] [maxT p=0.541443 dcount=0] [Mpower p=0.0566406 dcount=0] [Mphase p=1 dcount=0] [maxT p=0.0566406 dcount=0]
P03/44	Mpower	 [Mpower p=0.0150452 dcount=0] [Mphase p=1 dcount=0] [maxT p=0.0150452 dcount=0] [Mpower p=0.307617 dcount=0] [Mphase p=1 dcount=0] [maxT p=0.307617 dcount=0]
P03/45	Mpower	 [Mpower p=0.647675 dcount=0] [Mphase p=1 dcount=0] [maxT p=0.647675 dcount=0] [Mpower p=0.317627 dcount=0] [Mphase p=1 dcount=0] [maxT p=0.317627 dcount=0]
P03/46	Mpower	 [Mpower p=0.212646 dcount=0] [Mphase p=1 dcount=0] [maxT p=0.212646 dcount=0] [Mpower p=0.0410156 dcount=0] [Mphase p=1 dcount=0] [maxT p=0.0410156 dcount=0]
P03/47	Mpower	 [Mpower p=0.477325 dcount=0] [Mphase p=1 dcount=0] [maxT p=0.477325 dcount=0] [Mpower p=0.515625 dcount=0] [Mphase p=1 dcount=0] [maxT p=0.515625 dcount=0]
P03/48	Mpower	 [Mpower p=0.318146 dcount=0] [Mphase p=1 dcount=0] [maxT p=0.318146 dcount=0] [Mpower p=0.831055 dcount=0] [Mphase p=1 dcount=0] [maxT p=0.831055 dcount=0]
P03/49	Mpower	 [Mpower p=0.653046 dcount=0] [Mphase p=1 dcount=0] [maxT p=0.653046 dcount=0] [Mpower p=0.250977 dcount=0] [Mphase p=1 dcount=0] [maxT p=0.250977 dcount=0]
P03/50	Mpower	 [Mpower p=0.68457 dcount=0] [Mphase p=1 dcount=0] [maxT p=0.68457 dcount=0] [Mpower p=0.584717 dcount=0] [Mphase p=1 dcount=0] [maxT p=0.584717 dcount=0]
P03/51	Mpower	 [Mpower p=0.51712 dcount=0] [Mphase p=1 dcount=0] [maxT p=0.51712 dcount=0] [Mpower p=0.920166 dcount=0] [Mphase p=1 dcount=0] [maxT p=0.920166 dcount=0]
P03/52	Mpower	 [Mpower p=0.950623 dcount=0] [Mphase p=1 dcount=0] [maxT p=0.950623 dcount=0] [Mpower p=0.729736 dcount=0] [Mphase p=1 dcount=0] [maxT p=0.729736 dcount=0]
P03/53	Mpower	 [Mpower p=0.495575 dcount=0] [Mphase p=1 dcount=0] [maxT p=0.495575 dcount=0] [Mpower p=0.119141 dcount=0] [Mphase p=1 dcount=0] [maxT p=0.119141 dcount=0]
P03/54	Mpower	 [Mpower p=0.677399 dcount=0] [Mphase p=1 dcount=0] [maxT p=0.677399 dcount=0] [Mpower p=0.0322266 dcount=0] [Mphase p=1 dcount=0] [maxT p=0.0322266 dcount=0]
P03/55	Mpower	 [Mpower p=0.230072 dcount=0] [Mphase p=1 dcount=0] [maxT p=0.230072 dcount=0] [Mpower p=0.437744 dcount=0] [Mphase p=1 dcount=0] [maxT p=0.437744 dcount=0]
P03/56	Mpower	 [Mpower p=0.839569 dcount=0] [Mphase p=1 dcount=0] [maxT p=0.839569 dcount=0] [Mpower p=0.64502 dcount=0] [Mphase p=1 dcount=0] [maxT p=0.64502 dcount=0]
P03/57	Mpower	 [Mpower p=0.699219 dcount=0] [Mphase p=1 dcount=0] [maxT p=0.699219 dcount=0] [Mpower p=0.0117188 dcount=0] [Mphase p=1 dcount=0] [maxT p=0.0117188 dcount=0]
P03/58	Mpower	 [Mpower p=0.825134 dcount=0] [Mphase p=1 dcount=0] [maxT p=0.825134 dcount=0] [Mpower p=0.392822 dcount=0] [Mphase p=1 dcount=0] [maxT p=0.392822 dcount=0]
P03/59	Mpower	 [Mpower p=0.848083 dcount=0] [Mphase p=1 dcount=0] [maxT p=0.848083 dcount=0] [Mpower p=0.539307 dcount=0] [Mphase p=1 dcount=0] [maxT p=0.539307 dcount=0]
P03/60	Mpower	 [Mpower p=0.883789 dcount=0] [Mphase p=1 dcount=0] [maxT p=0.883789 dcount=0] [Mpower p=0.53833 dcount=0] [Mphase p=1 dcount=0] [maxT p=0.53833 dcount=0]
P03/61	Mpower	 [Mpower p=0.679596 dcount=0] [Mphase p=1 dcount=0] [maxT p=0.679596 dcount=0] [Mpower p=0.245361 dcount=0] [Mphase p=1 dcount=0] [maxT p=0.245361 dcount=0]
P03/62	Mpower	 [Mpower p=0.469391 dcount=0] [Mphase p=1 dcount=0] [maxT p=0.469391 dcount=0] [Mpower p=0.640869 dcount=0] [Mphase p=1 dcount=0] [maxT p=0.640869 dcount=0]
P03/63	Mpower	 [Mpower p=0.239014 dcount=0] [Mphase p=1 dcount=0] [maxT p=0.239014 dcount=0] [Mpower p=0.695312 dcount=0] [Mphase p=1 dcount=0] [maxT p=0.695312 dcount=0]
P03/64	Mpower	 [Mpower p=0.49704 dcount=0] [Mphase p=1 dcount=0] [maxT p=0.49704 dcount=0] [Mpower p=0.200439 dcount=0] [Mphase p=1 dcount=0] [maxT p=0.200439 dcount=0]
P04/1	Mpower	 [Mpower p=0.178406 dcount=0] [Mphase p=1 dcount=0] [maxT p=0.178406 dcount=0] [Mpower p=0.167236 dcount=0] [Mphase p=1 dcount=0] [maxT p=0.167236 dcount=0]
P04/2	Mpower	 [Mpower p=0.476929 dcount=0] [Mphase p=1 dcount=0] [maxT p=0.476929 dcount=0] [Mpower p=0.784668 dcount=0] [Mphase p=1 dcount=0] [maxT p=0.784668 dcount=0]
P04/3	Mpower	 [Mpower p=0.0799255 dcount=0] [Mphase p=1 dcount=0] [maxT p=0.0799255 dcount=0] [Mpower p=0.905518 dcount=0] [Mphase p=1 dcount=0] [maxT p=0.905518 dcount=0]
P04/4	Mpower	 [Mpower p=0.623657 dcount=0] [Mphase p=1 dcount=0] [maxT p=0.623657 dcount=0] [Mpower p=0.390869 dcount=0] [Mphase p=1 dcount=0] [maxT p=0.390869 dcount=0]
P04/5	Mpower	 [Mpower p=0.0988464 dcount=0] [Mphase p=1 dcount=0] [maxT p=0.0988464 dcount=0] [Mpower p=0.405029 dcount=0] [Mphase p=1 dcount=0] [maxT p=0.405029 dcount=0]
P04/6	Mpower	 [Mpower p=0.314453 dcount=0] [Mphase p=1 dcount=0] [maxT p=0.314453 dcount=0] [Mpower p=0.672363 dcount=0] [Mphase p=1 dcount=0] [maxT p=0.672363 dcount=0]
P04/7	Mpower	 [Mpower p=0.921478 dcount=0] [Mphase p=1 dcount=0] [maxT p=0.921478 dcount=0] [Mpower p=0.699951 dcount=0] [Mphase p=1 dcount=0] [maxT p=0.699951 dcount=0]
P04/8	Mpower	 [Mpower p=0.552307 dcount=0] [Mphase p=1 dcount=0] [maxT p=0.552307 dcount=0] [Mpower p=0.0341797 dcount=0] [Mphase p=1 dcount=0] [maxT p=0.0341797 dcount=0]
P04/9	Mpower	 [Mpower p=0.309692 dcount=0] [Mphase p=1 dcount=0] [maxT p=0.309692 dcount=0] [Mpower p=0.567383 dcount=0] [Mphase p=1 dcount=0] [maxT p=0.567383 dcount=0]
P04/10	Mpower	 [Mpower p=0.700287 dcount=0] [Mphase p=1 dcount=0] [maxT p=0.700287 dcount=0] [Mpower p=0.431152 dcount=0] [Mphase p=1 dcount=0] [maxT p=0.431152 dcount=0]
P04/11	Mpower	 [Mpower p=0.653809 dcount=0] [Mphase p=1 dcount=0] [maxT p=0.653809 dcount=0] [Mpower p=0.609863 dcount=0] [Mphase p=1 dcount=0] [maxT p=0.609863 dcount=0]
P04/12	Mpower	 [Mpower p=0.959106 dcount=0] [Mphase p=1 dcount=0] [maxT p=0.959106 dcount=0] [Mpower p=0.252197 dcount=0] [Mphase p=1 dcount=0] [maxT p=0.252197 dcount=0]
P04/13	Mpower	 [Mpower p=0.210419 dcount=0] [Mphase p=1 dcount=0] [maxT p=0.210419 dcount=0] [Mpower p=0.931396 dcount=0] [Mphase p=1 dcount=0] [maxT p=0.931396 dcount=0]
P04/14	Mpower	 [Mpower p=0.100494 dcount=0] [Mphase p=1 dcount=0] [maxT p=0.100494 dcount=0] [Mpower p=0.675293 dcount=0] [Mphase p=1 dcount=0] [maxT p=0.675293 dcount=0]
P04/15	Mpower	 [Mpower p=0.780579 dcount=0] [Mphase p=1 dcount=0] [maxT p=0.780579 dcount=0] [Mpower p=0.0666504 dcount=0] [Mphase p=1 dcount=0] [maxT p=0.0666504 dcount=0]
P04/16	Mpower	 [Mpower p=0.2388 dcount=0] [Mphase p=1 dcount=0] [maxT p=0.2388 dcount=0] [Mpower p=0.958008 dcount=0] [Mphase p=1 dcount=0] [maxT p=0.958008 dcount=0]
P04/17	Mpower	 [Mpower p=0.450775 dcount=0] [Mphase p=1 dcount=0] [maxT p=0.450775 dcount=0] [Mpower p=0.0178223 dcount=0] [Mphase p=1 dcount=0] [maxT p=0.0178223 dcount=0]
P04/18	Mpower	 [Mpower p=0.00564575 dcount=0] [Mphase p=1 dcount=0] [maxT p=0.00564575 dcount=0] [Mpower p=0.583252 dcount=0] [Mphase p=1 dcount=0] [maxT p=0.583252 dcount=0]
P04/19	Mpower	 [Mpower p=0.643066 dcount=0] [Mphase p=1 dcount=0] [maxT p=0.643066 dcount=0] [Mpower p=0.363281 dcount=0] [Mphase p=1 dcount=0] [maxT p=0.363281 dcount=0]
P04/20	Mpower	 [Mpower p=0.678467 dcount=0] [Mphase p=1 dcount=0] [maxT p=0.678467 dcount=0] [Mpower p=0.85791 dcount=0] [Mphase p=1 dcount=0] [maxT p=0.85791 dcount=0]
P04/21	Mpower	 [Mpower p=0.436615 dcount=0] [Mphase p=1 dcount=0] [maxT p=0.436615 dcount=0] [Mpower p=0.199219 dcount=0] [Mphase p=1 dcount=0] [maxT p=0.199219 dcount=0]
P04/22	Mpower	 [Mpower p=0.165283 dcount=0] [Mphase p=1 dcount=0] [maxT p=0.165283 dcount=0] [Mpower p=0.997803 dcount=0] [Mphase p=1 dcount=0] [maxT p=0.997803 dcount=0]
P04/23	Mpower	 [Mpower p=0.874573 dcount=0] [Mphase p=1 dcount=0] [maxT p=0.874573 dcount=0] [Mpower p=0.0349121 dcount=0] [Mphase p=1 dcount=0] [maxT p=0.0349121 dcount=0]
P04/24	Mpower	 [Mpower p=0.116852 dcount=0] [Mphase p=1 dcount=0] [maxT p=0.116852 dcount=0] [Mpower p=0.224609 dcount=0] [Mphase p=1 dcount=0] [maxT p=0.224609 dcount=0]
P04/25	Mpower	 [Mpower p=0.248016 dcount=0] [Mphase p=1 dcount=0] [maxT p=0.248016 dcount=0] [Mpower p=0.225098 dcount=0] [Mphase p=1 dcount=0] [maxT p=0.225098 dcount=0]
P04/26	Mpower	 [Mpower p=0.899506 dcount=0] [Mphase p=1 dcount=0] [maxT p=0.899506 dcount=0] [Mpower p=0.769531 dcount=0] [Mphase p=1 dcount=0] [maxT p=0.769531 dcount=0]
P04/27	Mpower	 [Mpower p=0.715271 dcount=0] [Mphase p=1 dcount=0] [maxT p=0.715271 dcount=0] [Mpower p=0.981445 dcount=0] [Mphase p=1 dcount=0] [maxT p=0.981445 dcount=0]
P04/28	Mpower	 [Mpower p=0.654968 dcount=0] [Mphase p=1 dcount=0] [maxT p=0.654968 dcount=0] [Mpower p=0.38501 dcount=0] [Mphase p=1 dcount=0] [maxT p=0.38501 dcount=0]
P04/29	Mpower	 [Mpower p=0.689423 dcount=0] [Mphase p=1 dcount=0] [maxT p=0.689423 dcount=0] [Mpower p=0.19751 dcount=0] [Mphase p=1 dcount=0] [maxT p=0.19751 dcount=0]
P04/30	Mpower	 [Mpower p=0.531403 dcount=0] [Mphase p=1 dcount=0] [maxT p=0.531403 dcount=0] [Mpower p=0.932129 dcount=0] [Mphase p=1 dcount=0] [maxT p=0.932129 dcount=0]
P04/31	Mpower	 [Mpower p=0.623047 dcount=0] [Mphase p=1 dcount=0] [maxT p=0.623047 dcount=0] [Mpower p=0.143799 dcount=0] [Mphase p=1 dcount=0] [maxT p=0.143799 dcount=0]
P04/32	Mpower	 [Mpower p=0.312897 dcount=0] [Mphase p=1 dcount=0] [maxT p=0.312897 dcount=0] [Mpower p=0.123047 dcount=0] [Mphase p=1 dcount=0] [maxT p=0.123047 dcount=0]
P04/33	Mpower	 [Mpower p=0.539856 dcount=0] [Mphase p=1 dcount=0] [maxT p=0.539856 dcount=0] [Mpower p=0.0458984 dcount=0] [Mphase p=1 dcount=0] [maxT p=0.0458984 dcount=0]
P04/34	Mpower	 [Mpower p=0.433899 dcount=0] [Mphase p=1 dcount=0] [maxT p=0.433899 dcount=0] [Mpower p=0.0395508 dcount=0] [Mphase p=1 dcount=0] [maxT p=0.0395508 dcount=0]
P04/35	Mpower	 [Mpower p=0.283875 dcount=0] [Mphase p=1 dcount=0] [maxT p=0.283875 dcount=0] [Mpower p=0.0319824 dcount=0] [Mphase p=1 dcount=0] [maxT p=0.0319824 dcount=0]
P04/36	Mpower	 [Mpower p=0.250305 dcount=0] [Mphase p=1 dcount=0] [maxT p=0.250305 dcount=0] [Mpower p=0.524902 dcount=0] [Mphase p=1 dcount=0] [maxT p=0.524902 dcount=0]
P04/37	Mpower	 [Mpower p=0.00262451 dcount=0] [Mphase p=1 dcount=0] [maxT p=0.00262451 dcount=0] [Mpower p=0.776855 dcount=0] [Mphase p=1 dcount=0] [maxT p=0.776855 dcount=0]
P04/38	Mpower	 [Mpower p=0.0657043 dcount=0] [Mphase p=1 dcount=0] [maxT p=0.0657043 dcount=0] [Mpower p=0.930176 dcount=0] [Mphase p=1 dcount=0] [maxT p=0.930176 dcount=0]
P04/39	Mpower	 [Mpower p=0.507019 dcount=0] [Mphase p=1 dcount=0] [maxT p=0.507019 dcount=0] [Mpower p=0.943359 dcount=0] [Mphase p=1 dcount=0] [maxT p=0.943359 dcount=0]
P04/40	Mpower	 [Mpower p=0.716797 dcount=0] [Mphase p=1 dcount=0] [maxT p=0.716797 dcount=0] [Mpower p=0.666992 dcount=0] [Mphase p=1 dcount=0] [maxT p=0.666992 dcount=0]
P04/41	Mpower	 [Mpower p=0.191071 dcount=0] [Mphase p=1 dcount=0] [maxT p=0.191071 dcount=0] [Mpower p=0.178711 dcount=0] [Mphase p=1 dcount=0] [maxT p=0.178711 dcount=0]
P04/42	Mpower	 [Mpower p=0.799713 dcount=0] [Mphase p=1 dcount=0] [maxT p=0.799713 dcount=0] [Mpower p=0.910156 dcount=0] [Mphase p=1 dcount=0] [maxT p=0.910156 dcount=0]
P04/43	Mpower	 [Mpower p=0.452606 dcount=0] [Mphase p=1 dcount=0] [maxT p=0.452606 dcount=0] [Mpower p=0.130859 dcount=0] [Mphase p=1 dcount=0] [maxT p=0.130859 dcount=0]
P04/44	Mpower	 [Mpower p=0.0463257 dcount=0] [Mphase p=1 dcount=0] [maxT p=0.0463257 dcount=0] [Mpower p=0.250244 dcount=0] [Mphase p=1 dcount=0] [maxT p=0.250244 dcount=0]
P04/45	Mpower	 [Mpower p=0.538971 dcount=0] [Mphase p=1 dcount=0] [maxT p=0.538971 dcount=0] [Mpower p=0.833496 dcount=0] [Mphase p=1 dcount=0] [maxT p=0.833496 dcount=0]
P04/46	Mpower	 [Mpower p=0.733093 dcount=0] [Mphase p=1 dcount=0] [maxT p=0.733093 dcount=0] [Mpower p=0.102539 dcount=0] [Mphase p=1 dcount=0] [maxT p=0.102539 dcount=0]
P04/47	Mpower	 [Mpower p=0.93924 dcount=0] [Mphase p=1 dcount=0] [maxT p=0.93924 dcount=0] [Mpower p=0.80542 dcount=0] [Mphase p=1 dcount=0] [maxT p=0.80542 dcount=0]
P04/48	Mpower	 [Mpower p=0.702209 dcount=0] [Mphase p=1 dcount=0] [maxT p=0.702209 dcount=0] [Mpower p=0.477295 dcount=0] [Mphase p=1 dcount=0] [maxT p=0.477295 dcount=0]
P04/49	Mpower	 [Mpower p=0.0368652 dcount=0] [Mphase p=1 dcount=0] [maxT p=0.0368652 dcount=0] [Mpower p=0.799805 dcount=0] [Mphase p=1 dcount=0] [maxT p=0.799805 dcount=0]
P04/50	Mpower	 [Mpower p=0.041626 dcount=0] [Mphase p=1 dcount=0] [maxT p=0.041626 dcount=0] [Mpower p=0.656006 dcount=0] [Mphase p=1 dcount=0] [maxT p=0.656006 dcount=0]
P04/51	Mpower	 [Mpower p=0.616974 dcount=0] [Mphase p=1 dcount=0] [maxT p=0.616974 dcount=0] [Mpower p=0.281738 dcount=0] [Mphase p=1 dcount=0] [maxT p=0.281738 dcount=0]
P04/52	Mpower	 [Mpower p=0.380493 dcount=0] [Mphase p=1 dcount=0] [maxT p=0.380493 dcount=0] [Mpower p=0.343262 dcount=0] [Mphase p=1 dcount=0] [maxT p=0.343262 dcount=0]
P04/53	Mpower	 [Mpower p=0.861176 dcount=0] [Mphase p=1 dcount=0] [maxT p=0.861176 dcount=0] [Mpower p=0.798096 dcount=0] [Mphase p=1 dcount=0] [maxT p=0.798096 dcount=0]
P04/54	Mpower	 [Mpower p=0.4422 dcount=0] [Mphase p=1 dcount=0] [maxT p=0.4422 dcount=0] [Mpower p=0.0432129 dcount=0] [Mphase p=1 dcount=0] [maxT p=0.0432129 dcount=0]
P04/55	Mpower	 [Mpower p=0.578918 dcount=0] [Mphase p=1 dcount=0] [maxT p=0.578918 dcount=0] [Mpower p=0.610352 dcount=0] [Mphase p=1 dcount=0] [maxT p=0.610352 dcount=0]
P04/56	Mpower	 [Mpower p=0.793579 dcount=0] [Mphase p=1 dcount=0] [maxT p=0.793579 dcount=0] [Mpower p=0.486816 dcount=0] [Mphase p=1 dcount=0] [maxT p=0.486816 dcount=0]
P04/57	Mpower	 [Mpower p=0.578979 dcount=0] [Mphase p=1 dcount=0] [maxT p=0.578979 dcount=0] [Mpower p=0.0205078 dcount=0] [Mphase p=1 dcount=0] [maxT p=0.0205078 dcount=0]
P04/58	Mpower	 [Mpower p=0.835205 dcount=0] [Mphase p=1 dcount=0] [maxT p=0.835205 dcount=0] [Mpower p=0.722412 dcount=0] [Mphase p=1 dcount=0] [maxT p=0.722412 dcount=0]
P04/59	Mpower	 [Mpower p=0.243469 dcount=0] [Mphase p=1 dcount=0] [maxT p=0.243469 dcount=0] [Mpower p=0.365479 dcount=0] [Mphase p=1 dcount=0] [maxT p=0.365479 dcount=0]
P04/60	Mpower	 [Mpower p=0.0968933 dcount=0] [Mphase p=1 dcount=0] [maxT p=0.0968933 dcount=0] [Mpower p=0.997314 dcount=0] [Mphase p=1 dcount=0] [maxT p=0.997314 dcount=0]
P04/61	Mpower	 [Mpower p=0.942719 dcount=0] [Mphase p=1 dcount=0] [maxT p=0.942719 dcount=0] [Mpower p=0.121826 dcount=0] [Mphase p=1 dcount=0] [maxT p=0.121826 dcount=0]
P04/62	Mpower	 [Mpower p=0.811096 dcount=0] [Mphase p=1 dcount=0] [maxT p=0.811096 dcount=0] [Mpower p=0.604492 dcount=0] [Mphase p=1 dcount=0] [maxT p=0.604492 dcount=0]
P04/63	Mpower	 [Mpower p=0.723907 dcount=0] [Mphase p=1 dcount=0] [maxT p=0.723907 dcount=0] [Mpower p=0.256836 dcount=0] [Mphase p=1 dcount=0] [maxT p=0.256836 dcount=0]
P04/64	Mpower	 [Mpower p=0.322845 dcount=0] [Mphase p=1 dcount=0] [maxT p=0.322845 dcount=0] [Mpower p=0.243408 dcount=0] [Mphase p=1 dcount=0] [maxT p=0.243408 dcount=0]
P05/1	Mpower	 [Mpower p=0.0758667 dcount=0] [Mphase p=1 dcount=0] [maxT p=0.0758667 dcount=0] [Mpower p=0.225342 dcount=0] [Mphase p=1 dcount=0] [maxT p=0.225342 dcount=0]
P05/2	Mpower	 [Mpower p=0.401917 dcount=0] [Mphase p=1 dcount=0] [maxT p=0.401917 dcount=0] [Mpower p=0.422607 dcount=0] [Mphase p=1 dcount=0] [maxT p=0.422607 dcount=0]
P05/3	Mpower	 [Mpower p=0.160126 dcount=0] [Mphase p=1 dcount=0] [maxT p=0.160126 dcount=0] [Mpower p=0.726074 dcount=0] [Mphase p=1 dcount=0] [maxT p=0.726074 dcount=0]
P05/4	Mpower	 [Mpower p=0.452118 dcount=0] [Mphase p=1 dcount=0] [maxT p=0.452118 dcount=0] [Mpower p=0.71167 dcount=0] [Mphase p=1 dcount=0] [maxT p=0.71167 dcount=0]
P05/5	Mpower	 [Mpower p=0.0691223 dcount=0] [Mphase p=1 dcount=0] [maxT p=0.0691223 dcount=0] [Mpower p=0.0910645 dcount=0] [Mphase p=1 dcount=0] [maxT p=0.0910645 dcount=0]
P05/6	Mpower	 [Mpower p=0.113678 dcount=0] [Mphase p=1 dcount=0] [maxT p=0.113678 dcount=0] [Mpower p=0.841064 dcount=0] [Mphase p=1 dcount=0] [maxT p=0.841064 dcount=0]
P05/7	Mpower	 [Mpower p=0.756805 dcount=0] [Mphase p=1 dcount=0] [maxT p=0.756805 dcount=0] [Mpower p=0.232178 dcount=0] [Mphase p=1 dcount=0] [maxT p=0.232178 dcount=0]
P05/8	Mpower	 [Mpower p=0.380859 dcount=0] [Mphase p=1 dcount=0] [maxT p=0.380859 dcount=0] [Mpower p=0.00610352 dcount=0] [Mphase p=1 dcount=0] [maxT p=0.00610352 dcount=0]
P05/9	Mpower	 [Mpower p=0.187073 dcount=0] [Mphase p=1 dcount=0] [maxT p=0.187073 dcount=0] [Mpower p=0.812744 dcount=0] [Mphase p=1 dcount=0] [maxT p=0.812744 dcount=0]
P05/10	Mpower	 [Mpower p=0.930115 dcount=0] [Mphase p=1 dcount=0] [maxT p=0.930115 dcount=0] [Mpower p=0.776123 dcount=0] [Mphase p=1 dcount=0] [maxT p=0.776123 dcount=0]
P05/11	Mpower	 [Mpower p=0.805603 dcount=0] [Mphase p=1 dcount=0] [maxT p=0.805603 dcount=0] [Mpower p=0.816162 dcount=0] [Mphase p=1 dcount=0] [maxT p=0.816162 dcount=0]
P05/12	Mpower	 [Mpower p=0.671692 dcount=0] [Mphase p=1 dcount=0] [maxT p=0.671692 dcount=0] [Mpower p=0.172363 dcount=0] [Mphase p=1 dcount=0] [maxT p=0.172363 dcount=0]
P05/13	Mpower	 [Mpower p=0.0934143 dcount=0] [Mphase p=1 dcount=0] [maxT p=0.0934143 dcount=0] [Mpower p=0.728516 dcount=0] [Mphase p=1 dcount=0] [maxT p=0.728516 dcount=0]
P05/14	Mpower	 [Mpower p=0.35553 dcount=0] [Mphase p=1 dcount=0] [maxT p=0.35553 dcount=0] [Mpower p=0.840088 dcount=0] [Mphase p=1 dcount=0] [maxT p=0.840088 dcount=0]
P05/15	Mpower	 [Mpower p=0.981079 dcount=0] [Mphase p=1 dcount=0] [maxT p=0.981079 dcount=0] [Mpower p=0.0349121 dcount=0] [Mphase p=1 dcount=0] [maxT p=0.0349121 dcount=0]
P05/16	Mpower	 [Mpower p=0.107605 dcount=0] [Mphase p=1 dcount=0] [maxT p=0.107605 dcount=0] [Mpower p=0.444336 dcount=0] [Mphase p=1 dcount=0] [maxT p=0.444336 dcount=0]
P05/17	Mpower	 [Mpower p=0.518219 dcount=0] [Mphase p=1 dcount=0] [maxT p=0.518219 dcount=0] [Mpower p=0.041748 dcount=0] [Mphase p=1 dcount=0] [maxT p=0.041748 dcount=0]
P05/18	Mpower	 [Mpower p=0.00149536 dcount=0] [Mphase p=1 dcount=0] [maxT p=0.00149536 dcount=0] [Mpower p=0.740967 dcount=0] [Mphase p=1 dcount=0] [maxT p=0.740967 dcount=0]
P05/19	Mpower	 [Mpower p=0.603027 dcount=0] [Mphase p=1 dcount=0] [maxT p=0.603027 dcount=0] [Mpower p=0.356689 dcount=0] [Mphase p=1 dcount=0] [maxT p=0.356689 dcount=0]
P05/20	Mpower	 [Mpower p=0.824158 dcount=0] [Mphase p=1 dcount=0] [maxT p=0.824158 dcount=0] [Mpower p=0.697021 dcount=0] [Mphase p=1 dcount=0] [maxT p=0.697021 dcount=0]
P05/21	Mpower	 [Mpower p=0.670074 dcount=0] [Mphase p=1 dcount=0] [maxT p=0.670074 dcount=0] [Mpower p=0.155029 dcount=0] [Mphase p=1 dcount=0] [maxT p=0.155029 dcount=0]
P05/22	Mpower	 [Mpower p=0.164215 dcount=0] [Mphase p=1 dcount=0] [maxT p=0.164215 dcount=0] [Mpower p=0.808838 dcount=0] [Mphase p=1 dcount=0] [maxT p=0.808838 dcount=0]
P05/23	Mpower	 [Mpower p=0.897827 dcount=0] [Mphase p=1 dcount=0] [maxT p=0.897827 dcount=0] [Mpower p=0.0246582 dcount=0] [Mphase p=1 dcount=0] [maxT p=0.0246582 dcount=0]
P05/24	Mpower	 [Mpower p=0.459106 dcount=0] [Mphase p=1 dcount=0] [maxT p=0.459106 dcount=0] [Mpower p=0.998291 dcount=0] [Mphase p=1 dcount=0] [maxT p=0.998291 dcount=0]
P05/25	Mpower	 [Mpower p=0.283752 dcount=0] [Mphase p=1 dcount=0] [maxT p=0.283752 dcount=0] [Mpower p=0.44458 dcount=0] [Mphase p=1 dcount=0] [maxT p=0.44458 dcount=0]
P05/26	Mpower	 [Mpower p=0.687805 dcount=0] [Mphase p=1 dcount=0] [maxT p=0.687805 dcount=0] [Mpower p=0.960938 dcount=0] [Mphase p=1 dcount=0] [maxT p=0.960938 dcount=0]
P05/27	Mpower	 [Mpower p=0.806519 dcount=0] [Mphase p=1 dcount=0] [maxT p=0.806519 dcount=0] [Mpower p=0.88623 dcount=0] [Mphase p=1 dcount=0] [maxT p=0.88623 dcount=0]
P05/28	Mpower	 [Mpower p=0.223694 dcount=0] [Mphase p=1 dcount=0] [maxT p=0.223694 dcount=0] [Mpower p=0.112793 dcount=0] [Mphase p=1 dcount=0] [maxT p=0.112793 dcount=0]
P05/29	Mpower	 [Mpower p=0.952637 dcount=0] [Mphase p=1 dcount=0] [maxT p=0.952637 dcount=0] [Mpower p=0.208008 dcount=0] [Mphase p=1 dcount=0] [maxT p=0.208008 dcount=0]
P05/30	Mpower	 [Mpower p=0.377289 dcount=0] [Mphase p=1 dcount=0] [maxT p=0.377289 dcount=0] [Mpower p=0.472656 dcount=0] [Mphase p=1 dcount=0] [maxT p=0.472656 dcount=0]
P05/31	Mpower	 [Mpower p=0.433716 dcount=0] [Mphase p=1 dcount=0] [maxT p=0.433716 dcount=0] [Mpower p=0.570557 dcount=0] [Mphase p=1 dcount=0] [maxT p=0.570557 dcount=0]
P05/32	Mpower	 [Mpower p=0.462463 dcount=0] [Mphase p=1 dcount=0] [maxT p=0.462463 dcount=0] [Mpower p=0.310303 dcount=0] [Mphase p=1 dcount=0] [maxT p=0.310303 dcount=0]
P05/33	Mpower	 [Mpower p=0.33667 dcount=0] [Mphase p=1 dcount=0] [maxT p=0.33667 dcount=0] [Mpower p=0.0551758 dcount=0] [Mphase p=1 dcount=0] [maxT p=0.0551758 dcount=0]
P05/34	Mpower	 [Mpower p=0.77417 dcount=0] [Mphase p=1 dcount=0] [maxT p=0.77417 dcount=0] [Mpower p=0.0463867 dcount=0] [Mphase p=1 dcount=0] [maxT p=0.0463867 dcount=0]
P05/35	Mpower	 [Mpower p=0.4086 dcount=0] [Mphase p=1 dcount=0] [maxT p=0.4086 dcount=0] [Mpower p=0.0588379 dcount=0] [Mphase p=1 dcount=0] [maxT p=0.0588379 dcount=0]
P05/36	Mpower	 [Mpower p=0.344971 dcount=0] [Mphase p=1 dcount=0] [maxT p=0.344971 dcount=0] [Mpower p=0.137695 dcount=0] [Mphase p=1 dcount=0] [maxT p=0.137695 dcount=0]
P05/37	Mpower	 [Mpower p=0.0158691 dcount=0] [Mphase p=1 dcount=0] [maxT p=0.0158691 dcount=0] [Mpower p=0.919922 dcount=0] [Mphase p=1 dcount=0] [maxT p=0.919922 dcount=0]
P05/38	Mpower	 [Mpower p=0.16925 dcount=0] [Mphase p=1 dcount=0] [maxT p=0.16925 dcount=0] [Mpower p=0.0688477 dcount=0] [Mphase p=1 dcount=0] [maxT p=0.0688477 dcount=0]
P05/39	Mpower	 [Mpower p=0.314209 dcount=0] [Mphase p=1 dcount=0] [maxT p=0.314209 dcount=0] [Mpower p=0.827637 dcount=0] [Mphase p=1 dcount=0] [maxT p=0.827637 dcount=0]
P05/40	Mpower	 [Mpower p=0.873138 dcount=0] [Mphase p=1 dcount=0] [maxT p=0.873138 dcount=0] [Mpower p=0.666992 dcount=0] [Mphase p=1 dcount=0] [maxT p=0.666992 dcount=0]
P05/41	Mpower	 [Mpower p=0.359833 dcount=0] [Mphase p=1 dcount=0] [maxT p=0.359833 dcount=0] [Mpower p=0.174805 dcount=0] [Mphase p=1 dcount=0] [maxT p=0.174805 dcount=0]
P05/42	Mpower	 [Mpower p=0.955627 dcount=0] [Mphase p=1 dcount=0] [maxT p=0.955627 dcount=0] [Mpower p=0.630127 dcount=0] [Mphase p=1 dcount=0] [maxT p=0.630127 dcount=0]
P05/43	Mpower	 [Mpower p=0.339325 dcount=0] [Mphase p=1 dcount=0] [maxT p=0.339325 dcount=0] [Mpower p=0.566406 dcount=0] [Mphase p=1 dcount=0] [maxT p=0.566406 dcount=0]
P05/44	Mpower	 [Mpower p=0.0715942 dcount=0] [Mphase p=1 dcount=0] [maxT p=0.0715942 dcount=0] [Mpower p=0.0754395 dcount=0] [Mphase p=1 dcount=0] [maxT p=0.0754395 dcount=0]
P05/45	Mpower	 [Mpower p=0.690582 dcount=0] [Mphase p=1 dcount=0] [maxT p=0.690582 dcount=0] [Mpower p=0.553223 dcount=0] [Mphase p=1 dcount=0] [maxT p=0.553223 dcount=0]
P05/46	Mpower	 [Mpower p=0.615387 dcount=0] [Mphase p=1 dcount=0] [maxT p=0.615387 dcount=0] [Mpower p=0.127686 dcount=0] [Mphase p=1 dcount=0] [maxT p=0.127686 dcount=0]
P05/47	Mpower	 [Mpower p=0.526245 dcount=0] [Mphase p=1 dcount=0] [maxT p=0.526245 dcount=0] [Mpower p=0.459229 dcount=0] [Mphase p=1 dcount=0] [maxT p=0.459229 dcount=0]
P05/48	Mpower	 [Mpower p=0.559052 dcount=0] [Mphase p=1 dcount=0] [maxT p=0.559052 dcount=0] [Mpower p=0.309082 dcount=0] [Mphase p=1 dcount=0] [maxT p=0.309082 dcount=0]
P05/49	Mpower	 [Mpower p=0.338898 dcount=0] [Mphase p=1 dcount=0] [maxT p=0.338898 dcount=0] [Mpower p=0.842041 dcount=0] [Mphase p=1 dcount=0] [maxT p=0.842041 dcount=0]
P05/50	Mpower	 [Mpower p=0.241486 dcount=0] [Mphase p=1 dcount=0] [maxT p=0.241486 dcount=0] [Mpower p=0.977051 dcount=0] [Mphase p=1 dcount=0] [maxT p=0.977051 dcount=0]
P05/51	Mpower	 [Mpower p=0.823059 dcount=0] [Mphase p=1 dcount=0] [maxT p=0.823059 dcount=0] [Mpower p=0.309814 dcount=0] [Mphase p=1 dcount=0] [maxT p=0.309814 dcount=0]
P05/52	Mpower	 [Mpower p=0.452484 dcount=0] [Mphase p=1 dcount=0] [maxT p=0.452484 dcount=0] [Mpower p=0.494385 dcount=0] [Mphase p=1 dcount=0] [maxT p=0.494385 dcount=0]
P05/53	Mpower	 [Mpower p=0.867371 dcount=0] [Mphase p=1 dcount=0] [maxT p=0.867371 dcount=0] [Mpower p=0.157959 dcount=0] [Mphase p=1 dcount=0] [maxT p=0.157959 dcount=0]
P05/54	Mpower	 [Mpower p=0.519989 dcount=0] [Mphase p=1 dcount=0] [maxT p=0.519989 dcount=0] [Mpower p=0.0549316 dcount=0] [Mphase p=1 dcount=0] [maxT p=0.0549316 dcount=0]
P05/55	Mpower	 [Mpower p=0.953583 dcount=0] [Mphase p=1 dcount=0] [maxT p=0.953583 dcount=0] [Mpower p=0.931641 dcount=0] [Mphase p=1 dcount=0] [maxT p=0.931641 dcount=0]
P05/56	Mpower	 [Mpower p=0.510468 dcount=0] [Mphase p=1 dcount=0] [maxT p=0.510468 dcount=0] [Mpower p=0.64209 dcount=0] [Mphase p=1 dcount=0] [maxT p=0.64209 dcount=0]
P05/57	Mpower	 [Mpower p=0.536652 dcount=0] [Mphase p=1 dcount=0] [maxT p=0.536652 dcount=0] [Mpower p=0.212158 dcount=0] [Mphase p=1 dcount=0] [maxT p=0.212158 dcount=0]
P05/58	Mpower	 [Mpower p=0.652954 dcount=0] [Mphase p=1 dcount=0] [maxT p=0.652954 dcount=0] [Mpower p=0.641846 dcount=0] [Mphase p=1 dcount=0] [maxT p=0.641846 dcount=0]
P05/59	Mpower	 [Mpower p=0.16333 dcount=0] [Mphase p=1 dcount=0] [maxT p=0.16333 dcount=0] [Mpower p=0.602783 dcount=0] [Mphase p=1 dcount=0] [maxT p=0.602783 dcount=0]
P05/60	Mpower	 [Mpower p=0.006073 dcount=0] [Mphase p=1 dcount=0] [maxT p=0.006073 dcount=0] [Mpower p=0.37915 dcount=0] [Mphase p=1 dcount=0] [maxT p=0.37915 dcount=0]
P05/61	Mpower	 [Mpower p=0.978729 dcount=0] [Mphase p=1 dcount=0] [maxT p=0.978729 dcount=0] [Mpower p=0.0541992 dcount=0] [Mphase p=1 dcount=0] [maxT p=0.0541992 dcount=0]
P05/62	Mpower	 [Mpower p=0.616638 dcount=0] [Mphase p=1 dcount=0] [maxT p=0.616638 dcount=0] [Mpower p=0.579102 dcount=0] [Mphase p=1 dcount=0] [maxT p=0.579102 dcount=0]
P05/63	Mpower	 [Mpower p=0.250275 dcount=0] [Mphase p=1 dcount=0] [maxT p=0.250275 dcount=0] [Mpower p=0.688477 dcount=0] [Mphase p=1 dcount=0] [maxT p=0.688477 dcount=0]
P05/64	Mpower	 [Mpower p=0.038147 dcount=0] [Mphase p=1 dcount=0] [maxT p=0.038147 dcount=0] [Mpower p=0.195312 dcount=0] [Mphase p=1 dcount=0] [maxT p=0.195312 dcount=0]
P06/1	Mpower	 [Mpower p=0.277496 dcount=0] [Mphase p=1 dcount=0] [maxT p=0.277496 dcount=0] [Mpower p=0.116699 dcount=0] [Mphase p=1 dcount=0] [maxT p=0.116699 dcount=0]
P06/2	Mpower	 [Mpower p=0.595306 dcount=0] [Mphase p=1 dcount=0] [maxT p=0.595306 dcount=0] [Mpower p=0.569092 dcount=0] [Mphase p=1 dcount=0] [maxT p=0.569092 dcount=0]
P06/3	Mpower	 [Mpower p=0.0828857 dcount=0] [Mphase p=1 dcount=0] [maxT p=0.0828857 dcount=0] [Mpower p=0.520508 dcount=0] [Mphase p=1 dcount=0] [maxT p=0.520508 dcount=0]
P06/4	Mpower	 [Mpower p=0.289001 dcount=0] [Mphase p=1 dcount=0] [maxT p=0.289001 dcount=0] [Mpower p=0.520508 dcount=0] [Mphase p=1 dcount=0] [maxT p=0.520508 dcount=0]
P06/5	Mpower	 [Mpower p=0.113098 dcount=0] [Mphase p=1 dcount=0] [maxT p=0.113098 dcount=0] [Mpower p=0.571533 dcount=0] [Mphase p=1 dcount=0] [maxT p=0.571533 dcount=0]
P06/6	Mpower	 [Mpower p=0.101593 dcount=0] [Mphase p=1 dcount=0] [maxT p=0.101593 dcount=0] [Mpower p=0.957275 dcount=0] [Mphase p=1 dcount=0] [maxT p=0.957275 dcount=0]
P06/7	Mpower	 [Mpower p=0.851379 dcount=0] [Mphase p=1 dcount=0] [maxT p=0.851379 dcount=0] [Mpower p=0.830322 dcount=0] [Mphase p=1 dcount=0] [maxT p=0.830322 dcount=0]
P06/8	Mpower	 [Mpower p=0.684296 dcount=0] [Mphase p=1 dcount=0] [maxT p=0.684296 dcount=0] [Mpower p=0.0351562 dcount=0] [Mphase p=1 dcount=0] [maxT p=0.0351562 dcount=0]
P06/9	Mpower	 [Mpower p=0.369141 dcount=0] [Mphase p=1 dcount=0] [maxT p=0.369141 dcount=0] [Mpower p=0.862549 dcount=0] [Mphase p=1 dcount=0] [maxT p=0.862549 dcount=0]
P06/10	Mpower	 [Mpower p=0.720062 dcount=0] [Mphase p=1 dcount=0] [maxT p=0.720062 dcount=0] [Mpower p=0.282715 dcount=0] [Mphase p=1 dcount=0] [maxT p=0.282715 dcount=0]
P06/11	Mpower	 [Mpower p=0.701202 dcount=0] [Mphase p=1 dcount=0] [maxT p=0.701202 dcount=0] [Mpower p=0.354248 dcount=0] [Mphase p=1 dcount=0] [maxT p=0.354248 dcount=0]
P06/12	Mpower	 [Mpower p=0.834808 dcount=0] [Mphase p=1 dcount=0] [maxT p=0.834808 dcount=0] [Mpower p=0.147949 dcount=0] [Mphase p=1 dcount=0] [maxT p=0.147949 dcount=0]
P06/13	Mpower	 [Mpower p=0.372986 dcount=0] [Mphase p=1 dcount=0] [maxT p=0.372986 dcount=0] [Mpower p=0.781494 dcount=0] [Mphase p=1 dcount=0] [maxT p=0.781494 dcount=0]
P06/14	Mpower	 [Mpower p=0.267181 dcount=0] [Mphase p=1 dcount=0] [maxT p=0.267181 dcount=0] [Mpower p=0.427979 dcount=0] [Mphase p=1 dcount=0] [maxT p=0.427979 dcount=0]
P06/15	Mpower	 [Mpower p=0.853302 dcount=0] [Mphase p=1 dcount=0] [maxT p=0.853302 dcount=0] [Mpower p=0.25415 dcount=0] [Mphase p=1 dcount=0] [maxT p=0.25415 dcount=0]
P06/16	Mpower	 [Mpower p=0.0864258 dcount=0] [Mphase p=1 dcount=0] [maxT p=0.0864258 dcount=0] [Mpower p=0.547119 dcount=0] [Mphase p=1 dcount=0] [maxT p=0.547119 dcount=0]
P06/17	Mpower	 [Mpower p=0.754883 dcount=0] [Mphase p=1 dcount=0] [maxT p=0.754883 dcount=0] [Mpower p=0.090332 dcount=0] [Mphase p=1 dcount=0] [maxT p=0.090332 dcount=0]
P06/18	Mpower	 [Mpower p=0.00280762 dcount=0] [Mphase p=1 dcount=0] [maxT p=0.00280762 dcount=0] [Mpower p=0.979492 dcount=0] [Mphase p=1 dcount=0] [maxT p=0.979492 dcount=0]
P06/19	Mpower	 [Mpower p=0.740692 dcount=0] [Mphase p=1 dcount=0] [maxT p=0.740692 dcount=0] [Mpower p=0.608398 dcount=0] [Mphase p=1 dcount=0] [maxT p=0.608398 dcount=0]
P06/20	Mpower	 [Mpower p=0.457306 dcount=0] [Mphase p=1 dcount=0] [maxT p=0.457306 dcount=0] [Mpower p=0.305664 dcount=0] [Mphase p=1 dcount=0] [maxT p=0.305664 dcount=0]
P06/21	Mpower	 [Mpower p=0.902924 dcount=0] [Mphase p=1 dcount=0] [maxT p=0.902924 dcount=0] [Mpower p=0.286621 dcount=0] [Mphase p=1 dcount=0] [maxT p=0.286621 dcount=0]
P06/22	Mpower	 [Mpower p=0.231506 dcount=0] [Mphase p=1 dcount=0] [maxT p=0.231506 dcount=0] [Mpower p=0.897217 dcount=0] [Mphase p=1 dcount=0] [maxT p=0.897217 dcount=0]
P06/23	Mpower	 [Mpower p=0.960327 dcount=0] [Mphase p=1 dcount=0] [maxT p=0.960327 dcount=0] [Mpower p=0.0874023 dcount=0] [Mphase p=1 dcount=0] [maxT p=0.0874023 dcount=0]
P06/24	Mpower	 [Mpower p=0.230865 dcount=0] [Mphase p=1 dcount=0] [maxT p=0.230865 dcount=0] [Mpower p=0.0808105 dcount=0] [Mphase p=1 dcount=0] [maxT p=0.0808105 dcount=0]
P06/25	Mpower	 [Mpower p=0.887573 dcount=0] [Mphase p=1 dcount=0] [maxT p=0.887573 dcount=0] [Mpower p=0.158936 dcount=0] [Mphase p=1 dcount=0] [maxT p=0.158936 dcount=0]
P06/26	Mpower	 [Mpower p=0.680786 dcount=0] [Mphase p=1 dcount=0] [maxT p=0.680786 dcount=0] [Mpower p=0.273193 dcount=0] [Mphase p=1 dcount=0] [maxT p=0.273193 dcount=0]
P06/27	Mpower	 [Mpower p=0.752838 dcount=0] [Mphase p=1 dcount=0] [maxT p=0.752838 dcount=0] [Mpower p=0.256348 dcount=0] [Mphase p=1 dcount=0] [maxT p=0.256348 dcount=0]
P06/28	Mpower	 [Mpower p=0.492249 dcount=0] [Mphase p=1 dcount=0] [maxT p=0.492249 dcount=0] [Mpower p=0.268066 dcount=0] [Mphase p=1 dcount=0] [maxT p=0.268066 dcount=0]
P06/29	Mpower	 [Mpower p=0.949951 dcount=0] [Mphase p=1 dcount=0] [maxT p=0.949951 dcount=0] [Mpower p=0.244873 dcount=0] [Mphase p=1 dcount=0] [maxT p=0.244873 dcount=0]
P06/30	Mpower	 [Mpower p=0.585449 dcount=0] [Mphase p=1 dcount=0] [maxT p=0.585449 dcount=0] [Mpower p=0.473633 dcount=0] [Mphase p=1 dcount=0] [maxT p=0.473633 dcount=0]
P06/31	Mpower	 [Mpower p=0.352325 dcount=0] [Mphase p=1 dcount=0] [maxT p=0.352325 dcount=0] [Mpower p=0.0314941 dcount=0] [Mphase p=1 dcount=0] [maxT p=0.0314941 dcount=0]
P06/32	Mpower	 [Mpower p=0.656647 dcount=0] [Mphase p=1 dcount=0] [maxT p=0.656647 dcount=0] [Mpower p=0.395264 dcount=0] [Mphase p=1 dcount=0] [maxT p=0.395264 dcount=0]
P06/33	Mpower	 [Mpower p=0.974457 dcount=0] [Mphase p=1 dcount=0] [maxT p=0.974457 dcount=0] [Mpower p=0.0805664 dcount=0] [Mphase p=1 dcount=0] [maxT p=0.0805664 dcount=0]
P06/34	Mpower	 [Mpower p=0.416351 dcount=0] [Mphase p=1 dcount=0] [maxT p=0.416351 dcount=0] [Mpower p=0.27124 dcount=0] [Mphase p=1 dcount=0] [maxT p=0.27124 dcount=0]
P06/35	Mpower	 [Mpower p=0.551758 dcount=0] [Mphase p=1 dcount=0] [maxT p=0.551758 dcount=0] [Mpower p=0.0197754 dcount=0] [Mphase p=1 dcount=0] [maxT p=0.0197754 dcount=0]
P06/36	Mpower	 [Mpower p=0.41925 dcount=0] [Mphase p=1 dcount=0] [maxT p=0.41925 dcount=0] [Mpower p=0.399658 dcount=0] [Mphase p=1 dcount=0] [maxT p=0.399658 dcount=0]
P06/37	Mpower	 [Mpower p=0.00192261 dcount=0] [Mphase p=1 dcount=0] [maxT p=0.00192261 dcount=0] [Mpower p=0.786621 dcount=0] [Mphase p=1 dcount=0] [maxT p=0.786621 dcount=0]
P06/38	Mpower	 [Mpower p=0.492554 dcount=0] [Mphase p=1 dcount=0] [maxT p=0.492554 dcount=0] [Mpower p=0.267822 dcount=0] [Mphase p=1 dcount=0] [maxT p=0.267822 dcount=0]
P06/39	Mpower	 [Mpower p=0.298248 dcount=0] [Mphase p=1 dcount=0] [maxT p=0.298248 dcount=0] [Mpower p=0.871582 dcount=0] [Mphase p=1 dcount=0] [maxT p=0.871582 dcount=0]
P06/40	Mpower	 [Mpower p=0.705994 dcount=0] [Mphase p=1 dcount=0] [maxT p=0.705994 dcount=0] [Mpower p=0.410889 dcount=0] [Mphase p=1 dcount=0] [maxT p=0.410889 dcount=0]
P06/41	Mpower	 [Mpower p=0.641357 dcount=0] [Mphase p=1 dcount=0] [maxT p=0.641357 dcount=0] [Mpower p=0.150879 dcount=0] [Mphase p=1 dcount=0] [maxT p=0.150879 dcount=0]
P06/42	Mpower	 [Mpower p=0.817596 dcount=0] [Mphase p=1 dcount=0] [maxT p=0.817596 dcount=0] [Mpower p=0.700928 dcount=0] [Mphase p=1 dcount=0] [maxT p=0.700928 dcount=0]
P06/43	Mpower	 [Mpower p=0.981232 dcount=0] [Mphase p=1 dcount=0] [maxT p=0.981232 dcount=0] [Mpower p=0.539795 dcount=0] [Mphase p=1 dcount=0] [maxT p=0.539795 dcount=0]
P06/44	Mpower	 [Mpower p=0.603638 dcount=0] [Mphase p=1 dcount=0] [maxT p=0.603638 dcount=0] [Mpower p=0.191895 dcount=0] [Mphase p=1 dcount=0] [maxT p=0.191895 dcount=0]
P06/45	Mpower	 [Mpower p=0.814453 dcount=0] [Mphase p=1 dcount=0] [maxT p=0.814453 dcount=0] [Mpower p=0.685547 dcount=0] [Mphase p=1 dcount=0] [maxT p=0.685547 dcount=0]
P06/46	Mpower	 [Mpower p=0.27182 dcount=0] [Mphase p=1 dcount=0] [maxT p=0.27182 dcount=0] [Mpower p=0.139893 dcount=0] [Mphase p=1 dcount=0] [maxT p=0.139893 dcount=0]
P06/47	Mpower	 [Mpower p=0.622192 dcount=0] [Mphase p=1 dcount=0] [maxT p=0.622192 dcount=0] [Mpower p=0.865967 dcount=0] [Mphase p=1 dcount=0] [maxT p=0.865967 dcount=0]
P06/48	Mpower	 [Mpower p=0.948578 dcount=0] [Mphase p=1 dcount=0] [maxT p=0.948578 dcount=0] [Mpower p=0.25415 dcount=0] [Mphase p=1 dcount=0] [maxT p=0.25415 dcount=0]
P06/49	Mpower	 [Mpower p=0.121094 dcount=0] [Mphase p=1 dcount=0] [maxT p=0.121094 dcount=0] [Mpower p=0.843994 dcount=0] [Mphase p=1 dcount=0] [maxT p=0.843994 dcount=0]
P06/50	Mpower	 [Mpower p=0.172974 dcount=0] [Mphase p=1 dcount=0] [maxT p=0.172974 dcount=0] [Mpower p=0.565186 dcount=0] [Mphase p=1 dcount=0] [maxT p=0.565186 dcount=0]
P06/51	Mpower	 [Mpower p=0.491272 dcount=0] [Mphase p=1 dcount=0] [maxT p=0.491272 dcount=0] [Mpower p=0.583496 dcount=0] [Mphase p=1 dcount=0] [maxT p=0.583496 dcount=0]
P06/52	Mpower	 [Mpower p=0.608978 dcount=0] [Mphase p=1 dcount=0] [maxT p=0.608978 dcount=0] [Mpower p=0.658203 dcount=0] [Mphase p=1 dcount=0] [maxT p=0.658203 dcount=0]
P06/53	Mpower	 [Mpower p=0.31839 dcount=0] [Mphase p=1 dcount=0] [maxT p=0.31839 dcount=0] [Mpower p=0.422363 dcount=0] [Mphase p=1 dcount=0] [maxT p=0.422363 dcount=0]
P06/54	Mpower	 [Mpower p=0.894348 dcount=0] [Mphase p=1 dcount=0] [maxT p=0.894348 dcount=0] [Mpower p=0.0695801 dcount=0] [Mphase p=1 dcount=0] [maxT p=0.0695801 dcount=0]
P06/55	Mpower	 [Mpower p=0.31778 dcount=0] [Mphase p=1 dcount=0] [maxT p=0.31778 dcount=0] [Mpower p=0.919189 dcount=0] [Mphase p=1 dcount=0] [maxT p=0.919189 dcount=0]
P06/56	Mpower	 [Mpower p=0.412537 dcount=0] [Mphase p=1 dcount=0] [maxT p=0.412537 dcount=0] [Mpower p=0.79126 dcount=0] [Mphase p=1 dcount=0] [maxT p=0.79126 dcount=0]
P06/57	Mpower	 [Mpower p=0.87204 dcount=0] [Mphase p=1 dcount=0] [maxT p=0.87204 dcount=0] [Mpower p=0.0251465 dcount=0] [Mphase p=1 dcount=0] [maxT p=0.0251465 dcount=0]
P06/58	Mpower	 [Mpower p=0.88678 dcount=0] [Mphase p=1 dcount=0] [maxT p=0.88678 dcount=0] [Mpower p=0.854736 dcount=0] [Mphase p=1 dcount=0] [maxT p=0.854736 dcount=0]
P06/59	Mpower	 [Mpower p=0.28476 dcount=0] [Mphase p=1 dcount=0] [maxT p=0.28476 dcount=0] [Mpower p=0.943359 dcount=0] [Mphase p=1 dcount=0] [maxT p=0.943359 dcount=0]
P06/60	Mpower	 [Mpower p=0.296936 dcount=0] [Mphase p=1 dcount=0] [maxT p=0.296936 dcount=0] [Mpower p=0.932861 dcount=0] [Mphase p=1 dcount=0] [maxT p=0.932861 dcount=0]
P06/61	Mpower	 [Mpower p=0.973663 dcount=0] [Mphase p=1 dcount=0] [maxT p=0.973663 dcount=0] [Mpower p=0.105957 dcount=0] [Mphase p=1 dcount=0] [maxT p=0.105957 dcount=0]
P06/62	Mpower	 [Mpower p=0.857605 dcount=0] [Mphase p=1 dcount=0] [maxT p=0.857605 dcount=0] [Mpower p=0.572266 dcount=0] [Mphase p=1 dcount=0] [maxT p=0.572266 dcount=0]
P06/63	Mpower	 [Mpower p=0.763641 dcount=0] [Mphase p=1 dcount=0] [maxT p=0.763641 dcount=0] [Mpower p=0.651123 dcount=0] [Mphase p=1 dcount=0] [maxT p=0.651123 dcount=0]
P06/64	Mpower	 [Mpower p=0.186829 dcount=0] [Mphase p=1 dcount=0] [maxT p=0.186829 dcount=0] [Mpower p=0.454834 dcount=0] [Mphase p=1 dcount=0] [maxT p=0.454834 dcount=0]
P07/1	Mpower	 [Mpower p=0.510284 dcount=0] [Mphase p=1 dcount=0] [maxT p=0.510284 dcount=0] [Mpower p=0.142822 dcount=0] [Mphase p=1 dcount=0] [maxT p=0.142822 dcount=0]
P07/2	Mpower	 [Mpower p=0.91571 dcount=0] [Mphase p=1 dcount=0] [maxT p=0.91571 dcount=0] [Mpower p=0.845215 dcount=0] [Mphase p=1 dcount=0] [maxT p=0.845215 dcount=0]
P07/3	Mpower	 [Mpower p=0.214111 dcount=0] [Mphase p=1 dcount=0] [maxT p=0.214111 dcount=0] [Mpower p=0.526123 dcount=0] [Mphase p=1 dcount=0] [maxT p=0.526123 dcount=0]
P07/4	Mpower	 [Mpower p=0.917145 dcount=0] [Mphase p=1 dcount=0] [maxT p=0.917145 dcount=0] [Mpower p=0.331543 dcount=0] [Mphase p=1 dcount=0] [maxT p=0.331543 dcount=0]
P07/5	Mpower	 [Mpower p=0.228363 dcount=0] [Mphase p=1 dcount=0] [maxT p=0.228363 dcount=0] [Mpower p=0.430176 dcount=0] [Mphase p=1 dcount=0] [maxT p=0.430176 dcount=0]
P07/6	Mpower	 [Mpower p=0.917694 dcount=0] [Mphase p=1 dcount=0] [maxT p=0.917694 dcount=0] [Mpower p=0.866211 dcount=0] [Mphase p=1 dcount=0] [maxT p=0.866211 dcount=0]
P07/7	Mpower	 [Mpower p=0.775726 dcount=0] [Mphase p=1 dcount=0] [maxT p=0.775726 dcount=0] [Mpower p=0.957764 dcount=0] [Mphase p=1 dcount=0] [maxT p=0.957764 dcount=0]
P07/8	Mpower	 [Mpower p=0.936981 dcount=0] [Mphase p=1 dcount=0] [maxT p=0.936981 dcount=0] [Mpower p=0.173096 dcount=0] [Mphase p=1 dcount=0] [maxT p=0.173096 dcount=0]
P07/9	Mpower	 [Mpower p=0.476898 dcount=0] [Mphase p=1 dcount=0] [maxT p=0.476898 dcount=0] [Mpower p=0.118652 dcount=0] [Mphase p=1 dcount=0] [maxT p=0.118652 dcount=0]
P07/10	Mpower	 [Mpower p=0.146301 dcount=0] [Mphase p=1 dcount=0] [maxT p=0.146301 dcount=0] [Mpower p=0.849365 dcount=0] [Mphase p=1 dcount=0] [maxT p=0.849365 dcount=0]
P07/11	Mpower	 [Mpower p=0.805969 dcount=0] [Mphase p=1 dcount=0] [maxT p=0.805969 dcount=0] [Mpower p=0.120605 dcount=0] [Mphase p=1 dcount=0] [maxT p=0.120605 dcount=0]
P07/12	Mpower	 [Mpower p=0.972076 dcount=0] [Mphase p=1 dcount=0] [maxT p=0.972076 dcount=0] [Mpower p=0.222656 dcount=0] [Mphase p=1 dcount=0] [maxT p=0.222656 dcount=0]
P07/13	Mpower	 [Mpower p=0.261261 dcount=0] [Mphase p=1 dcount=0] [maxT p=0.261261 dcount=0] [Mpower p=0.195312 dcount=0] [Mphase p=1 dcount=0] [maxT p=0.195312 dcount=0]
P07/14	Mpower	 [Mpower p=0.0521545 dcount=0] [Mphase p=1 dcount=0] [maxT p=0.0521545 dcount=0] [Mpower p=0.435791 dcount=0] [Mphase p=1 dcount=0] [maxT p=0.435791 dcount=0]
P07/15	Mpower	 [Mpower p=0.437897 dcount=0] [Mphase p=1 dcount=0] [maxT p=0.437897 dcount=0] [Mpower p=0.115723 dcount=0] [Mphase p=1 dcount=0] [maxT p=0.115723 dcount=0]
P07/16	Mpower	 [Mpower p=0.134094 dcount=0] [Mphase p=1 dcount=0] [maxT p=0.134094 dcount=0] [Mpower p=0.4646 dcount=0] [Mphase p=1 dcount=0] [maxT p=0.4646 dcount=0]
P07/17	Mpower	 [Mpower p=0.126526 dcount=0] [Mphase p=1 dcount=0] [maxT p=0.126526 dcount=0] [Mpower p=0.0913086 dcount=0] [Mphase p=1 dcount=0] [maxT p=0.0913086 dcount=0]
P07/18	Mpower	 [Mpower p=0.00442505 dcount=0] [Mphase p=1 dcount=0] [maxT p=0.00442505 dcount=0] [Mpower p=0.422363 dcount=0] [Mphase p=1 dcount=0] [maxT p=0.422363 dcount=0]
P07/19	Mpower	 [Mpower p=0.332458 dcount=0] [Mphase p=1 dcount=0] [maxT p=0.332458 dcount=0] [Mpower p=0.394043 dcount=0] [Mphase p=1 dcount=0] [maxT p=0.394043 dcount=0]
P07/20	Mpower	 [Mpower p=0.688477 dcount=0] [Mphase p=1 dcount=0] [maxT p=0.688477 dcount=0] [Mpower p=0.766113 dcount=0] [Mphase p=1 dcount=0] [maxT p=0.766113 dcount=0]
P07/21	Mpower	 [Mpower p=0.324738 dcount=0] [Mphase p=1 dcount=0] [maxT p=0.324738 dcount=0] [Mpower p=0.762207 dcount=0] [Mphase p=1 dcount=0] [maxT p=0.762207 dcount=0]
P07/22	Mpower	 [Mpower p=0.0611572 dcount=0] [Mphase p=1 dcount=0] [maxT p=0.0611572 dcount=0] [Mpower p=0.686768 dcount=0] [Mphase p=1 dcount=0] [maxT p=0.686768 dcount=0]
P07/23	Mpower	 [Mpower p=0.899689 dcount=0] [Mphase p=1 dcount=0] [maxT p=0.899689 dcount=0] [Mpower p=0.179199 dcount=0] [Mphase p=1 dcount=0] [maxT p=0.179199 dcount=0]
P07/24	Mpower	 [Mpower p=0.243774 dcount=0] [Mphase p=1 dcount=0] [maxT p=0.243774 dcount=0] [Mpower p=0.0776367 dcount=0] [Mphase p=1 dcount=0] [maxT p=0.0776367 dcount=0]
P07/25	Mpower	 [Mpower p=0.273102 dcount=0] [Mphase p=1 dcount=0] [maxT p=0.273102 dcount=0] [Mpower p=0.0827637 dcount=0] [Mphase p=1 dcount=0] [maxT p=0.0827637 dcount=0]
P07/26	Mpower	 [Mpower p=0.72229 dcount=0] [Mphase p=1 dcount=0] [maxT p=0.72229 dcount=0] [Mpower p=0.989258 dcount=0] [Mphase p=1 dcount=0] [maxT p=0.989258 dcount=0]
P07/27	Mpower	 [Mpower p=0.742096 dcount=0] [Mphase p=1 dcount=0] [maxT p=0.742096 dcount=0] [Mpower p=0.293213 dcount=0] [Mphase p=1 dcount=0] [maxT p=0.293213 dcount=0]
P07/28	Mpower	 [Mpower p=0.867493 dcount=0] [Mphase p=1 dcount=0] [maxT p=0.867493 dcount=0] [Mpower p=0.276123 dcount=0] [Mphase p=1 dcount=0] [maxT p=0.276123 dcount=0]
P07/29	Mpower	 [Mpower p=0.978882 dcount=0] [Mphase p=1 dcount=0] [maxT p=0.978882 dcount=0] [Mpower p=0.222412 dcount=0] [Mphase p=1 dcount=0] [maxT p=0.222412 dcount=0]
P07/30	Mpower	 [Mpower p=0.185608 dcount=0] [Mphase p=1 dcount=0] [maxT p=0.185608 dcount=0] [Mpower p=0.670166 dcount=0] [Mphase p=1 dcount=0] [maxT p=0.670166 dcount=0]
P07/31	Mpower	 [Mpower p=0.174377 dcount=0] [Mphase p=1 dcount=0] [maxT p=0.174377 dcount=0] [Mpower p=0.127197 dcount=0] [Mphase p=1 dcount=0] [maxT p=0.127197 dcount=0]
P07/32	Mpower	 [Mpower p=0.111908 dcount=0] [Mphase p=1 dcount=0] [maxT p=0.111908 dcount=0] [Mpower p=0.269531 dcount=0] [Mphase p=1 dcount=0] [maxT p=0.269531 dcount=0]
P07/33	Mpower	 [Mpower p=0.830872 dcount=0] [Mphase p=1 dcount=0] [maxT p=0.830872 dcount=0] [Mpower p=0.0808105 dcount=0] [Mphase p=1 dcount=0] [maxT p=0.0808105 dcount=0]
P07/34	Mpower	 [Mpower p=0.254852 dcount=0] [Mphase p=1 dcount=0] [maxT p=0.254852 dcount=0] [Mpower p=0.209229 dcount=0] [Mphase p=1 dcount=0] [maxT p=0.209229 dcount=0]
P07/35	Mpower	 [Mpower p=0.40036 dcount=0] [Mphase p=1 dcount=0] [maxT p=0.40036 dcount=0] [Mpower p=0.0959473 dcount=0] [Mphase p=1 dcount=0] [maxT p=0.0959473 dcount=0]
P07/36	Mpower	 [Mpower p=0.250916 dcount=0] [Mphase p=1 dcount=0] [maxT p=0.250916 dcount=0] [Mpower p=0.940186 dcount=0] [Mphase p=1 dcount=0] [maxT p=0.940186 dcount=0]
P07/37	Mpower	 [Mpower p=0.0160522 dcount=0] [Mphase p=1 dcount=0] [maxT p=0.0160522 dcount=0] [Mpower p=0.625977 dcount=0] [Mphase p=1 dcount=0] [maxT p=0.625977 dcount=0]
P07/38	Mpower	 [Mpower p=0.17218 dcount=0] [Mphase p=1 dcount=0] [maxT p=0.17218 dcount=0] [Mpower p=0.921143 dcount=0] [Mphase p=1 dcount=0] [maxT p=0.921143 dcount=0]
P07/39	Mpower	 [Mpower p=0.599091 dcount=0] [Mphase p=1 dcount=0] [maxT p=0.599091 dcount=0] [Mpower p=0.750732 dcount=0] [Mphase p=1 dcount=0] [maxT p=0.750732 dcount=0]
P07/40	Mpower	 [Mpower p=0.294647 dcount=0] [Mphase p=1 dcount=0] [maxT p=0.294647 dcount=0] [Mpower p=0.556152 dcount=0] [Mphase p=1 dcount=0] [maxT p=0.556152 dcount=0]
P07/41	Mpower	 [Mpower p=0.461853 dcount=0] [Mphase p=1 dcount=0] [maxT p=0.461853 dcount=0] [Mpower p=0.442383 dcount=0] [Mphase p=1 dcount=0] [maxT p=0.442383 dcount=0]
P07/42	Mpower	 [Mpower p=0.579987 dcount=0] [Mphase p=1 dcount=0] [maxT p=0.579987 dcount=0] [Mpower p=0.662598 dcount=0] [Mphase p=1 dcount=0] [maxT p=0.662598 dcount=0]
P07/43	Mpower	 [Mpower p=0.893677 dcount=0] [Mphase p=1 dcount=0] [maxT p=0.893677 dcount=0] [Mpower p=0.205322 dcount=0] [Mphase p=1 dcount=0] [maxT p=0.205322 dcount=0]
P07/44	Mpower	 [Mpower p=0.0390015 dcount=0] [Mphase p=1 dcount=0] [maxT p=0.0390015 dcount=0] [Mpower p=0.483643 dcount=0] [Mphase p=1 dcount=0] [maxT p=0.483643 dcount=0]
P07/45	Mpower	 [Mpower p=0.371643 dcount=0] [Mphase p=1 dcount=0] [maxT p=0.371643 dcount=0] [Mpower p=0.40625 dcount=0] [Mphase p=1 dcount=0] [maxT p=0.40625 dcount=0]
P07/46	Mpower	 [Mpower p=0.14978 dcount=0] [Mphase p=1 dcount=0] [maxT p=0.14978 dcount=0] [Mpower p=0.109131 dcount=0] [Mphase p=1 dcount=0] [maxT p=0.109131 dcount=0]
P07/47	Mpower	 [Mpower p=0.619843 dcount=0] [Mphase p=1 dcount=0] [maxT p=0.619843 dcount=0] [Mpower p=0.934814 dcount=0] [Mphase p=1 dcount=0] [maxT p=0.934814 dcount=0]
P07/48	Mpower	 [Mpower p=0.500854 dcount=0] [Mphase p=1 dcount=0] [maxT p=0.500854 dcount=0] [Mpower p=0.373535 dcount=0] [Mphase p=1 dcount=0] [maxT p=0.373535 dcount=0]
P07/49	Mpower	 [Mpower p=0.207245 dcount=0] [Mphase p=1 dcount=0] [maxT p=0.207245 dcount=0] [Mpower p=0.829834 dcount=0] [Mphase p=1 dcount=0] [maxT p=0.829834 dcount=0]
P07/50	Mpower	 [Mpower p=0.44342 dcount=0] [Mphase p=1 dcount=0] [maxT p=0.44342 dcount=0] [Mpower p=0.684082 dcount=0] [Mphase p=1 dcount=0] [maxT p=0.684082 dcount=0]
P07/51	Mpower	 [Mpower p=0.478729 dcount=0] [Mphase p=1 dcount=0] [maxT p=0.478729 dcount=0] [Mpower p=0.811768 dcount=0] [Mphase p=1 dcount=0] [maxT p=0.811768 dcount=0]
P07/52	Mpower	 [Mpower p=0.859894 dcount=0] [Mphase p=1 dcount=0] [maxT p=0.859894 dcount=0] [Mpower p=0.300781 dcount=0] [Mphase p=1 dcount=0] [maxT p=0.300781 dcount=0]
P07/53	Mpower	 [Mpower p=0.859253 dcount=0] [Mphase p=1 dcount=0] [maxT p=0.859253 dcount=0] [Mpower p=0.721191 dcount=0] [Mphase p=1 dcount=0] [maxT p=0.721191 dcount=0]
P07/54	Mpower	 [Mpower p=0.54834 dcount=0] [Mphase p=1 dcount=0] [maxT p=0.54834 dcount=0] [Mpower p=0.231689 dcount=0] [Mphase p=1 dcount=0] [maxT p=0.231689 dcount=0]
P07/55	Mpower	 [Mpower p=0.212158 dcount=0] [Mphase p=1 dcount=0] [maxT p=0.212158 dcount=0] [Mpower p=0.369873 dcount=0] [Mphase p=1 dcount=0] [maxT p=0.369873 dcount=0]
P07/56	Mpower	 [Mpower p=0.988403 dcount=0] [Mphase p=1 dcount=0] [maxT p=0.988403 dcount=0] [Mpower p=0.713867 dcount=0] [Mphase p=1 dcount=0] [maxT p=0.713867 dcount=0]
P07/57	Mpower	 [Mpower p=0.907501 dcount=0] [Mphase p=1 dcount=0] [maxT p=0.907501 dcount=0] [Mpower p=0.0244141 dcount=0] [Mphase p=1 dcount=0] [maxT p=0.0244141 dcount=0]
P07/58	Mpower	 [Mpower p=0.87262 dcount=0] [Mphase p=1 dcount=0] [maxT p=0.87262 dcount=0] [Mpower p=0.612793 dcount=0] [Mphase p=1 dcount=0] [maxT p=0.612793 dcount=0]
P07/59	Mpower	 [Mpower p=0.622925 dcount=0] [Mphase p=1 dcount=0] [maxT p=0.622925 dcount=0] [Mpower p=0.751221 dcount=0] [Mphase p=1 dcount=0] [maxT p=0.751221 dcount=0]
P07/60	Mpower	 [Mpower p=0.364441 dcount=0] [Mphase p=1 dcount=0] [maxT p=0.364441 dcount=0] [Mpower p=0.591309 dcount=0] [Mphase p=1 dcount=0] [maxT p=0.591309 dcount=0]
P07/61	Mpower	 [Mpower p=0.759186 dcount=0] [Mphase p=1 dcount=0] [maxT p=0.759186 dcount=0] [Mpower p=0.260498 dcount=0] [Mphase p=1 dcount=0] [maxT p=0.260498 dcount=0]
P07/62	Mpower	 [Mpower p=0.352081 dcount=0] [Mphase p=1 dcount=0] [maxT p=0.352081 dcount=0] [Mpower p=0.424072 dcount=0] [Mphase p=1 dcount=0] [maxT p=0.424072 dcount=0]
P07/63	Mpower	 [Mpower p=0.680542 dcount=0] [Mphase p=1 dcount=0] [maxT p=0.680542 dcount=0] [Mpower p=0.839111 dcount=0] [Mphase p=1 dcount=0] [maxT p=0.839111 dcount=0]
P07/64	Mpower	 [Mpower p=0.344727 dcount=0] [Mphase p=1 dcount=0] [maxT p=0.344727 dcount=0] [Mpower p=0.216553 dcount=0] [Mphase p=1 dcount=0] [maxT p=0.216553 dcount=0]
P08/1	Mpower	 [Mpower p=0.497925 dcount=0] [Mphase p=1 dcount=0] [maxT p=0.497925 dcount=0] [Mpower p=0.0751953 dcount=0] [Mphase p=1 dcount=0] [maxT p=0.0751953 dcount=0]
P08/2	Mpower	 [Mpower p=0.794281 dcount=0] [Mphase p=1 dcount=0] [maxT p=0.794281 dcount=0] [Mpower p=0.748291 dcount=0] [Mphase p=1 dcount=0] [maxT p=0.748291 dcount=0]
P08/3	Mpower	 [Mpower p=0.592407 dcount=0] [Mphase p=1 dcount=0] [maxT p=0.592407 dcount=0] [Mpower p=0.858643 dcount=0] [Mphase p=1 dcount=0] [maxT p=0.858643 dcount=0]
P08/4	Mpower	 [Mpower p=0.700104 dcount=0] [Mphase p=1 dcount=0] [maxT p=0.700104 dcount=0] [Mpower p=0.838623 dcount=0] [Mphase p=1 dcount=0] [maxT p=0.838623 dcount=0]
P08/5	Mpower	 [Mpower p=0.235352 dcount=0] [Mphase p=1 dcount=0] [maxT p=0.235352 dcount=0] [Mpower p=0.211426 dcount=0] [Mphase p=1 dcount=0] [maxT p=0.211426 dcount=0]
P08/6	Mpower	 [Mpower p=0.905121 dcount=0] [Mphase p=1 dcount=0] [maxT p=0.905121 dcount=0] [Mpower p=0.200684 dcount=0] [Mphase p=1 dcount=0] [maxT p=0.200684 dcount=0]
P08/7	Mpower	 [Mpower p=0.627319 dcount=0] [Mphase p=1 dcount=0] [maxT p=0.627319 dcount=0] [Mpower p=0.884033 dcount=0] [Mphase p=1 dcount=0] [maxT p=0.884033 dcount=0]
P08/8	Mpower	 [Mpower p=0.846771 dcount=0] [Mphase p=1 dcount=0] [maxT p=0.846771 dcount=0] [Mpower p=0.0578613 dcount=0] [Mphase p=1 dcount=0] [maxT p=0.0578613 dcount=0]
P08/9	Mpower	 [Mpower p=0.759888 dcount=0] [Mphase p=1 dcount=0] [maxT p=0.759888 dcount=0] [Mpower p=0.738281 dcount=0] [Mphase p=1 dcount=0] [maxT p=0.738281 dcount=0]
P08/10	Mpower	 [Mpower p=0.0531616 dcount=0] [Mphase p=1 dcount=0] [maxT p=0.0531616 dcount=0] [Mpower p=0.575684 dcount=0] [Mphase p=1 dcount=0] [maxT p=0.575684 dcount=0]
P08/11	Mpower	 [Mpower p=0.854736 dcount=0] [Mphase p=1 dcount=0] [maxT p=0.854736 dcount=0] [Mpower p=0.524414 dcount=0] [Mphase p=1 dcount=0] [maxT p=0.524414 dcount=0]
P08/12	Mpower	 [Mpower p=0.832306 dcount=0] [Mphase p=1 dcount=0] [maxT p=0.832306 dcount=0] [Mpower p=0.342773 dcount=0] [Mphase p=1 dcount=0] [maxT p=0.342773 dcount=0]
P08/13	Mpower	 [Mpower p=0.323914 dcount=0] [Mphase p=1 dcount=0] [maxT p=0.323914 dcount=0] [Mpower p=0.395752 dcount=0] [Mphase p=1 dcount=0] [maxT p=0.395752 dcount=0]
P08/14	Mpower	 [Mpower p=0.248596 dcount=0] [Mphase p=1 dcount=0] [maxT p=0.248596 dcount=0] [Mpower p=0.35498 dcount=0] [Mphase p=1 dcount=0] [maxT p=0.35498 dcount=0]
P08/15	Mpower	 [Mpower p=0.554962 dcount=0] [Mphase p=1 dcount=0] [maxT p=0.554962 dcount=0] [Mpower p=0.0539551 dcount=0] [Mphase p=1 dcount=0] [maxT p=0.0539551 dcount=0]
P08/16	Mpower	 [Mpower p=0.123138 dcount=0] [Mphase p=1 dcount=0] [maxT p=0.123138 dcount=0] [Mpower p=0.596436 dcount=0] [Mphase p=1 dcount=0] [maxT p=0.596436 dcount=0]
P08/17	Mpower	 [Mpower p=0.466003 dcount=0] [Mphase p=1 dcount=0] [maxT p=0.466003 dcount=0] [Mpower p=0.207031 dcount=0] [Mphase p=1 dcount=0] [maxT p=0.207031 dcount=0]
P08/18	Mpower	 [Mpower p=0.000152588 dcount=0] [Mphase p=1 dcount=0] [maxT p=0.000152588 dcount=0] [Mpower p=0.505127 dcount=0] [Mphase p=1 dcount=0] [maxT p=0.505127 dcount=0]
P08/19	Mpower	 [Mpower p=0.326935 dcount=0] [Mphase p=1 dcount=0] [maxT p=0.326935 dcount=0] [Mpower p=0.308838 dcount=0] [Mphase p=1 dcount=0] [maxT p=0.308838 dcount=0]
P08/20	Mpower	 [Mpower p=0.879272 dcount=0] [Mphase p=1 dcount=0] [maxT p=0.879272 dcount=0] [Mpower p=0.951172 dcount=0] [Mphase p=1 dcount=0] [maxT p=0.951172 dcount=0]
P08/21	Mpower	 [Mpower p=0.372223 dcount=0] [Mphase p=1 dcount=0] [maxT p=0.372223 dcount=0] [Mpower p=0.344482 dcount=0] [Mphase p=1 dcount=0] [maxT p=0.344482 dcount=0]
P08/22	Mpower	 [Mpower p=0.0253601 dcount=0] [Mphase p=1 dcount=0] [maxT p=0.0253601 dcount=0] [Mpower p=0.837402 dcount=0] [Mphase p=1 dcount=0] [maxT p=0.837402 dcount=0]
P08/23	Mpower	 [Mpower p=0.42746 dcount=0] [Mphase p=1 dcount=0] [maxT p=0.42746 dcount=0] [Mpower p=0.117432 dcount=0] [Mphase p=1 dcount=0] [maxT p=0.117432 dcount=0]
P08/24	Mpower	 [Mpower p=0.369171 dcount=0] [Mphase p=1 dcount=0] [maxT p=0.369171 dcount=0] [Mpower p=0.87793 dcount=0] [Mphase p=1 dcount=0] [maxT p=0.87793 dcount=0]
P08/25	Mpower	 [Mpower p=0.478149 dcount=0] [Mphase p=1 dcount=0] [maxT p=0.478149 dcount=0] [Mpower p=0.190918 dcount=0] [Mphase p=1 dcount=0] [maxT p=0.190918 dcount=0]
P08/26	Mpower	 [Mpower p=0.982758 dcount=0] [Mphase p=1 dcount=0] [maxT p=0.982758 dcount=0] [Mpower p=0.656738 dcount=0] [Mphase p=1 dcount=0] [maxT p=0.656738 dcount=0]
P08/27	Mpower	 [Mpower p=0.76593 dcount=0] [Mphase p=1 dcount=0] [maxT p=0.76593 dcount=0] [Mpower p=0.575928 dcount=0] [Mphase p=1 dcount=0] [maxT p=0.575928 dcount=0]
P08/28	Mpower	 [Mpower p=0.314697 dcount=0] [Mphase p=1 dcount=0] [maxT p=0.314697 dcount=0] [Mpower p=0.0368652 dcount=0] [Mphase p=1 dcount=0] [maxT p=0.0368652 dcount=0]
P08/29	Mpower	 [Mpower p=0.496857 dcount=0] [Mphase p=1 dcount=0] [maxT p=0.496857 dcount=0] [Mpower p=0.439209 dcount=0] [Mphase p=1 dcount=0] [maxT p=0.439209 dcount=0]
P08/30	Mpower	 [Mpower p=0.294861 dcount=0] [Mphase p=1 dcount=0] [maxT p=0.294861 dcount=0] [Mpower p=0.740234 dcount=0] [Mphase p=1 dcount=0] [maxT p=0.740234 dcount=0]
P08/31	Mpower	 [Mpower p=0.454651 dcount=0] [Mphase p=1 dcount=0] [maxT p=0.454651 dcount=0] [Mpower p=0.079834 dcount=0] [Mphase p=1 dcount=0] [maxT p=0.079834 dcount=0]
P08/32	Mpower	 [Mpower p=0.217773 dcount=0] [Mphase p=1 dcount=0] [maxT p=0.217773 dcount=0] [Mpower p=0.564453 dcount=0] [Mphase p=1 dcount=0] [maxT p=0.564453 dcount=0]
P08/33	Mpower	 [Mpower p=0.558044 dcount=0] [Mphase p=1 dcount=0] [maxT p=0.558044 dcount=0] [Mpower p=0.0769043 dcount=0] [Mphase p=1 dcount=0] [maxT p=0.0769043 dcount=0]
P08/34	Mpower	 [Mpower p=0.576172 dcount=0] [Mphase p=1 dcount=0] [maxT p=0.576172 dcount=0] [Mpower p=0.226562 dcount=0] [Mphase p=1 dcount=0] [maxT p=0.226562 dcount=0]
P08/35	Mpower	 [Mpower p=0.19397 dcount=0] [Mphase p=1 dcount=0] [maxT p=0.19397 dcount=0] [Mpower p=0.206543 dcount=0] [Mphase p=1 dcount=0] [maxT p=0.206543 dcount=0]
P08/36	Mpower	 [Mpower p=0.196747 dcount=0] [Mphase p=1 dcount=0] [maxT p=0.196747 dcount=0] [Mpower p=0.225586 dcount=0] [Mphase p=1 dcount=0] [maxT p=0.225586 dcount=0]
P08/37	Mpower	 [Mpower p=0.0441589 dcount=0] [Mphase p=1 dcount=0] [maxT p=0.0441589 dcount=0] [Mpower p=0.94043 dcount=0] [Mphase p=1 dcount=0] [maxT p=0.94043 dcount=0]
P08/38	Mpower	 [Mpower p=0.500458 dcount=0] [Mphase p=1 dcount=0] [maxT p=0.500458 dcount=0] [Mpower p=0.333496 dcount=0] [Mphase p=1 dcount=0] [maxT p=0.333496 dcount=0]
P08/39	Mpower	 [Mpower p=0.276459 dcount=0] [Mphase p=1 dcount=0] [maxT p=0.276459 dcount=0] [Mpower p=0.475586 dcount=0] [Mphase p=1 dcount=0] [maxT p=0.475586 dcount=0]
P08/40	Mpower	 [Mpower p=0.441864 dcount=0] [Mphase p=1 dcount=0] [maxT p=0.441864 dcount=0] [Mpower p=0.923096 dcount=0] [Mphase p=1 dcount=0] [maxT p=0.923096 dcount=0]
P08/41	Mpower	 [Mpower p=0.674591 dcount=0] [Mphase p=1 dcount=0] [maxT p=0.674591 dcount=0] [Mpower p=0.679443 dcount=0] [Mphase p=1 dcount=0] [maxT p=0.679443 dcount=0]
P08/42	Mpower	 [Mpower p=0.968811 dcount=0] [Mphase p=1 dcount=0] [maxT p=0.968811 dcount=0] [Mpower p=0.97876 dcount=0] [Mphase p=1 dcount=0] [maxT p=0.97876 dcount=0]
P08/43	Mpower	 [Mpower p=0.822998 dcount=0] [Mphase p=1 dcount=0] [maxT p=0.822998 dcount=0] [Mpower p=0.119873 dcount=0] [Mphase p=1 dcount=0] [maxT p=0.119873 dcount=0]
P08/44	Mpower	 [Mpower p=0.0149841 dcount=0] [Mphase p=1 dcount=0] [maxT p=0.0149841 dcount=0] [Mpower p=0.316406 dcount=0] [Mphase p=1 dcount=0] [maxT p=0.316406 dcount=0]
P08/45	Mpower	 [Mpower p=0.311768 dcount=0] [Mphase p=1 dcount=0] [maxT p=0.311768 dcount=0] [Mpower p=0.381836 dcount=0] [Mphase p=1 dcount=0] [maxT p=0.381836 dcount=0]
P08/46	Mpower	 [Mpower p=0.455536 dcount=0] [Mphase p=1 dcount=0] [maxT p=0.455536 dcount=0] [Mpower p=0.0700684 dcount=0] [Mphase p=1 dcount=0] [maxT p=0.0700684 dcount=0]
P08/47	Mpower	 [Mpower p=0.675812 dcount=0] [Mphase p=1 dcount=0] [maxT p=0.675812 dcount=0] [Mpower p=0.880615 dcount=0] [Mphase p=1 dcount=0] [maxT p=0.880615 dcount=0]
P08/48	Mpower	 [Mpower p=0.47702 dcount=0] [Mphase p=1 dcount=0] [maxT p=0.47702 dcount=0] [Mpower p=0.395996 dcount=0] [Mphase p=1 dcount=0] [maxT p=0.395996 dcount=0]
P08/49	Mpower	 [Mpower p=0.64621 dcount=0] [Mphase p=1 dcount=0] [maxT p=0.64621 dcount=0] [Mpower p=0.512451 dcount=0] [Mphase p=1 dcount=0] [maxT p=0.512451 dcount=0]
P08/50	Mpower	 [Mpower p=0.386505 dcount=0] [Mphase p=1 dcount=0] [maxT p=0.386505 dcount=0] [Mpower p=0.84375 dcount=0] [Mphase p=1 dcount=0] [maxT p=0.84375 dcount=0]
P08/51	Mpower	 [Mpower p=0.442719 dcount=0] [Mphase p=1 dcount=0] [maxT p=0.442719 dcount=0] [Mpower p=0.888672 dcount=0] [Mphase p=1 dcount=0] [maxT p=0.888672 dcount=0]
P08/52	Mpower	 [Mpower p=0.879364 dcount=0] [Mphase p=1 dcount=0] [maxT p=0.879364 dcount=0] [Mpower p=0.886719 dcount=0] [Mphase p=1 dcount=0] [maxT p=0.886719 dcount=0]
P08/53	Mpower	 [Mpower p=0.323608 dcount=0] [Mphase p=1 dcount=0] [maxT p=0.323608 dcount=0] [Mpower p=0.379883 dcount=0] [Mphase p=1 dcount=0] [maxT p=0.379883 dcount=0]
P08/54	Mpower	 [Mpower p=0.215057 dcount=0] [Mphase p=1 dcount=0] [maxT p=0.215057 dcount=0] [Mpower p=0.131592 dcount=0] [Mphase p=1 dcount=0] [maxT p=0.131592 dcount=0]
P08/55	Mpower	 [Mpower p=0.314606 dcount=0] [Mphase p=1 dcount=0] [maxT p=0.314606 dcount=0] [Mpower p=0.994385 dcount=0] [Mphase p=1 dcount=0] [maxT p=0.994385 dcount=0]
P08/56	Mpower	 [Mpower p=0.80307 dcount=0] [Mphase p=1 dcount=0] [maxT p=0.80307 dcount=0] [Mpower p=0.507568 dcount=0] [Mphase p=1 dcount=0] [maxT p=0.507568 dcount=0]
P08/57	Mpower	 [Mpower p=0.969971 dcount=0] [Mphase p=1 dcount=0] [maxT p=0.969971 dcount=0] [Mpower p=0.0305176 dcount=0] [Mphase p=1 dcount=0] [maxT p=0.0305176 dcount=0]
P08/58	Mpower	 [Mpower p=0.898132 dcount=0] [Mphase p=1 dcount=0] [maxT p=0.898132 dcount=0] [Mpower p=0.469482 dcount=0] [Mphase p=1 dcount=0] [maxT p=0.469482 dcount=0]
P08/59	Mpower	 [Mpower p=0.373901 dcount=0] [Mphase p=1 dcount=0] [maxT p=0.373901 dcount=0] [Mpower p=0.312012 dcount=0] [Mphase p=1 dcount=0] [maxT p=0.312012 dcount=0]
P08/60	Mpower	 [Mpower p=0.130188 dcount=0] [Mphase p=1 dcount=0] [maxT p=0.130188 dcount=0] [Mpower p=0.922852 dcount=0] [Mphase p=1 dcount=0] [maxT p=0.922852 dcount=0]
P08/61	Mpower	 [Mpower p=0.743744 dcount=0] [Mphase p=1 dcount=0] [maxT p=0.743744 dcount=0] [Mpower p=0.31543 dcount=0] [Mphase p=1 dcount=0] [maxT p=0.31543 dcount=0]
P08/62	Mpower	 [Mpower p=0.606689 dcount=0] [Mphase p=1 dcount=0] [maxT p=0.606689 dcount=0] [Mpower p=0.86499 dcount=0] [Mphase p=1 dcount=0] [maxT p=0.86499 dcount=0]
P08/63	Mpower	 [Mpower p=0.254395 dcount=0] [Mphase p=1 dcount=0] [maxT p=0.254395 dcount=0] [Mpower p=0.48291 dcount=0] [Mphase p=1 dcount=0] [maxT p=0.48291 dcount=0]
P08/64	Mpower	 [Mpower p=0.117767 dcount=0] [Mphase p=1 dcount=0] [maxT p=0.117767 dcount=0] [Mpower p=0.22168 dcount=0] [Mphase p=1 dcount=0] [maxT p=0.22168 dcount=0]
P09/1	Mpower	 [Mpower p=0.560944 dcount=0] [Mphase p=1 dcount=0] [maxT p=0.560944 dcount=0] [Mpower p=0.0905762 dcount=0] [Mphase p=1 dcount=0] [maxT p=0.0905762 dcount=0]
P09/2	Mpower	 [Mpower p=0.739227 dcount=0] [Mphase p=1 dcount=0] [maxT p=0.739227 dcount=0] [Mpower p=0.48877 dcount=0] [Mphase p=1 dcount=0] [maxT p=0.48877 dcount=0]
P09/3	Mpower	 [Mpower p=0.219208 dcount=0] [Mphase p=1 dcount=0] [maxT p=0.219208 dcount=0] [Mpower p=0.902344 dcount=0] [Mphase p=1 dcount=0] [maxT p=0.902344 dcount=0]
P09/4	Mpower	 [Mpower p=0.422638 dcount=0] [Mphase p=1 dcount=0] [maxT p=0.422638 dcount=0] [Mpower p=0.522705 dcount=0] [Mphase p=1 dcount=0] [maxT p=0.522705 dcount=0]
P09/5	Mpower	 [Mpower p=0.0677185 dcount=0] [Mphase p=1 dcount=0] [maxT p=0.0677185 dcount=0] [Mpower p=0.707764 dcount=0] [Mphase p=1 dcount=0] [maxT p=0.707764 dcount=0]
P09/6	Mpower	 [Mpower p=0.437622 dcount=0] [Mphase p=1 dcount=0] [maxT p=0.437622 dcount=0] [Mpower p=0.661133 dcount=0] [Mphase p=1 dcount=0] [maxT p=0.661133 dcount=0]
P09/7	Mpower	 [Mpower p=0.751251 dcount=0] [Mphase p=1 dcount=0] [maxT p=0.751251 dcount=0] [Mpower p=0.888672 dcount=0] [Mphase p=1 dcount=0] [maxT p=0.888672 dcount=0]
P09/8	Mpower	 [Mpower p=0.515533 dcount=0] [Mphase p=1 dcount=0] [maxT p=0.515533 dcount=0] [Mpower p=0.0107422 dcount=0] [Mphase p=1 dcount=0] [maxT p=0.0107422 dcount=0]
P09/9	Mpower	 [Mpower p=0.664368 dcount=0] [Mphase p=1 dcount=0] [maxT p=0.664368 dcount=0] [Mpower p=0.839111 dcount=0] [Mphase p=1 dcount=0] [maxT p=0.839111 dcount=0]
P09/10	Mpower	 [Mpower p=0.188446 dcount=0] [Mphase p=1 dcount=0] [maxT p=0.188446 dcount=0] [Mpower p=0.275146 dcount=0] [Mphase p=1 dcount=0] [maxT p=0.275146 dcount=0]
P09/11	Mpower	 [Mpower p=0.911835 dcount=0] [Mphase p=1 dcount=0] [maxT p=0.911835 dcount=0] [Mpower p=0.335938 dcount=0] [Mphase p=1 dcount=0] [maxT p=0.335938 dcount=0]
P09/12	Mpower	 [Mpower p=0.26358 dcount=0] [Mphase p=1 dcount=0] [maxT p=0.26358 dcount=0] [Mpower p=0.0961914 dcount=0] [Mphase p=1 dcount=0] [maxT p=0.0961914 dcount=0]
P09/13	Mpower	 [Mpower p=0.616608 dcount=0] [Mphase p=1 dcount=0] [maxT p=0.616608 dcount=0] [Mpower p=0.914551 dcount=0] [Mphase p=1 dcount=0] [maxT p=0.914551 dcount=0]
P09/14	Mpower	 [Mpower p=0.176086 dcount=0] [Mphase p=1 dcount=0] [maxT p=0.176086 dcount=0] [Mpower p=0.406738 dcount=0] [Mphase p=1 dcount=0] [maxT p=0.406738 dcount=0]
P09/15	Mpower	 [Mpower p=0.750031 dcount=0] [Mphase p=1 dcount=0] [maxT p=0.750031 dcount=0] [Mpower p=0.482422 dcount=0] [Mphase p=1 dcount=0] [maxT p=0.482422 dcount=0]
P09/16	Mpower	 [Mpower p=0.0821838 dcount=0] [Mphase p=1 dcount=0] [maxT p=0.0821838 dcount=0] [Mpower p=0.742676 dcount=0] [Mphase p=1 dcount=0] [maxT p=0.742676 dcount=0]
P09/17	Mpower	 [Mpower p=0.778046 dcount=0] [Mphase p=1 dcount=0] [maxT p=0.778046 dcount=0] [Mpower p=0.0795898 dcount=0] [Mphase p=1 dcount=0] [maxT p=0.0795898 dcount=0]
P09/18	Mpower	 [Mpower p=0.0171509 dcount=0] [Mphase p=1 dcount=0] [maxT p=0.0171509 dcount=0] [Mpower p=0.541748 dcount=0] [Mphase p=1 dcount=0] [maxT p=0.541748 dcount=0]
P09/19	Mpower	 [Mpower p=0.36972 dcount=0] [Mphase p=1 dcount=0] [maxT p=0.36972 dcount=0] [Mpower p=0.345947 dcount=0] [Mphase p=1 dcount=0] [maxT p=0.345947 dcount=0]
P09/20	Mpower	 [Mpower p=0.561523 dcount=0] [Mphase p=1 dcount=0] [maxT p=0.561523 dcount=0] [Mpower p=0.767822 dcount=0] [Mphase p=1 dcount=0] [maxT p=0.767822 dcount=0]
P09/21	Mpower	 [Mpower p=0.589661 dcount=0] [Mphase p=1 dcount=0] [maxT p=0.589661 dcount=0] [Mpower p=0.560059 dcount=0] [Mphase p=1 dcount=0] [maxT p=0.560059 dcount=0]
P09/22	Mpower	 [Mpower p=0.0835571 dcount=0] [Mphase p=1 dcount=0] [maxT p=0.0835571 dcount=0] [Mpower p=0.825439 dcount=0] [Mphase p=1 dcount=0] [maxT p=0.825439 dcount=0]
P09/23	Mpower	 [Mpower p=0.474243 dcount=0] [Mphase p=1 dcount=0] [maxT p=0.474243 dcount=0] [Mpower p=0.0651855 dcount=0] [Mphase p=1 dcount=0] [maxT p=0.0651855 dcount=0]
P09/24	Mpower	 [Mpower p=0.185486 dcount=0] [Mphase p=1 dcount=0] [maxT p=0.185486 dcount=0] [Mpower p=0.117676 dcount=0] [Mphase p=1 dcount=0] [maxT p=0.117676 dcount=0]
P09/25	Mpower	 [Mpower p=0.847504 dcount=0] [Mphase p=1 dcount=0] [maxT p=0.847504 dcount=0] [Mpower p=0.1875 dcount=0] [Mphase p=1 dcount=0] [maxT p=0.1875 dcount=0]
P09/26	Mpower	 [Mpower p=0.802826 dcount=0] [Mphase p=1 dcount=0] [maxT p=0.802826 dcount=0] [Mpower p=0.89502 dcount=0] [Mphase p=1 dcount=0] [maxT p=0.89502 dcount=0]
P09/27	Mpower	 [Mpower p=0.726715 dcount=0] [Mphase p=1 dcount=0] [maxT p=0.726715 dcount=0] [Mpower p=0.640137 dcount=0] [Mphase p=1 dcount=0] [maxT p=0.640137 dcount=0]
P09/28	Mpower	 [Mpower p=0.14505 dcount=0] [Mphase p=1 dcount=0] [maxT p=0.14505 dcount=0] [Mpower p=0.196289 dcount=0] [Mphase p=1 dcount=0] [maxT p=0.196289 dcount=0]
P09/29	Mpower	 [Mpower p=0.785187 dcount=0] [Mphase p=1 dcount=0] [maxT p=0.785187 dcount=0] [Mpower p=0.223633 dcount=0] [Mphase p=1 dcount=0] [maxT p=0.223633 dcount=0]
P09/30	Mpower	 [Mpower p=0.397156 dcount=0] [Mphase p=1 dcount=0] [maxT p=0.397156 dcount=0] [Mpower p=0.886475 dcount=0] [Mphase p=1 dcount=0] [maxT p=0.886475 dcount=0]
P09/31	Mpower	 [Mpower p=0.229523 dcount=0] [Mphase p=1 dcount=0] [maxT p=0.229523 dcount=0] [Mpower p=0.0310059 dcount=0] [Mphase p=1 dcount=0] [maxT p=0.0310059 dcount=0]
P09/32	Mpower	 [Mpower p=0.347107 dcount=0] [Mphase p=1 dcount=0] [maxT p=0.347107 dcount=0] [Mpower p=0.463623 dcount=0] [Mphase p=1 dcount=0] [maxT p=0.463623 dcount=0]
P09/33	Mpower	 [Mpower p=0.974243 dcount=0] [Mphase p=1 dcount=0] [maxT p=0.974243 dcount=0] [Mpower p=0.064209 dcount=0] [Mphase p=1 dcount=0] [maxT p=0.064209 dcount=0]
P09/34	Mpower	 [Mpower p=0.297089 dcount=0] [Mphase p=1 dcount=0] [maxT p=0.297089 dcount=0] [Mpower p=0.139648 dcount=0] [Mphase p=1 dcount=0] [maxT p=0.139648 dcount=0]
P09/35	Mpower	 [Mpower p=0.83075 dcount=0] [Mphase p=1 dcount=0] [maxT p=0.83075 dcount=0] [Mpower p=0.0698242 dcount=0] [Mphase p=1 dcount=0] [maxT p=0.0698242 dcount=0]
P09/36	Mpower	 [Mpower p=0.370667 dcount=0] [Mphase p=1 dcount=0] [maxT p=0.370667 dcount=0] [Mpower p=0.315186 dcount=0] [Mphase p=1 dcount=0] [maxT p=0.315186 dcount=0]
P09/37	Mpower	 [Mpower p=0.0108948 dcount=0] [Mphase p=1 dcount=0] [maxT p=0.0108948 dcount=0] [Mpower p=0.282959 dcount=0] [Mphase p=1 dcount=0] [maxT p=0.282959 dcount=0]
P09/38	Mpower	 [Mpower p=0.419861 dcount=0] [Mphase p=1 dcount=0] [maxT p=0.419861 dcount=0] [Mpower p=0.966553 dcount=0] [Mphase p=1 dcount=0] [maxT p=0.966553 dcount=0]
P09/39	Mpower	 [Mpower p=0.618652 dcount=0] [Mphase p=1 dcount=0] [maxT p=0.618652 dcount=0] [Mpower p=0.722656 dcount=0] [Mphase p=1 dcount=0] [maxT p=0.722656 dcount=0]
P09/40	Mpower	 [Mpower p=0.557495 dcount=0] [Mphase p=1 dcount=0] [maxT p=0.557495 dcount=0] [Mpower p=0.555176 dcount=0] [Mphase p=1 dcount=0] [maxT p=0.555176 dcount=0]
P09/41	Mpower	 [Mpower p=0.159546 dcount=0] [Mphase p=1 dcount=0] [maxT p=0.159546 dcount=0] [Mpower p=0.300537 dcount=0] [Mphase p=1 dcount=0] [maxT p=0.300537 dcount=0]
P09/42	Mpower	 [Mpower p=0.96637 dcount=0] [Mphase p=1 dcount=0] [maxT p=0.96637 dcount=0] [Mpower p=0.854004 dcount=0] [Mphase p=1 dcount=0] [maxT p=0.854004 dcount=0]
P09/43	Mpower	 [Mpower p=0.770508 dcount=0] [Mphase p=1 dcount=0] [maxT p=0.770508 dcount=0] [Mpower p=0.0820312 dcount=0] [Mphase p=1 dcount=0] [maxT p=0.0820312 dcount=0]
P09/44	Mpower	 [Mpower p=0.209015 dcount=0] [Mphase p=1 dcount=0] [maxT p=0.209015 dcount=0] [Mpower p=0.227295 dcount=0] [Mphase p=1 dcount=0] [maxT p=0.227295 dcount=0]
P09/45	Mpower	 [Mpower p=0.746094 dcount=0] [Mphase p=1 dcount=0] [maxT p=0.746094 dcount=0] [Mpower p=0.390381 dcount=0] [Mphase p=1 dcount=0] [maxT p=0.390381 dcount=0]
P09/46	Mpower	 [Mpower p=0.351501 dcount=0] [Mphase p=1 dcount=0] [maxT p=0.351501 dcount=0] [Mpower p=0.108887 dcount=0] [Mphase p=1 dcount=0] [maxT p=0.108887 dcount=0]
P09/47	Mpower	 [Mpower p=0.685883 dcount=0] [Mphase p=1 dcount=0] [maxT p=0.685883 dcount=0] [Mpower p=0.727051 dcount=0] [Mphase p=1 dcount=0] [maxT p=0.727051 dcount=0]
P09/48	Mpower	 [Mpower p=0.482056 dcount=0] [Mphase p=1 dcount=0] [maxT p=0.482056 dcount=0] [Mpower p=0.403076 dcount=0] [Mphase p=1 dcount=0] [maxT p=0.403076 dcount=0]
P09/49	Mpower	 [Mpower p=0.277618 dcount=0] [Mphase p=1 dcount=0] [maxT p=0.277618 dcount=0] [Mpower p=0.59082 dcount=0] [Mphase p=1 dcount=0] [maxT p=0.59082 dcount=0]
P09/50	Mpower	 [Mpower p=0.787811 dcount=0] [Mphase p=1 dcount=0] [maxT p=0.787811 dcount=0] [Mpower p=0.763916 dcount=0] [Mphase p=1 dcount=0] [maxT p=0.763916 dcount=0]
P09/51	Mpower	 [Mpower p=0.526276 dcount=0] [Mphase p=1 dcount=0] [maxT p=0.526276 dcount=0] [Mpower p=0.559814 dcount=0] [Mphase p=1 dcount=0] [maxT p=0.559814 dcount=0]
P09/52	Mpower	 [Mpower p=0.880615 dcount=0] [Mphase p=1 dcount=0] [maxT p=0.880615 dcount=0] [Mpower p=0.743164 dcount=0] [Mphase p=1 dcount=0] [maxT p=0.743164 dcount=0]
P09/53	Mpower	 [Mpower p=0.380127 dcount=0] [Mphase p=1 dcount=0] [maxT p=0.380127 dcount=0] [Mpower p=0.355225 dcount=0] [Mphase p=1 dcount=0] [maxT p=0.355225 dcount=0]
P09/54	Mpower	 [Mpower p=0.763763 dcount=0] [Mphase p=1 dcount=0] [maxT p=0.763763 dcount=0] [Mpower p=0.0522461 dcount=0] [Mphase p=1 dcount=0] [maxT p=0.0522461 dcount=0]
P09/55	Mpower	 [Mpower p=0.566315 dcount=0] [Mphase p=1 dcount=0] [maxT p=0.566315 dcount=0] [Mpower p=0.44751 dcount=0] [Mphase p=1 dcount=0] [maxT p=0.44751 dcount=0]
P09/56	Mpower	 [Mpower p=0.896942 dcount=0] [Mphase p=1 dcount=0] [maxT p=0.896942 dcount=0] [Mpower p=0.493652 dcount=0] [Mphase p=1 dcount=0] [maxT p=0.493652 dcount=0]
P09/57	Mpower	 [Mpower p=0.768951 dcount=0] [Mphase p=1 dcount=0] [maxT p=0.768951 dcount=0] [Mpower p=0.00708008 dcount=0] [Mphase p=1 dcount=0] [maxT p=0.00708008 dcount=0]
P09/58	Mpower	 [Mpower p=0.870239 dcount=0] [Mphase p=1 dcount=0] [maxT p=0.870239 dcount=0] [Mpower p=0.716064 dcount=0] [Mphase p=1 dcount=0] [maxT p=0.716064 dcount=0]
P09/59	Mpower	 [Mpower p=0.399963 dcount=0] [Mphase p=1 dcount=0] [maxT p=0.399963 dcount=0] [Mpower p=0.828369 dcount=0] [Mphase p=1 dcount=0] [maxT p=0.828369 dcount=0]
P09/60	Mpower	 [Mpower p=0.488159 dcount=0] [Mphase p=1 dcount=0] [maxT p=0.488159 dcount=0] [Mpower p=0.80835 dcount=0] [Mphase p=1 dcount=0] [maxT p=0.80835 dcount=0]
P09/61	Mpower	 [Mpower p=0.86792 dcount=0] [Mphase p=1 dcount=0] [maxT p=0.86792 dcount=0] [Mpower p=0.166992 dcount=0] [Mphase p=1 dcount=0] [maxT p=0.166992 dcount=0]
P09/62	Mpower	 [Mpower p=0.922913 dcount=0] [Mphase p=1 dcount=0] [maxT p=0.922913 dcount=0] [Mpower p=0.367188 dcount=0] [Mphase p=1 dcount=0] [maxT p=0.367188 dcount=0]
P09/63	Mpower	 [Mpower p=0.363922 dcount=0] [Mphase p=1 dcount=0] [maxT p=0.363922 dcount=0] [Mpower p=0.636963 dcount=0] [Mphase p=1 dcount=0] [maxT p=0.636963 dcount=0]
P09/64	Mpower	 [Mpower p=0.426605 dcount=0] [Mphase p=1 dcount=0] [maxT p=0.426605 dcount=0] [Mpower p=0.323242 dcount=0] [Mphase p=1 dcount=0] [maxT p=0.323242 dcount=0]
P10/1	Mpower	 [Mpower p=3.05176e-05 dcount=0] [Mphase p=1 dcount=0] [maxT p=3.05176e-05 dcount=0] [Mpower p=0.000244141 dcount=0] [Mphase p=1 dcount=0] [maxT p=0.000244141 dcount=0]
P10/2	Mpower	 [Mpower p=3.05176e-05 dcount=0] [Mphase p=1 dcount=0] [maxT p=3.05176e-05 dcount=0] [Mpower p=0.000244141 dcount=0] [Mphase p=1 dcount=0] [maxT p=0.000244141 dcount=0]
P10/3	Mpower	 [Mpower p=3.05176e-05 dcount=0] [Mphase p=1 dcount=0] [maxT p=3.05176e-05 dcount=0] [Mpower p=0.000244141 dcount=0] [Mphase p=1 dcount=0] [maxT p=0.000244141 dcount=0]
P10/4	Mpower	 [Mpower p=3.05176e-05 dcount=0] [Mphase p=1 dcount=0] [maxT p=3.05176e-05 dcount=0] [Mpower p=0.000244141 dcount=0] [Mphase p=1 dcount=0] [maxT p=0.000244141 dcount=0]
P10/5	Mpower	 [Mpower p=3.05176e-05 dcount=0] [Mphase p=1 dcount=0] [maxT p=3.05176e-05 dcount=0] [Mpower p=0.000244141 dcount=0] [Mphase p=1 dcount=0] [maxT p=0.000244141 dcount=0]
P10/6	Mpower	 [Mpower p=3.05176e-05 dcount=0] [Mphase p=1 dcount=0] [maxT p=3.05176e-05 dcount=0] [Mpower p=0.000244141 dcount=0] [Mphase p=1 dcount=0] [maxT p=0.000244141 dcount=0]
P10/7	Mpower	 [Mpower p=3.05176e-05 dcount=0] [Mphase p=1 dcount=0] [maxT p=3.05176e-05 dcount=0] [Mpower p=0.000244141 dcount=0] [Mphase p=1 dcount=0] [maxT p=0.000244141 dcount=0]
P10/8	Mpower	 [Mpower p=3.05176e-05 dcount=0] [Mphase p=1 dcount=0] [maxT p=3.05176e-05 dcount=0] [Mpower p=0.000244141 dcount=0] [Mphase p=1 dcount=0] [maxT p=0.000244141 dcount=0]
P10/9	Mpower	 [Mpower p=3.05176e-05 dcount=0] [Mphase p=1 dcount=0] [maxT p=3.05176e-05 dcount=0] [Mpower p=0.000244141 dcount=0] [Mphase p=1 dcount=0] [maxT p=0.000244141 dcount=0]
P10/10	Mpower	 [Mpower p=3.05176e-05 dcount=0] [Mphase p=1 dcount=0] [maxT p=3.05176e-05 dcount=0] [Mpower p=0.000244141 dcount=0] [Mphase p=1 dcount=0] [maxT p=0.000244141 dcount=0]
P10/11	Mpower	 [Mpower p=3.05176e-05 dcount=0] [Mphase p=1 dcount=0] [maxT p=3.05176e-05 dcount=0] [Mpower p=0.000244141 dcount=0] [Mphase p=1 dcount=0] [maxT p=0.000244141 dcount=0]
P10/12	Mpower	 [Mpower p=3.05176e-05 dcount=0] [Mphase p=1 dcount=0] [maxT p=3.05176e-05 dcount=0] [Mpower p=0.000244141 dcount=0] [Mphase p=1 dcount=0] [maxT p=0.000244141 dcount=0]
P10/13	Mpower	 [Mpower p=3.05176e-05 dcount=0] [Mphase p=1 dcount=0] [maxT p=3.05176e-05 dcount=0] [Mpower p=0.000244141 dcount=0] [Mphase p=1 dcount=0] [maxT p=0.000244141 dcount=0]
P10/14	Mpower	 [Mpower p=3.05176e-05 dcount=0] [Mphase p=1 dcount=0] [maxT p=3.05176e-05 dcount=0] [Mpower p=0.000244141 dcount=0] [Mphase p=1 dcount=0] [maxT p=0.000244141 dcount=0]
P10/15	Mpower	 [Mpower p=3.05176e-05 dcount=0] [Mphase p=1 dcount=0] [maxT p=3.05176e-05 dcount=0] [Mpower p=0.000244141 dcount=0] [Mphase p=1 dcount=0] [maxT p=0.000244141 dcount=0]
P10/16	Mpower	 [Mpower p=3.05176e-05 dcount=0] [Mphase p=1 dcount=0] [maxT p=3.05176e-05 dcount=0] [Mpower p=0.000244141 dcount=0] [Mphase p=1 dcount=0] [maxT p=0.000244141 dcount=0]
P10/17	Mpower	 [Mpower p=3.05176e-05 dcount=0] [Mphase p=1 dcount=0] [maxT p=3.05176e-05 dcount=0] [Mpower p=0.000244141 dcount=0] [Mphase p=1 dcount=0] [maxT p=0.000244141 dcount=0]
P10/18	Mpower	 [Mpower p=3.05176e-05 dcount=0] [Mphase p=1 dcount=0] [maxT p=3.05176e-05 dcount=0] [Mpower p=0.000244141 dcount=0] [Mphase p=1 dcount=0] [maxT p=0.000244141 dcount=0]
P10/19	Mpower	 [Mpower p=3.05176e-05 dcount=0] [Mphase p=1 dcount=0] [maxT p=3.05176e-05 dcount=0] [Mpower p=0.000244141 dcount=0] [Mphase p=1 dcount=0] [maxT p=0.000244141 dcount=0]
P10/20	Mpower	 [Mpower p=3.05176e-05 dcount=0] [Mphase p=1 dcount=0] [maxT p=3.05176e-05 dcount=0] [Mpower p=0.000244141 dcount=0] [Mphase p=1 dcount=0] [maxT p=0.000244141 dcount=0]
P10/21	Mpower	 [Mpower p=3.05176e-05 dcount=0] [Mphase p=1 dcount=0] [maxT p=3.05176e-05 dcount=0] [Mpower p=0.000244141 dcount=0] [Mphase p=1 dcount=0] [maxT p=0.000244141 dcount=0]
P10/22	Mpower	 [Mpower p=3.05176e-05 dcount=0] [Mphase p=1 dcount=0] [maxT p=3.05176e-05 dcount=0] [Mpower p=0.000244141 dcount=0] [Mphase p=1 dcount=0] [maxT p=0.000244141 dcount=0]
P10/23	Mpower	 [Mpower p=3.05176e-05 dcount=0] [Mphase p=1 dcount=0] [maxT p=3.05176e-05 dcount=0] [Mpower p=0.000244141 dcount=0] [Mphase p=1 dcount=0] [maxT p=0.000244141 dcount=0]
P10/24	Mpower	 [Mpower p=3.05176e-05 dcount=0] [Mphase p=1 dcount=0] [maxT p=3.05176e-05 dcount=0] [Mpower p=0.000244141 dcount=0] [Mphase p=1 dcount=0] [maxT p=0.000244141 dcount=0]
P10/25	Mpower	 [Mpower p=3.05176e-05 dcount=0] [Mphase p=1 dcount=0] [maxT p=3.05176e-05 dcount=0] [Mpower p=0.000244141 dcount=0] [Mphase p=1 dcount=0] [maxT p=0.000244141 dcount=0]
P10/26	Mpower	 [Mpower p=3.05176e-05 dcount=0] [Mphase p=1 dcount=0] [maxT p=3.05176e-05 dcount=0] [Mpower p=0.000244141 dcount=0] [Mphase p=1 dcount=0] [maxT p=0.000244141 dcount=0]
P10/27	Mpower	 [Mpower p=3.05176e-05 dcount=0] [Mphase p=1 dcount=0] [maxT p=3.05176e-05 dcount=0] [Mpower p=0.000244141 dcount=0] [Mphase p=1 dcount=0] [maxT p=0.000244141 dcount=0]
P10/28	Mpower	 [Mpower p=3.05176e-05 dcount=0] [Mphase p=1 dcount=0] [maxT p=3.05176e-05 dcount=0] [Mpower p=0.000244141 dcount=0] [Mphase p=1 dcount=0] [maxT p=0.000244141 dcount=0]
P10/29	Mpower	 [Mpower p=3.05176e-05 dcount=0] [Mphase p=1 dcount=0] [maxT p=3.05176e-05 dcount=0] [Mpower p=0.000244141 dcount=0] [Mphase p=1 dcount=0] [maxT p=0.000244141 dcount=0]
P10/30	Mpower	 [Mpower p=3.05176e-05 dcount=0] [Mphase p=1 dcount=0] [maxT p=3.05176e-05 dcount=0] [Mpower p=0.000244141 dcount=0] [Mphase p=1 dcount=0] [maxT p=0.000244141 dcount=0]
P10/31	Mpower	 [Mpower p=3.05176e-05 dcount=0] [Mphase p=1 dcount=0] [maxT p=3.05176e-05 dcount=0] [Mpower p=0.000244141 dcount=0] [Mphase p=1 dcount=0] [maxT p=0.000244141 dcount=0]
P10/32	Mpower	 [Mpower p=3.05176e-05 dcount=0] [Mphase p=1 dcount=0] [maxT p=3.05176e-05 dcount=0] [Mpower p=0.000244141 dcount=0] [Mphase p=1 dcount=0] [maxT p=0.000244141 dcount=0]
P10/33	Mpower	 [Mpower p=3.05176e-05 dcount=0] [Mphase p=1 dcount=0] [maxT p=3.05176e-05 dcount=0] [Mpower p=0.000244141 dcount=0] [Mphase p=1 dcount=0] [maxT p=0.000244141 dcount=0]
P10/34	Mpower	 [Mpower p=3.05176e-05 dcount=0] [Mphase p=1 dcount=0] [maxT p=3.05176e-05 dcount=0] [Mpower p=0.000244141 dcount=0] [Mphase p=1 dcount=0] [maxT p=0.000244141 dcount=0]
P10/35	Mpower	 [Mpower p=3.05176e-05 dcount=0] [Mphase p=1 dcount=0] [maxT p=3.05176e-05 dcount=0] [Mpower p=0.000244141 dcount=0] [Mphase p=1 dcount=0] [maxT p=0.000244141 dcount=0]
P10/36	Mpower	 [Mpower p=3.05176e-05 dcount=0] [Mphase p=1 dcount=0] [maxT p=3.05176e-05 dcount=0] [Mpower p=0.000244141 dcount=0] [Mphase p=1 dcount=0] [maxT p=0.000244141 dcount=0]
P10/37	Mpower	 [Mpower p=3.05176e-05 dcount=0] [Mphase p=1 dcount=0] [maxT p=3.05176e-05 dcount=0] [Mpower p=0.000244141 dcount=0] [Mphase p=1 dcount=0] [maxT p=0.000244141 dcount=0]
P10/38	Mpower	 [Mpower p=3.05176e-05 dcount=0] [Mphase p=1 dcount=0] [maxT p=3.05176e-05 dcount=0] [Mpower p=0.000244141 dcount=0] [Mphase p=1 dcount=0] [maxT p=0.000244141 dcount=0]
P10/39	Mpower	 [Mpower p=3.05176e-05 dcount=0] [Mphase p=1 dcount=0] [maxT p=3.05176e-05 dcount=0] [Mpower p=0.000244141 dcount=0] [Mphase p=1 dcount=0] [maxT p=0.000244141 dcount=0]
P10/40	Mpower	 [Mpower p=3.05176e-05 dcount=0] [Mphase p=1 dcount=0] [maxT p=3.05176e-05 dcount=0] [Mpower p=0.000244141 dcount=0] [Mphase p=1 dcount=0] [maxT p=0.000244141 dcount=0]
P10/41	Mpower	 [Mpower p=3.05176e-05 dcount=0] [Mphase p=1 dcount=0] [maxT p=3.05176e-05 dcount=0] [Mpower p=0.000244141 dcount=0] [Mphase p=1 dcount=0] [maxT p=0.000244141 dcount=0]
P10/42	Mpower	 [Mpower p=3.05176e-05 dcount=0] [Mphase p=1 dcount=0] [maxT p=3.05176e-05 dcount=0] [Mpower p=0.000244141 dcount=0] [Mphase p=1 dcount=0] [maxT p=0.000244141 dcount=0]
P10/43	Mpower	 [Mpower p=3.05176e-05 dcount=0] [Mphase p=1 dcount=0] [maxT p=3.05176e-05 dcount=0] [Mpower p=0.000244141 dcount=0] [Mphase p=1 dcount=0] [maxT p=0.000244141 dcount=0]
P10/44	Mpower	 [Mpower p=3.05176e-05 dcount=0] [Mphase p=1 dcount=0] [maxT p=3.05176e-05 dcount=0] [Mpower p=0.000244141 dcount=0] [Mphase p=1 dcount=0] [maxT p=0.000244141 dcount=0]
P10/45	Mpower	 [Mpower p=3.05176e-05 dcount=0] [Mphase p=1 dcount=0] [maxT p=3.05176e-05 dcount=0] [Mpower p=0.000244141 dcount=0] [Mphase p=1 dcount=0] [maxT p=0.000244141 dcount=0]
P10/46	Mpower	 [Mpower p=3.05176e-05 dcount=0] [Mphase p=1 dcount=0] [maxT p=3.05176e-05 dcount=0] [Mpower p=0.000244141 dcount=0] [Mphase p=1 dcount=0] [maxT p=0.000244141 dcount=0]
P10/47	Mpower	 [Mpower p=3.05176e-05 dcount=0] [Mphase p=1 dcount=0] [maxT p=3.05176e-05 dcount=0] [Mpower p=0.000244141 dcount=0] [Mphase p=1 dcount=0] [maxT p=0.000244141 dcount=0]
P10/48	Mpower	 [Mpower p=3.05176e-05 dcount=0] [Mphase p=1 dcount=0] [maxT p=3.05176e-05 dcount=0] [Mpower p=0.000244141 dcount=0] [Mphase p=1 dcount=0] [maxT p=0.000244141 dcount=0]
P10/49	Mpower	 [Mpower p=3.05176e-05 dcount=0] [Mphase p=1 dcount=0] [maxT p=3.05176e-05 dcount=0] [Mpower p=0.000244141 dcount=0] [Mphase p=1 dcount=0] [maxT p=0.000244141 dcount=0]
P10/50	Mpower	 [Mpower p=3.05176e-05 dcount=0] [Mphase p=1 dcount=0] [maxT p=3.05176e-05 dcount=0] [Mpower p=0.000244141 dcount=0] [Mphase p=1 dcount=0] [maxT p=0.000244141 dcount=0]
P10/51	Mpower	 [Mpower p=3.05176e-05 dcount=0] [Mphase p=1 dcount=0] [maxT p=3.05176e-05 dcount=0] [Mpower p=0.000244141 dcount=0] [Mphase p=1 dcount=0] [maxT p=0.000244141 dcount=0]
P10/52	Mpower	 [Mpower p=3.05176e-05 dcount=0] [Mphase p=1 dcount=0] [maxT p=3.05176e-05 dcount=0] [Mpower p=0.000244141 dcount=0] [Mphase p=1 dcount=0] [maxT p=0.000244141 dcount=0]
P10/53	Mpower	 [Mpower p=3.05176e-05 dcount=0] [Mphase p=1 dcount=0] [maxT p=3.05176e-05 dcount=0] [Mpower p=0.000244141 dcount=0] [Mphase p=1 dcount=0] [maxT p=0.000244141 dcount=0]
P10/54	Mpower	 [Mpower p=3.05176e-05 dcount=0] [Mphase p=1 dcount=0] [maxT p=3.05176e-05 dcount=0] [Mpower p=0.000244141 dcount=0] [Mphase p=1 dcount=0] [maxT p=0.000244141 dcount=0]
P10/55	Mpower	 [Mpower p=3.05176e-05 dcount=0] [Mphase p=1 dcount=0] [maxT p=3.05176e-05 dcount=0] [Mpower p=0.000244141 dcount=0] [Mphase p=1 dcount=0] [maxT p=0.000244141 dcount=0]
P10/56	Mpower	 [Mpower p=3.05176e-05 dcount=0] [Mphase p=1 dcount=0] [maxT p=3.05176e-05 dcount=0] [Mpower p=0.000244141 dcount=0] [Mphase p=1 dcount=0] [maxT p=0.000244141 dcount=0]
P10/57	Mpower	 [Mpower p=3.05176e-05 dcount=0] [Mphase p=1 dcount=0] [maxT p=3.05176e-05 dcount=0] [Mpower p=0.000244141 dcount=0] [Mphase p=1 dcount=0] [maxT p=0.000244141 dcount=0]
P10/58	Mpower	 [Mpower p=3.05176e-05 dcount=0] [Mphase p=1 dcount=0] [maxT p=3.05176e-05 dcount=0] [Mpower p=0.000244141 dcount=0] [Mphase p=1 dcount=0] [maxT p=0.000244141 dcount=0]
P10/59	Mpower	 [Mpower p=3.05176e-05 dcount=0] [Mphase p=1 dcount=0] [maxT p=3.05176e-05 dcount=0] [Mpower p=0.000244141 dcount=0] [Mphase p=1 dcount=0] [maxT p=0.000244141 dcount=0]
P10/60	Mpower	 [Mpower p=3.05176e-05 dcount=0] [Mphase p=1 dcount=0] [maxT p=3.05176e-05 dcount=0] [Mpower p=0.000244141 dcount=0] [Mphase p=1 dcount=0] [maxT p=0.000244141 dcount=0]
P10/61	Mpower	 [Mpower p=3.05176e-05 dcount=0] [Mphase p=1 dcount=0] [maxT p=3.05176e-05 dcount=0] [Mpower p=0.000244141 dcount=0] [Mphase p=1 dcount=0] [maxT p=0.000244141 dcount=0]
P10/62	Mpower	 [Mpower p=3.05176e-05 dcount=0] [Mphase p=1 dcount=0] [maxT p=3.05176e-05 dcount=0] [Mpower p=0.000244141 dcount=0] [Mphase p=1 dcount=0] [maxT p=0.000244141 dcount=0]
P10/63	Mpower	 [Mpower p=3.05176e-05 dcount=0] [Mphase p=1 dcount=0] [maxT p=3.05176e-05 dcount=0] [Mpower p=0.000244141 dcount=0] [Mphase p=1 dcount=0] [maxT p=0.000244141 dcount=0]
P10/64	Mpower	 [Mpower p=3.05176e-05 dcount=0] [Mphase p=1 dcount=0] [maxT p=3.05176e-05 dcount=0] [Mpower p=0.000244141 dcount=0] [Mphase p=1 dcount=0] [maxT p=0.000244141 dcount=0]
M01/1	Mphase	 [Mphase p=0.237823 dcount=-1] [maxT p=0.237823 dcount=-1] [Mphase p=0.0307617 dcount=0] [maxT p=0.0307617 dcount=0]
M01/2	Mphase	 [Mphase p=0.00482178 dcount=0] [maxT p=0.00482178 dcount=0] [Mphase p=0.782959 dcount=0] [maxT p=0.782959 dcount=0]
M01/3	Mphase	 [Mphase p=0.0437927 dcount=0] [maxT p=0.0437927 dcount=0] [Mphase p=0.0100098 dcount=0] [maxT p=0.0100098 dcount=0]
M01/4	Mphase	 [Mphase p=0.161011 dcount=-1] [maxT p=0.161011 dcount=-1] [Mphase p=0.157471 dcount=0] [maxT p=0.157471 dcount=0]
M01/5	Mphase	 [Mphase p=0.00646973 dcount=0] [maxT p=0.00646973 dcount=0] [Mphase p=0.0915527 dcount=0] [maxT p=0.0915527 dcount=0]
M01/6	Mphase	 [Mphase p=0.0144653 dcount=0] [maxT p=0.0144653 dcount=0] [Mphase p=0.0732422 dcount=0] [maxT p=0.0732422 dcount=0]
M01/7	Mphase	 [Mphase p=0.000396729 dcount=0] [maxT p=0.000396729 dcount=0] [Mphase p=0.0568848 dcount=0] [maxT p=0.0568848 dcount=0]
M01/8	Mphase	 [Mphase p=0.0161133 dcount=0] [maxT p=0.0161133 dcount=0] [Mphase p=0.484619 dcount=0] [maxT p=0.484619 dcount=0]
M01/9	Mphase	 [Mphase p=0.00820923 dcount=-1] [maxT p=0.00820923 dcount=-1] [Mphase p=0.469971 dcount=0] [maxT p=0.469971 dcount=0]
M01/10	Mphase	 [Mphase p=0.112213 dcount=-1] [maxT p=0.112213 dcount=-1] [Mphase p=0.406006 dcount=0] [maxT p=0.406006 dcount=0]
M01/11	Mphase	 [Mphase p=0.0947571 dcount=0] [maxT p=0.0947571 dcount=0] [Mphase p=0.0012207 dcount=0] [maxT p=0.0012207 dcount=0]
M01/12	Mphase	 [Mphase p=0.0841064 dcount=0] [maxT p=0.0841064 dcount=0] [Mphase p=0.513428 dcount=0] [maxT p=0.513428 dcount=0]
M01/13	Mphase	 [Mphase p=0.014801 dcount=0] [maxT p=0.014801 dcount=0] [Mphase p=0.0402832 dcount=0] [maxT p=0.0402832 dcount=0]
M01/14	Mphase	 [Mphase p=0.00326538 dcount=-1] [maxT p=0.00326538 dcount=-1] [Mphase p=0.0378418 dcount=0] [maxT p=0.0378418 dcount=0]
M01/15	Mphase	 [Mphase p=0.707825 dcount=-1] [maxT p=0.707825 dcount=-1] [Mphase p=0.0322266 dcount=0] [maxT p=0.0322266 dcount=0]
M01/16	Mphase	 [Mphase p=6.10352e-05 dcount=-1] [maxT p=6.10352e-05 dcount=-1] [Mphase p=0.00219727 dcount=0] [maxT p=0.00219727 dcount=0]
M01/17	Mphase	 [Mphase p=0.00152588 dcount=0] [maxT p=0.00152588 dcount=0] [Mphase p=0.00170898 dcount=0] [maxT p=0.00170898 dcount=0]
M01/18	Mphase	 [Mphase p=0.0135498 dcount=0] [maxT p=0.0135498 dcount=0] [Mphase p=0.356445 dcount=0] [maxT p=0.356445 dcount=0]
M01/19	Mphase	 [Mphase p=0.00183105 dcount=0] [maxT p=0.00183105 dcount=0] [Mphase p=0.0864258 dcount=0] [maxT p=0.0864258 dcount=0]
M01/20	Mphase	 [Mphase p=0.00393677 dcount=0] [maxT p=0.00393677 dcount=0] [Mphase p=0.00366211 dcount=0] [maxT p=0.00366211 dcount=0]
M01/21	Mphase	 [Mphase p=0.000183105 dcount=-1] [maxT p=0.000183105 dcount=-1] [Mphase p=0.122559 dcount=0] [maxT p=0.122559 dcount=0]
M01/22	Mphase	 [Mphase p=0.0167847 dcount=0] [maxT p=0.0167847 dcount=0] [Mphase p=0.814941 dcount=0] [maxT p=0.814941 dcount=0]
M01/23	Mphase	 [Mphase p=0.0378418 dcount=-1] [maxT p=0.0378418 dcount=-1] [Mphase p=0.100586 dcount=0] [maxT p=0.100586 dcount=0]
M01/24	Mphase	 [Mphase p=0.0341797 dcount=-1] [maxT p=0.0341797 dcount=-1] [Mphase p=0.233643 dcount=0] [maxT p=0.233643 dcount=0]
M01/25	Mphase	 [Mphase p=0.0526123 dcount=0] [maxT p=0.0526123 dcount=0] [Mphase p=0.0244141 dcount=0] [maxT p=0.0244141 dcount=0]
M01/26	Mphase	 [Mphase p=0.0437012 dcount=0] [maxT p=0.0437012 dcount=0] [Mphase p=0.442139 dcount=0] [maxT p=0.442139 dcount=0]
M01/27	Mphase	 [Mphase p=0.412933 dcount=-1] [maxT p=0.412933 dcount=-1] [Mphase p=0.0251465 dcount=0] [maxT p=0.0251465 dcount=0]
M01/28	Mphase	 [Mphase p=0.000213623 dcount=0] [maxT p=0.000213623 dcount=0] [Mphase p=0.616211 dcount=0] [maxT p=0.616211 dcount=0]
M01/29	Mphase	 [Mphase p=0.109253 dcount=-1] [maxT p=0.109253 dcount=-1] [Mphase p=0.0944824 dcount=0] [maxT p=0.0944824 dcount=0]
M01/30	Mphase	 [Mphase p=0.116608 dcount=0] [maxT p=0.116608 dcount=0] [Mphase p=0.131836 dcount=0] [maxT p=0.131836 dcount=0]
M01/31	Mphase	 [Mphase p=0.245636 dcount=0] [maxT p=0.245636 dcount=0] [Mphase p=0.0480957 dcount=0] [maxT p=0.0480957 dcount=0]
M01/32	Mphase	 [Mphase p=0.000274658 dcount=0] [maxT p=0.000274658 dcount=0] [Mphase p=0.140869 dcount=0] [maxT p=0.140869 dcount=0]
M01/33	Mphase	 [Mphase p=0.006073 dcount=0] [maxT p=0.006073 dcount=0] [Mphase p=0.810547 dcount=0] [maxT p=0.810547 dcount=0]
M01/34	Mphase	 [Mphase p=0.00436401 dcount=0] [maxT p=0.00436401 dcount=0] [Mphase p=0.724854 dcount=0] [maxT p=0.724854 dcount=0]
M01/35	Mphase	 [Mphase p=0.00204468 dcount=0] [maxT p=0.00204468 dcount=0] [Mphase p=0.30835 dcount=0] [maxT p=0.30835 dcount=0]
M01/36	Mphase	 [Mphase p=0.00787354 dcount=0] [maxT p=0.00787354 dcount=0] [Mphase p=0.336182 dcount=0] [maxT p=0.336182 dcount=0]
M01/37	Mphase	 [Mphase p=0.000274658 dcount=-1] [maxT p=0.000274658 dcount=-1] [Mphase p=0.162109 dcount=0] [maxT p=0.162109 dcount=0]
M01/38	Mphase	 [Mphase p=0.0901794 dcount=0] [maxT p=0.0901794 dcount=0] [Mphase p=0.179199 dcount=0] [maxT p=0.179199 dcount=0]
M01/39	Mphase	 [Mphase p=0.0883179 dcount=-1] [maxT p=0.0883179 dcount=-1] [Mphase p=0.0388184 dcount=0] [maxT p=0.0388184 dcount=0]
M01/40	Mphase	 [Mphase p=0.00262451 dcount=0] [maxT p=0.00262451 dcount=0] [Mphase p=0.385986 dcount=0] [maxT p=0.385986 dcount=0]
M01/41	Mphase	 [Mphase p=0.000396729 dcount=0] [maxT p=0.000396729 dcount=0] [Mphase p=0.169922 dcount=0] [maxT p=0.169922 dcount=0]
M01/42	Mphase	 [Mphase p=0.604065 dcount=0] [maxT p=0.604065 dcount=0] [Mphase p=0.067627 dcount=0] [maxT p=0.067627 dcount=0]
M01/43	Mphase	 [Mphase p=0.0324707 dcount=0] [maxT p=0.0324707 dcount=0] [Mphase p=0.0727539 dcount=0] [maxT p=0.0727539 dcount=0]
M01/44	Mphase	 [Mphase p=9.15527e-05 dcount=-1] [maxT p=9.15527e-05 dcount=-1] [Mphase p=0.00732422 dcount=0] [maxT p=0.00732422 dcount=0]
M01/45	Mphase	 [Mphase p=0.0407715 dcount=0] [maxT p=0.0407715 dcount=0] [Mphase p=0.0148926 dcount=0] [maxT p=0.0148926 dcount=0]
M01/46	Mphase	 [Mphase p=0.0121765 dcount=0] [maxT p=0.0121765 dcount=0] [Mphase p=0.00439453 dcount=0] [maxT p=0.00439453 dcount=0]
M01/47	Mphase	 [Mphase p=0.0243225 dcount=-1] [maxT p=0.0243225 dcount=-1] [Mphase p=0.290771 dcount=0] [maxT p=0.290771 dcount=0]
M01/48	Mphase	 [Mphase p=0.00134277 dcount=0] [maxT p=0.00134277 dcount=0] [Mphase p=0.249756 dcount=0] [maxT p=0.249756 dcount=0]
M01/49	Mphase	 [Mphase p=0.00161743 dcount=0] [maxT p=0.00161743 dcount=0] [Mphase p=0.0708008 dcount=0] [maxT p=0.0708008 dcount=0]
M01/50	Mphase	 [Mphase p=0.0201111 dcount=0] [maxT p=0.0201111 dcount=0] [Mphase p=0.264893 dcount=0] [maxT p=0.264893 dcount=0]
M01/51	Mphase	 [Mphase p=0.00415039 dcount=-1] [maxT p=0.00415039 dcount=-1] [Mphase p=0.00561523 dcount=0] [maxT p=0.00561523 dcount=0]
M01/52	Mphase	 [Mphase p=0.0455627 dcount=0] [maxT p=0.0455627 dcount=0] [Mphase p=0.115967 dcount=0] [maxT p=0.115967 dcount=0]
M01/53	Mphase	 [Mphase p=0.00558472 dcount=0] [maxT p=0.00558472 dcount=0] [Mphase p=0.097168 dcount=0] [maxT p=0.097168 dcount=0]
M01/54	Mphase	 [Mphase p=0.154144 dcount=-1] [maxT p=0.154144 dcount=-1] [Mphase p=0.153076 dcount=0] [maxT p=0.153076 dcount=0]
M01/55	Mphase	 [Mphase p=0.267792 dcount=-1] [maxT p=0.267792 dcount=-1] [Mphase p=0.141846 dcount=0] [maxT p=0.141846 dcount=0]
M01/56	Mphase	 [Mphase p=0.0288391 dcount=-1] [maxT p=0.0288391 dcount=-1] [Mphase p=0.0314941 dcount=0] [maxT p=0.0314941 dcount=0]
M01/57	Mphase	 [Mphase p=0.00476074 dcount=0] [maxT p=0.00476074 dcount=0] [Mphase p=0.123047 dcount=0] [maxT p=0.123047 dcount=0]
M01/58	Mphase	 [Mphase p=0.685852 dcount=0] [maxT p=0.685852 dcount=0] [Mphase p=0.0532227 dcount=0] [maxT p=0.0532227 dcount=0]
M01/59	Mphase	 [Mphase p=0.00134277 dcount=0] [maxT p=0.00134277 dcount=0] [Mphase p=0.0339355 dcount=0] [maxT p=0.0339355 dcount=0]
M01/60	Mphase	 [Mphase p=0.00424194 dcount=0] [maxT p=0.00424194 dcount=0] [Mphase p=0.0136719 dcount=0] [maxT p=0.0136719 dcount=0]
M01/61	Mphase	 [Mphase p=0.000854492 dcount=-1] [maxT p=0.000854492 dcount=-1] [Mphase p=0.000244141 dcount=0] [maxT p=0.000244141 dcount=0]
M01/62	Mphase	 [Mphase p=0.243439 dcount=0] [maxT p=0.243439 dcount=0] [Mphase p=0.120605 dcount=0] [maxT p=0.120605 dcount=0]
M01/63	Mphase	 [Mphase p=0.154083 dcount=0] [maxT p=0.154083 dcount=0] [Mphase p=0.19873 dcount=0] [maxT p=0.19873 dcount=0]
M01/64	Mphase	 [Mphase p=0.00741577 dcount=0] [maxT p=0.00741577 dcount=0] [Mphase p=0.00634766 dcount=0] [maxT p=0.00634766 dcount=0]
M02/1	Mphase	 [Mphase p=0.552338 dcount=0] [maxT p=0.552338 dcount=0] [Mphase p=0.0144043 dcount=0] [maxT p=0.0144043 dcount=0]
M02/2	Mphase	 [Mphase p=0.220642 dcount=0] [maxT p=0.220642 dcount=0] [Mphase p=0.98999 dcount=0] [maxT p=0.98999 dcount=0]
M02/3	Mphase	 [Mphase p=0.0550232 dcount=0] [maxT p=0.0550232 dcount=0] [Mphase p=0.105957 dcount=0] [maxT p=0.105957 dcount=0]
M02/4	Mphase	 [Mphase p=0.0709534 dcount=-1] [maxT p=0.0709534 dcount=-1] [Mphase p=0.255859 dcount=0] [maxT p=0.255859 dcount=0]
M02/5	Mphase	 [Mphase p=0.00418091 dcount=0] [maxT p=0.00418091 dcount=0] [Mphase p=0.0305176 dcount=0] [maxT p=0.0305176 dcount=0]
M02/6	Mphase	 [Mphase p=0.773468 dcount=0] [maxT p=0.773468 dcount=0] [Mphase p=0.0356445 dcount=0] [maxT p=0.0356445 dcount=0]
M02/7	Mphase	 [Mphase p=0.000396729 dcount=0] [maxT p=0.000396729 dcount=0] [Mphase p=0.0229492 dcount=0] [maxT p=0.0229492 dcount=0]
M02/8	Mphase	 [Mphase p=0.0498657 dcount=0] [maxT p=0.0498657 dcount=0] [Mphase p=0.0859375 dcount=0] [maxT p=0.0859375 dcount=0]
M02/9	Mphase	 [Mphase p=0.00927734 dcount=-1] [maxT p=0.00927734 dcount=-1] [Mphase p=0.81665 dcount=0] [maxT p=0.81665 dcount=0]
M02/10	Mphase	 [Mphase p=0.421844 dcount=0] [maxT p=0.421844 dcount=0] [Mphase p=0.283203 dcount=0] [maxT p=0.283203 dcount=0]
M02/11	Mphase	 [Mphase p=0.282166 dcount=0] [maxT p=0.282166 dcount=0] [Mphase p=0.00439453 dcount=0] [maxT p=0.00439453 dcount=0]
M02/12	Mphase	 [Mphase p=0.430023 dcount=-1] [maxT p=0.430023 dcount=-1] [Mphase p=0.209961 dcount=0] [maxT p=0.209961 dcount=0]
M02/13	Mphase	 [Mphase p=0.106415 dcount=0] [maxT p=0.106415 dcount=0] [Mphase p=0.0773926 dcount=0] [maxT p=0.0773926 dcount=0]
M02/14	Mphase	 [Mphase p=0.103363 dcount=0] [maxT p=0.103363 dcount=0] [Mphase p=0.284668 dcount=0] [maxT p=0.284668 dcount=0]
M02/15	Mphase	 [Mphase p=0.578857 dcount=0] [maxT p=0.578857 dcount=0] [Mphase p=0.183594 dcount=0] [maxT p=0.183594 dcount=0]
M02/16	Mphase	 [Mphase p=3.05176e-05 dcount=0] [maxT p=3.05176e-05 dcount=0] [Mphase p=0.019043 dcount=0] [maxT p=0.019043 dcount=0]
M02/17	Mphase	 [Mphase p=0.000427246 dcount=0] [maxT p=0.000427246 dcount=0] [Mphase p=0.00708008 dcount=0] [maxT p=0.00708008 dcount=0]
M02/18	Mphase	 [Mphase p=0.00320435 dcount=0] [maxT p=0.00320435 dcount=0] [Mphase p=0.362549 dcount=0] [maxT p=0.362549 dcount=0]
M02/19	Mphase	 [Mphase p=0.00311279 dcount=0] [maxT p=0.00311279 dcount=0] [Mphase p=0.0649414 dcount=0] [maxT p=0.0649414 dcount=0]
M02/20	Mphase	 [Mphase p=0.000366211 dcount=0] [maxT p=0.000366211 dcount=0] [Mphase p=0.00170898 dcount=0] [maxT p=0.00170898 dcount=0]
M02/21	Mphase	 [Mphase p=0.000244141 dcount=0] [maxT p=0.000244141 dcount=0] [Mphase p=0.208984 dcount=0] [maxT p=0.208984 dcount=0]
M02/22	Mphase	 [Mphase p=0.0626831 dcount=0] [maxT p=0.0626831 dcount=0] [Mphase p=0.947266 dcount=0] [maxT p=0.947266 dcount=0]
M02/23	Mphase	 [Mphase p=0.0500488 dcount=0] [maxT p=0.0500488 dcount=0] [Mphase p=0.00195312 dcount=0] [maxT p=0.00195312 dcount=0]
M02/24	Mphase	 [Mphase p=0.265869 dcount=0] [maxT p=0.265869 dcount=0] [Mphase p=0.163574 dcount=0] [maxT p=0.163574 dcount=0]
M02/25	Mphase	 [Mphase p=0.208893 dcount=0] [maxT p=0.208893 dcount=0] [Mphase p=0.0480957 dcount=0] [maxT p=0.0480957 dcount=0]
M02/26	Mphase	 [Mphase p=0.0899963 dcount=0] [maxT p=0.0899963 dcount=0] [Mphase p=0.467041 dcount=0] [maxT p=0.467041 dcount=0]
M02/27	Mphase	 [Mphase p=0.872009 dcount=-1] [maxT p=0.872009 dcount=-1] [Mphase p=0.0410156 dcount=0] [maxT p=0.0410156 dcount=0]
M02/28	Mphase	 [Mphase p=0.00372314 dcount=-1] [maxT p=0.00372314 dcount=-1] [Mphase p=0.970459 dcount=0] [maxT p=0.970459 dcount=0]
M02/29	Mphase	 [Mphase p=0.0426941 dcount=0] [maxT p=0.0426941 dcount=0] [Mphase p=0.230713 dcount=0] [maxT p=0.230713 dcount=0]
M02/30	Mphase	 [Mphase p=0.278198 dcount=0] [maxT p=0.278198 dcount=0] [Mphase p=0.418701 dcount=0] [maxT p=0.418701 dcount=0]
M02/31	Mphase	 [Mphase p=0.276245 dcount=0] [maxT p=0.276245 dcount=0] [Mphase p=0.176025 dcount=0] [maxT p=0.176025 dcount=0]
M02/32	Mphase	 [Mphase p=0.00912476 dcount=0] [maxT p=0.00912476 dcount=0] [Mphase p=0.279785 dcount=0] [maxT p=0.279785 dcount=0]
M02/33	Mphase	 [Mphase p=0.027832 dcount=0] [maxT p=0.027832 dcount=0] [Mphase p=0.740479 dcount=0] [maxT p=0.740479 dcount=0]
M02/34	Mphase	 [Mphase p=0.0093689 dcount=0] [maxT p=0.0093689 dcount=0] [Mphase p=0.626709 dcount=0] [maxT p=0.626709 dcount=0]
M02/35	Mphase	 [Mphase p=0.894287 dcount=-1] [maxT p=0.894287 dcount=-1] [Mphase p=0.934814 dcount=0] [maxT p=0.934814 dcount=0]
M02/36	Mphase	 [Mphase p=0.00665283 dcount=0] [maxT p=0.00665283 dcount=0] [Mphase p=0.968262 dcount=0] [maxT p=0.968262 dcount=0]
M02/37	Mphase	 [Mphase p=0.0254517 dcount=0] [maxT p=0.0254517 dcount=0] [Mphase p=0.0898438 dcount=0] [maxT p=0.0898438 dcount=0]
M02/38	Mphase	 [Mphase p=0.139038 dcount=0] [maxT p=0.139038 dcount=0] [Mphase p=0.126953 dcount=0] [maxT p=0.126953 dcount=0]
M02/39	Mphase	 [Mphase p=0.00900269 dcount=0] [maxT p=0.00900269 dcount=0] [Mphase p=0.105225 dcount=0] [maxT p=0.105225 dcount=0]
M02/40	Mphase	 [Mphase p=0.000946045 dcount=0] [maxT p=0.000946045 dcount=0] [Mphase p=0.449463 dcount=0] [maxT p=0.449463 dcount=0]
M02/41	Mphase	 [Mphase p=0.0153809 dcount=-1] [maxT p=0.0153809 dcount=-1] [Mphase p=0.237305 dcount=0] [maxT p=0.237305 dcount=0]
M02/42	Mphase	 [Mphase p=0.897522 dcount=0] [maxT p=0.897522 dcount=0] [Mphase p=0.505859 dcount=0] [maxT p=0.505859 dcount=0]
M02/43	Mphase	 [Mphase p=0.416016 dcount=0] [maxT p=0.416016 dcount=0] [Mphase p=0.0979004 dcount=0] [maxT p=0.0979004 dcount=0]
M02/44	Mphase	 [Mphase p=0.000640869 dcount=0] [maxT p=0.000640869 dcount=0] [Mphase p=0.226318 dcount=0] [maxT p=0.226318 dcount=0]
M02/45	Mphase	 [Mphase p=0.0606384 dcount=-1] [maxT p=0.0606384 dcount=-1] [Mphase p=0.0065918 dcount=0] [maxT p=0.0065918 dcount=0]
M02/46	Mphase	 [Mphase p=0.0539856 dcount=-1] [maxT p=0.0539856 dcount=-1] [Mphase p=0.0131836 dcount=0] [maxT p=0.0131836 dcount=0]
M02/47	Mphase	 [Mphase p=0.1315 dcount=0] [maxT p=0.1315 dcount=0] [Mphase p=0.557617 dcount=0] [maxT p=0.557617 dcount=0]
M02/48	Mphase	 [Mphase p=0.0635071 dcount=-1] [maxT p=0.0635071 dcount=-1] [Mphase p=0.0861816 dcount=0] [maxT p=0.0861816 dcount=0]
M02/49	Mphase	 [Mphase p=0.0143433 dcount=0] [maxT p=0.0143433 dcount=0] [Mphase p=0.25293 dcount=0] [maxT p=0.25293 dcount=0]
M02/50	Mphase	 [Mphase p=0.658234 dcount=-1] [maxT p=0.658234 dcount=-1] [Mphase p=0.542969 dcount=0] [maxT p=0.542969 dcount=0]
M02/51	Mphase	 [Mphase p=0.00228882 dcount=0] [maxT p=0.00228882 dcount=0] [Mphase p=0.0209961 dcount=0] [maxT p=0.0209961 dcount=0]
M02/52	Mphase	 [Mphase p=0.199829 dcount=0] [maxT p=0.199829 dcount=0] [Mphase p=0.202148 dcount=0] [maxT p=0.202148 dcount=0]
M02/53	Mphase	 [Mphase p=0.000762939 dcount=0] [maxT p=0.000762939 dcount=0] [Mphase p=0.0334473 dcount=0] [maxT p=0.0334473 dcount=0]
M02/54	Mphase	 [Mphase p=0.0761414 dcount=0] [maxT p=0.0761414 dcount=0] [Mphase p=0.252441 dcount=0] [maxT p=0.252441 dcount=0]
M02/55	Mphase	 [Mphase p=0.282928 dcount=-1] [maxT p=0.282928 dcount=-1] [Mphase p=0.248779 dcount=0] [maxT p=0.248779 dcount=0]
M02/56	Mphase	 [Mphase p=0.16037 dcount=0] [maxT p=0.16037 dcount=0] [Mphase p=0.59082 dcount=0] [maxT p=0.59082 dcount=0]
M02/57	Mphase	 [Mphase p=0.0405579 dcount=0] [maxT p=0.0405579 dcount=0] [Mphase p=0.0180664 dcount=0] [maxT p=0.0180664 dcount=0]
M02/58	Mphase	 [Mphase p=0.874176 dcount=0] [maxT p=0.874176 dcount=0] [Mphase p=0.0244141 dcount=0] [maxT p=0.0244141 dcount=0]
M02/59	Mphase	 [Mphase p=0.0032959 dcount=0] [maxT p=0.0032959 dcount=0] [Mphase p=0.258301 dcount=0] [maxT p=0.258301 dcount=0]
M02/60	Mphase	 [Mphase p=0.0791321 dcount=0] [maxT p=0.0791321 dcount=0] [Mphase p=0.143555 dcount=0] [maxT p=0.143555 dcount=0]
M02/61	Mphase	 [Mphase p=0.00177002 dcount=0] [maxT p=0.00177002 dcount=0] [Mphase p=0.0285645 dcount=0] [maxT p=0.0285645 dcount=0]
M02/62	Mphase	 [Mphase p=0.408752 dcount=0] [maxT p=0.408752 dcount=0] [Mphase p=0.57666 dcount=0] [maxT p=0.57666 dcount=0]
M02/63	Mphase	 [Mphase p=0.315033 dcount=-1] [maxT p=0.315033 dcount=-1] [Mphase p=0.321045 dcount=0] [maxT p=0.321045 dcount=0]
M02/64	Mphase	 [Mphase p=0.00320435 dcount=-1] [maxT p=0.00320435 dcount=-1] [Mphase p=0.0090332 dcount=0] [maxT p=0.0090332 dcount=0]
