cell_id	seed_index	row_index	subject	run	Mpower	Mphase	n_pairs
P01	1	1	CS41	R1	-0.0106956371519498	0	14
P01	1	2	CS41	R2	-0.0106915952402683	0	14
P01	1	3	CS42	R1	-0.00904045203549654	0	14
P01	1	4	CS42	R2	-0.00528211703041595	0	14
P01	1	5	CS43	R1	0.00719451724810151	0	14
P01	1	6	CS43	R2	-0.00464625378223517	0	14
P01	1	7	CS44	R1	-0.00317265242413731	0	14
P01	1	8	CS47	R1	-0.00644335121924212	0	14
P01	1	9	CS47	R2	-0.0101240005722817	0	14
P01	1	10	CS48	R1	-0.0078532875285665	0	14
P01	1	11	CS48	R2	0.00119414489111209	0	14
P01	1	12	CS49	R1	-0.00409155088050248	0	12
P01	1	13	CS49	R2	-0.0123431374028761	0	14
P01	1	14	CS51	R1	0.00386416252438272	0	14
P01	1	15	CS51	R2	0.00231514403722885	0	12
P01	1	16	CS53	R1	0.00198687065591667	0	12
P01	1	17	CS53	R2	0.00710438556137489	0	8
P01	1	18	CS54	R1	-0.00531199523980971	0	7
P01	1	19	CS54	R2	-0.00650229550605402	0	7
P01	1	20	CS55	R1	0.0146285357177722	0	14
P01	1	21	CS55	R2	-0.00471004230000026	0	14
P01	1	22	CS56	R1	-0.00156810859561131	0	12
P01	1	23	CS56	R2	-0.00726858561683871	0	12
P01	1	24	CS57	R1	0.00632137831123885	0	12
P01	1	25	CS57	R2	0.000535322035479478	0	12
P01	1	26	CS58	R1	0.00530202994360402	0	7
P01	1	27	CS60	R1	0.00848191131785061	0	14
P01	1	28	CS62	R1	-0.00605143251000764	0	7
P01	1	29	CS62	R2	0.00653576558313805	0	7
P01	2	1	CS41	R1	-0.00766547756697619	0	14
P01	2	2	CS41	R2	-0.00432506920025966	0	14
P01	2	3	CS42	R1	-0.00635880974387207	0	14
P01	2	4	CS42	R2	-0.00714245587113424	0	14
P01	2	5	CS43	R1	0.00770821458606411	0	14
P01	2	6	CS43	R2	-0.000758102110067947	0	14
P01	2	7	CS44	R1	0.012685716808612	0	14
P01	2	8	CS47	R1	-0.0069505880039777	0	14
P01	2	9	CS47	R2	0.00058150883967651	0	14
P01	2	10	CS48	R1	-0.000910503667180846	0	14
P01	2	11	CS48	R2	0.00195590199806576	0	14
P01	2	12	CS49	R1	-0.000615252111135956	0	12
P01	2	13	CS49	R2	0.00283402548582077	0	14
P01	2	14	CS51	R1	-0.00653923767567658	0	14
P01	2	15	CS51	R2	0.0030239255759853	0	12
P01	2	16	CS53	R1	-0.00951975821899521	0	12
P01	2	17	CS53	R2	0.0153497494423923	0	8
P01	2	18	CS54	R1	0.00156724218136874	0	7
P01	2	19	CS54	R2	-0.010030564373544	0	7
P01	2	20	CS55	R1	0.00851597639527915	0	14
P01	2	21	CS55	R2	-0.00239932201229609	0	14
P01	2	22	CS56	R1	-0.00811282557106079	0	12
P01	2	23	CS56	R2	0.00277109060005911	0	12
P01	2	24	CS57	R1	0.00384955866061452	0	12
P01	2	25	CS57	R2	-0.0010278566053087	0	12
P01	2	26	CS58	R1	0.0134387628761347	0	7
P01	2	27	CS60	R1	-0.0010696081534823	0	14
P01	2	28	CS62	R1	0.00384406921784311	0	7
P01	2	29	CS62	R2	-0.00188365389928412	0	7
P01	3	1	CS41	R1	0.00603256078133244	0	14
P01	3	2	CS41	R2	0.00164592714141933	0	14
P01	3	3	CS42	R1	0.00942616751004376	0	14
P01	3	4	CS42	R2	-0.00408046794473357	0	14
P01	3	5	CS43	R1	-0.00337950151125998	0	14
P01	3	6	CS43	R2	-0.0073217730476976	0	14
P01	3	7	CS44	R1	0.00745314686194823	0	14
P01	3	8	CS47	R1	-0.0064477589766973	0	14
P01	3	9	CS47	R2	-0.000971582020903266	0	14
P01	3	10	CS48	R1	0.00859450498662201	0	14
P01	3	11	CS48	R2	0.00233950032362873	0	14
P01	3	12	CS49	R1	-0.00250092550283828	0	12
P01	3	13	CS49	R2	-0.00230899059868944	0	14
P01	3	14	CS51	R1	0.00617497495846278	0	14
P01	3	15	CS51	R2	-0.00195567426541811	0	12
P01	3	16	CS53	R1	-3.77776202581157e-05	0	12
P01	3	17	CS53	R2	0.00444447173213335	0	8
P01	3	18	CS54	R1	-0.00337508671052156	0	7
P01	3	19	CS54	R2	0.00311993500586996	0	7
P01	3	20	CS55	R1	0.000854694965697236	0	14
P01	3	21	CS55	R2	0.00610933820490264	0	14
P01	3	22	CS56	R1	-0.00518317097465814	0	12
P01	3	23	CS56	R2	-0.00642081466828766	0	12
P01	3	24	CS57	R1	-0.00343665065498927	0	12
P01	3	25	CS57	R2	-0.00880259524290172	0	12
P01	3	26	CS58	R1	-0.00230309000757429	0	7
P01	3	27	CS60	R1	0.000947604051265475	0	14
P01	3	28	CS62	R1	-0.00337260834423933	0	7
P01	3	29	CS62	R2	-0.004367166733079	0	7
P01	4	1	CS41	R1	-0.00218762395889648	0	14
P01	4	2	CS41	R2	0.00339194630557035	0	14
P01	4	3	CS42	R1	-0.000920906688169096	0	14
P01	4	4	CS42	R2	0.00339915091605985	0	14
P01	4	5	CS43	R1	-0.0041217420638101	0	14
P01	4	6	CS43	R2	-0.00270474558754125	0	14
P01	4	7	CS44	R1	0.00247942516114192	0	14
P01	4	8	CS47	R1	0.0049237547759125	0	14
P01	4	9	CS47	R2	-0.00455018711730759	0	14
P01	4	10	CS48	R1	-0.000843396209836985	0	14
P01	4	11	CS48	R2	-0.000431005750424196	0	14
P01	4	12	CS49	R1	-0.00387493250205654	0	12
P01	4	13	CS49	R2	-0.00894934248615472	0	14
P01	4	14	CS51	R1	0.00878543809065184	0	14
P01	4	15	CS51	R2	0.0119795282186328	0	12
P01	4	16	CS53	R1	-0.0044745810856095	0	12
P01	4	17	CS53	R2	0.00435666064003178	0	8
P01	4	18	CS54	R1	-0.00321429034503501	0	7
P01	4	19	CS54	R2	0.00237743009936448	0	7
P01	4	20	CS55	R1	-0.00740609876877163	0	14
P01	4	21	CS55	R2	-0.00939570241844415	0	14
P01	4	22	CS56	R1	0.00335467408228613	0	12
P01	4	23	CS56	R2	-0.0139022136786142	0	12
P01	4	24	CS57	R1	-0.0110356921218229	0	12
P01	4	25	CS57	R2	-0.00372365312521086	0	12
P01	4	26	CS58	R1	0.00546735602516173	0	7
P01	4	27	CS60	R1	0.00364234217534175	0	14
P01	4	28	CS62	R1	0.00406542284663631	0	7
P01	4	29	CS62	R2	-0.00658647512595412	0	7
P01	5	1	CS41	R1	0.000551228021326836	0	14
P01	5	2	CS41	R2	-0.00362716810356524	0	14
P01	5	3	CS42	R1	0.00699113708105692	0	14
P01	5	4	CS42	R2	-0.00174114787602545	0	14
P01	5	5	CS43	R1	-0.00170965277376643	0	14
P01	5	6	CS43	R2	0.00408609723480895	0	14
P01	5	7	CS44	R1	-0.00619771627337926	0	14
P01	5	8	CS47	R1	0.00184997880687745	0	14
P01	5	9	CS47	R2	0.00294465286120392	0	14
P01	5	10	CS48	R1	-0.0092767806333571	0	14
P01	5	11	CS48	R2	-0.00912477521291549	0	14
P01	5	12	CS49	R1	0.00387264431353798	0	12
P01	5	13	CS49	R2	0.0109516481216548	0	14
P01	5	14	CS51	R1	0.00496426093692396	0	14
P01	5	15	CS51	R2	0.00106174339982754	0	12
P01	5	16	CS53	R1	0.000896699582092563	0	12
P01	5	17	CS53	R2	0.01293726379037	0	8
P01	5	18	CS54	R1	9.42683460873844e-05	0	7
P01	5	19	CS54	R2	-0.000702266826201315	0	7
P01	5	20	CS55	R1	0.000449704277147045	0	14
P01	5	21	CS55	R2	0.00706782959716045	0	14
P01	5	22	CS56	R1	0.00909664066939269	0	12
P01	5	23	CS56	R2	-0.00702781381940897	0	12
P01	5	24	CS57	R1	0.000755389400528209	0	12
P01	5	25	CS57	R2	0.00845365734479799	0	12
P01	5	26	CS58	R1	-0.00293859483900033	0	7
P01	5	27	CS60	R1	-0.00100353239856295	0	14
P01	5	28	CS62	R1	0.0104229205493061	0	7
P01	5	29	CS62	R2	-0.00752751401994144	0	7
P01	6	1	CS41	R1	0.00296215727907368	0	14
P01	6	2	CS41	R2	0.00149197556308149	0	14
P01	6	3	CS42	R1	0.00505530722559587	0	14
P01	6	4	CS42	R2	-0.00620792781613915	0	14
P01	6	5	CS43	R1	-0.0016970469299448	0	14
P01	6	6	CS43	R2	-0.0094975089362718	0	14
P01	6	7	CS44	R1	0.00663538283791623	0	14
P01	6	8	CS47	R1	-0.000708850474675591	0	14
P01	6	9	CS47	R2	0.00259680483631259	0	14
P01	6	10	CS48	R1	0.0073758379909714	0	14
P01	6	11	CS48	R2	-0.000479692309837619	0	14
P01	6	12	CS49	R1	0.00850743207076297	0	12
P01	6	13	CS49	R2	-0.000174838134318343	0	14
P01	6	14	CS51	R1	-0.00365804228653185	0	14
P01	6	15	CS51	R2	0.00275112336274964	0	12
P01	6	16	CS53	R1	-0.00717579140295497	0	12
P01	6	17	CS53	R2	-0.00285085796246633	0	8
P01	6	18	CS54	R1	-0.000131719396403655	0	7
P01	6	19	CS54	R2	0.0113874298660727	0	7
P01	6	20	CS55	R1	-0.00436112772881087	0	14
P01	6	21	CS55	R2	0.00262395484215911	0	14
P01	6	22	CS56	R1	-0.00153337608257726	0	12
P01	6	23	CS56	R2	-0.00290109120453199	0	12
P01	6	24	CS57	R1	-0.00188753060850025	0	12
P01	6	25	CS57	R2	-0.00680133936800228	0	12
P01	6	26	CS58	R1	-0.00022059543652051	0	7
P01	6	27	CS60	R1	-0.00129038046112021	0	14
P01	6	28	CS62	R1	-0.0108772533246572	0	7
P01	6	29	CS62	R2	-0.00577500601288815	0	7
P01	7	1	CS41	R1	-0.00455423826003231	0	14
P01	7	2	CS41	R2	-0.00641907713729708	0	14
P01	7	3	CS42	R1	-0.0047844226771293	0	14
P01	7	4	CS42	R2	-0.00083330482300923	0	14
P01	7	5	CS43	R1	0.00171957288998922	0	14
P01	7	6	CS43	R2	0.00236400712903768	0	14
P01	7	7	CS44	R1	-0.00551276631434036	0	14
P01	7	8	CS47	R1	-0.000832753612094109	0	14
P01	7	9	CS47	R2	0.00129179783407989	0	14
P01	7	10	CS48	R1	-0.000973523396693246	0	14
P01	7	11	CS48	R2	0.00388090558127393	0	14
P01	7	12	CS49	R1	-0.00103171867043214	0	12
P01	7	13	CS49	R2	-0.0061205583390394	0	14
P01	7	14	CS51	R1	0.00303467726636056	0	14
P01	7	15	CS51	R2	-0.000242414447097652	0	12
P01	7	16	CS53	R1	0.0124720985766096	0	12
P01	7	17	CS53	R2	-0.00979227308025069	0	8
P01	7	18	CS54	R1	0.00699127048728518	0	7
P01	7	19	CS54	R2	-0.000768476825860619	0	7
P01	7	20	CS55	R1	0.00460839248716836	0	14
P01	7	21	CS55	R2	0.00155885331399372	0	14
P01	7	22	CS56	R1	0.00108529259644969	0	12
P01	7	23	CS56	R2	-0.00207380378366332	0	12
P01	7	24	CS57	R1	-0.00536019607985034	0	12
P01	7	25	CS57	R2	0.00927829255034016	0	12
P01	7	26	CS58	R1	-0.00880038331809112	0	7
P01	7	27	CS60	R1	-0.0151350099725678	0	14
P01	7	28	CS62	R1	0.00695714693202961	0	7
P01	7	29	CS62	R2	0.00421931781088341	0	7
P01	8	1	CS41	R1	-0.0151887825111553	0	14
P01	8	2	CS41	R2	0.00346672726062779	0	14
P01	8	3	CS42	R1	0.00184081420306966	0	14
P01	8	4	CS42	R2	0.00479290136908918	0	14
P01	8	5	CS43	R1	0.00101354084689518	0	14
P01	8	6	CS43	R2	-0.00079245266592312	0	14
P01	8	7	CS44	R1	-0.0064044274372083	0	14
P01	8	8	CS47	R1	-0.0091654458346686	0	14
P01	8	9	CS47	R2	0.00558197126190992	0	14
P01	8	10	CS48	R1	0.00219933150772778	0	14
P01	8	11	CS48	R2	0.00575390445475489	0	14
P01	8	12	CS49	R1	-0.00344175431121002	0	12
P01	8	13	CS49	R2	0.00395118114351234	0	14
P01	8	14	CS51	R1	0.00354996512792758	0	14
P01	8	15	CS51	R2	-0.00408029754328674	0	12
P01	8	16	CS53	R1	0.0101531031628006	0	12
P01	8	17	CS53	R2	-0.00566342952183017	0	8
P01	8	18	CS54	R1	-0.000451929077831548	0	7
P01	8	19	CS54	R2	-0.000931787197819805	0	7
P01	8	20	CS55	R1	-0.00592264021993756	0	14
P01	8	21	CS55	R2	6.06287549215675e-05	0	14
P01	8	22	CS56	R1	-0.0127615945782371	0	12
P01	8	23	CS56	R2	0.00823405476267463	0	12
P01	8	24	CS57	R1	0.00795672330289115	0	12
P01	8	25	CS57	R2	-0.000524371808379032	0	12
P01	8	26	CS58	R1	-0.00122519535676288	0	7
P01	8	27	CS60	R1	0.00377572604472076	0	14
P01	8	28	CS62	R1	0.00623432761853097	0	7
P01	8	29	CS62	R2	0.00678507383397976	0	7
P01	9	1	CS41	R1	-0.0149109029149224	0	14
P01	9	2	CS41	R2	-0.00205628688335289	0	14
P01	9	3	CS42	R1	-0.00442599337226085	0	14
P01	9	4	CS42	R2	0.000231141475948962	0	14
P01	9	5	CS43	R1	0.0120132007765918	0	14
P01	9	6	CS43	R2	-0.000569098216749113	0	14
P01	9	7	CS44	R1	0.00218914890532875	0	14
P01	9	8	CS47	R1	-0.00796894891703349	0	14
P01	9	9	CS47	R2	-0.00731066390124647	0	14
P01	9	10	CS48	R1	-0.00262955414576898	0	14
P01	9	11	CS48	R2	-0.00192033840486208	0	14
P01	9	12	CS49	R1	-0.00945356347180211	0	12
P01	9	13	CS49	R2	-0.00538666060917823	0	14
P01	9	14	CS51	R1	0.0121238486318056	0	14
P01	9	15	CS51	R2	-0.00760088927854402	0	12
P01	9	16	CS53	R1	0.00338756008968284	0	12
P01	9	17	CS53	R2	-0.00480007360423416	0	8
P01	9	18	CS54	R1	0.0131866971396101	0	7
P01	9	19	CS54	R2	-0.0011771245682238	0	7
P01	9	20	CS55	R1	0.00280262105843391	0	14
P01	9	21	CS55	R2	4.28299314052066e-05	0	14
P01	9	22	CS56	R1	-0.00464226454157812	0	12
P01	9	23	CS56	R2	-0.00156058681549919	0	12
P01	9	24	CS57	R1	-0.000395551053286244	0	12
P01	9	25	CS57	R2	-0.00184510541528117	0	12
P01	9	26	CS58	R1	0.00438045875399212	0	7
P01	9	27	CS60	R1	0.00102569009595112	0	14
P01	9	28	CS62	R1	-0.00755925560182193	0	7
P01	9	29	CS62	R2	0.00920822757527535	0	7
P01	10	1	CS41	R1	-0.00904331125595258	0	14
P01	10	2	CS41	R2	0.00150340983236354	0	14
P01	10	3	CS42	R1	0.00798790441810174	0	14
P01	10	4	CS42	R2	0.000157485907952469	0	14
P01	10	5	CS43	R1	0.00447140950261347	0	14
P01	10	6	CS43	R2	0.00418390450880978	0	14
P01	10	7	CS44	R1	0.00595415078155326	0	14
P01	10	8	CS47	R1	-0.00885388950671972	0	14
P01	10	9	CS47	R2	0.00809463025153118	0	14
P01	10	10	CS48	R1	-0.00230553496975329	0	14
P01	10	11	CS48	R2	-0.00704578815905272	0	14
P01	10	12	CS49	R1	-0.00602312363537751	0	12
P01	10	13	CS49	R2	-0.00633341378981109	0	14
P01	10	14	CS51	R1	-0.00546772529093662	0	14
P01	10	15	CS51	R2	0.00463770765428249	0	12
P01	10	16	CS53	R1	-0.00161909923982906	0	12
P01	10	17	CS53	R2	-0.0061376911599434	0	8
P01	10	18	CS54	R1	0.00472463008781588	0	7
P01	10	19	CS54	R2	-0.00427801080008746	0	7
P01	10	20	CS55	R1	-0.00564970945528391	0	14
P01	10	21	CS55	R2	0.0034736941094664	0	14
P01	10	22	CS56	R1	-0.00424867966781531	0	12
P01	10	23	CS56	R2	-0.00521377211084112	0	12
P01	10	24	CS57	R1	-0.0044234124550777	0	12
P01	10	25	CS57	R2	-0.000741590018139594	0	12
P01	10	26	CS58	R1	-0.00720796787043566	0	7
P01	10	27	CS60	R1	-0.00604276105527755	0	14
P01	10	28	CS62	R1	0.00342694144834758	0	7
P01	10	29	CS62	R2	-0.00913078687463304	0	7
P01	11	1	CS41	R1	-0.00328977310421577	0	14
P01	11	2	CS41	R2	-0.00549863847279705	0	14
P01	11	3	CS42	R1	-0.000910767792983132	0	14
P01	11	4	CS42	R2	0.00315179758173318	0	14
P01	11	5	CS43	R1	-0.00352607158657596	0	14
P01	11	6	CS43	R2	-0.000681515744090472	0	14
P01	11	7	CS44	R1	0.00290429622954758	0	14
P01	11	8	CS47	R1	-0.00511703171971267	0	14
P01	11	9	CS47	R2	-0.00259039221689942	0	14
P01	11	10	CS48	R1	0.00148230650768786	0	14
P01	11	11	CS48	R2	-0.00437540947696351	0	14
P01	11	12	CS49	R1	-0.00838743674242426	0	12
P01	11	13	CS49	R2	0.00703988289373983	0	14
P01	11	14	CS51	R1	0.00500740925230239	0	14
P01	11	15	CS51	R2	0.000825493574498622	0	12
P01	11	16	CS53	R1	-0.00218540486582037	0	12
P01	11	17	CS53	R2	0.000203863908891025	0	8
P01	11	18	CS54	R1	-0.00309277086594621	0	7
P01	11	19	CS54	R2	-0.0015267289176313	0	7
P01	11	20	CS55	R1	-0.00516057199551631	0	14
P01	11	21	CS55	R2	-0.00134647342418017	0	14
P01	11	22	CS56	R1	-0.00552318826361145	0	12
P01	11	23	CS56	R2	-0.00428810461855791	0	12
P01	11	24	CS57	R1	-0.00653644183338838	0	12
P01	11	25	CS57	R2	-0.0122655192253816	0	12
P01	11	26	CS58	R1	0.00988961698361735	0	7
P01	11	27	CS60	R1	-0.00120047362471435	0	14
P01	11	28	CS62	R1	6.75748981969747e-05	0	7
P01	11	29	CS62	R2	-0.00932064205813325	0	7
P01	12	1	CS41	R1	-0.00435532515433758	0	14
P01	12	2	CS41	R2	0.00137978253395257	0	14
P01	12	3	CS42	R1	-0.000826519224785833	0	14
P01	12	4	CS42	R2	0.0100799961900266	0	14
P01	12	5	CS43	R1	-0.00727589736379545	0	14
P01	12	6	CS43	R2	0.00142754684866306	0	14
P01	12	7	CS44	R1	-0.00265040855165932	0	14
P01	12	8	CS47	R1	-0.00479214903486573	0	14
P01	12	9	CS47	R2	-0.0052420286547779	0	14
P01	12	10	CS48	R1	0.00460540983711511	0	14
P01	12	11	CS48	R2	0.00225426772558276	0	14
P01	12	12	CS49	R1	-0.00873654324759118	0	12
P01	12	13	CS49	R2	-0.00639232939424354	0	14
P01	12	14	CS51	R1	0.00121299415891061	0	14
P01	12	15	CS51	R2	-0.00360903555093826	0	12
P01	12	16	CS53	R1	0.00556040632124324	0	12
P01	12	17	CS53	R2	-0.01098802885814	0	8
P01	12	18	CS54	R1	0.0116788490953665	0	7
P01	12	19	CS54	R2	-0.00205366965245342	0	7
P01	12	20	CS55	R1	0.000389759550168753	0	14
P01	12	21	CS55	R2	-0.00254589790505029	0	14
P01	12	22	CS56	R1	-0.0112245011541161	0	12
P01	12	23	CS56	R2	-0.0024648060884162	0	12
P01	12	24	CS57	R1	-0.00142132981898273	0	12
P01	12	25	CS57	R2	0.00296469024549924	0	12
P01	12	26	CS58	R1	0.00317424103742425	0	7
P01	12	27	CS60	R1	-0.00405508164254767	0	14
P01	12	28	CS62	R1	-0.00202981382106632	0	7
P01	12	29	CS62	R2	-0.00770055996601281	0	7
P01	13	1	CS41	R1	-0.00486724524432509	0	14
P01	13	2	CS41	R2	-0.010591206234323	0	14
P01	13	3	CS42	R1	0.0050862385449704	0	14
P01	13	4	CS42	R2	0.0014095005200625	0	14
P01	13	5	CS43	R1	-0.00106115585347911	0	14
P01	13	6	CS43	R2	-0.00076889291576185	0	14
P01	13	7	CS44	R1	0.0159030510804338	0	14
P01	13	8	CS47	R1	0.00133958049219066	0	14
P01	13	9	CS47	R2	0.00402198600838123	0	14
P01	13	10	CS48	R1	-0.00170938105785567	0	14
P01	13	11	CS48	R2	-0.00101382384040854	0	14
P01	13	12	CS49	R1	-0.000180002156848942	0	12
P01	13	13	CS49	R2	-0.00122807076417796	0	14
P01	13	14	CS51	R1	0.00146871413890171	0	14
P01	13	15	CS51	R2	0.00404771095948118	0	12
P01	13	16	CS53	R1	-0.0123535475212578	0	12
P01	13	17	CS53	R2	-0.00653766539229975	0	8
P01	13	18	CS54	R1	0.00809043609143114	0	7
P01	13	19	CS54	R2	-0.0113532878493428	0	7
P01	13	20	CS55	R1	-0.00220887061945817	0	14
P01	13	21	CS55	R2	-0.00337954928587142	0	14
P01	13	22	CS56	R1	-0.000245921160413622	0	12
P01	13	23	CS56	R2	0.000329635669865399	0	12
P01	13	24	CS57	R1	0.00304700215538561	0	12
P01	13	25	CS57	R2	0.00415565921772382	0	12
P01	13	26	CS58	R1	0.00811369825868193	0	7
P01	13	27	CS60	R1	0.00263653611990323	0	14
P01	13	28	CS62	R1	0.00156792365097719	0	7
P01	13	29	CS62	R2	-0.0171731687892541	0	7
P01	14	1	CS41	R1	-0.00591424530138203	0	14
P01	14	2	CS41	R2	0.00392882126760115	0	14
P01	14	3	CS42	R1	-0.0104654383161878	0	14
P01	14	4	CS42	R2	0.00149737909645148	0	14
P01	14	5	CS43	R1	-0.00349558183559591	0	14
P01	14	6	CS43	R2	0.000162876659661346	0	14
P01	14	7	CS44	R1	0.000463554365667281	0	14
P01	14	8	CS47	R1	-0.00414622354342893	0	14
P01	14	9	CS47	R2	0.00230027660689531	0	14
P01	14	10	CS48	R1	0.00274875068546765	0	14
P01	14	11	CS48	R2	-0.00698949084242422	0	14
P01	14	12	CS49	R1	0.00583328790549611	0	12
P01	14	13	CS49	R2	-0.00865013184994696	0	14
P01	14	14	CS51	R1	-0.000641124601683405	0	14
P01	14	15	CS51	R2	-0.00342102308816956	0	12
P01	14	16	CS53	R1	0.00304440354151224	0	12
P01	14	17	CS53	R2	-0.0121449281779175	0	8
P01	14	18	CS54	R1	0.00157621926551169	0	7
P01	14	19	CS54	R2	-0.015829766395091	0	7
P01	14	20	CS55	R1	-0.0029281262043133	0	14
P01	14	21	CS55	R2	0.00278386599437912	0	14
P01	14	22	CS56	R1	-0.0043007052526518	0	12
P01	14	23	CS56	R2	0.00705534316614509	0	12
P01	14	24	CS57	R1	-0.00708326392444546	0	12
P01	14	25	CS57	R2	0.00508285399794275	0	12
P01	14	26	CS58	R1	-0.00225181160713746	0	7
P01	14	27	CS60	R1	-0.00269428758072791	0	14
P01	14	28	CS62	R1	-0.00553800623731163	0	7
P01	14	29	CS62	R2	0.000464729289745962	0	7
P01	15	1	CS41	R1	-0.000942600712594733	0	14
P01	15	2	CS41	R2	-0.00155914044150614	0	14
P01	15	3	CS42	R1	-0.00168657633749115	0	14
P01	15	4	CS42	R2	0.00497631098596431	0	14
P01	15	5	CS43	R1	-0.00552226981341224	0	14
P01	15	6	CS43	R2	-0.00330704350141907	0	14
P01	15	7	CS44	R1	-0.00363469187222668	0	14
P01	15	8	CS47	R1	0.00415673992469313	0	14
P01	15	9	CS47	R2	-0.00180992445084808	0	14
P01	15	10	CS48	R1	0.00510266155657204	0	14
P01	15	11	CS48	R2	0.00378614512404092	0	14
P01	15	12	CS49	R1	-0.00683490471301003	0	12
P01	15	13	CS49	R2	-0.00126635285050901	0	14
P01	15	14	CS51	R1	-0.00729437360840673	0	14
P01	15	15	CS51	R2	0.00311271912475864	0	12
P01	15	16	CS53	R1	-0.00149186962615183	0	12
P01	15	17	CS53	R2	0.000857108039203925	0	8
P01	15	18	CS54	R1	0.00991817218423412	0	7
P01	15	19	CS54	R2	0.00715774812603218	0	7
P01	15	20	CS55	R1	-0.00704064294981313	0	14
P01	15	21	CS55	R2	0.00479373549269718	0	14
P01	15	22	CS56	R1	-0.00479827527472158	0	12
P01	15	23	CS56	R2	-0.00790788071707475	0	12
P01	15	24	CS57	R1	-0.00271198925091691	0	12
P01	15	25	CS57	R2	-0.00168616928078135	0	12
P01	15	26	CS58	R1	0.00330134819426971	0	7
P01	15	27	CS60	R1	0.0057107758255991	0	14
P01	15	28	CS62	R1	0.00901388006129659	0	7
P01	15	29	CS62	R2	0.00470532849441501	0	7
P01	16	1	CS41	R1	-0.000277285528624422	0	14
P01	16	2	CS41	R2	-0.000649262346845349	0	14
P01	16	3	CS42	R1	-0.00373146933465947	0	14
P01	16	4	CS42	R2	-0.0101179485144751	0	14
P01	16	5	CS43	R1	-2.76382207407254e-05	0	14
P01	16	6	CS43	R2	-0.0127310770364391	0	14
P01	16	7	CS44	R1	0.00532718152744466	0	14
P01	16	8	CS47	R1	-0.00572423470569517	0	14
P01	16	9	CS47	R2	-0.000284874033699522	0	14
P01	16	10	CS48	R1	0.00901036122164717	0	14
P01	16	11	CS48	R2	0.00189278547976335	0	14
P01	16	12	CS49	R1	-0.0110021384966501	0	12
P01	16	13	CS49	R2	-0.00607679861335124	0	14
P01	16	14	CS51	R1	-0.0125965046364887	0	14
P01	16	15	CS51	R2	-0.00521020823566712	0	12
P01	16	16	CS53	R1	-8.80274279703326e-05	0	12
P01	16	17	CS53	R2	0.00248115044112906	0	8
P01	16	18	CS54	R1	-0.00306510283892993	0	7
P01	16	19	CS54	R2	0.000109068257447717	0	7
P01	16	20	CS55	R1	-0.00713221717744466	0	14
P01	16	21	CS55	R2	0.00239783858630227	0	14
P01	16	22	CS56	R1	5.31732790118359e-05	0	12
P01	16	23	CS56	R2	0.00532849370771406	0	12
P01	16	24	CS57	R1	-0.00627696164416891	0	12
P01	16	25	CS57	R2	0.00183215937481084	0	12
P01	16	26	CS58	R1	-5.97683311245236e-05	0	7
P01	16	27	CS60	R1	-0.00112307809696413	0	14
P01	16	28	CS62	R1	-0.0193672435634405	0	7
P01	16	29	CS62	R2	0.0117883806249751	0	7
P01	17	1	CS41	R1	0.00274834007786057	0	14
P01	17	2	CS41	R2	-0.00377805140310068	0	14
P01	17	3	CS42	R1	7.776418433261e-05	0	14
P01	17	4	CS42	R2	0.00517711502803738	0	14
P01	17	5	CS43	R1	0.00418689924528429	0	14
P01	17	6	CS43	R2	0.00177549187861605	0	14
P01	17	7	CS44	R1	-0.00190664193037369	0	14
P01	17	8	CS47	R1	-0.00891232949264858	0	14
P01	17	9	CS47	R2	0.00173106550450554	0	14
P01	17	10	CS48	R1	-0.0103549015019402	0	14
P01	17	11	CS48	R2	0.0142232685582923	0	14
P01	17	12	CS49	R1	-0.00879527097299518	0	12
P01	17	13	CS49	R2	0.00729520126699896	0	14
P01	17	14	CS51	R1	-0.00811498491496836	0	14
P01	17	15	CS51	R2	-0.0119398696424894	0	12
P01	17	16	CS53	R1	0.000573502288264476	0	12
P01	17	17	CS53	R2	0.00388863368458305	0	8
P01	17	18	CS54	R1	0.000133967484027656	0	7
P01	17	19	CS54	R2	0.00659117890732358	0	7
P01	17	20	CS55	R1	0.000171810124904953	0	14
P01	17	21	CS55	R2	0.00583813798045137	0	14
P01	17	22	CS56	R1	0.00301263635200457	0	12
P01	17	23	CS56	R2	-0.00997127541065079	0	12
P01	17	24	CS57	R1	-0.00212072685324799	0	12
P01	17	25	CS57	R2	0.0134002952906168	0	12
P01	17	26	CS58	R1	-0.0035589961218744	0	7
P01	17	27	CS60	R1	-0.00241619430028071	0	14
P01	17	28	CS62	R1	-0.000474135764191864	0	7
P01	17	29	CS62	R2	-0.0033874461330403	0	7
P01	18	1	CS41	R1	-0.00658354030776484	0	14
P01	18	2	CS41	R2	9.44067816196087e-05	0	14
P01	18	3	CS42	R1	-0.00555296453196451	0	14
P01	18	4	CS42	R2	-0.00627230758598808	0	14
P01	18	5	CS43	R1	-0.00531666504701251	0	14
P01	18	6	CS43	R2	-0.00385789259791138	0	14
P01	18	7	CS44	R1	-0.00533455752295867	0	14
P01	18	8	CS47	R1	0.00223681555641821	0	14
P01	18	9	CS47	R2	-0.00972101789091572	0	14
P01	18	10	CS48	R1	0.00505769924917024	0	14
P01	18	11	CS48	R2	0.00535915005983584	0	14
P01	18	12	CS49	R1	-0.00766562135963196	0	12
P01	18	13	CS49	R2	-0.00818176714630132	0	14
P01	18	14	CS51	R1	-0.00365743833388238	0	14
P01	18	15	CS51	R2	0.00491362436390548	0	12
P01	18	16	CS53	R1	0.00158186942884652	0	12
P01	18	17	CS53	R2	0.00649927699132152	0	8
P01	18	18	CS54	R1	-0.00811177714014122	0	7
P01	18	19	CS54	R2	-0.010339426547082	0	7
P01	18	20	CS55	R1	-0.000429109103135847	0	14
P01	18	21	CS55	R2	0.00412818696022141	0	14
P01	18	22	CS56	R1	-0.000715234263205546	0	12
P01	18	23	CS56	R2	0.00140226383156581	0	12
P01	18	24	CS57	R1	-0.00851636152719984	0	12
P01	18	25	CS57	R2	-0.0198940076999735	0	12
P01	18	26	CS58	R1	-0.00643644432376767	0	7
P01	18	27	CS60	R1	0.00369535492817834	0	14
P01	18	28	CS62	R1	-0.00116765017688263	0	7
P01	18	29	CS62	R2	0.000811842000069054	0	7
P01	19	1	CS41	R1	0.00685257551875046	0	14
P01	19	2	CS41	R2	0.000589968308534753	0	14
P01	19	3	CS42	R1	0.00159288262275293	0	14
P01	19	4	CS42	R2	-0.00370678470189817	0	14
P01	19	5	CS43	R1	-0.000605643070762575	0	14
P01	19	6	CS43	R2	-0.00824272084462567	0	14
P01	19	7	CS44	R1	0.0026173648108607	0	14
P01	19	8	CS47	R1	-0.00144392535433627	0	14
P01	19	9	CS47	R2	-0.00514073732448333	0	14
P01	19	10	CS48	R1	0.0069913395562589	0	14
P01	19	11	CS48	R2	0.00103952059640355	0	14
P01	19	12	CS49	R1	-0.0115981193245981	0	12
P01	19	13	CS49	R2	0.000399120559381154	0	14
P01	19	14	CS51	R1	-0.00613800208626782	0	14
P01	19	15	CS51	R2	0.00077090671950883	0	12
P01	19	16	CS53	R1	-0.004597832723916	0	12
P01	19	17	CS53	R2	0.0133462763838425	0	8
P01	19	18	CS54	R1	0.00619333497853311	0	7
P01	19	19	CS54	R2	-0.00468532294248499	0	7
P01	19	20	CS55	R1	-0.00220380785690847	0	14
P01	19	21	CS55	R2	-0.000974239282625719	0	14
P01	19	22	CS56	R1	-0.00390064332297016	0	12
P01	19	23	CS56	R2	-0.0154687178604847	0	12
P01	19	24	CS57	R1	0.00289676609749865	0	12
P01	19	25	CS57	R2	-0.00283121209323331	0	12
P01	19	26	CS58	R1	0.00768417190006329	0	7
P01	19	27	CS60	R1	-0.000936093938031348	0	14
P01	19	28	CS62	R1	-0.0123410035484404	0	7
P01	19	29	CS62	R2	-0.00564954540673602	0	7
P01	20	1	CS41	R1	0.00132949747530737	0	14
P01	20	2	CS41	R2	0.00203166025233713	0	14
P01	20	3	CS42	R1	-0.00288056874280985	0	14
P01	20	4	CS42	R2	0.00562244351357307	0	14
P01	20	5	CS43	R1	-0.00158809480820356	0	14
P01	20	6	CS43	R2	0.00678807287602074	0	14
P01	20	7	CS44	R1	-0.00110450613211392	0	14
P01	20	8	CS47	R1	-0.00865420971434519	0	14
P01	20	9	CS47	R2	-0.0124559256154363	0	14
P01	20	10	CS48	R1	-0.00513010356682723	0	14
P01	20	11	CS48	R2	0.00530119707474592	0	14
P01	20	12	CS49	R1	-0.00431589614890414	0	12
P01	20	13	CS49	R2	0.000833299346357574	0	14
P01	20	14	CS51	R1	-0.00394386214242643	0	14
P01	20	15	CS51	R2	0.00826679706997019	0	12
P01	20	16	CS53	R1	-0.000663685221880823	0	12
P01	20	17	CS53	R2	-0.0091975099789708	0	8
P01	20	18	CS54	R1	0.00152492366749942	0	7
P01	20	19	CS54	R2	-0.00660699247896712	0	7
P01	20	20	CS55	R1	0.00589055952398797	0	14
P01	20	21	CS55	R2	-0.00683179967596977	0	14
P01	20	22	CS56	R1	-0.0184418174920954	0	12
P01	20	23	CS56	R2	-0.00506089058515396	0	12
P01	20	24	CS57	R1	0.00529686109057904	0	12
P01	20	25	CS57	R2	0.00861967466035821	0	12
P01	20	26	CS58	R1	0.00374146605502345	0	7
P01	20	27	CS60	R1	0.0133272759849112	0	14
P01	20	28	CS62	R1	-0.00367154034403613	0	7
P01	20	29	CS62	R2	-0.00864608020909598	0	7
P01	21	1	CS41	R1	0.00553301766529689	0	14
P01	21	2	CS41	R2	-0.0010673701425422	0	14
P01	21	3	CS42	R1	0.00193520626812353	0	14
P01	21	4	CS42	R2	0.00982018462432771	0	14
P01	21	5	CS43	R1	0.00152681795089658	0	14
P01	21	6	CS43	R2	-0.00452526931495992	0	14
P01	21	7	CS44	R1	-0.00231814982499713	0	14
P01	21	8	CS47	R1	-0.00667746715131378	0	14
P01	21	9	CS47	R2	-0.00586336401284952	0	14
P01	21	10	CS48	R1	-0.00568815680108678	0	14
P01	21	11	CS48	R2	-0.00555356994015848	0	14
P01	21	12	CS49	R1	-0.0101859117343172	0	12
P01	21	13	CS49	R2	-0.00194626488581063	0	14
P01	21	14	CS51	R1	0.00358871284085078	0	14
P01	21	15	CS51	R2	0.00266080586709842	0	12
P01	21	16	CS53	R1	-0.00292391985079121	0	12
P01	21	17	CS53	R2	0.00183300637398598	0	8
P01	21	18	CS54	R1	-0.00935373502579382	0	7
P01	21	19	CS54	R2	0.00486378508153916	0	7
P01	21	20	CS55	R1	-0.00204464308560512	0	14
P01	21	21	CS55	R2	-0.000611710473458453	0	14
P01	21	22	CS56	R1	-0.00224806660954372	0	12
P01	21	23	CS56	R2	0.00817667613110956	0	12
P01	21	24	CS57	R1	-0.00730341958948046	0	12
P01	21	25	CS57	R2	-0.00407838626612539	0	12
P01	21	26	CS58	R1	0.00483456458637401	0	7
P01	21	27	CS60	R1	-0.00108392164925363	0	14
P01	21	28	CS62	R1	0.0089120355327328	0	7
P01	21	29	CS62	R2	0.00643201528898935	0	7
P01	22	1	CS41	R1	-0.00552104470087062	0	14
P01	22	2	CS41	R2	0.00389197466754765	0	14
P01	22	3	CS42	R1	-0.00258186095446597	0	14
P01	22	4	CS42	R2	-0.000542955235303447	0	14
P01	22	5	CS43	R1	-0.00633258595738853	0	14
P01	22	6	CS43	R2	-0.00490093807742707	0	14
P01	22	7	CS44	R1	0.00400815830345149	0	14
P01	22	8	CS47	R1	0.000540888176703779	0	14
P01	22	9	CS47	R2	0.00183042559752385	0	14
P01	22	10	CS48	R1	0.00324377078174084	0	14
P01	22	11	CS48	R2	-0.00760923906604103	0	14
P01	22	12	CS49	R1	-0.00366905455039144	0	12
P01	22	13	CS49	R2	-0.000843904430224529	0	14
P01	22	14	CS51	R1	-0.00238116107097653	0	14
P01	22	15	CS51	R2	-0.00286506318543761	0	12
P01	22	16	CS53	R1	-0.00264002572772245	0	12
P01	22	17	CS53	R2	0.0252739578913057	0	8
P01	22	18	CS54	R1	-0.0147762705441164	0	7
P01	22	19	CS54	R2	-0.00246538015310194	0	7
P01	22	20	CS55	R1	-0.00563758080433701	0	14
P01	22	21	CS55	R2	0.000260227666657997	0	14
P01	22	22	CS56	R1	-0.00415898240022262	0	12
P01	22	23	CS56	R2	-0.0111454210314236	0	12
P01	22	24	CS57	R1	-0.00848311517952557	0	12
P01	22	25	CS57	R2	-0.00642401380151341	0	12
P01	22	26	CS58	R1	-0.00394780211772899	0	7
P01	22	27	CS60	R1	0.00814322117266027	0	14
P01	22	28	CS62	R1	-0.0106180529551733	0	7
P01	22	29	CS62	R2	0.00454879108700943	0	7
P01	23	1	CS41	R1	0.00368961978522534	0	14
P01	23	2	CS41	R2	0.00614261003013177	0	14
P01	23	3	CS42	R1	-0.00520631531435137	0	14
P01	23	4	CS42	R2	-0.000715724869525463	0	14
P01	23	5	CS43	R1	-0.00226254973396445	0	14
P01	23	6	CS43	R2	0.00150680695221244	0	14
P01	23	7	CS44	R1	0.0026832076742248	0	14
P01	23	8	CS47	R1	0.00604871267928545	0	14
P01	23	9	CS47	R2	0.00401108578962361	0	14
P01	23	10	CS48	R1	-0.0069002752974759	0	14
P01	23	11	CS48	R2	-0.0055403998727092	0	14
P01	23	12	CS49	R1	0.0061749176492154	0	12
P01	23	13	CS49	R2	0.00433808320205098	0	14
P01	23	14	CS51	R1	0.00883981217069761	0	14
P01	23	15	CS51	R2	0.00758532056420336	0	12
P01	23	16	CS53	R1	-0.013685378837238	0	12
P01	23	17	CS53	R2	0.0139297283506793	0	8
P01	23	18	CS54	R1	0.00177870152321208	0	7
P01	23	19	CS54	R2	-0.000294933033731171	0	7
P01	23	20	CS55	R1	0.000231033715121436	0	14
P01	23	21	CS55	R2	0.00616236710921557	0	14
P01	23	22	CS56	R1	-0.000465172809345901	0	12
P01	23	23	CS56	R2	0.00582391906567348	0	12
P01	23	24	CS57	R1	0.00298766670497955	0	12
P01	23	25	CS57	R2	-0.0018234371005685	0	12
P01	23	26	CS58	R1	-0.0120503680609279	0	7
P01	23	27	CS60	R1	-0.00678817774099018	0	14
P01	23	28	CS62	R1	-0.00550777628866925	0	7
P01	23	29	CS62	R2	-0.00963459797330014	0	7
P01	24	1	CS41	R1	0.000395465207309978	0	14
P01	24	2	CS41	R2	0.00543595140742625	0	14
P01	24	3	CS42	R1	0.00591483765909224	0	14
P01	24	4	CS42	R2	-0.00215987035704957	0	14
P01	24	5	CS43	R1	0.0125832955695503	0	14
P01	24	6	CS43	R2	0.0076718148227	0	14
P01	24	7	CS44	R1	-0.0032540179203747	0	14
P01	24	8	CS47	R1	-0.00678432131309819	0	14
P01	24	9	CS47	R2	-0.000824208182950516	0	14
P01	24	10	CS48	R1	0.00650065434578972	0	14
P01	24	11	CS48	R2	-0.00131076940457248	0	14
P01	24	12	CS49	R1	0.00573226167841693	0	12
P01	24	13	CS49	R2	0.0018115662833634	0	14
P01	24	14	CS51	R1	-0.000390401989932492	0	14
P01	24	15	CS51	R2	-0.00471778103563146	0	12
P01	24	16	CS53	R1	0.00276726776277437	0	12
P01	24	17	CS53	R2	-0.00755342301867491	0	8
P01	24	18	CS54	R1	-0.0103310569690253	0	7
P01	24	19	CS54	R2	0.000117290099805655	0	7
P01	24	20	CS55	R1	-0.00286766643178715	0	14
P01	24	21	CS55	R2	0.00523957764973375	0	14
P01	24	22	CS56	R1	-0.00562369960240903	0	12
P01	24	23	CS56	R2	-0.00288596292252666	0	12
P01	24	24	CS57	R1	-0.0021485427694554	0	12
P01	24	25	CS57	R2	0.00898281524029097	0	12
P01	24	26	CS58	R1	0.0029118068325372	0	7
P01	24	27	CS60	R1	-0.000274062006488897	0	14
P01	24	28	CS62	R1	0.00630441705299204	0	7
P01	24	29	CS62	R2	0.00196631718912612	0	7
P01	25	1	CS41	R1	-0.00221099302381165	0	14
P01	25	2	CS41	R2	0.00304346963986557	0	14
P01	25	3	CS42	R1	-0.00177187592630964	0	14
P01	25	4	CS42	R2	-0.00887494850157104	0	14
P01	25	5	CS43	R1	-0.00158868675469333	0	14
P01	25	6	CS43	R2	0.00113208511661288	0	14
P01	25	7	CS44	R1	0.00184109547964211	0	14
P01	25	8	CS47	R1	-0.00365778038077117	0	14
P01	25	9	CS47	R2	-0.00761865458612935	0	14
P01	25	10	CS48	R1	0.00278900804597457	0	14
P01	25	11	CS48	R2	-0.00314981651212788	0	14
P01	25	12	CS49	R1	-0.00239402047541217	0	12
P01	25	13	CS49	R2	-0.0139656608229565	0	14
P01	25	14	CS51	R1	-0.0107991938004783	0	14
P01	25	15	CS51	R2	-0.00269360023355684	0	12
P01	25	16	CS53	R1	-0.00054071658602847	0	12
P01	25	17	CS53	R2	-0.00274430381127309	0	8
P01	25	18	CS54	R1	0.00148004360306989	0	7
P01	25	19	CS54	R2	-0.00572661528084391	0	7
P01	25	20	CS55	R1	-0.00157438374028446	0	14
P01	25	21	CS55	R2	-0.00198047025522403	0	14
P01	25	22	CS56	R1	0.00122902898454748	0	12
P01	25	23	CS56	R2	-0.0148192653039784	0	12
P01	25	24	CS57	R1	-0.00301320363424608	0	12
P01	25	25	CS57	R2	0.0049981971022654	0	12
P01	25	26	CS58	R1	-0.00853771299633794	0	7
P01	25	27	CS60	R1	9.82579746159842e-05	0	14
P01	25	28	CS62	R1	-0.0104914226987508	0	7
P01	25	29	CS62	R2	0.0028963568888285	0	7
P01	26	1	CS41	R1	-0.00535520799074434	0	14
P01	26	2	CS41	R2	0.00354587122591847	0	14
P01	26	3	CS42	R1	-0.000106735220777146	0	14
P01	26	4	CS42	R2	-0.00185334570413284	0	14
P01	26	5	CS43	R1	0.00100217903062984	0	14
P01	26	6	CS43	R2	-0.00198347873714133	0	14
P01	26	7	CS44	R1	-0.00553936309993914	0	14
P01	26	8	CS47	R1	0.00444996191663221	0	14
P01	26	9	CS47	R2	0.00428907700147579	0	14
P01	26	10	CS48	R1	0.00378088830708551	0	14
P01	26	11	CS48	R2	-0.00582102372853935	0	14
P01	26	12	CS49	R1	-0.00170574449568917	0	12
P01	26	13	CS49	R2	-0.000875932250796425	0	14
P01	26	14	CS51	R1	-0.000996893291974744	0	14
P01	26	15	CS51	R2	0.0106355547310872	0	12
P01	26	16	CS53	R1	-0.00579990213826591	0	12
P01	26	17	CS53	R2	-0.00138852103621658	0	8
P01	26	18	CS54	R1	0.00316586017487579	0	7
P01	26	19	CS54	R2	-0.00035846626671545	0	7
P01	26	20	CS55	R1	-0.00715290840837542	0	14
P01	26	21	CS55	R2	0.0034235547373781	0	14
P01	26	22	CS56	R1	-0.0198492565909488	0	12
P01	26	23	CS56	R2	0.00772909883210103	0	12
P01	26	24	CS57	R1	0.0011128924607058	0	12
P01	26	25	CS57	R2	-0.00478284001065707	0	12
P01	26	26	CS58	R1	0.00393099872286187	0	7
P01	26	27	CS60	R1	0.00531199084009406	0	14
P01	26	28	CS62	R1	-0.00349529314256726	0	7
P01	26	29	CS62	R2	-0.0130202390971262	0	7
P01	27	1	CS41	R1	-0.00885277513444862	0	14
P01	27	2	CS41	R2	-0.0011082055650103	0	14
P01	27	3	CS42	R1	-0.0106272021851746	0	14
P01	27	4	CS42	R2	0.00419126662386519	0	14
P01	27	5	CS43	R1	0.00968167394744054	0	14
P01	27	6	CS43	R2	0.00443180071710008	0	14
P01	27	7	CS44	R1	0.00171186115248347	0	14
P01	27	8	CS47	R1	0.00769431305011508	0	14
P01	27	9	CS47	R2	-0.0136073925397422	0	14
P01	27	10	CS48	R1	-0.00945106350117493	0	14
P01	27	11	CS48	R2	0.00558239208551467	0	14
P01	27	12	CS49	R1	0.00304585466563176	0	12
P01	27	13	CS49	R2	-0.00621908377223494	0	14
P01	27	14	CS51	R1	0.00636857095629702	0	14
P01	27	15	CS51	R2	-0.00279233772716913	0	12
P01	27	16	CS53	R1	-0.00196403575413147	0	12
P01	27	17	CS53	R2	-0.00976710845022614	0	8
P01	27	18	CS54	R1	0.0035913124512777	0	7
P01	27	19	CS54	R2	-0.00500850752926999	0	7
P01	27	20	CS55	R1	-0.0011023233128116	0	14
P01	27	21	CS55	R2	-0.00713938365993218	0	14
P01	27	22	CS56	R1	-0.00225211138779003	0	12
P01	27	23	CS56	R2	0.00622088005990584	0	12
P01	27	24	CS57	R1	0.00286114959526372	0	12
P01	27	25	CS57	R2	0.000328941571637902	0	12
P01	27	26	CS58	R1	-0.00292139858536653	0	7
P01	27	27	CS60	R1	-0.00781657066790566	0	14
P01	27	28	CS62	R1	-0.00833515340821276	0	7
P01	27	29	CS62	R2	0.00686616478300547	0	7
P01	28	1	CS41	R1	-0.00416112443107371	0	14
P01	28	2	CS41	R2	0.00872374512812071	0	14
P01	28	3	CS42	R1	-0.00833494536421393	0	14
P01	28	4	CS42	R2	0.00228598591886782	0	14
P01	28	5	CS43	R1	0.000343437187153606	0	14
P01	28	6	CS43	R2	-0.0104717549950857	0	14
P01	28	7	CS44	R1	0.00138511662924465	0	14
P01	28	8	CS47	R1	0.00448590592692308	0	14
P01	28	9	CS47	R2	-0.00282285570201402	0	14
P01	28	10	CS48	R1	0.00241761612144703	0	14
P01	28	11	CS48	R2	0.00367218816731966	0	14
P01	28	12	CS49	R1	-0.000138952080373566	0	12
P01	28	13	CS49	R2	-0.0106632654901767	0	14
P01	28	14	CS51	R1	-0.00366439817631929	0	14
P01	28	15	CS51	R2	0.00128917710395746	0	12
P01	28	16	CS53	R1	0.00217157724576197	0	12
P01	28	17	CS53	R2	-0.00272284892442211	0	8
P01	28	18	CS54	R1	0.00136130404719459	0	7
P01	28	19	CS54	R2	-0.00130312428115027	0	7
P01	28	20	CS55	R1	-0.00349887907882294	0	14
P01	28	21	CS55	R2	-0.0114282230925088	0	14
P01	28	22	CS56	R1	-0.00463096593559229	0	12
P01	28	23	CS56	R2	-0.0135719191355361	0	12
P01	28	24	CS57	R1	0.000399826070992447	0	12
P01	28	25	CS57	R2	0.00259774958970299	0	12
P01	28	26	CS58	R1	-0.000199956880581298	0	7
P01	28	27	CS60	R1	-0.00440048240656577	0	14
P01	28	28	CS62	R1	0.00151300336668774	0	7
P01	28	29	CS62	R2	0.0021871430059068	0	7
P01	29	1	CS41	R1	0.00426546344305004	0	14
P01	29	2	CS41	R2	0.000598149272779852	0	14
P01	29	3	CS42	R1	0.00140577955608661	0	14
P01	29	4	CS42	R2	0.00506071567046042	0	14
P01	29	5	CS43	R1	-0.0050430115768994	0	14
P01	29	6	CS43	R2	0.00855466883413212	0	14
P01	29	7	CS44	R1	-0.00424318661582737	0	14
P01	29	8	CS47	R1	0.00897367021943305	0	14
P01	29	9	CS47	R2	-0.00942929764258271	0	14
P01	29	10	CS48	R1	-0.00436443797696054	0	14
P01	29	11	CS48	R2	-0.0101828222595016	0	14
P01	29	12	CS49	R1	0.00315037070509638	0	12
P01	29	13	CS49	R2	0.00638190692865577	0	14
P01	29	14	CS51	R1	-0.00167913076344143	0	14
P01	29	15	CS51	R2	0.0068070978966294	0	12
P01	29	16	CS53	R1	0.00119928854969444	0	12
P01	29	17	CS53	R2	0.00523837141130596	0	8
P01	29	18	CS54	R1	0.0056884826723048	0	7
P01	29	19	CS54	R2	0.00761271233359074	0	7
P01	29	20	CS55	R1	-0.0080502862867775	0	14
P01	29	21	CS55	R2	-0.00146593069225927	0	14
P01	29	22	CS56	R1	-0.00216092961546282	0	12
P01	29	23	CS56	R2	-0.00424978974823564	0	12
P01	29	24	CS57	R1	0.000883557934559653	0	12
P01	29	25	CS57	R2	0.000117432881748278	0	12
P01	29	26	CS58	R1	-0.00485848471067995	0	7
P01	29	27	CS60	R1	-0.00338456318105573	0	14
P01	29	28	CS62	R1	-0.012488009046446	0	7
P01	29	29	CS62	R2	0.000567657072422431	0	7
P01	30	1	CS41	R1	0.00325377230509327	0	14
P01	30	2	CS41	R2	-0.000264611732090549	0	14
P01	30	3	CS42	R1	-0.00400680509917324	0	14
P01	30	4	CS42	R2	0.00127306290793303	0	14
P01	30	5	CS43	R1	-0.0108023312021376	0	14
P01	30	6	CS43	R2	-0.00111059554015867	0	14
P01	30	7	CS44	R1	-0.00395641759051468	0	14
P01	30	8	CS47	R1	-0.0115395891204582	0	14
P01	30	9	CS47	R2	-0.00450038815335739	0	14
P01	30	10	CS48	R1	0.0136908855477648	0	14
P01	30	11	CS48	R2	-0.000300750343837597	0	14
P01	30	12	CS49	R1	0.00547256134900304	0	12
P01	30	13	CS49	R2	0.000947621738233825	0	14
P01	30	14	CS51	R1	0.00443151484426129	0	14
P01	30	15	CS51	R2	0.00331540197386942	0	12
P01	30	16	CS53	R1	-0.00400601306045108	0	12
P01	30	17	CS53	R2	-0.00792446265803591	0	8
P01	30	18	CS54	R1	-0.00363425753533128	0	7
P01	30	19	CS54	R2	-0.00107182259565575	0	7
P01	30	20	CS55	R1	-0.00621690243712787	0	14
P01	30	21	CS55	R2	0.00332606471012528	0	14
P01	30	22	CS56	R1	-0.00502536093556246	0	12
P01	30	23	CS56	R2	-0.0141665649371044	0	12
P01	30	24	CS57	R1	0.000326534828006095	0	12
P01	30	25	CS57	R2	-0.00517070660389645	0	12
P01	30	26	CS58	R1	-0.00794628785268939	0	7
P01	30	27	CS60	R1	-0.00585446407234963	0	14
P01	30	28	CS62	R1	-0.0112801411889821	0	7
P01	30	29	CS62	R2	0.00597996019259988	0	7
P01	31	1	CS41	R1	0.0041854921887914	0	14
P01	31	2	CS41	R2	-0.00242681174852272	0	14
P01	31	3	CS42	R1	-0.00443054670970546	0	14
P01	31	4	CS42	R2	-0.00177970348899996	0	14
P01	31	5	CS43	R1	-0.00611275375532857	0	14
P01	31	6	CS43	R2	-0.000711908181714291	0	14
P01	31	7	CS44	R1	0.00658694969705178	0	14
P01	31	8	CS47	R1	-0.00506895676848887	0	14
P01	31	9	CS47	R2	0.00729091233657923	0	14
P01	31	10	CS48	R1	-0.0118587122655317	0	14
P01	31	11	CS48	R2	-0.00923978344160996	0	14
P01	31	12	CS49	R1	-0.00380007404354471	0	12
P01	31	13	CS49	R2	-0.00187261400062324	0	14
P01	31	14	CS51	R1	-0.00239195408005206	0	14
P01	31	15	CS51	R2	-0.00681799568483535	0	12
P01	31	16	CS53	R1	-0.00496332627529163	0	12
P01	31	17	CS53	R2	-0.00957478625386395	0	8
P01	31	18	CS54	R1	0.00688845191578651	0	7
P01	31	19	CS54	R2	-0.00637401118560441	0	7
P01	31	20	CS55	R1	-0.000136186594761272	0	14
P01	31	21	CS55	R2	-0.00341081951032954	0	14
P01	31	22	CS56	R1	-0.0108865736950057	0	12
P01	31	23	CS56	R2	-0.00330639937421748	0	12
P01	31	24	CS57	R1	-0.00771909694030583	0	12
P01	31	25	CS57	R2	0.00160214610858433	0	12
P01	31	26	CS58	R1	0.00328210006789086	0	7
P01	31	27	CS60	R1	-0.0117828415971341	0	14
P01	31	28	CS62	R1	0.00820301029516332	0	7
P01	31	29	CS62	R2	0.00195524836978514	0	7
P01	32	1	CS41	R1	0.00225271319883676	0	14
P01	32	2	CS41	R2	0.0104257272617969	0	14
P01	32	3	CS42	R1	0.00855566849334195	0	14
P01	32	4	CS42	R2	-0.00934080206862079	0	14
P01	32	5	CS43	R1	0.000115597835909826	0	14
P01	32	6	CS43	R2	0.000932159029061059	0	14
P01	32	7	CS44	R1	-0.00480776554135214	0	14
P01	32	8	CS47	R1	-0.00510438657339738	0	14
P01	32	9	CS47	R2	0.00293094036347937	0	14
P01	32	10	CS48	R1	0.00238862120812861	0	14
P01	32	11	CS48	R2	-0.00231439718415359	0	14
P01	32	12	CS49	R1	0.0089045249429803	0	12
P01	32	13	CS49	R2	-0.00635496569033421	0	14
P01	32	14	CS51	R1	-0.0130459889049452	0	14
P01	32	15	CS51	R2	0.0085102070916133	0	12
P01	32	16	CS53	R1	-0.00231587748246178	0	12
P01	32	17	CS53	R2	0.0182032898956546	0	8
P01	32	18	CS54	R1	-0.00107577844758981	0	7
P01	32	19	CS54	R2	-0.0117633942296366	0	7
P01	32	20	CS55	R1	0.00260926753163777	0	14
P01	32	21	CS55	R2	-0.00272180488147494	0	14
P01	32	22	CS56	R1	-0.0100844449661113	0	12
P01	32	23	CS56	R2	0.0116075521960209	0	12
P01	32	24	CS57	R1	0.00234930441686557	0	12
P01	32	25	CS57	R2	-0.0054174738300574	0	12
P01	32	26	CS58	R1	-0.0148911135525285	0	7
P01	32	27	CS60	R1	-0.00677755513188455	0	14
P01	32	28	CS62	R1	-0.00246632188939755	0	7
P01	32	29	CS62	R2	-0.0015304420774273	0	7
P01	33	1	CS41	R1	0.0020814235948421	0	14
P01	33	2	CS41	R2	-0.0122195597682572	0	14
P01	33	3	CS42	R1	0.00145985222295613	0	14
P01	33	4	CS42	R2	-0.00483085166390511	0	14
P01	33	5	CS43	R1	-0.000353269787657057	0	14
P01	33	6	CS43	R2	-0.00396528651933443	0	14
P01	33	7	CS44	R1	0.00801664748212536	0	14
P01	33	8	CS47	R1	-0.0099602349317767	0	14
P01	33	9	CS47	R2	0.000188156763552175	0	14
P01	33	10	CS48	R1	0.00422832452428996	0	14
P01	33	11	CS48	R2	-0.00345910792345748	0	14
P01	33	12	CS49	R1	-0.00100024289301558	0	12
P01	33	13	CS49	R2	-0.00169083502794506	0	14
P01	33	14	CS51	R1	-0.00147290251889033	0	14
P01	33	15	CS51	R2	0.001029367866103	0	12
P01	33	16	CS53	R1	0.00621487256185329	0	12
P01	33	17	CS53	R2	-0.000273921609136417	0	8
P01	33	18	CS54	R1	0.00266127112365988	0	7
P01	33	19	CS54	R2	0.00259101650488538	0	7
P01	33	20	CS55	R1	-0.0010213500521374	0	14
P01	33	21	CS55	R2	0.00449837080365288	0	14
P01	33	22	CS56	R1	0.000736068687573072	0	12
P01	33	23	CS56	R2	-0.0103022514650681	0	12
P01	33	24	CS57	R1	7.55715238454511e-05	0	12
P01	33	25	CS57	R2	-0.0110622219789523	0	12
P01	33	26	CS58	R1	-0.0129619029545257	0	7
P01	33	27	CS60	R1	-0.00169810471080743	0	14
P01	33	28	CS62	R1	-0.0135002478397882	0	7
P01	33	29	CS62	R2	-0.0154458026302593	0	7
P01	34	1	CS41	R1	0.00151206341936985	0	14
P01	34	2	CS41	R2	-0.00439761350623595	0	14
P01	34	3	CS42	R1	0.00971246865812682	0	14
P01	34	4	CS42	R2	-0.00324081740155599	0	14
P01	34	5	CS43	R1	0.00613427158032694	0	14
P01	34	6	CS43	R2	-0.00711236703447751	0	14
P01	34	7	CS44	R1	0.0100094718097874	0	14
P01	34	8	CS47	R1	-0.000555720531778526	0	14
P01	34	9	CS47	R2	0.00807644990895465	0	14
P01	34	10	CS48	R1	-0.000458674537396486	0	14
P01	34	11	CS48	R2	-0.000255770184507633	0	14
P01	34	12	CS49	R1	-0.00280953376424995	0	12
P01	34	13	CS49	R2	0.00199186367496131	0	14
P01	34	14	CS51	R1	0.00138898775518997	0	14
P01	34	15	CS51	R2	0.00836794829095986	0	12
P01	34	16	CS53	R1	-0.00109658321680049	0	12
P01	34	17	CS53	R2	0.00574451218799689	0	8
P01	34	18	CS54	R1	-0.0142073648130063	0	7
P01	34	19	CS54	R2	0.00916254477284551	0	7
P01	34	20	CS55	R1	0.0106031891965746	0	14
P01	34	21	CS55	R2	0.00416336766986568	0	14
P01	34	22	CS56	R1	-0.00393451985893437	0	12
P01	34	23	CS56	R2	-0.00918136672813882	0	12
P01	34	24	CS57	R1	0.00171942794736233	0	12
P01	34	25	CS57	R2	0.00139820967356201	0	12
P01	34	26	CS58	R1	0.00264472228583807	0	7
P01	34	27	CS60	R1	-0.00120503908587847	0	14
P01	34	28	CS62	R1	-0.00464733248941745	0	7
P01	34	29	CS62	R2	0.00282231906596791	0	7
P01	35	1	CS41	R1	0.00765379752784551	0	14
P01	35	2	CS41	R2	0.00903177053099075	0	14
P01	35	3	CS42	R1	0.00555867420226246	0	14
P01	35	4	CS42	R2	0.00709406886705421	0	14
P01	35	5	CS43	R1	-0.0121288890386204	0	14
P01	35	6	CS43	R2	0.0095840784722605	0	14
P01	35	7	CS44	R1	0.00673268938897005	0	14
P01	35	8	CS47	R1	-0.011678839273208	0	14
P01	35	9	CS47	R2	0.00219817826229611	0	14
P01	35	10	CS48	R1	-0.00272200324219984	0	14
P01	35	11	CS48	R2	0.00246767321991798	0	14
P01	35	12	CS49	R1	0.00498237372992244	0	12
P01	35	13	CS49	R2	-0.0129088055478879	0	14
P01	35	14	CS51	R1	-2.9830098631947e-05	0	14
P01	35	15	CS51	R2	0.0177919066689739	0	12
P01	35	16	CS53	R1	-0.00696755022173693	0	12
P01	35	17	CS53	R2	-0.00209066924669344	0	8
P01	35	18	CS54	R1	0.0030095834663535	0	7
P01	35	19	CS54	R2	-0.0020207953770681	0	7
P01	35	20	CS55	R1	0.0151579841266927	0	14
P01	35	21	CS55	R2	-0.00327701332896466	0	14
P01	35	22	CS56	R1	-0.000907284411209598	0	12
P01	35	23	CS56	R2	0.0172041237495029	0	12
P01	35	24	CS57	R1	-0.00839076774896602	0	12
P01	35	25	CS57	R2	0.0106576213302327	0	12
P01	35	26	CS58	R1	0.0125087749697377	0	7
P01	35	27	CS60	R1	-0.00239141704182937	0	14
P01	35	28	CS62	R1	0.00345894493125149	0	7
P01	35	29	CS62	R2	0.000535423417408501	0	7
P01	36	1	CS41	R1	-0.0109322940365954	0	14
P01	36	2	CS41	R2	-0.00173293565396452	0	14
P01	36	3	CS42	R1	-9.18362774860072e-05	0	14
P01	36	4	CS42	R2	0.00245289920902887	0	14
P01	36	5	CS43	R1	0.00866646599592843	0	14
P01	36	6	CS43	R2	0.00304611674275859	0	14
P01	36	7	CS44	R1	0.0109750329511388	0	14
P01	36	8	CS47	R1	0.00345459064159353	0	14
P01	36	9	CS47	R2	-0.00627470356464035	0	14
P01	36	10	CS48	R1	0.00339962737569202	0	14
P01	36	11	CS48	R2	0.00679571559216248	0	14
P01	36	12	CS49	R1	0.00550649950285655	0	12
P01	36	13	CS49	R2	-0.00358502584585615	0	14
P01	36	14	CS51	R1	-0.0019832550561707	0	14
P01	36	15	CS51	R2	0.00144617152506327	0	12
P01	36	16	CS53	R1	0.00272610838298725	0	12
P01	36	17	CS53	R2	0.00368678052102062	0	8
P01	36	18	CS54	R1	0.000694604697607261	0	7
P01	36	19	CS54	R2	-0.00569569486531712	0	7
P01	36	20	CS55	R1	-0.0014839558245684	0	14
P01	36	21	CS55	R2	-0.00236624526367969	0	14
P01	36	22	CS56	R1	-0.00146641557614143	0	12
P01	36	23	CS56	R2	0.0110442753462362	0	12
P01	36	24	CS57	R1	-0.0080717489751537	0	12
P01	36	25	CS57	R2	-0.00487704340598061	0	12
P01	36	26	CS58	R1	0.0128075233924239	0	7
P01	36	27	CS60	R1	0.00673905008358956	0	14
P01	36	28	CS62	R1	-0.00940765771476524	0	7
P01	36	29	CS62	R2	-0.00639136990862569	0	7
P01	37	1	CS41	R1	-0.00451058694162469	0	14
P01	37	2	CS41	R2	-0.0029829995834312	0	14
P01	37	3	CS42	R1	0.00348241630045227	0	14
P01	37	4	CS42	R2	-0.00311674325151052	0	14
P01	37	5	CS43	R1	-0.00114057866990663	0	14
P01	37	6	CS43	R2	-0.000298742197755263	0	14
P01	37	7	CS44	R1	0.00667665248369615	0	14
P01	37	8	CS47	R1	-0.00288657594911606	0	14
P01	37	9	CS47	R2	0.00211873612999296	0	14
P01	37	10	CS48	R1	0.0057484427574267	0	14
P01	37	11	CS48	R2	-0.00561803267101399	0	14
P01	37	12	CS49	R1	0.0056801055422728	0	12
P01	37	13	CS49	R2	0.0019756768999854	0	14
P01	37	14	CS51	R1	0.00332636138373142	0	14
P01	37	15	CS51	R2	-0.00417615730725879	0	12
P01	37	16	CS53	R1	-0.00301462116493297	0	12
P01	37	17	CS53	R2	-0.00318520165506196	0	8
P01	37	18	CS54	R1	0.0110951101355885	0	7
P01	37	19	CS54	R2	0.0126059671239904	0	7
P01	37	20	CS55	R1	-0.00262362388988778	0	14
P01	37	21	CS55	R2	-0.000158383085252447	0	14
P01	37	22	CS56	R1	0.0105545519463687	0	12
P01	37	23	CS56	R2	0.00223868919978225	0	12
P01	37	24	CS57	R1	0.000110362089579387	0	12
P01	37	25	CS57	R2	0.00169058980415636	0	12
P01	37	26	CS58	R1	0.00375290878570478	0	7
P01	37	27	CS60	R1	0.000901704866625711	0	14
P01	37	28	CS62	R1	0.00892776666842967	0	7
P01	37	29	CS62	R2	-0.0144061585879586	0	7
P01	38	1	CS41	R1	0.00563217964073261	0	14
P01	38	2	CS41	R2	0.00149439533776366	0	14
P01	38	3	CS42	R1	-0.0046337650340833	0	14
P01	38	4	CS42	R2	-0.0024013321304713	0	14
P01	38	5	CS43	R1	0.00129343112717189	0	14
P01	38	6	CS43	R2	-0.000777987226836836	0	14
P01	38	7	CS44	R1	0.00837823952287585	0	14
P01	38	8	CS47	R1	0.00973270475019347	0	14
P01	38	9	CS47	R2	0.00940606351972434	0	14
P01	38	10	CS48	R1	0.00963957771132004	0	14
P01	38	11	CS48	R2	0.00199253695550954	0	14
P01	38	12	CS49	R1	0.00169438443050918	0	12
P01	38	13	CS49	R2	-0.001816347094667	0	14
P01	38	14	CS51	R1	0.00517116524153225	0	14
P01	38	15	CS51	R2	-0.0109181281379563	0	12
P01	38	16	CS53	R1	0.0043322171334308	0	12
P01	38	17	CS53	R2	0.00944928134795578	0	8
P01	38	18	CS54	R1	0.00457340552929521	0	7
P01	38	19	CS54	R2	-0.0114234387364409	0	7
P01	38	20	CS55	R1	-0.0015582376171925	0	14
P01	38	21	CS55	R2	-0.00395529020219963	0	14
P01	38	22	CS56	R1	-0.00846683021492793	0	12
P01	38	23	CS56	R2	-0.00298568249115466	0	12
P01	38	24	CS57	R1	0.00619675577889608	0	12
P01	38	25	CS57	R2	0.00884430948191113	0	12
P01	38	26	CS58	R1	-0.0045537752640367	0	7
P01	38	27	CS60	R1	-0.00792471534239235	0	14
P01	38	28	CS62	R1	-0.00631788520221984	0	7
P01	38	29	CS62	R2	-0.00513748240694622	0	7
P01	39	1	CS41	R1	0.00206108847328725	0	14
P01	39	2	CS41	R2	0.00459243792032978	0	14
P01	39	3	CS42	R1	0.00089705356226563	0	14
P01	39	4	CS42	R2	0.00220544680864458	0	14
P01	39	5	CS43	R1	0.00880775822035915	0	14
P01	39	6	CS43	R2	-0.00315267331416929	0	14
P01	39	7	CS44	R1	-0.00379099994428738	0	14
P01	39	8	CS47	R1	0.00942609519923502	0	14
P01	39	9	CS47	R2	-0.004850961509105	0	14
P01	39	10	CS48	R1	-0.00819830231410318	0	14
P01	39	11	CS48	R2	-0.00504888522832986	0	14
P01	39	12	CS49	R1	0.000520424348411314	0	12
P01	39	13	CS49	R2	0.0018009235161768	0	14
P01	39	14	CS51	R1	-0.00405874823079733	0	14
P01	39	15	CS51	R2	-0.0177422143654864	0	12
P01	39	16	CS53	R1	-0.0117957862020275	0	12
P01	39	17	CS53	R2	-0.0122552919167664	0	8
P01	39	18	CS54	R1	-0.000483261299165052	0	7
P01	39	19	CS54	R2	0.00255728847011942	0	7
P01	39	20	CS55	R1	0.0109268389130353	0	14
P01	39	21	CS55	R2	-0.00312879211802304	0	14
P01	39	22	CS56	R1	0.00423146136143047	0	12
P01	39	23	CS56	R2	-0.000407639877584738	0	12
P01	39	24	CS57	R1	-0.0034006530421436	0	12
P01	39	25	CS57	R2	0.00468052348434238	0	12
P01	39	26	CS58	R1	-0.00434535759757415	0	7
P01	39	27	CS60	R1	-0.0154288314046902	0	14
P01	39	28	CS62	R1	0.0207465206886514	0	7
P01	39	29	CS62	R2	0.00456094302158983	0	7
P01	40	1	CS41	R1	0.00605808371373852	0	14
P01	40	2	CS41	R2	-0.00673975276139437	0	14
P01	40	3	CS42	R1	-0.00787506429816834	0	14
P01	40	4	CS42	R2	0.00228068614285011	0	14
P01	40	5	CS43	R1	-0.00936303942806911	0	14
P01	40	6	CS43	R2	0.0101642474022033	0	14
P01	40	7	CS44	R1	-0.00388355041369859	0	14
P01	40	8	CS47	R1	0.000971220313188429	0	14
P01	40	9	CS47	R2	0.000115413513037173	0	14
P01	40	10	CS48	R1	-0.00408796937090418	0	14
P01	40	11	CS48	R2	-0.0068964438025415	0	14
P01	40	12	CS49	R1	-0.00760193919471154	0	12
P01	40	13	CS49	R2	-0.00527910877728632	0	14
P01	40	14	CS51	R1	0.00178516858130316	0	14
P01	40	15	CS51	R2	0.00656027970404797	0	12
P01	40	16	CS53	R1	-0.00480667463808958	0	12
P01	40	17	CS53	R2	-0.000641458270376427	0	8
P01	40	18	CS54	R1	-0.00234546703491295	0	7
P01	40	19	CS54	R2	0.000192083765051097	0	7
P01	40	20	CS55	R1	0.00246683153936658	0	14
P01	40	21	CS55	R2	-0.00632801148648453	0	14
P01	40	22	CS56	R1	-0.00645851473988975	0	12
P01	40	23	CS56	R2	0.00416405804522931	0	12
P01	40	24	CS57	R1	-6.4632350621194e-05	0	12
P01	40	25	CS57	R2	-0.00580725236324494	0	12
P01	40	26	CS58	R1	-0.0149343151517787	0	7
P01	40	27	CS60	R1	0.00510541237634509	0	14
P01	40	28	CS62	R1	0.0136511569666177	0	7
P01	40	29	CS62	R2	0.00775923743273049	0	7
P01	41	1	CS41	R1	0.00253901952281653	0	14
P01	41	2	CS41	R2	0.00874470339151115	0	14
P01	41	3	CS42	R1	-0.00309879985592681	0	14
P01	41	4	CS42	R2	0.00160096644868353	0	14
P01	41	5	CS43	R1	-0.00371010078173416	0	14
P01	41	6	CS43	R2	0.000574766828188685	0	14
P01	41	7	CS44	R1	-0.00286522305512225	0	14
P01	41	8	CS47	R1	0.00150841078938432	0	14
P01	41	9	CS47	R2	-0.00535279967801208	0	14
P01	41	10	CS48	R1	0.00309828358541353	0	14
P01	41	11	CS48	R2	0.000711725399111777	0	14
P01	41	12	CS49	R1	0.000409566539923871	0	12
P01	41	13	CS49	R2	0.00926892527444416	0	14
P01	41	14	CS51	R1	-0.000289213851675781	0	14
P01	41	15	CS51	R2	0.00340462632728673	0	12
P01	41	16	CS53	R1	-0.00167527703724	0	12
P01	41	17	CS53	R2	-0.00207843408854502	0	8
P01	41	18	CS54	R1	0.00231538336793069	0	7
P01	41	19	CS54	R2	-0.00151069349593744	0	7
P01	41	20	CS55	R1	-0.0139207457189887	0	14
P01	41	21	CS55	R2	-0.00295608939590452	0	14
P01	41	22	CS56	R1	-0.000992480598886368	0	12
P01	41	23	CS56	R2	0.00484265677860552	0	12
P01	41	24	CS57	R1	0.00311696911775862	0	12
P01	41	25	CS57	R2	-0.00806751429483496	0	12
P01	41	26	CS58	R1	0.00704826986301524	0	7
P01	41	27	CS60	R1	0.00362803263650797	0	14
P01	41	28	CS62	R1	0.00750669764293062	0	7
P01	41	29	CS62	R2	0.00128994208586223	0	7
P01	42	1	CS41	R1	-0.00296372735669739	0	14
P01	42	2	CS41	R2	-0.0058360660948281	0	14
P01	42	3	CS42	R1	0.00102986409707945	0	14
P01	42	4	CS42	R2	0.00304994911826217	0	14
P01	42	5	CS43	R1	0.00818395228057448	0	14
P01	42	6	CS43	R2	-0.00082635307311683	0	14
P01	42	7	CS44	R1	-0.00269525061769932	0	14
P01	42	8	CS47	R1	-0.00278762673261525	0	14
P01	42	9	CS47	R2	0.0202333252180659	0	14
P01	42	10	CS48	R1	0.00575151242349958	0	14
P01	42	11	CS48	R2	-0.00989466702192571	0	14
P01	42	12	CS49	R1	0.00132513972001816	0	12
P01	42	13	CS49	R2	0.00452132724760321	0	14
P01	42	14	CS51	R1	-0.00550542915487815	0	14
P01	42	15	CS51	R2	-0.00725717305209066	0	12
P01	42	16	CS53	R1	0.0041135740004933	0	12
P01	42	17	CS53	R2	0.00960777175790537	0	8
P01	42	18	CS54	R1	0.0115970827136833	0	7
P01	42	19	CS54	R2	-0.014163993025584	0	7
P01	42	20	CS55	R1	0.00549666069975752	0	14
P01	42	21	CS55	R2	0.00391892347957757	0	14
P01	42	22	CS56	R1	0.00493688812553854	0	12
P01	42	23	CS56	R2	-0.00817489051117305	0	12
P01	42	24	CS57	R1	-0.00830354156689752	0	12
P01	42	25	CS57	R2	-0.00932207881497771	0	12
P01	42	26	CS58	R1	-0.0166254866550478	0	7
P01	42	27	CS60	R1	0.0013508731753715	0	14
P01	42	28	CS62	R1	-0.0107424216902821	0	7
P01	42	29	CS62	R2	-0.00245824992826978	0	7
P01	43	1	CS41	R1	0.000448180200514698	0	14
P01	43	2	CS41	R2	-0.00446717870428208	0	14
P01	43	3	CS42	R1	0.0109046958446269	0	14
P01	43	4	CS42	R2	-0.00427703842605916	0	14
P01	43	5	CS43	R1	-0.00419319033967692	0	14
P01	43	6	CS43	R2	-0.00943702014327534	0	14
P01	43	7	CS44	R1	0.0097752629692045	0	14
P01	43	8	CS47	R1	-0.000403440567785352	0	14
P01	43	9	CS47	R2	-0.00146770764299577	0	14
P01	43	10	CS48	R1	-0.00133840673396884	0	14
P01	43	11	CS48	R2	0.00137455765648936	0	14
P01	43	12	CS49	R1	-0.00251646857808996	0	12
P01	43	13	CS49	R2	0.00394837718774976	0	14
P01	43	14	CS51	R1	-0.00280521967900018	0	14
P01	43	15	CS51	R2	0.00543609506107589	0	12
P01	43	16	CS53	R1	-0.000515208343103112	0	12
P01	43	17	CS53	R2	0.00653017167687022	0	8
P01	43	18	CS54	R1	-0.00634414344682698	0	7
P01	43	19	CS54	R2	-0.00868115116403874	0	7
P01	43	20	CS55	R1	0.00448255351506761	0	14
P01	43	21	CS55	R2	-3.64592451223941e-05	0	14
P01	43	22	CS56	R1	-0.00456804021282749	0	12
P01	43	23	CS56	R2	-0.00694718669038965	0	12
P01	43	24	CS57	R1	-0.00141093712810056	0	12
P01	43	25	CS57	R2	-0.00401992748975584	0	12
P01	43	26	CS58	R1	-0.0154096779139441	0	7
P01	43	27	CS60	R1	0.00142800522540715	0	14
P01	43	28	CS62	R1	-0.0014045427340997	0	7
P01	43	29	CS62	R2	-0.00122438792286958	0	7
P01	44	1	CS41	R1	-0.0148752045584915	0	14
P01	44	2	CS41	R2	-0.00407066689171681	0	14
P01	44	3	CS42	R1	0.00139539677254224	0	14
P01	44	4	CS42	R2	0.0011305543626394	0	14
P01	44	5	CS43	R1	-0.00186270747865284	0	14
P01	44	6	CS43	R2	0.00424292781577255	0	14
P01	44	7	CS44	R1	-0.00754431713744195	0	14
P01	44	8	CS47	R1	-0.00217084125878132	0	14
P01	44	9	CS47	R2	-0.0108730937253342	0	14
P01	44	10	CS48	R1	-0.00556521185978359	0	14
P01	44	11	CS48	R2	0.000922681490765019	0	14
P01	44	12	CS49	R1	-0.00798792594382718	0	12
P01	44	13	CS49	R2	0.00272361594209882	0	14
P01	44	14	CS51	R1	0.00407823041009626	0	14
P01	44	15	CS51	R2	0.000258127790369773	0	12
P01	44	16	CS53	R1	0.00197689074875461	0	12
P01	44	17	CS53	R2	0.0102294209227753	0	8
P01	44	18	CS54	R1	-0.00887089801738195	0	7
P01	44	19	CS54	R2	0.00610565704721579	0	7
P01	44	20	CS55	R1	-0.00109058285571014	0	14
P01	44	21	CS55	R2	-0.00742469415889613	0	14
P01	44	22	CS56	R1	-0.008661294882419	0	12
P01	44	23	CS56	R2	-0.00514751969848478	0	12
P01	44	24	CS57	R1	-0.00446937504025638	0	12
P01	44	25	CS57	R2	0.000940180028673604	0	12
P01	44	26	CS58	R1	-0.00120650743673428	0	7
P01	44	27	CS60	R1	-0.00134244355223957	0	14
P01	44	28	CS62	R1	-0.00566471891352797	0	7
P01	44	29	CS62	R2	0.0256710380686287	0	7
P01	45	1	CS41	R1	-0.00791317340464593	0	14
P01	45	2	CS41	R2	-0.002204305629674	0	14
P01	45	3	CS42	R1	0.00543058029256298	0	14
P01	45	4	CS42	R2	0.00313653392037901	0	14
P01	45	5	CS43	R1	-0.013611638646858	0	14
P01	45	6	CS43	R2	0.00169332216898209	0	14
P01	45	7	CS44	R1	0.00574680902488172	0	14
P01	45	8	CS47	R1	-0.0116924742120799	0	14
P01	45	9	CS47	R2	0.00983235380744169	0	14
P01	45	10	CS48	R1	-0.00804798273757635	0	14
P01	45	11	CS48	R2	-0.0100169362894705	0	14
P01	45	12	CS49	R1	-0.00300728690590207	0	12
P01	45	13	CS49	R2	-0.00872754884768399	0	14
P01	45	14	CS51	R1	-0.00112109866505434	0	14
P01	45	15	CS51	R2	-0.00379851037923162	0	12
P01	45	16	CS53	R1	0.00118014362094911	0	12
P01	45	17	CS53	R2	-0.00153179717650266	0	8
P01	45	18	CS54	R1	-0.00633849215644704	0	7
P01	45	19	CS54	R2	0.00424883756494698	0	7
P01	45	20	CS55	R1	0.000164608873937568	0	14
P01	45	21	CS55	R2	-0.00176994134282716	0	14
P01	45	22	CS56	R1	-0.00883990847518409	0	12
P01	45	23	CS56	R2	-0.0019727075964758	0	12
P01	45	24	CS57	R1	0.00743275061273577	0	12
P01	45	25	CS57	R2	-0.00448929419234599	0	12
P01	45	26	CS58	R1	0.0027623708561315	0	7
P01	45	27	CS60	R1	0.013070876615113	0	14
P01	45	28	CS62	R1	0.00579125378583191	0	7
P01	45	29	CS62	R2	-0.0226433343336725	0	7
P01	46	1	CS41	R1	8.10126532200511e-05	0	14
P01	46	2	CS41	R2	-0.00448224393772569	0	14
P01	46	3	CS42	R1	-0.000855220267479095	0	14
P01	46	4	CS42	R2	-0.001444784327853	0	14
P01	46	5	CS43	R1	-0.00425291736784869	0	14
P01	46	6	CS43	R2	-0.00776273271926934	0	14
P01	46	7	CS44	R1	-0.000557274910468829	0	14
P01	46	8	CS47	R1	-5.57091214030724e-05	0	14
P01	46	9	CS47	R2	-0.0134671900948316	0	14
P01	46	10	CS48	R1	-0.0119221913774204	0	14
P01	46	11	CS48	R2	0.00136352516048623	0	14
P01	46	12	CS49	R1	-0.000731737476645148	0	12
P01	46	13	CS49	R2	-0.0108136539800785	0	14
P01	46	14	CS51	R1	-0.00708676102472091	0	14
P01	46	15	CS51	R2	-0.00247578907316191	0	12
P01	46	16	CS53	R1	-0.00424767419694007	0	12
P01	46	17	CS53	R2	-0.00948518051079085	0	8
P01	46	18	CS54	R1	0.0114497735223133	0	7
P01	46	19	CS54	R2	0.001589391984471	0	7
P01	46	20	CS55	R1	0.00671590683760326	0	14
P01	46	21	CS55	R2	0.00580724278139691	0	14
P01	46	22	CS56	R1	0.0051213100901311	0	12
P01	46	23	CS56	R2	-0.00248238624044337	0	12
P01	46	24	CS57	R1	-0.00539765783167144	0	12
P01	46	25	CS57	R2	-0.0109602445980143	0	12
P01	46	26	CS58	R1	-0.00943627682181712	0	7
P01	46	27	CS60	R1	-0.00710227394482525	0	14
P01	46	28	CS62	R1	-0.00830255553338734	0	7
P01	46	29	CS62	R2	0.00427827265712081	0	7
P01	47	1	CS41	R1	0.00040424066947863	0	14
P01	47	2	CS41	R2	-0.000743760187420229	0	14
P01	47	3	CS42	R1	0.00693872643390085	0	14
P01	47	4	CS42	R2	-0.000403775413460422	0	14
P01	47	5	CS43	R1	0.00614757669550811	0	14
P01	47	6	CS43	R2	-0.000533925562463199	0	14
P01	47	7	CS44	R1	-0.0138192538615418	0	14
P01	47	8	CS47	R1	0.00374790217276843	0	14
P01	47	9	CS47	R2	-0.00866550279658043	0	14
P01	47	10	CS48	R1	-0.00504556734968505	0	14
P01	47	11	CS48	R2	-0.00929414102673114	0	14
P01	47	12	CS49	R1	0.00418549732389941	0	12
P01	47	13	CS49	R2	-0.00443351873167623	0	14
P01	47	14	CS51	R1	-0.00264415373960647	0	14
P01	47	15	CS51	R2	0.00266210373163588	0	12
P01	47	16	CS53	R1	0.0031645138136262	0	12
P01	47	17	CS53	R2	0.000223790331632165	0	8
P01	47	18	CS54	R1	0.00474824371893668	0	7
P01	47	19	CS54	R2	0.0087315166963179	0	7
P01	47	20	CS55	R1	-0.00417864391126588	0	14
P01	47	21	CS55	R2	0.0081390093089287	0	14
P01	47	22	CS56	R1	-0.015224322829733	0	12
P01	47	23	CS56	R2	0.00858186737675587	0	12
P01	47	24	CS57	R1	-0.00668400746703819	0	12
P01	47	25	CS57	R2	-0.00393233303283945	0	12
P01	47	26	CS58	R1	0.00899857497970522	0	7
P01	47	27	CS60	R1	0.000834762685763942	0	14
P01	47	28	CS62	R1	-0.00111859365760372	0	7
P01	47	29	CS62	R2	-0.0041398320954215	0	7
P01	48	1	CS41	R1	0.00872962197076684	0	14
P01	48	2	CS41	R2	0.0040184781671867	0	14
P01	48	3	CS42	R1	-0.0064311368691617	0	14
P01	48	4	CS42	R2	-0.00189862749251814	0	14
P01	48	5	CS43	R1	-0.00102634379784749	0	14
P01	48	6	CS43	R2	-0.00632735375130117	0	14
P01	48	7	CS44	R1	-0.00800122162579726	0	14
P01	48	8	CS47	R1	-0.0058360329075894	0	14
P01	48	9	CS47	R2	7.32326036729509e-05	0	14
P01	48	10	CS48	R1	0.000147518889321626	0	14
P01	48	11	CS48	R2	0.00901069352736842	0	14
P01	48	12	CS49	R1	-0.0117055521438229	0	12
P01	48	13	CS49	R2	-0.00337063077424227	0	14
P01	48	14	CS51	R1	-0.00828735101919304	0	14
P01	48	15	CS51	R2	0.00888754025030959	0	12
P01	48	16	CS53	R1	0.00356503957030124	0	12
P01	48	17	CS53	R2	-0.000377255920544216	0	8
P01	48	18	CS54	R1	0.00643741523608997	0	7
P01	48	19	CS54	R2	-0.0102454654789783	0	7
P01	48	20	CS55	R1	-0.0129227585054464	0	14
P01	48	21	CS55	R2	0.00486653448757714	0	14
P01	48	22	CS56	R1	0.00604118860004636	0	12
P01	48	23	CS56	R2	-0.000716241253131514	0	12
P01	48	24	CS57	R1	0.00568442160645202	0	12
P01	48	25	CS57	R2	0.000819730924520125	0	12
P01	48	26	CS58	R1	0.00249520336195674	0	7
P01	48	27	CS60	R1	-0.00747489137265826	0	14
P01	48	28	CS62	R1	0.00643279662600936	0	7
P01	48	29	CS62	R2	-0.00394217360156855	0	7
P01	49	1	CS41	R1	0.00246310577827784	0	14
P01	49	2	CS41	R2	-0.012874373035786	0	14
P01	49	3	CS42	R1	-0.00696571891558411	0	14
P01	49	4	CS42	R2	-0.00320565166851154	0	14
P01	49	5	CS43	R1	-0.00268607664450069	0	14
P01	49	6	CS43	R2	0.00272856681128954	0	14
P01	49	7	CS44	R1	-0.000158361249276913	0	14
P01	49	8	CS47	R1	0.00418068191312177	0	14
P01	49	9	CS47	R2	-0.0133312793329232	0	14
P01	49	10	CS48	R1	0.00815117139904529	0	14
P01	49	11	CS48	R2	-0.00144797908880323	0	14
P01	49	12	CS49	R1	0.00613904599658131	0	12
P01	49	13	CS49	R2	-0.00349635860924417	0	14
P01	49	14	CS51	R1	-0.00379286201904776	0	14
P01	49	15	CS51	R2	-0.00726555345960028	0	12
P01	49	16	CS53	R1	-0.00302521876214007	0	12
P01	49	17	CS53	R2	-0.00193577360865582	0	8
P01	49	18	CS54	R1	0.00890835644600702	0	7
P01	49	19	CS54	R2	0.000593533489896829	0	7
P01	49	20	CS55	R1	0.00444339045329894	0	14
P01	49	21	CS55	R2	0.00454893656746704	0	14
P01	49	22	CS56	R1	-0.0119407160347187	0	12
P01	49	23	CS56	R2	-0.0128009946874788	0	12
P01	49	24	CS57	R1	-0.00584268031651744	0	12
P01	49	25	CS57	R2	0.0148860900766541	0	12
P01	49	26	CS58	R1	0.00725696102600047	0	7
P01	49	27	CS60	R1	-0.00856323438260607	0	14
P01	49	28	CS62	R1	0.00726113239880879	0	7
P01	49	29	CS62	R2	0.00518133566426925	0	7
P01	50	1	CS41	R1	0.0029252530072039	0	14
P01	50	2	CS41	R2	-0.0075854583731909	0	14
P01	50	3	CS42	R1	0.00179459173923679	0	14
P01	50	4	CS42	R2	-0.00530896248101438	0	14
P01	50	5	CS43	R1	-0.00069867638526281	0	14
P01	50	6	CS43	R2	-0.00163334912565255	0	14
P01	50	7	CS44	R1	-0.00242445573088968	0	14
P01	50	8	CS47	R1	-0.00434723613474914	0	14
P01	50	9	CS47	R2	-0.00592349753849563	0	14
P01	50	10	CS48	R1	0.00408431701009094	0	14
P01	50	11	CS48	R2	0.00231856363479307	0	14
P01	50	12	CS49	R1	-0.000885606752368803	0	12
P01	50	13	CS49	R2	-0.000239407464564718	0	14
P01	50	14	CS51	R1	-0.00805655780831681	0	14
P01	50	15	CS51	R2	-0.0114411853569178	0	12
P01	50	16	CS53	R1	0.003164423681649	0	12
P01	50	17	CS53	R2	0.00753399202415993	0	8
P01	50	18	CS54	R1	0.00693179148647982	0	7
P01	50	19	CS54	R2	0.00073360787471541	0	7
P01	50	20	CS55	R1	0.00161644351260033	0	14
P01	50	21	CS55	R2	-0.00549440221860901	0	14
P01	50	22	CS56	R1	-0.0108205138615646	0	12
P01	50	23	CS56	R2	0.0140279153059847	0	12
P01	50	24	CS57	R1	0.00772605956503744	0	12
P01	50	25	CS57	R2	0.00589109473880299	0	12
P01	50	26	CS58	R1	-0.00742127881963575	0	7
P01	50	27	CS60	R1	0.00108344958593214	0	14
P01	50	28	CS62	R1	0.00607554442670422	0	7
P01	50	29	CS62	R2	-0.0103605670526335	0	7
P01	51	1	CS41	R1	0.00842929028657955	0	14
P01	51	2	CS41	R2	-0.000947972785086727	0	14
P01	51	3	CS42	R1	0.00079790005023664	0	14
P01	51	4	CS42	R2	0.00198075779289647	0	14
P01	51	5	CS43	R1	0.00355475776752494	0	14
P01	51	6	CS43	R2	-0.0011386515922383	0	14
P01	51	7	CS44	R1	0.00217432080962071	0	14
P01	51	8	CS47	R1	-0.00369914472346748	0	14
P01	51	9	CS47	R2	-0.000420164480941419	0	14
P01	51	10	CS48	R1	-0.00107643898008025	0	14
P01	51	11	CS48	R2	-0.00383014947219375	0	14
P01	51	12	CS49	R1	-0.00408256472675522	0	12
P01	51	13	CS49	R2	0.0019416658805606	0	14
P01	51	14	CS51	R1	-0.00411522556283352	0	14
P01	51	15	CS51	R2	0.010275056145195	0	12
P01	51	16	CS53	R1	-0.00903449035259608	0	12
P01	51	17	CS53	R2	-0.0112757053870328	0	8
P01	51	18	CS54	R1	-0.0096176022508459	0	7
P01	51	19	CS54	R2	0.00664313818179418	0	7
P01	51	20	CS55	R1	0.00248175691441655	0	14
P01	51	21	CS55	R2	0.00034850095175497	0	14
P01	51	22	CS56	R1	-0.00455748852641315	0	12
P01	51	23	CS56	R2	-0.01012602258707	0	12
P01	51	24	CS57	R1	-0.0110559393710168	0	12
P01	51	25	CS57	R2	0.00175472420325371	0	12
P01	51	26	CS58	R1	0.00190304781252553	0	7
P01	51	27	CS60	R1	-0.00480445325604477	0	14
P01	51	28	CS62	R1	0.0110279643399056	0	7
P01	51	29	CS62	R2	-0.000648891259398243	0	7
P01	52	1	CS41	R1	0.00326195726607036	0	14
P01	52	2	CS41	R2	-0.0123420286050211	0	14
P01	52	3	CS42	R1	-0.0106279277576637	0	14
P01	52	4	CS42	R2	0.00296038795255041	0	14
P01	52	5	CS43	R1	-0.00460302123038181	0	14
P01	52	6	CS43	R2	0.00272794443726475	0	14
P01	52	7	CS44	R1	-0.0047255169033358	0	14
P01	52	8	CS47	R1	-0.00439665215650884	0	14
P01	52	9	CS47	R2	-0.000353629876712193	0	14
P01	52	10	CS48	R1	-0.00566481536655033	0	14
P01	52	11	CS48	R2	0.00402913352956389	0	14
P01	52	12	CS49	R1	0.00336149070222237	0	12
P01	52	13	CS49	R2	0.00267067885244162	0	14
P01	52	14	CS51	R1	-0.00331641543824067	0	14
P01	52	15	CS51	R2	-0.00226994159045959	0	12
P01	52	16	CS53	R1	0.00803134999528909	0	12
P01	52	17	CS53	R2	-0.00808875743545029	0	8
P01	52	18	CS54	R1	-0.00615680335809843	0	7
P01	52	19	CS54	R2	0.00159682849893444	0	7
P01	52	20	CS55	R1	-0.00602774571189175	0	14
P01	52	21	CS55	R2	-0.000692634189136587	0	14
P01	52	22	CS56	R1	0.0119903784636357	0	12
P01	52	23	CS56	R2	-0.00599476269984196	0	12
P01	52	24	CS57	R1	0.00207736221546723	0	12
P01	52	25	CS57	R2	0.00790404713439975	0	12
P01	52	26	CS58	R1	3.96880360704827e-05	0	7
P01	52	27	CS60	R1	0.00400621557047051	0	14
P01	52	28	CS62	R1	0.0164704183470232	0	7
P01	52	29	CS62	R2	-0.00322426573287688	0	7
P01	53	1	CS41	R1	0.0106661541247028	0	14
P01	53	2	CS41	R2	-0.00578380743368998	0	14
P01	53	3	CS42	R1	-0.00982867660604798	0	14
P01	53	4	CS42	R2	0.00333358173764658	0	14
P01	53	5	CS43	R1	-0.0030877334246208	0	14
P01	53	6	CS43	R2	-0.00208530965556644	0	14
P01	53	7	CS44	R1	-0.00517200050468885	0	14
P01	53	8	CS47	R1	-0.00508119282266728	0	14
P01	53	9	CS47	R2	-0.00768365227727845	0	14
P01	53	10	CS48	R1	0.00681094877327285	0	14
P01	53	11	CS48	R2	0.00723521580768403	0	14
P01	53	12	CS49	R1	-0.00615121128456086	0	12
P01	53	13	CS49	R2	-0.0133833983814195	0	14
P01	53	14	CS51	R1	0.00392290371278941	0	14
P01	53	15	CS51	R2	-0.00529909906801397	0	12
P01	53	16	CS53	R1	0.000118933224009963	0	12
P01	53	17	CS53	R2	0.00343864886801401	0	8
P01	53	18	CS54	R1	-0.000783621581714934	0	7
P01	53	19	CS54	R2	0.00356537615435619	0	7
P01	53	20	CS55	R1	0.00799489944513352	0	14
P01	53	21	CS55	R2	0.00272358605223121	0	14
P01	53	22	CS56	R1	0.00354147905181062	0	12
P01	53	23	CS56	R2	-0.00263150495503694	0	12
P01	53	24	CS57	R1	-0.0057425324483077	0	12
P01	53	25	CS57	R2	-0.00026026294777867	0	12
P01	53	26	CS58	R1	0.00173116104894876	0	7
P01	53	27	CS60	R1	0.000149276240876567	0	14
P01	53	28	CS62	R1	-0.015145629708715	0	7
P01	53	29	CS62	R2	-0.00785928399441176	0	7
P01	54	1	CS41	R1	0.000678310676854985	0	14
P01	54	2	CS41	R2	0.00606250723867289	0	14
P01	54	3	CS42	R1	-0.00535085466822949	0	14
P01	54	4	CS42	R2	-0.00908331941994825	0	14
P01	54	5	CS43	R1	0.00378452514926941	0	14
P01	54	6	CS43	R2	0.000936118959685993	0	14
P01	54	7	CS44	R1	-0.00449151811574933	0	14
P01	54	8	CS47	R1	-0.00320115428213938	0	14
P01	54	9	CS47	R2	0.00585781837822818	0	14
P01	54	10	CS48	R1	-0.00860234628570406	0	14
P01	54	11	CS48	R2	0.000669481989059206	0	14
P01	54	12	CS49	R1	-0.0107271271636003	0	12
P01	54	13	CS49	R2	0.00941510461235915	0	14
P01	54	14	CS51	R1	-0.00260085526386527	0	14
P01	54	15	CS51	R2	0.00976841375009897	0	12
P01	54	16	CS53	R1	0.00667757848722727	0	12
P01	54	17	CS53	R2	0.00869343349270113	0	8
P01	54	18	CS54	R1	0.00611815032418131	0	7
P01	54	19	CS54	R2	0.00758782783069392	0	7
P01	54	20	CS55	R1	-0.00812190403069049	0	14
P01	54	21	CS55	R2	0.00232873680583512	0	14
P01	54	22	CS56	R1	0.0004780825583154	0	12
P01	54	23	CS56	R2	-0.0027883061425904	0	12
P01	54	24	CS57	R1	0.000135343836402732	0	12
P01	54	25	CS57	R2	0.00642418323052738	0	12
P01	54	26	CS58	R1	0.00901487714301709	0	7
P01	54	27	CS60	R1	-0.00399998332962699	0	14
P01	54	28	CS62	R1	-0.00894540979218852	0	7
P01	54	29	CS62	R2	-0.00900513639316798	0	7
P01	55	1	CS41	R1	-0.00886931953813378	0	14
P01	55	2	CS41	R2	0.00148105611074391	0	14
P01	55	3	CS42	R1	0.00187082782394198	0	14
P01	55	4	CS42	R2	-0.000720625611976906	0	14
P01	55	5	CS43	R1	-0.00185106205920851	0	14
P01	55	6	CS43	R2	-0.00243848669598157	0	14
P01	55	7	CS44	R1	-0.00148332286918127	0	14
P01	55	8	CS47	R1	0.00407975939866301	0	14
P01	55	9	CS47	R2	-0.00946634161372266	0	14
P01	55	10	CS48	R1	0.00312541129647633	0	14
P01	55	11	CS48	R2	0.00129158746157813	0	14
P01	55	12	CS49	R1	0.000438630424407555	0	12
P01	55	13	CS49	R2	-0.00711492104992895	0	14
P01	55	14	CS51	R1	-0.000113606604579807	0	14
P01	55	15	CS51	R2	0.0122203377027331	0	12
P01	55	16	CS53	R1	0.00244751489482238	0	12
P01	55	17	CS53	R2	-0.0142273212917108	0	8
P01	55	18	CS54	R1	-0.01945673257802	0	7
P01	55	19	CS54	R2	0.000320633789344501	0	7
P01	55	20	CS55	R1	-0.00538945387710608	0	14
P01	55	21	CS55	R2	0.00383679248336243	0	14
P01	55	22	CS56	R1	0.0052644525713202	0	12
P01	55	23	CS56	R2	-0.00263146578690363	0	12
P01	55	24	CS57	R1	-0.00403494528941235	0	12
P01	55	25	CS57	R2	-0.00466444245782772	0	12
P01	55	26	CS58	R1	0.0100141881747725	0	7
P01	55	27	CS60	R1	0.00104393678632204	0	14
P01	55	28	CS62	R1	-0.00665133163174454	0	7
P01	55	29	CS62	R2	-0.000995510747737504	0	7
P01	56	1	CS41	R1	-0.000331391811615693	0	14
P01	56	2	CS41	R2	-0.0022377922511094	0	14
P01	56	3	CS42	R1	-0.00148533715802546	0	14
P01	56	4	CS42	R2	-0.00282523521376267	0	14
P01	56	5	CS43	R1	-0.00136418193872263	0	14
P01	56	6	CS43	R2	0.00418059282207317	0	14
P01	56	7	CS44	R1	0.00172386070357531	0	14
P01	56	8	CS47	R1	-0.00626586713076784	0	14
P01	56	9	CS47	R2	0.00254493720107694	0	14
P01	56	10	CS48	R1	0.00682139923786654	0	14
P01	56	11	CS48	R2	-0.000174942247754299	0	14
P01	56	12	CS49	R1	0.000187321101863186	0	12
P01	56	13	CS49	R2	-0.00326798072884128	0	14
P01	56	14	CS51	R1	-0.00440322154422818	0	14
P01	56	15	CS51	R2	0.00110620462899046	0	12
P01	56	16	CS53	R1	-0.00697278930650837	0	12
P01	56	17	CS53	R2	-0.0104561118840596	0	8
P01	56	18	CS54	R1	0.0133058767310803	0	7
P01	56	19	CS54	R2	0.00629539661347641	0	7
P01	56	20	CS55	R1	0.000644572812454757	0	14
P01	56	21	CS55	R2	-0.00553028807582242	0	14
P01	56	22	CS56	R1	0.0140698556089553	0	12
P01	56	23	CS56	R2	0.00773570243390094	0	12
P01	56	24	CS57	R1	0.0102237021761599	0	12
P01	56	25	CS57	R2	0.00812711848692563	0	12
P01	56	26	CS58	R1	-0.0068433017679215	0	7
P01	56	27	CS60	R1	-0.00493970658338015	0	14
P01	56	28	CS62	R1	-0.0187440524210078	0	7
P01	56	29	CS62	R2	-0.00731220008094142	0	7
P01	57	1	CS41	R1	-0.00348810212707745	0	14
P01	57	2	CS41	R2	-0.00628724885221086	0	14
P01	57	3	CS42	R1	-0.0082436946555234	0	14
P01	57	4	CS42	R2	-0.00252990142394302	0	14
P01	57	5	CS43	R1	0.00212958516786359	0	14
P01	57	6	CS43	R2	0.000781113720761596	0	14
P01	57	7	CS44	R1	-0.000795343892888956	0	14
P01	57	8	CS47	R1	0.00764314992255959	0	14
P01	57	9	CS47	R2	-0.00283714307773927	0	14
P01	57	10	CS48	R1	0.00268890594890278	0	14
P01	57	11	CS48	R2	-0.00875814199825273	0	14
P01	57	12	CS49	R1	0.00454355758312707	0	12
P01	57	13	CS49	R2	-0.00614507051691759	0	14
P01	57	14	CS51	R1	-0.000824330560413994	0	14
P01	57	15	CS51	R2	0.00128328657072394	0	12
P01	57	16	CS53	R1	-0.00955871543468267	0	12
P01	57	17	CS53	R2	-0.000922371538670628	0	8
P01	57	18	CS54	R1	8.03216768893895e-05	0	7
P01	57	19	CS54	R2	-0.00825290312857189	0	7
P01	57	20	CS55	R1	-0.0104099885214446	0	14
P01	57	21	CS55	R2	0.000258131999226389	0	14
P01	57	22	CS56	R1	-0.010457156805255	0	12
P01	57	23	CS56	R2	-0.00345547931085544	0	12
P01	57	24	CS57	R1	0.0122344105884087	0	12
P01	57	25	CS57	R2	-0.0102106898174438	0	12
P01	57	26	CS58	R1	0.00426755710715298	0	7
P01	57	27	CS60	R1	0.00402944437572702	0	14
P01	57	28	CS62	R1	0.00387618045802147	0	7
P01	57	29	CS62	R2	0.00140581495154337	0	7
P01	58	1	CS41	R1	0.00332766742464478	0	14
P01	58	2	CS41	R2	0.00520670982939905	0	14
P01	58	3	CS42	R1	0.000618158940139536	0	14
P01	58	4	CS42	R2	-0.00639369163239725	0	14
P01	58	5	CS43	R1	-0.0067322249114318	0	14
P01	58	6	CS43	R2	-0.0115722763808484	0	14
P01	58	7	CS44	R1	0.00512830663566915	0	14
P01	58	8	CS47	R1	0.00721096528427013	0	14
P01	58	9	CS47	R2	0.00643640327752831	0	14
P01	58	10	CS48	R1	0.0113288396717747	0	14
P01	58	11	CS48	R2	0.00209815382661621	0	14
P01	58	12	CS49	R1	0.00767007434690797	0	12
P01	58	13	CS49	R2	-0.00537423646970756	0	14
P01	58	14	CS51	R1	-0.000662665966520172	0	14
P01	58	15	CS51	R2	0.00179778380481395	0	12
P01	58	16	CS53	R1	-0.00174039200927391	0	12
P01	58	17	CS53	R2	-0.00658180682038364	0	8
P01	58	18	CS54	R1	-0.00168203595955213	0	7
P01	58	19	CS54	R2	-0.00533826481750788	0	7
P01	58	20	CS55	R1	-0.00901621586450434	0	14
P01	58	21	CS55	R2	0.00841523839612693	0	14
P01	58	22	CS56	R1	0.000313906241261962	0	12
P01	58	23	CS56	R2	3.64775944650136e-06	0	12
P01	58	24	CS57	R1	-0.00622333046668721	0	12
P01	58	25	CS57	R2	-0.00975276945018727	0	12
P01	58	26	CS58	R1	-0.0101500837020349	0	7
P01	58	27	CS60	R1	-0.00509808020351842	0	14
P01	58	28	CS62	R1	-0.00187118328237512	0	7
P01	58	29	CS62	R2	0.00973305045578065	0	7
P01	59	1	CS41	R1	0.000228731445519385	0	14
P01	59	2	CS41	R2	0.00242995556858734	0	14
P01	59	3	CS42	R1	-0.00174403597837764	0	14
P01	59	4	CS42	R2	0.00328817241980159	0	14
P01	59	5	CS43	R1	-0.00457095740613168	0	14
P01	59	6	CS43	R2	0.00127558929644576	0	14
P01	59	7	CS44	R1	0.0093835517893404	0	14
P01	59	8	CS47	R1	0.00369211140981254	0	14
P01	59	9	CS47	R2	0.00051555762205874	0	14
P01	59	10	CS48	R1	-0.00567750587065291	0	14
P01	59	11	CS48	R2	-0.00725573076628441	0	14
P01	59	12	CS49	R1	0.0101885421399759	0	12
P01	59	13	CS49	R2	0.0016706306595972	0	14
P01	59	14	CS51	R1	-0.000642185626964321	0	14
P01	59	15	CS51	R2	-0.000297240010706684	0	12
P01	59	16	CS53	R1	-0.00320361368927934	0	12
P01	59	17	CS53	R2	0.000243293070969242	0	8
P01	59	18	CS54	R1	-0.0186623673154832	0	7
P01	59	19	CS54	R2	0.00211158955370713	0	7
P01	59	20	CS55	R1	-0.00786231858670702	0	14
P01	59	21	CS55	R2	-0.00266990613316279	0	14
P01	59	22	CS56	R1	0.00712689991187378	0	12
P01	59	23	CS56	R2	-0.0098549656852847	0	12
P01	59	24	CS57	R1	0.0052518697372609	0	12
P01	59	25	CS57	R2	-0.00566554950527853	0	12
P01	59	26	CS58	R1	0.0101983004356304	0	7
P01	59	27	CS60	R1	0.009284703407214	0	14
P01	59	28	CS62	R1	0.00162920215388774	0	7
P01	59	29	CS62	R2	0.00443554708382806	0	7
P01	60	1	CS41	R1	0.000825726366676522	0	14
P01	60	2	CS41	R2	-0.0100879463014388	0	14
P01	60	3	CS42	R1	0.00286293018832908	0	14
P01	60	4	CS42	R2	0.00441511397149468	0	14
P01	60	5	CS43	R1	0.00909733817343586	0	14
P01	60	6	CS43	R2	-0.0103620218364273	0	14
P01	60	7	CS44	R1	-0.00469248104524825	0	14
P01	60	8	CS47	R1	0.00373654741880001	0	14
P01	60	9	CS47	R2	-0.00212475266089638	0	14
P01	60	10	CS48	R1	0.00934202863110278	0	14
P01	60	11	CS48	R2	-0.00531266891876847	0	14
P01	60	12	CS49	R1	0.00242849358384979	0	12
P01	60	13	CS49	R2	0.00297204805413044	0	14
P01	60	14	CS51	R1	-0.00231791138987677	0	14
P01	60	15	CS51	R2	0.000270940202046556	0	12
P01	60	16	CS53	R1	-0.00593608240047731	0	12
P01	60	17	CS53	R2	-0.00154070102262182	0	8
P01	60	18	CS54	R1	-0.00422172703679897	0	7
P01	60	19	CS54	R2	0.017758168745611	0	7
P01	60	20	CS55	R1	0.00413242769433241	0	14
P01	60	21	CS55	R2	-0.00531966425020875	0	14
P01	60	22	CS56	R1	-0.00700390594235267	0	12
P01	60	23	CS56	R2	0.00988517093953297	0	12
P01	60	24	CS57	R1	0.00261511303795699	0	12
P01	60	25	CS57	R2	-0.00561238922341371	0	12
P01	60	26	CS58	R1	0.00134009964453869	0	7
P01	60	27	CS60	R1	-0.0120358772975526	0	14
P01	60	28	CS62	R1	0.00837288484207505	0	7
P01	60	29	CS62	R2	-0.0111508516010772	0	7
P01	61	1	CS41	R1	0.00355911247821971	0	14
P01	61	2	CS41	R2	0.000567027123187845	0	14
P01	61	3	CS42	R1	0.00383495711250029	0	14
P01	61	4	CS42	R2	9.38402967999652e-05	0	14
P01	61	5	CS43	R1	-0.00179114505050877	0	14
P01	61	6	CS43	R2	0.00420428607100702	0	14
P01	61	7	CS44	R1	9.83198563999916e-05	0	14
P01	61	8	CS47	R1	-0.00748091288732225	0	14
P01	61	9	CS47	R2	-0.00134701233339762	0	14
P01	61	10	CS48	R1	-0.00495804444727288	0	14
P01	61	11	CS48	R2	-0.00405518990511897	0	14
P01	61	12	CS49	R1	0.00505008988713505	0	12
P01	61	13	CS49	R2	0.00232292427391231	0	14
P01	61	14	CS51	R1	0.0031424839666614	0	14
P01	61	15	CS51	R2	0.0147498366966903	0	12
P01	61	16	CS53	R1	0.00141841293263119	0	12
P01	61	17	CS53	R2	0.00608619651268979	0	8
P01	61	18	CS54	R1	-0.0280815519011164	0	7
P01	61	19	CS54	R2	-0.00655509517953776	0	7
P01	61	20	CS55	R1	-0.00757779129078045	0	14
P01	61	21	CS55	R2	-0.00223733484405121	0	14
P01	61	22	CS56	R1	0.0102405806980263	0	12
P01	61	23	CS56	R2	-0.00543032937028213	0	12
P01	61	24	CS57	R1	0.000147622565780482	0	12
P01	61	25	CS57	R2	0.00372298071352413	0	12
P01	61	26	CS58	R1	-0.00484489737265551	0	7
P01	61	27	CS60	R1	-0.00425691474514071	0	14
P01	61	28	CS62	R1	0.00279440709095252	0	7
P01	61	29	CS62	R2	0.00880315931583017	0	7
P01	62	1	CS41	R1	0.005485559291749	0	14
P01	62	2	CS41	R2	0.000422110748307959	0	14
P01	62	3	CS42	R1	0.00224535277807468	0	14
P01	62	4	CS42	R2	-0.00789008613921016	0	14
P01	62	5	CS43	R1	0.00199588691326115	0	14
P01	62	6	CS43	R2	-0.00661094465013428	0	14
P01	62	7	CS44	R1	-0.0121190423762691	0	14
P01	62	8	CS47	R1	-0.0035703588414329	0	14
P01	62	9	CS47	R2	0.00489139119373004	0	14
P01	62	10	CS48	R1	0.0208068035816915	0	14
P01	62	11	CS48	R2	-0.00795962308068855	0	14
P01	62	12	CS49	R1	0.000971818455723263	0	12
P01	62	13	CS49	R2	-0.00144228614901968	0	14
P01	62	14	CS51	R1	-0.0104350340988835	0	14
P01	62	15	CS51	R2	-0.00487988995017403	0	12
P01	62	16	CS53	R1	0.00440634250650532	0	12
P01	62	17	CS53	R2	-0.00938719586427161	0	8
P01	62	18	CS54	R1	-0.00877061495552735	0	7
P01	62	19	CS54	R2	0.00232607045982487	0	7
P01	62	20	CS55	R1	-0.00413934262458864	0	14
P01	62	21	CS55	R2	-0.0121918612533277	0	14
P01	62	22	CS56	R1	-0.00143853365384142	0	12
P01	62	23	CS56	R2	0.0103521501029982	0	12
P01	62	24	CS57	R1	-0.00231365154939908	0	12
P01	62	25	CS57	R2	-0.00164088298538287	0	12
P01	62	26	CS58	R1	0.0063330881489762	0	7
P01	62	27	CS60	R1	-0.0117922977181124	0	14
P01	62	28	CS62	R1	-0.00199583226438522	0	7
P01	62	29	CS62	R2	0.00299670348806354	0	7
P01	63	1	CS41	R1	0.00227655754123504	0	14
P01	63	2	CS41	R2	-0.00305108851809673	0	14
P01	63	3	CS42	R1	0.000919805955867114	0	14
P01	63	4	CS42	R2	0.00168577150433536	0	14
P01	63	5	CS43	R1	-0.00171493893283711	0	14
P01	63	6	CS43	R2	0.00136914132131056	0	14
P01	63	7	CS44	R1	-0.00177235921137199	0	14
P01	63	8	CS47	R1	0.00154308468849158	0	14
P01	63	9	CS47	R2	-0.00906566226372884	0	14
P01	63	10	CS48	R1	-0.00261622721429923	0	14
P01	63	11	CS48	R2	-0.00631546497785992	0	14
P01	63	12	CS49	R1	-0.00322382103150849	0	12
P01	63	13	CS49	R2	-0.00618501987835961	0	14
P01	63	14	CS51	R1	-0.00346841290239814	0	14
P01	63	15	CS51	R2	0.00723538688063937	0	12
P01	63	16	CS53	R1	-0.00122983435389903	0	12
P01	63	17	CS53	R2	-0.000907480410830379	0	8
P01	63	18	CS54	R1	0.00797465352591087	0	7
P01	63	19	CS54	R2	-0.00387738553472898	0	7
P01	63	20	CS55	R1	0.0067072798744538	0	14
P01	63	21	CS55	R2	0.000424347294830046	0	14
P01	63	22	CS56	R1	0.0019408509926854	0	12
P01	63	23	CS56	R2	0.00568504634775523	0	12
P01	63	24	CS57	R1	-0.00326548841869285	0	12
P01	63	25	CS57	R2	0.00919857457736549	0	12
P01	63	26	CS58	R1	-0.0111262786142894	0	7
P01	63	27	CS60	R1	-0.00127823483152331	0	14
P01	63	28	CS62	R1	-0.0254439746206586	0	7
P01	63	29	CS62	R2	0.00557349850680027	0	7
P01	64	1	CS41	R1	0.00242562555281445	0	14
P01	64	2	CS41	R2	-2.67329183810436e-05	0	14
P01	64	3	CS42	R1	-0.00161750309043839	0	14
P01	64	4	CS42	R2	-0.00318451186009302	0	14
P01	64	5	CS43	R1	0.00266500974049048	0	14
P01	64	6	CS43	R2	0.0128275946121929	0	14
P01	64	7	CS44	R1	0.00952621403229185	0	14
P01	64	8	CS47	R1	0.00690258624106961	0	14
P01	64	9	CS47	R2	-0.00621151876865495	0	14
P01	64	10	CS48	R1	-0.00179485371469978	0	14
P01	64	11	CS48	R2	-0.00113689115297695	0	14
P01	64	12	CS49	R1	0.00718139393195684	0	12
P01	64	13	CS49	R2	0.000867153180588528	0	14
P01	64	14	CS51	R1	0.00692661325497045	0	14
P01	64	15	CS51	R2	0.00325253744354207	0	12
P01	64	16	CS53	R1	-0.000784224489582749	0	12
P01	64	17	CS53	R2	0.00417242144485603	0	8
P01	64	18	CS54	R1	-0.00278820338524303	0	7
P01	64	19	CS54	R2	-0.00422212444202108	0	7
P01	64	20	CS55	R1	-0.00360275474883895	0	14
P01	64	21	CS55	R2	0.00917992464156508	0	14
P01	64	22	CS56	R1	0.00338510695810656	0	12
P01	64	23	CS56	R2	-0.0030726711235968	0	12
P01	64	24	CS57	R1	-0.00213429358726804	0	12
P01	64	25	CS57	R2	0.00987396129912623	0	12
P01	64	26	CS58	R1	-0.00528603666992571	0	7
P01	64	27	CS60	R1	0.00321188407832226	0	14
P01	64	28	CS62	R1	-0.0109927845764928	0	7
P01	64	29	CS62	R2	0.00353342664380103	0	7
P02	1	1	CS41	R1	-0.0108760324699734	0	14
P02	1	2	CS41	R2	-0.0124078486524888	0	14
P02	1	3	CS42	R1	-0.0103745766157944	0	14
P02	1	4	CS42	R2	-0.00257859597126671	0	14
P02	1	5	CS43	R1	0.0041667466294342	0	14
P02	1	6	CS43	R2	-0.0061018151808527	0	14
P02	1	7	CS44	R1	-0.00135520829921608	0	14
P02	1	8	CS47	R1	-0.00295315095782022	0	14
P02	1	9	CS47	R2	-0.0105399568313685	0	14
P02	1	10	CS48	R1	-0.00319103688692579	0	14
P02	1	11	CS48	R2	-0.00192131764612385	0	14
P02	1	12	CS49	R1	-0.00228807704563923	0	12
P02	1	13	CS49	R2	-0.00868563161208811	0	14
P02	1	14	CS51	R1	0.00935729496094746	0	14
P02	1	15	CS51	R2	0.00268320765529304	0	12
P02	1	16	CS53	R1	0.000457728015101398	0	12
P02	1	17	CS53	R2	0.00109692311417343	0	8
P02	1	18	CS54	R1	-0.0117473942766535	0	7
P02	1	19	CS54	R2	-0.01077616285812	0	7
P02	1	20	CS55	R1	0.0105926493698263	0	14
P02	1	21	CS55	R2	-0.00426567856722817	0	14
P02	1	22	CS56	R1	-0.00160553999562869	0	12
P02	1	23	CS56	R2	-0.00432991725419209	0	12
P02	1	24	CS57	R1	0.00680458920197487	0	12
P02	1	25	CS57	R2	-0.00294805909327831	0	12
P02	1	26	CS58	R1	0.00672054838896445	0	7
P02	1	27	CS60	R1	0.00979933300476127	0	14
P02	1	28	CS62	R1	-0.00581211357078831	0	7
P02	1	29	CS62	R2	0.0109280767004538	0	7
P02	2	1	CS41	R1	-0.00547966493734911	0	14
P02	2	2	CS41	R2	-0.00576263393957882	0	14
P02	2	3	CS42	R1	-0.00739448009447846	0	14
P02	2	4	CS42	R2	-0.00241310208400144	0	14
P02	2	5	CS43	R1	0.00597413328094059	0	14
P02	2	6	CS43	R2	-0.00268375092449193	0	14
P02	2	7	CS44	R1	0.00957309476082919	0	14
P02	2	8	CS47	R1	-0.00819092747699229	0	14
P02	2	9	CS47	R2	-0.00147944900489044	0	14
P02	2	10	CS48	R1	0.0035810439855731	0	14
P02	2	11	CS48	R2	0.00178339885595848	0	14
P02	2	12	CS49	R1	0.000551835168166815	0	12
P02	2	13	CS49	R2	0.00404322108122189	0	14
P02	2	14	CS51	R1	-0.00336608251366706	0	14
P02	2	15	CS51	R2	0.000600703939214976	0	12
P02	2	16	CS53	R1	-0.0079591454924241	0	12
P02	2	17	CS53	R2	0.0134935829182893	0	8
P02	2	18	CS54	R1	0.00388022143768353	0	7
P02	2	19	CS54	R2	-0.0128079980394355	0	7
P02	2	20	CS55	R1	0.00531720964939399	0	14
P02	2	21	CS55	R2	-0.00368399506703371	0	14
P02	2	22	CS56	R1	-0.0135036015413658	0	12
P02	2	23	CS56	R2	0.000616885955826952	0	12
P02	2	24	CS57	R1	0.00241184042424234	0	12
P02	2	25	CS57	R2	3.73108972843974e-05	0	12
P02	2	26	CS58	R1	0.0169476622820576	0	7
P02	2	27	CS60	R1	0.000345919269357517	0	14
P02	2	28	CS62	R1	0.0014896700582149	0	7
P02	2	29	CS62	R2	-0.00302551345044489	0	7
P02	3	1	CS41	R1	0.00153474275836995	0	14
P02	3	2	CS41	R2	0.00260716025618108	0	14
P02	3	3	CS42	R1	0.00571133074000892	0	14
P02	3	4	CS42	R2	-0.00539126724545957	0	14
P02	3	5	CS43	R1	-0.00546390508054318	0	14
P02	3	6	CS43	R2	-0.00359285262267089	0	14
P02	3	7	CS44	R1	0.00430645550935927	0	14
P02	3	8	CS47	R1	-0.00651705051882429	0	14
P02	3	9	CS47	R2	0.000177300490255962	0	14
P02	3	10	CS48	R1	0.00326826745657498	0	14
P02	3	11	CS48	R2	0.00417911323873678	0	14
P02	3	12	CS49	R1	0.00397115770322965	0	12
P02	3	13	CS49	R2	-0.00540372593541519	0	14
P02	3	14	CS51	R1	0.00538386262750545	0	14
P02	3	15	CS51	R2	-0.000717587137528366	0	12
P02	3	16	CS53	R1	0.00489731430126785	0	12
P02	3	17	CS53	R2	0.0063001963106591	0	8
P02	3	18	CS54	R1	0.00285448544463913	0	7
P02	3	19	CS54	R2	0.00607675334724423	0	7
P02	3	20	CS55	R1	0.00131413159531617	0	14
P02	3	21	CS55	R2	0.00564190523248728	0	14
P02	3	22	CS56	R1	-0.00431572195587222	0	12
P02	3	23	CS56	R2	-0.00712552628364542	0	12
P02	3	24	CS57	R1	-0.00699306817150423	0	12
P02	3	25	CS57	R2	-0.0100318102742021	0	12
P02	3	26	CS58	R1	-0.000240909403956264	0	7
P02	3	27	CS60	R1	0.00297572592450081	0	14
P02	3	28	CS62	R1	-0.00293446120707728	0	7
P02	3	29	CS62	R2	-0.00424344630635862	0	7
P02	4	1	CS41	R1	-0.00185172874844564	0	14
P02	4	2	CS41	R2	0.00379271020589707	0	14
P02	4	3	CS42	R1	0.000539792067102165	0	14
P02	4	4	CS42	R2	0.00147457227413884	0	14
P02	4	5	CS43	R1	-0.00188334948921324	0	14
P02	4	6	CS43	R2	0.00227380080260443	0	14
P02	4	7	CS44	R1	0.0013660791780892	0	14
P02	4	8	CS47	R1	-0.00213861509793959	0	14
P02	4	9	CS47	R2	-0.0039979899679799	0	14
P02	4	10	CS48	R1	-0.00628539647092402	0	14
P02	4	11	CS48	R2	-0.00366342000313243	0	14
P02	4	12	CS49	R1	-0.00505928024525465	0	12
P02	4	13	CS49	R2	-0.00662663891493279	0	14
P02	4	14	CS51	R1	0.0139671206525137	0	14
P02	4	15	CS51	R2	0.0144713737106931	0	12
P02	4	16	CS53	R1	-0.00582710153031622	0	12
P02	4	17	CS53	R2	-0.000244409329062092	0	8
P02	4	18	CS54	R1	-0.000623521149642816	0	7
P02	4	19	CS54	R2	-0.00149118474251398	0	7
P02	4	20	CS55	R1	-0.00485693849278557	0	14
P02	4	21	CS55	R2	-0.00514787694857512	0	14
P02	4	22	CS56	R1	0.00372774795820316	0	12
P02	4	23	CS56	R2	-0.0111635167805395	0	12
P02	4	24	CS57	R1	-0.0115192984438209	0	12
P02	4	25	CS57	R2	-9.99991551743511e-05	0	12
P02	4	26	CS58	R1	0.00319785934637886	0	7
P02	4	27	CS60	R1	0.00342953552000218	0	14
P02	4	28	CS62	R1	0.00210561426435409	0	7
P02	4	29	CS62	R2	-0.00363971310778672	0	7
P02	5	1	CS41	R1	0.000595966883572519	0	14
P02	5	2	CS41	R2	-0.0073069743929031	0	14
P02	5	3	CS42	R1	0.00473626196873357	0	14
P02	5	4	CS42	R2	0.00198262550202145	0	14
P02	5	5	CS43	R1	0.000160049146450145	0	14
P02	5	6	CS43	R2	0.00908359207454134	0	14
P02	5	7	CS44	R1	-0.0035783028335564	0	14
P02	5	8	CS47	R1	0.00322179946334651	0	14
P02	5	9	CS47	R2	-0.000140130972193646	0	14
P02	5	10	CS48	R1	-0.0053583047056642	0	14
P02	5	11	CS48	R2	-0.00267602676545953	0	14
P02	5	12	CS49	R1	0.00548456700490097	0	12
P02	5	13	CS49	R2	0.00593460719751772	0	14
P02	5	14	CS51	R1	0.00686098287824932	0	14
P02	5	15	CS51	R2	-0.00683211921944355	0	12
P02	5	16	CS53	R1	0.0010984275895796	0	12
P02	5	17	CS53	R2	0.0157105452047239	0	8
P02	5	18	CS54	R1	-0.000421510759253158	0	7
P02	5	19	CS54	R2	-0.000502490783919282	0	7
P02	5	20	CS55	R1	-0.00541283149683099	0	14
P02	5	21	CS55	R2	0.00721873796180758	0	14
P02	5	22	CS56	R1	0.0105072398300261	0	12
P02	5	23	CS56	R2	-0.00558784429397665	0	12
P02	5	24	CS57	R1	-0.000911391597789385	0	12
P02	5	25	CS57	R2	0.00459035104192769	0	12
P02	5	26	CS58	R1	0.00460883999916138	0	7
P02	5	27	CS60	R1	-0.000897459430715742	0	14
P02	5	28	CS62	R1	0.0116204620148952	0	7
P02	5	29	CS62	R2	-0.00698213981176182	0	7
P02	6	1	CS41	R1	-0.00059875495255966	0	14
P02	6	2	CS41	R2	0.000856254284253738	0	14
P02	6	3	CS42	R1	0.00476341170049804	0	14
P02	6	4	CS42	R2	-0.00620174915915582	0	14
P02	6	5	CS43	R1	-0.00307068936761811	0	14
P02	6	6	CS43	R2	-0.00466831488033273	0	14
P02	6	7	CS44	R1	0.00515001697031968	0	14
P02	6	8	CS47	R1	0.000345903210260147	0	14
P02	6	9	CS47	R2	-0.000330506909324674	0	14
P02	6	10	CS48	R1	0.00313498110227542	0	14
P02	6	11	CS48	R2	0.00147091268423747	0	14
P02	6	12	CS49	R1	0.00710188331325121	0	12
P02	6	13	CS49	R2	-0.00331549717942313	0	14
P02	6	14	CS51	R1	-0.00910078446575428	0	14
P02	6	15	CS51	R2	0.0039076439309005	0	12
P02	6	16	CS53	R1	-0.00357367968230112	0	12
P02	6	17	CS53	R2	-0.00048104577018805	0	8
P02	6	18	CS54	R1	-0.00621005751686422	0	7
P02	6	19	CS54	R2	0.00670529409552776	0	7
P02	6	20	CS55	R1	-0.0072893205094214	0	14
P02	6	21	CS55	R2	0.00293766323112199	0	14
P02	6	22	CS56	R1	0.00128139184269557	0	12
P02	6	23	CS56	R2	-0.00327469384739938	0	12
P02	6	24	CS57	R1	-0.00526934112246828	0	12
P02	6	25	CS57	R2	-0.0104913404625466	0	12
P02	6	26	CS58	R1	-0.00028993499359715	0	7
P02	6	27	CS60	R1	0.00115351846827934	0	14
P02	6	28	CS62	R1	-0.0104346601410085	0	7
P02	6	29	CS62	R2	-0.0114807901921335	0	7
P02	7	1	CS41	R1	-0.00574237062063893	0	14
P02	7	2	CS41	R2	-0.00707994361373211	0	14
P02	7	3	CS42	R1	-0.0030267372528591	0	14
P02	7	4	CS42	R2	-0.00171257392270532	0	14
P02	7	5	CS43	R1	-0.00183840019011929	0	14
P02	7	6	CS43	R2	0.000548208830155328	0	14
P02	7	7	CS44	R1	-0.00492014385130483	0	14
P02	7	8	CS47	R1	-0.00213843031494672	0	14
P02	7	9	CS47	R2	0.00147653087350935	0	14
P02	7	10	CS48	R1	-0.00157671510007307	0	14
P02	7	11	CS48	R2	0.00473866112609736	0	14
P02	7	12	CS49	R1	-0.0019530805326862	0	12
P02	7	13	CS49	R2	-0.00962040256475506	0	14
P02	7	14	CS51	R1	0.0031593049541069	0	14
P02	7	15	CS51	R2	0.00106444145590252	0	12
P02	7	16	CS53	R1	0.0112083516440566	0	12
P02	7	17	CS53	R2	-0.00717120038908954	0	8
P02	7	18	CS54	R1	0.00964084646793145	0	7
P02	7	19	CS54	R2	-0.00947886864493127	0	7
P02	7	20	CS55	R1	0.00606051784253309	0	14
P02	7	21	CS55	R2	-0.00256591582182597	0	14
P02	7	22	CS56	R1	0.0029498560563491	0	12
P02	7	23	CS56	R2	-0.0013378860824447	0	12
P02	7	24	CS57	R1	-0.00413320410198086	0	12
P02	7	25	CS57	R2	0.0101275201021433	0	12
P02	7	26	CS58	R1	-0.00768460212060622	0	7
P02	7	27	CS60	R1	-0.0150925213460924	0	14
P02	7	28	CS62	R1	0.0132129351614773	0	7
P02	7	29	CS62	R2	0.00665031418373402	0	7
P02	8	1	CS41	R1	-0.0149674648906944	0	14
P02	8	2	CS41	R2	0.000751312675598153	0	14
P02	8	3	CS42	R1	-0.00251124764627126	0	14
P02	8	4	CS42	R2	0.00441676060399886	0	14
P02	8	5	CS43	R1	0.00124785014702582	0	14
P02	8	6	CS43	R2	8.38065701157358e-05	0	14
P02	8	7	CS44	R1	-0.00344747524999794	0	14
P02	8	8	CS47	R1	-0.00978772638950194	0	14
P02	8	9	CS47	R2	0.00482606325935029	0	14
P02	8	10	CS48	R1	0.00527910242270723	0	14
P02	8	11	CS48	R2	-0.000841007547124113	0	14
P02	8	12	CS49	R1	-0.0028873165791466	0	12
P02	8	13	CS49	R2	0.00446352047502402	0	14
P02	8	14	CS51	R1	0.000392733856050543	0	14
P02	8	15	CS51	R2	-0.000999174549982993	0	12
P02	8	16	CS53	R1	0.0100133168962951	0	12
P02	8	17	CS53	R2	-0.00440504880070191	0	8
P02	8	18	CS54	R1	0.00627598134735465	0	7
P02	8	19	CS54	R2	0.000596768343650958	0	7
P02	8	20	CS55	R1	-0.00726267012506619	0	14
P02	8	21	CS55	R2	-0.00012119056177382	0	14
P02	8	22	CS56	R1	-0.0138870121855798	0	12
P02	8	23	CS56	R2	0.00932395443510923	0	12
P02	8	24	CS57	R1	0.00517540368636853	0	12
P02	8	25	CS57	R2	-0.0017859864568622	0	12
P02	8	26	CS58	R1	-0.000847746556460336	0	7
P02	8	27	CS60	R1	0.003227235139074	0	14
P02	8	28	CS62	R1	0.00994086953724478	0	7
P02	8	29	CS62	R2	0.0116496770876541	0	7
P02	9	1	CS41	R1	-0.0120496272764455	0	14
P02	9	2	CS41	R2	-0.00526059646164492	0	14
P02	9	3	CS42	R1	-0.000211349793408042	0	14
P02	9	4	CS42	R2	0.00188808293791981	0	14
P02	9	5	CS43	R1	0.00736820398312068	0	14
P02	9	6	CS43	R2	0.000238487504030371	0	14
P02	9	7	CS44	R1	0.00352601870659653	0	14
P02	9	8	CS47	R1	-0.0140245061454564	0	14
P02	9	9	CS47	R2	-0.000250365996311499	0	14
P02	9	10	CS48	R1	-0.00397009438637863	0	14
P02	9	11	CS48	R2	-0.00415032667792122	0	14
P02	9	12	CS49	R1	-0.00515863531375775	0	12
P02	9	13	CS49	R2	-0.00826095215078751	0	14
P02	9	14	CS51	R1	0.00863935311621872	0	14
P02	9	15	CS51	R2	-0.00369694039237734	0	12
P02	9	16	CS53	R1	0.000489657225051526	0	12
P02	9	17	CS53	R2	-0.00118854108936511	0	8
P02	9	18	CS54	R1	0.0152454539749738	0	7
P02	9	19	CS54	R2	-0.00143922767051814	0	7
P02	9	20	CS55	R1	0.00262378897748883	0	14
P02	9	21	CS55	R2	-0.000947662169794377	0	14
P02	9	22	CS56	R1	-0.00436718388937425	0	12
P02	9	23	CS56	R2	-0.000276379851770219	0	12
P02	9	24	CS57	R1	0.00306779525550237	0	12
P02	9	25	CS57	R2	-0.00250138534422273	0	12
P02	9	26	CS58	R1	0.00461320166576728	0	7
P02	9	27	CS60	R1	0.00386474873553232	0	14
P02	9	28	CS62	R1	4.16452077796209e-05	0	7
P02	9	29	CS62	R2	0.0118369171270706	0	7
P02	10	1	CS41	R1	-0.0099933195172979	0	14
P02	10	2	CS41	R2	-0.00250546965712034	0	14
P02	10	3	CS42	R1	0.00471482060324603	0	14
P02	10	4	CS42	R2	-0.000623571315841692	0	14
P02	10	5	CS43	R1	0.00186993181772256	0	14
P02	10	6	CS43	R2	0.00232072576010285	0	14
P02	10	7	CS44	R1	-0.000822901737711458	0	14
P02	10	8	CS47	R1	-0.00824984411176538	0	14
P02	10	9	CS47	R2	0.00874877785619694	0	14
P02	10	10	CS48	R1	0.000747015898090438	0	14
P02	10	11	CS48	R2	-0.0060505736407251	0	14
P02	10	12	CS49	R1	-0.00592561368224406	0	12
P02	10	13	CS49	R2	-0.00999236094551088	0	14
P02	10	14	CS51	R1	-0.00118769294615143	0	14
P02	10	15	CS51	R2	0.00313220270610319	0	12
P02	10	16	CS53	R1	-0.00336150083628194	0	12
P02	10	17	CS53	R2	-0.00174075340543029	0	8
P02	10	18	CS54	R1	-0.00184229415200219	0	7
P02	10	19	CS54	R2	-0.00651112422190944	0	7
P02	10	20	CS55	R1	-0.00823039235721974	0	14
P02	10	21	CS55	R2	0.00135821926955142	0	14
P02	10	22	CS56	R1	-0.00257051348800368	0	12
P02	10	23	CS56	R2	-0.00430234601963798	0	12
P02	10	24	CS57	R1	-0.00544142734040131	0	12
P02	10	25	CS57	R2	0.00268228710815323	0	12
P02	10	26	CS58	R1	-0.00690872082459528	0	7
P02	10	27	CS60	R1	-0.00646464085853876	0	14
P02	10	28	CS62	R1	-0.00548102725485904	0	7
P02	10	29	CS62	R2	-0.00539729420260598	0	7
P02	11	1	CS41	R1	-0.00431044069045197	0	14
P02	11	2	CS41	R2	-0.0025548559462257	0	14
P02	11	3	CS42	R1	0.000994344083021061	0	14
P02	11	4	CS42	R2	-0.000455023005563296	0	14
P02	11	5	CS43	R1	0.000563774767242803	0	14
P02	11	6	CS43	R2	0.00028395931426735	0	14
P02	11	7	CS44	R1	-0.00253597226842749	0	14
P02	11	8	CS47	R1	0.0012063840856676	0	14
P02	11	9	CS47	R2	-0.0040712530708211	0	14
P02	11	10	CS48	R1	0.00336315015185034	0	14
P02	11	11	CS48	R2	-0.00640515910268475	0	14
P02	11	12	CS49	R1	-0.00629195160930801	0	12
P02	11	13	CS49	R2	0.00372294789685529	0	14
P02	11	14	CS51	R1	0.00834926691258303	0	14
P02	11	15	CS51	R2	-0.000263346185595804	0	12
P02	11	16	CS53	R1	-0.00148781564487813	0	12
P02	11	17	CS53	R2	-0.00110839059288722	0	8
P02	11	18	CS54	R1	-0.00321978838185802	0	7
P02	11	19	CS54	R2	-0.00304119284212257	0	7
P02	11	20	CS55	R1	-0.00559063119652426	0	14
P02	11	21	CS55	R2	-0.000653646008193424	0	14
P02	11	22	CS56	R1	-0.00763304727346214	0	12
P02	11	23	CS56	R2	-0.00220457111841156	0	12
P02	11	24	CS57	R1	-0.00138834232799511	0	12
P02	11	25	CS57	R2	-0.00944351476978636	0	12
P02	11	26	CS58	R1	0.011248032901534	0	7
P02	11	27	CS60	R1	0.000277421905507098	0	14
P02	11	28	CS62	R1	0.00255451053028442	0	7
P02	11	29	CS62	R2	-0.00276892099559906	0	7
P02	12	1	CS41	R1	-0.00588499575084753	0	14
P02	12	2	CS41	R2	0.000790945966598324	0	14
P02	12	3	CS42	R1	-0.0032247137817524	0	14
P02	12	4	CS42	R2	0.00829279930065387	0	14
P02	12	5	CS43	R1	-0.006266491414655	0	14
P02	12	6	CS43	R2	-0.00258374201353378	0	14
P02	12	7	CS44	R1	0.000663015498967624	0	14
P02	12	8	CS47	R1	-0.00580698288143272	0	14
P02	12	9	CS47	R2	-0.0024462654494951	0	14
P02	12	10	CS48	R1	-0.000951308667710062	0	14
P02	12	11	CS48	R2	0.00611293557704428	0	14
P02	12	12	CS49	R1	-0.00152233361088196	0	12
P02	12	13	CS49	R2	-0.00401928505447744	0	14
P02	12	14	CS51	R1	0.00133357068347841	0	14
P02	12	15	CS51	R2	-0.00626202819601478	0	12
P02	12	16	CS53	R1	0.00933845937164926	0	12
P02	12	17	CS53	R2	-0.0120966714098388	0	8
P02	12	18	CS54	R1	0.00840907942306704	0	7
P02	12	19	CS54	R2	0.0030274549735475	0	7
P02	12	20	CS55	R1	-0.000308885189939487	0	14
P02	12	21	CS55	R2	-0.00550435688452307	0	14
P02	12	22	CS56	R1	-0.0105141002170495	0	12
P02	12	23	CS56	R2	-0.00264119565273051	0	12
P02	12	24	CS57	R1	-0.00203274009400817	0	12
P02	12	25	CS57	R2	0.00517621847991158	0	12
P02	12	26	CS58	R1	0.00612360121861385	0	7
P02	12	27	CS60	R1	-0.00525092180595586	0	14
P02	12	28	CS62	R1	-0.00200519704266767	0	7
P02	12	29	CS62	R2	-0.00819906991065407	0	7
P02	13	1	CS41	R1	-0.00240062405607737	0	14
P02	13	2	CS41	R2	-0.0124923638343145	0	14
P02	13	3	CS42	R1	0.0024951108257154	0	14
P02	13	4	CS42	R2	0.00196534566809363	0	14
P02	13	5	CS43	R1	-0.00502030060979267	0	14
P02	13	6	CS43	R2	-0.00186216384084257	0	14
P02	13	7	CS44	R1	0.0133213527265733	0	14
P02	13	8	CS47	R1	0.000105959416523024	0	14
P02	13	9	CS47	R2	0.00494496484345635	0	14
P02	13	10	CS48	R1	-0.00107947965550837	0	14
P02	13	11	CS48	R2	0.00076900420959597	0	14
P02	13	12	CS49	R1	0.000857480787999712	0	12
P02	13	13	CS49	R2	-0.00220228724859333	0	14
P02	13	14	CS51	R1	0.00431367514302756	0	14
P02	13	15	CS51	R2	0.00576023100469678	0	12
P02	13	16	CS53	R1	-0.00471863764493004	0	12
P02	13	17	CS53	R2	-0.00401087718046087	0	8
P02	13	18	CS54	R1	0.00377533729208616	0	7
P02	13	19	CS54	R2	-0.012334833815935	0	7
P02	13	20	CS55	R1	-0.00793031898414733	0	14
P02	13	21	CS55	R2	-0.00284260489154025	0	14
P02	13	22	CS56	R1	-0.00111499448066389	0	12
P02	13	23	CS56	R2	-0.000578731829683479	0	12
P02	13	24	CS57	R1	0.00514673855168188	0	12
P02	13	25	CS57	R2	0.00335561716555779	0	12
P02	13	26	CS58	R1	0.00347192623728247	0	7
P02	13	27	CS60	R1	0.000506809002766442	0	14
P02	13	28	CS62	R1	9.46357866268515e-05	0	7
P02	13	29	CS62	R2	-0.0118395232810831	0	7
P02	14	1	CS41	R1	-0.00726099476021295	0	14
P02	14	2	CS41	R2	0.00274819849496125	0	14
P02	14	3	CS42	R1	-0.0104180040611089	0	14
P02	14	4	CS42	R2	-9.17293032902701e-05	0	14
P02	14	5	CS43	R1	-0.00532676032490736	0	14
P02	14	6	CS43	R2	-0.00385626997598036	0	14
P02	14	7	CS44	R1	-0.001753505473787	0	14
P02	14	8	CS47	R1	-0.00475741724785665	0	14
P02	14	9	CS47	R2	0.00046038818735221	0	14
P02	14	10	CS48	R1	0.00301671909532257	0	14
P02	14	11	CS48	R2	-0.00525030523234698	0	14
P02	14	12	CS49	R1	0.00857032266085077	0	12
P02	14	13	CS49	R2	-0.0105909265590219	0	14
P02	14	14	CS51	R1	-0.00255239872889196	0	14
P02	14	15	CS51	R2	-0.00490228315130249	0	12
P02	14	16	CS53	R1	0.00271283269306674	0	12
P02	14	17	CS53	R2	-0.01441700992936	0	8
P02	14	18	CS54	R1	0.00443064251489179	0	7
P02	14	19	CS54	R2	-0.0207377877613098	0	7
P02	14	20	CS55	R1	-0.000921861617768261	0	14
P02	14	21	CS55	R2	0.00178546147392245	0	14
P02	14	22	CS56	R1	-0.00661453375640844	0	12
P02	14	23	CS56	R2	0.00960880213058269	0	12
P02	14	24	CS57	R1	-0.00648260432366479	0	12
P02	14	25	CS57	R2	0.00205027251738228	0	12
P02	14	26	CS58	R1	-0.00498406721372282	0	7
P02	14	27	CS60	R1	0.00302889115865556	0	14
P02	14	28	CS62	R1	-0.0103805544378957	0	7
P02	14	29	CS62	R2	-0.00364003959052628	0	7
P02	15	1	CS41	R1	-0.00207609103263556	0	14
P02	15	2	CS41	R2	-0.00131736068933212	0	14
P02	15	3	CS42	R1	0.0015243085078552	0	14
P02	15	4	CS42	R2	0.00534340961149249	0	14
P02	15	5	CS43	R1	-0.00370898055509423	0	14
P02	15	6	CS43	R2	-0.00439871113300448	0	14
P02	15	7	CS44	R1	-0.00250961889179529	0	14
P02	15	8	CS47	R1	0.00532360123546998	0	14
P02	15	9	CS47	R2	0.00414154664440898	0	14
P02	15	10	CS48	R1	0.00612755520931748	0	14
P02	15	11	CS48	R2	0.00581329665309832	0	14
P02	15	12	CS49	R1	-0.00741163212556187	0	12
P02	15	13	CS49	R2	-0.00239191937742683	0	14
P02	15	14	CS51	R1	-0.00299596949984894	0	14
P02	15	15	CS51	R2	0.00249153368374577	0	12
P02	15	16	CS53	R1	0.00169785625893838	0	12
P02	15	17	CS53	R2	0.00548933565202196	0	8
P02	15	18	CS54	R1	0.00736434652627898	0	7
P02	15	19	CS54	R2	0.00679237322999583	0	7
P02	15	20	CS55	R1	-0.00451257909306021	0	14
P02	15	21	CS55	R2	0.00278399709411477	0	14
P02	15	22	CS56	R1	-0.00709451877570242	0	12
P02	15	23	CS56	R2	-0.00407297422000915	0	12
P02	15	24	CS57	R1	-0.00107254835140501	0	12
P02	15	25	CS57	R2	-0.00273869153913323	0	12
P02	15	26	CS58	R1	0.00764988935109581	0	7
P02	15	27	CS60	R1	0.00722105698167155	0	14
P02	15	28	CS62	R1	0.00701909679727224	0	7
P02	15	29	CS62	R2	0.00416197072725402	0	7
P02	16	1	CS41	R1	0.000396555445732341	0	14
P02	16	2	CS41	R2	0.00145217354788766	0	14
P02	16	3	CS42	R1	-0.00785755766385907	0	14
P02	16	4	CS42	R2	-0.0102070425412348	0	14
P02	16	5	CS43	R1	-0.00225061014769994	0	14
P02	16	6	CS43	R2	-0.0118002595527002	0	14
P02	16	7	CS44	R1	0.00409932052834735	0	14
P02	16	8	CS47	R1	-0.00627857277836155	0	14
P02	16	9	CS47	R2	-0.0038543344757715	0	14
P02	16	10	CS48	R1	0.00798854402874286	0	14
P02	16	11	CS48	R2	0.00233167913545192	0	14
P02	16	12	CS49	R1	-0.0160105757516085	0	12
P02	16	13	CS49	R2	-0.00925321275564884	0	14
P02	16	14	CS51	R1	-0.0163926552271661	0	14
P02	16	15	CS51	R2	-0.00404605122877406	0	12
P02	16	16	CS53	R1	0.00457388948804683	0	12
P02	16	17	CS53	R2	0.00456178060683146	0	8
P02	16	18	CS54	R1	-0.00165229692772439	0	7
P02	16	19	CS54	R2	-0.000198415271516195	0	7
P02	16	20	CS55	R1	-0.00401314547864365	0	14
P02	16	21	CS55	R2	0.00244558380942774	0	14
P02	16	22	CS56	R1	-0.00548262143270366	0	12
P02	16	23	CS56	R2	0.00226031685450146	0	12
P02	16	24	CS57	R1	-0.00482773756783892	0	12
P02	16	25	CS57	R2	-0.000564286141694578	0	12
P02	16	26	CS58	R1	0.00500918458483805	0	7
P02	16	27	CS60	R1	-0.000294801770023928	0	14
P02	16	28	CS62	R1	-0.0154202598003586	0	7
P02	16	29	CS62	R2	0.0135441396524647	0	7
P02	17	1	CS41	R1	-0.00256410521749202	0	14
P02	17	2	CS41	R2	-0.00217300648346951	0	14
P02	17	3	CS42	R1	-0.00121862904627452	0	14
P02	17	4	CS42	R2	0.00614196882258008	0	14
P02	17	5	CS43	R1	0.0045519715236911	0	14
P02	17	6	CS43	R2	0.00124649183834659	0	14
P02	17	7	CS44	R1	-4.60353218087724e-05	0	14
P02	17	8	CS47	R1	-0.0107196991218336	0	14
P02	17	9	CS47	R2	0.00282959226023603	0	14
P02	17	10	CS48	R1	-0.00656719974889335	0	14
P02	17	11	CS48	R2	0.0122863819625479	0	14
P02	17	12	CS49	R1	-0.00164122511364954	0	12
P02	17	13	CS49	R2	0.0106361017741844	0	14
P02	17	14	CS51	R1	-0.0145228876552088	0	14
P02	17	15	CS51	R2	-0.0132171182830481	0	12
P02	17	16	CS53	R1	0.000943747396020287	0	12
P02	17	17	CS53	R2	0.00289176575142928	0	8
P02	17	18	CS54	R1	0.000285140665427934	0	7
P02	17	19	CS54	R2	0.00277065805359157	0	7
P02	17	20	CS55	R1	0.00175074829909517	0	14
P02	17	21	CS55	R2	0.000181284903894487	0	14
P02	17	22	CS56	R1	0.00444346737962317	0	12
P02	17	23	CS56	R2	2.27530578650705e-05	0	12
P02	17	24	CS57	R1	-0.00324177087612547	0	12
P02	17	25	CS57	R2	0.0123504397058041	0	12
P02	17	26	CS58	R1	-0.00412704645009287	0	7
P02	17	27	CS60	R1	0.00239251476073281	0	14
P02	17	28	CS62	R1	-0.00704415883148465	0	7
P02	17	29	CS62	R2	-0.000891660132372268	0	7
P02	18	1	CS41	R1	-0.0109243296504025	0	14
P02	18	2	CS41	R2	-0.00288435086249646	0	14
P02	18	3	CS42	R1	-0.00527671647047428	0	14
P02	18	4	CS42	R2	-0.00198382232646851	0	14
P02	18	5	CS43	R1	-0.00805237690686681	0	14
P02	18	6	CS43	R2	-0.00502919587549694	0	14
P02	18	7	CS44	R1	-0.00688679462352696	0	14
P02	18	8	CS47	R1	-0.000355473871830573	0	14
P02	18	9	CS47	R2	-0.00702340787509702	0	14
P02	18	10	CS48	R1	0.00287249260661004	0	14
P02	18	11	CS48	R2	0.00140660150657198	0	14
P02	18	12	CS49	R1	-0.0117071317903782	0	12
P02	18	13	CS49	R2	-0.0115817717585362	0	14
P02	18	14	CS51	R1	-0.00555451567448003	0	14
P02	18	15	CS51	R2	0.00225037366733478	0	12
P02	18	16	CS53	R1	-0.00161268402546576	0	12
P02	18	17	CS53	R2	0.00560830191513562	0	8
P02	18	18	CS54	R1	-0.00895349609093473	0	7
P02	18	19	CS54	R2	-0.00972658231370648	0	7
P02	18	20	CS55	R1	0.000267809228794986	0	14
P02	18	21	CS55	R2	0.00524412306459277	0	14
P02	18	22	CS56	R1	-0.00295339239000376	0	12
P02	18	23	CS56	R2	0.00116752957810383	0	12
P02	18	24	CS57	R1	-0.00884962017651433	0	12
P02	18	25	CS57	R2	-0.0206140329730463	0	12
P02	18	26	CS58	R1	-0.00510815372999032	0	7
P02	18	27	CS60	R1	0.00201271906066579	0	14
P02	18	28	CS62	R1	-0.00626451599415207	0	7
P02	18	29	CS62	R2	0.00515181655231617	0	7
P02	19	1	CS41	R1	0.00348747502642033	0	14
P02	19	2	CS41	R2	0.00334879093725739	0	14
P02	19	3	CS42	R1	0.00137800975544272	0	14
P02	19	4	CS42	R2	-0.00299195941507658	0	14
P02	19	5	CS43	R1	-0.00268183883487618	0	14
P02	19	6	CS43	R2	-0.00762277417733798	0	14
P02	19	7	CS44	R1	-9.13129021800086e-05	0	14
P02	19	8	CS47	R1	0.00240055480867946	0	14
P02	19	9	CS47	R2	-0.00728625828156461	0	14
P02	19	10	CS48	R1	0.00689648550517557	0	14
P02	19	11	CS48	R2	-0.00404341073077934	0	14
P02	19	12	CS49	R1	-0.0109250674749782	0	12
P02	19	13	CS49	R2	0.000936884924157474	0	14
P02	19	14	CS51	R1	-0.00190886265327911	0	14
P02	19	15	CS51	R2	0.000881361427649594	0	12
P02	19	16	CS53	R1	-0.00524891330299866	0	12
P02	19	17	CS53	R2	0.0132936188227602	0	8
P02	19	18	CS54	R1	-0.00162838505137103	0	7
P02	19	19	CS54	R2	-9.77974193585831e-06	0	7
P02	19	20	CS55	R1	0.00150052551611872	0	14
P02	19	21	CS55	R2	-0.000632793005350444	0	14
P02	19	22	CS56	R1	-0.00353855555460317	0	12
P02	19	23	CS56	R2	-0.012144805154663	0	12
P02	19	24	CS57	R1	-1.41650874654295e-05	0	12
P02	19	25	CS57	R2	-0.00476656643919651	0	12
P02	19	26	CS58	R1	0.0023639326786346	0	7
P02	19	27	CS60	R1	0.00064034299631387	0	14
P02	19	28	CS62	R1	-0.0186920347544519	0	7
P02	19	29	CS62	R2	-0.0037699854030767	0	7
P02	20	1	CS41	R1	0.00340464535163647	0	14
P02	20	2	CS41	R2	0.00151554497003029	0	14
P02	20	3	CS42	R1	0.00124639122219715	0	14
P02	20	4	CS42	R2	0.00396666791249978	0	14
P02	20	5	CS43	R1	-0.00126938331685331	0	14
P02	20	6	CS43	R2	0.00928970506254544	0	14
P02	20	7	CS44	R1	-0.000584461637196601	0	14
P02	20	8	CS47	R1	-0.00968306440053221	0	14
P02	20	9	CS47	R2	-0.0143423760744985	0	14
P02	20	10	CS48	R1	-0.00342752091865273	0	14
P02	20	11	CS48	R2	0.00612991382491919	0	14
P02	20	12	CS49	R1	-0.00274050178802025	0	12
P02	20	13	CS49	R2	0.00811086963801438	0	14
P02	20	14	CS51	R1	-0.00842473066399896	0	14
P02	20	15	CS51	R2	0.0065319920857868	0	12
P02	20	16	CS53	R1	-0.00316480720521958	0	12
P02	20	17	CS53	R2	-0.00909944346305322	0	8
P02	20	18	CS54	R1	0.00719605008420054	0	7
P02	20	19	CS54	R2	-0.00563997636840628	0	7
P02	20	20	CS55	R1	0.00490738494734253	0	14
P02	20	21	CS55	R2	-0.00568213946443093	0	14
P02	20	22	CS56	R1	-0.0129384921960179	0	12
P02	20	23	CS56	R2	-0.00515452143256132	0	12
P02	20	24	CS57	R1	0.00361402537914851	0	12
P02	20	25	CS57	R2	0.00988322010467509	0	12
P02	20	26	CS58	R1	0.00397050141351958	0	7
P02	20	27	CS60	R1	0.0141151544526551	0	14
P02	20	28	CS62	R1	0.00024893205094187	0	7
P02	20	29	CS62	R2	-0.00891104945484156	0	7
P02	21	1	CS41	R1	0.00948238332157835	0	14
P02	21	2	CS41	R2	-0.00325835573953871	0	14
P02	21	3	CS42	R1	0.000451153186089628	0	14
P02	21	4	CS42	R2	0.00712145975538899	0	14
P02	21	5	CS43	R1	0.000871280526932485	0	14
P02	21	6	CS43	R2	-0.00273403613847374	0	14
P02	21	7	CS44	R1	-0.00175801806120476	0	14
P02	21	8	CS47	R1	-0.00116880418073263	0	14
P02	21	9	CS47	R2	-0.00519121675203602	0	14
P02	21	10	CS48	R1	-0.00265967807597242	0	14
P02	21	11	CS48	R2	-0.00367584341164124	0	14
P02	21	12	CS49	R1	-0.00672082052727296	0	12
P02	21	13	CS49	R2	-0.00390772976484256	0	14
P02	21	14	CS51	R1	-0.00316618184161324	0	14
P02	21	15	CS51	R2	-0.000147061708500932	0	12
P02	21	16	CS53	R1	-0.00354932560864252	0	12
P02	21	17	CS53	R2	0.00608939460787101	0	8
P02	21	18	CS54	R1	-0.0146401558352443	0	7
P02	21	19	CS54	R2	0.00400124669052599	0	7
P02	21	20	CS55	R1	-0.00390456326624597	0	14
P02	21	21	CS55	R2	0.00275992009732522	0	14
P02	21	22	CS56	R1	-0.00124099214335321	0	12
P02	21	23	CS56	R2	0.00387172335990098	0	12
P02	21	24	CS57	R1	-0.00816675193238783	0	12
P02	21	25	CS57	R2	0.000484700391222889	0	12
P02	21	26	CS58	R1	0.00412167421294446	0	7
P02	21	27	CS60	R1	-0.00302431382698285	0	14
P02	21	28	CS62	R1	0.0121724250249009	0	7
P02	21	29	CS62	R2	0.00333854983452386	0	7
P02	22	1	CS41	R1	-0.00649887938096638	0	14
P02	22	2	CS41	R2	0.00272164957557745	0	14
P02	22	3	CS42	R1	-0.00109006830288264	0	14
P02	22	4	CS42	R2	-0.00143307540121423	0	14
P02	22	5	CS43	R1	-0.00625231993239998	0	14
P02	22	6	CS43	R2	-0.00479984635908454	0	14
P02	22	7	CS44	R1	0.00260586941398708	0	14
P02	22	8	CS47	R1	0.00318544343422832	0	14
P02	22	9	CS47	R2	0.00361232742816037	0	14
P02	22	10	CS48	R1	0.00088822841451093	0	14
P02	22	11	CS48	R2	-0.00588410897676072	0	14
P02	22	12	CS49	R1	-0.00226033386685096	0	12
P02	22	13	CS49	R2	-0.00846781258809264	0	14
P02	22	14	CS51	R1	-0.000628439154194908	0	14
P02	22	15	CS51	R2	-0.00311209188707259	0	12
P02	22	16	CS53	R1	-0.00226167600411887	0	12
P02	22	17	CS53	R2	0.0252467833013173	0	8
P02	22	18	CS54	R1	-0.0166182011475459	0	7
P02	22	19	CS54	R2	0.000315091659366792	0	7
P02	22	20	CS55	R1	-0.00794792638538237	0	14
P02	22	21	CS55	R2	0.00246104592493897	0	14
P02	22	22	CS56	R1	-0.00172188919770712	0	12
P02	22	23	CS56	R2	-0.00229588087250811	0	12
P02	22	24	CS57	R1	-0.0086854515406225	0	12
P02	22	25	CS57	R2	-0.00749337954620104	0	12
P02	22	26	CS58	R1	-0.00822609456491959	0	7
P02	22	27	CS60	R1	0.00471311809884802	0	14
P02	22	28	CS62	R1	-0.0130824490207412	0	7
P02	22	29	CS62	R2	0.0055812086853243	0	7
P02	23	1	CS41	R1	-0.00366826617891302	0	14
P02	23	2	CS41	R2	0.00276175218437175	0	14
P02	23	3	CS42	R1	-0.00122681415775472	0	14
P02	23	4	CS42	R2	-0.000804722623279482	0	14
P02	23	5	CS43	R1	-0.000390535272775154	0	14
P02	23	6	CS43	R2	0.00448286188541143	0	14
P02	23	7	CS44	R1	0.00219002740919616	0	14
P02	23	8	CS47	R1	0.0103766666117645	0	14
P02	23	9	CS47	R2	0.00675359372495205	0	14
P02	23	10	CS48	R1	-0.00733636387403484	0	14
P02	23	11	CS48	R2	-0.00247601699504015	0	14
P02	23	12	CS49	R1	0.00447537381933425	0	12
P02	23	13	CS49	R2	0.00400760710877022	0	14
P02	23	14	CS51	R1	0.00885844371683502	0	14
P02	23	15	CS51	R2	-0.00130800935198003	0	12
P02	23	16	CS53	R1	-0.00830415116753241	0	12
P02	23	17	CS53	R2	0.0201277989754144	0	8
P02	23	18	CS54	R1	0.0069321173586549	0	7
P02	23	19	CS54	R2	0.00271199548944702	0	7
P02	23	20	CS55	R1	0.00162137880524529	0	14
P02	23	21	CS55	R2	0.00123433376848337	0	14
P02	23	22	CS56	R1	-0.000543941144612706	0	12
P02	23	23	CS56	R2	0.0078556499280597	0	12
P02	23	24	CS57	R1	-0.00385649221957708	0	12
P02	23	25	CS57	R2	-0.00678585183439197	0	12
P02	23	26	CS58	R1	-0.0161946426895152	0	7
P02	23	27	CS60	R1	-0.0093290145425908	0	14
P02	23	28	CS62	R1	-0.0064321806182046	0	7
P02	23	29	CS62	R2	-0.00250427302132509	0	7
P02	24	1	CS41	R1	0.00253181411862382	0	14
P02	24	2	CS41	R2	0.00613780176653028	0	14
P02	24	3	CS42	R1	0.00721563725349803	0	14
P02	24	4	CS42	R2	0.00195757754888328	0	14
P02	24	5	CS43	R1	0.0108024942983981	0	14
P02	24	6	CS43	R2	0.00789908882303203	0	14
P02	24	7	CS44	R1	0.00207658715814057	0	14
P02	24	8	CS47	R1	-0.00944311872256051	0	14
P02	24	9	CS47	R2	-0.0031738135567086	0	14
P02	24	10	CS48	R1	0.00260048054423662	0	14
P02	24	11	CS48	R2	-0.0032603089296893	0	14
P02	24	12	CS49	R1	0.0052019620315436	0	12
P02	24	13	CS49	R2	0.0003352095331047	0	14
P02	24	14	CS51	R1	0.00257829834759561	0	14
P02	24	15	CS51	R2	-0.00136266620468742	0	12
P02	24	16	CS53	R1	-0.000807462592477887	0	12
P02	24	17	CS53	R2	-0.00540311638169931	0	8
P02	24	18	CS54	R1	-0.00946688047648388	0	7
P02	24	19	CS54	R2	-0.003425991593987	0	7
P02	24	20	CS55	R1	-0.00163270474501943	0	14
P02	24	21	CS55	R2	0.00506749277739011	0	14
P02	24	22	CS56	R1	-0.00363503592082577	0	12
P02	24	23	CS56	R2	-0.0105993256144819	0	12
P02	24	24	CS57	R1	-0.0028517216159941	0	12
P02	24	25	CS57	R2	0.00838789296485125	0	12
P02	24	26	CS58	R1	0.00322555416367378	0	7
P02	24	27	CS60	R1	-0.00120456321420142	0	14
P02	24	28	CS62	R1	0.00404125715076038	0	7
P02	24	29	CS62	R2	0.00476675834409728	0	7
P02	25	1	CS41	R1	6.54996563856417e-05	0	14
P02	25	2	CS41	R2	0.00463736591019591	0	14
P02	25	3	CS42	R1	-0.00130128651712571	0	14
P02	25	4	CS42	R2	-0.0090178715982047	0	14
P02	25	5	CS43	R1	0.00652885551028147	0	14
P02	25	6	CS43	R2	0.00135618476544758	0	14
P02	25	7	CS44	R1	6.41285878028247e-05	0	14
P02	25	8	CS47	R1	-0.00604353002954669	0	14
P02	25	9	CS47	R2	-0.00364398013401007	0	14
P02	25	10	CS48	R1	0.00152877218507966	0	14
P02	25	11	CS48	R2	-0.00778704637730234	0	14
P02	25	12	CS49	R1	0.00101079449345421	0	12
P02	25	13	CS49	R2	-0.0137444871216339	0	14
P02	25	14	CS51	R1	-0.0148473135123068	0	14
P02	25	15	CS51	R2	-0.00918153830327802	0	12
P02	25	16	CS53	R1	-0.00834944554411449	0	12
P02	25	17	CS53	R2	-0.000415031637396698	0	8
P02	25	18	CS54	R1	0.00834266041538345	0	7
P02	25	19	CS54	R2	-0.00619107868404686	0	7
P02	25	20	CS55	R1	-0.00172435641161704	0	14
P02	25	21	CS55	R2	-0.00716291192953732	0	14
P02	25	22	CS56	R1	-8.48755441802689e-05	0	12
P02	25	23	CS56	R2	-0.00929096568393636	0	12
P02	25	24	CS57	R1	0.000759547212547675	0	12
P02	25	25	CS57	R2	0.000926589683568755	0	12
P02	25	26	CS58	R1	-0.00385688080669352	0	7
P02	25	27	CS60	R1	0.00105788334574925	0	14
P02	25	28	CS62	R1	-0.00030538784694943	0	7
P02	25	29	CS62	R2	0.00403571947464041	0	7
P02	26	1	CS41	R1	-0.00276961590621712	0	14
P02	26	2	CS41	R2	0.00603602502770147	0	14
P02	26	3	CS42	R1	-0.000226116791220423	0	14
P02	26	4	CS42	R2	-0.00297221099606473	0	14
P02	26	5	CS43	R1	0.00160359991957696	0	14
P02	26	6	CS43	R2	0.00377875534658335	0	14
P02	26	7	CS44	R1	-0.00158099181004525	0	14
P02	26	8	CS47	R1	0.00342311500375953	0	14
P02	26	9	CS47	R2	0.00636667434214725	0	14
P02	26	10	CS48	R1	0.00369357721306973	0	14
P02	26	11	CS48	R2	-0.00797908915072448	0	14
P02	26	12	CS49	R1	0.00302861760193133	0	12
P02	26	13	CS49	R2	-0.00169864087014938	0	14
P02	26	14	CS51	R1	0.00532184174247612	0	14
P02	26	15	CS51	R2	0.00904985788911878	0	12
P02	26	16	CS53	R1	-0.00482826177667324	0	12
P02	26	17	CS53	R2	0.00145118177270125	0	8
P02	26	18	CS54	R1	0.00118953483723025	0	7
P02	26	19	CS54	R2	0.000948331140240625	0	7
P02	26	20	CS55	R1	-0.00778237689016127	0	14
P02	26	21	CS55	R2	0.0076850045633065	0	14
P02	26	22	CS56	R1	-0.019401976373972	0	12
P02	26	23	CS56	R2	0.00670194015042601	0	12
P02	26	24	CS57	R1	0.00290499168557234	0	12
P02	26	25	CS57	R2	-0.00652595033686966	0	12
P02	26	26	CS58	R1	0.00595451646151855	0	7
P02	26	27	CS60	R1	0.00451109482445141	0	14
P02	26	28	CS62	R1	-0.00507926373851532	0	7
P02	26	29	CS62	R2	-0.00778005838325115	0	7
P02	27	1	CS41	R1	-0.00885760287393262	0	14
P02	27	2	CS41	R2	0.00055058646471295	0	14
P02	27	3	CS42	R1	-0.0185825900548864	0	14
P02	27	4	CS42	R2	-0.0016339472663685	0	14
P02	27	5	CS43	R1	0.00667538720469403	0	14
P02	27	6	CS43	R2	0.0094876649634099	0	14
P02	27	7	CS44	R1	0.000900973914679598	0	14
P02	27	8	CS47	R1	0.00379990099514183	0	14
P02	27	9	CS47	R2	-0.00472219542972851	0	14
P02	27	10	CS48	R1	-0.00866284889800046	0	14
P02	27	11	CS48	R2	0.00589267765258651	0	14
P02	27	12	CS49	R1	0.00580223264662566	0	12
P02	27	13	CS49	R2	-0.00629592812396858	0	14
P02	27	14	CS51	R1	0.000833790206316536	0	14
P02	27	15	CS51	R2	-0.00617926965350741	0	12
P02	27	16	CS53	R1	-0.00607362100893655	0	12
P02	27	17	CS53	R2	-0.00345434666965173	0	8
P02	27	18	CS54	R1	-0.00211994932134342	0	7
P02	27	19	CS54	R2	-0.000120382988197347	0	7
P02	27	20	CS55	R1	0.000556329952353267	0	14
P02	27	21	CS55	R2	-0.00530409754819981	0	14
P02	27	22	CS56	R1	-0.00244285545214938	0	12
P02	27	23	CS56	R2	0.00480800997994821	0	12
P02	27	24	CS57	R1	0.00118757710977446	0	12
P02	27	25	CS57	R2	-0.00125616778533159	0	12
P02	27	26	CS58	R1	0.0116853950071775	0	7
P02	27	27	CS60	R1	-0.00735993665667975	0	14
P02	27	28	CS62	R1	-0.00572460847475859	0	7
P02	27	29	CS62	R2	0.00455164237920263	0	7
P02	28	1	CS41	R1	-0.00136230298725355	0	14
P02	28	2	CS41	R2	0.00230085965202166	0	14
P02	28	3	CS42	R1	-0.0044963511312373	0	14
P02	28	4	CS42	R2	0.00538707130162203	0	14
P02	28	5	CS43	R1	-0.000565091057482067	0	14
P02	28	6	CS43	R2	-0.0119593233567926	0	14
P02	28	7	CS44	R1	-0.00098095896587601	0	14
P02	28	8	CS47	R1	0.00544649304948037	0	14
P02	28	9	CS47	R2	-0.0101067132604486	0	14
P02	28	10	CS48	R1	-0.000165964744039446	0	14
P02	28	11	CS48	R2	-0.00133612557689764	0	14
P02	28	12	CS49	R1	0.00424012958628558	0	12
P02	28	13	CS49	R2	-0.01158257203202	0	14
P02	28	14	CS51	R1	-0.00248497419170601	0	14
P02	28	15	CS51	R2	0.00183724636265285	0	12
P02	28	16	CS53	R1	-0.000312634886006263	0	12
P02	28	17	CS53	R2	0.000938729191143299	0	8
P02	28	18	CS54	R1	0.00189069478216203	0	7
P02	28	19	CS54	R2	-0.000689331911457406	0	7
P02	28	20	CS55	R1	-0.00296134001157631	0	14
P02	28	21	CS55	R2	-0.0101861975966749	0	14
P02	28	22	CS56	R1	-0.00774887431040115	0	12
P02	28	23	CS56	R2	-0.00880831224265249	0	12
P02	28	24	CS57	R1	-0.00145089374014392	0	12
P02	28	25	CS57	R2	-0.00195111059303616	0	12
P02	28	26	CS58	R1	-0.00310898096305969	0	7
P02	28	27	CS60	R1	-0.00384175581373785	0	14
P02	28	28	CS62	R1	-0.00446781707957274	0	7
P02	28	29	CS62	R2	0.00187416610653333	0	7
P02	29	1	CS41	R1	0.0022759728010544	0	14
P02	29	2	CS41	R2	0.001309201431651	0	14
P02	29	3	CS42	R1	-0.00114919372947011	0	14
P02	29	4	CS42	R2	0.00162998967391392	0	14
P02	29	5	CS43	R1	-0.0060549752859129	0	14
P02	29	6	CS43	R2	0.00345701738368764	0	14
P02	29	7	CS44	R1	-0.00296047077385814	0	14
P02	29	8	CS47	R1	0.00610045467538723	0	14
P02	29	9	CS47	R2	-0.0137596134098589	0	14
P02	29	10	CS48	R1	-0.00692343396473244	0	14
P02	29	11	CS48	R2	-0.00846377872424119	0	14
P02	29	12	CS49	R1	-0.000256504341958492	0	12
P02	29	13	CS49	R2	0.00884085681604516	0	14
P02	29	14	CS51	R1	-0.00348281425661785	0	14
P02	29	15	CS51	R2	0.00532149469301781	0	12
P02	29	16	CS53	R1	0.00154418107604301	0	12
P02	29	17	CS53	R2	0.0031304827686968	0	8
P02	29	18	CS54	R1	-0.00110265810856573	0	7
P02	29	19	CS54	R2	0.0151392912862793	0	7
P02	29	20	CS55	R1	-0.00756295619362642	0	14
P02	29	21	CS55	R2	-0.00362801818673238	0	14
P02	29	22	CS56	R1	-0.00255909922931592	0	12
P02	29	23	CS56	R2	-0.006987708080522	0	12
P02	29	24	CS57	R1	0.000469100321237965	0	12
P02	29	25	CS57	R2	0.000456597338132387	0	12
P02	29	26	CS58	R1	-0.0109384105744026	0	7
P02	29	27	CS60	R1	0.000655781965042678	0	14
P02	29	28	CS62	R1	-0.00573911740018595	0	7
P02	29	29	CS62	R2	0.00059684024982549	0	7
P02	30	1	CS41	R1	0.004282389151914	0	14
P02	30	2	CS41	R2	0.000242395436828588	0	14
P02	30	3	CS42	R1	-0.00173296534782622	0	14
P02	30	4	CS42	R2	0.00340791838194372	0	14
P02	30	5	CS43	R1	-0.00799801754859046	0	14
P02	30	6	CS43	R2	-0.000518787514094375	0	14
P02	30	7	CS44	R1	-0.00589531167692166	0	14
P02	30	8	CS47	R1	-0.00230730907490216	0	14
P02	30	9	CS47	R2	-0.00325219809419133	0	14
P02	30	10	CS48	R1	0.0101557403084482	0	14
P02	30	11	CS48	R2	0.00263988423473567	0	14
P02	30	12	CS49	R1	0.00258140566535704	0	12
P02	30	13	CS49	R2	0.00134403486036514	0	14
P02	30	14	CS51	R1	0.00313370833819915	0	14
P02	30	15	CS51	R2	0.00494345416562065	0	12
P02	30	16	CS53	R1	0.00214481868039462	0	12
P02	30	17	CS53	R2	-0.00551999446642417	0	8
P02	30	18	CS54	R1	0.00073258264058848	0	7
P02	30	19	CS54	R2	-0.00239738647872048	0	7
P02	30	20	CS55	R1	-0.00626944000308145	0	14
P02	30	21	CS55	R2	0.00468260430891959	0	14
P02	30	22	CS56	R1	-0.00269833118210892	0	12
P02	30	23	CS56	R2	-0.0133680251703623	0	12
P02	30	24	CS57	R1	-0.00412346621923735	0	12
P02	30	25	CS57	R2	-0.00409514287080968	0	12
P02	30	26	CS58	R1	-0.00771405560669632	0	7
P02	30	27	CS60	R1	-0.00958102340391987	0	14
P02	30	28	CS62	R1	-0.0168677674012144	0	7
P02	30	29	CS62	R2	0.00318101309674408	0	7
P02	31	1	CS41	R1	0.00674689582052755	0	14
P02	31	2	CS41	R2	0.000260967674845025	0	14
P02	31	3	CS42	R1	-0.00487374075256899	0	14
P02	31	4	CS42	R2	-0.00731218517799568	0	14
P02	31	5	CS43	R1	-0.0053068676226696	0	14
P02	31	6	CS43	R2	-0.00351451707908296	0	14
P02	31	7	CS44	R1	0.0040923615687935	0	14
P02	31	8	CS47	R1	-0.00100837583013264	0	14
P02	31	9	CS47	R2	0.00129941988791761	0	14
P02	31	10	CS48	R1	-0.0098977527620515	0	14
P02	31	11	CS48	R2	-0.0136330259870702	0	14
P02	31	12	CS49	R1	-0.00584090331007372	0	12
P02	31	13	CS49	R2	-0.00254277332172225	0	14
P02	31	14	CS51	R1	-0.00165855798003238	0	14
P02	31	15	CS51	R2	-0.00591835002410863	0	12
P02	31	16	CS53	R1	-0.00520185848880327	0	12
P02	31	17	CS53	R2	-0.0165492440950467	0	8
P02	31	18	CS54	R1	0.00448225056170871	0	7
P02	31	19	CS54	R2	-0.00849309580378747	0	7
P02	31	20	CS55	R1	0.00410302174817821	0	14
P02	31	21	CS55	R2	-0.00557031302520493	0	14
P02	31	22	CS56	R1	-0.00926283864516553	0	12
P02	31	23	CS56	R2	-0.00197817423613583	0	12
P02	31	24	CS57	R1	0.00117588429001377	0	12
P02	31	25	CS57	R2	0.000951238126007898	0	12
P02	31	26	CS58	R1	0.00397452322052683	0	7
P02	31	27	CS60	R1	-0.00891182457189254	0	14
P02	31	28	CS62	R1	0.00705235248264859	0	7
P02	31	29	CS62	R2	-0.00525008269329782	0	7
P02	32	1	CS41	R1	-0.00449208764300369	0	14
P02	32	2	CS41	R2	0.00941598644775239	0	14
P02	32	3	CS42	R1	0.00823792710387887	0	14
P02	32	4	CS42	R2	-0.00639432962548648	0	14
P02	32	5	CS43	R1	0.00490899663483781	0	14
P02	32	6	CS43	R2	0.00227505640659274	0	14
P02	32	7	CS44	R1	-0.00742209647123512	0	14
P02	32	8	CS47	R1	-0.0003796132096476	0	14
P02	32	9	CS47	R2	-0.00204576120562166	0	14
P02	32	10	CS48	R1	0.00203198884891153	0	14
P02	32	11	CS48	R2	-0.00270651029312625	0	14
P02	32	12	CS49	R1	0.00660300353176297	0	12
P02	32	13	CS49	R2	-0.00485999024144652	0	14
P02	32	14	CS51	R1	-0.0120982457932494	0	14
P02	32	15	CS51	R2	0.00911933888826236	0	12
P02	32	16	CS53	R1	0.000669085110220108	0	12
P02	32	17	CS53	R2	0.0229464492465618	0	8
P02	32	18	CS54	R1	-0.00045918171848743	0	7
P02	32	19	CS54	R2	-0.0166398429309252	0	7
P02	32	20	CS55	R1	0.00497228057481469	0	14
P02	32	21	CS55	R2	-0.00151569971016072	0	14
P02	32	22	CS56	R1	-0.00954327384539575	0	12
P02	32	23	CS56	R2	0.0110675862828891	0	12
P02	32	24	CS57	R1	0.000952599393245924	0	12
P02	32	25	CS57	R2	-0.00599249208072378	0	12
P02	32	26	CS58	R1	-0.0139784956525733	0	7
P02	32	27	CS60	R1	-0.00904028062724543	0	14
P02	32	28	CS62	R1	-0.00365655753551263	0	7
P02	32	29	CS62	R2	-0.00818094044230494	0	7
P02	33	1	CS41	R1	0.0063737701192178	0	14
P02	33	2	CS41	R2	-0.0116288161562038	0	14
P02	33	3	CS42	R1	-0.000147554648793613	0	14
P02	33	4	CS42	R2	-0.0010864782818547	0	14
P02	33	5	CS43	R1	-0.000559973366364142	0	14
P02	33	6	CS43	R2	-0.0061995023558606	0	14
P02	33	7	CS44	R1	0.0058703880394113	0	14
P02	33	8	CS47	R1	-0.0097361952353325	0	14
P02	33	9	CS47	R2	0.000858551343749398	0	14
P02	33	10	CS48	R1	-0.000114817254795399	0	14
P02	33	11	CS48	R2	-0.00331426642967625	0	14
P02	33	12	CS49	R1	-0.0035467164128377	0	12
P02	33	13	CS49	R2	-0.000845495726740333	0	14
P02	33	14	CS51	R1	-0.00114968369805802	0	14
P02	33	15	CS51	R2	0.00182911184280954	0	12
P02	33	16	CS53	R1	0.00623175363919678	0	12
P02	33	17	CS53	R2	0.000294309758197253	0	8
P02	33	18	CS54	R1	0.000100566677389031	0	7
P02	33	19	CS54	R2	-0.00124745626286575	0	7
P02	33	20	CS55	R1	0.00106159521009166	0	14
P02	33	21	CS55	R2	0.00677924071141701	0	14
P02	33	22	CS56	R1	0.00421284090177572	0	12
P02	33	23	CS56	R2	-0.00656159270237072	0	12
P02	33	24	CS57	R1	0.0064307391261296	0	12
P02	33	25	CS57	R2	-0.0138995340251854	0	12
P02	33	26	CS58	R1	-0.00398399843700488	0	7
P02	33	27	CS60	R1	-0.00894599177655424	0	14
P02	33	28	CS62	R1	-0.0150146515723436	0	7
P02	33	29	CS62	R2	-0.0152842399376087	0	7
P02	34	1	CS41	R1	0.0016093399656383	0	14
P02	34	2	CS41	R2	-0.00725992916131636	0	14
P02	34	3	CS42	R1	0.00858233428566546	0	14
P02	34	4	CS42	R2	0.00226639170202296	0	14
P02	34	5	CS43	R1	0.00640965278732084	0	14
P02	34	6	CS43	R2	-0.00393412825572832	0	14
P02	34	7	CS44	R1	0.00952210396501412	0	14
P02	34	8	CS47	R1	0.000170163886837827	0	14
P02	34	9	CS47	R2	0.0140672862301679	0	14
P02	34	10	CS48	R1	0.000640105747339886	0	14
P02	34	11	CS48	R2	-0.000367193929168002	0	14
P02	34	12	CS49	R1	0.000339049186663013	0	12
P02	34	13	CS49	R2	0.00738020854603916	0	14
P02	34	14	CS51	R1	0.00133282642885318	0	14
P02	34	15	CS51	R2	0.000946295609968183	0	12
P02	34	16	CS53	R1	-0.00213558204457194	0	12
P02	34	17	CS53	R2	0.00176760416811056	0	8
P02	34	18	CS54	R1	-0.0101358108787447	0	7
P02	34	19	CS54	R2	0.0112498967832093	0	7
P02	34	20	CS55	R1	0.0116455324712929	0	14
P02	34	21	CS55	R2	0.00218020748353791	0	14
P02	34	22	CS56	R1	-0.00623598893427539	0	12
P02	34	23	CS56	R2	-0.00982828782689333	0	12
P02	34	24	CS57	R1	0.00195859851616521	0	12
P02	34	25	CS57	R2	0.00405166201319153	0	12
P02	34	26	CS58	R1	0.00575797079141831	0	7
P02	34	27	CS60	R1	-0.00107066538353375	0	14
P02	34	28	CS62	R1	-0.00534500796755681	0	7
P02	34	29	CS62	R2	0.00349330549885118	0	7
P02	35	1	CS41	R1	0.0119595040368768	0	14
P02	35	2	CS41	R2	0.00581809464489205	0	14
P02	35	3	CS42	R1	0.00285216056143782	0	14
P02	35	4	CS42	R2	0.00521959193484705	0	14
P02	35	5	CS43	R1	-0.00727888445148188	0	14
P02	35	6	CS43	R2	0.00663645599631441	0	14
P02	35	7	CS44	R1	0.00960336923537397	0	14
P02	35	8	CS47	R1	-0.00974813427113886	0	14
P02	35	9	CS47	R2	-0.000120654811894755	0	14
P02	35	10	CS48	R1	0.000287865410929115	0	14
P02	35	11	CS48	R2	0.00511054739681065	0	14
P02	35	12	CS49	R1	0.00340868653302466	0	12
P02	35	13	CS49	R2	-0.0123017029562036	0	14
P02	35	14	CS51	R1	0.00490854088183429	0	14
P02	35	15	CS51	R2	0.0191264740529	0	12
P02	35	16	CS53	R1	-0.00366080882405092	0	12
P02	35	17	CS53	R2	-0.000720252201961591	0	8
P02	35	18	CS54	R1	0.00596351976099876	0	7
P02	35	19	CS54	R2	-0.000529552440033912	0	7
P02	35	20	CS55	R1	0.0147271440465329	0	14
P02	35	21	CS55	R2	-0.00313877819090756	0	14
P02	35	22	CS56	R1	0.00230893800615285	0	12
P02	35	23	CS56	R2	0.0120391795689949	0	12
P02	35	24	CS57	R1	-0.00753899662238411	0	12
P02	35	25	CS57	R2	0.0122204203659265	0	12
P02	35	26	CS58	R1	0.0123210467369961	0	7
P02	35	27	CS60	R1	-0.0038135648462484	0	14
P02	35	28	CS62	R1	0.000883953735979971	0	7
P02	35	29	CS62	R2	-0.000772063969646822	0	7
P02	36	1	CS41	R1	-0.00346965536365699	0	14
P02	36	2	CS41	R2	-0.00540491953655096	0	14
P02	36	3	CS42	R1	-0.00105026350578432	0	14
P02	36	4	CS42	R2	0.00571156993754633	0	14
P02	36	5	CS43	R1	0.00950799742493653	0	14
P02	36	6	CS43	R2	0.00422631094367532	0	14
P02	36	7	CS44	R1	0.013547544926159	0	14
P02	36	8	CS47	R1	-0.0041010960950075	0	14
P02	36	9	CS47	R2	-0.00393773617677862	0	14
P02	36	10	CS48	R1	0.000125075686042621	0	14
P02	36	11	CS48	R2	0.00615044246300863	0	14
P02	36	12	CS49	R1	0.00860056799047607	0	12
P02	36	13	CS49	R2	0.00291963391840416	0	14
P02	36	14	CS51	R1	-0.00216593043247882	0	14
P02	36	15	CS51	R2	0.00143639482663682	0	12
P02	36	16	CS53	R1	0.00214829280185993	0	12
P02	36	17	CS53	R2	0.00704204198192384	0	8
P02	36	18	CS54	R1	0.00118115804653611	0	7
P02	36	19	CS54	R2	-0.000304625110490041	0	7
P02	36	20	CS55	R1	-0.00210568051155494	0	14
P02	36	21	CS55	R2	-0.00431711147421167	0	14
P02	36	22	CS56	R1	0.00105446206956426	0	12
P02	36	23	CS56	R2	0.013807714341995	0	12
P02	36	24	CS57	R1	-0.00657715460436074	0	12
P02	36	25	CS57	R2	-0.00323321271762262	0	12
P02	36	26	CS58	R1	0.0141561000517823	0	7
P02	36	27	CS60	R1	0.00526271843876654	0	14
P02	36	28	CS62	R1	-0.00308455221252961	0	7
P02	36	29	CS62	R2	-0.00853204978766031	0	7
P02	37	1	CS41	R1	-0.00653263346782416	0	14
P02	37	2	CS41	R2	0.00163523891546992	0	14
P02	37	3	CS42	R1	0.00531017876784857	0	14
P02	37	4	CS42	R2	-0.00277533858579918	0	14
P02	37	5	CS43	R1	-0.00173103501194636	0	14
P02	37	6	CS43	R2	-0.00404218901850886	0	14
P02	37	7	CS44	R1	0.0069175271869402	0	14
P02	37	8	CS47	R1	0.00179498772570613	0	14
P02	37	9	CS47	R2	0.00203316455426954	0	14
P02	37	10	CS48	R1	0.00593042832069589	0	14
P02	37	11	CS48	R2	-0.00454392078706062	0	14
P02	37	12	CS49	R1	0.00342572086976981	0	12
P02	37	13	CS49	R2	0.00137092656411842	0	14
P02	37	14	CS51	R1	0.000957222179238306	0	14
P02	37	15	CS51	R2	-0.00667307234672297	0	12
P02	37	16	CS53	R1	-0.00775724587466691	0	12
P02	37	17	CS53	R2	-0.008435276144188	0	8
P02	37	18	CS54	R1	0.00487661111783252	0	7
P02	37	19	CS54	R2	-3.54003090197985e-05	0	7
P02	37	20	CS55	R1	-0.00406309182947586	0	14
P02	37	21	CS55	R2	0.00518560941164802	0	14
P02	37	22	CS56	R1	0.00956403148809698	0	12
P02	37	23	CS56	R2	0.00242264080960711	0	12
P02	37	24	CS57	R1	-0.00385088013180087	0	12
P02	37	25	CS57	R2	0.00796001087538812	0	12
P02	37	26	CS58	R1	0.00561668406356667	0	7
P02	37	27	CS60	R1	-0.00414932545428767	0	14
P02	37	28	CS62	R1	0.00655228418871702	0	7
P02	37	29	CS62	R2	-0.00725658608573111	0	7
P02	38	1	CS41	R1	0.00880982786154824	0	14
P02	38	2	CS41	R2	0.00334697546970412	0	14
P02	38	3	CS42	R1	-0.0058443509203658	0	14
P02	38	4	CS42	R2	-0.00702617058400308	0	14
P02	38	5	CS43	R1	-0.0010261073535636	0	14
P02	38	6	CS43	R2	-0.000677965041910533	0	14
P02	38	7	CS44	R1	0.00846787118257256	0	14
P02	38	8	CS47	R1	0.00759513379039427	0	14
P02	38	9	CS47	R2	0.0080991170501026	0	14
P02	38	10	CS48	R1	0.0117902852813174	0	14
P02	38	11	CS48	R2	0.00225977748130723	0	14
P02	38	12	CS49	R1	-0.000231490840931588	0	12
P02	38	13	CS49	R2	0.00210149078250567	0	14
P02	38	14	CS51	R1	0.00521082639045992	0	14
P02	38	15	CS51	R2	-0.00847007942721223	0	12
P02	38	16	CS53	R1	0.00066755155695069	0	12
P02	38	17	CS53	R2	0.00672608336164481	0	8
P02	38	18	CS54	R1	0.00392509890903138	0	7
P02	38	19	CS54	R2	-0.00854006801428164	0	7
P02	38	20	CS55	R1	-0.00412465043123351	0	14
P02	38	21	CS55	R2	-0.00126255159665103	0	14
P02	38	22	CS56	R1	-0.00844571260106905	0	12
P02	38	23	CS56	R2	-0.00402753537367502	0	12
P02	38	24	CS57	R1	0.00808342727819457	0	12
P02	38	25	CS57	R2	0.010492666313076	0	12
P02	38	26	CS58	R1	-0.00904635217125488	0	7
P02	38	27	CS60	R1	-0.00634570165891208	0	14
P02	38	28	CS62	R1	-0.00653100470999294	0	7
P02	38	29	CS62	R2	0.00148135219958543	0	7
P02	39	1	CS41	R1	-0.000391373429130176	0	14
P02	39	2	CS41	R2	0.00141141889761293	0	14
P02	39	3	CS42	R1	0.00102387214843086	0	14
P02	39	4	CS42	R2	-6.89457695115361e-05	0	14
P02	39	5	CS43	R1	0.00625620598636449	0	14
P02	39	6	CS43	R2	-0.00258650150999575	0	14
P02	39	7	CS44	R1	-0.00209220154305681	0	14
P02	39	8	CS47	R1	0.0113392069868834	0	14
P02	39	9	CS47	R2	-0.00497670013374938	0	14
P02	39	10	CS48	R1	-0.00889986840587184	0	14
P02	39	11	CS48	R2	-0.000841735413672321	0	14
P02	39	12	CS49	R1	-0.00306642948059722	0	12
P02	39	13	CS49	R2	0.000517260345762083	0	14
P02	39	14	CS51	R1	-0.00116618414698608	0	14
P02	39	15	CS51	R2	-0.0153621978026521	0	12
P02	39	16	CS53	R1	-0.00927906513313975	0	12
P02	39	17	CS53	R2	-0.0101241367603597	0	8
P02	39	18	CS54	R1	0.00510402894269567	0	7
P02	39	19	CS54	R2	0.00438245542431636	0	7
P02	39	20	CS55	R1	0.00624827628665012	0	14
P02	39	21	CS55	R2	-0.00291317651153417	0	14
P02	39	22	CS56	R1	0.00600400728393279	0	12
P02	39	23	CS56	R2	0.000899720019221036	0	12
P02	39	24	CS57	R1	-0.00139106715748131	0	12
P02	39	25	CS57	R2	0.00392319913513162	0	12
P02	39	26	CS58	R1	-0.00903381277128758	0	7
P02	39	27	CS60	R1	-0.0108564919221986	0	14
P02	39	28	CS62	R1	0.0204663415454647	0	7
P02	39	29	CS62	R2	0.000661622695385713	0	7
P02	40	1	CS41	R1	0.00573335616644062	0	14
P02	40	2	CS41	R2	-0.00443297272636532	0	14
P02	40	3	CS42	R1	-0.00403836943373414	0	14
P02	40	4	CS42	R2	-0.00249442492644019	0	14
P02	40	5	CS43	R1	-0.0101432168265149	0	14
P02	40	6	CS43	R2	0.00786420578645447	0	14
P02	40	7	CS44	R1	-0.00755212993782761	0	14
P02	40	8	CS47	R1	-0.0022498293801898	0	14
P02	40	9	CS47	R2	0.00480674791260259	0	14
P02	40	10	CS48	R1	-0.0051422557218833	0	14
P02	40	11	CS48	R2	-0.0117325609998524	0	14
P02	40	12	CS49	R1	-0.00420870305345048	0	12
P02	40	13	CS49	R2	-0.00424540072908075	0	14
P02	40	14	CS51	R1	-0.000461708919340924	0	14
P02	40	15	CS51	R2	0.00437393167676834	0	12
P02	40	16	CS53	R1	-0.00261655006233158	0	12
P02	40	17	CS53	R2	0.00138646993409971	0	8
P02	40	18	CS54	R1	0.00149230575578853	0	7
P02	40	19	CS54	R2	-0.00293676429203156	0	7
P02	40	20	CS55	R1	-0.000914647071100725	0	14
P02	40	21	CS55	R2	-0.000405013175641372	0	14
P02	40	22	CS56	R1	-0.00191198260208983	0	12
P02	40	23	CS56	R2	0.0021568525838174	0	12
P02	40	24	CS57	R1	-0.00229594197439987	0	12
P02	40	25	CS57	R2	-0.00732768964658507	0	12
P02	40	26	CS58	R1	-0.0178189392576758	0	7
P02	40	27	CS60	R1	0.00449373447491802	0	14
P02	40	28	CS62	R1	0.0174743858674574	0	7
P02	40	29	CS62	R2	0.00959670584000474	0	7
P02	41	1	CS41	R1	-0.00381563183828575	0	14
P02	41	2	CS41	R2	0.0110801630708564	0	14
P02	41	3	CS42	R1	-2.73812367807039e-06	0	14
P02	41	4	CS42	R2	0.0040406465934216	0	14
P02	41	5	CS43	R1	-0.00625506137805812	0	14
P02	41	6	CS43	R2	0.00452154332749427	0	14
P02	41	7	CS44	R1	-0.00328794296455992	0	14
P02	41	8	CS47	R1	-0.00130122406709865	0	14
P02	41	9	CS47	R2	-0.00720978159026363	0	14
P02	41	10	CS48	R1	0.0047416942447349	0	14
P02	41	11	CS48	R2	0.00274890282425317	0	14
P02	41	12	CS49	R1	0.00322503258818428	0	12
P02	41	13	CS49	R2	0.00609216679912643	0	14
P02	41	14	CS51	R1	0.00147704604841164	0	14
P02	41	15	CS51	R2	-0.00211882025100496	0	12
P02	41	16	CS53	R1	-0.001637055280563	0	12
P02	41	17	CS53	R2	-0.00029823330424655	0	8
P02	41	18	CS54	R1	-0.000799130587947518	0	7
P02	41	19	CS54	R2	0.00520715951499153	0	7
P02	41	20	CS55	R1	-0.0133772887660948	0	14
P02	41	21	CS55	R2	-0.00227709403366292	0	14
P02	41	22	CS56	R1	-0.0022157465341733	0	12
P02	41	23	CS56	R2	0.00691006080231923	0	12
P02	41	24	CS57	R1	0.00350906616659725	0	12
P02	41	25	CS57	R2	-0.00909531154189967	0	12
P02	41	26	CS58	R1	0.00938268015048832	0	7
P02	41	27	CS60	R1	0.00115350555787657	0	14
P02	41	28	CS62	R1	0.00593207270719593	0	7
P02	41	29	CS62	R2	-0.0033752675005767	0	7
P02	42	1	CS41	R1	-0.00174038788993278	0	14
P02	42	2	CS41	R2	-0.00578152102601195	0	14
P02	42	3	CS42	R1	0.000580670675741254	0	14
P02	42	4	CS42	R2	-0.000789803108752868	0	14
P02	42	5	CS43	R1	0.00918958059047075	0	14
P02	42	6	CS43	R2	-0.000708679222782167	0	14
P02	42	7	CS44	R1	-0.00182081747047455	0	14
P02	42	8	CS47	R1	-0.00249151411517514	0	14
P02	42	9	CS47	R2	0.0169819337434539	0	14
P02	42	10	CS48	R1	0.0059160737872663	0	14
P02	42	11	CS48	R2	-0.00666096515831022	0	14
P02	42	12	CS49	R1	-0.00445663064024648	0	12
P02	42	13	CS49	R2	-0.000150779083262907	0	14
P02	42	14	CS51	R1	-0.00156615788545612	0	14
P02	42	15	CS51	R2	-0.00572495948646519	0	12
P02	42	16	CS53	R1	-0.00246009039270772	0	12
P02	42	17	CS53	R2	0.00685015317488412	0	8
P02	42	18	CS54	R1	0.00719054706637704	0	7
P02	42	19	CS54	R2	-0.0109658999722801	0	7
P02	42	20	CS55	R1	0.00549298446146613	0	14
P02	42	21	CS55	R2	0.00311303111064703	0	14
P02	42	22	CS56	R1	0.00578739656583632	0	12
P02	42	23	CS56	R2	-0.00603315964993922	0	12
P02	42	24	CS57	R1	-0.00871240881040124	0	12
P02	42	25	CS57	R2	-0.00590075808741076	0	12
P02	42	26	CS58	R1	-0.0139963472660731	0	7
P02	42	27	CS60	R1	-0.00262906939243321	0	14
P02	42	28	CS62	R1	-0.00928359707706618	0	7
P02	42	29	CS62	R2	-0.0034191542333068	0	7
P02	43	1	CS41	R1	-0.000185889831079345	0	14
P02	43	2	CS41	R2	-0.00134547685303706	0	14
P02	43	3	CS42	R1	0.00746340635155503	0	14
P02	43	4	CS42	R2	0.00131091736918108	0	14
P02	43	5	CS43	R1	-0.00435663477505049	0	14
P02	43	6	CS43	R2	-0.0116897339528006	0	14
P02	43	7	CS44	R1	0.0104614883980539	0	14
P02	43	8	CS47	R1	0.00342455591917253	0	14
P02	43	9	CS47	R2	-0.00133205303280342	0	14
P02	43	10	CS48	R1	-0.00363381680112185	0	14
P02	43	11	CS48	R2	0.000297486498963798	0	14
P02	43	12	CS49	R1	-0.00204549112705274	0	12
P02	43	13	CS49	R2	0.000367212827470272	0	14
P02	43	14	CS51	R1	-0.00516228257084099	0	14
P02	43	15	CS51	R2	-0.000452180530126022	0	12
P02	43	16	CS53	R1	0.00190515549469737	0	12
P02	43	17	CS53	R2	0.00681979345282952	0	8
P02	43	18	CS54	R1	-0.00227123341425875	0	7
P02	43	19	CS54	R2	-0.0101483990214991	0	7
P02	43	20	CS55	R1	0.00638665751511925	0	14
P02	43	21	CS55	R2	-0.00417195711038507	0	14
P02	43	22	CS56	R1	-0.00583157615164513	0	12
P02	43	23	CS56	R2	-0.00800143138439864	0	12
P02	43	24	CS57	R1	-0.00184988071624592	0	12
P02	43	25	CS57	R2	-0.00697329822977191	0	12
P02	43	26	CS58	R1	-0.0184072592027651	0	7
P02	43	27	CS60	R1	0.0029790710996051	0	14
P02	43	28	CS62	R1	-0.00473205924786865	0	7
P02	43	29	CS62	R2	-0.00483580445874855	0	7
P02	44	1	CS41	R1	-0.0132083163132426	0	14
P02	44	2	CS41	R2	-0.00681092994323833	0	14
P02	44	3	CS42	R1	0.00300053563387919	0	14
P02	44	4	CS42	R2	0.00290273772636721	0	14
P02	44	5	CS43	R1	-0.0051327152511131	0	14
P02	44	6	CS43	R2	0.00301995398350281	0	14
P02	44	7	CS44	R1	-0.00592148456114405	0	14
P02	44	8	CS47	R1	-0.00471402152308334	0	14
P02	44	9	CS47	R2	-0.00366402249787855	0	14
P02	44	10	CS48	R1	-0.00622999954704644	0	14
P02	44	11	CS48	R2	0.00347127880532211	0	14
P02	44	12	CS49	R1	-0.00539513172320655	0	12
P02	44	13	CS49	R2	0.00214966392713127	0	14
P02	44	14	CS51	R1	0.00223733570359048	0	14
P02	44	15	CS51	R2	-0.00519765489841063	0	12
P02	44	16	CS53	R1	-0.00255363664887251	0	12
P02	44	17	CS53	R2	0.0081347575849768	0	8
P02	44	18	CS54	R1	-0.00613690248220445	0	7
P02	44	19	CS54	R2	0.0061878833023342	0	7
P02	44	20	CS55	R1	0.00165827683069481	0	14
P02	44	21	CS55	R2	-0.00753023059854311	0	14
P02	44	22	CS56	R1	-0.0096258068186069	0	12
P02	44	23	CS56	R2	-0.0054891297485261	0	12
P02	44	24	CS57	R1	-0.00496340045315599	0	12
P02	44	25	CS57	R2	0.00867389035843608	0	12
P02	44	26	CS58	R1	-0.0028482776104694	0	7
P02	44	27	CS60	R1	-0.000122583780883393	0	14
P02	44	28	CS62	R1	-0.00662105716590037	0	7
P02	44	29	CS62	R2	0.0268121140807457	0	7
P02	45	1	CS41	R1	-0.00822729221156992	0	14
P02	45	2	CS41	R2	-0.00260910218367647	0	14
P02	45	3	CS42	R1	0.00660540634859383	0	14
P02	45	4	CS42	R2	0.00368401066885431	0	14
P02	45	5	CS43	R1	-0.0146784937295709	0	14
P02	45	6	CS43	R2	0.000780356268672795	0	14
P02	45	7	CS44	R1	0.00672839635134829	0	14
P02	45	8	CS47	R1	-0.0116103953757459	0	14
P02	45	9	CS47	R2	0.00644232837384351	0	14
P02	45	10	CS48	R1	-0.0107811474701951	0	14
P02	45	11	CS48	R2	-0.00630646090885526	0	14
P02	45	12	CS49	R1	-0.00765957882424072	0	12
P02	45	13	CS49	R2	-0.00868247230803989	0	14
P02	45	14	CS51	R1	-0.00479774296909763	0	14
P02	45	15	CS51	R2	-0.000157223598165324	0	12
P02	45	16	CS53	R1	0.00153780476074275	0	12
P02	45	17	CS53	R2	-0.00261781323955725	0	8
P02	45	18	CS54	R1	-0.00565494098497633	0	7
P02	45	19	CS54	R2	0.00919910033603386	0	7
P02	45	20	CS55	R1	-0.00146822543291183	0	14
P02	45	21	CS55	R2	-0.00133470876333562	0	14
P02	45	22	CS56	R1	-0.0104444673356842	0	12
P02	45	23	CS56	R2	0.00123558488647348	0	12
P02	45	24	CS57	R1	0.00266199761966907	0	12
P02	45	25	CS57	R2	-0.00559088620470968	0	12
P02	45	26	CS58	R1	0.00488116805874474	0	7
P02	45	27	CS60	R1	0.0147398123666491	0	14
P02	45	28	CS62	R1	0.0116727938521428	0	7
P02	45	29	CS62	R2	-0.013248514505991	0	7
P02	46	1	CS41	R1	-0.00468708684247608	0	14
P02	46	2	CS41	R2	-0.00182898525694085	0	14
P02	46	3	CS42	R1	0.0010754690212151	0	14
P02	46	4	CS42	R2	0.00273726844620055	0	14
P02	46	5	CS43	R1	-0.00523707181671781	0	14
P02	46	6	CS43	R2	-0.00995520153340325	0	14
P02	46	7	CS44	R1	0.0013454542004335	0	14
P02	46	8	CS47	R1	0.00108662483503731	0	14
P02	46	9	CS47	R2	-0.0154078136063099	0	14
P02	46	10	CS48	R1	-0.0125658502640289	0	14
P02	46	11	CS48	R2	-0.00204940842889851	0	14
P02	46	12	CS49	R1	-0.00509123566979758	0	12
P02	46	13	CS49	R2	-0.00700951069517233	0	14
P02	46	14	CS51	R1	-0.00937907117222607	0	14
P02	46	15	CS51	R2	-0.00283290233155925	0	12
P02	46	16	CS53	R1	-0.00378358691534358	0	12
P02	46	17	CS53	R2	-0.00688233253603765	0	8
P02	46	18	CS54	R1	0.0137381440819057	0	7
P02	46	19	CS54	R2	-0.000881132682232515	0	7
P02	46	20	CS55	R1	0.00377345727049693	0	14
P02	46	21	CS55	R2	0.00386780553733962	0	14
P02	46	22	CS56	R1	0.00218231750878533	0	12
P02	46	23	CS56	R2	0.000106259126861008	0	12
P02	46	24	CS57	R1	-0.00588340872780557	0	12
P02	46	25	CS57	R2	-0.00529897760145185	0	12
P02	46	26	CS58	R1	-0.00878557170129574	0	7
P02	46	27	CS60	R1	-0.00209526486311306	0	14
P02	46	28	CS62	R1	-0.0070731437740837	0	7
P02	46	29	CS62	R2	0.00990692927347043	0	7
P02	47	1	CS41	R1	-0.000515779677225141	0	14
P02	47	2	CS41	R2	-0.00120925786161719	0	14
P02	47	3	CS42	R1	0.00122091710556297	0	14
P02	47	4	CS42	R2	0.000510932646027759	0	14
P02	47	5	CS43	R1	0.00809340121291379	0	14
P02	47	6	CS43	R2	-0.00133881837497608	0	14
P02	47	7	CS44	R1	-0.0143214976260667	0	14
P02	47	8	CS47	R1	0.000796765994170331	0	14
P02	47	9	CS47	R2	-0.00931250396704585	0	14
P02	47	10	CS48	R1	-0.00609223620645542	0	14
P02	47	11	CS48	R2	-0.0111207356640196	0	14
P02	47	12	CS49	R1	0.00472484428263557	0	12
P02	47	13	CS49	R2	-0.00574008939901045	0	14
P02	47	14	CS51	R1	-0.00136961610898411	0	14
P02	47	15	CS51	R2	0.00127899562208828	0	12
P02	47	16	CS53	R1	0.00252483416119667	0	12
P02	47	17	CS53	R2	0.0041008421890007	0	8
P02	47	18	CS54	R1	0.00173927206830186	0	7
P02	47	19	CS54	R2	0.00811036947393584	0	7
P02	47	20	CS55	R1	-0.00509654481413131	0	14
P02	47	21	CS55	R2	0.000360694067858902	0	14
P02	47	22	CS56	R1	-0.0118885197803374	0	12
P02	47	23	CS56	R2	0.00645542808576948	0	12
P02	47	24	CS57	R1	-0.0125669121627491	0	12
P02	47	25	CS57	R2	-0.00261647285089903	0	12
P02	47	26	CS58	R1	0.00244156688853755	0	7
P02	47	27	CS60	R1	-0.00303013920488848	0	14
P02	47	28	CS62	R1	0.00234345219544058	0	7
P02	47	29	CS62	R2	-0.000297057624552562	0	7
P02	48	1	CS41	R1	0.0073687523073232	0	14
P02	48	2	CS41	R2	0.00337940848990913	0	14
P02	48	3	CS42	R1	-0.00871407428287868	0	14
P02	48	4	CS42	R2	-0.000688160503926477	0	14
P02	48	5	CS43	R1	-0.000424880708267595	0	14
P02	48	6	CS43	R2	-0.00298209205170685	0	14
P02	48	7	CS44	R1	-0.00790801785439429	0	14
P02	48	8	CS47	R1	-0.00526330306717348	0	14
P02	48	9	CS47	R2	0.000443015262019723	0	14
P02	48	10	CS48	R1	0.00361939228296714	0	14
P02	48	11	CS48	R2	0.00603366428234509	0	14
P02	48	12	CS49	R1	-0.00666526370191618	0	12
P02	48	13	CS49	R2	-0.00575983619611518	0	14
P02	48	14	CS51	R1	-0.00834940337727339	0	14
P02	48	15	CS51	R2	0.00900495902650706	0	12
P02	48	16	CS53	R1	0.00704930185333632	0	12
P02	48	17	CS53	R2	0.00847037639067968	0	8
P02	48	18	CS54	R1	0.0116443095255817	0	7
P02	48	19	CS54	R2	-0.01285877472271	0	7
P02	48	20	CS55	R1	-0.0193832299604018	0	14
P02	48	21	CS55	R2	0.00334758160841165	0	14
P02	48	22	CS56	R1	0.00284771677962749	0	12
P02	48	23	CS56	R2	0.00141060401376036	0	12
P02	48	24	CS57	R1	0.00411892806073929	0	12
P02	48	25	CS57	R2	0.00193055337535302	0	12
P02	48	26	CS58	R1	0.00183503181852632	0	7
P02	48	27	CS60	R1	-0.00765670421523118	0	14
P02	48	28	CS62	R1	0.000951308530067231	0	7
P02	48	29	CS62	R2	-0.0052711864259795	0	7
P02	49	1	CS41	R1	0.00044957981667367	0	14
P02	49	2	CS41	R2	-0.0140957801286605	0	14
P02	49	3	CS42	R1	-0.0028533481268723	0	14
P02	49	4	CS42	R2	0.00377742397593881	0	14
P02	49	5	CS43	R1	-0.00316769454653684	0	14
P02	49	6	CS43	R2	0.003404974899452	0	14
P02	49	7	CS44	R1	0.00528144330405255	0	14
P02	49	8	CS47	R1	0.0032932427856962	0	14
P02	49	9	CS47	R2	-0.0106864823106819	0	14
P02	49	10	CS48	R1	0.00470781902693015	0	14
P02	49	11	CS48	R2	-0.00169776699345683	0	14
P02	49	12	CS49	R1	0.00272713685573097	0	12
P02	49	13	CS49	R2	-0.00251149246416682	0	14
P02	49	14	CS51	R1	0.000398886948888197	0	14
P02	49	15	CS51	R2	-0.00867721595304846	0	12
P02	49	16	CS53	R1	-6.81976957383004e-05	0	12
P02	49	17	CS53	R2	-0.00618213960561557	0	8
P02	49	18	CS54	R1	0.0092056871579278	0	7
P02	49	19	CS54	R2	9.73929168513377e-05	0	7
P02	49	20	CS55	R1	0.00316957531606034	0	14
P02	49	21	CS55	R2	-0.00117849917818229	0	14
P02	49	22	CS56	R1	-0.00672934111675712	0	12
P02	49	23	CS56	R2	-0.0107721657404269	0	12
P02	49	24	CS57	R1	-0.00625945911886867	0	12
P02	49	25	CS57	R2	0.016056698397393	0	12
P02	49	26	CS58	R1	0.00462324324629453	0	7
P02	49	27	CS60	R1	-0.00699201536104166	0	14
P02	49	28	CS62	R1	0.00608230615514746	0	7
P02	49	29	CS62	R2	0.0110181948791388	0	7
P02	50	1	CS41	R1	0.006314165459097	0	14
P02	50	2	CS41	R2	-0.00704475801293738	0	14
P02	50	3	CS42	R1	-0.000388940919041063	0	14
P02	50	4	CS42	R2	0.000433420922189416	0	14
P02	50	5	CS43	R1	0.00257042744420707	0	14
P02	50	6	CS43	R2	-0.00287206758455845	0	14
P02	50	7	CS44	R1	-0.00164482813177774	0	14
P02	50	8	CS47	R1	-0.000846296249527248	0	14
P02	50	9	CS47	R2	-0.00310876246620314	0	14
P02	50	10	CS48	R1	0.0038456025141819	0	14
P02	50	11	CS48	R2	0.00181830251853072	0	14
P02	50	12	CS49	R1	0.00299908163598298	0	12
P02	50	13	CS49	R2	0.00193033771905077	0	14
P02	50	14	CS51	R1	-0.00203302095964564	0	14
P02	50	15	CS51	R2	-0.0111381269646475	0	12
P02	50	16	CS53	R1	-0.000199885111399825	0	12
P02	50	17	CS53	R2	0.00335042077964411	0	8
P02	50	18	CS54	R1	0.000808122070271772	0	7
P02	50	19	CS54	R2	0.00710936299769823	0	7
P02	50	20	CS55	R1	0.00179754230165375	0	14
P02	50	21	CS55	R2	-0.00157413014131777	0	14
P02	50	22	CS56	R1	-0.00671434482489848	0	12
P02	50	23	CS56	R2	0.0122389016485005	0	12
P02	50	24	CS57	R1	0.00643902712207421	0	12
P02	50	25	CS57	R2	0.00121323785606906	0	12
P02	50	26	CS58	R1	-0.00367714059359096	0	7
P02	50	27	CS60	R1	-0.00285098120635061	0	14
P02	50	28	CS62	R1	0.00740910366196041	0	7
P02	50	29	CS62	R2	-0.00610500608169194	0	7
P02	51	1	CS41	R1	0.00933168281325196	0	14
P02	51	2	CS41	R2	0.00113928328585831	0	14
P02	51	3	CS42	R1	-0.00210100826916048	0	14
P02	51	4	CS42	R2	0.00166848125567378	0	14
P02	51	5	CS43	R1	0.00559807458182268	0	14
P02	51	6	CS43	R2	0.00142211260420296	0	14
P02	51	7	CS44	R1	0.00307503446866292	0	14
P02	51	8	CS47	R1	-0.00527991554285944	0	14
P02	51	9	CS47	R2	0.000265017201071719	0	14
P02	51	10	CS48	R1	-0.00220444476046786	0	14
P02	51	11	CS48	R2	-0.00180413978571182	0	14
P02	51	12	CS49	R1	0.000630729437753984	0	12
P02	51	13	CS49	R2	0.00439309558833433	0	14
P02	51	14	CS51	R1	-0.00360825748016563	0	14
P02	51	15	CS51	R2	0.00840910718807365	0	12
P02	51	16	CS53	R1	-0.00720081489280783	0	12
P02	51	17	CS53	R2	-0.00642468199751006	0	8
P02	51	18	CS54	R1	-0.0113829647348114	0	7
P02	51	19	CS54	R2	5.59386144595399e-05	0	7
P02	51	20	CS55	R1	-0.000130313665458649	0	14
P02	51	21	CS55	R2	0.000515425226402975	0	14
P02	51	22	CS56	R1	-0.00827151562572997	0	12
P02	51	23	CS56	R2	-0.0068010727927135	0	12
P02	51	24	CS57	R1	-0.00991391778924012	0	12
P02	51	25	CS57	R2	0.0011243747146048	0	12
P02	51	26	CS58	R1	0.00279711364615267	0	7
P02	51	27	CS60	R1	-0.00826932233843452	0	14
P02	51	28	CS62	R1	0.0163714416738387	0	7
P02	51	29	CS62	R2	-0.00312053849802576	0	7
P02	52	1	CS41	R1	0.006300237703039	0	14
P02	52	2	CS41	R2	-0.00639810960196059	0	14
P02	52	3	CS42	R1	-0.0114524072915821	0	14
P02	52	4	CS42	R2	0.00410957723019657	0	14
P02	52	5	CS43	R1	-0.00237176116774244	0	14
P02	52	6	CS43	R2	0.00249591892000821	0	14
P02	52	7	CS44	R1	-0.00310946059309393	0	14
P02	52	8	CS47	R1	-0.00481968613668452	0	14
P02	52	9	CS47	R2	0.00498414487427309	0	14
P02	52	10	CS48	R1	-0.00143110910319024	0	14
P02	52	11	CS48	R2	0.000771666921216602	0	14
P02	52	12	CS49	R1	0.00696156989912131	0	12
P02	52	13	CS49	R2	0.00767218942916413	0	14
P02	52	14	CS51	R1	-0.00225457584167218	0	14
P02	52	15	CS51	R2	-0.00303637294073754	0	12
P02	52	16	CS53	R1	0.00870219335766684	0	12
P02	52	17	CS53	R2	-0.00905862963402333	0	8
P02	52	18	CS54	R1	-0.00787199750949959	0	7
P02	52	19	CS54	R2	-0.000965108092505722	0	7
P02	52	20	CS55	R1	-0.0055232508122663	0	14
P02	52	21	CS55	R2	-0.00264636164226944	0	14
P02	52	22	CS56	R1	0.0134988926458162	0	12
P02	52	23	CS56	R2	-0.00160124900314481	0	12
P02	52	24	CS57	R1	-0.000518686926391141	0	12
P02	52	25	CS57	R2	0.0102084673936518	0	12
P02	52	26	CS58	R1	0.00305216295501227	0	7
P02	52	27	CS60	R1	0.0053505511661611	0	14
P02	52	28	CS62	R1	0.016863050508158	0	7
P02	52	29	CS62	R2	-0.00048976340196149	0	7
P02	53	1	CS41	R1	0.00575383056905017	0	14
P02	53	2	CS41	R2	-0.00724396250489379	0	14
P02	53	3	CS42	R1	-0.00536326649221691	0	14
P02	53	4	CS42	R2	0.00160026093168345	0	14
P02	53	5	CS43	R1	-0.00159396059822132	0	14
P02	53	6	CS43	R2	-0.00218956643057	0	14
P02	53	7	CS44	R1	-0.00610303752496637	0	14
P02	53	8	CS47	R1	-0.00268752248234649	0	14
P02	53	9	CS47	R2	-0.00687006578911458	0	14
P02	53	10	CS48	R1	0.00204785520739999	0	14
P02	53	11	CS48	R2	0.00832824922606346	0	14
P02	53	12	CS49	R1	-0.00189189163847231	0	12
P02	53	13	CS49	R2	-0.012557693708189	0	14
P02	53	14	CS51	R1	0.00573880517778315	0	14
P02	53	15	CS51	R2	-0.0027341521291713	0	12
P02	53	16	CS53	R1	-0.00531419736765301	0	12
P02	53	17	CS53	R2	0.0016569350578348	0	8
P02	53	18	CS54	R1	-0.00368693768118485	0	7
P02	53	19	CS54	R2	0.0074853375887194	0	7
P02	53	20	CS55	R1	0.00809236863310763	0	14
P02	53	21	CS55	R2	0.000446865614172694	0	14
P02	53	22	CS56	R1	0.00560720445954931	0	12
P02	53	23	CS56	R2	-0.00297635179002396	0	12
P02	53	24	CS57	R1	-0.00836897120267274	0	12
P02	53	25	CS57	R2	0.00143823173565231	0	12
P02	53	26	CS58	R1	0.00076066268205947	0	7
P02	53	27	CS60	R1	0.000343831957179941	0	14
P02	53	28	CS62	R1	-0.0133317965875116	0	7
P02	53	29	CS62	R2	-0.0112113674680967	0	7
P02	54	1	CS41	R1	0.000133747400051908	0	14
P02	54	2	CS41	R2	0.00770994070031745	0	14
P02	54	3	CS42	R1	-0.0108333038677835	0	14
P02	54	4	CS42	R2	-0.00703721736356348	0	14
P02	54	5	CS43	R1	-0.00105167035959889	0	14
P02	54	6	CS43	R2	0.00143171839466667	0	14
P02	54	7	CS44	R1	-0.00483084859546016	0	14
P02	54	8	CS47	R1	-0.00313304584309423	0	14
P02	54	9	CS47	R2	0.00509189475820837	0	14
P02	54	10	CS48	R1	-0.00507265194664356	0	14
P02	54	11	CS48	R2	-0.00393123301915993	0	14
P02	54	12	CS49	R1	-0.00643350035267648	0	12
P02	54	13	CS49	R2	0.00620370765177062	0	14
P02	54	14	CS51	R1	-0.000445286764593314	0	14
P02	54	15	CS51	R2	0.00913786617800943	0	12
P02	54	16	CS53	R1	0.00656463523448513	0	12
P02	54	17	CS53	R2	0.00720643669588298	0	8
P02	54	18	CS54	R1	0.00484842939507481	0	7
P02	54	19	CS54	R2	0.00486070101748675	0	7
P02	54	20	CS55	R1	-0.00549028607425226	0	14
P02	54	21	CS55	R2	0.00858402182619787	0	14
P02	54	22	CS56	R1	0.00167423675504312	0	12
P02	54	23	CS56	R2	-0.00882697868049637	0	12
P02	54	24	CS57	R1	0.0027877146613836	0	12
P02	54	25	CS57	R2	0.00506682154110831	0	12
P02	54	26	CS58	R1	0.00443740904421376	0	7
P02	54	27	CS60	R1	-0.000812961565993616	0	14
P02	54	28	CS62	R1	-0.000982277948155257	0	7
P02	54	29	CS62	R2	-0.00695092842087633	0	7
P02	55	1	CS41	R1	-0.0104120518328067	0	14
P02	55	2	CS41	R2	0.000462949531760672	0	14
P02	55	3	CS42	R1	0.00373601345575784	0	14
P02	55	4	CS42	R2	0.00279060630928914	0	14
P02	55	5	CS43	R1	-0.00547411458166017	0	14
P02	55	6	CS43	R2	-0.00287295506847626	0	14
P02	55	7	CS44	R1	-0.00678573593546177	0	14
P02	55	8	CS47	R1	0.000826103909457381	0	14
P02	55	9	CS47	R2	-0.00904550386966075	0	14
P02	55	10	CS48	R1	0.00171537133566794	0	14
P02	55	11	CS48	R2	0.000757546010402915	0	14
P02	55	12	CS49	R1	-0.00250635143061813	0	12
P02	55	13	CS49	R2	-0.00679804857303934	0	14
P02	55	14	CS51	R1	-0.000933926029315036	0	14
P02	55	15	CS51	R2	0.0113488867219176	0	12
P02	55	16	CS53	R1	0.00548801743544583	0	12
P02	55	17	CS53	R2	-0.00815135464353292	0	8
P02	55	18	CS54	R1	-0.016190728975473	0	7
P02	55	19	CS54	R2	0.00336181595175224	0	7
P02	55	20	CS55	R1	-0.00617695974305234	0	14
P02	55	21	CS55	R2	0.00430897470660399	0	14
P02	55	22	CS56	R1	0.00430963878547579	0	12
P02	55	23	CS56	R2	-0.0022334057357564	0	12
P02	55	24	CS57	R1	-0.00498127348466315	0	12
P02	55	25	CS57	R2	-0.000172802368703452	0	12
P02	55	26	CS58	R1	0.0132069124880253	0	7
P02	55	27	CS60	R1	-0.00147353252141603	0	14
P02	55	28	CS62	R1	-0.00660053614711755	0	7
P02	55	29	CS62	R2	0.000839562589368671	0	7
P02	56	1	CS41	R1	-0.00537363111560893	0	14
P02	56	2	CS41	R2	-0.00187518727830665	0	14
P02	56	3	CS42	R1	-0.00662356483302623	0	14
P02	56	4	CS42	R2	0.00343392816707781	0	14
P02	56	5	CS43	R1	0.000805417543845331	0	14
P02	56	6	CS43	R2	0.00232114716214442	0	14
P02	56	7	CS44	R1	0.00183628375033113	0	14
P02	56	8	CS47	R1	-0.00502005438481221	0	14
P02	56	9	CS47	R2	-0.001475414559675	0	14
P02	56	10	CS48	R1	0.00568676192697378	0	14
P02	56	11	CS48	R2	-0.000780338113498594	0	14
P02	56	12	CS49	R1	0.00426723229816546	0	12
P02	56	13	CS49	R2	-0.00533442238104907	0	14
P02	56	14	CS51	R1	-0.00277558258835214	0	14
P02	56	15	CS51	R2	-0.000790149609947892	0	12
P02	56	16	CS53	R1	-0.00412217836015089	0	12
P02	56	17	CS53	R2	-0.0140956284452726	0	8
P02	56	18	CS54	R1	0.0118278837388018	0	7
P02	56	19	CS54	R2	0.0063175586330962	0	7
P02	56	20	CS55	R1	-0.00250763101539379	0	14
P02	56	21	CS55	R2	-0.00288655410417783	0	14
P02	56	22	CS56	R1	0.0153162451099636	0	12
P02	56	23	CS56	R2	0.0127515572033578	0	12
P02	56	24	CS57	R1	0.0131415860491743	0	12
P02	56	25	CS57	R2	-0.00339709603102971	0	12
P02	56	26	CS58	R1	-0.0067077465475719	0	7
P02	56	27	CS60	R1	-0.00478375451835187	0	14
P02	56	28	CS62	R1	-0.0172746933224483	0	7
P02	56	29	CS62	R2	-0.00796764436285351	0	7
P02	57	1	CS41	R1	-0.00549761880535872	0	14
P02	57	2	CS41	R2	-0.00918845327235905	0	14
P02	57	3	CS42	R1	-0.00785901544003658	0	14
P02	57	4	CS42	R2	-0.00127386436659985	0	14
P02	57	5	CS43	R1	0.00474281040634673	0	14
P02	57	6	CS43	R2	-2.40710982068104e-05	0	14
P02	57	7	CS44	R1	-0.00497298714341837	0	14
P02	57	8	CS47	R1	0.00620927285045886	0	14
P02	57	9	CS47	R2	0.00198584875975305	0	14
P02	57	10	CS48	R1	-0.00235268635723925	0	14
P02	57	11	CS48	R2	-0.00807403247369084	0	14
P02	57	12	CS49	R1	-0.00274223472187346	0	12
P02	57	13	CS49	R2	-0.00441646384943374	0	14
P02	57	14	CS51	R1	-0.000184697489795894	0	14
P02	57	15	CS51	R2	0.00632715103150172	0	12
P02	57	16	CS53	R1	-0.00856051558085098	0	12
P02	57	17	CS53	R2	-0.00501418190010792	0	8
P02	57	18	CS54	R1	-0.0016330288471068	0	7
P02	57	19	CS54	R2	-0.00561385496170895	0	7
P02	57	20	CS55	R1	-0.00899727787362346	0	14
P02	57	21	CS55	R2	-0.00712903908138885	0	14
P02	57	22	CS56	R1	-0.00731006277085226	0	12
P02	57	23	CS56	R2	-0.00337255855362111	0	12
P02	57	24	CS57	R1	0.0139934775834506	0	12
P02	57	25	CS57	R2	-0.00815343305460257	0	12
P02	57	26	CS58	R1	0.00820667547249677	0	7
P02	57	27	CS60	R1	0.00378716741835658	0	14
P02	57	28	CS62	R1	0.00365726415567799	0	7
P02	57	29	CS62	R2	-0.00685223864388962	0	7
P02	58	1	CS41	R1	0.00373925560670288	0	14
P02	58	2	CS41	R2	0.00256485521197976	0	14
P02	58	3	CS42	R1	0.00194656980720727	0	14
P02	58	4	CS42	R2	-0.010186672896569	0	14
P02	58	5	CS43	R1	0.00113233375590917	0	14
P02	58	6	CS43	R2	-0.00981492571470801	0	14
P02	58	7	CS44	R1	0.00262455862134661	0	14
P02	58	8	CS47	R1	0.0106981932451587	0	14
P02	58	9	CS47	R2	0.00770462633465111	0	14
P02	58	10	CS48	R1	0.0092175375434845	0	14
P02	58	11	CS48	R2	0.000341030567304298	0	14
P02	58	12	CS49	R1	0.00309104550565836	0	12
P02	58	13	CS49	R2	-0.00653718251821137	0	14
P02	58	14	CS51	R1	0.000354132809944722	0	14
P02	58	15	CS51	R2	0.00638188633950079	0	12
P02	58	16	CS53	R1	-0.00447650366414511	0	12
P02	58	17	CS53	R2	-0.00950036298727255	0	8
P02	58	18	CS54	R1	-0.000336428768211439	0	7
P02	58	19	CS54	R2	-0.00126861358161934	0	7
P02	58	20	CS55	R1	-0.000213335687065762	0	14
P02	58	21	CS55	R2	0.00879942983619846	0	14
P02	58	22	CS56	R1	-0.00281461474227583	0	12
P02	58	23	CS56	R2	-0.000984778974789962	0	12
P02	58	24	CS57	R1	-0.00869406299517016	0	12
P02	58	25	CS57	R2	-0.00656084370011198	0	12
P02	58	26	CS58	R1	-0.00855696828132129	0	7
P02	58	27	CS60	R1	-0.00523687522996737	0	14
P02	58	28	CS62	R1	0.000162222812818533	0	7
P02	58	29	CS62	R2	0.00524825726154432	0	7
P02	59	1	CS41	R1	0.000139172715167728	0	14
P02	59	2	CS41	R2	0.000353971928424209	0	14
P02	59	3	CS42	R1	0.00409269294431736	0	14
P02	59	4	CS42	R2	0.00124843305746143	0	14
P02	59	5	CS43	R1	-0.00502432470930067	0	14
P02	59	6	CS43	R2	0.00204385343025412	0	14
P02	59	7	CS44	R1	0.011701807509825	0	14
P02	59	8	CS47	R1	0.00129230845265199	0	14
P02	59	9	CS47	R2	-0.000999212126202999	0	14
P02	59	10	CS48	R1	-0.0087780365573789	0	14
P02	59	11	CS48	R2	-0.00653354707166879	0	14
P02	59	12	CS49	R1	0.0120418968940626	0	12
P02	59	13	CS49	R2	0.00280556619544057	0	14
P02	59	14	CS51	R1	-0.00273555925764007	0	14
P02	59	15	CS51	R2	0.00144215682203147	0	12
P02	59	16	CS53	R1	-0.00518452055569103	0	12
P02	59	17	CS53	R2	0.000281832057773754	0	8
P02	59	18	CS54	R1	-0.0252570314090146	0	7
P02	59	19	CS54	R2	0.00457552784227963	0	7
P02	59	20	CS55	R1	-0.00295290027130644	0	14
P02	59	21	CS55	R2	-0.00302183401752473	0	14
P02	59	22	CS56	R1	0.00602390388209735	0	12
P02	59	23	CS56	R2	-0.0103437042936499	0	12
P02	59	24	CS57	R1	0.00520211533890466	0	12
P02	59	25	CS57	R2	-0.00290467374918281	0	12
P02	59	26	CS58	R1	0.00474554329514919	0	7
P02	59	27	CS60	R1	0.00455342112592529	0	14
P02	59	28	CS62	R1	0.00105877441894277	0	7
P02	59	29	CS62	R2	0.00420031725763305	0	7
P02	60	1	CS41	R1	0.00779457544499805	0	14
P02	60	2	CS41	R2	-0.0113351208764474	0	14
P02	60	3	CS42	R1	0.00491555819277054	0	14
P02	60	4	CS42	R2	0.00418315550134379	0	14
P02	60	5	CS43	R1	0.00822976953956288	0	14
P02	60	6	CS43	R2	-0.00445827178943034	0	14
P02	60	7	CS44	R1	-0.00094895342796329	0	14
P02	60	8	CS47	R1	-0.00159609462775478	0	14
P02	60	9	CS47	R2	-0.0037355085666431	0	14
P02	60	10	CS48	R1	0.0114557198214189	0	14
P02	60	11	CS48	R2	-0.00767275639907537	0	14
P02	60	12	CS49	R1	0.00217449692268136	0	12
P02	60	13	CS49	R2	0.00611473752285191	0	14
P02	60	14	CS51	R1	-7.61541903041528e-06	0	14
P02	60	15	CS51	R2	-0.000393110433792851	0	12
P02	60	16	CS53	R1	-0.00544032631076265	0	12
P02	60	17	CS53	R2	-6.74660969507564e-05	0	8
P02	60	18	CS54	R1	-0.00399815094853223	0	7
P02	60	19	CS54	R2	0.00638812659779289	0	7
P02	60	20	CS55	R1	0.00620360722691151	0	14
P02	60	21	CS55	R2	0.000995485987926654	0	14
P02	60	22	CS56	R1	-0.00313491921193812	0	12
P02	60	23	CS56	R2	0.00872494379960575	0	12
P02	60	24	CS57	R1	-0.000737440211212011	0	12
P02	60	25	CS57	R2	-0.00684957291732752	0	12
P02	60	26	CS58	R1	-0.00776644590858623	0	7
P02	60	27	CS60	R1	-0.00986789466462231	0	14
P02	60	28	CS62	R1	0.00767404801076094	0	7
P02	60	29	CS62	R2	-0.0130953881301492	0	7
P02	61	1	CS41	R1	0.00400152935007895	0	14
P02	61	2	CS41	R2	-0.000856167309322486	0	14
P02	61	3	CS42	R1	0.00190733898387183	0	14
P02	61	4	CS42	R2	0.00172585260708406	0	14
P02	61	5	CS43	R1	0.00319749302068439	0	14
P02	61	6	CS43	R2	0.00363860310635952	0	14
P02	61	7	CS44	R1	-0.000535093116081	0	14
P02	61	8	CS47	R1	-0.00527616915689906	0	14
P02	61	9	CS47	R2	-0.00353675244326607	0	14
P02	61	10	CS48	R1	-0.00508424181040201	0	14
P02	61	11	CS48	R2	0.000411344634644619	0	14
P02	61	12	CS49	R1	0.00363567329091477	0	12
P02	61	13	CS49	R2	0.00187838287907556	0	14
P02	61	14	CS51	R1	0.00213915351849461	0	14
P02	61	15	CS51	R2	0.0161993936214557	0	12
P02	61	16	CS53	R1	0.000311333297797582	0	12
P02	61	17	CS53	R2	0.00457790296844828	0	8
P02	61	18	CS54	R1	-0.0285645756701747	0	7
P02	61	19	CS54	R2	-0.00845228578339549	0	7
P02	61	20	CS55	R1	-0.00339041728700377	0	14
P02	61	21	CS55	R2	0.00337466678139655	0	14
P02	61	22	CS56	R1	0.00735629109556378	0	12
P02	61	23	CS56	R2	-0.00570560769113155	0	12
P02	61	24	CS57	R1	0.00218550706062647	0	12
P02	61	25	CS57	R2	0.0015362721097999	0	12
P02	61	26	CS58	R1	-0.00556295004644523	0	7
P02	61	27	CS60	R1	-0.00487209280053546	0	14
P02	61	28	CS62	R1	0.0036447582632299	0	7
P02	61	29	CS62	R2	0.00882416848792444	0	7
P02	62	1	CS41	R1	0.00389651921351057	0	14
P02	62	2	CS41	R2	0.0033311236717979	0	14
P02	62	3	CS42	R1	0.000586650494429298	0	14
P02	62	4	CS42	R2	-0.00705890140029512	0	14
P02	62	5	CS43	R1	0.00258234265754683	0	14
P02	62	6	CS43	R2	-0.00384689430497255	0	14
P02	62	7	CS44	R1	-0.010993268993771	0	14
P02	62	8	CS47	R1	-0.00171369527898118	0	14
P02	62	9	CS47	R2	0.00542761714023814	0	14
P02	62	10	CS48	R1	0.0181554949495031	0	14
P02	62	11	CS48	R2	-0.00594811986370205	0	14
P02	62	12	CS49	R1	0.00159991462786231	0	12
P02	62	13	CS49	R2	0.00162431369113942	0	14
P02	62	14	CS51	R1	-0.00518094443344417	0	14
P02	62	15	CS51	R2	-0.00531012813184539	0	12
P02	62	16	CS53	R1	0.0105770102634179	0	12
P02	62	17	CS53	R2	-0.00605384095583499	0	8
P02	62	18	CS54	R1	-0.0115536166471179	0	7
P02	62	19	CS54	R2	0.00757068219249687	0	7
P02	62	20	CS55	R1	-0.0017162128348923	0	14
P02	62	21	CS55	R2	-0.0102052263769266	0	14
P02	62	22	CS56	R1	-0.00515526038629268	0	12
P02	62	23	CS56	R2	0.00968818349004716	0	12
P02	62	24	CS57	R1	-0.00207367198051234	0	12
P02	62	25	CS57	R2	-0.000809160958523172	0	12
P02	62	26	CS58	R1	0.00149287696099484	0	7
P02	62	27	CS60	R1	-0.00847564573455968	0	14
P02	62	28	CS62	R1	0.000820592022509396	0	7
P02	62	29	CS62	R2	0.00287084465751062	0	7
P02	63	1	CS41	R1	0.000713640608958594	0	14
P02	63	2	CS41	R2	-0.00644472894552509	0	14
P02	63	3	CS42	R1	0.00236757146645663	0	14
P02	63	4	CS42	R2	0.000132156583576906	0	14
P02	63	5	CS43	R1	0.000597074761971948	0	14
P02	63	6	CS43	R2	0.00680578965514745	0	14
P02	63	7	CS44	R1	-0.00431193786477723	0	14
P02	63	8	CS47	R1	0.00630300006944585	0	14
P02	63	9	CS47	R2	-0.00296200618708946	0	14
P02	63	10	CS48	R1	-0.00810026054556522	0	14
P02	63	11	CS48	R2	-0.00931286250733044	0	14
P02	63	12	CS49	R1	-0.0032706126974676	0	12
P02	63	13	CS49	R2	-0.00701480138152789	0	14
P02	63	14	CS51	R1	-0.00674625451289331	0	14
P02	63	15	CS51	R2	0.00764803590182137	0	12
P02	63	16	CS53	R1	0.000475870670861769	0	12
P02	63	17	CS53	R2	-0.00263842204962547	0	8
P02	63	18	CS54	R1	0.00169079664321825	0	7
P02	63	19	CS54	R2	-0.0103163964822735	0	7
P02	63	20	CS55	R1	0.0110747928139728	0	14
P02	63	21	CS55	R2	0.000589029531744342	0	14
P02	63	22	CS56	R1	-0.000182043493666609	0	12
P02	63	23	CS56	R2	0.00482418799255081	0	12
P02	63	24	CS57	R1	-0.00292143780429188	0	12
P02	63	25	CS57	R2	0.00641852389781423	0	12
P02	63	26	CS58	R1	-0.0104462038189735	0	7
P02	63	27	CS60	R1	-0.00404324180827637	0	14
P02	63	28	CS62	R1	-0.0186656727412448	0	7
P02	63	29	CS62	R2	-0.00135734681500143	0	7
P02	64	1	CS41	R1	0.000532005783192813	0	14
P02	64	2	CS41	R2	2.12685399628488e-05	0	14
P02	64	3	CS42	R1	-0.00231398391887103	0	14
P02	64	4	CS42	R2	-0.00337460922969483	0	14
P02	64	5	CS43	R1	0.00210702244099137	0	14
P02	64	6	CS43	R2	0.0108584844630683	0	14
P02	64	7	CS44	R1	0.00835118767472416	0	14
P02	64	8	CS47	R1	0.00610837546763929	0	14
P02	64	9	CS47	R2	-0.00512079211793835	0	14
P02	64	10	CS48	R1	-0.00214741696741005	0	14
P02	64	11	CS48	R2	0.00146736537593643	0	14
P02	64	12	CS49	R1	0.00272813745197131	0	12
P02	64	13	CS49	R2	-0.00188516258083955	0	14
P02	64	14	CS51	R1	0.00948998221591385	0	14
P02	64	15	CS51	R2	0.00324481648953278	0	12
P02	64	16	CS53	R1	-0.00557172304773273	0	12
P02	64	17	CS53	R2	0.000243572440565554	0	8
P02	64	18	CS54	R1	0.00454360435414009	0	7
P02	64	19	CS54	R2	-0.0104668487811463	0	7
P02	64	20	CS55	R1	-0.00138832107696869	0	14
P02	64	21	CS55	R2	0.0114911008970868	0	14
P02	64	22	CS56	R1	0.00124624172126009	0	12
P02	64	23	CS56	R2	-0.00239387199664362	0	12
P02	64	24	CS57	R1	-0.00447610080622	0	12
P02	64	25	CS57	R2	0.00751341664501896	0	12
P02	64	26	CS58	R1	-0.00115078312646772	0	7
P02	64	27	CS60	R1	0.00810520111324976	0	14
P02	64	28	CS62	R1	-0.0116014734097071	0	7
P02	64	29	CS62	R2	0.00536715092418266	0	7
P03	1	1	CS41	R1	-0.00667989293665062	0	14
P03	1	2	CS41	R2	-0.014232007767346	0	14
P03	1	3	CS42	R1	-0.0076318278338233	0	14
P03	1	4	CS42	R2	-0.00460519000775847	0	14
P03	1	5	CS43	R1	0.00746628037593888	0	14
P03	1	6	CS43	R2	-0.00393280969373219	0	14
P03	1	7	CS44	R1	0.00124768488734119	0	14
P03	1	8	CS47	R1	-0.00572180594372604	0	14
P03	1	9	CS47	R2	-0.00333492758159654	0	14
P03	1	10	CS48	R1	-0.00455761097357332	0	14
P03	1	11	CS48	R2	0.00221577344839131	0	14
P03	1	12	CS49	R1	-0.00208914016403459	0	12
P03	1	13	CS49	R2	-0.00638804537335027	0	14
P03	1	14	CS51	R1	0.00712879146766892	0	14
P03	1	15	CS51	R2	0.00139722684276761	0	12
P03	1	16	CS53	R1	-0.00295691047419199	0	12
P03	1	17	CS53	R2	0.0043804627414255	0	8
P03	1	18	CS54	R1	-0.0108940678080105	0	7
P03	1	19	CS54	R2	-0.00984699708536589	0	7
P03	1	20	CS55	R1	0.00883645691357658	0	14
P03	1	21	CS55	R2	-0.00465022590646877	0	14
P03	1	22	CS56	R1	-0.00141913878632402	0	12
P03	1	23	CS56	R2	-0.00426260734071836	0	12
P03	1	24	CS57	R1	0.00256149481695327	0	12
P03	1	25	CS57	R2	-0.0011345388057025	0	12
P03	1	26	CS58	R1	0.0112127126046906	0	7
P03	1	27	CS60	R1	0.00754272134509352	0	14
P03	1	28	CS62	R1	-0.00697720362095305	0	7
P03	1	29	CS62	R2	0.00439829133152114	0	7
P03	2	1	CS41	R1	-0.00776699382011698	0	14
P03	2	2	CS41	R2	-0.00581251266452798	0	14
P03	2	3	CS42	R1	-0.00438478983441299	0	14
P03	2	4	CS42	R2	-0.0046909275984752	0	14
P03	2	5	CS43	R1	0.00776107346055768	0	14
P03	2	6	CS43	R2	-0.0013983631576036	0	14
P03	2	7	CS44	R1	0.00765759064803521	0	14
P03	2	8	CS47	R1	-0.00806823070494762	0	14
P03	2	9	CS47	R2	-0.0032193688968346	0	14
P03	2	10	CS48	R1	0.00400502852733983	0	14
P03	2	11	CS48	R2	0.00149698012373757	0	14
P03	2	12	CS49	R1	0.00172245138324618	0	12
P03	2	13	CS49	R2	0.00140547402755511	0	14
P03	2	14	CS51	R1	-0.00551808864015206	0	14
P03	2	15	CS51	R2	0.00388067777720177	0	12
P03	2	16	CS53	R1	-0.00940171148108184	0	12
P03	2	17	CS53	R2	0.0159371412741688	0	8
P03	2	18	CS54	R1	0.00151240194242604	0	7
P03	2	19	CS54	R2	-0.0106402934327084	0	7
P03	2	20	CS55	R1	0.00768336950800522	0	14
P03	2	21	CS55	R2	-0.00204622384662266	0	14
P03	2	22	CS56	R1	-0.00766836074683525	0	12
P03	2	23	CS56	R2	0.00541620302327305	0	12
P03	2	24	CS57	R1	0.00270669889108166	0	12
P03	2	25	CS57	R2	0.00118273294934035	0	12
P03	2	26	CS58	R1	0.00809871059182728	0	7
P03	2	27	CS60	R1	0.00123162449057581	0	14
P03	2	28	CS62	R1	0.00528306808222461	0	7
P03	2	29	CS62	R2	0.00015912390021722	0	7
P03	3	1	CS41	R1	0.00127724702413221	0	14
P03	3	2	CS41	R2	0.00668075112862133	0	14
P03	3	3	CS42	R1	0.00693122800207582	0	14
P03	3	4	CS42	R2	-0.00619778695058718	0	14
P03	3	5	CS43	R1	-0.00236580202043849	0	14
P03	3	6	CS43	R2	-0.00695909788941034	0	14
P03	3	7	CS44	R1	0.00148677837327171	0	14
P03	3	8	CS47	R1	-0.000539305058545443	0	14
P03	3	9	CS47	R2	0.00176214666232117	0	14
P03	3	10	CS48	R1	0.00766744799874585	0	14
P03	3	11	CS48	R2	0.00338381122002437	0	14
P03	3	12	CS49	R1	-0.00309404088397313	0	12
P03	3	13	CS49	R2	-0.00655946462038197	0	14
P03	3	14	CS51	R1	0.00641392844884247	0	14
P03	3	15	CS51	R2	-0.00419265176622617	0	12
P03	3	16	CS53	R1	0.00112162731870759	0	12
P03	3	17	CS53	R2	0.0044865696294785	0	8
P03	3	18	CS54	R1	0.00169272338791253	0	7
P03	3	19	CS54	R2	0.0053078221625153	0	7
P03	3	20	CS55	R1	0.000262717051444481	0	14
P03	3	21	CS55	R2	0.0043618105412506	0	14
P03	3	22	CS56	R1	-0.00403362659362212	0	12
P03	3	23	CS56	R2	-0.00578024661181675	0	12
P03	3	24	CS57	R1	-0.00278016814316002	0	12
P03	3	25	CS57	R2	-0.00333320520883415	0	12
P03	3	26	CS58	R1	-0.00146235282226237	0	7
P03	3	27	CS60	R1	0.000753836290236427	0	14
P03	3	28	CS62	R1	-0.00379294630492844	0	7
P03	3	29	CS62	R2	-0.00505220252103344	0	7
P03	4	1	CS41	R1	-0.00124994230656413	0	14
P03	4	2	CS41	R2	0.0047976519291394	0	14
P03	4	3	CS42	R1	0.00485170065424323	0	14
P03	4	4	CS42	R2	0.000691579902521748	0	14
P03	4	5	CS43	R1	-0.000389515007872004	0	14
P03	4	6	CS43	R2	-0.00448676153358554	0	14
P03	4	7	CS44	R1	0.00842035345080581	0	14
P03	4	8	CS47	R1	-0.000913364915712316	0	14
P03	4	9	CS47	R2	-0.0051579072791279	0	14
P03	4	10	CS48	R1	-0.00709648627025369	0	14
P03	4	11	CS48	R2	0.000880442212757827	0	14
P03	4	12	CS49	R1	-0.00459325263273093	0	12
P03	4	13	CS49	R2	-0.00862085489140729	0	14
P03	4	14	CS51	R1	0.00691731963131116	0	14
P03	4	15	CS51	R2	0.0146598644544956	0	12
P03	4	16	CS53	R1	-0.000835580676235362	0	12
P03	4	17	CS53	R2	0.004050641595002	0	8
P03	4	18	CS54	R1	-0.00168553590742682	0	7
P03	4	19	CS54	R2	-0.00416529564856796	0	7
P03	4	20	CS55	R1	-0.00401617608678953	0	14
P03	4	21	CS55	R2	-0.00589247768752826	0	14
P03	4	22	CS56	R1	0.000431862365152415	0	12
P03	4	23	CS56	R2	-0.00846080096163576	0	12
P03	4	24	CS57	R1	-0.0145218912345393	0	12
P03	4	25	CS57	R2	-0.00037340948822983	0	12
P03	4	26	CS58	R1	0.00799145396696109	0	7
P03	4	27	CS60	R1	0.0018239664807774	0	14
P03	4	28	CS62	R1	0.00533156912876333	0	7
P03	4	29	CS62	R2	-0.00480078904369939	0	7
P03	5	1	CS41	R1	0.000488863108254127	0	14
P03	5	2	CS41	R2	-0.00431394538188621	0	14
P03	5	3	CS42	R1	0.0089955796932434	0	14
P03	5	4	CS42	R2	-0.00316412562169051	0	14
P03	5	5	CS43	R1	-0.000746242327862292	0	14
P03	5	6	CS43	R2	0.00452291217053807	0	14
P03	5	7	CS44	R1	-0.00498206187443636	0	14
P03	5	8	CS47	R1	0.00510023321273722	0	14
P03	5	9	CS47	R2	0.00480034934592725	0	14
P03	5	10	CS48	R1	-0.00622255287073302	0	14
P03	5	11	CS48	R2	-0.00482101589248663	0	14
P03	5	12	CS49	R1	-0.00218805455666762	0	12
P03	5	13	CS49	R2	0.00928125189755958	0	14
P03	5	14	CS51	R1	0.00353610462372453	0	14
P03	5	15	CS51	R2	0.000779537579924527	0	12
P03	5	16	CS53	R1	0.00109711759570519	0	12
P03	5	17	CS53	R2	0.0140270921526481	0	8
P03	5	18	CS54	R1	-0.0022834343779221	0	7
P03	5	19	CS54	R2	-0.00650476895056212	0	7
P03	5	20	CS55	R1	-0.00142362332303225	0	14
P03	5	21	CS55	R2	0.00397720931376591	0	14
P03	5	22	CS56	R1	0.0184764846475634	0	12
P03	5	23	CS56	R2	-0.0116375018847734	0	12
P03	5	24	CS57	R1	0.00100070927306865	0	12
P03	5	25	CS57	R2	0.00452578037204843	0	12
P03	5	26	CS58	R1	-0.00350956270802148	0	7
P03	5	27	CS60	R1	0.00161099114586672	0	14
P03	5	28	CS62	R1	0.00672840435752771	0	7
P03	5	29	CS62	R2	-0.0111962008440774	0	7
P03	6	1	CS41	R1	-0.00176305683813351	0	14
P03	6	2	CS41	R2	0.00408230692294957	0	14
P03	6	3	CS42	R1	0.00693971374235556	0	14
P03	6	4	CS42	R2	-0.00684422681650167	0	14
P03	6	5	CS43	R1	-0.00232289379455915	0	14
P03	6	6	CS43	R2	-0.00738213426048322	0	14
P03	6	7	CS44	R1	0.00478533135514947	0	14
P03	6	8	CS47	R1	0.000237873768068956	0	14
P03	6	9	CS47	R2	-0.000700485764507596	0	14
P03	6	10	CS48	R1	0.00682876443421242	0	14
P03	6	11	CS48	R2	0.00263843489898066	0	14
P03	6	12	CS49	R1	0.00632125485733385	0	12
P03	6	13	CS49	R2	-0.00451657533871733	0	14
P03	6	14	CS51	R1	-0.00481126616324124	0	14
P03	6	15	CS51	R2	0.00186370318642513	0	12
P03	6	16	CS53	R1	-0.00820726886785402	0	12
P03	6	17	CS53	R2	-0.000644945544989875	0	8
P03	6	18	CS54	R1	0.00209678516341132	0	7
P03	6	19	CS54	R2	0.00523171661426178	0	7
P03	6	20	CS55	R1	-0.00180200997492451	0	14
P03	6	21	CS55	R2	-0.000499967765279714	0	14
P03	6	22	CS56	R1	0.00488634638291446	0	12
P03	6	23	CS56	R2	0.0055346331469836	0	12
P03	6	24	CS57	R1	0.00458244000394045	0	12
P03	6	25	CS57	R2	-0.00478956796862825	0	12
P03	6	26	CS58	R1	-0.00588522411013356	0	7
P03	6	27	CS60	R1	0.00230560430076433	0	14
P03	6	28	CS62	R1	-0.0132653315432018	0	7
P03	6	29	CS62	R2	-0.00332327461626293	0	7
P03	7	1	CS41	R1	8.24908668754292e-05	0	14
P03	7	2	CS41	R2	-0.0058007234698429	0	14
P03	7	3	CS42	R1	-0.00416914188381707	0	14
P03	7	4	CS42	R2	-0.0027342423568503	0	14
P03	7	5	CS43	R1	-0.00307439559933278	0	14
P03	7	6	CS43	R2	0.000966747170895331	0	14
P03	7	7	CS44	R1	-0.00374373976379648	0	14
P03	7	8	CS47	R1	-0.000718189281468096	0	14
P03	7	9	CS47	R2	0.00230658746001099	0	14
P03	7	10	CS48	R1	-0.00239734170939206	0	14
P03	7	11	CS48	R2	0.00244786896012257	0	14
P03	7	12	CS49	R1	-0.00438385776866116	0	12
P03	7	13	CS49	R2	-0.00670085874941441	0	14
P03	7	14	CS51	R1	0.000936708417170426	0	14
P03	7	15	CS51	R2	0.00227772900339738	0	12
P03	7	16	CS53	R1	0.0138121786233418	0	12
P03	7	17	CS53	R2	-0.00790507331318452	0	8
P03	7	18	CS54	R1	0.00652121678100659	0	7
P03	7	19	CS54	R2	-0.00842755193435976	0	7
P03	7	20	CS55	R1	0.00559345059773671	0	14
P03	7	21	CS55	R2	-0.00151489110329305	0	14
P03	7	22	CS56	R1	0.000567684195062071	0	12
P03	7	23	CS56	R2	0.00193101134695923	0	12
P03	7	24	CS57	R1	-0.00837364649227869	0	12
P03	7	25	CS57	R2	0.0116302660822646	0	12
P03	7	26	CS58	R1	-0.0109104603254492	0	7
P03	7	27	CS60	R1	-0.0104665441753293	0	14
P03	7	28	CS62	R1	0.0148302748350336	0	7
P03	7	29	CS62	R2	0.00359089438676495	0	7
P03	8	1	CS41	R1	-0.0117768999366825	0	14
P03	8	2	CS41	R2	0.000737184037281412	0	14
P03	8	3	CS42	R1	0.00379696841925366	0	14
P03	8	4	CS42	R2	0.00534264181315804	0	14
P03	8	5	CS43	R1	0.00359694025176925	0	14
P03	8	6	CS43	R2	-0.00101140175340578	0	14
P03	8	7	CS44	R1	-0.000389949151172025	0	14
P03	8	8	CS47	R1	-0.00955027579523673	0	14
P03	8	9	CS47	R2	0.00742962108733177	0	14
P03	8	10	CS48	R1	0.0093661183166902	0	14
P03	8	11	CS48	R2	0.00961547388986374	0	14
P03	8	12	CS49	R1	-0.000574911316850649	0	12
P03	8	13	CS49	R2	0.00021420994000662	0	14
P03	8	14	CS51	R1	0.00463810381575262	0	14
P03	8	15	CS51	R2	0.00322413782651063	0	12
P03	8	16	CS53	R1	0.0123446915593972	0	12
P03	8	17	CS53	R2	-0.00330190243891176	0	8
P03	8	18	CS54	R1	0.00371480677249234	0	7
P03	8	19	CS54	R2	0.00274493604357711	0	7
P03	8	20	CS55	R1	-0.00748325123796408	0	14
P03	8	21	CS55	R2	-0.00224127512084	0	14
P03	8	22	CS56	R1	-0.00915379362748708	0	12
P03	8	23	CS56	R2	0.0114827287231845	0	12
P03	8	24	CS57	R1	0.00643726703062159	0	12
P03	8	25	CS57	R2	-0.00081903861483602	0	12
P03	8	26	CS58	R1	0.000261735131193121	0	7
P03	8	27	CS60	R1	0.004261089979239	0	14
P03	8	28	CS62	R1	0.00711036924633988	0	7
P03	8	29	CS62	R2	0.00372445520738015	0	7
P03	9	1	CS41	R1	-0.0123250536980948	0	14
P03	9	2	CS41	R2	-0.00766121693267619	0	14
P03	9	3	CS42	R1	-0.00104980405178487	0	14
P03	9	4	CS42	R2	-0.00573271356280074	0	14
P03	9	5	CS43	R1	0.00632935324876961	0	14
P03	9	6	CS43	R2	0.000878563351568503	0	14
P03	9	7	CS44	R1	0.00378753515416548	0	14
P03	9	8	CS47	R1	-0.00686848770642448	0	14
P03	9	9	CS47	R2	-0.00476610469104973	0	14
P03	9	10	CS48	R1	-0.00660676963186435	0	14
P03	9	11	CS48	R2	-0.00205069490616273	0	14
P03	9	12	CS49	R1	-0.00937641495821563	0	12
P03	9	13	CS49	R2	-0.00460301675378689	0	14
P03	9	14	CS51	R1	0.0126574570111678	0	14
P03	9	15	CS51	R2	-0.00621726994744987	0	12
P03	9	16	CS53	R1	0.000194231711680842	0	12
P03	9	17	CS53	R2	-0.00529493212239322	0	8
P03	9	18	CS54	R1	0.0193607008379579	0	7
P03	9	19	CS54	R2	0.00354655727144521	0	7
P03	9	20	CS55	R1	0.000332218324474194	0	14
P03	9	21	CS55	R2	-2.37144969669306e-05	0	14
P03	9	22	CS56	R1	-0.00212358551086495	0	12
P03	9	23	CS56	R2	0.00267254163104491	0	12
P03	9	24	CS57	R1	-0.00216416380259704	0	12
P03	9	25	CS57	R2	0.00137873742577261	0	12
P03	9	26	CS58	R1	0.000667188051113888	0	7
P03	9	27	CS60	R1	0.00273564481776458	0	14
P03	9	28	CS62	R1	-0.00448503616674832	0	7
P03	9	29	CS62	R2	0.0107825716221101	0	7
P03	10	1	CS41	R1	-0.00822671856474379	0	14
P03	10	2	CS41	R2	-0.00341634898428577	0	14
P03	10	3	CS42	R1	0.00603443926801466	0	14
P03	10	4	CS42	R2	-0.00261754294205784	0	14
P03	10	5	CS43	R1	0.00895196907995176	0	14
P03	10	6	CS43	R2	-0.000616529761945742	0	14
P03	10	7	CS44	R1	0.000708386338676542	0	14
P03	10	8	CS47	R1	-0.00376161138864038	0	14
P03	10	9	CS47	R2	0.00617845460875104	0	14
P03	10	10	CS48	R1	-0.00372735743901739	0	14
P03	10	11	CS48	R2	-0.00912799649748874	0	14
P03	10	12	CS49	R1	-0.0078105263719723	0	12
P03	10	13	CS49	R2	-0.00557983785640478	0	14
P03	10	14	CS51	R1	-0.000630903317391042	0	14
P03	10	15	CS51	R2	0.00352524781288555	0	12
P03	10	16	CS53	R1	-0.00299671844935559	0	12
P03	10	17	CS53	R2	-0.00721098097198622	0	8
P03	10	18	CS54	R1	0.00308807073234056	0	7
P03	10	19	CS54	R2	-0.00747246190622715	0	7
P03	10	20	CS55	R1	-0.0062621477649348	0	14
P03	10	21	CS55	R2	0.00292607120626859	0	14
P03	10	22	CS56	R1	-0.00166495122451377	0	12
P03	10	23	CS56	R2	-0.00370129312173022	0	12
P03	10	24	CS57	R1	-0.00896572076821399	0	12
P03	10	25	CS57	R2	0.00188331608368363	0	12
P03	10	26	CS58	R1	-0.00660630252562402	0	7
P03	10	27	CS60	R1	-0.00511947289965021	0	14
P03	10	28	CS62	R1	-0.00254803953439679	0	7
P03	10	29	CS62	R2	-0.00803632491698395	0	7
P03	11	1	CS41	R1	-0.00175787424821549	0	14
P03	11	2	CS41	R2	-0.011976222051148	0	14
P03	11	3	CS42	R1	0.000645073647505384	0	14
P03	11	4	CS42	R2	0.00509853356333646	0	14
P03	11	5	CS43	R1	-0.00321728339187223	0	14
P03	11	6	CS43	R2	-9.15376856805925e-05	0	14
P03	11	7	CS44	R1	-0.00399440204555217	0	14
P03	11	8	CS47	R1	-0.00704653965011115	0	14
P03	11	9	CS47	R2	-0.00177453148910862	0	14
P03	11	10	CS48	R1	0.00326204846158045	0	14
P03	11	11	CS48	R2	-0.00193256230185516	0	14
P03	11	12	CS49	R1	-0.00950899070443531	0	12
P03	11	13	CS49	R2	0.00664466693916625	0	14
P03	11	14	CS51	R1	0.00877435401338249	0	14
P03	11	15	CS51	R2	-0.000762959700611913	0	12
P03	11	16	CS53	R1	-0.00151261781787729	0	12
P03	11	17	CS53	R2	-0.00106967935686166	0	8
P03	11	18	CS54	R1	-0.00143104787300852	0	7
P03	11	19	CS54	R2	-0.00473796405151785	0	7
P03	11	20	CS55	R1	-0.000769936585550267	0	14
P03	11	21	CS55	R2	-0.00264435748176569	0	14
P03	11	22	CS56	R1	-0.00675074781675361	0	12
P03	11	23	CS56	R2	-0.0106815938306394	0	12
P03	11	24	CS57	R1	-0.00583758768016392	0	12
P03	11	25	CS57	R2	-0.0100553796657016	0	12
P03	11	26	CS58	R1	0.00990733653069356	0	7
P03	11	27	CS60	R1	0.0031868224371505	0	14
P03	11	28	CS62	R1	0.00495736827482302	0	7
P03	11	29	CS62	R2	-0.00927492731434846	0	7
P03	12	1	CS41	R1	0.00143278967362839	0	14
P03	12	2	CS41	R2	0.000529513575022954	0	14
P03	12	3	CS42	R1	-0.0034871935705733	0	14
P03	12	4	CS42	R2	0.00998623203043948	0	14
P03	12	5	CS43	R1	-0.00501534159218225	0	14
P03	12	6	CS43	R2	-0.00309501321758559	0	14
P03	12	7	CS44	R1	-0.00109169672699765	0	14
P03	12	8	CS47	R1	-0.00620507887074974	0	14
P03	12	9	CS47	R2	-0.00448002490677785	0	14
P03	12	10	CS48	R1	0.0021788027542424	0	14
P03	12	11	CS48	R2	0.000886765679547629	0	14
P03	12	12	CS49	R1	-0.00688825986273408	0	12
P03	12	13	CS49	R2	-0.00674621842757417	0	14
P03	12	14	CS51	R1	-0.000141779340481243	0	14
P03	12	15	CS51	R2	-0.00927154513796019	0	12
P03	12	16	CS53	R1	0.00567075157671164	0	12
P03	12	17	CS53	R2	-0.012632677449352	0	8
P03	12	18	CS54	R1	0.00945118037494555	0	7
P03	12	19	CS54	R2	0.00176775099378218	0	7
P03	12	20	CS55	R1	0.00151967975724139	0	14
P03	12	21	CS55	R2	-0.00322265255941999	0	14
P03	12	22	CS56	R1	-0.00752036327526869	0	12
P03	12	23	CS56	R2	-0.000956559032855011	0	12
P03	12	24	CS57	R1	-0.00265416413013464	0	12
P03	12	25	CS57	R2	0.00523723048411084	0	12
P03	12	26	CS58	R1	0.00307676536571883	0	7
P03	12	27	CS60	R1	-0.0036766762865649	0	14
P03	12	28	CS62	R1	-0.00256188337566206	0	7
P03	12	29	CS62	R2	-0.0129687806601004	0	7
P03	13	1	CS41	R1	-0.00177805646798481	0	14
P03	13	2	CS41	R2	-0.0112153334770346	0	14
P03	13	3	CS42	R1	-0.00288198458695102	0	14
P03	13	4	CS42	R2	0.00209906206810782	0	14
P03	13	5	CS43	R1	-0.00204775521417613	0	14
P03	13	6	CS43	R2	0.000134763262166402	0	14
P03	13	7	CS44	R1	0.013382727254796	0	14
P03	13	8	CS47	R1	0.00581168857176566	0	14
P03	13	9	CS47	R2	0.00964919524499169	0	14
P03	13	10	CS48	R1	-0.00176424816907912	0	14
P03	13	11	CS48	R2	0.000913016416972843	0	14
P03	13	12	CS49	R1	-0.00083606180938364	0	12
P03	13	13	CS49	R2	-0.00189621883050902	0	14
P03	13	14	CS51	R1	0.00318412437604324	0	14
P03	13	15	CS51	R2	0.0114964153002784	0	12
P03	13	16	CS53	R1	-0.00896699587908448	0	12
P03	13	17	CS53	R2	-0.00330822019102805	0	8
P03	13	18	CS54	R1	0.00877367349135338	0	7
P03	13	19	CS54	R2	-0.010358653428347	0	7
P03	13	20	CS55	R1	-0.00585514454378904	0	14
P03	13	21	CS55	R2	-0.00026825036198137	0	14
P03	13	22	CS56	R1	0.000316317857549908	0	12
P03	13	23	CS56	R2	-0.00146730108570179	0	12
P03	13	24	CS57	R1	0.00658654965932398	0	12
P03	13	25	CS57	R2	0.00593836555219206	0	12
P03	13	26	CS58	R1	0.0038027513278488	0	7
P03	13	27	CS60	R1	0.000458340694660166	0	14
P03	13	28	CS62	R1	-0.000751778773335515	0	7
P03	13	29	CS62	R2	-0.00931282772285482	0	7
P03	14	1	CS41	R1	-0.00580693606916081	0	14
P03	14	2	CS41	R2	0.00137645159149147	0	14
P03	14	3	CS42	R1	-0.00863336606430072	0	14
P03	14	4	CS42	R2	-0.00141336304366639	0	14
P03	14	5	CS43	R1	-6.51284615480719e-05	0	14
P03	14	6	CS43	R2	0.00322107030715494	0	14
P03	14	7	CS44	R1	-0.000544652359546327	0	14
P03	14	8	CS47	R1	-0.00613097735499853	0	14
P03	14	9	CS47	R2	0.00567559304133715	0	14
P03	14	10	CS48	R1	0.00575505100043581	0	14
P03	14	11	CS48	R2	-0.000302537277641686	0	14
P03	14	12	CS49	R1	0.000996344524762198	0	12
P03	14	13	CS49	R2	-0.00601126668247842	0	14
P03	14	14	CS51	R1	-0.00127734230784736	0	14
P03	14	15	CS51	R2	-0.00240453838808942	0	12
P03	14	16	CS53	R1	0.00605779435766085	0	12
P03	14	17	CS53	R2	-0.0147106125008486	0	8
P03	14	18	CS54	R1	0.000803257854000866	0	7
P03	14	19	CS54	R2	-0.017073896077406	0	7
P03	14	20	CS55	R1	-0.000920142767168819	0	14
P03	14	21	CS55	R2	-5.12817999768332e-05	0	14
P03	14	22	CS56	R1	-0.00367698828989445	0	12
P03	14	23	CS56	R2	0.00930162860548277	0	12
P03	14	24	CS57	R1	-0.00986619290606786	0	12
P03	14	25	CS57	R2	0.00259276134547377	0	12
P03	14	26	CS58	R1	-0.00627353630477053	0	7
P03	14	27	CS60	R1	0.00592444344232519	0	14
P03	14	28	CS62	R1	-0.00790305245270192	0	7
P03	14	29	CS62	R2	5.06226558068901e-05	0	7
P03	15	1	CS41	R1	-0.000645722110784811	0	14
P03	15	2	CS41	R2	-0.00279331803814881	0	14
P03	15	3	CS42	R1	-0.00026615865984191	0	14
P03	15	4	CS42	R2	0.00385036006048601	0	14
P03	15	5	CS43	R1	-0.00657193402286399	0	14
P03	15	6	CS43	R2	-0.00731278932256071	0	14
P03	15	7	CS44	R1	-0.00259048375851839	0	14
P03	15	8	CS47	R1	0.00433624059018295	0	14
P03	15	9	CS47	R2	-0.000557336181601692	0	14
P03	15	10	CS48	R1	0.00628953271858562	0	14
P03	15	11	CS48	R2	0.00526062185015455	0	14
P03	15	12	CS49	R1	-0.00804126684967263	0	12
P03	15	13	CS49	R2	-0.00505372441463476	0	14
P03	15	14	CS51	R1	-0.000764595824479357	0	14
P03	15	15	CS51	R2	0.00583552154714128	0	12
P03	15	16	CS53	R1	0.00292726527765431	0	12
P03	15	17	CS53	R2	0.00564635124123794	0	8
P03	15	18	CS54	R1	0.00323179517750069	0	7
P03	15	19	CS54	R2	0.00144876805861381	0	7
P03	15	20	CS55	R1	-0.00227162223635567	0	14
P03	15	21	CS55	R2	0.00168119962236923	0	14
P03	15	22	CS56	R1	-0.0063948014253959	0	12
P03	15	23	CS56	R2	-0.00745185322867573	0	12
P03	15	24	CS57	R1	0.000136351269411586	0	12
P03	15	25	CS57	R2	-0.00227525762172324	0	12
P03	15	26	CS58	R1	-0.00437226468313301	0	7
P03	15	27	CS60	R1	0.00668609528568312	0	14
P03	15	28	CS62	R1	0.0108422759778638	0	7
P03	15	29	CS62	R2	0.00727050497218226	0	7
P03	16	1	CS41	R1	-0.00623657227041218	0	14
P03	16	2	CS41	R2	-0.00279066654842514	0	14
P03	16	3	CS42	R1	-0.00401354050214926	0	14
P03	16	4	CS42	R2	-0.00577708139127338	0	14
P03	16	5	CS43	R1	-0.00154976853240035	0	14
P03	16	6	CS43	R2	-0.0100162658826806	0	14
P03	16	7	CS44	R1	0.00718361146567161	0	14
P03	16	8	CS47	R1	-0.00388154972251255	0	14
P03	16	9	CS47	R2	-0.000716735745429099	0	14
P03	16	10	CS48	R1	0.00505031165248511	0	14
P03	16	11	CS48	R2	0.00540929685531504	0	14
P03	16	12	CS49	R1	-0.00906198186569595	0	12
P03	16	13	CS49	R2	-0.00047243136912353	0	14
P03	16	14	CS51	R1	-0.00835447107275411	0	14
P03	16	15	CS51	R2	-0.00448170189047706	0	12
P03	16	16	CS53	R1	0.00474119511673329	0	12
P03	16	17	CS53	R2	-0.00447155970138785	0	8
P03	16	18	CS54	R1	-0.0030902000035542	0	7
P03	16	19	CS54	R2	0.00321452883404199	0	7
P03	16	20	CS55	R1	-0.00283074919094014	0	14
P03	16	21	CS55	R2	0.0053625945897214	0	14
P03	16	22	CS56	R1	0.00226551730939749	0	12
P03	16	23	CS56	R2	0.0052809938051082	0	12
P03	16	24	CS57	R1	-0.00785591478254337	0	12
P03	16	25	CS57	R2	0.00306936430702665	0	12
P03	16	26	CS58	R1	-0.00141842672448376	0	7
P03	16	27	CS60	R1	-0.000806508082551987	0	14
P03	16	28	CS62	R1	-0.0158509143859156	0	7
P03	16	29	CS62	R2	0.0128403054145393	0	7
P03	17	1	CS41	R1	-0.0063950248020728	0	14
P03	17	2	CS41	R2	-0.00417188614041316	0	14
P03	17	3	CS42	R1	0.000746250920005401	0	14
P03	17	4	CS42	R2	0.00605091391296411	0	14
P03	17	5	CS43	R1	0.00622928833669025	0	14
P03	17	6	CS43	R2	0.00446189779600238	0	14
P03	17	7	CS44	R1	0.00119093578075579	0	14
P03	17	8	CS47	R1	-0.0085181250506621	0	14
P03	17	9	CS47	R2	-0.000147233343475506	0	14
P03	17	10	CS48	R1	-0.0084791766714215	0	14
P03	17	11	CS48	R2	0.0104882799983947	0	14
P03	17	12	CS49	R1	-0.00622413932636642	0	12
P03	17	13	CS49	R2	0.007646335246926	0	14
P03	17	14	CS51	R1	-0.0155992331778869	0	14
P03	17	15	CS51	R2	-0.00606211484227507	0	12
P03	17	16	CS53	R1	0.00252801504068223	0	12
P03	17	17	CS53	R2	0.00960664438545972	0	8
P03	17	18	CS54	R1	0.00443786494521472	0	7
P03	17	19	CS54	R2	-0.000435773551999162	0	7
P03	17	20	CS55	R1	0.00528474270466754	0	14
P03	17	21	CS55	R2	0.00313986401884115	0	14
P03	17	22	CS56	R1	0.00543418769415854	0	12
P03	17	23	CS56	R2	-0.00498672479484542	0	12
P03	17	24	CS57	R1	-0.00226550060683896	0	12
P03	17	25	CS57	R2	0.0104468579766591	0	12
P03	17	26	CS58	R1	-0.00475384615403212	0	7
P03	17	27	CS60	R1	0.00374635413632565	0	14
P03	17	28	CS62	R1	-0.00170444366990546	0	7
P03	17	29	CS62	R2	-0.00875223603912957	0	7
P03	18	1	CS41	R1	-0.00394513255028298	0	14
P03	18	2	CS41	R2	-0.00123909562890292	0	14
P03	18	3	CS42	R1	-0.0102335315734023	0	14
P03	18	4	CS42	R2	0.000462320175236987	0	14
P03	18	5	CS43	R1	-0.00316365365369516	0	14
P03	18	6	CS43	R2	0.000629220749199652	0	14
P03	18	7	CS44	R1	-0.00928196000202352	0	14
P03	18	8	CS47	R1	0.0011919698859093	0	14
P03	18	9	CS47	R2	-0.0110788425911208	0	14
P03	18	10	CS48	R1	0.00256623294516059	0	14
P03	18	11	CS48	R2	0.00669137755527779	0	14
P03	18	12	CS49	R1	-0.00726633573661465	0	12
P03	18	13	CS49	R2	-0.00878978195366171	0	14
P03	18	14	CS51	R1	-0.00742285809769353	0	14
P03	18	15	CS51	R2	-0.00109346245379598	0	12
P03	18	16	CS53	R1	-0.00103605298868457	0	12
P03	18	17	CS53	R2	0.00892475337682907	0	8
P03	18	18	CS54	R1	-0.0121353088132091	0	7
P03	18	19	CS54	R2	-0.0103391143370627	0	7
P03	18	20	CS55	R1	-0.000551685263193928	0	14
P03	18	21	CS55	R2	0.00339623015446704	0	14
P03	18	22	CS56	R1	-0.00144520726361022	0	12
P03	18	23	CS56	R2	0.000144280057421799	0	12
P03	18	24	CS57	R1	-0.00879445660988904	0	12
P03	18	25	CS57	R2	-0.0205546885164024	0	12
P03	18	26	CS58	R1	-0.00624211469022235	0	7
P03	18	27	CS60	R1	0.000718034781758371	0	14
P03	18	28	CS62	R1	-0.00665125902965655	0	7
P03	18	29	CS62	R2	0.00229835578708841	0	7
P03	19	1	CS41	R1	0.00255524758750985	0	14
P03	19	2	CS41	R2	0.000746241349895063	0	14
P03	19	3	CS42	R1	-0.000886790952004933	0	14
P03	19	4	CS42	R2	-0.000269577061801897	0	14
P03	19	5	CS43	R1	-0.00205163654066134	0	14
P03	19	6	CS43	R2	-0.00523068851653469	0	14
P03	19	7	CS44	R1	0.00399273572039639	0	14
P03	19	8	CS47	R1	0.00203887692273608	0	14
P03	19	9	CS47	R2	-0.00440486364924551	0	14
P03	19	10	CS48	R1	0.00873644786446835	0	14
P03	19	11	CS48	R2	-0.000751410753116419	0	14
P03	19	12	CS49	R1	-0.0152564246713342	0	12
P03	19	13	CS49	R2	-0.00113609157470216	0	14
P03	19	14	CS51	R1	-0.00302004714136078	0	14
P03	19	15	CS51	R2	0.000610138615289252	0	12
P03	19	16	CS53	R1	-0.00535301761885543	0	12
P03	19	17	CS53	R2	0.0124715765532677	0	8
P03	19	18	CS54	R1	0.00101037698512343	0	7
P03	19	19	CS54	R2	-0.00345557493820667	0	7
P03	19	20	CS55	R1	0.00263763882426341	0	14
P03	19	21	CS55	R2	-0.00346051093266449	0	14
P03	19	22	CS56	R1	-0.00900287964100248	0	12
P03	19	23	CS56	R2	-0.0133292790006634	0	12
P03	19	24	CS57	R1	-0.000792955720508724	0	12
P03	19	25	CS57	R2	0.00238978523890685	0	12
P03	19	26	CS58	R1	0.00416177864400958	0	7
P03	19	27	CS60	R1	-0.00288341270457698	0	14
P03	19	28	CS62	R1	-0.0146547982534622	0	7
P03	19	29	CS62	R2	-0.00703357438070636	0	7
P03	20	1	CS41	R1	0.00484964459011804	0	14
P03	20	2	CS41	R2	0.00719356456078846	0	14
P03	20	3	CS42	R1	-0.000698350522528524	0	14
P03	20	4	CS42	R2	0.0024493456772401	0	14
P03	20	5	CS43	R1	-0.00249378425361196	0	14
P03	20	6	CS43	R2	0.00920126671869245	0	14
P03	20	7	CS44	R1	0.00490164296231452	0	14
P03	20	8	CS47	R1	-0.00560998805751134	0	14
P03	20	9	CS47	R2	-0.00618847237778363	0	14
P03	20	10	CS48	R1	-0.00314338912831343	0	14
P03	20	11	CS48	R2	0.00512289235676978	0	14
P03	20	12	CS49	R1	-0.000113563585475095	0	12
P03	20	13	CS49	R2	0.00603585086595217	0	14
P03	20	14	CS51	R1	-0.00520931551344666	0	14
P03	20	15	CS51	R2	0.0075884487202088	0	12
P03	20	16	CS53	R1	-0.000876381506138694	0	12
P03	20	17	CS53	R2	-0.00232824175789242	0	8
P03	20	18	CS54	R1	-0.00539960694451389	0	7
P03	20	19	CS54	R2	-0.00536496353133653	0	7
P03	20	20	CS55	R1	0.00677563332272225	0	14
P03	20	21	CS55	R2	-0.00843832545353361	0	14
P03	20	22	CS56	R1	-0.0163713652955121	0	12
P03	20	23	CS56	R2	-0.00605670013486604	0	12
P03	20	24	CS57	R1	0.00632577612791876	0	12
P03	20	25	CS57	R2	0.00452984144919803	0	12
P03	20	26	CS58	R1	-0.00938208210511756	0	7
P03	20	27	CS60	R1	0.0155872277252894	0	14
P03	20	28	CS62	R1	-0.00247149948548375	0	7
P03	20	29	CS62	R2	-0.0116121337743273	0	7
P03	21	1	CS41	R1	0.00456991434731101	0	14
P03	21	2	CS41	R2	-0.00741805421065253	0	14
P03	21	3	CS42	R1	-0.00222593848407293	0	14
P03	21	4	CS42	R2	0.00793042079531739	0	14
P03	21	5	CS43	R1	-0.000988721521449389	0	14
P03	21	6	CS43	R2	-0.00331343485736892	0	14
P03	21	7	CS44	R1	-0.000790574744696837	0	14
P03	21	8	CS47	R1	-0.00288891273529832	0	14
P03	21	9	CS47	R2	-0.00508645859248582	0	14
P03	21	10	CS48	R1	0.00118081840394665	0	14
P03	21	11	CS48	R2	-0.00521824050401217	0	14
P03	21	12	CS49	R1	-0.0155723370441696	0	12
P03	21	13	CS49	R2	-0.000284205708140512	0	14
P03	21	14	CS51	R1	-0.00269353382777082	0	14
P03	21	15	CS51	R2	0.0052994641416845	0	12
P03	21	16	CS53	R1	-0.00726088672956544	0	12
P03	21	17	CS53	R2	0.000570208167290724	0	8
P03	21	18	CS54	R1	-0.0124563352948094	0	7
P03	21	19	CS54	R2	0.00971649105762674	0	7
P03	21	20	CS55	R1	-0.00288971667130929	0	14
P03	21	21	CS55	R2	0.00109006649756123	0	14
P03	21	22	CS56	R1	-0.00120396178933799	0	12
P03	21	23	CS56	R2	0.00494086740955278	0	12
P03	21	24	CS57	R1	-0.0107306211344915	0	12
P03	21	25	CS57	R2	-0.000508579704561179	0	12
P03	21	26	CS58	R1	0.0125581977695877	0	7
P03	21	27	CS60	R1	-0.00401585360374467	0	14
P03	21	28	CS62	R1	0.00782113457816412	0	7
P03	21	29	CS62	R2	0.00481587775007155	0	7
P03	22	1	CS41	R1	-0.00565665492485806	0	14
P03	22	2	CS41	R2	0.00363962363179082	0	14
P03	22	3	CS42	R1	-0.0008348233993911	0	14
P03	22	4	CS42	R2	-0.00264917383872251	0	14
P03	22	5	CS43	R1	-0.0054426959647459	0	14
P03	22	6	CS43	R2	-0.00439275619125865	0	14
P03	22	7	CS44	R1	0.00331142987530328	0	14
P03	22	8	CS47	R1	-0.0016931031591387	0	14
P03	22	9	CS47	R2	0.00127443908973509	0	14
P03	22	10	CS48	R1	0.00182893725992395	0	14
P03	22	11	CS48	R2	-0.00619491334300074	0	14
P03	22	12	CS49	R1	-0.00168744390470221	0	12
P03	22	13	CS49	R2	-0.00652585461172743	0	14
P03	22	14	CS51	R1	-0.00488613480781642	0	14
P03	22	15	CS51	R2	-0.00339815642552783	0	12
P03	22	16	CS53	R1	-0.00561124218586725	0	12
P03	22	17	CS53	R2	0.0214462802809494	0	8
P03	22	18	CS54	R1	-0.0182844125681889	0	7
P03	22	19	CS54	R2	-0.00432359476762521	0	7
P03	22	20	CS55	R1	-0.00192474966729062	0	14
P03	22	21	CS55	R2	0.000571308763775146	0	14
P03	22	22	CS56	R1	-0.00569333499152512	0	12
P03	22	23	CS56	R2	-0.00144212932825301	0	12
P03	22	24	CS57	R1	-0.0063350185152226	0	12
P03	22	25	CS57	R2	-0.00761385531316153	0	12
P03	22	26	CS58	R1	-0.0138728068698669	0	7
P03	22	27	CS60	R1	0.005496354295335	0	14
P03	22	28	CS62	R1	-0.00596278031701663	0	7
P03	22	29	CS62	R2	-0.00292569164244676	0	7
P03	23	1	CS41	R1	-0.00348315286966801	0	14
P03	23	2	CS41	R2	0.00370923625809211	0	14
P03	23	3	CS42	R1	-0.00638391892806378	0	14
P03	23	4	CS42	R2	-0.00304571564611651	0	14
P03	23	5	CS43	R1	-0.00245640980460321	0	14
P03	23	6	CS43	R2	0.00335796573261098	0	14
P03	23	7	CS44	R1	0.000312485585796981	0	14
P03	23	8	CS47	R1	0.000483633749229986	0	14
P03	23	9	CS47	R2	0.00297804070361814	0	14
P03	23	10	CS48	R1	-0.00580938189423738	0	14
P03	23	11	CS48	R2	0.00147353811722175	0	14
P03	23	12	CS49	R1	0.00630098977456408	0	12
P03	23	13	CS49	R2	0.00109309789058018	0	14
P03	23	14	CS51	R1	0.00927309486264387	0	14
P03	23	15	CS51	R2	-0.00160574388697756	0	12
P03	23	16	CS53	R1	-0.0106235211563619	0	12
P03	23	17	CS53	R2	0.0131292098025341	0	8
P03	23	18	CS54	R1	0.00251946199221163	0	7
P03	23	19	CS54	R2	0.000733978218645535	0	7
P03	23	20	CS55	R1	0.00128979534945415	0	14
P03	23	21	CS55	R2	0.00455805100607309	0	14
P03	23	22	CS56	R1	-0.00257946792596397	0	12
P03	23	23	CS56	R2	0.00180178620451942	0	12
P03	23	24	CS57	R1	0.00027559721306962	0	12
P03	23	25	CS57	R2	-0.00798550445928821	0	12
P03	23	26	CS58	R1	-0.0160610779913104	0	7
P03	23	27	CS60	R1	-0.00741477475461889	0	14
P03	23	28	CS62	R1	-0.00251262908291435	0	7
P03	23	29	CS62	R2	-0.00180102195335689	0	7
P03	24	1	CS41	R1	0.00434733094875204	0	14
P03	24	2	CS41	R2	0.00705039605189825	0	14
P03	24	3	CS42	R1	0.00789967701028064	0	14
P03	24	4	CS42	R2	-0.00320317812640115	0	14
P03	24	5	CS43	R1	0.01240956539778	0	14
P03	24	6	CS43	R2	0.00626635131736971	0	14
P03	24	7	CS44	R1	-0.000372971276700056	0	14
P03	24	8	CS47	R1	-0.00834614260920719	0	14
P03	24	9	CS47	R2	-0.00127515068393614	0	14
P03	24	10	CS48	R1	0.00415428977793839	0	14
P03	24	11	CS48	R2	-0.00492626500971407	0	14
P03	24	12	CS49	R1	0.00300746582244632	0	12
P03	24	13	CS49	R2	-0.00185260701502044	0	14
P03	24	14	CS51	R1	-0.00421371628148655	0	14
P03	24	15	CS51	R2	-0.00090256830115699	0	12
P03	24	16	CS53	R1	0.00208345072388332	0	12
P03	24	17	CS53	R2	-0.00359444738603251	0	8
P03	24	18	CS54	R1	-0.0108855142894372	0	7
P03	24	19	CS54	R2	-0.00460694358742394	0	7
P03	24	20	CS55	R1	-0.00167933056427894	0	14
P03	24	21	CS55	R2	0.00741731557755971	0	14
P03	24	22	CS56	R1	-0.0034465556008714	0	12
P03	24	23	CS56	R2	0.000976110120492964	0	12
P03	24	24	CS57	R1	-9.74251973819203e-05	0	12
P03	24	25	CS57	R2	0.011143169168166	0	12
P03	24	26	CS58	R1	0.00669042016598043	0	7
P03	24	27	CS60	R1	-0.00259677871775851	0	14
P03	24	28	CS62	R1	0.00784408907454503	0	7
P03	24	29	CS62	R2	-0.00186385726105818	0	7
P03	25	1	CS41	R1	-0.000597140128919511	0	14
P03	25	2	CS41	R2	0.00112707797035457	0	14
P03	25	3	CS42	R1	0.000778295201400844	0	14
P03	25	4	CS42	R2	-0.00251091060114023	0	14
P03	25	5	CS43	R1	0.00278401594022731	0	14
P03	25	6	CS43	R2	-0.000264567803420027	0	14
P03	25	7	CS44	R1	0.000521107500263125	0	14
P03	25	8	CS47	R1	-0.0016475007210305	0	14
P03	25	9	CS47	R2	-0.00184687226155816	0	14
P03	25	10	CS48	R1	0.000847495500739219	0	14
P03	25	11	CS48	R2	-0.00172923467391585	0	14
P03	25	12	CS49	R1	0.00390505591305514	0	12
P03	25	13	CS49	R2	-0.0120538911845449	0	14
P03	25	14	CS51	R1	-0.00258334180372322	0	14
P03	25	15	CS51	R2	-0.00308021560280866	0	12
P03	25	16	CS53	R1	-0.0011879867393091	0	12
P03	25	17	CS53	R2	-0.00309273149113148	0	8
P03	25	18	CS54	R1	0.00291562637585612	0	7
P03	25	19	CS54	R2	-0.00177718093875365	0	7
P03	25	20	CS55	R1	-0.00123959550171509	0	14
P03	25	21	CS55	R2	-0.00528202570491194	0	14
P03	25	22	CS56	R1	-0.0020300329031314	0	12
P03	25	23	CS56	R2	-0.011099397103343	0	12
P03	25	24	CS57	R1	-0.000751523992328286	0	12
P03	25	25	CS57	R2	0.00159342284206002	0	12
P03	25	26	CS58	R1	-0.00326504325625404	0	7
P03	25	27	CS60	R1	0.00210876243938966	0	14
P03	25	28	CS62	R1	-0.00370672793629347	0	7
P03	25	29	CS62	R2	0.00383953398419947	0	7
P03	26	1	CS41	R1	-0.00831683086650774	0	14
P03	26	2	CS41	R2	0.00403129693755722	0	14
P03	26	3	CS42	R1	-0.00221119115565016	0	14
P03	26	4	CS42	R2	-0.00302686167925721	0	14
P03	26	5	CS43	R1	0.00348360255747048	0	14
P03	26	6	CS43	R2	0.00182836796995604	0	14
P03	26	7	CS44	R1	-0.00889715071691893	0	14
P03	26	8	CS47	R1	0.000470578622076529	0	14
P03	26	9	CS47	R2	0.00097398084005353	0	14
P03	26	10	CS48	R1	0.0035173410727236	0	14
P03	26	11	CS48	R2	-0.00599393668955194	0	14
P03	26	12	CS49	R1	0.000736820251247955	0	12
P03	26	13	CS49	R2	-0.000891133515533373	0	14
P03	26	14	CS51	R1	0.00214671049429048	0	14
P03	26	15	CS51	R2	0.00900549146847223	0	12
P03	26	16	CS53	R1	-0.00437020699891305	0	12
P03	26	17	CS53	R2	-0.00145714912451874	0	8
P03	26	18	CS54	R1	0.00491483955998959	0	7
P03	26	19	CS54	R2	-0.00267617649805388	0	7
P03	26	20	CS55	R1	-0.00869767284179959	0	14
P03	26	21	CS55	R2	0.00216953437947189	0	14
P03	26	22	CS56	R1	-0.0150621127016086	0	12
P03	26	23	CS56	R2	0.00291105360620065	0	12
P03	26	24	CS57	R1	0.00321777234166724	0	12
P03	26	25	CS57	R2	-0.00348414453024636	0	12
P03	26	26	CS58	R1	0.00576056282014739	0	7
P03	26	27	CS60	R1	0.00429434054480697	0	14
P03	26	28	CS62	R1	-0.00359069761584656	0	7
P03	26	29	CS62	R2	-0.0125084678552467	0	7
P03	27	1	CS41	R1	-0.00852345715120404	0	14
P03	27	2	CS41	R2	-0.00388650161194726	0	14
P03	27	3	CS42	R1	-0.0106895536046674	0	14
P03	27	4	CS42	R2	0.00177875184430699	0	14
P03	27	5	CS43	R1	0.00373275241984774	0	14
P03	27	6	CS43	R2	0.00468876787059776	0	14
P03	27	7	CS44	R1	0.00277407114867623	0	14
P03	27	8	CS47	R1	0.00756635168072769	0	14
P03	27	9	CS47	R2	-0.00390519897843535	0	14
P03	27	10	CS48	R1	-0.0102401909658312	0	14
P03	27	11	CS48	R2	0.00146311496687147	0	14
P03	27	12	CS49	R1	0.00616637943373115	0	12
P03	27	13	CS49	R2	-0.00433937970811121	0	14
P03	27	14	CS51	R1	0.00804426498779499	0	14
P03	27	15	CS51	R2	-0.0040918056722648	0	12
P03	27	16	CS53	R1	0.000470264355153666	0	12
P03	27	17	CS53	R2	-0.00477843223789928	0	8
P03	27	18	CS54	R1	0.00370578529257953	0	7
P03	27	19	CS54	R2	-0.00429768931855953	0	7
P03	27	20	CS55	R1	-0.00391486024268057	0	14
P03	27	21	CS55	R2	-0.00890837461350923	0	14
P03	27	22	CS56	R1	-0.00410065610452692	0	12
P03	27	23	CS56	R2	0.00473777551239997	0	12
P03	27	24	CS57	R1	0.000926161555834324	0	12
P03	27	25	CS57	R2	0.00261011154873396	0	12
P03	27	26	CS58	R1	-0.000910954020782522	0	7
P03	27	27	CS60	R1	-0.0113576137685717	0	14
P03	27	28	CS62	R1	-0.00482231094436488	0	7
P03	27	29	CS62	R2	0.00519392748969553	0	7
P03	28	1	CS41	R1	-0.00199326726108037	0	14
P03	28	2	CS41	R2	0.00690721175786747	0	14
P03	28	3	CS42	R1	-0.00130431798896671	0	14
P03	28	4	CS42	R2	0.00636187374627543	0	14
P03	28	5	CS43	R1	-0.00373282684390291	0	14
P03	28	6	CS43	R2	-0.011216795190018	0	14
P03	28	7	CS44	R1	0.00470878086958656	0	14
P03	28	8	CS47	R1	0.00518900971309709	0	14
P03	28	9	CS47	R2	-0.00508374421635159	0	14
P03	28	10	CS48	R1	0.00652068272711356	0	14
P03	28	11	CS48	R2	0.00117631116185088	0	14
P03	28	12	CS49	R1	0.00287347756812693	0	12
P03	28	13	CS49	R2	-0.0101769830376067	0	14
P03	28	14	CS51	R1	0.00141960395703363	0	14
P03	28	15	CS51	R2	0.00156611428524219	0	12
P03	28	16	CS53	R1	-0.00229563197451676	0	12
P03	28	17	CS53	R2	-0.00247000005706879	0	8
P03	28	18	CS54	R1	0.00391190510743911	0	7
P03	28	19	CS54	R2	-0.0020769611841639	0	7
P03	28	20	CS55	R1	-0.0066303789945359	0	14
P03	28	21	CS55	R2	-0.0117858113257588	0	14
P03	28	22	CS56	R1	-0.00770512175764488	0	12
P03	28	23	CS56	R2	-0.00965362471963504	0	12
P03	28	24	CS57	R1	0.00053091283407204	0	12
P03	28	25	CS57	R2	-0.00146679989725928	0	12
P03	28	26	CS58	R1	-0.00421456039854299	0	7
P03	28	27	CS60	R1	0.00238969452166489	0	14
P03	28	28	CS62	R1	-0.0039529799128993	0	7
P03	28	29	CS62	R2	-0.00583484377984073	0	7
P03	29	1	CS41	R1	0.00216172962851013	0	14
P03	29	2	CS41	R2	0.0049152209496126	0	14
P03	29	3	CS42	R1	0.00602738759570233	0	14
P03	29	4	CS42	R2	0.00560193800199106	0	14
P03	29	5	CS43	R1	-0.00589618864625181	0	14
P03	29	6	CS43	R2	0.0101682466639998	0	14
P03	29	7	CS44	R1	-0.00338970539648989	0	14
P03	29	8	CS47	R1	0.0064845448402716	0	14
P03	29	9	CS47	R2	-0.0105071662268727	0	14
P03	29	10	CS48	R1	-0.00796778029999893	0	14
P03	29	11	CS48	R2	-0.00887011268851903	0	14
P03	29	12	CS49	R1	0.00282640007623803	0	12
P03	29	13	CS49	R2	0.00568124415272801	0	14
P03	29	14	CS51	R1	-0.00181524300289734	0	14
P03	29	15	CS51	R2	0.00995191422649142	0	12
P03	29	16	CS53	R1	0.00149405912576743	0	12
P03	29	17	CS53	R2	0.00488881718875751	0	8
P03	29	18	CS54	R1	0.00733684088317795	0	7
P03	29	19	CS54	R2	0.011693855131476	0	7
P03	29	20	CS55	R1	-0.00982028817936545	0	14
P03	29	21	CS55	R2	-0.000578249149750064	0	14
P03	29	22	CS56	R1	-0.00305913341075715	0	12
P03	29	23	CS56	R2	-0.00083551408280797	0	12
P03	29	24	CS57	R1	0.000578048802058825	0	12
P03	29	25	CS57	R2	-0.00412985888561155	0	12
P03	29	26	CS58	R1	4.60292875226633e-05	0	7
P03	29	27	CS60	R1	-0.00313591277755328	0	14
P03	29	28	CS62	R1	-0.00521348766540366	0	7
P03	29	29	CS62	R2	-0.00375270850509381	0	7
P03	30	1	CS41	R1	0.00248139487399979	0	14
P03	30	2	CS41	R2	0.000302131779748556	0	14
P03	30	3	CS42	R1	-0.00596075149308125	0	14
P03	30	4	CS42	R2	0.000636602601870789	0	14
P03	30	5	CS43	R1	-0.0109154894986643	0	14
P03	30	6	CS43	R2	0.000137477033392846	0	14
P03	30	7	CS44	R1	-0.00535042644764701	0	14
P03	30	8	CS47	R1	-0.00428672374780528	0	14
P03	30	9	CS47	R2	0.000879622048347945	0	14
P03	30	10	CS48	R1	0.0117645505632183	0	14
P03	30	11	CS48	R2	0.00231661184043358	0	14
P03	30	12	CS49	R1	0.00525052542883138	0	12
P03	30	13	CS49	R2	0.00376450813979944	0	14
P03	30	14	CS51	R1	0.0043768391816094	0	14
P03	30	15	CS51	R2	0.00611726267653729	0	12
P03	30	16	CS53	R1	0.00311968250086544	0	12
P03	30	17	CS53	R2	-0.00396755190212693	0	8
P03	30	18	CS54	R1	-0.0021434863861846	0	7
P03	30	19	CS54	R2	-0.0111683071806391	0	7
P03	30	20	CS55	R1	-0.0070594814340861	0	14
P03	30	21	CS55	R2	0.00383017133214185	0	14
P03	30	22	CS56	R1	-0.00465588149336994	0	12
P03	30	23	CS56	R2	-0.0174458889438864	0	12
P03	30	24	CS57	R1	0.000580719777578364	0	12
P03	30	25	CS57	R2	-0.00627830069475329	0	12
P03	30	26	CS58	R1	-0.00775744730818196	0	7
P03	30	27	CS60	R1	-0.011068282977272	0	14
P03	30	28	CS62	R1	-0.0134572334419591	0	7
P03	30	29	CS62	R2	0.00856317928120196	0	7
P03	31	1	CS41	R1	0.00259973299867406	0	14
P03	31	2	CS41	R2	0.00138607016375625	0	14
P03	31	3	CS42	R1	-0.00291960170138432	0	14
P03	31	4	CS42	R2	-0.0019406379332913	0	14
P03	31	5	CS43	R1	-0.00114621063380461	0	14
P03	31	6	CS43	R2	-0.0029179235767551	0	14
P03	31	7	CS44	R1	-0.000196743034111825	0	14
P03	31	8	CS47	R1	-0.0043943410588526	0	14
P03	31	9	CS47	R2	0.00396615460210567	0	14
P03	31	10	CS48	R1	-0.00963059011745462	0	14
P03	31	11	CS48	R2	-0.0107353280571935	0	14
P03	31	12	CS49	R1	-0.00802089506838971	0	12
P03	31	13	CS49	R2	-0.00268482238261561	0	14
P03	31	14	CS51	R1	-0.00335899153151187	0	14
P03	31	15	CS51	R2	-0.00563219478538749	0	12
P03	31	16	CS53	R1	-0.0028056542631487	0	12
P03	31	17	CS53	R2	-0.0110855042011371	0	8
P03	31	18	CS54	R1	0.0075911341393675	0	7
P03	31	19	CS54	R2	-0.00273774418549737	0	7
P03	31	20	CS55	R1	7.66449606634158e-05	0	14
P03	31	21	CS55	R2	-0.00686514054863198	0	14
P03	31	22	CS56	R1	-0.0106121372695516	0	12
P03	31	23	CS56	R2	-0.0028139524493852	0	12
P03	31	24	CS57	R1	-0.00850082745755353	0	12
P03	31	25	CS57	R2	-0.000303108443773246	0	12
P03	31	26	CS58	R1	0.00425168707089796	0	7
P03	31	27	CS60	R1	-0.00818613186896419	0	14
P03	31	28	CS62	R1	0.00723753291698765	0	7
P03	31	29	CS62	R2	-5.48745953324453e-05	0	7
P03	32	1	CS41	R1	-0.00313106533499465	0	14
P03	32	2	CS41	R2	0.0126856323502461	0	14
P03	32	3	CS42	R1	0.00927599881048118	0	14
P03	32	4	CS42	R2	-0.00968757466174607	0	14
P03	32	5	CS43	R1	0.00111291478553465	0	14
P03	32	6	CS43	R2	0.00555622259298251	0	14
P03	32	7	CS44	R1	-0.0039108522308046	0	14
P03	32	8	CS47	R1	-0.00243016417141667	0	14
P03	32	9	CS47	R2	0.00310784980251141	0	14
P03	32	10	CS48	R1	-0.00433823738382593	0	14
P03	32	11	CS48	R2	0.00133180974915698	0	14
P03	32	12	CS49	R1	0.00643218535365923	0	12
P03	32	13	CS49	R2	-0.00432818950814985	0	14
P03	32	14	CS51	R1	-0.0163075170702184	0	14
P03	32	15	CS51	R2	0.0103871595463028	0	12
P03	32	16	CS53	R1	0.00291821215186157	0	12
P03	32	17	CS53	R2	0.0164975871514744	0	8
P03	32	18	CS54	R1	0.00114251810043829	0	7
P03	32	19	CS54	R2	-0.0120058027072223	0	7
P03	32	20	CS55	R1	0.00344216309997733	0	14
P03	32	21	CS55	R2	-0.00362683035286216	0	14
P03	32	22	CS56	R1	-0.0121043231013289	0	12
P03	32	23	CS56	R2	0.0147463970634101	0	12
P03	32	24	CS57	R1	0.00239303065694052	0	12
P03	32	25	CS57	R2	-0.00495540293697051	0	12
P03	32	26	CS58	R1	-0.0117822332194503	0	7
P03	32	27	CS60	R1	-0.0072597370980249	0	14
P03	32	28	CS62	R1	-0.00703443906295721	0	7
P03	32	29	CS62	R2	-0.00345964017695478	0	7
P03	33	1	CS41	R1	0.00506399288345981	0	14
P03	33	2	CS41	R2	-0.00849526144763214	0	14
P03	33	3	CS42	R1	-0.00568432367888332	0	14
P03	33	4	CS42	R2	-0.00355477555012281	0	14
P03	33	5	CS43	R1	0.00287488717493068	0	14
P03	33	6	CS43	R2	-0.00103027131832974	0	14
P03	33	7	CS44	R1	0.00143148612663485	0	14
P03	33	8	CS47	R1	-0.00933887619343765	0	14
P03	33	9	CS47	R2	-0.00320559472824813	0	14
P03	33	10	CS48	R1	0.000421353595038391	0	14
P03	33	11	CS48	R2	-0.00236835419239883	0	14
P03	33	12	CS49	R1	0.00100898481450197	0	12
P03	33	13	CS49	R2	-0.0030971801915256	0	14
P03	33	14	CS51	R1	-0.00187766776499879	0	14
P03	33	15	CS51	R2	-0.00259105612990144	0	12
P03	33	16	CS53	R1	0.00484134881771754	0	12
P03	33	17	CS53	R2	0.000904748875189368	0	8
P03	33	18	CS54	R1	-0.000762284332419551	0	7
P03	33	19	CS54	R2	0.000233097626620082	0	7
P03	33	20	CS55	R1	-0.00130665708337734	0	14
P03	33	21	CS55	R2	0.00661691326113108	0	14
P03	33	22	CS56	R1	0.00189101251658718	0	12
P03	33	23	CS56	R2	-0.0073855579180963	0	12
P03	33	24	CS57	R1	0.00101472878665121	0	12
P03	33	25	CS57	R2	-0.0110722053197625	0	12
P03	33	26	CS58	R1	-0.00455102625760863	0	7
P03	33	27	CS60	R1	-0.0070022010412111	0	14
P03	33	28	CS62	R1	-0.010113779943692	0	7
P03	33	29	CS62	R2	-0.0165461259551966	0	7
P03	34	1	CS41	R1	0.000566370586495135	0	14
P03	34	2	CS41	R2	-0.00627742184605769	0	14
P03	34	3	CS42	R1	0.010156742039648	0	14
P03	34	4	CS42	R2	0.00403874757350094	0	14
P03	34	5	CS43	R1	0.00503451751019533	0	14
P03	34	6	CS43	R2	-0.00732856886789085	0	14
P03	34	7	CS44	R1	0.00678404327901749	0	14
P03	34	8	CS47	R1	-0.00237420613060822	0	14
P03	34	9	CS47	R2	0.0127969307794537	0	14
P03	34	10	CS48	R1	-0.000466301615020389	0	14
P03	34	11	CS48	R2	0.00299217235967883	0	14
P03	34	12	CS49	R1	-0.000758334599537849	0	12
P03	34	13	CS49	R2	0.00585595589139079	0	14
P03	34	14	CS51	R1	0.00353815525615119	0	14
P03	34	15	CS51	R2	0.00472410659752333	0	12
P03	34	16	CS53	R1	-0.00126629931558142	0	12
P03	34	17	CS53	R2	0.0105422357164094	0	8
P03	34	18	CS54	R1	-0.0124517169232387	0	7
P03	34	19	CS54	R2	0.0101403261383348	0	7
P03	34	20	CS55	R1	0.0126771105185908	0	14
P03	34	21	CS55	R2	0.00103134764542215	0	14
P03	34	22	CS56	R1	-0.00258458102266537	0	12
P03	34	23	CS56	R2	-0.00401122331725846	0	12
P03	34	24	CS57	R1	0.000950595538341784	0	12
P03	34	25	CS57	R2	0.0043990765557368	0	12
P03	34	26	CS58	R1	0.00518393191415503	0	7
P03	34	27	CS60	R1	-0.00204889392786523	0	14
P03	34	28	CS62	R1	-0.0100850516852171	0	7
P03	34	29	CS62	R2	-0.00434264295869298	0	7
P03	35	1	CS41	R1	0.00962916765653579	0	14
P03	35	2	CS41	R2	0.00822041489401757	0	14
P03	35	3	CS42	R1	0.00781229317890463	0	14
P03	35	4	CS42	R2	0.00577232495901316	0	14
P03	35	5	CS43	R1	-0.0145526326227687	0	14
P03	35	6	CS43	R2	0.00676351629050393	0	14
P03	35	7	CS44	R1	0.00154222245783961	0	14
P03	35	8	CS47	R1	-0.0130464276758708	0	14
P03	35	9	CS47	R2	0.00434646972655807	0	14
P03	35	10	CS48	R1	-0.00100823628899277	0	14
P03	35	11	CS48	R2	0.00517099845035173	0	14
P03	35	12	CS49	R1	0.000287114129576922	0	12
P03	35	13	CS49	R2	-0.0119707159712962	0	14
P03	35	14	CS51	R1	0.00323393377111758	0	14
P03	35	15	CS51	R2	0.0184544237481102	0	12
P03	35	16	CS53	R1	-0.00712381304821019	0	12
P03	35	17	CS53	R2	-0.0022167674251032	0	8
P03	35	18	CS54	R1	0.00623716606709743	0	7
P03	35	19	CS54	R2	0.00251206098456343	0	7
P03	35	20	CS55	R1	0.0167136265179021	0	14
P03	35	21	CS55	R2	-0.00405028940812655	0	14
P03	35	22	CS56	R1	0.00138612538336736	0	12
P03	35	23	CS56	R2	0.00823027895492425	0	12
P03	35	24	CS57	R1	-0.00777318377500967	0	12
P03	35	25	CS57	R2	0.0101728943051832	0	12
P03	35	26	CS58	R1	0.0113017627715699	0	7
P03	35	27	CS60	R1	-0.000910750934911973	0	14
P03	35	28	CS62	R1	-0.00323882919317305	0	7
P03	35	29	CS62	R2	-0.00590837769838853	0	7
P03	36	1	CS41	R1	-0.00985077075126649	0	14
P03	36	2	CS41	R2	-0.00857842011010604	0	14
P03	36	3	CS42	R1	-0.00135783487700059	0	14
P03	36	4	CS42	R2	0.00718059189767293	0	14
P03	36	5	CS43	R1	0.0117888473862086	0	14
P03	36	6	CS43	R2	0.00283188980235272	0	14
P03	36	7	CS44	R1	0.0113968939941517	0	14
P03	36	8	CS47	R1	-8.29259283339497e-05	0	14
P03	36	9	CS47	R2	-0.00495179262898434	0	14
P03	36	10	CS48	R1	0.00198677934505678	0	14
P03	36	11	CS48	R2	0.00701885483849517	0	14
P03	36	12	CS49	R1	0.0106045350031515	0	12
P03	36	13	CS49	R2	0.00182300079514268	0	14
P03	36	14	CS51	R1	-0.00952022721703847	0	14
P03	36	15	CS51	R2	0.00238096858248457	0	12
P03	36	16	CS53	R1	0.00445815096772644	0	12
P03	36	17	CS53	R2	0.00854153604479392	0	8
P03	36	18	CS54	R1	-0.00643613924230615	0	7
P03	36	19	CS54	R2	-0.00336133286857617	0	7
P03	36	20	CS55	R1	0.000455303232729778	0	14
P03	36	21	CS55	R2	-0.00501170146156879	0	14
P03	36	22	CS56	R1	0.00239081978866908	0	12
P03	36	23	CS56	R2	0.00339833536255407	0	12
P03	36	24	CS57	R1	-0.00463753547118764	0	12
P03	36	25	CS57	R2	-0.000619137944850247	0	12
P03	36	26	CS58	R1	0.0128174036746775	0	7
P03	36	27	CS60	R1	0.00537253467088375	0	14
P03	36	28	CS62	R1	-0.0116997927909813	0	7
P03	36	29	CS62	R2	-0.00750803440744715	0	7
P03	37	1	CS41	R1	-0.00507255512379731	0	14
P03	37	2	CS41	R2	-0.000404273482687491	0	14
P03	37	3	CS42	R1	0.00514880507270034	0	14
P03	37	4	CS42	R2	-0.00357423963617192	0	14
P03	37	5	CS43	R1	0.00178293123273431	0	14
P03	37	6	CS43	R2	-0.00418454719856424	0	14
P03	37	7	CS44	R1	0.00938347243473242	0	14
P03	37	8	CS47	R1	0.00233812811251838	0	14
P03	37	9	CS47	R2	0.00353350671626466	0	14
P03	37	10	CS48	R1	0.00886433080047236	0	14
P03	37	11	CS48	R2	-0.00668776653095263	0	14
P03	37	12	CS49	R1	0.00193230737628933	0	12
P03	37	13	CS49	R2	-8.59819180497916e-05	0	14
P03	37	14	CS51	R1	-4.72700784732408e-06	0	14
P03	37	15	CS51	R2	-0.00893219974211742	0	12
P03	37	16	CS53	R1	0.000458363488546408	0	12
P03	37	17	CS53	R2	-0.00467193960372696	0	8
P03	37	18	CS54	R1	0.00604294198535703	0	7
P03	37	19	CS54	R2	-0.000956966683097412	0	7
P03	37	20	CS55	R1	-0.0128414394952808	0	14
P03	37	21	CS55	R2	0.00179185437177985	0	14
P03	37	22	CS56	R1	0.00835376453800752	0	12
P03	37	23	CS56	R2	0.00203250504400083	0	12
P03	37	24	CS57	R1	0.0078806504063867	0	12
P03	37	25	CS57	R2	0.00286775242338373	0	12
P03	37	26	CS58	R1	0.00737045097951081	0	7
P03	37	27	CS60	R1	0.000146165615130664	0	14
P03	37	28	CS62	R1	0.00932812256906694	0	7
P03	37	29	CS62	R2	-0.0139437210504152	0	7
P03	38	1	CS41	R1	0.0105658163386031	0	14
P03	38	2	CS41	R2	0.00386444130448905	0	14
P03	38	3	CS42	R1	-0.00640524322886433	0	14
P03	38	4	CS42	R2	-0.00454255639602415	0	14
P03	38	5	CS43	R1	-0.00157655901976747	0	14
P03	38	6	CS43	R2	0.00271657813470968	0	14
P03	38	7	CS44	R1	0.00429097017890404	0	14
P03	38	8	CS47	R1	0.00649987786047986	0	14
P03	38	9	CS47	R2	0.00552778734723356	0	14
P03	38	10	CS48	R1	0.00493135272317735	0	14
P03	38	11	CS48	R2	0.00115950009055174	0	14
P03	38	12	CS49	R1	-0.000385197816796966	0	12
P03	38	13	CS49	R2	0.00632267036974276	0	14
P03	38	14	CS51	R1	0.00541438991932135	0	14
P03	38	15	CS51	R2	-0.00713376056782726	0	12
P03	38	16	CS53	R1	0.00563310750830928	0	12
P03	38	17	CS53	R2	0.0073386622910649	0	8
P03	38	18	CS54	R1	0.00689520050244737	0	7
P03	38	19	CS54	R2	-0.0138617915270555	0	7
P03	38	20	CS55	R1	0.00107534344339243	0	14
P03	38	21	CS55	R2	-0.00114441504982906	0	14
P03	38	22	CS56	R1	-0.0102429779849148	0	12
P03	38	23	CS56	R2	-0.00152635490776118	0	12
P03	38	24	CS57	R1	0.00929592870990122	0	12
P03	38	25	CS57	R2	0.00763771661893412	0	12
P03	38	26	CS58	R1	-0.00726538694534909	0	7
P03	38	27	CS60	R1	-0.00795157270860628	0	14
P03	38	28	CS62	R1	0.000350980843063611	0	7
P03	38	29	CS62	R2	0.00248817797238761	0	7
P03	39	1	CS41	R1	-0.00107383257176991	0	14
P03	39	2	CS41	R2	0.00533863198503623	0	14
P03	39	3	CS42	R1	0.00415950851287336	0	14
P03	39	4	CS42	R2	0.000732240882136477	0	14
P03	39	5	CS43	R1	0.00594972119816109	0	14
P03	39	6	CS43	R2	-0.00306070866914488	0	14
P03	39	7	CS44	R1	-0.000109704176748495	0	14
P03	39	8	CS47	R1	0.00929521245617326	0	14
P03	39	9	CS47	R2	-0.00509360625241218	0	14
P03	39	10	CS48	R1	-0.0079295589757064	0	14
P03	39	11	CS48	R2	0.00380403293370284	0	14
P03	39	12	CS49	R1	0.00509138171792398	0	12
P03	39	13	CS49	R2	-0.00186527297335951	0	14
P03	39	14	CS51	R1	-0.002632370667154	0	14
P03	39	15	CS51	R2	-0.0155807741791983	0	12
P03	39	16	CS53	R1	-0.00981767972465014	0	12
P03	39	17	CS53	R2	-0.01336107074993	0	8
P03	39	18	CS54	R1	-0.000339750574075998	0	7
P03	39	19	CS54	R2	0.0020629506457415	0	7
P03	39	20	CS55	R1	0.00783014284130462	0	14
P03	39	21	CS55	R2	-0.00736538425703848	0	14
P03	39	22	CS56	R1	0.00381667758700546	0	12
P03	39	23	CS56	R2	0.00146709886551984	0	12
P03	39	24	CS57	R1	0.000737196452232781	0	12
P03	39	25	CS57	R2	0.00413433708825056	0	12
P03	39	26	CS58	R1	-0.0102822891210774	0	7
P03	39	27	CS60	R1	-0.0129583756062113	0	14
P03	39	28	CS62	R1	0.019752023996363	0	7
P03	39	29	CS62	R2	0.000652116029577479	0	7
P03	40	1	CS41	R1	0.00822164332302053	0	14
P03	40	2	CS41	R2	-0.00408078289360605	0	14
P03	40	3	CS42	R1	-0.00403534609501434	0	14
P03	40	4	CS42	R2	-0.0019185074765418	0	14
P03	40	5	CS43	R1	-0.0082249450214763	0	14
P03	40	6	CS43	R2	0.00868827244830902	0	14
P03	40	7	CS44	R1	-0.00266000877103444	0	14
P03	40	8	CS47	R1	-0.000693382829615396	0	14
P03	40	9	CS47	R2	0.00279495401623968	0	14
P03	40	10	CS48	R1	-0.00547737115586044	0	14
P03	40	11	CS48	R2	-0.0112191024582741	0	14
P03	40	12	CS49	R1	-0.00437904696000397	0	12
P03	40	13	CS49	R2	-0.0061393033680984	0	14
P03	40	14	CS51	R1	-0.00218811300347527	0	14
P03	40	15	CS51	R2	0.00262875058702121	0	12
P03	40	16	CS53	R1	-0.00204392528663106	0	12
P03	40	17	CS53	R2	0.00195069939933152	0	8
P03	40	18	CS54	R1	-0.000948388831886666	0	7
P03	40	19	CS54	R2	0.00784845074283592	0	7
P03	40	20	CS55	R1	0.00112845501671667	0	14
P03	40	21	CS55	R2	0.00117238366635923	0	14
P03	40	22	CS56	R1	-0.000172093136749669	0	12
P03	40	23	CS56	R2	0.00198956456612245	0	12
P03	40	24	CS57	R1	-0.00309200547708462	0	12
P03	40	25	CS57	R2	-0.00448581514616537	0	12
P03	40	26	CS58	R1	-0.0187597450501023	0	7
P03	40	27	CS60	R1	0.00861587918470554	0	14
P03	40	28	CS62	R1	0.0149365399454956	0	7
P03	40	29	CS62	R2	0.00777599733302823	0	7
P03	41	1	CS41	R1	0.00523411780106405	0	14
P03	41	2	CS41	R2	0.00974633369256578	0	14
P03	41	3	CS42	R1	-0.00345573526789505	0	14
P03	41	4	CS42	R2	0.000974899734267071	0	14
P03	41	5	CS43	R1	-0.00144996442431741	0	14
P03	41	6	CS43	R2	0.000207254966460791	0	14
P03	41	7	CS44	R1	0.00243632737450353	0	14
P03	41	8	CS47	R1	-0.00292792214211797	0	14
P03	41	9	CS47	R2	-0.00447289944478256	0	14
P03	41	10	CS48	R1	0.00268373843542877	0	14
P03	41	11	CS48	R2	0.0019343749636007	0	14
P03	41	12	CS49	R1	0.00418696125669737	0	12
P03	41	13	CS49	R2	0.00712645751084959	0	14
P03	41	14	CS51	R1	9.80388637322554e-06	0	14
P03	41	15	CS51	R2	0.00229202864249966	0	12
P03	41	16	CS53	R1	0.0012041431087573	0	12
P03	41	17	CS53	R2	-0.00064855768996111	0	8
P03	41	18	CS54	R1	-0.00392192569003868	0	7
P03	41	19	CS54	R2	0.00493187316405156	0	7
P03	41	20	CS55	R1	-0.0138086662689745	0	14
P03	41	21	CS55	R2	-0.00553258660861491	0	14
P03	41	22	CS56	R1	-0.00366278226963322	0	12
P03	41	23	CS56	R2	0.00454957242024055	0	12
P03	41	24	CS57	R1	0.00330768135530535	0	12
P03	41	25	CS57	R2	-0.00934713174925223	0	12
P03	41	26	CS58	R1	0.00934405617932301	0	7
P03	41	27	CS60	R1	0.00743425443756115	0	14
P03	41	28	CS62	R1	-0.000617168623669218	0	7
P03	41	29	CS62	R2	-0.00180216417843077	0	7
P03	42	1	CS41	R1	-0.00136862544668449	0	14
P03	42	2	CS41	R2	-0.0019897255869085	0	14
P03	42	3	CS42	R1	0.000123619618012378	0	14
P03	42	4	CS42	R2	0.00275912783203958	0	14
P03	42	5	CS43	R1	0.0128484755255395	0	14
P03	42	6	CS43	R2	0.000407682759148276	0	14
P03	42	7	CS44	R1	0.00143854690591922	0	14
P03	42	8	CS47	R1	-0.00490685843712059	0	14
P03	42	9	CS47	R2	0.0168411443947074	0	14
P03	42	10	CS48	R1	0.00444997719499925	0	14
P03	42	11	CS48	R2	-0.00911162995768943	0	14
P03	42	12	CS49	R1	-0.000292324256432737	0	12
P03	42	13	CS49	R2	0.00928655295915987	0	14
P03	42	14	CS51	R1	-0.00245256854621685	0	14
P03	42	15	CS51	R2	-0.00588657137619956	0	12
P03	42	16	CS53	R1	-0.000132820851612677	0	12
P03	42	17	CS53	R2	0.00549663720061879	0	8
P03	42	18	CS54	R1	0.00457051162117383	0	7
P03	42	19	CS54	R2	-0.0111395798974176	0	7
P03	42	20	CS55	R1	0.00568055954899817	0	14
P03	42	21	CS55	R2	0.00357285096420167	0	14
P03	42	22	CS56	R1	0.00550431190936774	0	12
P03	42	23	CS56	R2	-0.00761472399120454	0	12
P03	42	24	CS57	R1	-0.00834320836449964	0	12
P03	42	25	CS57	R2	-0.00364903607816042	0	12
P03	42	26	CS58	R1	-0.00486457050817101	0	7
P03	42	27	CS60	R1	0.00112691540759125	0	14
P03	42	28	CS62	R1	-0.00855575275256499	0	7
P03	42	29	CS62	R2	-0.000191119586830296	0	7
P03	43	1	CS41	R1	-0.000729090562164064	0	14
P03	43	2	CS41	R2	-0.000410870957692113	0	14
P03	43	3	CS42	R1	0.00591466067663965	0	14
P03	43	4	CS42	R2	-0.00211300162150376	0	14
P03	43	5	CS43	R1	-0.00726642599797141	0	14
P03	43	6	CS43	R2	-0.0126786113230073	0	14
P03	43	7	CS44	R1	0.0109134755432262	0	14
P03	43	8	CS47	R1	0.00358698434910547	0	14
P03	43	9	CS47	R2	-0.00111454206933373	0	14
P03	43	10	CS48	R1	-0.000645528659857958	0	14
P03	43	11	CS48	R2	-0.00106246317343814	0	14
P03	43	12	CS49	R1	-0.00160936886721618	0	12
P03	43	13	CS49	R2	0.0057157758902897	0	14
P03	43	14	CS51	R1	-0.00486704533841572	0	14
P03	43	15	CS51	R2	-0.00366363081191686	0	12
P03	43	16	CS53	R1	0.00412193076563397	0	12
P03	43	17	CS53	R2	0.00355116809284024	0	8
P03	43	18	CS54	R1	0.00343945125703111	0	7
P03	43	19	CS54	R2	-0.00915281280434444	0	7
P03	43	20	CS55	R1	0.00681980440190301	0	14
P03	43	21	CS55	R2	-0.000706759107752925	0	14
P03	43	22	CS56	R1	-0.00332173742016838	0	12
P03	43	23	CS56	R2	-0.00888140075879008	0	12
P03	43	24	CS57	R1	0.00323957399561527	0	12
P03	43	25	CS57	R2	-0.00229175007316326	0	12
P03	43	26	CS58	R1	-0.0128003383423561	0	7
P03	43	27	CS60	R1	0.00680123207707025	0	14
P03	43	28	CS62	R1	0.00137944831170595	0	7
P03	43	29	CS62	R2	-0.00640115037410022	0	7
P03	44	1	CS41	R1	-0.0123855495490171	0	14
P03	44	2	CS41	R2	-0.00693976386979952	0	14
P03	44	3	CS42	R1	0.00487243501824997	0	14
P03	44	4	CS42	R2	0.00194537577221206	0	14
P03	44	5	CS43	R1	0.000193181039604176	0	14
P03	44	6	CS43	R2	0.00448766538208204	0	14
P03	44	7	CS44	R1	-0.00332341954091582	0	14
P03	44	8	CS47	R1	-0.00266603725051721	0	14
P03	44	9	CS47	R2	-0.00350885511076115	0	14
P03	44	10	CS48	R1	-0.00114887229445765	0	14
P03	44	11	CS48	R2	0.00245528956825157	0	14
P03	44	12	CS49	R1	-0.00683435715887502	0	12
P03	44	13	CS49	R2	0.00251675526169584	0	14
P03	44	14	CS51	R1	0.00231081318536356	0	14
P03	44	15	CS51	R2	-0.000224513732473872	0	12
P03	44	16	CS53	R1	-0.000428087307144382	0	12
P03	44	17	CS53	R2	0.00638812774691532	0	8
P03	44	18	CS54	R1	-0.00741157369109298	0	7
P03	44	19	CS54	R2	0.00687879451467277	0	7
P03	44	20	CS55	R1	0.00292187063811419	0	14
P03	44	21	CS55	R2	-0.00482886459998736	0	14
P03	44	22	CS56	R1	-0.0159035310870806	0	12
P03	44	23	CS56	R2	-0.00210192395243425	0	12
P03	44	24	CS57	R1	-0.00395205606794957	0	12
P03	44	25	CS57	R2	0.00048438126924188	0	12
P03	44	26	CS58	R1	-0.00475729687726293	0	7
P03	44	27	CS60	R1	-0.0020267829139708	0	14
P03	44	28	CS62	R1	-0.0117906487010901	0	7
P03	44	29	CS62	R2	0.0296086055949421	0	7
P03	45	1	CS41	R1	-0.0103271191423113	0	14
P03	45	2	CS41	R2	-0.00267262655653532	0	14
P03	45	3	CS42	R1	0.00542582441087806	0	14
P03	45	4	CS42	R2	0.0026529071830361	0	14
P03	45	5	CS43	R1	-0.00960237988893011	0	14
P03	45	6	CS43	R2	0.00360676208398361	0	14
P03	45	7	CS44	R1	0.00415163622029315	0	14
P03	45	8	CS47	R1	-0.0119269341329258	0	14
P03	45	9	CS47	R2	0.00833808547569086	0	14
P03	45	10	CS48	R1	-0.0110014843922509	0	14
P03	45	11	CS48	R2	-0.0123553725670684	0	14
P03	45	12	CS49	R1	-0.00243366544162186	0	12
P03	45	13	CS49	R2	-0.00627527287080462	0	14
P03	45	14	CS51	R1	-0.00260909009308142	0	14
P03	45	15	CS51	R2	-0.00384701838050566	0	12
P03	45	16	CS53	R1	0.00123676986623213	0	12
P03	45	17	CS53	R2	-0.00570250735836718	0	8
P03	45	18	CS54	R1	-0.00245196282726217	0	7
P03	45	19	CS54	R2	0.00822953176525907	0	7
P03	45	20	CS55	R1	-0.00320100202242614	0	14
P03	45	21	CS55	R2	-0.00109472411780378	0	14
P03	45	22	CS56	R1	-0.0130525012066114	0	12
P03	45	23	CS56	R2	0.00275084773821674	0	12
P03	45	24	CS57	R1	0.00518539362739328	0	12
P03	45	25	CS57	R2	-0.00624323547170194	0	12
P03	45	26	CS58	R1	0.00413693687795813	0	7
P03	45	27	CS60	R1	0.0144050902814059	0	14
P03	45	28	CS62	R1	0.0157178885570978	0	7
P03	45	29	CS62	R2	-0.0132135293134946	0	7
P03	46	1	CS41	R1	-0.00221514966330944	0	14
P03	46	2	CS41	R2	-0.00252855931936482	0	14
P03	46	3	CS42	R1	-1.37515585522078e-05	0	14
P03	46	4	CS42	R2	0.00048458003878593	0	14
P03	46	5	CS43	R1	-0.00424707366713997	0	14
P03	46	6	CS43	R2	-0.0131402232422437	0	14
P03	46	7	CS44	R1	0.00191941634011302	0	14
P03	46	8	CS47	R1	-0.00327727515828977	0	14
P03	46	9	CS47	R2	-0.0149771190504126	0	14
P03	46	10	CS48	R1	-0.0133887602335917	0	14
P03	46	11	CS48	R2	2.40403785325757e-05	0	14
P03	46	12	CS49	R1	0.000410559037548145	0	12
P03	46	13	CS49	R2	-0.0128247337941628	0	14
P03	46	14	CS51	R1	-0.00505010881147124	0	14
P03	46	15	CS51	R2	-0.00504860821380615	0	12
P03	46	16	CS53	R1	-0.00701804400147324	0	12
P03	46	17	CS53	R2	-0.00941397081246795	0	8
P03	46	18	CS54	R1	0.00622543468438381	0	7
P03	46	19	CS54	R2	0.00323402792926916	0	7
P03	46	20	CS55	R1	0.00638551178195673	0	14
P03	46	21	CS55	R2	0.00705220824240218	0	14
P03	46	22	CS56	R1	0.00388642940889284	0	12
P03	46	23	CS56	R2	-0.0027511472911437	0	12
P03	46	24	CS57	R1	-0.00521459846396586	0	12
P03	46	25	CS57	R2	-0.00805524262191471	0	12
P03	46	26	CS58	R1	-0.00261153095679263	0	7
P03	46	27	CS60	R1	-0.000237410858042419	0	14
P03	46	28	CS62	R1	-0.00197130727483743	0	7
P03	46	29	CS62	R2	0.000595000716536778	0	7
P03	47	1	CS41	R1	-0.00092543884108989	0	14
P03	47	2	CS41	R2	-0.0057569991008033	0	14
P03	47	3	CS42	R1	0.0108467615600004	0	14
P03	47	4	CS42	R2	0.00079033399681312	0	14
P03	47	5	CS43	R1	0.00331293571857981	0	14
P03	47	6	CS43	R2	-0.0034432133491225	0	14
P03	47	7	CS44	R1	-0.0132040005592583	0	14
P03	47	8	CS47	R1	0.0010678554436364	0	14
P03	47	9	CS47	R2	-0.0074241115330667	0	14
P03	47	10	CS48	R1	-0.0040715576417731	0	14
P03	47	11	CS48	R2	-0.00801070614261478	0	14
P03	47	12	CS49	R1	0.00266720931794087	0	12
P03	47	13	CS49	R2	-0.00739644337988084	0	14
P03	47	14	CS51	R1	0.00127651976387023	0	14
P03	47	15	CS51	R2	0.000585230887701648	0	12
P03	47	16	CS53	R1	-0.00118052004274612	0	12
P03	47	17	CS53	R2	-0.000655569265841738	0	8
P03	47	18	CS54	R1	0.00492201640960349	0	7
P03	47	19	CS54	R2	0.0102636552046291	0	7
P03	47	20	CS55	R1	-0.00671967304215917	0	14
P03	47	21	CS55	R2	0.00903559269603284	0	14
P03	47	22	CS56	R1	-0.00973087800964352	0	12
P03	47	23	CS56	R2	0.0056070169722868	0	12
P03	47	24	CS57	R1	-0.00993922142127737	0	12
P03	47	25	CS57	R2	-0.00404366954350828	0	12
P03	47	26	CS58	R1	0.00745717061623213	0	7
P03	47	27	CS60	R1	-0.00384567755731222	0	14
P03	47	28	CS62	R1	-0.00093505330718972	0	7
P03	47	29	CS62	R2	-0.00406125672542702	0	7
P03	48	1	CS41	R1	0.00937169974232509	0	14
P03	48	2	CS41	R2	0.00235595850046392	0	14
P03	48	3	CS42	R1	-0.0106055109482538	0	14
P03	48	4	CS42	R2	-0.00435042850024498	0	14
P03	48	5	CS43	R1	-0.000105847826283095	0	14
P03	48	6	CS43	R2	-0.00392172135274908	0	14
P03	48	7	CS44	R1	-0.0110626906092809	0	14
P03	48	8	CS47	R1	-0.00764796248353706	0	14
P03	48	9	CS47	R2	0.00179831932720761	0	14
P03	48	10	CS48	R1	-0.00209730353437202	0	14
P03	48	11	CS48	R2	0.0102443406760602	0	14
P03	48	12	CS49	R1	-0.014854000693556	0	12
P03	48	13	CS49	R2	-0.00174325098858638	0	14
P03	48	14	CS51	R1	-0.0105888713258303	0	14
P03	48	15	CS51	R2	0.00700786721777144	0	12
P03	48	16	CS53	R1	0.00456027078212324	0	12
P03	48	17	CS53	R2	-0.000757056753470186	0	8
P03	48	18	CS54	R1	0.0108624094348768	0	7
P03	48	19	CS54	R2	-0.00901131654860281	0	7
P03	48	20	CS55	R1	-0.0117054229130528	0	14
P03	48	21	CS55	R2	0.00347747905690301	0	14
P03	48	22	CS56	R1	0.00320164536782212	0	12
P03	48	23	CS56	R2	0.00261057272960026	0	12
P03	48	24	CS57	R1	0.00243621730155364	0	12
P03	48	25	CS57	R2	0.00182422289065408	0	12
P03	48	26	CS58	R1	0.00504386583609322	0	7
P03	48	27	CS60	R1	-0.00754131211370584	0	14
P03	48	28	CS62	R1	0.00644933744591031	0	7
P03	48	29	CS62	R2	-0.00541900915321253	0	7
P03	49	1	CS41	R1	0.00177247892046843	0	14
P03	49	2	CS41	R2	-0.0127959817497866	0	14
P03	49	3	CS42	R1	-0.00260027362057489	0	14
P03	49	4	CS42	R2	-0.00255479244569205	0	14
P03	49	5	CS43	R1	-0.00091515440181859	0	14
P03	49	6	CS43	R2	0.00372101195243507	0	14
P03	49	7	CS44	R1	0.00903977411219859	0	14
P03	49	8	CS47	R1	-0.00108085908231164	0	14
P03	49	9	CS47	R2	-0.0130129844223226	0	14
P03	49	10	CS48	R1	0.0080220398283844	0	14
P03	49	11	CS48	R2	-0.00323415391777568	0	14
P03	49	12	CS49	R1	0.00551853307309822	0	12
P03	49	13	CS49	R2	-0.00324219446369595	0	14
P03	49	14	CS51	R1	-0.00162137730359889	0	14
P03	49	15	CS51	R2	-0.00642727959639409	0	12
P03	49	16	CS53	R1	-0.00401396353834328	0	12
P03	49	17	CS53	R2	-0.00642986962725056	0	8
P03	49	18	CS54	R1	0.00906893150951609	0	7
P03	49	19	CS54	R2	3.45603090763026e-05	0	7
P03	49	20	CS55	R1	0.00422318650283079	0	14
P03	49	21	CS55	R2	0.00706073439394695	0	14
P03	49	22	CS56	R1	-0.0121849075387037	0	12
P03	49	23	CS56	R2	-0.0101212684139603	0	12
P03	49	24	CS57	R1	-0.00879784350283507	0	12
P03	49	25	CS57	R2	0.0136819992854492	0	12
P03	49	26	CS58	R1	0.00848420546470271	0	7
P03	49	27	CS60	R1	-0.00614563277682659	0	14
P03	49	28	CS62	R1	0.00307504739826625	0	7
P03	49	29	CS62	R2	-0.000493730130678387	0	7
P03	50	1	CS41	R1	0.001747102736287	0	14
P03	50	2	CS41	R2	-0.00721425102073802	0	14
P03	50	3	CS42	R1	0.00105230682308771	0	14
P03	50	4	CS42	R2	-0.00134591695511612	0	14
P03	50	5	CS43	R1	5.82656154708787e-05	0	14
P03	50	6	CS43	R2	-0.000406477050656466	0	14
P03	50	7	CS44	R1	-0.00164221028115977	0	14
P03	50	8	CS47	R1	-0.00127397355179307	0	14
P03	50	9	CS47	R2	-0.00606453545997857	0	14
P03	50	10	CS48	R1	0.00664020125973926	0	14
P03	50	11	CS48	R2	0.00079793861960285	0	14
P03	50	12	CS49	R1	0.000383264427741523	0	12
P03	50	13	CS49	R2	0.000794860090326586	0	14
P03	50	14	CS51	R1	-0.00559502234135627	0	14
P03	50	15	CS51	R2	-0.00778294644685809	0	12
P03	50	16	CS53	R1	6.53791595925788e-05	0	12
P03	50	17	CS53	R2	0.0014574826812852	0	8
P03	50	18	CS54	R1	-0.0020008654593194	0	7
P03	50	19	CS54	R2	0.00271747390143776	0	7
P03	50	20	CS55	R1	0.00147670477251089	0	14
P03	50	21	CS55	R2	-0.00223122477219702	0	14
P03	50	22	CS56	R1	-0.0125349221502707	0	12
P03	50	23	CS56	R2	0.012866263648916	0	12
P03	50	24	CS57	R1	0.00278875796533392	0	12
P03	50	25	CS57	R2	0.000367499148510404	0	12
P03	50	26	CS58	R1	-0.0052156292209628	0	7
P03	50	27	CS60	R1	-0.001061071115903	0	14
P03	50	28	CS62	R1	0.0069267484495833	0	7
P03	50	29	CS62	R2	-0.00546100068515497	0	7
P03	51	1	CS41	R1	0.0116459723305986	0	14
P03	51	2	CS41	R2	0.00204628146988147	0	14
P03	51	3	CS42	R1	0.00091857050707534	0	14
P03	51	4	CS42	R2	0.00123229138870642	0	14
P03	51	5	CS43	R1	0.0045228944584617	0	14
P03	51	6	CS43	R2	-0.000483325005497342	0	14
P03	51	7	CS44	R1	-0.00308206083868647	0	14
P03	51	8	CS47	R1	-0.00591603790886795	0	14
P03	51	9	CS47	R2	0.00224445769798247	0	14
P03	51	10	CS48	R1	0.00176506805516757	0	14
P03	51	11	CS48	R2	0.000111817348269733	0	14
P03	51	12	CS49	R1	-0.00204491380489957	0	12
P03	51	13	CS49	R2	0.0055896262855105	0	14
P03	51	14	CS51	R1	-0.00499290218124345	0	14
P03	51	15	CS51	R2	0.00709988445205235	0	12
P03	51	16	CS53	R1	-0.00750364163330564	0	12
P03	51	17	CS53	R2	-0.00767764522659907	0	8
P03	51	18	CS54	R1	-0.00867955039724343	0	7
P03	51	19	CS54	R2	0.00491645804438351	0	7
P03	51	20	CS55	R1	0.00250539058432753	0	14
P03	51	21	CS55	R2	0.00194899120398311	0	14
P03	51	22	CS56	R1	-0.00566996295748165	0	12
P03	51	23	CS56	R2	-0.00738549830425348	0	12
P03	51	24	CS57	R1	-0.00839486167851261	0	12
P03	51	25	CS57	R2	0.00389005401814014	0	12
P03	51	26	CS58	R1	0.0023435786668451	0	7
P03	51	27	CS60	R1	-0.00860291621789126	0	14
P03	51	28	CS62	R1	0.0131771511304958	0	7
P03	51	29	CS62	R2	-0.011478189671533	0	7
P03	52	1	CS41	R1	0.00498735035273669	0	14
P03	52	2	CS41	R2	-0.00778642020974562	0	14
P03	52	3	CS42	R1	-0.0127242933898923	0	14
P03	52	4	CS42	R2	0.0056334339795904	0	14
P03	52	5	CS43	R1	-0.00598404192860698	0	14
P03	52	6	CS43	R2	0.00309598697644649	0	14
P03	52	7	CS44	R1	-0.00323973731582824	0	14
P03	52	8	CS47	R1	-0.0101636350998267	0	14
P03	52	9	CS47	R2	0.00480545518825535	0	14
P03	52	10	CS48	R1	0.00228778940888233	0	14
P03	52	11	CS48	R2	-0.000166966705479978	0	14
P03	52	12	CS49	R1	0.00502165787530689	0	12
P03	52	13	CS49	R2	0.00664387489119771	0	14
P03	52	14	CS51	R1	-0.00345713136047682	0	14
P03	52	15	CS51	R2	-0.0107799012021696	0	12
P03	52	16	CS53	R1	0.00430611881503913	0	12
P03	52	17	CS53	R2	-0.00353191060348669	0	8
P03	52	18	CS54	R1	-0.00622415237701318	0	7
P03	52	19	CS54	R2	0.00210556822445021	0	7
P03	52	20	CS55	R1	-0.00982028676517534	0	14
P03	52	21	CS55	R2	-0.00309199749262792	0	14
P03	52	22	CS56	R1	0.0112255755632448	0	12
P03	52	23	CS56	R2	-0.00389363159573687	0	12
P03	52	24	CS57	R1	-0.00133892579184204	0	12
P03	52	25	CS57	R2	0.00960656825251221	0	12
P03	52	26	CS58	R1	0.00348637638974208	0	7
P03	52	27	CS60	R1	0.00322515240193516	0	14
P03	52	28	CS62	R1	0.020605606286256	0	7
P03	52	29	CS62	R2	-0.010934561718832	0	7
P03	53	1	CS41	R1	0.00815107620093204	0	14
P03	53	2	CS41	R2	-0.00595271100178051	0	14
P03	53	3	CS42	R1	-0.0151802594871937	0	14
P03	53	4	CS42	R2	0.0011294535548335	0	14
P03	53	5	CS43	R1	-0.000761119659851246	0	14
P03	53	6	CS43	R2	-0.00280349503138502	0	14
P03	53	7	CS44	R1	-0.00684451167884483	0	14
P03	53	8	CS47	R1	-0.0105251645576334	0	14
P03	53	9	CS47	R2	-0.00564063624975135	0	14
P03	53	10	CS48	R1	0.00661251211545397	0	14
P03	53	11	CS48	R2	0.00623415628095277	0	14
P03	53	12	CS49	R1	-0.00405714278025156	0	12
P03	53	13	CS49	R2	-0.00875514962259817	0	14
P03	53	14	CS51	R1	0.00526013339099123	0	14
P03	53	15	CS51	R2	-0.00552128363346207	0	12
P03	53	16	CS53	R1	0.00150613321241209	0	12
P03	53	17	CS53	R2	0.000502037803404736	0	8
P03	53	18	CS54	R1	-0.000468916947154423	0	7
P03	53	19	CS54	R2	0.00525228147222611	0	7
P03	53	20	CS55	R1	0.00674093262065287	0	14
P03	53	21	CS55	R2	0.00122987732248511	0	14
P03	53	22	CS56	R1	0.00173231653002327	0	12
P03	53	23	CS56	R2	-0.00252311321754014	0	12
P03	53	24	CS57	R1	-0.000312283303099226	0	12
P03	53	25	CS57	R2	-0.00291574421526226	0	12
P03	53	26	CS58	R1	0.00557071617149461	0	7
P03	53	27	CS60	R1	-0.00330575217458848	0	14
P03	53	28	CS62	R1	-0.0148783094568863	0	7
P03	53	29	CS62	R2	-0.011883061312274	0	7
P03	54	1	CS41	R1	0.00189752471756196	0	14
P03	54	2	CS41	R2	0.00956829290826819	0	14
P03	54	3	CS42	R1	-0.0084815749653686	0	14
P03	54	4	CS42	R2	-0.00618647578865659	0	14
P03	54	5	CS43	R1	0.00473837814900864	0	14
P03	54	6	CS43	R2	0.00430943000256543	0	14
P03	54	7	CS44	R1	-0.00661998793789378	0	14
P03	54	8	CS47	R1	0.000906719355754018	0	14
P03	54	9	CS47	R2	0.0044136012809897	0	14
P03	54	10	CS48	R1	-0.00421977091377996	0	14
P03	54	11	CS48	R2	0.00228918609948222	0	14
P03	54	12	CS49	R1	-0.00726377433142101	0	12
P03	54	13	CS49	R2	0.00442157845225394	0	14
P03	54	14	CS51	R1	0.000547228022915182	0	14
P03	54	15	CS51	R2	0.00950803028796442	0	12
P03	54	16	CS53	R1	0.0065993434349382	0	12
P03	54	17	CS53	R2	0.00598497336839232	0	8
P03	54	18	CS54	R1	0.00836782567706499	0	7
P03	54	19	CS54	R2	0.00450197122907444	0	7
P03	54	20	CS55	R1	-0.00806636347841162	0	14
P03	54	21	CS55	R2	0.00775194529965643	0	14
P03	54	22	CS56	R1	0.00178156759032384	0	12
P03	54	23	CS56	R2	-0.00498797867704895	0	12
P03	54	24	CS57	R1	-0.000837729201086922	0	12
P03	54	25	CS57	R2	0.00370608651663083	0	12
P03	54	26	CS58	R1	0.0119402213700426	0	7
P03	54	27	CS60	R1	-0.00680997536540802	0	14
P03	54	28	CS62	R1	-0.00512417835867439	0	7
P03	54	29	CS62	R2	-0.00119146301527346	0	7
P03	55	1	CS41	R1	-0.00639978352449406	0	14
P03	55	2	CS41	R2	0.00212960211711696	0	14
P03	55	3	CS42	R1	0.00421386587406757	0	14
P03	55	4	CS42	R2	-0.000169768550835209	0	14
P03	55	5	CS43	R1	-0.00421362439611639	0	14
P03	55	6	CS43	R2	-0.0039899107676575	0	14
P03	55	7	CS44	R1	-0.00434448021119524	0	14
P03	55	8	CS47	R1	0.00173369597489191	0	14
P03	55	9	CS47	R2	-0.0116475103115827	0	14
P03	55	10	CS48	R1	0.00164517372211904	0	14
P03	55	11	CS48	R2	-0.000832861794682049	0	14
P03	55	12	CS49	R1	-0.00135369679683894	0	12
P03	55	13	CS49	R2	-0.0077525142939505	0	14
P03	55	14	CS51	R1	-0.000175088666245056	0	14
P03	55	15	CS51	R2	0.0117774675425623	0	12
P03	55	16	CS53	R1	0.00503706940901021	0	12
P03	55	17	CS53	R2	-0.0124467377276881	0	8
P03	55	18	CS54	R1	-0.0135041807131669	0	7
P03	55	19	CS54	R2	-0.000822654210420275	0	7
P03	55	20	CS55	R1	-0.00783093617659664	0	14
P03	55	21	CS55	R2	0.0047508281995694	0	14
P03	55	22	CS56	R1	0.00545216918151931	0	12
P03	55	23	CS56	R2	0.00112573619300748	0	12
P03	55	24	CS57	R1	-0.00499913874339254	0	12
P03	55	25	CS57	R2	-0.00230699258766757	0	12
P03	55	26	CS58	R1	0.00765396182862206	0	7
P03	55	27	CS60	R1	-0.00202345964772851	0	14
P03	55	28	CS62	R1	-0.0115782892822796	0	7
P03	55	29	CS62	R2	0.000954373852601317	0	7
P03	56	1	CS41	R1	-0.00287936905178528	0	14
P03	56	2	CS41	R2	0.00058889446264425	0	14
P03	56	3	CS42	R1	-0.00166121458515164	0	14
P03	56	4	CS42	R2	9.28062993224599e-05	0	14
P03	56	5	CS43	R1	0.000223047236197542	0	14
P03	56	6	CS43	R2	0.00241867009698624	0	14
P03	56	7	CS44	R1	0.00493124475918657	0	14
P03	56	8	CS47	R1	-0.00426016993816235	0	14
P03	56	9	CS47	R2	0.00607296973348657	0	14
P03	56	10	CS48	R1	0.00361291487775478	0	14
P03	56	11	CS48	R2	-0.00316853831110525	0	14
P03	56	12	CS49	R1	0.0026813318463094	0	12
P03	56	13	CS49	R2	5.63942557091667e-05	0	14
P03	56	14	CS51	R1	-0.0080247390694184	0	14
P03	56	15	CS51	R2	0.00479443627930858	0	12
P03	56	16	CS53	R1	-0.00737089480211901	0	12
P03	56	17	CS53	R2	-0.0147781824708724	0	8
P03	56	18	CS54	R1	0.0108196713044699	0	7
P03	56	19	CS54	R2	0.00650169419402094	0	7
P03	56	20	CS55	R1	-0.00205076919619917	0	14
P03	56	21	CS55	R2	-0.00127270209124301	0	14
P03	56	22	CS56	R1	0.0160321582055567	0	12
P03	56	23	CS56	R2	0.0127984308816692	0	12
P03	56	24	CS57	R1	0.0120857229195886	0	12
P03	56	25	CS57	R2	0.00506051677387163	0	12
P03	56	26	CS58	R1	-0.00710335650137054	0	7
P03	56	27	CS60	R1	-0.0065921243778341	0	14
P03	56	28	CS62	R1	-0.0175079043060645	0	7
P03	56	29	CS62	R2	-0.00743330125691252	0	7
P03	57	1	CS41	R1	-0.00372808803656194	0	14
P03	57	2	CS41	R2	-0.0105560424559573	0	14
P03	57	3	CS42	R1	-0.00767421048723857	0	14
P03	57	4	CS42	R2	-0.00359250013437466	0	14
P03	57	5	CS43	R1	0.00340282859337481	0	14
P03	57	6	CS43	R2	-0.00112170995481223	0	14
P03	57	7	CS44	R1	-0.00147606850747097	0	14
P03	57	8	CS47	R1	0.00820362792839632	0	14
P03	57	9	CS47	R2	0.001000412283041	0	14
P03	57	10	CS48	R1	0.000916135231888892	0	14
P03	57	11	CS48	R2	-0.00736580710721015	0	14
P03	57	12	CS49	R1	0.00422397441931743	0	12
P03	57	13	CS49	R2	-0.00374287582545332	0	14
P03	57	14	CS51	R1	-0.00275737863529571	0	14
P03	57	15	CS51	R2	0.00257920099270902	0	12
P03	57	16	CS53	R1	-0.00955401453540385	0	12
P03	57	17	CS53	R2	-0.00365894836738429	0	8
P03	57	18	CS54	R1	-0.00876340941563393	0	7
P03	57	19	CS54	R2	-0.00805168147716965	0	7
P03	57	20	CS55	R1	-0.00621241405268258	0	14
P03	57	21	CS55	R2	0.00334309689531093	0	14
P03	57	22	CS56	R1	-0.006485021972271	0	12
P03	57	23	CS56	R2	-0.00237958553467683	0	12
P03	57	24	CS57	R1	0.0114857620817736	0	12
P03	57	25	CS57	R2	-0.00590793606205328	0	12
P03	57	26	CS58	R1	0.000399116178552615	0	7
P03	57	27	CS60	R1	0.00384458381316396	0	14
P03	57	28	CS62	R1	0.00444431979649352	0	7
P03	57	29	CS62	R2	-0.00473771163185599	0	7
P03	58	1	CS41	R1	0.00415175420901819	0	14
P03	58	2	CS41	R2	0.00441376227060106	0	14
P03	58	3	CS42	R1	-0.00033542416441752	0	14
P03	58	4	CS42	R2	-0.0109508814516515	0	14
P03	58	5	CS43	R1	-0.00470873003338507	0	14
P03	58	6	CS43	R2	-0.00758521310849154	0	14
P03	58	7	CS44	R1	0.00424537351759129	0	14
P03	58	8	CS47	R1	0.00711384144665485	0	14
P03	58	9	CS47	R2	0.0089090771882299	0	14
P03	58	10	CS48	R1	0.00926192235727426	0	14
P03	58	11	CS48	R2	0.00353589757470171	0	14
P03	58	12	CS49	R1	0.00585894830464897	0	12
P03	58	13	CS49	R2	-0.00561456814825563	0	14
P03	58	14	CS51	R1	0.000274935958648933	0	14
P03	58	15	CS51	R2	0.00188935053111225	0	12
P03	58	16	CS53	R1	-0.000973205569655032	0	12
P03	58	17	CS53	R2	-0.00792681256680019	0	8
P03	58	18	CS54	R1	-0.00173462299534305	0	7
P03	58	19	CS54	R2	-0.001619799611567	0	7
P03	58	20	CS55	R1	-0.00451524677127079	0	14
P03	58	21	CS55	R2	0.00586758985064579	0	14
P03	58	22	CS56	R1	0.000241801795802979	0	12
P03	58	23	CS56	R2	-0.00236441033526875	0	12
P03	58	24	CS57	R1	-0.00463886873930279	0	12
P03	58	25	CS57	R2	-0.00376234108665655	0	12
P03	58	26	CS58	R1	-0.00695578511932606	0	7
P03	58	27	CS60	R1	-0.00562923063121423	0	14
P03	58	28	CS62	R1	-0.00613228423090021	0	7
P03	58	29	CS62	R2	-0.00363644449331111	0	7
P03	59	1	CS41	R1	-0.00187072932900822	0	14
P03	59	2	CS41	R2	0.00162049301726853	0	14
P03	59	3	CS42	R1	0.00210586229004025	0	14
P03	59	4	CS42	R2	0.00414949314046526	0	14
P03	59	5	CS43	R1	-0.0046216554254393	0	14
P03	59	6	CS43	R2	-0.000111520581318082	0	14
P03	59	7	CS44	R1	0.0111309830653313	0	14
P03	59	8	CS47	R1	-0.00423479303014863	0	14
P03	59	9	CS47	R2	-0.00327243068074263	0	14
P03	59	10	CS48	R1	-0.00986153107432241	0	14
P03	59	11	CS48	R2	-0.000582598996456779	0	14
P03	59	12	CS49	R1	0.00649655848724344	0	12
P03	59	13	CS49	R2	0.00320926011943044	0	14
P03	59	14	CS51	R1	0.00408319418920784	0	14
P03	59	15	CS51	R2	0.00108212176852491	0	12
P03	59	16	CS53	R1	-0.00632802072069721	0	12
P03	59	17	CS53	R2	-0.00809419157687196	0	8
P03	59	18	CS54	R1	-0.0173585074470212	0	7
P03	59	19	CS54	R2	0.00222098048916277	0	7
P03	59	20	CS55	R1	-0.00266879533648897	0	14
P03	59	21	CS55	R2	-0.00516964328062492	0	14
P03	59	22	CS56	R1	0.00937058747334252	0	12
P03	59	23	CS56	R2	-0.0150005518648075	0	12
P03	59	24	CS57	R1	0.00999510155044176	0	12
P03	59	25	CS57	R2	0.00159812125730637	0	12
P03	59	26	CS58	R1	0.00386620780915203	0	7
P03	59	27	CS60	R1	0.0061160287422313	0	14
P03	59	28	CS62	R1	-0.000107457853565239	0	7
P03	59	29	CS62	R2	0.00442529527282724	0	7
P03	60	1	CS41	R1	0.00249674266752136	0	14
P03	60	2	CS41	R2	-0.0114800226293514	0	14
P03	60	3	CS42	R1	0.00473801833369848	0	14
P03	60	4	CS42	R2	0.0011719656787771	0	14
P03	60	5	CS43	R1	0.00509508984282364	0	14
P03	60	6	CS43	R2	-0.00820356058402233	0	14
P03	60	7	CS44	R1	-0.00341290479548316	0	14
P03	60	8	CS47	R1	0.00102267818054808	0	14
P03	60	9	CS47	R2	0.00119951912257524	0	14
P03	60	10	CS48	R1	0.00925278921588392	0	14
P03	60	11	CS48	R2	-0.00478844797341773	0	14
P03	60	12	CS49	R1	0.00581957557712979	0	12
P03	60	13	CS49	R2	0.00627026134288689	0	14
P03	60	14	CS51	R1	0.00204700152945413	0	14
P03	60	15	CS51	R2	-0.00123256976414264	0	12
P03	60	16	CS53	R1	-0.00135221071713046	0	12
P03	60	17	CS53	R2	0.0016695622220318	0	8
P03	60	18	CS54	R1	-0.00934083602142155	0	7
P03	60	19	CS54	R2	0.0108093749700765	0	7
P03	60	20	CS55	R1	0.003028100325122	0	14
P03	60	21	CS55	R2	-0.0018707562595838	0	14
P03	60	22	CS56	R1	-4.68507749623082e-05	0	12
P03	60	23	CS56	R2	0.00832385478495133	0	12
P03	60	24	CS57	R1	-0.000562560524163261	0	12
P03	60	25	CS57	R2	-0.00671356746351197	0	12
P03	60	26	CS58	R1	-0.0118782496263302	0	7
P03	60	27	CS60	R1	-0.0114658652809332	0	14
P03	60	28	CS62	R1	0.0083757403992201	0	7
P03	60	29	CS62	R2	-0.0111823834924084	0	7
P03	61	1	CS41	R1	0.00423080156386577	0	14
P03	61	2	CS41	R2	-0.00105393076307941	0	14
P03	61	3	CS42	R1	0.00367099063650079	0	14
P03	61	4	CS42	R2	-0.000557196010279867	0	14
P03	61	5	CS43	R1	0.000674678259436709	0	14
P03	61	6	CS43	R2	0.000282428189220021	0	14
P03	61	7	CS44	R1	0.00256009231834101	0	14
P03	61	8	CS47	R1	-0.00605630078469862	0	14
P03	61	9	CS47	R2	-0.00257775943248144	0	14
P03	61	10	CS48	R1	-0.00714412161489777	0	14
P03	61	11	CS48	R2	0.00305636645323616	0	14
P03	61	12	CS49	R1	0.00503361011375403	0	12
P03	61	13	CS49	R2	0.00686701971565483	0	14
P03	61	14	CS51	R1	0.00264017496513731	0	14
P03	61	15	CS51	R2	0.0155497442298418	0	12
P03	61	16	CS53	R1	0.00392394366914675	0	12
P03	61	17	CS53	R2	0.00618519272296558	0	8
P03	61	18	CS54	R1	-0.0265622881056687	0	7
P03	61	19	CS54	R2	-0.0060718995287686	0	7
P03	61	20	CS55	R1	-0.00379836598788686	0	14
P03	61	21	CS55	R2	-0.00391905284673379	0	14
P03	61	22	CS56	R1	0.00982718410157254	0	12
P03	61	23	CS56	R2	-0.00381242446471465	0	12
P03	61	24	CS57	R1	-0.000213833937678289	0	12
P03	61	25	CS57	R2	0.00453499460197634	0	12
P03	61	26	CS58	R1	-0.0047061531438853	0	7
P03	61	27	CS60	R1	-0.00447346135072742	0	14
P03	61	28	CS62	R1	0.0024039340695167	0	7
P03	61	29	CS62	R2	0.00916755761498775	0	7
P03	62	1	CS41	R1	0.00710277430846703	0	14
P03	62	2	CS41	R2	0.000948719498155892	0	14
P03	62	3	CS42	R1	0.00321757753060875	0	14
P03	62	4	CS42	R2	-0.00839149792855392	0	14
P03	62	5	CS43	R1	0.00199355219169461	0	14
P03	62	6	CS43	R2	0.000653455186579803	0	14
P03	62	7	CS44	R1	-0.00925599969311305	0	14
P03	62	8	CS47	R1	-0.00245638083263818	0	14
P03	62	9	CS47	R2	0.00285487123261186	0	14
P03	62	10	CS48	R1	0.0137609377400562	0	14
P03	62	11	CS48	R2	-8.87352518269168e-05	0	14
P03	62	12	CS49	R1	-0.000124718750034734	0	12
P03	62	13	CS49	R2	-0.000565559068700032	0	14
P03	62	14	CS51	R1	-0.00826190618052393	0	14
P03	62	15	CS51	R2	-0.00679291469577074	0	12
P03	62	16	CS53	R1	0.00466102433141603	0	12
P03	62	17	CS53	R2	-0.0102402302393891	0	8
P03	62	18	CS54	R1	-0.00997486104222317	0	7
P03	62	19	CS54	R2	0.0113166604947083	0	7
P03	62	20	CS55	R1	-0.00175726132877481	0	14
P03	62	21	CS55	R2	-0.0127177762436988	0	14
P03	62	22	CS56	R1	-0.00696893934071317	0	12
P03	62	23	CS56	R2	0.0100765402618495	0	12
P03	62	24	CS57	R1	-0.00106597722872214	0	12
P03	62	25	CS57	R2	-0.000628083603586207	0	12
P03	62	26	CS58	R1	0.00196626678446914	0	7
P03	62	27	CS60	R1	-0.0103494490085794	0	14
P03	62	28	CS62	R1	-0.00234314251622052	0	7
P03	62	29	CS62	R2	0.000903349523722091	0	7
P03	63	1	CS41	R1	-0.000106331605484166	0	14
P03	63	2	CS41	R2	-0.000465459105005106	0	14
P03	63	3	CS42	R1	-7.00058360281828e-05	0	14
P03	63	4	CS42	R2	0.00124400135317033	0	14
P03	63	5	CS43	R1	0.00081558326155998	0	14
P03	63	6	CS43	R2	0.0031176477078598	0	14
P03	63	7	CS44	R1	-0.00591911250893181	0	14
P03	63	8	CS47	R1	0.00317648402610182	0	14
P03	63	9	CS47	R2	-0.00320005176962769	0	14
P03	63	10	CS48	R1	-0.00175055888657016	0	14
P03	63	11	CS48	R2	-0.00998997185786022	0	14
P03	63	12	CS49	R1	-0.00508779329167872	0	12
P03	63	13	CS49	R2	-0.00672055627049111	0	14
P03	63	14	CS51	R1	-0.00647753383765769	0	14
P03	63	15	CS51	R2	0.00867584106267608	0	12
P03	63	16	CS53	R1	0.000661199887091663	0	12
P03	63	17	CS53	R2	-0.00431874101948674	0	8
P03	63	18	CS54	R1	0.00659486573772589	0	7
P03	63	19	CS54	R2	-0.0047488386385864	0	7
P03	63	20	CS55	R1	0.00897067283893218	0	14
P03	63	21	CS55	R2	0.00161532539501269	0	14
P03	63	22	CS56	R1	0.000111498427852256	0	12
P03	63	23	CS56	R2	0.00531718492411805	0	12
P03	63	24	CS57	R1	3.21339183849529e-05	0	12
P03	63	25	CS57	R2	0.00496508640223515	0	12
P03	63	26	CS58	R1	-0.0130361196336185	0	7
P03	63	27	CS60	R1	-0.00330657928675521	0	14
P03	63	28	CS62	R1	-0.0207861753148064	0	7
P03	63	29	CS62	R2	-0.00315447364752731	0	7
P03	64	1	CS41	R1	0.00193663769858673	0	14
P03	64	2	CS41	R2	0.00137370001871225	0	14
P03	64	3	CS42	R1	-0.000874233727595543	0	14
P03	64	4	CS42	R2	0.000693042622904043	0	14
P03	64	5	CS43	R1	0.000822763002410022	0	14
P03	64	6	CS43	R2	0.00927382695583669	0	14
P03	64	7	CS44	R1	0.0117554758639761	0	14
P03	64	8	CS47	R1	0.00323389654763633	0	14
P03	64	9	CS47	R2	-0.00583758306817457	0	14
P03	64	10	CS48	R1	-0.00253085786669307	0	14
P03	64	11	CS48	R2	1.17686231871066e-05	0	14
P03	64	12	CS49	R1	0.00636749515474804	0	12
P03	64	13	CS49	R2	0.00020608214665121	0	14
P03	64	14	CS51	R1	0.00716952412723156	0	14
P03	64	15	CS51	R2	0.000274501291163291	0	12
P03	64	16	CS53	R1	-0.00271492273680521	0	12
P03	64	17	CS53	R2	0.0029373656535268	0	8
P03	64	18	CS54	R1	-0.00327543930762185	0	7
P03	64	19	CS54	R2	-0.0050318323719297	0	7
P03	64	20	CS55	R1	-0.00310684086653382	0	14
P03	64	21	CS55	R2	0.00805774260384769	0	14
P03	64	22	CS56	R1	0.00239889558705838	0	12
P03	64	23	CS56	R2	-0.000364582923511526	0	12
P03	64	24	CS57	R1	-0.00223270642838092	0	12
P03	64	25	CS57	R2	0.00773191546902424	0	12
P03	64	26	CS58	R1	-0.00430609354749717	0	7
P03	64	27	CS60	R1	0.00721594621015054	0	14
P03	64	28	CS62	R1	-0.00738299381611884	0	7
P03	64	29	CS62	R2	0.00314222114005536	0	7
P04	1	1	CS41	R1	-0.00443301819296736	0	14
P04	1	2	CS41	R2	-0.0117755652810545	0	14
P04	1	3	CS42	R1	-0.00382162132702491	0	14
P04	1	4	CS42	R2	-0.00344701312916526	0	14
P04	1	5	CS43	R1	0.010844822073545	0	14
P04	1	6	CS43	R2	-0.00406741159277918	0	14
P04	1	7	CS44	R1	0.00128604499170666	0	14
P04	1	8	CS47	R1	-0.00196412740858162	0	14
P04	1	9	CS47	R2	-0.00613972759694668	0	14
P04	1	10	CS48	R1	-2.98588371911747e-05	0	14
P04	1	11	CS48	R2	0.00450447869871632	0	14
P04	1	12	CS49	R1	0.000343749054709194	0	12
P04	1	13	CS49	R2	-0.00509655042765094	0	14
P04	1	14	CS51	R1	0.00630003247073813	0	14
P04	1	15	CS51	R2	0.00300881840925125	0	12
P04	1	16	CS53	R1	0.000227691843246189	0	12
P04	1	17	CS53	R2	0.000775703600317854	0	8
P04	1	18	CS54	R1	-0.00393912609212579	0	7
P04	1	19	CS54	R2	-0.00240319746828703	0	7
P04	1	20	CS55	R1	0.0122466461484679	0	14
P04	1	21	CS55	R2	-0.00402386479427982	0	14
P04	1	22	CS56	R1	-0.00441465849760065	0	12
P04	1	23	CS56	R2	-0.00642530607826876	0	12
P04	1	24	CS57	R1	0.00639066915255781	0	12
P04	1	25	CS57	R2	-0.00169539030308689	0	12
P04	1	26	CS58	R1	0.00931914127456356	0	7
P04	1	27	CS60	R1	0.0124928391835114	0	14
P04	1	28	CS62	R1	-0.00482410072323373	0	7
P04	1	29	CS62	R2	0.00856939234829355	0	7
P04	2	1	CS41	R1	-0.00502303152513191	0	14
P04	2	2	CS41	R2	0.000374198189466275	0	14
P04	2	3	CS42	R1	-0.00348782713337126	0	14
P04	2	4	CS42	R2	-0.00675902129073863	0	14
P04	2	5	CS43	R1	0.00593190998977067	0	14
P04	2	6	CS43	R2	0.00119142167321334	0	14
P04	2	7	CS44	R1	0.0103888732999438	0	14
P04	2	8	CS47	R1	-0.00301421507321814	0	14
P04	2	9	CS47	R2	-0.00308994500622732	0	14
P04	2	10	CS48	R1	0.000904003705619576	0	14
P04	2	11	CS48	R2	0.00211665142327772	0	14
P04	2	12	CS49	R1	0.00202600163274086	0	12
P04	2	13	CS49	R2	0.00112156077382238	0	14
P04	2	14	CS51	R1	0.00379367304892897	0	14
P04	2	15	CS51	R2	0.0036477293229012	0	12
P04	2	16	CS53	R1	-0.00912700188101206	0	12
P04	2	17	CS53	R2	0.0160225654284034	0	8
P04	2	18	CS54	R1	-0.00375553150663277	0	7
P04	2	19	CS54	R2	-0.00652001781586238	0	7
P04	2	20	CS55	R1	0.0107669634948198	0	14
P04	2	21	CS55	R2	0.00101830592071441	0	14
P04	2	22	CS56	R1	-0.0111160963843169	0	12
P04	2	23	CS56	R2	0.00309217837486834	0	12
P04	2	24	CS57	R1	0.00493004724352622	0	12
P04	2	25	CS57	R2	-0.00135558842905472	0	12
P04	2	26	CS58	R1	0.0171718927825534	0	7
P04	2	27	CS60	R1	0.00195088167823252	0	14
P04	2	28	CS62	R1	-0.000444911932125293	0	7
P04	2	29	CS62	R2	-0.00376897469458757	0	7
P04	3	1	CS41	R1	0.00669724791070024	0	14
P04	3	2	CS41	R2	0.00796832187001817	0	14
P04	3	3	CS42	R1	0.00781035802098434	0	14
P04	3	4	CS42	R2	-0.00799946504460105	0	14
P04	3	5	CS43	R1	-0.00272678825679158	0	14
P04	3	6	CS43	R2	-0.0068517130536796	0	14
P04	3	7	CS44	R1	0.00409416332034064	0	14
P04	3	8	CS47	R1	-0.0013873369796108	0	14
P04	3	9	CS47	R2	-0.00219238046078813	0	14
P04	3	10	CS48	R1	0.00790425152453904	0	14
P04	3	11	CS48	R2	0.00476577890494761	0	14
P04	3	12	CS49	R1	0.000989879198538533	0	12
P04	3	13	CS49	R2	2.76811500217838e-05	0	14
P04	3	14	CS51	R1	0.00787456768902503	0	14
P04	3	15	CS51	R2	-0.000529009014713801	0	12
P04	3	16	CS53	R1	0.00252492750370604	0	12
P04	3	17	CS53	R2	0.00711849223109583	0	8
P04	3	18	CS54	R1	-0.00207521069123107	0	7
P04	3	19	CS54	R2	8.99879571804728e-05	0	7
P04	3	20	CS55	R1	0.00285804001321786	0	14
P04	3	21	CS55	R2	0.00813677412460699	0	14
P04	3	22	CS56	R1	-0.00437226477173998	0	12
P04	3	23	CS56	R2	-0.000278212427298359	0	12
P04	3	24	CS57	R1	3.98324372613953e-05	0	12
P04	3	25	CS57	R2	-0.00581535534518619	0	12
P04	3	26	CS58	R1	0.00333705387708356	0	7
P04	3	27	CS60	R1	0.00552598306632528	0	14
P04	3	28	CS62	R1	-0.00552674314823259	0	7
P04	3	29	CS62	R2	-0.00164042254766458	0	7
P04	4	1	CS41	R1	-0.00185622332328113	0	14
P04	4	2	CS41	R2	0.00601826933377897	0	14
P04	4	3	CS42	R1	0.000807314773297835	0	14
P04	4	4	CS42	R2	0.00265937868198781	0	14
P04	4	5	CS43	R1	-0.00237555731363312	0	14
P04	4	6	CS43	R2	-0.00244863259235106	0	14
P04	4	7	CS44	R1	0.00864006698280968	0	14
P04	4	8	CS47	R1	-0.00199895195261027	0	14
P04	4	9	CS47	R2	-0.00537472329377232	0	14
P04	4	10	CS48	R1	-0.00398115913735937	0	14
P04	4	11	CS48	R2	0.000646291365744131	0	14
P04	4	12	CS49	R1	-0.00420786369084949	0	12
P04	4	13	CS49	R2	-0.00777746621076286	0	14
P04	4	14	CS51	R1	0.00803195230501841	0	14
P04	4	15	CS51	R2	0.0137622514328115	0	12
P04	4	16	CS53	R1	-0.00407984583616881	0	12
P04	4	17	CS53	R2	0.00120520244651946	0	8
P04	4	18	CS54	R1	0.00129603984987133	0	7
P04	4	19	CS54	R2	-0.00335458133462442	0	7
P04	4	20	CS55	R1	-0.00148658952398892	0	14
P04	4	21	CS55	R2	-0.00974560156518965	0	14
P04	4	22	CS56	R1	0.00168337746337237	0	12
P04	4	23	CS56	R2	-0.00838180931319606	0	12
P04	4	24	CS57	R1	-0.0107716355549332	0	12
P04	4	25	CS57	R2	-0.000820374544969114	0	12
P04	4	26	CS58	R1	0.00974953121474174	0	7
P04	4	27	CS60	R1	0.0050036454212429	0	14
P04	4	28	CS62	R1	0.00682851854607775	0	7
P04	4	29	CS62	R2	-0.00773678955764495	0	7
P04	5	1	CS41	R1	-0.000724531167428768	0	14
P04	5	2	CS41	R2	-0.00387089586169912	0	14
P04	5	3	CS42	R1	0.00721122498092414	0	14
P04	5	4	CS42	R2	-0.000674547982811762	0	14
P04	5	5	CS43	R1	-0.000798282558035337	0	14
P04	5	6	CS43	R2	0.00707391724105654	0	14
P04	5	7	CS44	R1	-0.00434731269756485	0	14
P04	5	8	CS47	R1	0.00413612778044748	0	14
P04	5	9	CS47	R2	0.00153814597890297	0	14
P04	5	10	CS48	R1	-0.0047664359952674	0	14
P04	5	11	CS48	R2	-0.00641667456691867	0	14
P04	5	12	CS49	R1	0.00394375075572979	0	12
P04	5	13	CS49	R2	0.00829185342479819	0	14
P04	5	14	CS51	R1	0.00477719282012351	0	14
P04	5	15	CS51	R2	0.00527008426523864	0	12
P04	5	16	CS53	R1	-0.00345089836466227	0	12
P04	5	17	CS53	R2	0.0130517680821054	0	8
P04	5	18	CS54	R1	-0.00168202328509335	0	7
P04	5	19	CS54	R2	0.00502860693679163	0	7
P04	5	20	CS55	R1	0.00365582218855121	0	14
P04	5	21	CS55	R2	0.00642348023237818	0	14
P04	5	22	CS56	R1	0.00504928289536101	0	12
P04	5	23	CS56	R2	-0.00825658117950968	0	12
P04	5	24	CS57	R1	0.000807650187014502	0	12
P04	5	25	CS57	R2	0.00221595400141666	0	12
P04	5	26	CS58	R1	0.0105823927507896	0	7
P04	5	27	CS60	R1	-0.000754976829285164	0	14
P04	5	28	CS62	R1	0.0132206433917823	0	7
P04	5	29	CS62	R2	-0.00870478847940379	0	7
P04	6	1	CS41	R1	0.00218997853398699	0	14
P04	6	2	CS41	R2	0.00353109925195852	0	14
P04	6	3	CS42	R1	0.00711008957930741	0	14
P04	6	4	CS42	R2	-0.0023433780354561	0	14
P04	6	5	CS43	R1	-0.00038980208070659	0	14
P04	6	6	CS43	R2	-0.00218565108597855	0	14
P04	6	7	CS44	R1	0.00492554216625374	0	14
P04	6	8	CS47	R1	0.00315810067618981	0	14
P04	6	9	CS47	R2	0.00167167056928983	0	14
P04	6	10	CS48	R1	0.00438689112788325	0	14
P04	6	11	CS48	R2	-7.36221462404455e-05	0	14
P04	6	12	CS49	R1	0.00739130988061743	0	12
P04	6	13	CS49	R2	-0.000562589590124281	0	14
P04	6	14	CS51	R1	0.00285829429201451	0	14
P04	6	15	CS51	R2	0.0102112389283605	0	12
P04	6	16	CS53	R1	-0.00772861036891736	0	12
P04	6	17	CS53	R2	0.00107181204118835	0	8
P04	6	18	CS54	R1	0.000842891976355035	0	7
P04	6	19	CS54	R2	0.0109575005223701	0	7
P04	6	20	CS55	R1	-0.00471766061590118	0	14
P04	6	21	CS55	R2	0.000208070147573336	0	14
P04	6	22	CS56	R1	0.00191287680782309	0	12
P04	6	23	CS56	R2	-0.00367306651902675	0	12
P04	6	24	CS57	R1	0.00263968998247792	0	12
P04	6	25	CS57	R2	-0.00646373382262455	0	12
P04	6	26	CS58	R1	-0.0023013631586108	0	7
P04	6	27	CS60	R1	0.00131492688761959	0	14
P04	6	28	CS62	R1	-0.00564359436304496	0	7
P04	6	29	CS62	R2	-0.0042529998221801	0	7
P04	7	1	CS41	R1	-0.000898251712461492	0	14
P04	7	2	CS41	R2	-0.00425012336701512	0	14
P04	7	3	CS42	R1	-0.00400063681870615	0	14
P04	7	4	CS42	R2	0.00344870992919074	0	14
P04	7	5	CS43	R1	-0.00284654864516232	0	14
P04	7	6	CS43	R2	0.00255509274387403	0	14
P04	7	7	CS44	R1	-8.67409094164368e-05	0	14
P04	7	8	CS47	R1	0.000679679493989797	0	14
P04	7	9	CS47	R2	-0.000504839471828174	0	14
P04	7	10	CS48	R1	-0.00329366371655873	0	14
P04	7	11	CS48	R2	0.00177255172887279	0	14
P04	7	12	CS49	R1	-7.45076271010316e-05	0	12
P04	7	13	CS49	R2	-0.00413611952004764	0	14
P04	7	14	CS51	R1	0.00617134055809127	0	14
P04	7	15	CS51	R2	0.00286176276679816	0	12
P04	7	16	CS53	R1	0.0124321355044064	0	12
P04	7	17	CS53	R2	-0.00718741906055963	0	8
P04	7	18	CS54	R1	0.00440460372185813	0	7
P04	7	19	CS54	R2	-0.00240674590062005	0	7
P04	7	20	CS55	R1	0.00190372445322088	0	14
P04	7	21	CS55	R2	-0.00206780764714014	0	14
P04	7	22	CS56	R1	0.00201853644567432	0	12
P04	7	23	CS56	R2	0.00085438393745956	0	12
P04	7	24	CS57	R1	-0.00294002495315249	0	12
P04	7	25	CS57	R2	0.0103076262398411	0	12
P04	7	26	CS58	R1	-0.00450490009238177	0	7
P04	7	27	CS60	R1	-0.0138405987823028	0	14
P04	7	28	CS62	R1	0.00263507322442792	0	7
P04	7	29	CS62	R2	0.00545456191794206	0	7
P04	8	1	CS41	R1	-0.00517091382499036	0	14
P04	8	2	CS41	R2	0.00304770429791659	0	14
P04	8	3	CS42	R1	0.00360269100681156	0	14
P04	8	4	CS42	R2	0.00424088847422827	0	14
P04	8	5	CS43	R1	0.00671206613841305	0	14
P04	8	6	CS43	R2	-0.00125212207614936	0	14
P04	8	7	CS44	R1	0.00366770543894966	0	14
P04	8	8	CS47	R1	-0.00995612675381383	0	14
P04	8	9	CS47	R2	0.00669990981940303	0	14
P04	8	10	CS48	R1	0.0015119964411711	0	14
P04	8	11	CS48	R2	0.00409503117714633	0	14
P04	8	12	CS49	R1	-0.00164025265814682	0	12
P04	8	13	CS49	R2	0.0080323474571423	0	14
P04	8	14	CS51	R1	0.00536813460841414	0	14
P04	8	15	CS51	R2	-0.00154045631788792	0	12
P04	8	16	CS53	R1	0.0191274614895322	0	12
P04	8	17	CS53	R2	-0.00359729903794778	0	8
P04	8	18	CS54	R1	-0.00453866945163668	0	7
P04	8	19	CS54	R2	0.000109589014980635	0	7
P04	8	20	CS55	R1	-0.00687405961079474	0	14
P04	8	21	CS55	R2	0.000488072331126401	0	14
P04	8	22	CS56	R1	-0.015034868785544	0	12
P04	8	23	CS56	R2	0.0115225691689337	0	12
P04	8	24	CS57	R1	0.00531801312797673	0	12
P04	8	25	CS57	R2	0.000487477764796215	0	12
P04	8	26	CS58	R1	8.41377392539191e-05	0	7
P04	8	27	CS60	R1	0.00135340504345696	0	14
P04	8	28	CS62	R1	0.0188882222557768	0	7
P04	8	29	CS62	R2	0.00460501921510617	0	7
P04	9	1	CS41	R1	-0.0139187727141145	0	14
P04	9	2	CS41	R2	-0.0095624722558714	0	14
P04	9	3	CS42	R1	0.00164929210485274	0	14
P04	9	4	CS42	R2	0.00190622613122063	0	14
P04	9	5	CS43	R1	0.0108931592296876	0	14
P04	9	6	CS43	R2	0.00153619698990438	0	14
P04	9	7	CS44	R1	0.00362306068052726	0	14
P04	9	8	CS47	R1	-0.00847381154382524	0	14
P04	9	9	CS47	R2	0.00343992166603952	0	14
P04	9	10	CS48	R1	-0.00245762525763659	0	14
P04	9	11	CS48	R2	-0.000414675227233332	0	14
P04	9	12	CS49	R1	-0.00854800393029892	0	12
P04	9	13	CS49	R2	-0.0069844998715586	0	14
P04	9	14	CS51	R1	0.0123100717179858	0	14
P04	9	15	CS51	R2	-0.0046996860632171	0	12
P04	9	16	CS53	R1	0.0013074857935689	0	12
P04	9	17	CS53	R2	-0.0041306716630006	0	8
P04	9	18	CS54	R1	0.020141221722058	0	7
P04	9	19	CS54	R2	0.00185551893793268	0	7
P04	9	20	CS55	R1	0.00311854452407096	0	14
P04	9	21	CS55	R2	-0.00134184757263958	0	14
P04	9	22	CS56	R1	0.00216006558543141	0	12
P04	9	23	CS56	R2	0.000517058526707078	0	12
P04	9	24	CS57	R1	0.00290669000653671	0	12
P04	9	25	CS57	R2	0.000659352925182349	0	12
P04	9	26	CS58	R1	0.0055364772156961	0	7
P04	9	27	CS60	R1	0.00704103327216524	0	14
P04	9	28	CS62	R1	-0.00162760812584791	0	7
P04	9	29	CS62	R2	0.00749602561586387	0	7
P04	10	1	CS41	R1	-0.00328868805119575	0	14
P04	10	2	CS41	R2	-0.0034014260681116	0	14
P04	10	3	CS42	R1	0.00884507178795337	0	14
P04	10	4	CS42	R2	0.00529466887330107	0	14
P04	10	5	CS43	R1	0.00753643813992252	0	14
P04	10	6	CS43	R2	0.00173438893130513	0	14
P04	10	7	CS44	R1	0.00456912893915873	0	14
P04	10	8	CS47	R1	-0.00622306281455484	0	14
P04	10	9	CS47	R2	0.00851711144880108	0	14
P04	10	10	CS48	R1	0.00426897288767498	0	14
P04	10	11	CS48	R2	-0.00370969491803221	0	14
P04	10	12	CS49	R1	-0.00658385588993681	0	12
P04	10	13	CS49	R2	-0.00501743051352972	0	14
P04	10	14	CS51	R1	-0.00423213796796653	0	14
P04	10	15	CS51	R2	0.000608772735705582	0	12
P04	10	16	CS53	R1	-0.0011193001673094	0	12
P04	10	17	CS53	R2	-0.00841570453250344	0	8
P04	10	18	CS54	R1	0.00136654918441645	0	7
P04	10	19	CS54	R2	-0.00805093321228149	0	7
P04	10	20	CS55	R1	0.00387891754687253	0	14
P04	10	21	CS55	R2	0.00528583297890897	0	14
P04	10	22	CS56	R1	0.00202386177577291	0	12
P04	10	23	CS56	R2	-0.00450856033448084	0	12
P04	10	24	CS57	R1	-0.000805270646036971	0	12
P04	10	25	CS57	R2	0.00538672037172925	0	12
P04	10	26	CS58	R1	-0.00865453515744701	0	7
P04	10	27	CS60	R1	-0.00458023817839382	0	14
P04	10	28	CS62	R1	-0.00524963424984003	0	7
P04	10	29	CS62	R2	-0.0119005039940773	0	7
P04	11	1	CS41	R1	-0.00594914409331347	0	14
P04	11	2	CS41	R2	-0.00137650928698077	0	14
P04	11	3	CS42	R1	0.00498754732963233	0	14
P04	11	4	CS42	R2	0.00396081504390047	0	14
P04	11	5	CS43	R1	0.000899473985534801	0	14
P04	11	6	CS43	R2	0.00056433778141019	0	14
P04	11	7	CS44	R1	0.00443374932052897	0	14
P04	11	8	CS47	R1	-0.00251804937542487	0	14
P04	11	9	CS47	R2	-0.00314306316237152	0	14
P04	11	10	CS48	R1	0.00242523299570339	0	14
P04	11	11	CS48	R2	0.0034269752931909	0	14
P04	11	12	CS49	R1	-0.00897812812869829	0	12
P04	11	13	CS49	R2	0.00786460963401568	0	14
P04	11	14	CS51	R1	0.0102369513440309	0	14
P04	11	15	CS51	R2	0.00203668332257746	0	12
P04	11	16	CS53	R1	0.000667789732034289	0	12
P04	11	17	CS53	R2	-0.00180727039759507	0	8
P04	11	18	CS54	R1	-0.00533492344278	0	7
P04	11	19	CS54	R2	0.00329543796355289	0	7
P04	11	20	CS55	R1	0.000421075408987913	0	14
P04	11	21	CS55	R2	-0.00150249999721788	0	14
P04	11	22	CS56	R1	-0.00316170094063388	0	12
P04	11	23	CS56	R2	-0.00828420657096321	0	12
P04	11	24	CS57	R1	-0.00521400162493079	0	12
P04	11	25	CS57	R2	-0.00885869908033329	0	12
P04	11	26	CS58	R1	0.011283702612121	0	7
P04	11	27	CS60	R1	0.00322470638909132	0	14
P04	11	28	CS62	R1	0.00292912619342337	0	7
P04	11	29	CS62	R2	-0.0054484434853902	0	7
P04	12	1	CS41	R1	0.00112953828072039	0	14
P04	12	2	CS41	R2	0.00699358462531566	0	14
P04	12	3	CS42	R1	-0.0016136419328231	0	14
P04	12	4	CS42	R2	0.00842636723504713	0	14
P04	12	5	CS43	R1	-0.00411323291481052	0	14
P04	12	6	CS43	R2	-0.00322655507647102	0	14
P04	12	7	CS44	R1	-0.000298972168225805	0	14
P04	12	8	CS47	R1	-0.0018852748922438	0	14
P04	12	9	CS47	R2	-0.00331582779346741	0	14
P04	12	10	CS48	R1	0.00208591221684509	0	14
P04	12	11	CS48	R2	-0.000873543091434094	0	14
P04	12	12	CS49	R1	-0.0062810750064136	0	12
P04	12	13	CS49	R2	-0.00554132310690474	0	14
P04	12	14	CS51	R1	0.00164294950198834	0	14
P04	12	15	CS51	R2	-0.00876826263715045	0	12
P04	12	16	CS53	R1	0.00681877684284997	0	12
P04	12	17	CS53	R2	-0.0151798130514326	0	8
P04	12	18	CS54	R1	0.0142414309399643	0	7
P04	12	19	CS54	R2	0.000291951395908944	0	7
P04	12	20	CS55	R1	0.00115720637356879	0	14
P04	12	21	CS55	R2	-0.00377766256896624	0	14
P04	12	22	CS56	R1	-0.0099121053497094	0	12
P04	12	23	CS56	R2	0.000475664489918683	0	12
P04	12	24	CS57	R1	-0.00169360052373705	0	12
P04	12	25	CS57	R2	0.00455510147843821	0	12
P04	12	26	CS58	R1	0.00265652380941209	0	7
P04	12	27	CS60	R1	-0.00465099759289761	0	14
P04	12	28	CS62	R1	-0.000450231265868734	0	7
P04	12	29	CS62	R2	-0.00886076830180661	0	7
P04	13	1	CS41	R1	-0.0019976012914951	0	14
P04	13	2	CS41	R2	-0.00508384127246718	0	14
P04	13	3	CS42	R1	0.00160454269003949	0	14
P04	13	4	CS42	R2	0.0038067305132663	0	14
P04	13	5	CS43	R1	-0.00337972794974943	0	14
P04	13	6	CS43	R2	0.00650502285928249	0	14
P04	13	7	CS44	R1	0.0178044004170953	0	14
P04	13	8	CS47	R1	0.00673260151911535	0	14
P04	13	9	CS47	R2	0.00380650771349245	0	14
P04	13	10	CS48	R1	0.00041561477728321	0	14
P04	13	11	CS48	R2	-0.00240995718660508	0	14
P04	13	12	CS49	R1	0.00113652447568398	0	12
P04	13	13	CS49	R2	-0.000304465533198014	0	14
P04	13	14	CS51	R1	0.00417796610707896	0	14
P04	13	15	CS51	R2	0.00143108598689895	0	12
P04	13	16	CS53	R1	-0.0140255048039212	0	12
P04	13	17	CS53	R2	-0.00302603534413418	0	8
P04	13	18	CS54	R1	0.0121724385851919	0	7
P04	13	19	CS54	R2	-0.00967666754593325	0	7
P04	13	20	CS55	R1	-0.000577988771617291	0	14
P04	13	21	CS55	R2	0.00209118883215549	0	14
P04	13	22	CS56	R1	0.00121698512731058	0	12
P04	13	23	CS56	R2	0.00462277432753096	0	12
P04	13	24	CS57	R1	0.00401947416444553	0	12
P04	13	25	CS57	R2	0.00478472036486143	0	12
P04	13	26	CS58	R1	0.00462344981671752	0	7
P04	13	27	CS60	R1	0.00269740273328791	0	14
P04	13	28	CS62	R1	-6.16750669645454e-05	0	7
P04	13	29	CS62	R2	-0.00499886434487992	0	7
P04	14	1	CS41	R1	-0.00500578362334798	0	14
P04	14	2	CS41	R2	-0.00111494584053305	0	14
P04	14	3	CS42	R1	-0.00954061580720509	0	14
P04	14	4	CS42	R2	-0.000530880679781154	0	14
P04	14	5	CS43	R1	-0.00326182014128299	0	14
P04	14	6	CS43	R2	0.00113482861248309	0	14
P04	14	7	CS44	R1	0.000206931154502185	0	14
P04	14	8	CS47	R1	-0.0100072805862799	0	14
P04	14	9	CS47	R2	0.00691929352181473	0	14
P04	14	10	CS48	R1	-0.000465707009359417	0	14
P04	14	11	CS48	R2	-0.00922540258211252	0	14
P04	14	12	CS49	R1	0.000624633944642644	0	12
P04	14	13	CS49	R2	-0.00939434778448776	0	14
P04	14	14	CS51	R1	-0.000527082518863474	0	14
P04	14	15	CS51	R2	0.00690589129763639	0	12
P04	14	16	CS53	R1	0.00242242359459421	0	12
P04	14	17	CS53	R2	-0.0129467770788846	0	8
P04	14	18	CS54	R1	0.0101288644339869	0	7
P04	14	19	CS54	R2	-0.0168490921312707	0	7
P04	14	20	CS55	R1	0.00111841762824456	0	14
P04	14	21	CS55	R2	0.00369297536406744	0	14
P04	14	22	CS56	R1	-0.00611260446650985	0	12
P04	14	23	CS56	R2	0.0117178488156272	0	12
P04	14	24	CS57	R1	-0.00722842522289453	0	12
P04	14	25	CS57	R2	0.00721716298679732	0	12
P04	14	26	CS58	R1	-0.00543976161884942	0	7
P04	14	27	CS60	R1	0.000718513608436655	0	14
P04	14	28	CS62	R1	-0.00340960929533515	0	7
P04	14	29	CS62	R2	-0.000835013250131702	0	7
P04	15	1	CS41	R1	-0.000129650302524097	0	14
P04	15	2	CS41	R2	0.00151144726112647	0	14
P04	15	3	CS42	R1	-0.00221810062219273	0	14
P04	15	4	CS42	R2	0.00441629400319302	0	14
P04	15	5	CS43	R1	-0.00487368258002464	0	14
P04	15	6	CS43	R2	0.00183472347280796	0	14
P04	15	7	CS44	R1	-0.00346581266797581	0	14
P04	15	8	CS47	R1	0.00303840683002933	0	14
P04	15	9	CS47	R2	0.00377957085046244	0	14
P04	15	10	CS48	R1	0.00629034217514134	0	14
P04	15	11	CS48	R2	0.00442795477707981	0	14
P04	15	12	CS49	R1	-0.00843031814393948	0	12
P04	15	13	CS49	R2	-0.00167873230836242	0	14
P04	15	14	CS51	R1	-0.003675388808666	0	14
P04	15	15	CS51	R2	0.0026822223666516	0	12
P04	15	16	CS53	R1	0.00589675309327477	0	12
P04	15	17	CS53	R2	0.00209536073729028	0	8
P04	15	18	CS54	R1	0.0009285355728145	0	7
P04	15	19	CS54	R2	0.0128459375149346	0	7
P04	15	20	CS55	R1	-0.00848734976853398	0	14
P04	15	21	CS55	R2	0.00348431474053039	0	14
P04	15	22	CS56	R1	-0.00199018361832929	0	12
P04	15	23	CS56	R2	-0.00570996269579756	0	12
P04	15	24	CS57	R1	-0.00112026121744604	0	12
P04	15	25	CS57	R2	-0.00366277558774507	0	12
P04	15	26	CS58	R1	0.00694795829194995	0	7
P04	15	27	CS60	R1	0.0055820736517105	0	14
P04	15	28	CS62	R1	0.0123310120515389	0	7
P04	15	29	CS62	R2	0.00892060797398814	0	7
P04	16	1	CS41	R1	-0.00149052782967039	0	14
P04	16	2	CS41	R2	0.000376820437624459	0	14
P04	16	3	CS42	R1	-0.00252647043573335	0	14
P04	16	4	CS42	R2	-0.00224252969478868	0	14
P04	16	5	CS43	R1	0.00510402471934889	0	14
P04	16	6	CS43	R2	-0.01091642302173	0	14
P04	16	7	CS44	R1	0.00289056455846946	0	14
P04	16	8	CS47	R1	-0.000962479568788522	0	14
P04	16	9	CS47	R2	0.00139164919568581	0	14
P04	16	10	CS48	R1	0.00653076310628213	0	14
P04	16	11	CS48	R2	0.00498344891662668	0	14
P04	16	12	CS49	R1	-0.010206100999688	0	12
P04	16	13	CS49	R2	-0.00388667963856345	0	14
P04	16	14	CS51	R1	-0.0136718142196756	0	14
P04	16	15	CS51	R2	-0.00462406383263113	0	12
P04	16	16	CS53	R1	0.000957425438209487	0	12
P04	16	17	CS53	R2	-0.00187115122155954	0	8
P04	16	18	CS54	R1	-0.0021413471544502	0	7
P04	16	19	CS54	R2	-0.000755045074637753	0	7
P04	16	20	CS55	R1	-0.00943759699906684	0	14
P04	16	21	CS55	R2	0.000350872020266334	0	14
P04	16	22	CS56	R1	-0.00120016934586178	0	12
P04	16	23	CS56	R2	0.00159807444210399	0	12
P04	16	24	CS57	R1	-0.00677901925365466	0	12
P04	16	25	CS57	R2	0.00669367808805385	0	12
P04	16	26	CS58	R1	0.00989124433544289	0	7
P04	16	27	CS60	R1	0.000686227444996857	0	14
P04	16	28	CS62	R1	-0.00985791684819825	0	7
P04	16	29	CS62	R2	0.00793602066645014	0	7
P04	17	1	CS41	R1	-0.0038092798779864	0	14
P04	17	2	CS41	R2	-0.00188210985697179	0	14
P04	17	3	CS42	R1	-0.00252017133822182	0	14
P04	17	4	CS42	R2	0.00405026016560789	0	14
P04	17	5	CS43	R1	0.00727957063563781	0	14
P04	17	6	CS43	R2	0.00766007361256024	0	14
P04	17	7	CS44	R1	0.0002811895685592	0	14
P04	17	8	CS47	R1	-0.0039598503466258	0	14
P04	17	9	CS47	R2	0.00171688424442419	0	14
P04	17	10	CS48	R1	-0.00875303463008551	0	14
P04	17	11	CS48	R2	0.0121332767504344	0	14
P04	17	12	CS49	R1	-0.00588154603764779	0	12
P04	17	13	CS49	R2	0.0092199483895922	0	14
P04	17	14	CS51	R1	-0.00695167901825914	0	14
P04	17	15	CS51	R2	-0.0054684514834427	0	12
P04	17	16	CS53	R1	0.000528283106812405	0	12
P04	17	17	CS53	R2	0.00812016822767988	0	8
P04	17	18	CS54	R1	0.00228640532946676	0	7
P04	17	19	CS54	R2	0.0022821671604625	0	7
P04	17	20	CS55	R1	0.00045819518905864	0	14
P04	17	21	CS55	R2	0.00656434743622022	0	14
P04	17	22	CS56	R1	0.00866974241202099	0	12
P04	17	23	CS56	R2	-0.0021523681879384	0	12
P04	17	24	CS57	R1	0.000636037228557309	0	12
P04	17	25	CS57	R2	0.0125210858356639	0	12
P04	17	26	CS58	R1	-0.00398999010321508	0	7
P04	17	27	CS60	R1	0.00407029799410367	0	14
P04	17	28	CS62	R1	-0.00340055632111869	0	7
P04	17	29	CS62	R2	0.00173961343419299	0	7
P04	18	1	CS41	R1	-0.00470343817528004	0	14
P04	18	2	CS41	R2	0.00538133893347763	0	14
P04	18	3	CS42	R1	-0.00421941656554554	0	14
P04	18	4	CS42	R2	-0.00306832939932202	0	14
P04	18	5	CS43	R1	-0.00300601745102824	0	14
P04	18	6	CS43	R2	-0.000753582786832812	0	14
P04	18	7	CS44	R1	-0.00584297996227474	0	14
P04	18	8	CS47	R1	0.000477122317610738	0	14
P04	18	9	CS47	R2	0.000674483353465182	0	14
P04	18	10	CS48	R1	0.00609761424420639	0	14
P04	18	11	CS48	R2	0.000372144758358686	0	14
P04	18	12	CS49	R1	-0.00620308385407189	0	12
P04	18	13	CS49	R2	-0.00976725877133322	0	14
P04	18	14	CS51	R1	-0.00383867844650858	0	14
P04	18	15	CS51	R2	0.0024972359529957	0	12
P04	18	16	CS53	R1	-0.00278787354596891	0	12
P04	18	17	CS53	R2	0.0103455770091299	0	8
P04	18	18	CS54	R1	-0.0085507950676634	0	7
P04	18	19	CS54	R2	-0.0114948276785188	0	7
P04	18	20	CS55	R1	-0.00113283099529485	0	14
P04	18	21	CS55	R2	0.00483228802969345	0	14
P04	18	22	CS56	R1	-0.00767573589886598	0	12
P04	18	23	CS56	R2	-2.15669121163028e-05	0	12
P04	18	24	CS57	R1	-0.00282868588688408	0	12
P04	18	25	CS57	R2	-0.0178754329828244	0	12
P04	18	26	CS58	R1	-0.00849539097027629	0	7
P04	18	27	CS60	R1	0.0018913640987146	0	14
P04	18	28	CS62	R1	-0.00168338524037791	0	7
P04	18	29	CS62	R2	0.0028176397172987	0	7
P04	19	1	CS41	R1	0.0077431479170391	0	14
P04	19	2	CS41	R2	0.00342380192580829	0	14
P04	19	3	CS42	R1	0.00321799347786341	0	14
P04	19	4	CS42	R2	-0.00439493690385334	0	14
P04	19	5	CS43	R1	0.00105540703405553	0	14
P04	19	6	CS43	R2	-0.00857247519825054	0	14
P04	19	7	CS44	R1	0.000816284703858295	0	14
P04	19	8	CS47	R1	-0.00185069138777848	0	14
P04	19	9	CS47	R2	-0.00578804301414014	0	14
P04	19	10	CS48	R1	0.00464989266179567	0	14
P04	19	11	CS48	R2	-0.00124327197147849	0	14
P04	19	12	CS49	R1	-0.0145668425371522	0	12
P04	19	13	CS49	R2	-0.000555383312603197	0	14
P04	19	14	CS51	R1	0.00301714928705346	0	14
P04	19	15	CS51	R2	0.00682343206685634	0	12
P04	19	16	CS53	R1	-0.00259237845210061	0	12
P04	19	17	CS53	R2	0.0120930097519104	0	8
P04	19	18	CS54	R1	0.00290789570260294	0	7
P04	19	19	CS54	R2	0.0028029975037375	0	7
P04	19	20	CS55	R1	0.00219985825146071	0	14
P04	19	21	CS55	R2	-0.00100410260384165	0	14
P04	19	22	CS56	R1	-0.000512581735520873	0	12
P04	19	23	CS56	R2	-0.0125135288220443	0	12
P04	19	24	CS57	R1	-0.000221268650039571	0	12
P04	19	25	CS57	R2	-0.00110507922322861	0	12
P04	19	26	CS58	R1	0.00288653067344529	0	7
P04	19	27	CS60	R1	-0.00492745626741094	0	14
P04	19	28	CS62	R1	-0.0158900902996282	0	7
P04	19	29	CS62	R2	-0.0163130066778716	0	7
P04	20	1	CS41	R1	0.00265554695744711	0	14
P04	20	2	CS41	R2	0.00509798825027864	0	14
P04	20	3	CS42	R1	0.00822445203776507	0	14
P04	20	4	CS42	R2	0.00327614206576394	0	14
P04	20	5	CS43	R1	0.00275467558398384	0	14
P04	20	6	CS43	R2	0.00945240392337311	0	14
P04	20	7	CS44	R1	0.0061321914630982	0	14
P04	20	8	CS47	R1	-0.00695075097843339	0	14
P04	20	9	CS47	R2	-0.0018507113445196	0	14
P04	20	10	CS48	R1	-0.00396430705600999	0	14
P04	20	11	CS48	R2	0.00202905914830991	0	14
P04	20	12	CS49	R1	-0.00229867133624185	0	12
P04	20	13	CS49	R2	0.00428116583720842	0	14
P04	20	14	CS51	R1	-0.0055493280361905	0	14
P04	20	15	CS51	R2	0.00620847565701586	0	12
P04	20	16	CS53	R1	0.00399956438296179	0	12
P04	20	17	CS53	R2	-0.00889343842048548	0	8
P04	20	18	CS54	R1	-0.00435030532395305	0	7
P04	20	19	CS54	R2	-0.00225268075610833	0	7
P04	20	20	CS55	R1	0.0081510671394674	0	14
P04	20	21	CS55	R2	-0.00610899426882415	0	14
P04	20	22	CS56	R1	-0.013777253893784	0	12
P04	20	23	CS56	R2	-0.00486759492666713	0	12
P04	20	24	CS57	R1	0.000117145186716042	0	12
P04	20	25	CS57	R2	0.00340664433171017	0	12
P04	20	26	CS58	R1	0.00590528469602808	0	7
P04	20	27	CS60	R1	0.0132035416923267	0	14
P04	20	28	CS62	R1	-0.00262639799480812	0	7
P04	20	29	CS62	R2	-0.00612677983631047	0	7
P04	21	1	CS41	R1	0.00495262385126741	0	14
P04	21	2	CS41	R2	-0.00310024123321784	0	14
P04	21	3	CS42	R1	0.00512860227068086	0	14
P04	21	4	CS42	R2	0.00732222921492487	0	14
P04	21	5	CS43	R1	0.000169783663172219	0	14
P04	21	6	CS43	R2	-0.00454309557872061	0	14
P04	21	7	CS44	R1	0.00394577736196578	0	14
P04	21	8	CS47	R1	-0.000917352059147139	0	14
P04	21	9	CS47	R2	-0.00102263740619312	0	14
P04	21	10	CS48	R1	-0.006117777593093	0	14
P04	21	11	CS48	R2	-0.00397435684360351	0	14
P04	21	12	CS49	R1	-0.0108333597087429	0	12
P04	21	13	CS49	R2	-0.00187912993228033	0	14
P04	21	14	CS51	R1	-0.00569358682978739	0	14
P04	21	15	CS51	R2	0.00517441923264255	0	12
P04	21	16	CS53	R1	-0.00521513841583166	0	12
P04	21	17	CS53	R2	0.00176556976025196	0	8
P04	21	18	CS54	R1	-0.0144145887425045	0	7
P04	21	19	CS54	R2	0.00975518133076653	0	7
P04	21	20	CS55	R1	-0.000118511786404998	0	14
P04	21	21	CS55	R2	0.00548620313612673	0	14
P04	21	22	CS56	R1	-0.00186245085688969	0	12
P04	21	23	CS56	R2	0.00840427243670557	0	12
P04	21	24	CS57	R1	-0.00693684789005542	0	12
P04	21	25	CS57	R2	-0.000172902294135806	0	12
P04	21	26	CS58	R1	0.00971544339717744	0	7
P04	21	27	CS60	R1	-0.00237427588363295	0	14
P04	21	28	CS62	R1	0.0089660576932471	0	7
P04	21	29	CS62	R2	0.000606810747665772	0	7
P04	22	1	CS41	R1	-0.00324939679431089	0	14
P04	22	2	CS41	R2	0.00393425360074246	0	14
P04	22	3	CS42	R1	-0.00316985401952935	0	14
P04	22	4	CS42	R2	0.001847202967657	0	14
P04	22	5	CS43	R1	-0.00515715743196692	0	14
P04	22	6	CS43	R2	-0.00646706073809635	0	14
P04	22	7	CS44	R1	0.00107971873238811	0	14
P04	22	8	CS47	R1	0.00378969557500998	0	14
P04	22	9	CS47	R2	0.00138921333376983	0	14
P04	22	10	CS48	R1	0.00615725466261614	0	14
P04	22	11	CS48	R2	-0.00654438530081295	0	14
P04	22	12	CS49	R1	-0.00548181048231642	0	12
P04	22	13	CS49	R2	-0.00224288935266473	0	14
P04	22	14	CS51	R1	-0.000174091852663858	0	14
P04	22	15	CS51	R2	-0.00457827075653286	0	12
P04	22	16	CS53	R1	0.00358357179106645	0	12
P04	22	17	CS53	R2	0.021311210362222	0	8
P04	22	18	CS54	R1	-0.0154348062041897	0	7
P04	22	19	CS54	R2	-0.00504645298900557	0	7
P04	22	20	CS55	R1	-0.00137179428778802	0	14
P04	22	21	CS55	R2	0.00115369399314814	0	14
P04	22	22	CS56	R1	-0.00179006445563255	0	12
P04	22	23	CS56	R2	-0.00630484969666681	0	12
P04	22	24	CS57	R1	-0.00433848482110001	0	12
P04	22	25	CS57	R2	-0.00755170408069813	0	12
P04	22	26	CS58	R1	-0.0170160163633625	0	7
P04	22	27	CS60	R1	0.00709422186168769	0	14
P04	22	28	CS62	R1	-0.00420607387264181	0	7
P04	22	29	CS62	R2	0.00900584729465262	0	7
P04	23	1	CS41	R1	-0.0042304929408132	0	14
P04	23	2	CS41	R2	0.00390086338453561	0	14
P04	23	3	CS42	R1	0.00108333356865198	0	14
P04	23	4	CS42	R2	-0.00286840254904002	0	14
P04	23	5	CS43	R1	0.00150769251831988	0	14
P04	23	6	CS43	R2	0.00343073820012084	0	14
P04	23	7	CS44	R1	0.000707598371335073	0	14
P04	23	8	CS47	R1	0.00511911366058737	0	14
P04	23	9	CS47	R2	0.00856908272416975	0	14
P04	23	10	CS48	R1	-0.00816815164765222	0	14
P04	23	11	CS48	R2	0.00210061173617625	0	14
P04	23	12	CS49	R1	0.00864547152392926	0	12
P04	23	13	CS49	R2	-0.000406095247174544	0	14
P04	23	14	CS51	R1	0.00903988841481954	0	14
P04	23	15	CS51	R2	0.000375513538759628	0	12
P04	23	16	CS53	R1	-0.0092779349744018	0	12
P04	23	17	CS53	R2	0.0195217340891632	0	8
P04	23	18	CS54	R1	-0.000255914390294028	0	7
P04	23	19	CS54	R2	0.000600653337344379	0	7
P04	23	20	CS55	R1	0.0045439014621068	0	14
P04	23	21	CS55	R2	-0.00125587863689462	0	14
P04	23	22	CS56	R1	0.00135099363329634	0	12
P04	23	23	CS56	R2	0.00483210601528868	0	12
P04	23	24	CS57	R1	0.0105586163311109	0	12
P04	23	25	CS57	R2	0.00144558016607313	0	12
P04	23	26	CS58	R1	-0.0125676467865228	0	7
P04	23	27	CS60	R1	-0.00207912823505426	0	14
P04	23	28	CS62	R1	-0.00179294274513263	0	7
P04	23	29	CS62	R2	0.000208429121491544	0	7
P04	24	1	CS41	R1	0.00461112415435574	0	14
P04	24	2	CS41	R2	0.0044109707868122	0	14
P04	24	3	CS42	R1	0.00731273214600285	0	14
P04	24	4	CS42	R2	0.00308690575999594	0	14
P04	24	5	CS43	R1	0.010373613235255	0	14
P04	24	6	CS43	R2	0.00781336640955421	0	14
P04	24	7	CS44	R1	-0.00105342123060882	0	14
P04	24	8	CS47	R1	-0.00452857983667647	0	14
P04	24	9	CS47	R2	0.000505062646810125	0	14
P04	24	10	CS48	R1	0.00538215841887442	0	14
P04	24	11	CS48	R2	-0.000727593460966394	0	14
P04	24	12	CS49	R1	0.00964967863091836	0	12
P04	24	13	CS49	R2	0.00168480659180454	0	14
P04	24	14	CS51	R1	-0.00183648941477582	0	14
P04	24	15	CS51	R2	-0.004222765841835	0	12
P04	24	16	CS53	R1	0.00948033560170027	0	12
P04	24	17	CS53	R2	-0.00482409877794755	0	8
P04	24	18	CS54	R1	-0.00710004910642035	0	7
P04	24	19	CS54	R2	-0.00163562386189173	0	7
P04	24	20	CS55	R1	-0.00165277489829403	0	14
P04	24	21	CS55	R2	0.00320069535673751	0	14
P04	24	22	CS56	R1	-0.00406436542146077	0	12
P04	24	23	CS56	R2	-0.00254403869716968	0	12
P04	24	24	CS57	R1	-0.0031941466337878	0	12
P04	24	25	CS57	R2	0.0120221544230136	0	12
P04	24	26	CS58	R1	0.00798770566558162	0	7
P04	24	27	CS60	R1	-0.00112864749793341	0	14
P04	24	28	CS62	R1	0.0111776310613674	0	7
P04	24	29	CS62	R2	0.00360418036109026	0	7
P04	25	1	CS41	R1	-0.000681279442206896	0	14
P04	25	2	CS41	R2	0.00207855902366311	0	14
P04	25	3	CS42	R1	-0.000312967581283105	0	14
P04	25	4	CS42	R2	-0.00141893412457847	0	14
P04	25	5	CS43	R1	0.000784059450127073	0	14
P04	25	6	CS43	R2	0.00162249721461554	0	14
P04	25	7	CS44	R1	0.000230993788819363	0	14
P04	25	8	CS47	R1	-0.00275499659711532	0	14
P04	25	9	CS47	R2	-0.0087887120462009	0	14
P04	25	10	CS48	R1	0.00515927423611178	0	14
P04	25	11	CS48	R2	-0.00081396243635441	0	14
P04	25	12	CS49	R1	0.00292964322543609	0	12
P04	25	13	CS49	R2	-0.00843921596705406	0	14
P04	25	14	CS51	R1	-0.00355816169328067	0	14
P04	25	15	CS51	R2	0.00243419404849539	0	12
P04	25	16	CS53	R1	-0.00437202592694087	0	12
P04	25	17	CS53	R2	0.000228899011253714	0	8
P04	25	18	CS54	R1	-0.00628487499260701	0	7
P04	25	19	CS54	R2	-0.000903616880162056	0	7
P04	25	20	CS55	R1	-0.00140860131931196	0	14
P04	25	21	CS55	R2	-0.00528453670567386	0	14
P04	25	22	CS56	R1	0.00248551844371919	0	12
P04	25	23	CS56	R2	-0.00645612854048015	0	12
P04	25	24	CS57	R1	0.00167678631231517	0	12
P04	25	25	CS57	R2	0.00311508166936159	0	12
P04	25	26	CS58	R1	-0.00964332928560095	0	7
P04	25	27	CS60	R1	0.00262627961914868	0	14
P04	25	28	CS62	R1	-0.00624699365434889	0	7
P04	25	29	CS62	R2	0.00282437892174664	0	7
P04	26	1	CS41	R1	-0.00272345407980603	0	14
P04	26	2	CS41	R2	0.00744771513786518	0	14
P04	26	3	CS42	R1	-0.00143094506987094	0	14
P04	26	4	CS42	R2	-0.00183199966471505	0	14
P04	26	5	CS43	R1	0.00115130384311653	0	14
P04	26	6	CS43	R2	0.0018494388662055	0	14
P04	26	7	CS44	R1	0.00262831955926616	0	14
P04	26	8	CS47	R1	0.00366403474084814	0	14
P04	26	9	CS47	R2	0.0048135446263967	0	14
P04	26	10	CS48	R1	-0.000950836697161567	0	14
P04	26	11	CS48	R2	-0.00757564350464084	0	14
P04	26	12	CS49	R1	-0.00159722453306092	0	12
P04	26	13	CS49	R2	-0.00285238722039819	0	14
P04	26	14	CS51	R1	0.000808093688578266	0	14
P04	26	15	CS51	R2	0.00947495564237182	0	12
P04	26	16	CS53	R1	-0.00226977246152465	0	12
P04	26	17	CS53	R2	0.00247714022134631	0	8
P04	26	18	CS54	R1	0.00633606294914748	0	7
P04	26	19	CS54	R2	-0.00425983709144553	0	7
P04	26	20	CS55	R1	-0.00640453893536272	0	14
P04	26	21	CS55	R2	0.00479701537141377	0	14
P04	26	22	CS56	R1	-0.0151504496311084	0	12
P04	26	23	CS56	R2	0.0048750668505111	0	12
P04	26	24	CS57	R1	0.00485297377980114	0	12
P04	26	25	CS57	R2	-0.00201245565598808	0	12
P04	26	26	CS58	R1	-0.000194490074971116	0	7
P04	26	27	CS60	R1	0.00671304598794389	0	14
P04	26	28	CS62	R1	0.0015372249107473	0	7
P04	26	29	CS62	R2	-0.0108779023516543	0	7
P04	27	1	CS41	R1	-0.00344580844362717	0	14
P04	27	2	CS41	R2	0.00296097995318658	0	14
P04	27	3	CS42	R1	-0.0112421761769423	0	14
P04	27	4	CS42	R2	0.000217728250954917	0	14
P04	27	5	CS43	R1	0.0116614790069609	0	14
P04	27	6	CS43	R2	0.00659684472425998	0	14
P04	27	7	CS44	R1	0.00152888438037042	0	14
P04	27	8	CS47	R1	0.011726186229005	0	14
P04	27	9	CS47	R2	-0.00894881734936409	0	14
P04	27	10	CS48	R1	-0.00769958235457895	0	14
P04	27	11	CS48	R2	-1.47888393496011e-05	0	14
P04	27	12	CS49	R1	0.00575683710174184	0	12
P04	27	13	CS49	R2	-0.00357016734735241	0	14
P04	27	14	CS51	R1	0.00806044282523278	0	14
P04	27	15	CS51	R2	-0.00116828151329532	0	12
P04	27	16	CS53	R1	-0.00214607085805813	0	12
P04	27	17	CS53	R2	-0.00572005609960434	0	8
P04	27	18	CS54	R1	0.00328298885417958	0	7
P04	27	19	CS54	R2	0.00539496229065408	0	7
P04	27	20	CS55	R1	-0.00304211255065579	0	14
P04	27	21	CS55	R2	-0.00488868687113102	0	14
P04	27	22	CS56	R1	0.00302516337218942	0	12
P04	27	23	CS56	R2	0.00540644452103557	0	12
P04	27	24	CS57	R1	0.00316191401564201	0	12
P04	27	25	CS57	R2	0.000493274982670076	0	12
P04	27	26	CS58	R1	-0.000278542483237524	0	7
P04	27	27	CS60	R1	-0.00368768236231632	0	14
P04	27	28	CS62	R1	-0.00683880694454261	0	7
P04	27	29	CS62	R2	0.00362662119262052	0	7
P04	28	1	CS41	R1	-0.00735782836879861	0	14
P04	28	2	CS41	R2	0.0125263803526594	0	14
P04	28	3	CS42	R1	-0.000827920942919119	0	14
P04	28	4	CS42	R2	0.00679452901268508	0	14
P04	28	5	CS43	R1	-0.00408925379417137	0	14
P04	28	6	CS43	R2	-0.00618899606039337	0	14
P04	28	7	CS44	R1	0.00187009856244442	0	14
P04	28	8	CS47	R1	0.00562419364336152	0	14
P04	28	9	CS47	R2	-0.00209679063601423	0	14
P04	28	10	CS48	R1	0.00627415202524389	0	14
P04	28	11	CS48	R2	0.000837003838475338	0	14
P04	28	12	CS49	R1	0.00052237723770778	0	12
P04	28	13	CS49	R2	-0.00981757609357373	0	14
P04	28	14	CS51	R1	0.00106022145877927	0	14
P04	28	15	CS51	R2	0.00263166934044325	0	12
P04	28	16	CS53	R1	-0.00158953933388805	0	12
P04	28	17	CS53	R2	-0.00485153694251495	0	8
P04	28	18	CS54	R1	0.00280729760380258	0	7
P04	28	19	CS54	R2	-0.00361962840763261	0	7
P04	28	20	CS55	R1	0.00520872838048238	0	14
P04	28	21	CS55	R2	-0.00689019177560796	0	14
P04	28	22	CS56	R1	-0.00538122986455595	0	12
P04	28	23	CS56	R2	-0.00716507083703258	0	12
P04	28	24	CS57	R1	0.0012519306195524	0	12
P04	28	25	CS57	R2	-0.00125087452063901	0	12
P04	28	26	CS58	R1	-0.00324232838319193	0	7
P04	28	27	CS60	R1	0.00370975750041756	0	14
P04	28	28	CS62	R1	0.00133751118160756	0	7
P04	28	29	CS62	R2	-0.000816697775790489	0	7
P04	29	1	CS41	R1	0.00145615867982581	0	14
P04	29	2	CS41	R2	0.00376429878882293	0	14
P04	29	3	CS42	R1	0.004670961032202	0	14
P04	29	4	CS42	R2	0.00403261651811118	0	14
P04	29	5	CS43	R1	-0.00851992718778711	0	14
P04	29	6	CS43	R2	0.00981971297392153	0	14
P04	29	7	CS44	R1	-0.00379467941776005	0	14
P04	29	8	CS47	R1	0.00648524955335082	0	14
P04	29	9	CS47	R2	-0.0122364335607237	0	14
P04	29	10	CS48	R1	-0.00705985966817937	0	14
P04	29	11	CS48	R2	-0.00805678302477223	0	14
P04	29	12	CS49	R1	0.00205664739977607	0	12
P04	29	13	CS49	R2	0.00702963162608884	0	14
P04	29	14	CS51	R1	0.00131034959702591	0	14
P04	29	15	CS51	R2	0.00786402120095772	0	12
P04	29	16	CS53	R1	0.00582754669336969	0	12
P04	29	17	CS53	R2	0.00349499168101351	0	8
P04	29	18	CS54	R1	0.00461600542242948	0	7
P04	29	19	CS54	R2	0.0113733950766847	0	7
P04	29	20	CS55	R1	-0.0115844318110117	0	14
P04	29	21	CS55	R2	-0.00138067224127346	0	14
P04	29	22	CS56	R1	-0.0042240874309243	0	12
P04	29	23	CS56	R2	0.000589872336620753	0	12
P04	29	24	CS57	R1	-0.00161235934682609	0	12
P04	29	25	CS57	R2	0.00140716031302626	0	12
P04	29	26	CS58	R1	0.00285882638159413	0	7
P04	29	27	CS60	R1	0.00112426416904114	0	14
P04	29	28	CS62	R1	-0.00230617361999823	0	7
P04	29	29	CS62	R2	0.0051036986199229	0	7
P04	30	1	CS41	R1	0.00265448205235736	0	14
P04	30	2	CS41	R2	0.00346470378649037	0	14
P04	30	3	CS42	R1	-0.00617680676697429	0	14
P04	30	4	CS42	R2	0.00426455354630512	0	14
P04	30	5	CS43	R1	-0.00788441851659196	0	14
P04	30	6	CS43	R2	-0.00160987768280041	0	14
P04	30	7	CS44	R1	-0.00203335897129035	0	14
P04	30	8	CS47	R1	0.00202161256123852	0	14
P04	30	9	CS47	R2	-0.000371677308485443	0	14
P04	30	10	CS48	R1	0.0100751946126852	0	14
P04	30	11	CS48	R2	0.000656030598930547	0	14
P04	30	12	CS49	R1	0.0110925880934548	0	12
P04	30	13	CS49	R2	0.00243239120527285	0	14
P04	30	14	CS51	R1	0.00412466545021546	0	14
P04	30	15	CS51	R2	0.000628490824861068	0	12
P04	30	16	CS53	R1	-0.00185516010661153	0	12
P04	30	17	CS53	R2	0.00450934772887212	0	8
P04	30	18	CS54	R1	0.00430984482778137	0	7
P04	30	19	CS54	R2	-0.0103299332021265	0	7
P04	30	20	CS55	R1	-0.00396833458656417	0	14
P04	30	21	CS55	R2	0.00539009218530314	0	14
P04	30	22	CS56	R1	-0.00212172893432554	0	12
P04	30	23	CS56	R2	-0.0158098819014292	0	12
P04	30	24	CS57	R1	0.00293377678199859	0	12
P04	30	25	CS57	R2	0.0043434189686898	0	12
P04	30	26	CS58	R1	-0.00731231834565243	0	7
P04	30	27	CS60	R1	-0.0101700205418283	0	14
P04	30	28	CS62	R1	-0.0132125328077102	0	7
P04	30	29	CS62	R2	0.00452993926005321	0	7
P04	31	1	CS41	R1	0.00447946886667746	0	14
P04	31	2	CS41	R2	-0.00258370037095015	0	14
P04	31	3	CS42	R1	0.000426625772174522	0	14
P04	31	4	CS42	R2	0.000160402169125907	0	14
P04	31	5	CS43	R1	-0.00676044865223809	0	14
P04	31	6	CS43	R2	0.00189879605571892	0	14
P04	31	7	CS44	R1	0.00626016991364915	0	14
P04	31	8	CS47	R1	0.00618724877131897	0	14
P04	31	9	CS47	R2	0.00932467273092803	0	14
P04	31	10	CS48	R1	-0.0138821125259933	0	14
P04	31	11	CS48	R2	-0.00906922990949939	0	14
P04	31	12	CS49	R1	-0.0060289369526976	0	12
P04	31	13	CS49	R2	0.00180817466258557	0	14
P04	31	14	CS51	R1	0.000872851197119181	0	14
P04	31	15	CS51	R2	-0.00345167141594037	0	12
P04	31	16	CS53	R1	0.00435479714953847	0	12
P04	31	17	CS53	R2	-0.0113810899919715	0	8
P04	31	18	CS54	R1	0.0100793756886677	0	7
P04	31	19	CS54	R2	-0.00841138492454097	0	7
P04	31	20	CS55	R1	0.000401395823793261	0	14
P04	31	21	CS55	R2	-0.00418735927476161	0	14
P04	31	22	CS56	R1	-0.0121535102887	0	12
P04	31	23	CS56	R2	-0.00304506520149394	0	12
P04	31	24	CS57	R1	-0.00367918992625782	0	12
P04	31	25	CS57	R2	-0.00244667672203685	0	12
P04	31	26	CS58	R1	-0.00206475654655533	0	7
P04	31	27	CS60	R1	-0.00871685553519607	0	14
P04	31	28	CS62	R1	0.00608133580996633	0	7
P04	31	29	CS62	R2	0.000894723694784031	0	7
P04	32	1	CS41	R1	-0.00317728265911223	0	14
P04	32	2	CS41	R2	0.0120313747445702	0	14
P04	32	3	CS42	R1	0.0105145023712985	0	14
P04	32	4	CS42	R2	-0.00487004069169811	0	14
P04	32	5	CS43	R1	0.00738629444032839	0	14
P04	32	6	CS43	R2	0.00635650303263532	0	14
P04	32	7	CS44	R1	-0.00441545892820574	0	14
P04	32	8	CS47	R1	-0.00138417228977944	0	14
P04	32	9	CS47	R2	0.00353240571729026	0	14
P04	32	10	CS48	R1	-0.000399114912825095	0	14
P04	32	11	CS48	R2	0.000880469105211125	0	14
P04	32	12	CS49	R1	0.00773342813210845	0	12
P04	32	13	CS49	R2	-0.00606039150632781	0	14
P04	32	14	CS51	R1	-0.010616209543445	0	14
P04	32	15	CS51	R2	0.0112506045493461	0	12
P04	32	16	CS53	R1	-0.00178881334947919	0	12
P04	32	17	CS53	R2	0.01889574244708	0	8
P04	32	18	CS54	R1	0.000407924957679593	0	7
P04	32	19	CS54	R2	-0.00396338416320391	0	7
P04	32	20	CS55	R1	0.00210017348679718	0	14
P04	32	21	CS55	R2	-0.00155931074484305	0	14
P04	32	22	CS56	R1	-0.00888321717714783	0	12
P04	32	23	CS56	R2	0.019473341651568	0	12
P04	32	24	CS57	R1	-0.00169084836733641	0	12
P04	32	25	CS57	R2	-0.00288063093926921	0	12
P04	32	26	CS58	R1	-0.00943226593936891	0	7
P04	32	27	CS60	R1	-0.00704221771741532	0	14
P04	32	28	CS62	R1	-0.00506558679394116	0	7
P04	32	29	CS62	R2	0.000118068094448582	0	7
P04	33	1	CS41	R1	0.00565333690633996	0	14
P04	33	2	CS41	R2	-0.0101951938984454	0	14
P04	33	3	CS42	R1	-0.0012221931454603	0	14
P04	33	4	CS42	R2	-0.00523353286498464	0	14
P04	33	5	CS43	R1	-0.00138197377026649	0	14
P04	33	6	CS43	R2	-0.00339691856124661	0	14
P04	33	7	CS44	R1	0.00588625424809662	0	14
P04	33	8	CS47	R1	-0.00409103109879759	0	14
P04	33	9	CS47	R2	-0.00240139348025541	0	14
P04	33	10	CS48	R1	3.76711563753755e-05	0	14
P04	33	11	CS48	R2	-0.00245473718261333	0	14
P04	33	12	CS49	R1	0.00357895297464591	0	12
P04	33	13	CS49	R2	0.000651346073092951	0	14
P04	33	14	CS51	R1	0.000573341485835375	0	14
P04	33	15	CS51	R2	-0.00453779070619437	0	12
P04	33	16	CS53	R1	0.00715888405941042	0	12
P04	33	17	CS53	R2	0.00342021686330208	0	8
P04	33	18	CS54	R1	0.00232141839018592	0	7
P04	33	19	CS54	R2	-0.00228189725600622	0	7
P04	33	20	CS55	R1	-0.00190301758334584	0	14
P04	33	21	CS55	R2	0.00855936950110064	0	14
P04	33	22	CS56	R1	-0.00252264022550855	0	12
P04	33	23	CS56	R2	-0.00665653941025093	0	12
P04	33	24	CS57	R1	0.00238717973905863	0	12
P04	33	25	CS57	R2	-0.00865851781948295	0	12
P04	33	26	CS58	R1	-0.0126385508296454	0	7
P04	33	27	CS60	R1	-0.00432582133035406	0	14
P04	33	28	CS62	R1	-0.0151737909435863	0	7
P04	33	29	CS62	R2	-0.0209882710034609	0	7
P04	34	1	CS41	R1	0.00201904946578192	0	14
P04	34	2	CS41	R2	-0.00478052846214202	0	14
P04	34	3	CS42	R1	0.00717379749095299	0	14
P04	34	4	CS42	R2	0.00271924464358675	0	14
P04	34	5	CS43	R1	0.00783189502554354	0	14
P04	34	6	CS43	R2	0.00186647542480691	0	14
P04	34	7	CS44	R1	0.00599266551701491	0	14
P04	34	8	CS47	R1	-0.00214280993113664	0	14
P04	34	9	CS47	R2	0.0131891273255756	0	14
P04	34	10	CS48	R1	-0.00240792867032099	0	14
P04	34	11	CS48	R2	0.00132446792942045	0	14
P04	34	12	CS49	R1	0.000132122071834079	0	12
P04	34	13	CS49	R2	0.0018385544668297	0	14
P04	34	14	CS51	R1	0.00516110648896216	0	14
P04	34	15	CS51	R2	0.00417624963752431	0	12
P04	34	16	CS53	R1	0.0014493335304526	0	12
P04	34	17	CS53	R2	0.0103134928539928	0	8
P04	34	18	CS54	R1	-0.0117888085959318	0	7
P04	34	19	CS54	R2	0.0131141234801398	0	7
P04	34	20	CS55	R1	0.0157242466756532	0	14
P04	34	21	CS55	R2	0.00840026161244103	0	14
P04	34	22	CS56	R1	0.000563658001625894	0	12
P04	34	23	CS56	R2	-0.00684577042421783	0	12
P04	34	24	CS57	R1	-0.00439696426434469	0	12
P04	34	25	CS57	R2	0.00407092063793234	0	12
P04	34	26	CS58	R1	0.00570717480458193	0	7
P04	34	27	CS60	R1	0.000885461241637671	0	14
P04	34	28	CS62	R1	-0.00985347291084648	0	7
P04	34	29	CS62	R2	0.001741292805985	0	7
P04	35	1	CS41	R1	0.0112844482836003	0	14
P04	35	2	CS41	R2	0.00776140742077824	0	14
P04	35	3	CS42	R1	0.00201656375296374	0	14
P04	35	4	CS42	R2	0.0054625521613954	0	14
P04	35	5	CS43	R1	-0.00616274977157043	0	14
P04	35	6	CS43	R2	0.00701863791347872	0	14
P04	35	7	CS44	R1	0.00421511578132059	0	14
P04	35	8	CS47	R1	-0.00719038301891509	0	14
P04	35	9	CS47	R2	0.000335428163528942	0	14
P04	35	10	CS48	R1	0.000560580884106798	0	14
P04	35	11	CS48	R2	0.00562105785624689	0	14
P04	35	12	CS49	R1	0.00110835930489239	0	12
P04	35	13	CS49	R2	-0.0106981404513387	0	14
P04	35	14	CS51	R1	0.000652276675859129	0	14
P04	35	15	CS51	R2	0.0136899352152885	0	12
P04	35	16	CS53	R1	-0.000795459643927601	0	12
P04	35	17	CS53	R2	0.00745414054623648	0	8
P04	35	18	CS54	R1	0.00918484421192655	0	7
P04	35	19	CS54	R2	0.00962477644590783	0	7
P04	35	20	CS55	R1	0.0166975383633963	0	14
P04	35	21	CS55	R2	-0.00100291939445938	0	14
P04	35	22	CS56	R1	0.00537523778758947	0	12
P04	35	23	CS56	R2	0.01366731050367	0	12
P04	35	24	CS57	R1	-0.00483198749844667	0	12
P04	35	25	CS57	R2	0.0123599085124704	0	12
P04	35	26	CS58	R1	0.00704214711648166	0	7
P04	35	27	CS60	R1	-0.00352510191459312	0	14
P04	35	28	CS62	R1	-0.00531225798128549	0	7
P04	35	29	CS62	R2	-0.00532936812289347	0	7
P04	36	1	CS41	R1	-0.00605002308974726	0	14
P04	36	2	CS41	R2	0.00107979751229965	0	14
P04	36	3	CS42	R1	0.00477461889948453	0	14
P04	36	4	CS42	R2	0.00775202504394074	0	14
P04	36	5	CS43	R1	0.010332761833085	0	14
P04	36	6	CS43	R2	0.00523859448744867	0	14
P04	36	7	CS44	R1	0.00921335812955491	0	14
P04	36	8	CS47	R1	0.00252494415320055	0	14
P04	36	9	CS47	R2	-0.00329643759972176	0	14
P04	36	10	CS48	R1	0.0041876487619722	0	14
P04	36	11	CS48	R2	0.00525187055062918	0	14
P04	36	12	CS49	R1	0.00971895250623638	0	12
P04	36	13	CS49	R2	0.000342163895463167	0	14
P04	36	14	CS51	R1	-0.000695643263983868	0	14
P04	36	15	CS51	R2	0.00804853866148385	0	12
P04	36	16	CS53	R1	0.00346886309123423	0	12
P04	36	17	CS53	R2	0.00644716523107205	0	8
P04	36	18	CS54	R1	-0.00443728163744781	0	7
P04	36	19	CS54	R2	-0.0058319543931861	0	7
P04	36	20	CS55	R1	-0.00231597156204941	0	14
P04	36	21	CS55	R2	-0.00323159697092064	0	14
P04	36	22	CS56	R1	0.00402351108426385	0	12
P04	36	23	CS56	R2	0.00967314880757702	0	12
P04	36	24	CS57	R1	-0.0105427554088692	0	12
P04	36	25	CS57	R2	-0.00777559460196571	0	12
P04	36	26	CS58	R1	0.0130696977784118	0	7
P04	36	27	CS60	R1	0.00371823469922651	0	14
P04	36	28	CS62	R1	-0.00815451152924697	0	7
P04	36	29	CS62	R2	-0.00890698886310496	0	7
P04	37	1	CS41	R1	-0.00633391500755371	0	14
P04	37	2	CS41	R2	-0.00127961431162167	0	14
P04	37	3	CS42	R1	0.00421749681980119	0	14
P04	37	4	CS42	R2	-0.00825427941219596	0	14
P04	37	5	CS43	R1	0.00388107243593544	0	14
P04	37	6	CS43	R2	0.00666426510922158	0	14
P04	37	7	CS44	R1	0.00921790427939331	0	14
P04	37	8	CS47	R1	0.000616358102355691	0	14
P04	37	9	CS47	R2	0.00314071359173095	0	14
P04	37	10	CS48	R1	0.00796353059459443	0	14
P04	37	11	CS48	R2	-0.0061235276936759	0	14
P04	37	12	CS49	R1	0.00785207921023722	0	12
P04	37	13	CS49	R2	0.00033397739511814	0	14
P04	37	14	CS51	R1	0.0032304541188523	0	14
P04	37	15	CS51	R2	-0.00749413607198214	0	12
P04	37	16	CS53	R1	0.00697309244077435	0	12
P04	37	17	CS53	R2	-0.00396312434845824	0	8
P04	37	18	CS54	R1	0.00112429077287239	0	7
P04	37	19	CS54	R2	0.00260729202625815	0	7
P04	37	20	CS55	R1	0.00282017979959489	0	14
P04	37	21	CS55	R2	0.00548699120971657	0	14
P04	37	22	CS56	R1	0.00692684463325837	0	12
P04	37	23	CS56	R2	0.00195713242216039	0	12
P04	37	24	CS57	R1	0.00341818371080301	0	12
P04	37	25	CS57	R2	0.0141187588344707	0	12
P04	37	26	CS58	R1	0.00418908413071074	0	7
P04	37	27	CS60	R1	-0.0013431968689144	0	14
P04	37	28	CS62	R1	0.00968756843261565	0	7
P04	37	29	CS62	R2	-0.0151011491960843	0	7
P04	38	1	CS41	R1	0.00717381764816746	0	14
P04	38	2	CS41	R2	0.00494080176113049	0	14
P04	38	3	CS42	R1	-0.00552216863783725	0	14
P04	38	4	CS42	R2	-0.00307894130556236	0	14
P04	38	5	CS43	R1	-8.15055029167788e-05	0	14
P04	38	6	CS43	R2	0.00506984247679828	0	14
P04	38	7	CS44	R1	0.00945258015513458	0	14
P04	38	8	CS47	R1	0.00717759229312858	0	14
P04	38	9	CS47	R2	0.00798870091548359	0	14
P04	38	10	CS48	R1	0.0131174954582753	0	14
P04	38	11	CS48	R2	0.00508927147763978	0	14
P04	38	12	CS49	R1	0.000552185466748414	0	12
P04	38	13	CS49	R2	-0.000267044160296105	0	14
P04	38	14	CS51	R1	-0.00193088348099665	0	14
P04	38	15	CS51	R2	-0.00416611925692053	0	12
P04	38	16	CS53	R1	0.0065221513108043	0	12
P04	38	17	CS53	R2	0.00643292901299518	0	8
P04	38	18	CS54	R1	0.0108368141208645	0	7
P04	38	19	CS54	R2	-0.0139437449655204	0	7
P04	38	20	CS55	R1	0.00328180001358414	0	14
P04	38	21	CS55	R2	-0.00551086608146488	0	14
P04	38	22	CS56	R1	-0.00523075209125034	0	12
P04	38	23	CS56	R2	-0.00125018763809111	0	12
P04	38	24	CS57	R1	0.0108109615291343	0	12
P04	38	25	CS57	R2	0.00298096941924876	0	12
P04	38	26	CS58	R1	0.000828886506253878	0	7
P04	38	27	CS60	R1	-0.00289254002483786	0	14
P04	38	28	CS62	R1	-0.00423436999555463	0	7
P04	38	29	CS62	R2	-0.00224713457491705	0	7
P04	39	1	CS41	R1	0.00624800136838287	0	14
P04	39	2	CS41	R2	0.00834822291846084	0	14
P04	39	3	CS42	R1	0.00165557867642253	0	14
P04	39	4	CS42	R2	0.00100724903104451	0	14
P04	39	5	CS43	R1	0.00862351462838598	0	14
P04	39	6	CS43	R2	-0.000726817696135729	0	14
P04	39	7	CS44	R1	0.000221897500477809	0	14
P04	39	8	CS47	R1	0.00935829043863665	0	14
P04	39	9	CS47	R2	-0.00288520337585991	0	14
P04	39	10	CS48	R1	-0.00788132007941877	0	14
P04	39	11	CS48	R2	-0.00720476376204943	0	14
P04	39	12	CS49	R1	0.00190570231492757	0	12
P04	39	13	CS49	R2	0.00735084638970516	0	14
P04	39	14	CS51	R1	-0.000493938408230561	0	14
P04	39	15	CS51	R2	-0.0101720957415228	0	12
P04	39	16	CS53	R1	-0.00843958802198189	0	12
P04	39	17	CS53	R2	-0.0135392788598208	0	8
P04	39	18	CS54	R1	0.00736847395460685	0	7
P04	39	19	CS54	R2	0.0122665411977958	0	7
P04	39	20	CS55	R1	0.0107204020259148	0	14
P04	39	21	CS55	R2	-0.00482735406913678	0	14
P04	39	22	CS56	R1	0.00330142103995394	0	12
P04	39	23	CS56	R2	0.00196800127464622	0	12
P04	39	24	CS57	R1	-0.00189712713711084	0	12
P04	39	25	CS57	R2	0.00339754034483458	0	12
P04	39	26	CS58	R1	-0.00885512461786614	0	7
P04	39	27	CS60	R1	-0.0151980858796063	0	14
P04	39	28	CS62	R1	0.0156970868612574	0	7
P04	39	29	CS62	R2	0.00313132024490753	0	7
P04	40	1	CS41	R1	0.00837904946253788	0	14
P04	40	2	CS41	R2	-0.00420349536063593	0	14
P04	40	3	CS42	R1	-0.00343325838863768	0	14
P04	40	4	CS42	R2	-0.00131860094926175	0	14
P04	40	5	CS43	R1	-0.00947227388593434	0	14
P04	40	6	CS43	R2	0.00769602049091658	0	14
P04	40	7	CS44	R1	-0.00465035814425839	0	14
P04	40	8	CS47	R1	-0.00021956212934629	0	14
P04	40	9	CS47	R2	0.00245913356031268	0	14
P04	40	10	CS48	R1	-0.00505549150814126	0	14
P04	40	11	CS48	R2	-0.00771875484273887	0	14
P04	40	12	CS49	R1	-0.00430673599154141	0	12
P04	40	13	CS49	R2	-0.00362853304669134	0	14
P04	40	14	CS51	R1	0.00163355145962621	0	14
P04	40	15	CS51	R2	0.010706513030934	0	12
P04	40	16	CS53	R1	-0.00178396406262646	0	12
P04	40	17	CS53	R2	0.000826189860807021	0	8
P04	40	18	CS54	R1	-0.00187440453967767	0	7
P04	40	19	CS54	R2	0.00199408400810577	0	7
P04	40	20	CS55	R1	0.00638667549367765	0	14
P04	40	21	CS55	R2	-0.00127076302539147	0	14
P04	40	22	CS56	R1	-0.000309747254275103	0	12
P04	40	23	CS56	R2	0.0049447903415566	0	12
P04	40	24	CS57	R1	-0.00178344971879566	0	12
P04	40	25	CS57	R2	-0.00903798160669894	0	12
P04	40	26	CS58	R1	-0.0158044641066496	0	7
P04	40	27	CS60	R1	0.00744934271167155	0	14
P04	40	28	CS62	R1	0.014139013540626	0	7
P04	40	29	CS62	R2	0.0080711202377446	0	7
P04	41	1	CS41	R1	-0.00199309832451894	0	14
P04	41	2	CS41	R2	0.0104906153787052	0	14
P04	41	3	CS42	R1	-0.00259920168519287	0	14
P04	41	4	CS42	R2	0.00156674111692153	0	14
P04	41	5	CS43	R1	-0.00119828531939272	0	14
P04	41	6	CS43	R2	0.00692589536806622	0	14
P04	41	7	CS44	R1	-0.00174970571042137	0	14
P04	41	8	CS47	R1	-0.000513307257653026	0	14
P04	41	9	CS47	R2	-0.00451460902680528	0	14
P04	41	10	CS48	R1	0.00657156620076513	0	14
P04	41	11	CS48	R2	0.00445492037798368	0	14
P04	41	12	CS49	R1	0.00794384834919805	0	12
P04	41	13	CS49	R2	0.00585364258407446	0	14
P04	41	14	CS51	R1	0.0020152053192262	0	14
P04	41	15	CS51	R2	0.00251304649195093	0	12
P04	41	16	CS53	R1	0.00338187101227788	0	12
P04	41	17	CS53	R2	-0.00226162554120395	0	8
P04	41	18	CS54	R1	-0.00484722726432002	0	7
P04	41	19	CS54	R2	0.00166752520891774	0	7
P04	41	20	CS55	R1	-0.00421835635971722	0	14
P04	41	21	CS55	R2	-0.00304919810722451	0	14
P04	41	22	CS56	R1	-0.000540119542086851	0	12
P04	41	23	CS56	R2	0.00719501033404402	0	12
P04	41	24	CS57	R1	0.00644790628481307	0	12
P04	41	25	CS57	R2	-0.00750541491853904	0	12
P04	41	26	CS58	R1	0.00419609222244156	0	7
P04	41	27	CS60	R1	0.0106506045261976	0	14
P04	41	28	CS62	R1	0.00157766992319715	0	7
P04	41	29	CS62	R2	0.00317502951632891	0	7
P04	42	1	CS41	R1	-0.0015232865623198	0	14
P04	42	2	CS41	R2	-0.00155775413351175	0	14
P04	42	3	CS42	R1	-0.00365619555100695	0	14
P04	42	4	CS42	R2	0.00451517808754153	0	14
P04	42	5	CS43	R1	0.00489624183311475	0	14
P04	42	6	CS43	R2	-0.00229779456615995	0	14
P04	42	7	CS44	R1	9.55250267220627e-05	0	14
P04	42	8	CS47	R1	-0.00452400405186605	0	14
P04	42	9	CS47	R2	0.0159983137037987	0	14
P04	42	10	CS48	R1	0.00618630523234875	0	14
P04	42	11	CS48	R2	-0.00254044730267272	0	14
P04	42	12	CS49	R1	-0.00561962421453429	0	12
P04	42	13	CS49	R2	0.00362596062815252	0	14
P04	42	14	CS51	R1	-0.00297339815832214	0	14
P04	42	15	CS51	R2	-0.00716271542019316	0	12
P04	42	16	CS53	R1	0.000235895349996767	0	12
P04	42	17	CS53	R2	0.0080578217625609	0	8
P04	42	18	CS54	R1	0.00707486692692851	0	7
P04	42	19	CS54	R2	-0.0108390650523961	0	7
P04	42	20	CS55	R1	0.00185326755861808	0	14
P04	42	21	CS55	R2	0.00262103325401546	0	14
P04	42	22	CS56	R1	0.00935931959154584	0	12
P04	42	23	CS56	R2	-0.00660543904031272	0	12
P04	42	24	CS57	R1	-0.0141300486967274	0	12
P04	42	25	CS57	R2	-0.00291625997132798	0	12
P04	42	26	CS58	R1	-0.00557931260858959	0	7
P04	42	27	CS60	R1	0.00538745904245721	0	14
P04	42	28	CS62	R1	-0.0033949314411831	0	7
P04	42	29	CS62	R2	-0.00385987798400273	0	7
P04	43	1	CS41	R1	0.00216349947632849	0	14
P04	43	2	CS41	R2	0.00224092859273958	0	14
P04	43	3	CS42	R1	0.0136849073779498	0	14
P04	43	4	CS42	R2	-0.00571648946336189	0	14
P04	43	5	CS43	R1	-0.00532002718530602	0	14
P04	43	6	CS43	R2	-0.0109527342131669	0	14
P04	43	7	CS44	R1	0.0150356725697155	0	14
P04	43	8	CS47	R1	0.000621999367995749	0	14
P04	43	9	CS47	R2	-0.0056976052139575	0	14
P04	43	10	CS48	R1	-0.00200145359698531	0	14
P04	43	11	CS48	R2	-0.000122358317905081	0	14
P04	43	12	CS49	R1	-0.00456375378447865	0	12
P04	43	13	CS49	R2	0.0098680406323345	0	14
P04	43	14	CS51	R1	-0.00578634106060963	0	14
P04	43	15	CS51	R2	-0.00712450830150906	0	12
P04	43	16	CS53	R1	0.0031211393983933	0	12
P04	43	17	CS53	R2	0.00476233226765771	0	8
P04	43	18	CS54	R1	-0.00154881266904781	0	7
P04	43	19	CS54	R2	-0.00497985319690882	0	7
P04	43	20	CS55	R1	0.00270661640138812	0	14
P04	43	21	CS55	R2	-0.00380954544330379	0	14
P04	43	22	CS56	R1	-0.00230044540756972	0	12
P04	43	23	CS56	R2	-0.000970796981336532	0	12
P04	43	24	CS57	R1	0.00365918506394444	0	12
P04	43	25	CS57	R2	-0.00407263382373766	0	12
P04	43	26	CS58	R1	-0.00673516381254767	0	7
P04	43	27	CS60	R1	0.00388332735450545	0	14
P04	43	28	CS62	R1	0.00302554859171428	0	7
P04	43	29	CS62	R2	-0.00598993421487885	0	7
P04	44	1	CS41	R1	-0.0109830509266507	0	14
P04	44	2	CS41	R2	-0.00645708965987219	0	14
P04	44	3	CS42	R1	0.00396361102082829	0	14
P04	44	4	CS42	R2	0.00309653440933507	0	14
P04	44	5	CS43	R1	-0.0015581416292039	0	14
P04	44	6	CS43	R2	0.00309507859699589	0	14
P04	44	7	CS44	R1	-0.00785221910483712	0	14
P04	44	8	CS47	R1	0.00335188820011277	0	14
P04	44	9	CS47	R2	-0.00263719124722305	0	14
P04	44	10	CS48	R1	-0.00529577596629377	0	14
P04	44	11	CS48	R2	0.0029474661821793	0	14
P04	44	12	CS49	R1	-0.00168119681674081	0	12
P04	44	13	CS49	R2	-0.000922280383678093	0	14
P04	44	14	CS51	R1	0.0035001401609244	0	14
P04	44	15	CS51	R2	-0.00487461202070347	0	12
P04	44	16	CS53	R1	0.00228996633902075	0	12
P04	44	17	CS53	R2	0.0111214567230182	0	8
P04	44	18	CS54	R1	-0.0149237139411246	0	7
P04	44	19	CS54	R2	0.012830673620622	0	7
P04	44	20	CS55	R1	0.00226538031162344	0	14
P04	44	21	CS55	R2	-0.00703220002327349	0	14
P04	44	22	CS56	R1	-0.0072551514712673	0	12
P04	44	23	CS56	R2	-0.000686938322825914	0	12
P04	44	24	CS57	R1	-0.00751172015328655	0	12
P04	44	25	CS57	R2	0.00484970539552753	0	12
P04	44	26	CS58	R1	-0.000728336464775028	0	7
P04	44	27	CS60	R1	0.00125114714396099	0	14
P04	44	28	CS62	R1	-0.0155237291890104	0	7
P04	44	29	CS62	R2	0.0241187370392444	0	7
P04	45	1	CS41	R1	-0.00993497220621067	0	14
P04	45	2	CS41	R2	0.000241031010763175	0	14
P04	45	3	CS42	R1	0.0072892440505553	0	14
P04	45	4	CS42	R2	0.00467708496100728	0	14
P04	45	5	CS43	R1	-0.0124585703396155	0	14
P04	45	6	CS43	R2	0.00155419551541364	0	14
P04	45	7	CS44	R1	0.00487627480207512	0	14
P04	45	8	CS47	R1	-0.0100808740309151	0	14
P04	45	9	CS47	R2	0.00731796316326518	0	14
P04	45	10	CS48	R1	-0.0119711700424828	0	14
P04	45	11	CS48	R2	-0.00696749295835498	0	14
P04	45	12	CS49	R1	-0.00378792652045074	0	12
P04	45	13	CS49	R2	-0.00543140640003582	0	14
P04	45	14	CS51	R1	-0.00468060565170758	0	14
P04	45	15	CS51	R2	-0.00116091419572905	0	12
P04	45	16	CS53	R1	0.000172508259315245	0	12
P04	45	17	CS53	R2	-0.00323040055379149	0	8
P04	45	18	CS54	R1	-0.00302928006696369	0	7
P04	45	19	CS54	R2	0.0123938413301496	0	7
P04	45	20	CS55	R1	-0.00218459229431607	0	14
P04	45	21	CS55	R2	0.00276023996660586	0	14
P04	45	22	CS56	R1	-0.0108566872611885	0	12
P04	45	23	CS56	R2	-0.0026598441654945	0	12
P04	45	24	CS57	R1	0.0097484680064567	0	12
P04	45	25	CS57	R2	-0.00111547521366005	0	12
P04	45	26	CS58	R1	0.00254250425857411	0	7
P04	45	27	CS60	R1	0.0130587232388615	0	14
P04	45	28	CS62	R1	0.010241868381992	0	7
P04	45	29	CS62	R2	-0.0133437783071079	0	7
P04	46	1	CS41	R1	-0.00331862906942636	0	14
P04	46	2	CS41	R2	-0.00111022656708031	0	14
P04	46	3	CS42	R1	0.00249447391294435	0	14
P04	46	4	CS42	R2	0.00174907034972652	0	14
P04	46	5	CS43	R1	0.000120104417148545	0	14
P04	46	6	CS43	R2	-0.0113345532020646	0	14
P04	46	7	CS44	R1	0.00288428918314313	0	14
P04	46	8	CS47	R1	0.00433059116009507	0	14
P04	46	9	CS47	R2	-0.0198400182487548	0	14
P04	46	10	CS48	R1	-0.0145964088610962	0	14
P04	46	11	CS48	R2	0.00108741829885729	0	14
P04	46	12	CS49	R1	0.00249037031498622	0	12
P04	46	13	CS49	R2	-0.0116926488101937	0	14
P04	46	14	CS51	R1	-0.00155098033248764	0	14
P04	46	15	CS51	R2	-0.00189464822380344	0	12
P04	46	16	CS53	R1	-0.00412452544167468	0	12
P04	46	17	CS53	R2	0.00222050614551228	0	8
P04	46	18	CS54	R1	0.00780645396186575	0	7
P04	46	19	CS54	R2	-0.000871067277818982	0	7
P04	46	20	CS55	R1	0.00824071482982682	0	14
P04	46	21	CS55	R2	0.00481320732481665	0	14
P04	46	22	CS56	R1	0.0047640208113828	0	12
P04	46	23	CS56	R2	0.00124596644936394	0	12
P04	46	24	CS57	R1	-0.006692815204018	0	12
P04	46	25	CS57	R2	-0.00938818278794416	0	12
P04	46	26	CS58	R1	-0.00955401090276433	0	7
P04	46	27	CS60	R1	-0.00233939332798072	0	14
P04	46	28	CS62	R1	0.000369690604262098	0	7
P04	46	29	CS62	R2	-0.00117105836495203	0	7
P04	47	1	CS41	R1	0.00566879292433161	0	14
P04	47	2	CS41	R2	-0.00441691867075392	0	14
P04	47	3	CS42	R1	0.0103135306958887	0	14
P04	47	4	CS42	R2	0.00580135436020405	0	14
P04	47	5	CS43	R1	0.00899633333166297	0	14
P04	47	6	CS43	R2	0.00167369790226589	0	14
P04	47	7	CS44	R1	-0.00918641539887188	0	14
P04	47	8	CS47	R1	0.0114594177055095	0	14
P04	47	9	CS47	R2	-0.00238716164397196	0	14
P04	47	10	CS48	R1	-0.00751501737208531	0	14
P04	47	11	CS48	R2	-0.0130039558176763	0	14
P04	47	12	CS49	R1	0.00606695409530186	0	12
P04	47	13	CS49	R2	-0.00539751436897866	0	14
P04	47	14	CS51	R1	-0.000812829212975114	0	14
P04	47	15	CS51	R2	0.00256272840401984	0	12
P04	47	16	CS53	R1	-0.000782330934821042	0	12
P04	47	17	CS53	R2	0.000856093258801429	0	8
P04	47	18	CS54	R1	0.000520624503759927	0	7
P04	47	19	CS54	R2	0.0107778390124107	0	7
P04	47	20	CS55	R1	-0.00560738614810644	0	14
P04	47	21	CS55	R2	0.00992463886033643	0	14
P04	47	22	CS56	R1	-0.0163562956609865	0	12
P04	47	23	CS56	R2	0.0102902688392274	0	12
P04	47	24	CS57	R1	-0.0127456467821488	0	12
P04	47	25	CS57	R2	-0.00677604913750931	0	12
P04	47	26	CS58	R1	0.00877753461204985	0	7
P04	47	27	CS60	R1	0.00247611466412924	0	14
P04	47	28	CS62	R1	0.00130745072317188	0	7
P04	47	29	CS62	R2	-0.00337950690481331	0	7
P04	48	1	CS41	R1	0.00544500570182405	0	14
P04	48	2	CS41	R2	0.00919810041021221	0	14
P04	48	3	CS42	R1	-0.00746374156378885	0	14
P04	48	4	CS42	R2	-0.00502159614178635	0	14
P04	48	5	CS43	R1	-0.00123965438969031	0	14
P04	48	6	CS43	R2	-0.00544701253975603	0	14
P04	48	7	CS44	R1	-0.0042894525772952	0	14
P04	48	8	CS47	R1	-0.00322965927024697	0	14
P04	48	9	CS47	R2	0.00435262071741457	0	14
P04	48	10	CS48	R1	-0.00223667418507508	0	14
P04	48	11	CS48	R2	0.00712359722260327	0	14
P04	48	12	CS49	R1	-0.011255805978179	0	12
P04	48	13	CS49	R2	0.000769702678421758	0	14
P04	48	14	CS51	R1	-0.00401899354828216	0	14
P04	48	15	CS51	R2	0.00826832048901343	0	12
P04	48	16	CS53	R1	0.0011806022833961	0	12
P04	48	17	CS53	R2	-0.00198122479255162	0	8
P04	48	18	CS54	R1	0.00490568297850185	0	7
P04	48	19	CS54	R2	-0.011135269343973	0	7
P04	48	20	CS55	R1	-0.00777584613913909	0	14
P04	48	21	CS55	R2	0.00872047552476859	0	14
P04	48	22	CS56	R1	0.00379794991583623	0	12
P04	48	23	CS56	R2	0.00156069720527004	0	12
P04	48	24	CS57	R1	0.00911098374367987	0	12
P04	48	25	CS57	R2	0.0059748663693983	0	12
P04	48	26	CS58	R1	0.00418810477840544	0	7
P04	48	27	CS60	R1	-0.00533351856121352	0	14
P04	48	28	CS62	R1	0.0088056401897361	0	7
P04	48	29	CS62	R2	-0.00525839476183863	0	7
P04	49	1	CS41	R1	0.00380170750900197	0	14
P04	49	2	CS41	R2	-0.0119762172847555	0	14
P04	49	3	CS42	R1	-0.000364639062536106	0	14
P04	49	4	CS42	R2	0.000689893736970927	0	14
P04	49	5	CS43	R1	-0.000324822249780067	0	14
P04	49	6	CS43	R2	0.00381476640158587	0	14
P04	49	7	CS44	R1	0.00462869791611951	0	14
P04	49	8	CS47	R1	0.00128173177491702	0	14
P04	49	9	CS47	R2	-0.00722404869645215	0	14
P04	49	10	CS48	R1	0.00459105563073166	0	14
P04	49	11	CS48	R2	-0.00185956153916028	0	14
P04	49	12	CS49	R1	0.00836586332517324	0	12
P04	49	13	CS49	R2	-0.000701157867746409	0	14
P04	49	14	CS51	R1	-0.000241735740596474	0	14
P04	49	15	CS51	R2	-0.00165113392668526	0	12
P04	49	16	CS53	R1	-0.00120994709724155	0	12
P04	49	17	CS53	R2	-0.00279331058378223	0	8
P04	49	18	CS54	R1	0.011191180393238	0	7
P04	49	19	CS54	R2	0.00958333831234409	0	7
P04	49	20	CS55	R1	0.0085294945001786	0	14
P04	49	21	CS55	R2	0.00542309379640947	0	14
P04	49	22	CS56	R1	-0.00162438342027955	0	12
P04	49	23	CS56	R2	-0.0114003098311402	0	12
P04	49	24	CS57	R1	-0.0036143540415817	0	12
P04	49	25	CS57	R2	0.0163638330736415	0	12
P04	49	26	CS58	R1	0.00650123478569921	0	7
P04	49	27	CS60	R1	-0.00445052039205574	0	14
P04	49	28	CS62	R1	0.00613930211381058	0	7
P04	49	29	CS62	R2	0.00935473586039736	0	7
P04	50	1	CS41	R1	0.00678990758908331	0	14
P04	50	2	CS41	R2	-0.00601568537519844	0	14
P04	50	3	CS42	R1	0.00169378593485147	0	14
P04	50	4	CS42	R2	-0.00238016724603393	0	14
P04	50	5	CS43	R1	0.00180465996102149	0	14
P04	50	6	CS43	R2	0.00462351621958064	0	14
P04	50	7	CS44	R1	0.00575927556116421	0	14
P04	50	8	CS47	R1	0.00112227956592868	0	14
P04	50	9	CS47	R2	-0.00221280431727269	0	14
P04	50	10	CS48	R1	0.00829443043794365	0	14
P04	50	11	CS48	R2	0.00504019066956327	0	14
P04	50	12	CS49	R1	0.00434689935736732	0	12
P04	50	13	CS49	R2	0.000583586222341168	0	14
P04	50	14	CS51	R1	0.00272983212566978	0	14
P04	50	15	CS51	R2	-0.00869257728423332	0	12
P04	50	16	CS53	R1	0.000970169633326525	0	12
P04	50	17	CS53	R2	-0.000797532995327418	0	8
P04	50	18	CS54	R1	0.00509076314796394	0	7
P04	50	19	CS54	R2	0.00258736352106393	0	7
P04	50	20	CS55	R1	0.0016380729732696	0	14
P04	50	21	CS55	R2	-0.00153394112582597	0	14
P04	50	22	CS56	R1	-0.00882506994913922	0	12
P04	50	23	CS56	R2	0.00764708077792237	0	12
P04	50	24	CS57	R1	0.00491125878512133	0	12
P04	50	25	CS57	R2	1.29538894245025e-05	0	12
P04	50	26	CS58	R1	-0.00547044397634889	0	7
P04	50	27	CS60	R1	0.00199380606994507	0	14
P04	50	28	CS62	R1	0.00774947458516326	0	7
P04	50	29	CS62	R2	-0.00669504056180373	0	7
P04	51	1	CS41	R1	0.00786973402375903	0	14
P04	51	2	CS41	R2	0.00417605941404676	0	14
P04	51	3	CS42	R1	-0.00023667047694094	0	14
P04	51	4	CS42	R2	0.00790807065178715	0	14
P04	51	5	CS43	R1	0.00542338602157557	0	14
P04	51	6	CS43	R2	0.00165690023434946	0	14
P04	51	7	CS44	R1	0.000128606249925288	0	14
P04	51	8	CS47	R1	-0.0063604874974827	0	14
P04	51	9	CS47	R2	0.00415002568016385	0	14
P04	51	10	CS48	R1	0.00463887574170655	0	14
P04	51	11	CS48	R2	-0.000201270441811469	0	14
P04	51	12	CS49	R1	-0.000112157237526684	0	12
P04	51	13	CS49	R2	0.00856003853591104	0	14
P04	51	14	CS51	R1	-0.00152971749749487	0	14
P04	51	15	CS51	R2	0.00745577688295669	0	12
P04	51	16	CS53	R1	-0.00691489070669478	0	12
P04	51	17	CS53	R2	-0.00338545476465842	0	8
P04	51	18	CS54	R1	-0.0109038082263594	0	7
P04	51	19	CS54	R2	0.000685458455985675	0	7
P04	51	20	CS55	R1	0.0075401008598763	0	14
P04	51	21	CS55	R2	-0.00175897715928714	0	14
P04	51	22	CS56	R1	-0.0079585044900952	0	12
P04	51	23	CS56	R2	-0.00911958461434899	0	12
P04	51	24	CS57	R1	-0.00654937054378197	0	12
P04	51	25	CS57	R2	0.0063807465466283	0	12
P04	51	26	CS58	R1	-0.0035005874343877	0	7
P04	51	27	CS60	R1	-0.00792537193328981	0	14
P04	51	28	CS62	R1	0.0126429076915109	0	7
P04	51	29	CS62	R2	-0.00470040886510036	0	7
P04	52	1	CS41	R1	0.000673787243691128	0	14
P04	52	2	CS41	R2	-0.00886293314499006	0	14
P04	52	3	CS42	R1	-0.0100242204361349	0	14
P04	52	4	CS42	R2	0.00529565031318026	0	14
P04	52	5	CS43	R1	0.00274371273558517	0	14
P04	52	6	CS43	R2	0.0029734976345946	0	14
P04	52	7	CS44	R1	-0.00177531889814615	0	14
P04	52	8	CS47	R1	-0.00437169614194961	0	14
P04	52	9	CS47	R2	0.00145250398834786	0	14
P04	52	10	CS48	R1	0.00802473644860976	0	14
P04	52	11	CS48	R2	0.00270109688180582	0	14
P04	52	12	CS49	R1	0.00358559664843015	0	12
P04	52	13	CS49	R2	0.00299997579410457	0	14
P04	52	14	CS51	R1	-0.00312025119707138	0	14
P04	52	15	CS51	R2	-0.00251518587072943	0	12
P04	52	16	CS53	R1	0.010606687486644	0	12
P04	52	17	CS53	R2	-0.0073157811569558	0	8
P04	52	18	CS54	R1	-0.00413323494918334	0	7
P04	52	19	CS54	R2	0.00248945039838392	0	7
P04	52	20	CS55	R1	-0.00389603837972513	0	14
P04	52	21	CS55	R2	-0.00467943596787553	0	14
P04	52	22	CS56	R1	0.00782214319331369	0	12
P04	52	23	CS56	R2	-0.0099820575070092	0	12
P04	52	24	CS57	R1	-0.000623965497032754	0	12
P04	52	25	CS57	R2	0.00565447072179113	0	12
P04	52	26	CS58	R1	-0.00164787102334294	0	7
P04	52	27	CS60	R1	0.00350893140231742	0	14
P04	52	28	CS62	R1	0.0190654187242864	0	7
P04	52	29	CS62	R2	-0.0120577996800161	0	7
P04	53	1	CS41	R1	0.0109607128105854	0	14
P04	53	2	CS41	R2	0.0049913176567197	0	14
P04	53	3	CS42	R1	-0.0116056207480175	0	14
P04	53	4	CS42	R2	0.00468510997912759	0	14
P04	53	5	CS43	R1	-0.00122075063141566	0	14
P04	53	6	CS43	R2	-0.00354581130509381	0	14
P04	53	7	CS44	R1	-0.00523817979575425	0	14
P04	53	8	CS47	R1	0.000692023580067373	0	14
P04	53	9	CS47	R2	-0.00247950204216721	0	14
P04	53	10	CS48	R1	0.00218795399752266	0	14
P04	53	11	CS48	R2	0.00557709527803023	0	14
P04	53	12	CS49	R1	-0.00195807283145135	0	12
P04	53	13	CS49	R2	-0.0141171003999827	0	14
P04	53	14	CS51	R1	0.00773616697724588	0	14
P04	53	15	CS51	R2	0.000910447560705056	0	12
P04	53	16	CS53	R1	-0.00265413676172144	0	12
P04	53	17	CS53	R2	0.000953288432302263	0	8
P04	53	18	CS54	R1	-0.0020934828491814	0	7
P04	53	19	CS54	R2	0.00432255291728525	0	7
P04	53	20	CS55	R1	0.00842916585326234	0	14
P04	53	21	CS55	R2	-0.00195112356396103	0	14
P04	53	22	CS56	R1	0.00603150714268415	0	12
P04	53	23	CS56	R2	-0.00431146548890243	0	12
P04	53	24	CS57	R1	-0.00492189574538749	0	12
P04	53	25	CS57	R2	0.00667403283988902	0	12
P04	53	26	CS58	R1	0.000943901051205634	0	7
P04	53	27	CS60	R1	-0.00255650226961573	0	14
P04	53	28	CS62	R1	-0.00913353543299776	0	7
P04	53	29	CS62	R2	-0.00760706610060198	0	7
P04	54	1	CS41	R1	0.00271850243049035	0	14
P04	54	2	CS41	R2	0.00913190630691205	0	14
P04	54	3	CS42	R1	-0.0041165214001591	0	14
P04	54	4	CS42	R2	-0.00646935951583093	0	14
P04	54	5	CS43	R1	0.00429894557700553	0	14
P04	54	6	CS43	R2	0.00365100831766016	0	14
P04	54	7	CS44	R1	-0.000984751525978811	0	14
P04	54	8	CS47	R1	-0.00116885287940243	0	14
P04	54	9	CS47	R2	-0.000211410387090102	0	14
P04	54	10	CS48	R1	-0.00361490217075137	0	14
P04	54	11	CS48	R2	0.00283811284294131	0	14
P04	54	12	CS49	R1	-0.00520281564516607	0	12
P04	54	13	CS49	R2	0.00665759876833762	0	14
P04	54	14	CS51	R1	0.00194391992106327	0	14
P04	54	15	CS51	R2	0.0133540224579036	0	12
P04	54	16	CS53	R1	0.00477619262120056	0	12
P04	54	17	CS53	R2	0.00684757064915399	0	8
P04	54	18	CS54	R1	0.0083552416194207	0	7
P04	54	19	CS54	R2	0.00285446700291073	0	7
P04	54	20	CS55	R1	-0.0045673571849008	0	14
P04	54	21	CS55	R2	0.00313438005124848	0	14
P04	54	22	CS56	R1	0.00320797520278878	0	12
P04	54	23	CS56	R2	-0.00358820944510457	0	12
P04	54	24	CS57	R1	-0.000834003166223134	0	12
P04	54	25	CS57	R2	0.0058465473797727	0	12
P04	54	26	CS58	R1	0.0171175486760744	0	7
P04	54	27	CS60	R1	-0.000403942676482189	0	14
P04	54	28	CS62	R1	-0.00198296129357114	0	7
P04	54	29	CS62	R2	7.82201888235803e-05	0	7
P04	55	1	CS41	R1	-0.00778459240095798	0	14
P04	55	2	CS41	R2	0.000426958024781045	0	14
P04	55	3	CS42	R1	0.00820920017605799	0	14
P04	55	4	CS42	R2	-0.00152750000097073	0	14
P04	55	5	CS43	R1	-0.00306982351471256	0	14
P04	55	6	CS43	R2	-0.00218373429601996	0	14
P04	55	7	CS44	R1	-0.00192512574016509	0	14
P04	55	8	CS47	R1	-0.00036824277108846	0	14
P04	55	9	CS47	R2	-0.00929389753017996	0	14
P04	55	10	CS48	R1	0.00217831020208458	0	14
P04	55	11	CS48	R2	0.00178208873135981	0	14
P04	55	12	CS49	R1	0.00346522610293817	0	12
P04	55	13	CS49	R2	-0.0046877939536975	0	14
P04	55	14	CS51	R1	0.00247036468247598	0	14
P04	55	15	CS51	R2	0.0111175127588947	0	12
P04	55	16	CS53	R1	-0.000282228377681541	0	12
P04	55	17	CS53	R2	-0.0100231913736933	0	8
P04	55	18	CS54	R1	-0.017658346340287	0	7
P04	55	19	CS54	R2	0.00140068613688989	0	7
P04	55	20	CS55	R1	-0.00509003786336814	0	14
P04	55	21	CS55	R2	0.004369731449853	0	14
P04	55	22	CS56	R1	0.0074899913396507	0	12
P04	55	23	CS56	R2	0.00164121493776024	0	12
P04	55	24	CS57	R1	-0.00401627826606394	0	12
P04	55	25	CS57	R2	-0.000863872739810867	0	12
P04	55	26	CS58	R1	5.89056865508389e-05	0	7
P04	55	27	CS60	R1	0.0021184842045601	0	14
P04	55	28	CS62	R1	-0.00094783178148705	0	7
P04	55	29	CS62	R2	-0.00274269888623416	0	7
P04	56	1	CS41	R1	0.00107937691806032	0	14
P04	56	2	CS41	R2	0.0042591845707443	0	14
P04	56	3	CS42	R1	-0.00513418086831532	0	14
P04	56	4	CS42	R2	0.00589821567883427	0	14
P04	56	5	CS43	R1	-0.000610581465019095	0	14
P04	56	6	CS43	R2	-0.000551002326139842	0	14
P04	56	7	CS44	R1	0.00276399471336286	0	14
P04	56	8	CS47	R1	-0.00467460888839304	0	14
P04	56	9	CS47	R2	0.00039409795658919	0	14
P04	56	10	CS48	R1	0.00868508474614975	0	14
P04	56	11	CS48	R2	-0.00343254735917303	0	14
P04	56	12	CS49	R1	0.00432587441109774	0	12
P04	56	13	CS49	R2	-0.00348448662549583	0	14
P04	56	14	CS51	R1	-0.00599648408236814	0	14
P04	56	15	CS51	R2	0.00134147185298903	0	12
P04	56	16	CS53	R1	-0.00469419699085636	0	12
P04	56	17	CS53	R2	-0.00779649846947755	0	8
P04	56	18	CS54	R1	0.00951202299675422	0	7
P04	56	19	CS54	R2	0.0121670805943059	0	7
P04	56	20	CS55	R1	0.00162980480344847	0	14
P04	56	21	CS55	R2	-0.000611174970885222	0	14
P04	56	22	CS56	R1	0.0158249220037781	0	12
P04	56	23	CS56	R2	0.00903721516712964	0	12
P04	56	24	CS57	R1	0.0124867411206234	0	12
P04	56	25	CS57	R2	0.00628215100138919	0	12
P04	56	26	CS58	R1	-0.00946689732689305	0	7
P04	56	27	CS60	R1	-0.00241498253053933	0	14
P04	56	28	CS62	R1	-0.0146171063754831	0	7
P04	56	29	CS62	R2	-0.00782641099117606	0	7
P04	57	1	CS41	R1	-0.00559620842985451	0	14
P04	57	2	CS41	R2	-0.00144817189526918	0	14
P04	57	3	CS42	R1	-0.00912534756335756	0	14
P04	57	4	CS42	R2	0.00308264467704473	0	14
P04	57	5	CS43	R1	0.00346581086062157	0	14
P04	57	6	CS43	R2	-0.00371251317598806	0	14
P04	57	7	CS44	R1	-0.00244635273027186	0	14
P04	57	8	CS47	R1	0.00573171289218328	0	14
P04	57	9	CS47	R2	-9.70029840842907e-05	0	14
P04	57	10	CS48	R1	-0.000469155460359616	0	14
P04	57	11	CS48	R2	-0.00624946064862988	0	14
P04	57	12	CS49	R1	0.0028204097254693	0	12
P04	57	13	CS49	R2	-0.00223270262397754	0	14
P04	57	14	CS51	R1	-0.000180646663329389	0	14
P04	57	15	CS51	R2	0.00288047984464701	0	12
P04	57	16	CS53	R1	-0.00653131034591397	0	12
P04	57	17	CS53	R2	-0.00228619026763585	0	8
P04	57	18	CS54	R1	-0.0025711679487263	0	7
P04	57	19	CS54	R2	-0.0108901553516083	0	7
P04	57	20	CS55	R1	-0.00379318354117711	0	14
P04	57	21	CS55	R2	0.000552401916820778	0	14
P04	57	22	CS56	R1	-0.00375730145714768	0	12
P04	57	23	CS56	R2	-0.00998842496216117	0	12
P04	57	24	CS57	R1	0.0134460094514937	0	12
P04	57	25	CS57	R2	-0.00542637603431141	0	12
P04	57	26	CS58	R1	0.0164075107756874	0	7
P04	57	27	CS60	R1	0.00492018964543649	0	14
P04	57	28	CS62	R1	0.00356092085152472	0	7
P04	57	29	CS62	R2	-0.00822154379923881	0	7
P04	58	1	CS41	R1	0.00287899208897191	0	14
P04	58	2	CS41	R2	0.00206640431897874	0	14
P04	58	3	CS42	R1	0.0119820754859332	0	14
P04	58	4	CS42	R2	-0.00288446432121509	0	14
P04	58	5	CS43	R1	-0.00399264528801657	0	14
P04	58	6	CS43	R2	-0.00733158007682584	0	14
P04	58	7	CS44	R1	0.00384569328432274	0	14
P04	58	8	CS47	R1	0.00617595729621344	0	14
P04	58	9	CS47	R2	0.00666828196669182	0	14
P04	58	10	CS48	R1	0.00645170191584968	0	14
P04	58	11	CS48	R2	0.0092239535692409	0	14
P04	58	12	CS49	R1	0.00723685933915549	0	12
P04	58	13	CS49	R2	0.00212182936159842	0	14
P04	58	14	CS51	R1	0.00232037914373524	0	14
P04	58	15	CS51	R2	0.00658610949893856	0	12
P04	58	16	CS53	R1	-0.000793882315107378	0	12
P04	58	17	CS53	R2	-0.00340723281067414	0	8
P04	58	18	CS54	R1	-0.00648425827300063	0	7
P04	58	19	CS54	R2	-0.00559839815939786	0	7
P04	58	20	CS55	R1	-0.00467343720399631	0	14
P04	58	21	CS55	R2	0.00705319068061665	0	14
P04	58	22	CS56	R1	-0.00291904439838935	0	12
P04	58	23	CS56	R2	-0.000633815288461822	0	12
P04	58	24	CS57	R1	-0.00365432692974115	0	12
P04	58	25	CS57	R2	-0.01121854567052	0	12
P04	58	26	CS58	R1	-0.00790993697543649	0	7
P04	58	27	CS60	R1	-0.000320299793059765	0	14
P04	58	28	CS62	R1	-0.00532060473074209	0	7
P04	58	29	CS62	R2	0.00551764714410383	0	7
P04	59	1	CS41	R1	-0.000838852238755885	0	14
P04	59	2	CS41	R2	-0.00130234182585775	0	14
P04	59	3	CS42	R1	0.00317767485093483	0	14
P04	59	4	CS42	R2	0.00428627566702031	0	14
P04	59	5	CS43	R1	-0.000557450319453753	0	14
P04	59	6	CS43	R2	-0.000800983528700049	0	14
P04	59	7	CS44	R1	0.0071759645167308	0	14
P04	59	8	CS47	R1	0.00243643087718057	0	14
P04	59	9	CS47	R2	-0.00673687653756328	0	14
P04	59	10	CS48	R1	-0.00208078716677694	0	14
P04	59	11	CS48	R2	-0.00573607425231118	0	14
P04	59	12	CS49	R1	0.0109205071381707	0	12
P04	59	13	CS49	R2	0.000917790558147807	0	14
P04	59	14	CS51	R1	0.00494851061892539	0	14
P04	59	15	CS51	R2	0.0053720846935626	0	12
P04	59	16	CS53	R1	-0.00502617137360896	0	12
P04	59	17	CS53	R2	-0.00281984681583435	0	8
P04	59	18	CS54	R1	-0.0132529981668364	0	7
P04	59	19	CS54	R2	-0.000191085062477113	0	7
P04	59	20	CS55	R1	-0.00391084474431271	0	14
P04	59	21	CS55	R2	-0.00176648509282947	0	14
P04	59	22	CS56	R1	0.00972744440363664	0	12
P04	59	23	CS56	R2	-0.00818018166690408	0	12
P04	59	24	CS57	R1	0.00770850317657234	0	12
P04	59	25	CS57	R2	-0.00390161430542783	0	12
P04	59	26	CS58	R1	0.0020736150760108	0	7
P04	59	27	CS60	R1	0.00758769453849663	0	14
P04	59	28	CS62	R1	0.000302437229218984	0	7
P04	59	29	CS62	R2	0.00588973423153727	0	7
P04	60	1	CS41	R1	0.00772483506197241	0	14
P04	60	2	CS41	R2	-0.0123611260630523	0	14
P04	60	3	CS42	R1	0.00619256644834152	0	14
P04	60	4	CS42	R2	0.00485651945666469	0	14
P04	60	5	CS43	R1	0.00786211072181631	0	14
P04	60	6	CS43	R2	-0.00846823460492655	0	14
P04	60	7	CS44	R1	-0.0085504887924707	0	14
P04	60	8	CS47	R1	0.00462188874711587	0	14
P04	60	9	CS47	R2	0.000970164096638492	0	14
P04	60	10	CS48	R1	0.015678977585354	0	14
P04	60	11	CS48	R2	-0.00478757185354817	0	14
P04	60	12	CS49	R1	0.000688145134347782	0	12
P04	60	13	CS49	R2	0.00561179742612853	0	14
P04	60	14	CS51	R1	-0.000159157656671289	0	14
P04	60	15	CS51	R2	-0.00188263346558033	0	12
P04	60	16	CS53	R1	-0.00281522934898548	0	12
P04	60	17	CS53	R2	0.00551380011697987	0	8
P04	60	18	CS54	R1	0.00306234358406294	0	7
P04	60	19	CS54	R2	0.0166413143466418	0	7
P04	60	20	CS55	R1	0.000285657832598836	0	14
P04	60	21	CS55	R2	-0.00335129258920467	0	14
P04	60	22	CS56	R1	0.00289016120861023	0	12
P04	60	23	CS56	R2	0.0101790083146028	0	12
P04	60	24	CS57	R1	0.000732954028345767	0	12
P04	60	25	CS57	R2	-0.00491094376771137	0	12
P04	60	26	CS58	R1	0.00413109472897342	0	7
P04	60	27	CS60	R1	-0.00819327159602509	0	14
P04	60	28	CS62	R1	0.0107708236272223	0	7
P04	60	29	CS62	R2	-0.00793330180202602	0	7
P04	61	1	CS41	R1	0.00343032854702411	0	14
P04	61	2	CS41	R2	0.00530039039930368	0	14
P04	61	3	CS42	R1	0.00344625847932324	0	14
P04	61	4	CS42	R2	-0.00138241864306781	0	14
P04	61	5	CS43	R1	0.00011012863111941	0	14
P04	61	6	CS43	R2	0.00543791249762473	0	14
P04	61	7	CS44	R1	0.00153988728521077	0	14
P04	61	8	CS47	R1	-0.0060836861341311	0	14
P04	61	9	CS47	R2	-0.0051725156862216	0	14
P04	61	10	CS48	R1	0.00364566511835981	0	14
P04	61	11	CS48	R2	0.00320667727524906	0	14
P04	61	12	CS49	R1	0.00511565477075253	0	12
P04	61	13	CS49	R2	0.0067271627375573	0	14
P04	61	14	CS51	R1	0.00518301139733495	0	14
P04	61	15	CS51	R2	0.0137774834792453	0	12
P04	61	16	CS53	R1	0.00570760671789877	0	12
P04	61	17	CS53	R2	0.00245099693959602	0	8
P04	61	18	CS54	R1	-0.0323883473377742	0	7
P04	61	19	CS54	R2	-0.00810565162569072	0	7
P04	61	20	CS55	R1	0.00230281233448464	0	14
P04	61	21	CS55	R2	0.00405582602073741	0	14
P04	61	22	CS56	R1	0.00691632359791332	0	12
P04	61	23	CS56	R2	-0.00314800921614549	0	12
P04	61	24	CS57	R1	-0.00201155688023468	0	12
P04	61	25	CS57	R2	0.00625674132692546	0	12
P04	61	26	CS58	R1	-0.0027320106022156	0	7
P04	61	27	CS60	R1	-0.00583253075700755	0	14
P04	61	28	CS62	R1	0.00484398430159943	0	7
P04	61	29	CS62	R2	0.00538456632016177	0	7
P04	62	1	CS41	R1	0.00183265250877992	0	14
P04	62	2	CS41	R2	-0.00348749133705304	0	14
P04	62	3	CS42	R1	0.000564038090456936	0	14
P04	62	4	CS42	R2	-0.00815090014752053	0	14
P04	62	5	CS43	R1	0.00338855173449555	0	14
P04	62	6	CS43	R2	-0.00466841199968528	0	14
P04	62	7	CS44	R1	-0.00939296703058741	0	14
P04	62	8	CS47	R1	0.00098144598969139	0	14
P04	62	9	CS47	R2	0.0056316524611812	0	14
P04	62	10	CS48	R1	0.0219243889910748	0	14
P04	62	11	CS48	R2	-0.00455660817907888	0	14
P04	62	12	CS49	R1	0.000200840255710627	0	12
P04	62	13	CS49	R2	-0.00510288726599928	0	14
P04	62	14	CS51	R1	-0.00830909836010297	0	14
P04	62	15	CS51	R2	-0.00268287719471447	0	12
P04	62	16	CS53	R1	0.00608570831255727	0	12
P04	62	17	CS53	R2	-0.00893508077211966	0	8
P04	62	18	CS54	R1	-0.00320727900296035	0	7
P04	62	19	CS54	R2	0.013271677391643	0	7
P04	62	20	CS55	R1	0.00339267184021571	0	14
P04	62	21	CS55	R2	-0.00973732783545166	0	14
P04	62	22	CS56	R1	-0.00531773135246847	0	12
P04	62	23	CS56	R2	0.0116195228856797	0	12
P04	62	24	CS57	R1	-0.00113211489905714	0	12
P04	62	25	CS57	R2	-0.00209124416899903	0	12
P04	62	26	CS58	R1	-0.000466461251904302	0	7
P04	62	27	CS60	R1	-0.00958508437929483	0	14
P04	62	28	CS62	R1	0.00738363177548621	0	7
P04	62	29	CS62	R2	0.00461866396999133	0	7
P04	63	1	CS41	R1	0.00458995881409969	0	14
P04	63	2	CS41	R2	0.00547964325758117	0	14
P04	63	3	CS42	R1	0.00633983249565703	0	14
P04	63	4	CS42	R2	0.000668778151005858	0	14
P04	63	5	CS43	R1	0.00036834433237513	0	14
P04	63	6	CS43	R2	0.00734243906165916	0	14
P04	63	7	CS44	R1	-0.000844810044086703	0	14
P04	63	8	CS47	R1	0.0022227866364472	0	14
P04	63	9	CS47	R2	-0.00401034818798655	0	14
P04	63	10	CS48	R1	0.00150612909941441	0	14
P04	63	11	CS48	R2	-0.00890992779983034	0	14
P04	63	12	CS49	R1	0.00322410766572258	0	12
P04	63	13	CS49	R2	-0.00748911226258782	0	14
P04	63	14	CS51	R1	-0.00718242341809446	0	14
P04	63	15	CS51	R2	0.0117444784489499	0	12
P04	63	16	CS53	R1	0.00123755726384114	0	12
P04	63	17	CS53	R2	-0.000363662016980808	0	8
P04	63	18	CS54	R1	0.00782353208191388	0	7
P04	63	19	CS54	R2	-0.00118446096797933	0	7
P04	63	20	CS55	R1	0.0123762432811997	0	14
P04	63	21	CS55	R2	0.00485108679770121	0	14
P04	63	22	CS56	R1	-0.00124302996616513	0	12
P04	63	23	CS56	R2	0.00353543055424131	0	12
P04	63	24	CS57	R1	0.000999390601508377	0	12
P04	63	25	CS57	R2	0.00872286972822378	0	12
P04	63	26	CS58	R1	-0.0171130970694864	0	7
P04	63	27	CS60	R1	-0.00420966960752387	0	14
P04	63	28	CS62	R1	-0.0234882598914668	0	7
P04	63	29	CS62	R2	0.0062750333376334	0	7
P04	64	1	CS41	R1	-8.19646788501289e-05	0	14
P04	64	2	CS41	R2	0.00170503907590068	0	14
P04	64	3	CS42	R1	0.00208604891022026	0	14
P04	64	4	CS42	R2	-0.000746438452591731	0	14
P04	64	5	CS43	R1	0.00433772727405971	0	14
P04	64	6	CS43	R2	0.00941594280026394	0	14
P04	64	7	CS44	R1	0.0101269159922809	0	14
P04	64	8	CS47	R1	0.00451220388487495	0	14
P04	64	9	CS47	R2	-0.00908269953620431	0	14
P04	64	10	CS48	R1	-0.00400685556896784	0	14
P04	64	11	CS48	R2	-0.000856596635306773	0	14
P04	64	12	CS49	R1	0.00715803704014298	0	12
P04	64	13	CS49	R2	-0.00397471164827868	0	14
P04	64	14	CS51	R1	0.0114146549398108	0	14
P04	64	15	CS51	R2	0.00803011752241715	0	12
P04	64	16	CS53	R1	-0.00581977380853356	0	12
P04	64	17	CS53	R2	0.00930460649701499	0	8
P04	64	18	CS54	R1	-0.00299564205820324	0	7
P04	64	19	CS54	R2	-0.00502692093144482	0	7
P04	64	20	CS55	R1	-0.00053016368902412	0	14
P04	64	21	CS55	R2	0.00907396936221633	0	14
P04	64	22	CS56	R1	0.00343070141122832	0	12
P04	64	23	CS56	R2	-0.00331686418055458	0	12
P04	64	24	CS57	R1	-0.00247645078840974	0	12
P04	64	25	CS57	R2	0.0140070953190015	0	12
P04	64	26	CS58	R1	-0.00490275408919235	0	7
P04	64	27	CS60	R1	0.0029502702053853	0	14
P04	64	28	CS62	R1	-0.00356514293382831	0	7
P04	64	29	CS62	R2	0.00207514735010443	0	7
P05	1	1	CS41	R1	-0.00578080808174379	0	14
P05	1	2	CS41	R2	-0.00862456363898025	0	14
P05	1	3	CS42	R1	-0.00153706769909896	0	14
P05	1	4	CS42	R2	0.00143837786175275	0	14
P05	1	5	CS43	R1	0.0117197472964691	0	14
P05	1	6	CS43	R2	-0.0029199488114639	0	14
P05	1	7	CS44	R1	0.00406850258884048	0	14
P05	1	8	CS47	R1	-0.000835032366757891	0	14
P05	1	9	CS47	R2	-0.00404031357227333	0	14
P05	1	10	CS48	R1	0.00162323236095034	0	14
P05	1	11	CS48	R2	-6.41637348844295e-06	0	14
P05	1	12	CS49	R1	0.00306546694814618	0	12
P05	1	13	CS49	R2	-0.00718635759047945	0	14
P05	1	14	CS51	R1	0.00323557738397365	0	14
P05	1	15	CS51	R2	0.00417834117019593	0	12
P05	1	16	CS53	R1	0.00954003759920704	0	12
P05	1	17	CS53	R2	0.00068784421158498	0	8
P05	1	18	CS54	R1	-0.0034909833353197	0	7
P05	1	19	CS54	R2	-0.00688873100601194	0	7
P05	1	20	CS55	R1	0.0168423611489455	0	14
P05	1	21	CS55	R2	7.44600199139185e-05	0	14
P05	1	22	CS56	R1	-0.00101632435563949	0	12
P05	1	23	CS56	R2	-0.00736645647695294	0	12
P05	1	24	CS57	R1	0.00338656618027205	0	12
P05	1	25	CS57	R2	-0.0011925004364858	0	12
P05	1	26	CS58	R1	0.00261404987763404	0	7
P05	1	27	CS60	R1	0.00600118963437215	0	14
P05	1	28	CS62	R1	-0.00387450225030118	0	7
P05	1	29	CS62	R2	0.00864669540910963	0	7
P05	2	1	CS41	R1	-0.00715804306004814	0	14
P05	2	2	CS41	R2	-0.00517053200808871	0	14
P05	2	3	CS42	R1	-0.00112711468024931	0	14
P05	2	4	CS42	R2	-0.00537690312320141	0	14
P05	2	5	CS43	R1	0.00694879315817727	0	14
P05	2	6	CS43	R2	-0.000411572840893791	0	14
P05	2	7	CS44	R1	0.0117514121671532	0	14
P05	2	8	CS47	R1	-0.00279560402045592	0	14
P05	2	9	CS47	R2	0.00188142366383879	0	14
P05	2	10	CS48	R1	0.00192742073832567	0	14
P05	2	11	CS48	R2	0.00286579189948627	0	14
P05	2	12	CS49	R1	-0.00086405809522636	0	12
P05	2	13	CS49	R2	0.00688402626647206	0	14
P05	2	14	CS51	R1	0.00034022711920242	0	14
P05	2	15	CS51	R2	0.00399550891715474	0	12
P05	2	16	CS53	R1	-0.0094347604891993	0	12
P05	2	17	CS53	R2	0.0176142069927281	0	8
P05	2	18	CS54	R1	-0.000354492035475848	0	7
P05	2	19	CS54	R2	-0.00449142789558672	0	7
P05	2	20	CS55	R1	0.00957766412703841	0	14
P05	2	21	CS55	R2	-0.00214078673295063	0	14
P05	2	22	CS56	R1	-0.00509858898489884	0	12
P05	2	23	CS56	R2	0.00620389225861751	0	12
P05	2	24	CS57	R1	0.00682425352476162	0	12
P05	2	25	CS57	R2	-0.00196123631322158	0	12
P05	2	26	CS58	R1	0.015054926154157	0	7
P05	2	27	CS60	R1	-0.000425809788116796	0	14
P05	2	28	CS62	R1	-0.00153782330799138	0	7
P05	2	29	CS62	R2	0.000664833700778789	0	7
P05	3	1	CS41	R1	0.00452067151164994	0	14
P05	3	2	CS41	R2	0.00929647351601957	0	14
P05	3	3	CS42	R1	0.00772192819924013	0	14
P05	3	4	CS42	R2	-0.00705298089816945	0	14
P05	3	5	CS43	R1	-0.00548762998024758	0	14
P05	3	6	CS43	R2	-0.00494930213601791	0	14
P05	3	7	CS44	R1	0.0083466425686385	0	14
P05	3	8	CS47	R1	-0.00268683586267873	0	14
P05	3	9	CS47	R2	0.00173343671319424	0	14
P05	3	10	CS48	R1	0.00725949906799649	0	14
P05	3	11	CS48	R2	0.00426936327725867	0	14
P05	3	12	CS49	R1	0.00227132671752464	0	12
P05	3	13	CS49	R2	-0.00169957543476164	0	14
P05	3	14	CS51	R1	0.0040948678912786	0	14
P05	3	15	CS51	R2	0.00119867170549707	0	12
P05	3	16	CS53	R1	0.000286566292597539	0	12
P05	3	17	CS53	R2	0.00844777427630119	0	8
P05	3	18	CS54	R1	-0.00605131110679279	0	7
P05	3	19	CS54	R2	-0.000875242296656469	0	7
P05	3	20	CS55	R1	0.00375815865690621	0	14
P05	3	21	CS55	R2	0.0116083196019626	0	14
P05	3	22	CS56	R1	-0.000963897196448512	0	12
P05	3	23	CS56	R2	-0.00428841428646977	0	12
P05	3	24	CS57	R1	-0.00311664239843357	0	12
P05	3	25	CS57	R2	-0.00388251220470998	0	12
P05	3	26	CS58	R1	0.00733090030783965	0	7
P05	3	27	CS60	R1	0.00335196530310881	0	14
P05	3	28	CS62	R1	-0.00245955859721097	0	7
P05	3	29	CS62	R2	-0.00589569250829402	0	7
P05	4	1	CS41	R1	-0.00528235112142879	0	14
P05	4	2	CS41	R2	0.00619299421549265	0	14
P05	4	3	CS42	R1	0.00247542836109407	0	14
P05	4	4	CS42	R2	0.00507807496015038	0	14
P05	4	5	CS43	R1	0.000480950083234531	0	14
P05	4	6	CS43	R2	-0.000902943327713717	0	14
P05	4	7	CS44	R1	0.00896134838553033	0	14
P05	4	8	CS47	R1	0.000302458572235472	0	14
P05	4	9	CS47	R2	-0.00671532250694719	0	14
P05	4	10	CS48	R1	-0.00339075198071947	0	14
P05	4	11	CS48	R2	0.00278571156491399	0	14
P05	4	12	CS49	R1	-0.00485100037918352	0	12
P05	4	13	CS49	R2	-0.00645089223478382	0	14
P05	4	14	CS51	R1	0.00895497870040856	0	14
P05	4	15	CS51	R2	0.0113330373386189	0	12
P05	4	16	CS53	R1	0.000221051815839196	0	12
P05	4	17	CS53	R2	0.0024477102260867	0	8
P05	4	18	CS54	R1	-0.00491658104728957	0	7
P05	4	19	CS54	R2	-0.00035781800213563	0	7
P05	4	20	CS55	R1	-0.000109583400460216	0	14
P05	4	21	CS55	R2	-0.00476517126594231	0	14
P05	4	22	CS56	R1	0.00147934372529156	0	12
P05	4	23	CS56	R2	-0.00597848583515334	0	12
P05	4	24	CS57	R1	-0.00727485611505895	0	12
P05	4	25	CS57	R2	2.8845987080721e-05	0	12
P05	4	26	CS58	R1	0.00755169164360337	0	7
P05	4	27	CS60	R1	0.0024075489863946	0	14
P05	4	28	CS62	R1	0.0097463938509489	0	7
P05	4	29	CS62	R2	-0.0112518854685277	0	7
P05	5	1	CS41	R1	-0.00438136597506665	0	14
P05	5	2	CS41	R2	-0.00520189810522998	0	14
P05	5	3	CS42	R1	0.00345419917019789	0	14
P05	5	4	CS42	R2	0.00415802595005732	0	14
P05	5	5	CS43	R1	0.00200542030739791	0	14
P05	5	6	CS43	R2	0.00957069756428568	0	14
P05	5	7	CS44	R1	-0.00546467351774596	0	14
P05	5	8	CS47	R1	0.00059220139692883	0	14
P05	5	9	CS47	R2	0.00240086873893709	0	14
P05	5	10	CS48	R1	-0.00790991560968998	0	14
P05	5	11	CS48	R2	-0.0023241319792685	0	14
P05	5	12	CS49	R1	0.0067524920311099	0	12
P05	5	13	CS49	R2	0.0153953748525999	0	14
P05	5	14	CS51	R1	0.00896900013991013	0	14
P05	5	15	CS51	R2	0.0040722814756238	0	12
P05	5	16	CS53	R1	-0.00292976186693479	0	12
P05	5	17	CS53	R2	0.0121616000441927	0	8
P05	5	18	CS54	R1	0.00528160434762017	0	7
P05	5	19	CS54	R2	0.00136266566593122	0	7
P05	5	20	CS55	R1	0.00172972216017887	0	14
P05	5	21	CS55	R2	0.0072089981050123	0	14
P05	5	22	CS56	R1	0.0146051316786605	0	12
P05	5	23	CS56	R2	-0.0053511480782609	0	12
P05	5	24	CS57	R1	0.00223251221718291	0	12
P05	5	25	CS57	R2	0.00498093026775898	0	12
P05	5	26	CS58	R1	0.0130635078820834	0	7
P05	5	27	CS60	R1	0.00250285369007153	0	14
P05	5	28	CS62	R1	0.0110323549394926	0	7
P05	5	29	CS62	R2	-0.00442943254565198	0	7
P05	6	1	CS41	R1	0.00224569470235248	0	14
P05	6	2	CS41	R2	0.00323348196143531	0	14
P05	6	3	CS42	R1	0.00686392585103984	0	14
P05	6	4	CS42	R2	-0.00558667140331056	0	14
P05	6	5	CS43	R1	0.00114839111453425	0	14
P05	6	6	CS43	R2	0.000673903008309438	0	14
P05	6	7	CS44	R1	0.00648547310442038	0	14
P05	6	8	CS47	R1	0.00392482412589548	0	14
P05	6	9	CS47	R2	0.00030903207976501	0	14
P05	6	10	CS48	R1	0.00786361321015148	0	14
P05	6	11	CS48	R2	-0.00105568413111182	0	14
P05	6	12	CS49	R1	0.0104282908726496	0	12
P05	6	13	CS49	R2	-0.00387832397177183	0	14
P05	6	14	CS51	R1	-0.00501566753053275	0	14
P05	6	15	CS51	R2	0.00557371854990431	0	12
P05	6	16	CS53	R1	-0.00406231286227589	0	12
P05	6	17	CS53	R2	0.00189430870526548	0	8
P05	6	18	CS54	R1	0.00201111910866221	0	7
P05	6	19	CS54	R2	0.00719114602618579	0	7
P05	6	20	CS55	R1	0.000445352386192506	0	14
P05	6	21	CS55	R2	0.00442452401430804	0	14
P05	6	22	CS56	R1	0.00244175454260275	0	12
P05	6	23	CS56	R2	0.00116513934383307	0	12
P05	6	24	CS57	R1	0.000194088805097275	0	12
P05	6	25	CS57	R2	-0.00666115995698631	0	12
P05	6	26	CS58	R1	0.00560025200853734	0	7
P05	6	27	CS60	R1	0.000542959373977008	0	14
P05	6	28	CS62	R1	-0.00808216333069385	0	7
P05	6	29	CS62	R2	-0.00416643450370986	0	7
P05	7	1	CS41	R1	-0.00071799376597472	0	14
P05	7	2	CS41	R2	-0.00260619060730419	0	14
P05	7	3	CS42	R1	-0.0043550442212994	0	14
P05	7	4	CS42	R2	0.00253232314602814	0	14
P05	7	5	CS43	R1	-0.00105947284840141	0	14
P05	7	6	CS43	R2	-0.000312315202943906	0	14
P05	7	7	CS44	R1	-0.00122773628482509	0	14
P05	7	8	CS47	R1	-0.00304483951467494	0	14
P05	7	9	CS47	R2	-0.00103949713024277	0	14
P05	7	10	CS48	R1	-0.00108334581853941	0	14
P05	7	11	CS48	R2	0.00576690778195765	0	14
P05	7	12	CS49	R1	-0.00144181764685522	0	12
P05	7	13	CS49	R2	-0.000702363351565637	0	14
P05	7	14	CS51	R1	0.00728004282797103	0	14
P05	7	15	CS51	R2	0.0028919567733186	0	12
P05	7	16	CS53	R1	0.00976699310456498	0	12
P05	7	17	CS53	R2	-0.00634150926555507	0	8
P05	7	18	CS54	R1	0.00678125828251452	0	7
P05	7	19	CS54	R2	-0.00147728541628094	0	7
P05	7	20	CS55	R1	0.0047731395577878	0	14
P05	7	21	CS55	R2	-0.000346012932143982	0	14
P05	7	22	CS56	R1	0.00422826443664307	0	12
P05	7	23	CS56	R2	0.00488182449679085	0	12
P05	7	24	CS57	R1	-0.00722282836224243	0	12
P05	7	25	CS57	R2	0.0105669699795278	0	12
P05	7	26	CS58	R1	-0.00696471027944868	0	7
P05	7	27	CS60	R1	-0.010470990404839	0	14
P05	7	28	CS62	R1	0.0129454880753346	0	7
P05	7	29	CS62	R2	0.00705513264805274	0	7
P05	8	1	CS41	R1	-0.00833211086539331	0	14
P05	8	2	CS41	R2	0.00337419058531819	0	14
P05	8	3	CS42	R1	0.00382902551674773	0	14
P05	8	4	CS42	R2	0.00452464125871361	0	14
P05	8	5	CS43	R1	0.00303508391401985	0	14
P05	8	6	CS43	R2	0.00106844241923929	0	14
P05	8	7	CS44	R1	0.00491303096624113	0	14
P05	8	8	CS47	R1	-0.00839645761038112	0	14
P05	8	9	CS47	R2	0.00696545282027803	0	14
P05	8	10	CS48	R1	0.00853123654621016	0	14
P05	8	11	CS48	R2	0.00544845740931725	0	14
P05	8	12	CS49	R1	-0.00105775458701166	0	12
P05	8	13	CS49	R2	0.00727935638028671	0	14
P05	8	14	CS51	R1	0.00558057238742793	0	14
P05	8	15	CS51	R2	-0.000188825553907227	0	12
P05	8	16	CS53	R1	0.0112347664218559	0	12
P05	8	17	CS53	R2	-0.000853249649405339	0	8
P05	8	18	CS54	R1	-0.00257913711859467	0	7
P05	8	19	CS54	R2	0.00248327937658246	0	7
P05	8	20	CS55	R1	-0.00426552154459852	0	14
P05	8	21	CS55	R2	-0.000818178521038157	0	14
P05	8	22	CS56	R1	-0.00786337065656657	0	12
P05	8	23	CS56	R2	0.0114831932573328	0	12
P05	8	24	CS57	R1	0.00642917657232954	0	12
P05	8	25	CS57	R2	-0.000697682727166737	0	12
P05	8	26	CS58	R1	-0.00263411814550741	0	7
P05	8	27	CS60	R1	0.00211943828822738	0	14
P05	8	28	CS62	R1	0.014424971147997	0	7
P05	8	29	CS62	R2	0.00954325764429254	0	7
P05	9	1	CS41	R1	-0.0136304698569133	0	14
P05	9	2	CS41	R2	-0.00731856163491833	0	14
P05	9	3	CS42	R1	-0.00168138793219808	0	14
P05	9	4	CS42	R2	0.00192873265940611	0	14
P05	9	5	CS43	R1	0.00569774459731633	0	14
P05	9	6	CS43	R2	0.00243959487993528	0	14
P05	9	7	CS44	R1	0.00496926162048028	0	14
P05	9	8	CS47	R1	-0.00825964504503536	0	14
P05	9	9	CS47	R2	0.00214427823950048	0	14
P05	9	10	CS48	R1	-0.000936758251827999	0	14
P05	9	11	CS48	R2	0.00109371686097882	0	14
P05	9	12	CS49	R1	-0.00518295397088632	0	12
P05	9	13	CS49	R2	-0.0050469334301029	0	14
P05	9	14	CS51	R1	0.0111879927809422	0	14
P05	9	15	CS51	R2	-0.00134506014435417	0	12
P05	9	16	CS53	R1	0.00308942985669099	0	12
P05	9	17	CS53	R2	-0.00428810675632117	0	8
P05	9	18	CS54	R1	0.0212445856007886	0	7
P05	9	19	CS54	R2	-0.000290013645922223	0	7
P05	9	20	CS55	R1	0.00118288133195128	0	14
P05	9	21	CS55	R2	0.00188067291912462	0	14
P05	9	22	CS56	R1	0.00639827605769569	0	12
P05	9	23	CS56	R2	0.000702550869213071	0	12
P05	9	24	CS57	R1	0.00313358065877403	0	12
P05	9	25	CS57	R2	0.000267780108580947	0	12
P05	9	26	CS58	R1	0.00745753890141388	0	7
P05	9	27	CS60	R1	0.00906410187877132	0	14
P05	9	28	CS62	R1	0.00151301455120508	0	7
P05	9	29	CS62	R2	0.00484313021959504	0	7
P05	10	1	CS41	R1	-0.00761092401043701	0	14
P05	10	2	CS41	R2	-0.00804183094561442	0	14
P05	10	3	CS42	R1	0.00821921108589839	0	14
P05	10	4	CS42	R2	0.00339245246331587	0	14
P05	10	5	CS43	R1	0.0148839883439398	0	14
P05	10	6	CS43	R2	0.00408526172983512	0	14
P05	10	7	CS44	R1	0.00179637997523366	0	14
P05	10	8	CS47	R1	-0.00549186566354854	0	14
P05	10	9	CS47	R2	0.00846936132601676	0	14
P05	10	10	CS48	R1	0.00319368275740019	0	14
P05	10	11	CS48	R2	-0.00156291958795745	0	14
P05	10	12	CS49	R1	-0.0106480866912974	0	12
P05	10	13	CS49	R2	-0.00396531885057263	0	14
P05	10	14	CS51	R1	-0.00507618493507977	0	14
P05	10	15	CS51	R2	0.00222605440437641	0	12
P05	10	16	CS53	R1	0.00208521700342762	0	12
P05	10	17	CS53	R2	-0.00651306041614362	0	8
P05	10	18	CS54	R1	0.00816065584241087	0	7
P05	10	19	CS54	R2	-0.00815453911091114	0	7
P05	10	20	CS55	R1	0.00185184060110967	0	14
P05	10	21	CS55	R2	0.00160192222756889	0	14
P05	10	22	CS56	R1	-0.000738371033543267	0	12
P05	10	23	CS56	R2	-0.000709983170657323	0	12
P05	10	24	CS57	R1	-0.00854925530939057	0	12
P05	10	25	CS57	R2	0.00614209917548713	0	12
P05	10	26	CS58	R1	-0.00240705163928094	0	7
P05	10	27	CS60	R1	-4.96110090373106e-05	0	14
P05	10	28	CS62	R1	-0.00206772820933522	0	7
P05	10	29	CS62	R2	-0.00236423201343104	0	7
P05	11	1	CS41	R1	-0.00477655479986327	0	14
P05	11	2	CS41	R2	-0.00107723988557495	0	14
P05	11	3	CS42	R1	-0.000345698829701099	0	14
P05	11	4	CS42	R2	0.00438795538449455	0	14
P05	11	5	CS43	R1	0.00189835905931819	0	14
P05	11	6	CS43	R2	0.001425794622229	0	14
P05	11	7	CS44	R1	-0.0017597196199743	0	14
P05	11	8	CS47	R1	-0.00163882982247622	0	14
P05	11	9	CS47	R2	-0.00528451098981478	0	14
P05	11	10	CS48	R1	0.00183491957789039	0	14
P05	11	11	CS48	R2	0.00443178211367379	0	14
P05	11	12	CS49	R1	-0.00624685129176369	0	12
P05	11	13	CS49	R2	0.00656833016502093	0	14
P05	11	14	CS51	R1	0.00850636236096462	0	14
P05	11	15	CS51	R2	0.00387123980043014	0	12
P05	11	16	CS53	R1	-0.000263030696891143	0	12
P05	11	17	CS53	R2	-0.00134728208097328	0	8
P05	11	18	CS54	R1	-0.00889747122869032	0	7
P05	11	19	CS54	R2	0.00605191578542878	0	7
P05	11	20	CS55	R1	-0.00151929440074068	0	14
P05	11	21	CS55	R2	0.000111887847134879	0	14
P05	11	22	CS56	R1	0.00125627297884421	0	12
P05	11	23	CS56	R2	-0.00709558894635055	0	12
P05	11	24	CS57	R1	-0.0011234712573889	0	12
P05	11	25	CS57	R2	-0.00669669630698689	0	12
P05	11	26	CS58	R1	0.00695510894802386	0	7
P05	11	27	CS60	R1	0.00202329924879475	0	14
P05	11	28	CS62	R1	-0.000391390354826835	0	7
P05	11	29	CS62	R2	-0.00160343979592511	0	7
P05	12	1	CS41	R1	0.00511232121611395	0	14
P05	12	2	CS41	R2	0.00448076140232456	0	14
P05	12	3	CS42	R1	0.000939944322493819	0	14
P05	12	4	CS42	R2	0.0105660768774913	0	14
P05	12	5	CS43	R1	-0.00381699460819679	0	14
P05	12	6	CS43	R2	-0.00349447356187463	0	14
P05	12	7	CS44	R1	-0.000866339610638364	0	14
P05	12	8	CS47	R1	0.000813975502114024	0	14
P05	12	9	CS47	R2	-0.00274133493125622	0	14
P05	12	10	CS48	R1	-4.54691039418723e-05	0	14
P05	12	11	CS48	R2	-0.00394052132329788	0	14
P05	12	12	CS49	R1	-0.00779581625422186	0	12
P05	12	13	CS49	R2	-0.00995927671173518	0	14
P05	12	14	CS51	R1	-0.000599654853068313	0	14
P05	12	15	CS51	R2	-0.00882254749776775	0	12
P05	12	16	CS53	R1	0.00472618283215032	0	12
P05	12	17	CS53	R2	-0.00976692108769652	0	8
P05	12	18	CS54	R1	0.0143811282928673	0	7
P05	12	19	CS54	R2	0.00162823442756962	0	7
P05	12	20	CS55	R1	0.00306514342946788	0	14
P05	12	21	CS55	R2	-0.00623151114451138	0	14
P05	12	22	CS56	R1	-0.00712160770513821	0	12
P05	12	23	CS56	R2	0.000679564047604849	0	12
P05	12	24	CS57	R1	-0.000855533239940773	0	12
P05	12	25	CS57	R2	0.00422380913214868	0	12
P05	12	26	CS58	R1	0.00560242464959983	0	7
P05	12	27	CS60	R1	-0.00558649746616113	0	14
P05	12	28	CS62	R1	0.0019645360316959	0	7
P05	12	29	CS62	R2	-0.0113379831954223	0	7
P05	13	1	CS41	R1	0.00111342225669136	0	14
P05	13	2	CS41	R2	-0.00289645402328864	0	14
P05	13	3	CS42	R1	-0.00184794496303485	0	14
P05	13	4	CS42	R2	0.000580537544668416	0	14
P05	13	5	CS43	R1	-0.00197637117311917	0	14
P05	13	6	CS43	R2	0.000254129466980686	0	14
P05	13	7	CS44	R1	0.0152886112870385	0	14
P05	13	8	CS47	R1	0.00456997446401064	0	14
P05	13	9	CS47	R2	0.00324249540058449	0	14
P05	13	10	CS48	R1	-0.0038074201715214	0	14
P05	13	11	CS48	R2	0.000116988816732599	0	14
P05	13	12	CS49	R1	-0.00244294511138629	0	12
P05	13	13	CS49	R2	-0.00343731481251293	0	14
P05	13	14	CS51	R1	0.00608792283000341	0	14
P05	13	15	CS51	R2	0.00612117318416773	0	12
P05	13	16	CS53	R1	-0.00522822134472872	0	12
P05	13	17	CS53	R2	0.00284247638919345	0	8
P05	13	18	CS54	R1	0.00732465516480763	0	7
P05	13	19	CS54	R2	-0.00766251270908971	0	7
P05	13	20	CS55	R1	0.00221183578699106	0	14
P05	13	21	CS55	R2	-0.00134146226687037	0	14
P05	13	22	CS56	R1	0.00176721860931964	0	12
P05	13	23	CS56	R2	0.00107901417370943	0	12
P05	13	24	CS57	R1	0.00291799672061768	0	12
P05	13	25	CS57	R2	0.00364759774667522	0	12
P05	13	26	CS58	R1	0.00158021176651434	0	7
P05	13	27	CS60	R1	0.00385530888290146	0	14
P05	13	28	CS62	R1	0.00346584824504379	0	7
P05	13	29	CS62	R2	-0.00784521930987367	0	7
P05	14	1	CS41	R1	-0.00281102421362514	0	14
P05	14	2	CS41	R2	0.00133025542630305	0	14
P05	14	3	CS42	R1	-0.00937215083755719	0	14
P05	14	4	CS42	R2	0.00211147621797423	0	14
P05	14	5	CS43	R1	0.000671956428557229	0	14
P05	14	6	CS43	R2	-0.000629862250211405	0	14
P05	14	7	CS44	R1	-0.00253272633187196	0	14
P05	14	8	CS47	R1	-0.00377621658608373	0	14
P05	14	9	CS47	R2	0.00815855710422513	0	14
P05	14	10	CS48	R1	0.0038769957314341	0	14
P05	14	11	CS48	R2	-0.00430295962594609	0	14
P05	14	12	CS49	R1	0.00334748872697847	0	12
P05	14	13	CS49	R2	-0.00812769869939244	0	14
P05	14	14	CS51	R1	0.000636493568376979	0	14
P05	14	15	CS51	R2	-0.00415581651797424	0	12
P05	14	16	CS53	R1	0.00544871237296531	0	12
P05	14	17	CS53	R2	-0.0135625899246727	0	8
P05	14	18	CS54	R1	0.00612431717256501	0	7
P05	14	19	CS54	R2	-0.0158184823425087	0	7
P05	14	20	CS55	R1	0.0046136811612386	0	14
P05	14	21	CS55	R2	0.00423371212294483	0	14
P05	14	22	CS56	R1	-0.00441099578607532	0	12
P05	14	23	CS56	R2	0.0149523409034796	0	12
P05	14	24	CS57	R1	-0.0106457604969937	0	12
P05	14	25	CS57	R2	0.00957202965818848	0	12
P05	14	26	CS58	R1	-0.00959776708828408	0	7
P05	14	27	CS60	R1	0.00563061535640019	0	14
P05	14	28	CS62	R1	-0.0102913083343445	0	7
P05	14	29	CS62	R2	-0.00027901630963503	0	7
P05	15	1	CS41	R1	-0.00107828643583114	0	14
P05	15	2	CS41	R2	0.000625929447398451	0	14
P05	15	3	CS42	R1	-0.000964689370506444	0	14
P05	15	4	CS42	R2	0.00557757732751584	0	14
P05	15	5	CS43	R1	-0.00440926380213486	0	14
P05	15	6	CS43	R2	0.000716557274693035	0	14
P05	15	7	CS44	R1	-0.00443847645777711	0	14
P05	15	8	CS47	R1	0.00328822074746013	0	14
P05	15	9	CS47	R2	0.00714350804434252	0	14
P05	15	10	CS48	R1	0.000649651117908967	0	14
P05	15	11	CS48	R2	0.00530994495290881	0	14
P05	15	12	CS49	R1	-0.0103522322855453	0	12
P05	15	13	CS49	R2	0.000941471540489951	0	14
P05	15	14	CS51	R1	-0.00309317703609024	0	14
P05	15	15	CS51	R2	0.0105319246525559	0	12
P05	15	16	CS53	R1	0.000992962010581131	0	12
P05	15	17	CS53	R2	0.00438091600470855	0	8
P05	15	18	CS54	R1	0.00916612085994454	0	7
P05	15	19	CS54	R2	0.000269137474532458	0	7
P05	15	20	CS55	R1	-0.00536486348032516	0	14
P05	15	21	CS55	R2	0.00697261350765176	0	14
P05	15	22	CS56	R1	-0.0042132753483782	0	12
P05	15	23	CS56	R2	-0.00459004860456449	0	12
P05	15	24	CS57	R1	-0.00338048057501915	0	12
P05	15	25	CS57	R2	-0.00461173499906494	0	12
P05	15	26	CS58	R1	0.00557679655133068	0	7
P05	15	27	CS60	R1	0.00719491750808845	0	14
P05	15	28	CS62	R1	0.0109939853737429	0	7
P05	15	29	CS62	R2	0.00661749362351482	0	7
P05	16	1	CS41	R1	-0.00250542921169992	0	14
P05	16	2	CS41	R2	-0.00135538521688941	0	14
P05	16	3	CS42	R1	-0.00462905994495387	0	14
P05	16	4	CS42	R2	-0.00811636836026716	0	14
P05	16	5	CS43	R1	0.00375162309198807	0	14
P05	16	6	CS43	R2	-0.00577954616430741	0	14
P05	16	7	CS44	R1	0.0016390621406288	0	14
P05	16	8	CS47	R1	-0.00105036034351361	0	14
P05	16	9	CS47	R2	0.000879146224321111	0	14
P05	16	10	CS48	R1	0.00860910919102593	0	14
P05	16	11	CS48	R2	0.00994584607686724	0	14
P05	16	12	CS49	R1	-0.00823180070977719	0	12
P05	16	13	CS49	R2	-0.00274590783175095	0	14
P05	16	14	CS51	R1	-0.0128235260437207	0	14
P05	16	15	CS51	R2	-0.00486446916389679	0	12
P05	16	16	CS53	R1	-0.000589560343871755	0	12
P05	16	17	CS53	R2	0.000591273552172468	0	8
P05	16	18	CS54	R1	-0.00407581970150223	0	7
P05	16	19	CS54	R2	0.000981618791202144	0	7
P05	16	20	CS55	R1	-0.00333962785420513	0	14
P05	16	21	CS55	R2	0.00157510115819525	0	14
P05	16	22	CS56	R1	0.0033954785349825	0	12
P05	16	23	CS56	R2	0.0051654841078531	0	12
P05	16	24	CS57	R1	-0.00822275184254189	0	12
P05	16	25	CS57	R2	0.00994652683737928	0	12
P05	16	26	CS58	R1	0.00184587766687653	0	7
P05	16	27	CS60	R1	-0.00145778115276388	0	14
P05	16	28	CS62	R1	-0.0134450372580149	0	7
P05	16	29	CS62	R2	0.011374933295621	0	7
P05	17	1	CS41	R1	0.00203911040376839	0	14
P05	17	2	CS41	R2	-0.00368482940540379	0	14
P05	17	3	CS42	R1	0.000528596053383324	0	14
P05	17	4	CS42	R2	0.00522953356343878	0	14
P05	17	5	CS43	R1	0.00725303502984231	0	14
P05	17	6	CS43	R2	0.0065930988646601	0	14
P05	17	7	CS44	R1	0.00369644718766265	0	14
P05	17	8	CS47	R1	-0.00196664800610264	0	14
P05	17	9	CS47	R2	0.00145545781721379	0	14
P05	17	10	CS48	R1	-0.00999953183169737	0	14
P05	17	11	CS48	R2	0.0131246529827075	0	14
P05	17	12	CS49	R1	-0.00321464750025008	0	12
P05	17	13	CS49	R2	0.0108564556162327	0	14
P05	17	14	CS51	R1	-0.00863966783875668	0	14
P05	17	15	CS51	R2	-0.00414369053328262	0	12
P05	17	16	CS53	R1	0.00231278131384694	0	12
P05	17	17	CS53	R2	0.00325581760745486	0	8
P05	17	18	CS54	R1	0.000183950990611207	0	7
P05	17	19	CS54	R2	0.00195053424835886	0	7
P05	17	20	CS55	R1	-0.00310711718416967	0	14
P05	17	21	CS55	R2	0.00723551648395313	0	14
P05	17	22	CS56	R1	0.0080588637198961	0	12
P05	17	23	CS56	R2	-0.00230912530231935	0	12
P05	17	24	CS57	R1	0.00163679106253821	0	12
P05	17	25	CS57	R2	0.0156935137458058	0	12
P05	17	26	CS58	R1	-0.0036114106571663	0	7
P05	17	27	CS60	R1	0.000521393220974948	0	14
P05	17	28	CS62	R1	-0.00988130958625913	0	7
P05	17	29	CS62	R2	-0.0021612712927121	0	7
P05	18	1	CS41	R1	-0.00277432760575196	0	14
P05	18	2	CS41	R2	0.00281868093800625	0	14
P05	18	3	CS42	R1	-0.00328782283719522	0	14
P05	18	4	CS42	R2	-0.00126340846383567	0	14
P05	18	5	CS43	R1	-0.00702085193981788	0	14
P05	18	6	CS43	R2	0.000239686733247801	0	14
P05	18	7	CS44	R1	-0.00977884559040915	0	14
P05	18	8	CS47	R1	0.00128557028723362	0	14
P05	18	9	CS47	R2	0.00277710129946011	0	14
P05	18	10	CS48	R1	0.00530079308578803	0	14
P05	18	11	CS48	R2	0.00424074535719397	0	14
P05	18	12	CS49	R1	-0.00892055966271411	0	12
P05	18	13	CS49	R2	-0.00868297117049171	0	14
P05	18	14	CS51	R1	-0.00359983296395211	0	14
P05	18	15	CS51	R2	-0.00296558927080998	0	12
P05	18	16	CS53	R1	-0.00326526928546845	0	12
P05	18	17	CS53	R2	0.00795490250989672	0	8
P05	18	18	CS54	R1	-0.00564402270499957	0	7
P05	18	19	CS54	R2	-0.00709322494693089	0	7
P05	18	20	CS55	R1	-0.00327321042740435	0	14
P05	18	21	CS55	R2	0.00738325497989067	0	14
P05	18	22	CS56	R1	-0.00443698220606719	0	12
P05	18	23	CS56	R2	0.00184800406144137	0	12
P05	18	24	CS57	R1	-0.00541752806720922	0	12
P05	18	25	CS57	R2	-0.0207582059926251	0	12
P05	18	26	CS58	R1	-0.00491808515589696	0	7
P05	18	27	CS60	R1	-0.00243098622867701	0	14
P05	18	28	CS62	R1	-0.00171695790105469	0	7
P05	18	29	CS62	R2	0.00252277850915881	0	7
P05	19	1	CS41	R1	0.00307551229515184	0	14
P05	19	2	CS41	R2	0.00539249413297358	0	14
P05	19	3	CS42	R1	0.000929739957464516	0	14
P05	19	4	CS42	R2	-0.00535894305493089	0	14
P05	19	5	CS43	R1	0.000845591985268627	0	14
P05	19	6	CS43	R2	-0.00456584531371045	0	14
P05	19	7	CS44	R1	0.000165067626050421	0	14
P05	19	8	CS47	R1	0.00109582568255204	0	14
P05	19	9	CS47	R2	-0.0053523400276923	0	14
P05	19	10	CS48	R1	0.00461408660031857	0	14
P05	19	11	CS48	R2	-0.00228720483138823	0	14
P05	19	12	CS49	R1	-0.0185850047829422	0	12
P05	19	13	CS49	R2	0.0021574446863767	0	14
P05	19	14	CS51	R1	0.000328435257191848	0	14
P05	19	15	CS51	R2	0.00717340487240674	0	12
P05	19	16	CS53	R1	-0.00816405878828533	0	12
P05	19	17	CS53	R2	0.0136536235100358	0	8
P05	19	18	CS54	R1	0.00700792047700626	0	7
P05	19	19	CS54	R2	0.00081846511072297	0	7
P05	19	20	CS55	R1	0.00450691083752805	0	14
P05	19	21	CS55	R2	-0.00331737907082189	0	14
P05	19	22	CS56	R1	-0.0020342274168279	0	12
P05	19	23	CS56	R2	-0.0134689940143366	0	12
P05	19	24	CS57	R1	0.00580235950601538	0	12
P05	19	25	CS57	R2	-0.00746454871949707	0	12
P05	19	26	CS58	R1	0.00209886472208478	0	7
P05	19	27	CS60	R1	-0.000172742477495662	0	14
P05	19	28	CS62	R1	-0.0173182741770124	0	7
P05	19	29	CS62	R2	-0.0149551194025305	0	7
P05	20	1	CS41	R1	0.00498053342012506	0	14
P05	20	2	CS41	R2	0.00205646096226242	0	14
P05	20	3	CS42	R1	0.00449516035922665	0	14
P05	20	4	CS42	R2	0.0065771318325322	0	14
P05	20	5	CS43	R1	0.00181153556499363	0	14
P05	20	6	CS43	R2	0.0190058531311059	0	14
P05	20	7	CS44	R1	0.00670143775608672	0	14
P05	20	8	CS47	R1	-0.0074869109020508	0	14
P05	20	9	CS47	R2	-0.008386382276603	0	14
P05	20	10	CS48	R1	-0.00622148293701229	0	14
P05	20	11	CS48	R2	0.00281050910157909	0	14
P05	20	12	CS49	R1	-0.00411595800725797	0	12
P05	20	13	CS49	R2	0.00875376702085182	0	14
P05	20	14	CS51	R1	-0.0124209358857506	0	14
P05	20	15	CS51	R2	0.00729945837610677	0	12
P05	20	16	CS53	R1	0.00415309519059043	0	12
P05	20	17	CS53	R2	-0.00741814200619332	0	8
P05	20	18	CS54	R1	0.00183675743283794	0	7
P05	20	19	CS54	R2	-0.00188962886740652	0	7
P05	20	20	CS55	R1	0.00479056173055499	0	14
P05	20	21	CS55	R2	-0.00657614936952281	0	14
P05	20	22	CS56	R1	-0.0164723527345632	0	12
P05	20	23	CS56	R2	-0.0039669798587773	0	12
P05	20	24	CS57	R1	0.00294676258526403	0	12
P05	20	25	CS57	R2	0.00298022063374372	0	12
P05	20	26	CS58	R1	0.00914346728019858	0	7
P05	20	27	CS60	R1	0.0166702268527613	0	14
P05	20	28	CS62	R1	-0.00324073067074041	0	7
P05	20	29	CS62	R2	-0.00913645427878859	0	7
P05	21	1	CS41	R1	0.00528789135885273	0	14
P05	21	2	CS41	R2	-0.0034643262437799	0	14
P05	21	3	CS42	R1	0.00310474919645919	0	14
P05	21	4	CS42	R2	0.00432667509787307	0	14
P05	21	5	CS43	R1	0.000788302510088215	0	14
P05	21	6	CS43	R2	0.00123017082858101	0	14
P05	21	7	CS44	R1	0.00482200969074508	0	14
P05	21	8	CS47	R1	0.000469840845275808	0	14
P05	21	9	CS47	R2	-0.00123431997365656	0	14
P05	21	10	CS48	R1	-0.00497419156666837	0	14
P05	21	11	CS48	R2	-0.00234554163752033	0	14
P05	21	12	CS49	R1	-0.00947921692588857	0	12
P05	21	13	CS49	R2	-0.00563064264186189	0	14
P05	21	14	CS51	R1	-0.0027148465621921	0	14
P05	21	15	CS51	R2	0.00276554804406268	0	12
P05	21	16	CS53	R1	-0.00339393873958695	0	12
P05	21	17	CS53	R2	0.00423655050491036	0	8
P05	21	18	CS54	R1	-0.0147681241846249	0	7
P05	21	19	CS54	R2	0.0100167828538096	0	7
P05	21	20	CS55	R1	-0.00367932262323084	0	14
P05	21	21	CS55	R2	0.00291148929110422	0	14
P05	21	22	CS56	R1	-0.00235759879296134	0	12
P05	21	23	CS56	R2	0.00512965842961479	0	12
P05	21	24	CS57	R1	-0.00964693570211761	0	12
P05	21	25	CS57	R2	0.00143854618819784	0	12
P05	21	26	CS58	R1	0.0113760956558067	0	7
P05	21	27	CS60	R1	-0.000910790463419024	0	14
P05	21	28	CS62	R1	0.0132593688402608	0	7
P05	21	29	CS62	R2	0.00318041292174319	0	7
P05	22	1	CS41	R1	-0.00309070656627362	0	14
P05	22	2	CS41	R2	0.00384139801368026	0	14
P05	22	3	CS42	R1	-0.00393870589473668	0	14
P05	22	4	CS42	R2	0.00330034102380407	0	14
P05	22	5	CS43	R1	-0.00524530164306232	0	14
P05	22	6	CS43	R2	-0.00623845511597599	0	14
P05	22	7	CS44	R1	0.00326731343774412	0	14
P05	22	8	CS47	R1	0.00333233793803463	0	14
P05	22	9	CS47	R2	0.00530521920499002	0	14
P05	22	10	CS48	R1	0.00144572913409039	0	14
P05	22	11	CS48	R2	-0.00609458704474668	0	14
P05	22	12	CS49	R1	-0.000482862681164982	0	12
P05	22	13	CS49	R2	-0.00142304898684926	0	14
P05	22	14	CS51	R1	-0.00316896787443036	0	14
P05	22	15	CS51	R2	-0.00800754197877121	0	12
P05	22	16	CS53	R1	0.00425394644163601	0	12
P05	22	17	CS53	R2	0.019919702933803	0	8
P05	22	18	CS54	R1	-0.0152468216884838	0	7
P05	22	19	CS54	R2	0.00103905867162598	0	7
P05	22	20	CS55	R1	-0.00128452506961984	0	14
P05	22	21	CS55	R2	0.00284364729780724	0	14
P05	22	22	CS56	R1	-0.00286378171207795	0	12
P05	22	23	CS56	R2	-0.0050254832386832	0	12
P05	22	24	CS57	R1	0.000263367044408877	0	12
P05	22	25	CS57	R2	-0.00465195805425882	0	12
P05	22	26	CS58	R1	-0.014268375173996	0	7
P05	22	27	CS60	R1	0.00493113818428343	0	14
P05	22	28	CS62	R1	-0.00308842486555174	0	7
P05	22	29	CS62	R2	0.00302528381597711	0	7
P05	23	1	CS41	R1	-0.00470033478662435	0	14
P05	23	2	CS41	R2	0.0089862456303875	0	14
P05	23	3	CS42	R1	0.00257552226944941	0	14
P05	23	4	CS42	R2	0.0010398805247161	0	14
P05	23	5	CS43	R1	-0.000830866458797415	0	14
P05	23	6	CS43	R2	0.00511497307233744	0	14
P05	23	7	CS44	R1	0.00186718792325323	0	14
P05	23	8	CS47	R1	0.00693181937679833	0	14
P05	23	9	CS47	R2	0.0080065618109447	0	14
P05	23	10	CS48	R1	-0.00592250945330185	0	14
P05	23	11	CS48	R2	0.0021673131761121	0	14
P05	23	12	CS49	R1	0.00655593163003157	0	12
P05	23	13	CS49	R2	0.000135906655359553	0	14
P05	23	14	CS51	R1	0.00883667862997339	0	14
P05	23	15	CS51	R2	2.47884171990231e-06	0	12
P05	23	16	CS53	R1	-0.0115579305646106	0	12
P05	23	17	CS53	R2	0.0167215810525755	0	8
P05	23	18	CS54	R1	0.00358601376558846	0	7
P05	23	19	CS54	R2	-0.00231159814530106	0	7
P05	23	20	CS55	R1	0.00709883596680012	0	14
P05	23	21	CS55	R2	0.00200340193849952	0	14
P05	23	22	CS56	R1	-0.00152888205047958	0	12
P05	23	23	CS56	R2	0.00672054212560801	0	12
P05	23	24	CS57	R1	0.00554028149847733	0	12
P05	23	25	CS57	R2	-0.000170560613682447	0	12
P05	23	26	CS58	R1	-0.0131327962675075	0	7
P05	23	27	CS60	R1	-0.00102796676165912	0	14
P05	23	28	CS62	R1	-0.00780895185752153	0	7
P05	23	29	CS62	R2	-0.00168023706826913	0	7
P05	24	1	CS41	R1	0.00332661965146834	0	14
P05	24	2	CS41	R2	0.00686770905517482	0	14
P05	24	3	CS42	R1	0.00785692367692239	0	14
P05	24	4	CS42	R2	0.00406598727943081	0	14
P05	24	5	CS43	R1	0.00909658841261425	0	14
P05	24	6	CS43	R2	0.00820029725037462	0	14
P05	24	7	CS44	R1	-0.00314000206200077	0	14
P05	24	8	CS47	R1	-0.00461890623769065	0	14
P05	24	9	CS47	R2	-0.00363808343148656	0	14
P05	24	10	CS48	R1	0.00552877666557609	0	14
P05	24	11	CS48	R2	-0.00478347633253831	0	14
P05	24	12	CS49	R1	0.00621996036114255	0	12
P05	24	13	CS49	R2	-0.000565753322817681	0	14
P05	24	14	CS51	R1	0.00251713614987487	0	14
P05	24	15	CS51	R2	-0.00845504681174989	0	12
P05	24	16	CS53	R1	0.00532557880192614	0	12
P05	24	17	CS53	R2	-0.00899723006879443	0	8
P05	24	18	CS54	R1	-0.0156289276998366	0	7
P05	24	19	CS54	R2	-0.0103874242740236	0	7
P05	24	20	CS55	R1	-0.0022699216347587	0	14
P05	24	21	CS55	R2	0.0033962191030483	0	14
P05	24	22	CS56	R1	-0.00460648587232696	0	12
P05	24	23	CS56	R2	-0.00178871356857614	0	12
P05	24	24	CS57	R1	0.00240281278015817	0	12
P05	24	25	CS57	R2	0.00903843229886605	0	12
P05	24	26	CS58	R1	0.000733207148189082	0	7
P05	24	27	CS60	R1	0.000597744789716458	0	14
P05	24	28	CS62	R1	0.00590673195231358	0	7
P05	24	29	CS62	R2	0.00697319927309957	0	7
P05	25	1	CS41	R1	-0.00141096694247733	0	14
P05	25	2	CS41	R2	0.000528465564107944	0	14
P05	25	3	CS42	R1	0.00399555973348145	0	14
P05	25	4	CS42	R2	0.000433517046066364	0	14
P05	25	5	CS43	R1	0.000366042753063723	0	14
P05	25	6	CS43	R2	0.00669993750459607	0	14
P05	25	7	CS44	R1	-0.000352531976702678	0	14
P05	25	8	CS47	R1	-0.00347714791598923	0	14
P05	25	9	CS47	R2	-0.00580790306039429	0	14
P05	25	10	CS48	R1	-0.00110124060381538	0	14
P05	25	11	CS48	R2	0.00149784112763276	0	14
P05	25	12	CS49	R1	0.00721598240404836	0	12
P05	25	13	CS49	R2	-0.0112813432285631	0	14
P05	25	14	CS51	R1	-0.00681709423340321	0	14
P05	25	15	CS51	R2	-0.00683537787827036	0	12
P05	25	16	CS53	R1	0.00209253944981085	0	12
P05	25	17	CS53	R2	-0.00240760114921736	0	8
P05	25	18	CS54	R1	0.00953128671336927	0	7
P05	25	19	CS54	R2	-0.00182970656427617	0	7
P05	25	20	CS55	R1	-0.00126368384841366	0	14
P05	25	21	CS55	R2	-0.00653443310573297	0	14
P05	25	22	CS56	R1	0.00500693406894685	0	12
P05	25	23	CS56	R2	-0.00989227258905587	0	12
P05	25	24	CS57	R1	0.00162675856357252	0	12
P05	25	25	CS57	R2	0.00755887966674034	0	12
P05	25	26	CS58	R1	0.00295136419046594	0	7
P05	25	27	CS60	R1	-0.000157880983516125	0	14
P05	25	28	CS62	R1	-0.000187659198114748	0	7
P05	25	29	CS62	R2	0.00941291828001621	0	7
P05	26	1	CS41	R1	-0.00413206660641118	0	14
P05	26	2	CS41	R2	0.00190920298458991	0	14
P05	26	3	CS42	R1	0.00135418044344656	0	14
P05	26	4	CS42	R2	0.0012723855576264	0	14
P05	26	5	CS43	R1	0.00428140153203018	0	14
P05	26	6	CS43	R2	0.0012914800836484	0	14
P05	26	7	CS44	R1	-0.00363453810638107	0	14
P05	26	8	CS47	R1	0.00425705705830653	0	14
P05	26	9	CS47	R2	-0.000393077392340666	0	14
P05	26	10	CS48	R1	0.00300995058296046	0	14
P05	26	11	CS48	R2	-0.0042749701288774	0	14
P05	26	12	CS49	R1	0.00175316929683853	0	12
P05	26	13	CS49	R2	-0.00258584026037317	0	14
P05	26	14	CS51	R1	0.00104246427172707	0	14
P05	26	15	CS51	R2	0.0122044409305398	0	12
P05	26	16	CS53	R1	-0.00319760544400149	0	12
P05	26	17	CS53	R2	0.000828710465695473	0	8
P05	26	18	CS54	R1	-0.000726423946976472	0	7
P05	26	19	CS54	R2	-0.00346250928008542	0	7
P05	26	20	CS55	R1	-0.00425196182083992	0	14
P05	26	21	CS55	R2	0.00764572317507949	0	14
P05	26	22	CS56	R1	-0.0100999152147222	0	12
P05	26	23	CS56	R2	0.00735758410683342	0	12
P05	26	24	CS57	R1	0.00784720328090265	0	12
P05	26	25	CS57	R2	-0.00273506624733187	0	12
P05	26	26	CS58	R1	0.00517366262256885	0	7
P05	26	27	CS60	R1	0.00505345248842554	0	14
P05	26	28	CS62	R1	-0.000168019194814132	0	7
P05	26	29	CS62	R2	-0.0177093052546656	0	7
P05	27	1	CS41	R1	-0.00541305079022348	0	14
P05	27	2	CS41	R2	0.00231901601310535	0	14
P05	27	3	CS42	R1	-0.0171338479644064	0	14
P05	27	4	CS42	R2	0.00300557411749127	0	14
P05	27	5	CS43	R1	0.00976331904698068	0	14
P05	27	6	CS43	R2	0.00609245317162498	0	14
P05	27	7	CS44	R1	0.00388288946985125	0	14
P05	27	8	CS47	R1	0.00863265857687832	0	14
P05	27	9	CS47	R2	-0.00828646866313184	0	14
P05	27	10	CS48	R1	-0.0105848392028067	0	14
P05	27	11	CS48	R2	-1.16638962957554e-05	0	14
P05	27	12	CS49	R1	0.00361776369829606	0	12
P05	27	13	CS49	R2	0.00111624387595375	0	14
P05	27	14	CS51	R1	0.00375076471410378	0	14
P05	27	15	CS51	R2	-0.00154149408116906	0	12
P05	27	16	CS53	R1	0.000116399748098075	0	12
P05	27	17	CS53	R2	-0.0071714346338076	0	8
P05	27	18	CS54	R1	0.00229606051501756	0	7
P05	27	19	CS54	R2	-0.00265480030063871	0	7
P05	27	20	CS55	R1	0.000223475663336767	0	14
P05	27	21	CS55	R2	-0.00565757551603286	0	14
P05	27	22	CS56	R1	-0.00184101073079116	0	12
P05	27	23	CS56	R2	0.00609802512346895	0	12
P05	27	24	CS57	R1	0.00641468340980627	0	12
P05	27	25	CS57	R2	-0.000719895718763407	0	12
P05	27	26	CS58	R1	-0.000845005996487535	0	7
P05	27	27	CS60	R1	-0.00671601632354229	0	14
P05	27	28	CS62	R1	-0.00334196362006275	0	7
P05	27	29	CS62	R2	0.0048553406599367	0	7
P05	28	1	CS41	R1	-0.0101521942975051	0	14
P05	28	2	CS41	R2	0.00794523326902949	0	14
P05	28	3	CS42	R1	-0.00704152186626089	0	14
P05	28	4	CS42	R2	0.00392588115858272	0	14
P05	28	5	CS43	R1	0.000598935581797209	0	14
P05	28	6	CS43	R2	-0.00746151031287908	0	14
P05	28	7	CS44	R1	0.00219041460488297	0	14
P05	28	8	CS47	R1	0.00213864108929115	0	14
P05	28	9	CS47	R2	-0.00458701383930121	0	14
P05	28	10	CS48	R1	0.00480123928610755	0	14
P05	28	11	CS48	R2	0.00125041105587964	0	14
P05	28	12	CS49	R1	0.00085550128685728	0	12
P05	28	13	CS49	R2	-0.00915380903662091	0	14
P05	28	14	CS51	R1	-0.00229362979647072	0	14
P05	28	15	CS51	R2	0.00310203239304267	0	12
P05	28	16	CS53	R1	-0.000993291541324139	0	12
P05	28	17	CS53	R2	-0.00422805325171754	0	8
P05	28	18	CS54	R1	-0.00620118109113031	0	7
P05	28	19	CS54	R2	-0.00212786182455437	0	7
P05	28	20	CS55	R1	0.00363223235605121	0	14
P05	28	21	CS55	R2	-0.00524123343033744	0	14
P05	28	22	CS56	R1	-0.0101592908278165	0	12
P05	28	23	CS56	R2	-0.00936485710195812	0	12
P05	28	24	CS57	R1	-0.00328893128968891	0	12
P05	28	25	CS57	R2	-0.000650175756029068	0	12
P05	28	26	CS58	R1	0.00138504179008008	0	7
P05	28	27	CS60	R1	0.00417395495800084	0	14
P05	28	28	CS62	R1	-0.00451209736593359	0	7
P05	28	29	CS62	R2	-0.00646625449320767	0	7
P05	29	1	CS41	R1	0.00538140944030056	0	14
P05	29	2	CS41	R2	0.00286158273178265	0	14
P05	29	3	CS42	R1	0.0060012925133507	0	14
P05	29	4	CS42	R2	0.00687795418887693	0	14
P05	29	5	CS43	R1	-0.00290483694718128	0	14
P05	29	6	CS43	R2	0.00705618105082646	0	14
P05	29	7	CS44	R1	-0.00618789360195251	0	14
P05	29	8	CS47	R1	0.00607084925666483	0	14
P05	29	9	CS47	R2	-0.00861668073222508	0	14
P05	29	10	CS48	R1	-0.0108122118893027	0	14
P05	29	11	CS48	R2	-0.00727227791230182	0	14
P05	29	12	CS49	R1	0.00204246384981568	0	12
P05	29	13	CS49	R2	0.0100212231878831	0	14
P05	29	14	CS51	R1	-0.000680096944884653	0	14
P05	29	15	CS51	R2	0.0100052544042473	0	12
P05	29	16	CS53	R1	0.00799982121595275	0	12
P05	29	17	CS53	R2	0.002363491724459	0	8
P05	29	18	CS54	R1	0.00350935612925695	0	7
P05	29	19	CS54	R2	0.0106392700239334	0	7
P05	29	20	CS55	R1	-0.00595321021480288	0	14
P05	29	21	CS55	R2	-0.00511346656904066	0	14
P05	29	22	CS56	R1	-0.00274792166736883	0	12
P05	29	23	CS56	R2	-0.000480422981255814	0	12
P05	29	24	CS57	R1	-0.000678298218432013	0	12
P05	29	25	CS57	R2	0.000929451487117487	0	12
P05	29	26	CS58	R1	0.00155986315709181	0	7
P05	29	27	CS60	R1	-0.000965927658931509	0	14
P05	29	28	CS62	R1	-0.000403664884290971	0	7
P05	29	29	CS62	R2	0.00178789017516903	0	7
P05	30	1	CS41	R1	0.000238735462954974	0	14
P05	30	2	CS41	R2	0.00482613517531266	0	14
P05	30	3	CS42	R1	-0.00432989456588095	0	14
P05	30	4	CS42	R2	0.00382504029539213	0	14
P05	30	5	CS43	R1	-0.00818068195549494	0	14
P05	30	6	CS43	R2	0.00430364252950125	0	14
P05	30	7	CS44	R1	-0.00157840440318976	0	14
P05	30	8	CS47	R1	-0.00215063487757999	0	14
P05	30	9	CS47	R2	-0.00360326638824598	0	14
P05	30	10	CS48	R1	0.0108512135114458	0	14
P05	30	11	CS48	R2	0.0021246958786144	0	14
P05	30	12	CS49	R1	0.00959933118693946	0	12
P05	30	13	CS49	R2	-0.000739865265858774	0	14
P05	30	14	CS51	R1	0.00101623669951505	0	14
P05	30	15	CS51	R2	0.00354020633272906	0	12
P05	30	16	CS53	R1	0.000255352041262122	0	12
P05	30	17	CS53	R2	-0.00130107108595129	0	8
P05	30	18	CS54	R1	0.00434295690107384	0	7
P05	30	19	CS54	R2	-0.0025762173264818	0	7
P05	30	20	CS55	R1	-0.00582203833010286	0	14
P05	30	21	CS55	R2	0.0108981770815914	0	14
P05	30	22	CS56	R1	-0.00114147199887734	0	12
P05	30	23	CS56	R2	-0.0143080493485071	0	12
P05	30	24	CS57	R1	0.00154933730537165	0	12
P05	30	25	CS57	R2	-0.000323159141069556	0	12
P05	30	26	CS58	R1	-0.00897480286076309	0	7
P05	30	27	CS60	R1	-0.00879479416579851	0	14
P05	30	28	CS62	R1	-0.00912425214486647	0	7
P05	30	29	CS62	R2	0.0108055220759381	0	7
P05	31	1	CS41	R1	0.00512180130601609	0	14
P05	31	2	CS41	R2	0.00113666472069414	0	14
P05	31	3	CS42	R1	-0.00177807619804312	0	14
P05	31	4	CS42	R2	-0.000796245349390628	0	14
P05	31	5	CS43	R1	-0.00037493090363684	0	14
P05	31	6	CS43	R2	0.00110998352524731	0	14
P05	31	7	CS44	R1	0.00350416935108543	0	14
P05	31	8	CS47	R1	0.00298990766481198	0	14
P05	31	9	CS47	R2	0.00689494140804519	0	14
P05	31	10	CS48	R1	-0.0104947562219364	0	14
P05	31	11	CS48	R2	-0.00736358442984308	0	14
P05	31	12	CS49	R1	-0.00718193077021662	0	12
P05	31	13	CS49	R2	0.007783794707538	0	14
P05	31	14	CS51	R1	-0.000109366793341229	0	14
P05	31	15	CS51	R2	-0.00580297380226516	0	12
P05	31	16	CS53	R1	0.00137555935047383	0	12
P05	31	17	CS53	R2	-0.0035492408641147	0	8
P05	31	18	CS54	R1	0.00969452066866269	0	7
P05	31	19	CS54	R2	-0.00489905616405977	0	7
P05	31	20	CS55	R1	0.000310344876538985	0	14
P05	31	21	CS55	R2	0.00107618668853767	0	14
P05	31	22	CS56	R1	-0.0162622906886588	0	12
P05	31	23	CS56	R2	-0.00249955778456527	0	12
P05	31	24	CS57	R1	-0.000103700206208897	0	12
P05	31	25	CS57	R2	-0.000747698159606664	0	12
P05	31	26	CS58	R1	0.00465214039604137	0	7
P05	31	27	CS60	R1	-0.00964112551154444	0	14
P05	31	28	CS62	R1	-0.00350372886576044	0	7
P05	31	29	CS62	R2	-0.00161651799272266	0	7
P05	32	1	CS41	R1	-0.00397948202371372	0	14
P05	32	2	CS41	R2	0.0102407256767058	0	14
P05	32	3	CS42	R1	0.0131708325028183	0	14
P05	32	4	CS42	R2	-0.0105874113582723	0	14
P05	32	5	CS43	R1	0.00450461921382602	0	14
P05	32	6	CS43	R2	0.00553219862519075	0	14
P05	32	7	CS44	R1	-0.00520245092949484	0	14
P05	32	8	CS47	R1	0.000863414156495644	0	14
P05	32	9	CS47	R2	0.00361452045099903	0	14
P05	32	10	CS48	R1	-0.00206062372710634	0	14
P05	32	11	CS48	R2	0.000225130667764081	0	14
P05	32	12	CS49	R1	0.00620642572091833	0	12
P05	32	13	CS49	R2	-0.00620562918883738	0	14
P05	32	14	CS51	R1	-0.0106397266606785	0	14
P05	32	15	CS51	R2	0.0109115753664987	0	12
P05	32	16	CS53	R1	0.00126219209724412	0	12
P05	32	17	CS53	R2	0.0199405752860934	0	8
P05	32	18	CS54	R1	-0.00193393401701318	0	7
P05	32	19	CS54	R2	-0.00453121926376156	0	7
P05	32	20	CS55	R1	0.00200606008759704	0	14
P05	32	21	CS55	R2	-0.00613534328374524	0	14
P05	32	22	CS56	R1	-0.00713546708822591	0	12
P05	32	23	CS56	R2	0.0153534738292078	0	12
P05	32	24	CS57	R1	0.00105148303809397	0	12
P05	32	25	CS57	R2	-0.00648719038361334	0	12
P05	32	26	CS58	R1	-0.00695921966353682	0	7
P05	32	27	CS60	R1	-0.00485335553336441	0	14
P05	32	28	CS62	R1	-0.00415846313910035	0	7
P05	32	29	CS62	R2	0.00405899121138614	0	7
P05	33	1	CS41	R1	0.00154921967212954	0	14
P05	33	2	CS41	R2	-0.0116725362013814	0	14
P05	33	3	CS42	R1	-0.00587852240328963	0	14
P05	33	4	CS42	R2	-0.00259470897580425	0	14
P05	33	5	CS43	R1	0.00217262957487737	0	14
P05	33	6	CS43	R2	-0.00265063532283151	0	14
P05	33	7	CS44	R1	0.00293535513891899	0	14
P05	33	8	CS47	R1	-0.00515758990389186	0	14
P05	33	9	CS47	R2	0.000299849653633039	0	14
P05	33	10	CS48	R1	-0.00201355201485592	0	14
P05	33	11	CS48	R2	-0.00241684387807843	0	14
P05	33	12	CS49	R1	-0.00165000996453375	0	12
P05	33	13	CS49	R2	-0.00231158299537173	0	14
P05	33	14	CS51	R1	0.000164476513619752	0	14
P05	33	15	CS51	R2	-8.28331130670172e-05	0	12
P05	33	16	CS53	R1	0.0104185231647352	0	12
P05	33	17	CS53	R2	0.0028636052508979	0	8
P05	33	18	CS54	R1	0.00583686723846285	0	7
P05	33	19	CS54	R2	-0.00278641660376148	0	7
P05	33	20	CS55	R1	-0.000820223435794209	0	14
P05	33	21	CS55	R2	0.0063906090963029	0	14
P05	33	22	CS56	R1	-0.0036926005416379	0	12
P05	33	23	CS56	R2	-0.00866040178328758	0	12
P05	33	24	CS57	R1	-0.000440901597604524	0	12
P05	33	25	CS57	R2	-0.00531222399347922	0	12
P05	33	26	CS58	R1	-0.00562315175299737	0	7
P05	33	27	CS60	R1	-0.0055578160661609	0	14
P05	33	28	CS62	R1	-0.0217065070614179	0	7
P05	33	29	CS62	R2	-0.0185458002358672	0	7
P05	34	1	CS41	R1	-0.00066380510187741	0	14
P05	34	2	CS41	R2	-0.00836459978681551	0	14
P05	34	3	CS42	R1	0.00635888286003513	0	14
P05	34	4	CS42	R2	0.00158220972034933	0	14
P05	34	5	CS43	R1	0.00988060371542625	0	14
P05	34	6	CS43	R2	0.00116734878641509	0	14
P05	34	7	CS44	R1	0.00255826473731026	0	14
P05	34	8	CS47	R1	-0.00264969955384186	0	14
P05	34	9	CS47	R2	0.0158159757474547	0	14
P05	34	10	CS48	R1	-0.00175246593641368	0	14
P05	34	11	CS48	R2	-0.00383253222183196	0	14
P05	34	12	CS49	R1	0.00247678141432598	0	12
P05	34	13	CS49	R2	0.00400391349628945	0	14
P05	34	14	CS51	R1	0.00396637800571544	0	14
P05	34	15	CS51	R2	0.00451834761549338	0	12
P05	34	16	CS53	R1	-0.00273349157038954	0	12
P05	34	17	CS53	R2	0.0153081156605929	0	8
P05	34	18	CS54	R1	-0.0124563882661034	0	7
P05	34	19	CS54	R2	0.0130161166765607	0	7
P05	34	20	CS55	R1	0.0139150458094749	0	14
P05	34	21	CS55	R2	0.00927628656074018	0	14
P05	34	22	CS56	R1	0.000473589855582808	0	12
P05	34	23	CS56	R2	-0.00201057544350584	0	12
P05	34	24	CS57	R1	-0.00422843650914866	0	12
P05	34	25	CS57	R2	0.00160703645782526	0	12
P05	34	26	CS58	R1	0.00194130660172247	0	7
P05	34	27	CS60	R1	0.00131028692849859	0	14
P05	34	28	CS62	R1	-0.0106536174971471	0	7
P05	34	29	CS62	R2	0.00767633217673121	0	7
P05	35	1	CS41	R1	0.0110836533873853	0	14
P05	35	2	CS41	R2	0.00750601936855685	0	14
P05	35	3	CS42	R1	0.000247629796614671	0	14
P05	35	4	CS42	R2	0.008868592333225	0	14
P05	35	5	CS43	R1	-0.00817213163432877	0	14
P05	35	6	CS43	R2	0.00130402068130025	0	14
P05	35	7	CS44	R1	0.00710404458913582	0	14
P05	35	8	CS47	R1	-0.00659713681898371	0	14
P05	35	9	CS47	R2	-3.20825723145999e-05	0	14
P05	35	10	CS48	R1	0.00129853506414155	0	14
P05	35	11	CS48	R2	0.00817027659769584	0	14
P05	35	12	CS49	R1	-0.000363611377738258	0	12
P05	35	13	CS49	R2	-0.0116386701811094	0	14
P05	35	14	CS51	R1	0.00244288458379083	0	14
P05	35	15	CS51	R2	0.0146296132179836	0	12
P05	35	16	CS53	R1	-0.00424586993213333	0	12
P05	35	17	CS53	R2	0.000468051170495952	0	8
P05	35	18	CS54	R1	0.00341279752731986	0	7
P05	35	19	CS54	R2	0.0054071490232439	0	7
P05	35	20	CS55	R1	0.0168300903352768	0	14
P05	35	21	CS55	R2	0.000199519120193214	0	14
P05	35	22	CS56	R1	0.00615404255303525	0	12
P05	35	23	CS56	R2	0.0177475149673378	0	12
P05	35	24	CS57	R1	-0.00867253386288377	0	12
P05	35	25	CS57	R2	0.0116377358840227	0	12
P05	35	26	CS58	R1	0.000333480460714791	0	7
P05	35	27	CS60	R1	0.00068439915394664	0	14
P05	35	28	CS62	R1	0.00182040423952505	0	7
P05	35	29	CS62	R2	-0.00370147213960377	0	7
P05	36	1	CS41	R1	-0.00634830417764927	0	14
P05	36	2	CS41	R2	-0.0019549523917426	0	14
P05	36	3	CS42	R1	-0.000932018493204541	0	14
P05	36	4	CS42	R2	0.00652432442630539	0	14
P05	36	5	CS43	R1	0.00871846673867396	0	14
P05	36	6	CS43	R2	0.00391551687083054	0	14
P05	36	7	CS44	R1	0.0113462535781612	0	14
P05	36	8	CS47	R1	0.00227793131374665	0	14
P05	36	9	CS47	R2	-0.00140231913423784	0	14
P05	36	10	CS48	R1	0.00321396721443035	0	14
P05	36	11	CS48	R2	0.0133257614714078	0	14
P05	36	12	CS49	R1	0.00929238011915678	0	12
P05	36	13	CS49	R2	-0.000406160856417775	0	14
P05	36	14	CS51	R1	-0.00148855768724678	0	14
P05	36	15	CS51	R2	0.0107031220096056	0	12
P05	36	16	CS53	R1	0.00566951707193653	0	12
P05	36	17	CS53	R2	0.00190412918526979	0	8
P05	36	18	CS54	R1	-0.00360690275571816	0	7
P05	36	19	CS54	R2	-0.00185841675416351	0	7
P05	36	20	CS55	R1	0.00136486344928816	0	14
P05	36	21	CS55	R2	0.00180666944635105	0	14
P05	36	22	CS56	R1	0.00321994754681663	0	12
P05	36	23	CS56	R2	0.0161498465848982	0	12
P05	36	24	CS57	R1	-0.00889726906625092	0	12
P05	36	25	CS57	R2	-0.00259249405313145	0	12
P05	36	26	CS58	R1	0.00885306175164629	0	7
P05	36	27	CS60	R1	0.00318684233623573	0	14
P05	36	28	CS62	R1	-0.0105649498366585	0	7
P05	36	29	CS62	R2	-0.006410582486775	0	7
P05	37	1	CS41	R1	-0.00568927143738379	0	14
P05	37	2	CS41	R2	-0.00178002096528512	0	14
P05	37	3	CS42	R1	0.00764053173427106	0	14
P05	37	4	CS42	R2	-0.00906113717234703	0	14
P05	37	5	CS43	R1	-0.00128828246906076	0	14
P05	37	6	CS43	R2	0.00319688609238084	0	14
P05	37	7	CS44	R1	0.0083416536991159	0	14
P05	37	8	CS47	R1	0.000635982094166931	0	14
P05	37	9	CS47	R2	0.00572718873319282	0	14
P05	37	10	CS48	R1	0.00755072215296414	0	14
P05	37	11	CS48	R2	-0.00469208174543889	0	14
P05	37	12	CS49	R1	0.0086621918751591	0	12
P05	37	13	CS49	R2	-0.00174261375414444	0	14
P05	37	14	CS51	R1	-0.000832038639301676	0	14
P05	37	15	CS51	R2	-0.0027866266408709	0	12
P05	37	16	CS53	R1	0.00459367212530856	0	12
P05	37	17	CS53	R2	-0.00430362770094924	0	8
P05	37	18	CS54	R1	0.0102419196974635	0	7
P05	37	19	CS54	R2	0.0104693503779183	0	7
P05	37	20	CS55	R1	-0.00309500687852932	0	14
P05	37	21	CS55	R2	0.00689274249094823	0	14
P05	37	22	CS56	R1	0.00410344913769677	0	12
P05	37	23	CS56	R2	0.00160424769782677	0	12
P05	37	24	CS57	R1	0.00198530947617591	0	12
P05	37	25	CS57	R2	0.00443001697766572	0	12
P05	37	26	CS58	R1	0.00919953012601073	0	7
P05	37	27	CS60	R1	-0.00158015518659161	0	14
P05	37	28	CS62	R1	0.00528268380441959	0	7
P05	37	29	CS62	R2	-0.00574720390272283	0	7
P05	38	1	CS41	R1	0.00890710328066863	0	14
P05	38	2	CS41	R2	0.00551894654922021	0	14
P05	38	3	CS42	R1	-0.00608742918434303	0	14
P05	38	4	CS42	R2	-0.00476675860935547	0	14
P05	38	5	CS43	R1	0.00289187074623548	0	14
P05	38	6	CS43	R2	0.00506439589919808	0	14
P05	38	7	CS44	R1	0.00769817045243244	0	14
P05	38	8	CS47	R1	0.00970317451817577	0	14
P05	38	9	CS47	R2	0.01332005143268	0	14
P05	38	10	CS48	R1	0.0107536194977103	0	14
P05	38	11	CS48	R2	0.00987295763799905	0	14
P05	38	12	CS49	R1	-0.000484273032473035	0	12
P05	38	13	CS49	R2	0.00198523279507949	0	14
P05	38	14	CS51	R1	-0.00391070667940902	0	14
P05	38	15	CS51	R2	-0.00331342038545387	0	12
P05	38	16	CS53	R1	0.00666841904376164	0	12
P05	38	17	CS53	R2	0.00584108622372248	0	8
P05	38	18	CS54	R1	0.0109212486902863	0	7
P05	38	19	CS54	R2	-0.00702327498725228	0	7
P05	38	20	CS55	R1	0.00285973905753502	0	14
P05	38	21	CS55	R2	0.00117952038153179	0	14
P05	38	22	CS56	R1	-0.00574382291966591	0	12
P05	38	23	CS56	R2	0.00298651133051853	0	12
P05	38	24	CS57	R1	0.00983262840062898	0	12
P05	38	25	CS57	R2	0.00778978991337763	0	12
P05	38	26	CS58	R1	-0.00687562902819353	0	7
P05	38	27	CS60	R1	-0.0045026958354525	0	14
P05	38	28	CS62	R1	-0.00354051243180228	0	7
P05	38	29	CS62	R2	0.00329138337399666	0	7
P05	39	1	CS41	R1	0.0026998496043016	0	14
P05	39	2	CS41	R2	0.00882094810367844	0	14
P05	39	3	CS42	R1	0.0016339768168795	0	14
P05	39	4	CS42	R2	-0.000169396519107982	0	14
P05	39	5	CS43	R1	0.0108746774860853	0	14
P05	39	6	CS43	R2	-0.00382703312591746	0	14
P05	39	7	CS44	R1	-0.00231536517024618	0	14
P05	39	8	CS47	R1	0.00668928650609068	0	14
P05	39	9	CS47	R2	0.000797367739289907	0	14
P05	39	10	CS48	R1	-0.00916886858824471	0	14
P05	39	11	CS48	R2	-0.000448486581759652	0	14
P05	39	12	CS49	R1	0.00237390149310524	0	12
P05	39	13	CS49	R2	0.0033509740266576	0	14
P05	39	14	CS51	R1	-0.00114644570798438	0	14
P05	39	15	CS51	R2	-0.00883047284984723	0	12
P05	39	16	CS53	R1	-0.0024942619713556	0	12
P05	39	17	CS53	R2	-0.0117444130841198	0	8
P05	39	18	CS54	R1	0.00642622918265473	0	7
P05	39	19	CS54	R2	0.00454731771050986	0	7
P05	39	20	CS55	R1	0.00815362387072447	0	14
P05	39	21	CS55	R2	-0.00287720966311323	0	14
P05	39	22	CS56	R1	0.00422245687772434	0	12
P05	39	23	CS56	R2	0.00243166102487722	0	12
P05	39	24	CS57	R1	0.00297371344879284	0	12
P05	39	25	CS57	R2	0.00172130789742548	0	12
P05	39	26	CS58	R1	-0.00359137709403323	0	7
P05	39	27	CS60	R1	-0.0138103487069131	0	14
P05	39	28	CS62	R1	0.0197585439257139	0	7
P05	39	29	CS62	R2	0.00165017247359122	0	7
P05	40	1	CS41	R1	0.010020572663035	0	14
P05	40	2	CS41	R2	-0.00233269918986154	0	14
P05	40	3	CS42	R1	-0.00469253842107322	0	14
P05	40	4	CS42	R2	0.00148420028663468	0	14
P05	40	5	CS43	R1	-0.0087423298344724	0	14
P05	40	6	CS43	R2	0.00920603974583463	0	14
P05	40	7	CS44	R1	-0.0048902840669457	0	14
P05	40	8	CS47	R1	-0.00247150389052654	0	14
P05	40	9	CS47	R2	0.00133474509671954	0	14
P05	40	10	CS48	R1	-0.00739498782583493	0	14
P05	40	11	CS48	R2	-0.00821240988710395	0	14
P05	40	12	CS49	R1	-0.00131327788446487	0	12
P05	40	13	CS49	R2	-0.00321126224713046	0	14
P05	40	14	CS51	R1	0.000710606124088395	0	14
P05	40	15	CS51	R2	0.0100025245086769	0	12
P05	40	16	CS53	R1	-3.13806336074202e-05	0	12
P05	40	17	CS53	R2	-0.00147569402203615	0	8
P05	40	18	CS54	R1	0.00188365583237309	0	7
P05	40	19	CS54	R2	-0.00318655164827677	0	7
P05	40	20	CS55	R1	0.0073540673481592	0	14
P05	40	21	CS55	R2	-0.00247159897466913	0	14
P05	40	22	CS56	R1	0.0034332469380018	0	12
P05	40	23	CS56	R2	0.00459485824071261	0	12
P05	40	24	CS57	R1	0.002712579924835	0	12
P05	40	25	CS57	R2	-0.00744201646985513	0	12
P05	40	26	CS58	R1	-0.0196660876858121	0	7
P05	40	27	CS60	R1	0.00581889122330559	0	14
P05	40	28	CS62	R1	0.0120080973592457	0	7
P05	40	29	CS62	R2	0.0119466013489896	0	7
P05	41	1	CS41	R1	-0.00190094316952401	0	14
P05	41	2	CS41	R2	0.00974208797721996	0	14
P05	41	3	CS42	R1	-0.00187844272680891	0	14
P05	41	4	CS42	R2	0.00379986271677114	0	14
P05	41	5	CS43	R1	-0.000751480709720913	0	14
P05	41	6	CS43	R2	0.00326461155111869	0	14
P05	41	7	CS44	R1	-0.00435836751187794	0	14
P05	41	8	CS47	R1	0.00290282915876818	0	14
P05	41	9	CS47	R2	-0.00673430633223332	0	14
P05	41	10	CS48	R1	-0.0008865245056159	0	14
P05	41	11	CS48	R2	0.00234648864921993	0	14
P05	41	12	CS49	R1	0.00742081235803192	0	12
P05	41	13	CS49	R2	0.00530498020730123	0	14
P05	41	14	CS51	R1	-0.000528789230716726	0	14
P05	41	15	CS51	R2	0.00190481740422879	0	12
P05	41	16	CS53	R1	0.00621305681368158	0	12
P05	41	17	CS53	R2	0.00255625362124149	0	8
P05	41	18	CS54	R1	-0.00771158302253216	0	7
P05	41	19	CS54	R2	0.00180584723196523	0	7
P05	41	20	CS55	R1	-0.00628190706644219	0	14
P05	41	21	CS55	R2	0.00511321173855455	0	14
P05	41	22	CS56	R1	0.00150816350998347	0	12
P05	41	23	CS56	R2	0.0046933309764408	0	12
P05	41	24	CS57	R1	0.00802317271558905	0	12
P05	41	25	CS57	R2	-0.00943896229709458	0	12
P05	41	26	CS58	R1	0.0110067268505873	0	7
P05	41	27	CS60	R1	0.00337425833302767	0	14
P05	41	28	CS62	R1	0.00367641677943798	0	7
P05	41	29	CS62	R2	0.00158578126703942	0	7
P05	42	1	CS41	R1	0.000168499179654636	0	14
P05	42	2	CS41	R2	-0.00138514777132924	0	14
P05	42	3	CS42	R1	-0.00583691628402024	0	14
P05	42	4	CS42	R2	0.00391391294857876	0	14
P05	42	5	CS43	R1	0.00355288198098533	0	14
P05	42	6	CS43	R2	-0.000874021917876417	0	14
P05	42	7	CS44	R1	0.00501792705058137	0	14
P05	42	8	CS47	R1	-0.00165381608079788	0	14
P05	42	9	CS47	R2	0.017934926014428	0	14
P05	42	10	CS48	R1	0.00897978066789898	0	14
P05	42	11	CS48	R2	-0.00497340566268685	0	14
P05	42	12	CS49	R1	-0.000432118266559888	0	12
P05	42	13	CS49	R2	0.0094058680858982	0	14
P05	42	14	CS51	R1	-0.00259279530255837	0	14
P05	42	15	CS51	R2	-0.0073835931722264	0	12
P05	42	16	CS53	R1	0.0030628922018417	0	12
P05	42	17	CS53	R2	0.0078558766911672	0	8
P05	42	18	CS54	R1	0.00404914705137575	0	7
P05	42	19	CS54	R2	0.000987373584239499	0	7
P05	42	20	CS55	R1	0.00169589383642197	0	14
P05	42	21	CS55	R2	0.00124993250512067	0	14
P05	42	22	CS56	R1	0.0087880736595161	0	12
P05	42	23	CS56	R2	-0.0061610701419049	0	12
P05	42	24	CS57	R1	-0.0159555044836134	0	12
P05	42	25	CS57	R2	-0.00629389449524513	0	12
P05	42	26	CS58	R1	0.00202078049950755	0	7
P05	42	27	CS60	R1	0.00238011415714168	0	14
P05	42	28	CS62	R1	-0.0117113183134173	0	7
P05	42	29	CS62	R2	-0.000562405480300893	0	7
P05	43	1	CS41	R1	0.000852837105233856	0	14
P05	43	2	CS41	R2	-0.000276891487031205	0	14
P05	43	3	CS42	R1	0.0116114903523119	0	14
P05	43	4	CS42	R2	-0.00147830124061371	0	14
P05	43	5	CS43	R1	-0.00515014481277893	0	14
P05	43	6	CS43	R2	-0.0083284455282263	0	14
P05	43	7	CS44	R1	0.0157562412220126	0	14
P05	43	8	CS47	R1	0.00154009691061904	0	14
P05	43	9	CS47	R2	0.00275309170134852	0	14
P05	43	10	CS48	R1	0.000505491590660372	0	14
P05	43	11	CS48	R2	0.00159852326071144	0	14
P05	43	12	CS49	R1	-0.00368271738385909	0	12
P05	43	13	CS49	R2	0.00663516937527322	0	14
P05	43	14	CS51	R1	-0.00188875031237925	0	14
P05	43	15	CS51	R2	-2.39988979407909e-05	0	12
P05	43	16	CS53	R1	0.00479148621495093	0	12
P05	43	17	CS53	R2	0.00608527267519195	0	8
P05	43	18	CS54	R1	0.00721679203779653	0	7
P05	43	19	CS54	R2	-0.00554237701272078	0	7
P05	43	20	CS55	R1	0.00230192784723515	0	14
P05	43	21	CS55	R2	-0.00194000427533927	0	14
P05	43	22	CS56	R1	-0.00438336271624922	0	12
P05	43	23	CS56	R2	-0.00445408645729989	0	12
P05	43	24	CS57	R1	4.70748098178769e-05	0	12
P05	43	25	CS57	R2	0.000198912949875805	0	12
P05	43	26	CS58	R1	-0.00641892738898723	0	7
P05	43	27	CS60	R1	0.00296853421723735	0	14
P05	43	28	CS62	R1	-0.0016690292666219	0	7
P05	43	29	CS62	R2	-0.0045071558873323	0	7
P05	44	1	CS41	R1	-0.0112715554583905	0	14
P05	44	2	CS41	R2	-0.00609372880948018	0	14
P05	44	3	CS42	R1	0.00403771818227574	0	14
P05	44	4	CS42	R2	-0.00160145758689994	0	14
P05	44	5	CS43	R1	-0.0060237749329769	0	14
P05	44	6	CS43	R2	0.00376882061460331	0	14
P05	44	7	CS44	R1	-0.00932480950834807	0	14
P05	44	8	CS47	R1	0.00516142437757252	0	14
P05	44	9	CS47	R2	0.00149273701100638	0	14
P05	44	10	CS48	R1	-0.00405411797105206	0	14
P05	44	11	CS48	R2	0.00184490666673272	0	14
P05	44	12	CS49	R1	-0.00386131330964977	0	12
P05	44	13	CS49	R2	0.00514863552261451	0	14
P05	44	14	CS51	R1	0.00526812244355486	0	14
P05	44	15	CS51	R2	0.00420595698817314	0	12
P05	44	16	CS53	R1	0.00269979816690814	0	12
P05	44	17	CS53	R2	0.00543491842905683	0	8
P05	44	18	CS54	R1	-0.00526827440639602	0	7
P05	44	19	CS54	R2	0.00749368602770754	0	7
P05	44	20	CS55	R1	0.00338943551586894	0	14
P05	44	21	CS55	R2	-0.00509786869952878	0	14
P05	44	22	CS56	R1	-0.00722461835412085	0	12
P05	44	23	CS56	R2	0.00130033708088857	0	12
P05	44	24	CS57	R1	-0.00603344056418174	0	12
P05	44	25	CS57	R2	0.00468030362267148	0	12
P05	44	26	CS58	R1	0.00194740317061268	0	7
P05	44	27	CS60	R1	-0.00282762586146228	0	14
P05	44	28	CS62	R1	-0.0125488780453017	0	7
P05	44	29	CS62	R2	0.02214901484691	0	7
P05	45	1	CS41	R1	-0.00421822015979096	0	14
P05	45	2	CS41	R2	0.0024791361833467	0	14
P05	45	3	CS42	R1	0.00240528606024279	0	14
P05	45	4	CS42	R2	0.00322506507995415	0	14
P05	45	5	CS43	R1	-0.0104073202959355	0	14
P05	45	6	CS43	R2	0.00157610374254304	0	14
P05	45	7	CS44	R1	0.00556287902291403	0	14
P05	45	8	CS47	R1	-0.0113854055142159	0	14
P05	45	9	CS47	R2	0.010272966380023	0	14
P05	45	10	CS48	R1	-0.0110802014586011	0	14
P05	45	11	CS48	R2	-0.00886052752392679	0	14
P05	45	12	CS49	R1	-0.00276125963021256	0	12
P05	45	13	CS49	R2	-0.00481390345786303	0	14
P05	45	14	CS51	R1	-0.00296169749599431	0	14
P05	45	15	CS51	R2	9.47114548150425e-05	0	12
P05	45	16	CS53	R1	0.0042742758759568	0	12
P05	45	17	CS53	R2	-0.0059933992732053	0	8
P05	45	18	CS54	R1	-0.00190499481780909	0	7
P05	45	19	CS54	R2	0.00484625666699799	0	7
P05	45	20	CS55	R1	-0.00157871231948418	0	14
P05	45	21	CS55	R2	0.00261648568152559	0	14
P05	45	22	CS56	R1	-0.0119895518399015	0	12
P05	45	23	CS56	R2	-0.00120692081268036	0	12
P05	45	24	CS57	R1	0.00859983720514626	0	12
P05	45	25	CS57	R2	-0.00378326069668585	0	12
P05	45	26	CS58	R1	0.0060810053202317	0	7
P05	45	27	CS60	R1	0.0125447988787434	0	14
P05	45	28	CS62	R1	0.0064703159853641	0	7
P05	45	29	CS62	R2	-0.0153192633424293	0	7
P05	46	1	CS41	R1	-0.00184599718743633	0	14
P05	46	2	CS41	R2	-0.000707674683165975	0	14
P05	46	3	CS42	R1	0.00244081645637381	0	14
P05	46	4	CS42	R2	-0.00211636711427845	0	14
P05	46	5	CS43	R1	-0.00482040550667949	0	14
P05	46	6	CS43	R2	-0.0134436301057673	0	14
P05	46	7	CS44	R1	0.000846547573773216	0	14
P05	46	8	CS47	R1	0.00222325364339008	0	14
P05	46	9	CS47	R2	-0.0176790922740334	0	14
P05	46	10	CS48	R1	-0.0110139798905042	0	14
P05	46	11	CS48	R2	0.0029422572635011	0	14
P05	46	12	CS49	R1	-0.000217218314465693	0	12
P05	46	13	CS49	R2	-0.0129602651638753	0	14
P05	46	14	CS51	R1	-0.00350025519296016	0	14
P05	46	15	CS51	R2	-0.000545215635461806	0	12
P05	46	16	CS53	R1	-0.00595365157053653	0	12
P05	46	17	CS53	R2	-0.00140791691085635	0	8
P05	46	18	CS54	R1	0.0132468994362161	0	7
P05	46	19	CS54	R2	-0.00271454107600916	0	7
P05	46	20	CS55	R1	0.00978535288384785	0	14
P05	46	21	CS55	R2	0.00623643126460401	0	14
P05	46	22	CS56	R1	0.00402146676942263	0	12
P05	46	23	CS56	R2	0.00193690248121962	0	12
P05	46	24	CS57	R1	-0.0111269919636088	0	12
P05	46	25	CS57	R2	-0.00767198822742694	0	12
P05	46	26	CS58	R1	-0.0085714856938779	0	7
P05	46	27	CS60	R1	-0.00710106175728399	0	14
P05	46	28	CS62	R1	0.00700531282026348	0	7
P05	46	29	CS62	R2	0.00398569814090676	0	7
P05	47	1	CS41	R1	0.00678578583479848	0	14
P05	47	2	CS41	R2	-0.00210730893890776	0	14
P05	47	3	CS42	R1	0.00939587291378685	0	14
P05	47	4	CS42	R2	0.00100244165936909	0	14
P05	47	5	CS43	R1	0.00658760034312481	0	14
P05	47	6	CS43	R2	-0.00174422071047205	0	14
P05	47	7	CS44	R1	-0.00962631661202295	0	14
P05	47	8	CS47	R1	0.00516588183593991	0	14
P05	47	9	CS47	R2	-0.00405695285357949	0	14
P05	47	10	CS48	R1	-0.0068900228462946	0	14
P05	47	11	CS48	R2	-0.00633037041383308	0	14
P05	47	12	CS49	R1	0.00430142033824134	0	12
P05	47	13	CS49	R2	-0.00513677783756336	0	14
P05	47	14	CS51	R1	0.00110412249626909	0	14
P05	47	15	CS51	R2	0.00248501455963675	0	12
P05	47	16	CS53	R1	0.00360152410751021	0	12
P05	47	17	CS53	R2	0.00994140821718159	0	8
P05	47	18	CS54	R1	0.00299155292977673	0	7
P05	47	19	CS54	R2	0.0103788630324998	0	7
P05	47	20	CS55	R1	-0.00169969415184827	0	14
P05	47	21	CS55	R2	0.0111306845904232	0	14
P05	47	22	CS56	R1	-0.0107135072295429	0	12
P05	47	23	CS56	R2	0.00853765312554889	0	12
P05	47	24	CS57	R1	-0.00725995855783045	0	12
P05	47	25	CS57	R2	-0.00493520181338449	0	12
P05	47	26	CS58	R1	0.0161709324863667	0	7
P05	47	27	CS60	R1	-0.000242990776085489	0	14
P05	47	28	CS62	R1	-0.000788394491858437	0	7
P05	47	29	CS62	R2	-0.00155181799524055	0	7
P05	48	1	CS41	R1	0.010160221800382	0	14
P05	48	2	CS41	R2	0.00943930840869861	0	14
P05	48	3	CS42	R1	-0.00642444135441458	0	14
P05	48	4	CS42	R2	-0.00874720109233991	0	14
P05	48	5	CS43	R1	-0.00404552319521533	0	14
P05	48	6	CS43	R2	-0.00307202811269512	0	14
P05	48	7	CS44	R1	-0.00441316715580475	0	14
P05	48	8	CS47	R1	5.13584308949517e-05	0	14
P05	48	9	CS47	R2	0.00101153824302355	0	14
P05	48	10	CS48	R1	-0.000474908888399449	0	14
P05	48	11	CS48	R2	0.00657432086259253	0	14
P05	48	12	CS49	R1	-0.0105326371671672	0	12
P05	48	13	CS49	R2	0.000733703269086393	0	14
P05	48	14	CS51	R1	-0.00506873852621186	0	14
P05	48	15	CS51	R2	0.00719866644050691	0	12
P05	48	16	CS53	R1	0.00360660715091411	0	12
P05	48	17	CS53	R2	0.00415365150925122	0	8
P05	48	18	CS54	R1	0.0111838835134945	0	7
P05	48	19	CS54	R2	-0.00800976533278317	0	7
P05	48	20	CS55	R1	-0.0142245174699286	0	14
P05	48	21	CS55	R2	0.0124479707895219	0	14
P05	48	22	CS56	R1	0.00274352531121081	0	12
P05	48	23	CS56	R2	0.00269704756244147	0	12
P05	48	24	CS57	R1	0.00663753705379594	0	12
P05	48	25	CS57	R2	0.0075572619276006	0	12
P05	48	26	CS58	R1	-0.000511697066707031	0	7
P05	48	27	CS60	R1	-0.0119386057337072	0	14
P05	48	28	CS62	R1	0.00536682106824547	0	7
P05	48	29	CS62	R2	-0.0062081548332437	0	7
P05	49	1	CS41	R1	0.00307999699270442	0	14
P05	49	2	CS41	R2	-0.00899348496798807	0	14
P05	49	3	CS42	R1	-0.00515013533549352	0	14
P05	49	4	CS42	R2	0.00242974621067049	0	14
P05	49	5	CS43	R1	-0.00108211005516546	0	14
P05	49	6	CS43	R2	0.00310213116915689	0	14
P05	49	7	CS44	R1	0.00182371121160012	0	14
P05	49	8	CS47	R1	-2.10459779812779e-05	0	14
P05	49	9	CS47	R2	-0.0112434841572834	0	14
P05	49	10	CS48	R1	0.00118167050434481	0	14
P05	49	11	CS48	R2	-0.00115175432854837	0	14
P05	49	12	CS49	R1	0.0068397542672505	0	12
P05	49	13	CS49	R2	-0.000101763928237224	0	14
P05	49	14	CS51	R1	0.00389663378395794	0	14
P05	49	15	CS51	R2	-0.00306849618479619	0	12
P05	49	16	CS53	R1	-0.0014447575492461	0	12
P05	49	17	CS53	R2	-0.00462135102657353	0	8
P05	49	18	CS54	R1	0.0154461002961921	0	7
P05	49	19	CS54	R2	0.00929901019830335	0	7
P05	49	20	CS55	R1	0.00637530673871389	0	14
P05	49	21	CS55	R2	0.00446896995296011	0	14
P05	49	22	CS56	R1	-0.00825085336124869	0	12
P05	49	23	CS56	R2	-0.00675776559350335	0	12
P05	49	24	CS57	R1	-0.000458745176380515	0	12
P05	49	25	CS57	R2	0.01139827126537	0	12
P05	49	26	CS58	R1	0.00749425361036723	0	7
P05	49	27	CS60	R1	-0.00688609418343552	0	14
P05	49	28	CS62	R1	0.000876868525501597	0	7
P05	49	29	CS62	R2	0.010266608326737	0	7
P05	50	1	CS41	R1	0.00285410103256784	0	14
P05	50	2	CS41	R2	-0.00357128934811136	0	14
P05	50	3	CS42	R1	0.000914563061542234	0	14
P05	50	4	CS42	R2	-0.00120620861272232	0	14
P05	50	5	CS43	R1	0.00504800326797078	0	14
P05	50	6	CS43	R2	0.00131705292343691	0	14
P05	50	7	CS44	R1	0.00374764725866395	0	14
P05	50	8	CS47	R1	-0.00166716687047302	0	14
P05	50	9	CS47	R2	-0.00404838951685459	0	14
P05	50	10	CS48	R1	0.00725090178798575	0	14
P05	50	11	CS48	R2	0.00267822949041805	0	14
P05	50	12	CS49	R1	0.000136129020236533	0	12
P05	50	13	CS49	R2	-0.000871951815611965	0	14
P05	50	14	CS51	R1	-0.00157998386534967	0	14
P05	50	15	CS51	R2	-0.00807596245472744	0	12
P05	50	16	CS53	R1	0.00320019874005693	0	12
P05	50	17	CS53	R2	-0.00263337527215182	0	8
P05	50	18	CS54	R1	0.00186033023993654	0	7
P05	50	19	CS54	R2	0.00541711374356625	0	7
P05	50	20	CS55	R1	0.00607382836930156	0	14
P05	50	21	CS55	R2	-0.0019704954643254	0	14
P05	50	22	CS56	R1	-0.00575369440248156	0	12
P05	50	23	CS56	R2	0.0109938243147148	0	12
P05	50	24	CS57	R1	0.00624155369680215	0	12
P05	50	25	CS57	R2	0.00472587985112405	0	12
P05	50	26	CS58	R1	-0.00788300831095632	0	7
P05	50	27	CS60	R1	-0.000342926198751479	0	14
P05	50	28	CS62	R1	0.000310034288277443	0	7
P05	50	29	CS62	R2	-0.00335013837559368	0	7
P05	51	1	CS41	R1	0.00703720891482044	0	14
P05	51	2	CS41	R2	0.00268658943412922	0	14
P05	51	3	CS42	R1	0.000524915584041126	0	14
P05	51	4	CS42	R2	0.00347678307914038	0	14
P05	51	5	CS43	R1	0.00622846529783741	0	14
P05	51	6	CS43	R2	0.000715373708533939	0	14
P05	51	7	CS44	R1	0.00414829456365045	0	14
P05	51	8	CS47	R1	-0.00421666263701489	0	14
P05	51	9	CS47	R2	0.0032178595172596	0	14
P05	51	10	CS48	R1	0.00688582596936865	0	14
P05	51	11	CS48	R2	-0.000264858436595949	0	14
P05	51	12	CS49	R1	0.00137673976187622	0	12
P05	51	13	CS49	R2	0.00479097249313465	0	14
P05	51	14	CS51	R1	-0.00194254027044696	0	14
P05	51	15	CS51	R2	0.00861078924518704	0	12
P05	51	16	CS53	R1	-0.00776126057925215	0	12
P05	51	17	CS53	R2	-0.00735861143192732	0	8
P05	51	18	CS54	R1	-0.0112620678281322	0	7
P05	51	19	CS54	R2	-0.000678293922867635	0	7
P05	51	20	CS55	R1	0.00225438838079588	0	14
P05	51	21	CS55	R2	0.000998626534197545	0	14
P05	51	22	CS56	R1	-0.00734199329925337	0	12
P05	51	23	CS56	R2	-0.00440829088055362	0	12
P05	51	24	CS57	R1	-0.00748937165696445	0	12
P05	51	25	CS57	R2	0.00451475055373585	0	12
P05	51	26	CS58	R1	0.0021819706064616	0	7
P05	51	27	CS60	R1	-0.00728266047189965	0	14
P05	51	28	CS62	R1	0.0107665405634005	0	7
P05	51	29	CS62	R2	-0.000448349365798328	0	7
P05	52	1	CS41	R1	0.00110577728185476	0	14
P05	52	2	CS41	R2	-0.00312904134936968	0	14
P05	52	3	CS42	R1	-0.0116295460445504	0	14
P05	52	4	CS42	R2	0.00857073865636052	0	14
P05	52	5	CS43	R1	-0.00210900489729745	0	14
P05	52	6	CS43	R2	0.00469525835343722	0	14
P05	52	7	CS44	R1	0.00184189639248007	0	14
P05	52	8	CS47	R1	-0.00449455453158606	0	14
P05	52	9	CS47	R2	0.00673339816063389	0	14
P05	52	10	CS48	R1	0.00361933275534233	0	14
P05	52	11	CS48	R2	0.00296821828032343	0	14
P05	52	12	CS49	R1	0.0030888648248315	0	12
P05	52	13	CS49	R2	0.0024184921885122	0	14
P05	52	14	CS51	R1	-0.0030993993681165	0	14
P05	52	15	CS51	R2	-0.000737480549679251	0	12
P05	52	16	CS53	R1	0.0107228997490955	0	12
P05	52	17	CS53	R2	-0.00621511633319941	0	8
P05	52	18	CS54	R1	-0.00229598026864146	0	7
P05	52	19	CS54	R2	-0.000234249171482512	0	7
P05	52	20	CS55	R1	-0.00438312682472041	0	14
P05	52	21	CS55	R2	8.67538282105016e-05	0	14
P05	52	22	CS56	R1	0.00504359857291057	0	12
P05	52	23	CS56	R2	-0.00540429835183546	0	12
P05	52	24	CS57	R1	-0.00324264865558426	0	12
P05	52	25	CS57	R2	0.0103354069220562	0	12
P05	52	26	CS58	R1	0.00300689604750071	0	7
P05	52	27	CS60	R1	0.00716018616674319	0	14
P05	52	28	CS62	R1	0.0170253698660117	0	7
P05	52	29	CS62	R2	-0.0062709180513872	0	7
P05	53	1	CS41	R1	0.0116719897837672	0	14
P05	53	2	CS41	R2	0.000439384103088091	0	14
P05	53	3	CS42	R1	-0.0119004028087474	0	14
P05	53	4	CS42	R2	0.00457210927707611	0	14
P05	53	5	CS43	R1	-0.000475546410021874	0	14
P05	53	6	CS43	R2	-0.0117896285752475	0	14
P05	53	7	CS44	R1	-0.00113992255781861	0	14
P05	53	8	CS47	R1	-0.00375532080707022	0	14
P05	53	9	CS47	R2	-0.00639244870228952	0	14
P05	53	10	CS48	R1	0.00332777630379023	0	14
P05	53	11	CS48	R2	0.00339926374884374	0	14
P05	53	12	CS49	R1	0.00343015081841097	0	12
P05	53	13	CS49	R2	-0.0114549525368366	0	14
P05	53	14	CS51	R1	0.00543068608447695	0	14
P05	53	15	CS51	R2	0.00171788880158507	0	12
P05	53	16	CS53	R1	-0.00554719131835981	0	12
P05	53	17	CS53	R2	-0.00118472184329782	0	8
P05	53	18	CS54	R1	0.00331510095790997	0	7
P05	53	19	CS54	R2	0.00369812537237122	0	7
P05	53	20	CS55	R1	0.00514042104506647	0	14
P05	53	21	CS55	R2	-0.00251358528520075	0	14
P05	53	22	CS56	R1	0.00244761059869042	0	12
P05	53	23	CS56	R2	-0.0020573894904432	0	12
P05	53	24	CS57	R1	-0.00389959953577069	0	12
P05	53	25	CS57	R2	0.000144472110106078	0	12
P05	53	26	CS58	R1	0.00280966187358479	0	7
P05	53	27	CS60	R1	-0.00251922776953398	0	14
P05	53	28	CS62	R1	-0.0127494753841142	0	7
P05	53	29	CS62	R2	-0.00992204329091803	0	7
P05	54	1	CS41	R1	0.00155147945346891	0	14
P05	54	2	CS41	R2	0.00909564217273719	0	14
P05	54	3	CS42	R1	-0.00822083535744301	0	14
P05	54	4	CS42	R2	-0.00825403940832998	0	14
P05	54	5	CS43	R1	0.000471841730710011	0	14
P05	54	6	CS43	R2	0.007394837885095	0	14
P05	54	7	CS44	R1	0.000625627872218228	0	14
P05	54	8	CS47	R1	0.000260593267656557	0	14
P05	54	9	CS47	R2	0.00582741964208205	0	14
P05	54	10	CS48	R1	-0.0104349147114398	0	14
P05	54	11	CS48	R2	0.0035184959521561	0	14
P05	54	12	CS49	R1	-0.00907633680770688	0	12
P05	54	13	CS49	R2	0.0055235987468692	0	14
P05	54	14	CS51	R1	0.00267998360093336	0	14
P05	54	15	CS51	R2	0.0140282189406928	0	12
P05	54	16	CS53	R1	0.00390684562402064	0	12
P05	54	17	CS53	R2	0.0057449924274571	0	8
P05	54	18	CS54	R1	0.00126879546501683	0	7
P05	54	19	CS54	R2	0.00132217272364135	0	7
P05	54	20	CS55	R1	-0.00668377697265872	0	14
P05	54	21	CS55	R2	0.00135318728102974	0	14
P05	54	22	CS56	R1	0.001513267654973	0	12
P05	54	23	CS56	R2	-0.00283677529164824	0	12
P05	54	24	CS57	R1	0.00208628830500526	0	12
P05	54	25	CS57	R2	0.00537624937804313	0	12
P05	54	26	CS58	R1	0.0130210435742762	0	7
P05	54	27	CS60	R1	-0.00281030527873916	0	14
P05	54	28	CS62	R1	-0.00593084779455948	0	7
P05	54	29	CS62	R2	-0.00323876636341358	0	7
P05	55	1	CS41	R1	-0.0100696151419567	0	14
P05	55	2	CS41	R2	0.00104081906761305	0	14
P05	55	3	CS42	R1	0.00852142554905765	0	14
P05	55	4	CS42	R2	0.0014412142168358	0	14
P05	55	5	CS43	R1	-0.00815438382961459	0	14
P05	55	6	CS43	R2	0.00128151237199836	0	14
P05	55	7	CS44	R1	-0.00257959589439327	0	14
P05	55	8	CS47	R1	0.000785604907973812	0	14
P05	55	9	CS47	R2	-0.00808254428603335	0	14
P05	55	10	CS48	R1	0.000958875558535152	0	14
P05	55	11	CS48	R2	0.00665382042525931	0	14
P05	55	12	CS49	R1	0.00549368045581176	0	12
P05	55	13	CS49	R2	-0.010415277898451	0	14
P05	55	14	CS51	R1	-1.37656084418985e-05	0	14
P05	55	15	CS51	R2	0.0110754137701568	0	12
P05	55	16	CS53	R1	0.0119476587293008	0	12
P05	55	17	CS53	R2	-0.0121127426300631	0	8
P05	55	18	CS54	R1	-0.00771450164482941	0	7
P05	55	19	CS54	R2	0.00538039968134444	0	7
P05	55	20	CS55	R1	-0.0069301340686454	0	14
P05	55	21	CS55	R2	0.00381225514577593	0	14
P05	55	22	CS56	R1	0.00566488525284006	0	12
P05	55	23	CS56	R2	-0.000147541612941025	0	12
P05	55	24	CS57	R1	-0.0035782952683772	0	12
P05	55	25	CS57	R2	3.02841032782341e-05	0	12
P05	55	26	CS58	R1	0.0074597693252328	0	7
P05	55	27	CS60	R1	-0.000980082274706853	0	14
P05	55	28	CS62	R1	-0.00233580002512179	0	7
P05	55	29	CS62	R2	0.00208941905655355	0	7
P05	56	1	CS41	R1	0.00642819753905555	0	14
P05	56	2	CS41	R2	0.00295084443642651	0	14
P05	56	3	CS42	R1	-0.000183765641851304	0	14
P05	56	4	CS42	R2	0.00289403487417206	0	14
P05	56	5	CS43	R1	-0.000507171073724077	0	14
P05	56	6	CS43	R2	-0.00233756164008099	0	14
P05	56	7	CS44	R1	0.00376359896302662	0	14
P05	56	8	CS47	R1	-0.0100298956652508	0	14
P05	56	9	CS47	R2	-0.000799452055172787	0	14
P05	56	10	CS48	R1	0.0057568000943623	0	14
P05	56	11	CS48	R2	-0.00172014741751417	0	14
P05	56	12	CS49	R1	0.00270394872488062	0	12
P05	56	13	CS49	R2	-0.00418637698203702	0	14
P05	56	14	CS51	R1	-0.00344281333535604	0	14
P05	56	15	CS51	R2	0.00280083862415293	0	12
P05	56	16	CS53	R1	-0.00440592959901937	0	12
P05	56	17	CS53	R2	-0.0102074716678873	0	8
P05	56	18	CS54	R1	0.0119352230575603	0	7
P05	56	19	CS54	R2	0.0100298108270183	0	7
P05	56	20	CS55	R1	-6.48523070680665e-05	0	14
P05	56	21	CS55	R2	0.000692098869004582	0	14
P05	56	22	CS56	R1	0.0155264484772799	0	12
P05	56	23	CS56	R2	0.0113250697601997	0	12
P05	56	24	CS57	R1	0.00989426202623877	0	12
P05	56	25	CS57	R2	0.00240322082604248	0	12
P05	56	26	CS58	R1	-0.0119450236803552	0	7
P05	56	27	CS60	R1	-0.0024902346238819	0	14
P05	56	28	CS62	R1	-0.00273108203071144	0	7
P05	56	29	CS62	R2	-0.00374392946487299	0	7
P05	57	1	CS41	R1	-0.00559456733344726	0	14
P05	57	2	CS41	R2	-0.00178890198583833	0	14
P05	57	3	CS42	R1	-0.00996139884651686	0	14
P05	57	4	CS42	R2	0.00604702831143222	0	14
P05	57	5	CS43	R1	0.00603566828623818	0	14
P05	57	6	CS43	R2	0.000482657238487493	0	14
P05	57	7	CS44	R1	-0.000523382365466961	0	14
P05	57	8	CS47	R1	0.00666074037196384	0	14
P05	57	9	CS47	R2	0.0015108555467766	0	14
P05	57	10	CS48	R1	0.00191777825943822	0	14
P05	57	11	CS48	R2	-0.00594326084280936	0	14
P05	57	12	CS49	R1	0.00583493547590538	0	12
P05	57	13	CS49	R2	-0.0048392838481703	0	14
P05	57	14	CS51	R1	-0.00020423374333716	0	14
P05	57	15	CS51	R2	0.00251140385552036	0	12
P05	57	16	CS53	R1	-0.00624223990890476	0	12
P05	57	17	CS53	R2	-0.00117477830304549	0	8
P05	57	18	CS54	R1	-0.000460269036981384	0	7
P05	57	19	CS54	R2	-0.00941462665648512	0	7
P05	57	20	CS55	R1	-0.00500772218722704	0	14
P05	57	21	CS55	R2	0.00270455310437392	0	14
P05	57	22	CS56	R1	-0.00387023751068908	0	12
P05	57	23	CS56	R2	-0.00441454639186046	0	12
P05	57	24	CS57	R1	0.013483954299266	0	12
P05	57	25	CS57	R2	-0.0064327553632442	0	12
P05	57	26	CS58	R1	0.0111727691568742	0	7
P05	57	27	CS60	R1	0.000716439302364574	0	14
P05	57	28	CS62	R1	0.00234320435266102	0	7
P05	57	29	CS62	R2	-5.91927342730284e-05	0	7
P05	58	1	CS41	R1	0.00107691872906441	0	14
P05	58	2	CS41	R2	0.00669302192587014	0	14
P05	58	3	CS42	R1	0.0117110802395535	0	14
P05	58	4	CS42	R2	-0.00565526462028745	0	14
P05	58	5	CS43	R1	-0.00189689161779805	0	14
P05	58	6	CS43	R2	-0.00951471647030929	0	14
P05	58	7	CS44	R1	0.0017983546602151	0	14
P05	58	8	CS47	R1	0.00871936252693658	0	14
P05	58	9	CS47	R2	0.0085899628679258	0	14
P05	58	10	CS48	R1	0.00708382807136049	0	14
P05	58	11	CS48	R2	0.00424016344153233	0	14
P05	58	12	CS49	R1	0.0108239844370938	0	12
P05	58	13	CS49	R2	-0.00176611653503329	0	14
P05	58	14	CS51	R1	0.0042340393506041	0	14
P05	58	15	CS51	R2	0.00396943638565071	0	12
P05	58	16	CS53	R1	-0.00356907056430803	0	12
P05	58	17	CS53	R2	-0.000639031541767165	0	8
P05	58	18	CS54	R1	-0.00578144549335749	0	7
P05	58	19	CS54	R2	-0.0121996036020547	0	7
P05	58	20	CS55	R1	-0.0080275084910834	0	14
P05	58	21	CS55	R2	0.00172635127716629	0	14
P05	58	22	CS56	R1	0.00307786532153177	0	12
P05	58	23	CS56	R2	-0.000863863081420771	0	12
P05	58	24	CS57	R1	-0.00525753084369464	0	12
P05	58	25	CS57	R2	-0.00741608082407539	0	12
P05	58	26	CS58	R1	-0.0052245916167608	0	7
P05	58	27	CS60	R1	-0.00197176125061297	0	14
P05	58	28	CS62	R1	-0.00528395958393694	0	7
P05	58	29	CS62	R2	0.00208834574764188	0	7
P05	59	1	CS41	R1	-0.00276073965591735	0	14
P05	59	2	CS41	R2	-0.00335396284723838	0	14
P05	59	3	CS42	R1	0.00437747423727878	0	14
P05	59	4	CS42	R2	0.00505584369899241	0	14
P05	59	5	CS43	R1	-0.00133278500180533	0	14
P05	59	6	CS43	R2	-0.00450530385282187	0	14
P05	59	7	CS44	R1	0.00840484458761327	0	14
P05	59	8	CS47	R1	0.00214400398306056	0	14
P05	59	9	CS47	R2	-0.000482240379119534	0	14
P05	59	10	CS48	R1	0.00260034840588475	0	14
P05	59	11	CS48	R2	-0.00688183085234005	0	14
P05	59	12	CS49	R1	0.0117149045564842	0	12
P05	59	13	CS49	R2	0.00479143025199117	0	14
P05	59	14	CS51	R1	0.00921564905658617	0	14
P05	59	15	CS51	R2	-0.000160176088458033	0	12
P05	59	16	CS53	R1	-0.00586686331259377	0	12
P05	59	17	CS53	R2	0.0020859423402988	0	8
P05	59	18	CS54	R1	-0.0104524398631908	0	7
P05	59	19	CS54	R2	0.00195669634887911	0	7
P05	59	20	CS55	R1	-0.00682981724190094	0	14
P05	59	21	CS55	R2	-0.00133562251793522	0	14
P05	59	22	CS56	R1	0.0139333484706751	0	12
P05	59	23	CS56	R2	-0.0144729376639397	0	12
P05	59	24	CS57	R1	0.00124554336540775	0	12
P05	59	25	CS57	R2	-0.00153518975174724	0	12
P05	59	26	CS58	R1	0.011646908264329	0	7
P05	59	27	CS60	R1	0.0070932487246905	0	14
P05	59	28	CS62	R1	-0.00249678909250667	0	7
P05	59	29	CS62	R2	0.00707180542315558	0	7
P05	60	1	CS41	R1	0.00857978109329399	0	14
P05	60	2	CS41	R2	-0.0104820591977355	0	14
P05	60	3	CS42	R1	0.00665688535547358	0	14
P05	60	4	CS42	R2	-0.00251902673890856	0	14
P05	60	5	CS43	R1	0.0069832078865363	0	14
P05	60	6	CS43	R2	-0.00886815170611033	0	14
P05	60	7	CS44	R1	-0.0021111240557745	0	14
P05	60	8	CS47	R1	0.0054632460862096	0	14
P05	60	9	CS47	R2	-0.000297019722482257	0	14
P05	60	10	CS48	R1	0.0114168713373036	0	14
P05	60	11	CS48	R2	-0.00777996845713044	0	14
P05	60	12	CS49	R1	0.001481174469363	0	12
P05	60	13	CS49	R2	0.00620254466038114	0	14
P05	60	14	CS51	R1	0.00382496631202286	0	14
P05	60	15	CS51	R2	-0.000217760601075581	0	12
P05	60	16	CS53	R1	-0.00203035695183226	0	12
P05	60	17	CS53	R2	0.00277069316818057	0	8
P05	60	18	CS54	R1	0.00496362159126551	0	7
P05	60	19	CS54	R2	0.012275576350712	0	7
P05	60	20	CS55	R1	0.00111329416877256	0	14
P05	60	21	CS55	R2	-0.00664235651309415	0	14
P05	60	22	CS56	R1	0.000863744342851001	0	12
P05	60	23	CS56	R2	0.00681400827401183	0	12
P05	60	24	CS57	R1	-0.00098869739308745	0	12
P05	60	25	CS57	R2	-0.0096452542907746	0	12
P05	60	26	CS58	R1	0.00554812461748455	0	7
P05	60	27	CS60	R1	-0.00312167690509372	0	14
P05	60	28	CS62	R1	0.0103160805261361	0	7
P05	60	29	CS62	R2	-0.00472349284001355	0	7
P05	61	1	CS41	R1	0.00659988890965778	0	14
P05	61	2	CS41	R2	0.0061746082066397	0	14
P05	61	3	CS42	R1	0.000964413933416166	0	14
P05	61	4	CS42	R2	0.00213217737509657	0	14
P05	61	5	CS43	R1	-0.000299229065105628	0	14
P05	61	6	CS43	R2	0.00517209029378304	0	14
P05	61	7	CS44	R1	0.00191883478666619	0	14
P05	61	8	CS47	R1	-0.00633462566508817	0	14
P05	61	9	CS47	R2	-0.00320559140067199	0	14
P05	61	10	CS48	R1	-0.000453976534285378	0	14
P05	61	11	CS48	R2	-0.00154355299307201	0	14
P05	61	12	CS49	R1	0.00919330042793182	0	12
P05	61	13	CS49	R2	0.00537908567636574	0	14
P05	61	14	CS51	R1	0.0057941276934355	0	14
P05	61	15	CS51	R2	0.0163007887542087	0	12
P05	61	16	CS53	R1	0.00492176986913191	0	12
P05	61	17	CS53	R2	0.00545465799237981	0	8
P05	61	18	CS54	R1	-0.0269158685384818	0	7
P05	61	19	CS54	R2	-0.00474741648152972	0	7
P05	61	20	CS55	R1	0.000632289671316599	0	14
P05	61	21	CS55	R2	-0.00203166012488716	0	14
P05	61	22	CS56	R1	0.0119210182107929	0	12
P05	61	23	CS56	R2	-0.000291719788239574	0	12
P05	61	24	CS57	R1	-0.00334287598255016	0	12
P05	61	25	CS57	R2	0.00590055298550582	0	12
P05	61	26	CS58	R1	-0.00664107443931405	0	7
P05	61	27	CS60	R1	-0.00419893662837951	0	14
P05	61	28	CS62	R1	0.00500596279353195	0	7
P05	61	29	CS62	R2	0.00719700210948748	0	7
P05	62	1	CS41	R1	0.00592835827640635	0	14
P05	62	2	CS41	R2	0.00234566022128746	0	14
P05	62	3	CS42	R1	0.00304308907948218	0	14
P05	62	4	CS42	R2	-0.00961711365968026	0	14
P05	62	5	CS43	R1	0.00337058153520668	0	14
P05	62	6	CS43	R2	-0.00565999095300357	0	14
P05	62	7	CS44	R1	-0.00766005503976467	0	14
P05	62	8	CS47	R1	-0.00234887163858417	0	14
P05	62	9	CS47	R2	0.00184734321939043	0	14
P05	62	10	CS48	R1	0.0188021154433986	0	14
P05	62	11	CS48	R2	-0.00720297020286202	0	14
P05	62	12	CS49	R1	0.00251838304312336	0	12
P05	62	13	CS49	R2	-0.00186413143636031	0	14
P05	62	14	CS51	R1	-0.00786205411313625	0	14
P05	62	15	CS51	R2	-0.00226237975678682	0	12
P05	62	16	CS53	R1	0.00774032055511837	0	12
P05	62	17	CS53	R2	-0.00373921905378437	0	8
P05	62	18	CS54	R1	-0.00020270625051237	0	7
P05	62	19	CS54	R2	0.0102741521878623	0	7
P05	62	20	CS55	R1	0.00487960504188816	0	14
P05	62	21	CS55	R2	-0.00850446764249445	0	14
P05	62	22	CS56	R1	-0.00514748726692298	0	12
P05	62	23	CS56	R2	0.01024086945874	0	12
P05	62	24	CS57	R1	0.000277487596192609	0	12
P05	62	25	CS57	R2	-0.00117356622555843	0	12
P05	62	26	CS58	R1	-2.09005934380772e-05	0	7
P05	62	27	CS60	R1	-0.0115054885367325	0	14
P05	62	28	CS62	R1	0.00324759027133409	0	7
P05	62	29	CS62	R2	0.00246280311580742	0	7
P05	63	1	CS41	R1	-0.000909526861234774	0	14
P05	63	2	CS41	R2	-0.00286123247062349	0	14
P05	63	3	CS42	R1	0.00172230126641615	0	14
P05	63	4	CS42	R2	-0.00355145239090418	0	14
P05	63	5	CS43	R1	-0.00140220104524248	0	14
P05	63	6	CS43	R2	0.00291382198116523	0	14
P05	63	7	CS44	R1	-0.00523695470293693	0	14
P05	63	8	CS47	R1	0.00214348323671039	0	14
P05	63	9	CS47	R2	-0.00484958416302388	0	14
P05	63	10	CS48	R1	0.00122586993526351	0	14
P05	63	11	CS48	R2	-0.00839134948113641	0	14
P05	63	12	CS49	R1	0.00232780345623256	0	12
P05	63	13	CS49	R2	-0.0060590934030614	0	14
P05	63	14	CS51	R1	-0.00611477330575261	0	14
P05	63	15	CS51	R2	0.00873342328546749	0	12
P05	63	16	CS53	R1	-0.00111088157924217	0	12
P05	63	17	CS53	R2	-0.00238580576338365	0	8
P05	63	18	CS54	R1	-0.00387590167333195	0	7
P05	63	19	CS54	R2	0.0034825469258118	0	7
P05	63	20	CS55	R1	0.0104065724790004	0	14
P05	63	21	CS55	R2	0.00581295881708283	0	14
P05	63	22	CS56	R1	0.00191518493367485	0	12
P05	63	23	CS56	R2	0.00383156703098008	0	12
P05	63	24	CS57	R1	0.000456165688824641	0	12
P05	63	25	CS57	R2	0.0104791821540209	0	12
P05	63	26	CS58	R1	-0.0162411042494882	0	7
P05	63	27	CS60	R1	-0.00174994446943879	0	14
P05	63	28	CS62	R1	-0.0222455877154437	0	7
P05	63	29	CS62	R2	0.00133044377099881	0	7
P05	64	1	CS41	R1	0.00104168937637124	0	14
P05	64	2	CS41	R2	0.00344225122075243	0	14
P05	64	3	CS42	R1	0.000773759331450271	0	14
P05	64	4	CS42	R2	0.00154877173580837	0	14
P05	64	5	CS43	R1	0.00534716625353289	0	14
P05	64	6	CS43	R2	0.00982979581926512	0	14
P05	64	7	CS44	R1	0.0108664519203227	0	14
P05	64	8	CS47	R1	0.00267945864811807	0	14
P05	64	9	CS47	R2	-0.00965034931777783	0	14
P05	64	10	CS48	R1	0.00086954357797285	0	14
P05	64	11	CS48	R2	-0.00253820266807126	0	14
P05	64	12	CS49	R1	0.00531597200113731	0	12
P05	64	13	CS49	R2	-0.000398208865902669	0	14
P05	64	14	CS51	R1	0.00938851345959497	0	14
P05	64	15	CS51	R2	0.00549077294885689	0	12
P05	64	16	CS53	R1	-0.000917131085321566	0	12
P05	64	17	CS53	R2	0.00706987201239564	0	8
P05	64	18	CS54	R1	0.00322935273713874	0	7
P05	64	19	CS54	R2	-0.00463131649211387	0	7
P05	64	20	CS55	R1	0.000618654283816773	0	14
P05	64	21	CS55	R2	0.00851838267998066	0	14
P05	64	22	CS56	R1	0.00562102299448194	0	12
P05	64	23	CS56	R2	-0.00288033707983449	0	12
P05	64	24	CS57	R1	-0.00584907619896537	0	12
P05	64	25	CS57	R2	0.00955209974914257	0	12
P05	64	26	CS58	R1	0.000159557983518649	0	7
P05	64	27	CS60	R1	0.00880621157492507	0	14
P05	64	28	CS62	R1	-0.00476359709866442	0	7
P05	64	29	CS62	R2	0.00419462819725549	0	7
P06	1	1	CS41	R1	-0.00287557687382285	0	14
P06	1	2	CS41	R2	-0.0128075069876673	0	14
P06	1	3	CS42	R1	-0.00318726168278192	0	14
P06	1	4	CS42	R2	0.00112793195263994	0	14
P06	1	5	CS43	R1	0.00865111548744358	0	14
P06	1	6	CS43	R2	-0.00124718244694935	0	14
P06	1	7	CS44	R1	0.00120638928044361	0	14
P06	1	8	CS47	R1	-0.00254407132825796	0	14
P06	1	9	CS47	R2	-0.00573487897507478	0	14
P06	1	10	CS48	R1	-0.00104430702763385	0	14
P06	1	11	CS48	R2	0.00200124873882166	0	14
P06	1	12	CS49	R1	-0.00617620379347106	0	12
P06	1	13	CS49	R2	-0.0119488239171829	0	14
P06	1	14	CS51	R1	0.00263238091757825	0	14
P06	1	15	CS51	R2	-0.00104136839808033	0	12
P06	1	16	CS53	R1	0.00537414132531463	0	12
P06	1	17	CS53	R2	0.00022575260169745	0	8
P06	1	18	CS54	R1	-0.00775736990558038	0	7
P06	1	19	CS54	R2	-0.0101960957521649	0	7
P06	1	20	CS55	R1	0.014692502532033	0	14
P06	1	21	CS55	R2	-0.00338602749906532	0	14
P06	1	22	CS56	R1	0.00131518670150407	0	12
P06	1	23	CS56	R2	-0.00457217415193447	0	12
P06	1	24	CS57	R1	0.00287158015946218	0	12
P06	1	25	CS57	R2	0.00147902399660807	0	12
P06	1	26	CS58	R1	0.0069987201936877	0	7
P06	1	27	CS60	R1	0.00974435327038911	0	14
P06	1	28	CS62	R1	-0.00216361424881103	0	7
P06	1	29	CS62	R2	0.0086422634848729	0	7
P06	2	1	CS41	R1	-0.0073613265246883	0	14
P06	2	2	CS41	R2	-0.00264715191976058	0	14
P06	2	3	CS42	R1	-0.00389059860974588	0	14
P06	2	4	CS42	R2	-0.00552278608813019	0	14
P06	2	5	CS43	R1	0.00860672967399095	0	14
P06	2	6	CS43	R2	0.000199866328757968	0	14
P06	2	7	CS44	R1	0.0123077480904315	0	14
P06	2	8	CS47	R1	-0.00189957970932528	0	14
P06	2	9	CS47	R2	-0.000185749998370472	0	14
P06	2	10	CS48	R1	0.00148145079279002	0	14
P06	2	11	CS48	R2	0.00218859641947899	0	14
P06	2	12	CS49	R1	0.00292611530459659	0	12
P06	2	13	CS49	R2	0.00195915206358202	0	14
P06	2	14	CS51	R1	-0.0045243154320388	0	14
P06	2	15	CS51	R2	0.0018665911731876	0	12
P06	2	16	CS53	R1	-0.00938294690789211	0	12
P06	2	17	CS53	R2	0.0174136092687257	0	8
P06	2	18	CS54	R1	0.00261315631284171	0	7
P06	2	19	CS54	R2	-0.00266320283152991	0	7
P06	2	20	CS55	R1	0.00613818890815801	0	14
P06	2	21	CS55	R2	0.000597192887742057	0	14
P06	2	22	CS56	R1	-0.010105783874562	0	12
P06	2	23	CS56	R2	0.00418662800631044	0	12
P06	2	24	CS57	R1	0.00539807906521583	0	12
P06	2	25	CS57	R2	-0.00141592537357756	0	12
P06	2	26	CS58	R1	0.0168046203013006	0	7
P06	2	27	CS60	R1	-0.000222352880621406	0	14
P06	2	28	CS62	R1	-0.00239670965026217	0	7
P06	2	29	CS62	R2	-0.000157597510687614	0	7
P06	3	1	CS41	R1	0.00854849709630063	0	14
P06	3	2	CS41	R2	0.00728385946996965	0	14
P06	3	3	CS42	R1	0.00656730468503922	0	14
P06	3	4	CS42	R2	-0.0013699896252484	0	14
P06	3	5	CS43	R1	-0.00352123784091949	0	14
P06	3	6	CS43	R2	-0.0098912742919539	0	14
P06	3	7	CS44	R1	0.00406388427263535	0	14
P06	3	8	CS47	R1	-2.9055555307958e-05	0	14
P06	3	9	CS47	R2	-0.00093920978691063	0	14
P06	3	10	CS48	R1	0.0089878728189738	0	14
P06	3	11	CS48	R2	0.00308448828578874	0	14
P06	3	12	CS49	R1	0.0020156108107096	0	12
P06	3	13	CS49	R2	0.000614300550706682	0	14
P06	3	14	CS51	R1	0.00489142483924348	0	14
P06	3	15	CS51	R2	-0.00139303513014936	0	12
P06	3	16	CS53	R1	0.00340532548498198	0	12
P06	3	17	CS53	R2	0.00421302561542049	0	8
P06	3	18	CS54	R1	-0.00156056960817573	0	7
P06	3	19	CS54	R2	0.00871248819817566	0	7
P06	3	20	CS55	R1	0.00147920876342694	0	14
P06	3	21	CS55	R2	0.00619186436994247	0	14
P06	3	22	CS56	R1	-0.00767846204518523	0	12
P06	3	23	CS56	R2	-0.00111326212913525	0	12
P06	3	24	CS57	R1	0.00148720607244852	0	12
P06	3	25	CS57	R2	-0.00343866264085457	0	12
P06	3	26	CS58	R1	0.00266723491716686	0	7
P06	3	27	CS60	R1	0.00399656200712932	0	14
P06	3	28	CS62	R1	-0.00236887113776048	0	7
P06	3	29	CS62	R2	-6.86457291360229e-06	0	7
P06	4	1	CS41	R1	-0.00307458772792698	0	14
P06	4	2	CS41	R2	0.00501254149186299	0	14
P06	4	3	CS42	R1	0.00767845056874072	0	14
P06	4	4	CS42	R2	0.00248701561638036	0	14
P06	4	5	CS43	R1	0.00159680327523817	0	14
P06	4	6	CS43	R2	-0.00295409115301625	0	14
P06	4	7	CS44	R1	0.011575815310422	0	14
P06	4	8	CS47	R1	-0.00125808469884732	0	14
P06	4	9	CS47	R2	-0.0042114724941072	0	14
P06	4	10	CS48	R1	-0.00858663333870529	0	14
P06	4	11	CS48	R2	-0.000222423302458695	0	14
P06	4	12	CS49	R1	-0.00498963073075552	0	12
P06	4	13	CS49	R2	-0.0108837341573569	0	14
P06	4	14	CS51	R1	0.00739661435555435	0	14
P06	4	15	CS51	R2	0.0142007323770103	0	12
P06	4	16	CS53	R1	-0.000312119062902149	0	12
P06	4	17	CS53	R2	0.00158239057167392	0	8
P06	4	18	CS54	R1	-0.000266670805676078	0	7
P06	4	19	CS54	R2	-0.000622841780746761	0	7
P06	4	20	CS55	R1	9.38541112252755e-05	0	14
P06	4	21	CS55	R2	-0.00554903713116158	0	14
P06	4	22	CS56	R1	0.00185839779315671	0	12
P06	4	23	CS56	R2	-0.00952662535442266	0	12
P06	4	24	CS57	R1	-0.00547435510825222	0	12
P06	4	25	CS57	R2	-0.00246477800769893	0	12
P06	4	26	CS58	R1	0.00638388617825862	0	7
P06	4	27	CS60	R1	0.00647902104318904	0	14
P06	4	28	CS62	R1	0.00531421303307433	0	7
P06	4	29	CS62	R2	-0.00232306148019334	0	7
P06	5	1	CS41	R1	-0.000816185625688303	0	14
P06	5	2	CS41	R2	-0.00458826818349001	0	14
P06	5	3	CS42	R1	0.00713306293682718	0	14
P06	5	4	CS42	R2	0.00142586199230352	0	14
P06	5	5	CS43	R1	-0.00131037331300454	0	14
P06	5	6	CS43	R2	0.00268498980875802	0	14
P06	5	7	CS44	R1	-0.00574424287083912	0	14
P06	5	8	CS47	R1	0.00463746200096802	0	14
P06	5	9	CS47	R2	0.000627609400536451	0	14
P06	5	10	CS48	R1	-0.00889521768119071	0	14
P06	5	11	CS48	R2	-0.00383091806434205	0	14
P06	5	12	CS49	R1	0.00398060079167167	0	12
P06	5	13	CS49	R2	0.00907126577735553	0	14
P06	5	14	CS51	R1	0.00458444967257871	0	14
P06	5	15	CS51	R2	0.00200692677653471	0	12
P06	5	16	CS53	R1	-0.00338095642338384	0	12
P06	5	17	CS53	R2	0.0115225370268278	0	8
P06	5	18	CS54	R1	0.00195688382947028	0	7
P06	5	19	CS54	R2	0.00363492826958315	0	7
P06	5	20	CS55	R1	0.00179769987423575	0	14
P06	5	21	CS55	R2	0.00517060140783216	0	14
P06	5	22	CS56	R1	0.0119197836267331	0	12
P06	5	23	CS56	R2	-0.00566377673934535	0	12
P06	5	24	CS57	R1	0.00165735028044472	0	12
P06	5	25	CS57	R2	0.00282585728133983	0	12
P06	5	26	CS58	R1	0.0144568548574482	0	7
P06	5	27	CS60	R1	0.000593818499317266	0	14
P06	5	28	CS62	R1	0.00902691935336423	0	7
P06	5	29	CS62	R2	-0.0118242811566864	0	7
P06	6	1	CS41	R1	0.00341708538506672	0	14
P06	6	2	CS41	R2	0.00168115949896698	0	14
P06	6	3	CS42	R1	0.0134165619284776	0	14
P06	6	4	CS42	R2	-0.00878993477116865	0	14
P06	6	5	CS43	R1	-0.00283070136272705	0	14
P06	6	6	CS43	R2	-0.00306527370995577	0	14
P06	6	7	CS44	R1	0.00480479351269292	0	14
P06	6	8	CS47	R1	0.00560729372917281	0	14
P06	6	9	CS47	R2	0.00206731659983015	0	14
P06	6	10	CS48	R1	0.00382051270889827	0	14
P06	6	11	CS48	R2	-0.00200085909571416	0	14
P06	6	12	CS49	R1	0.00757451615209366	0	12
P06	6	13	CS49	R2	-0.00257606272914601	0	14
P06	6	14	CS51	R1	-0.0026714240365931	0	14
P06	6	15	CS51	R2	0.00374743278795324	0	12
P06	6	16	CS53	R1	-0.00277880789823413	0	12
P06	6	17	CS53	R2	0.000799796167995354	0	8
P06	6	18	CS54	R1	0.0028370485852276	0	7
P06	6	19	CS54	R2	0.0107406357532224	0	7
P06	6	20	CS55	R1	-0.0034674345618625	0	14
P06	6	21	CS55	R2	0.00176042497676332	0	14
P06	6	22	CS56	R1	0.00410497897946297	0	12
P06	6	23	CS56	R2	0.00357167988218833	0	12
P06	6	24	CS57	R1	9.79942877069914e-05	0	12
P06	6	25	CS57	R2	-0.00483442508913541	0	12
P06	6	26	CS58	R1	0.00110176226453508	0	7
P06	6	27	CS60	R1	0.00405169824357457	0	14
P06	6	28	CS62	R1	-0.00538704228891685	0	7
P06	6	29	CS62	R2	-0.00407583145870903	0	7
P06	7	1	CS41	R1	-0.00414304908617527	0	14
P06	7	2	CS41	R2	-0.00216816455814989	0	14
P06	7	3	CS42	R1	-0.00438648140698056	0	14
P06	7	4	CS42	R2	-0.000430259249926901	0	14
P06	7	5	CS43	R1	-0.00488852370344114	0	14
P06	7	6	CS43	R2	0.000597729332896537	0	14
P06	7	7	CS44	R1	-0.00454402148754714	0	14
P06	7	8	CS47	R1	-0.00122827775362907	0	14
P06	7	9	CS47	R2	-0.000167352890956026	0	14
P06	7	10	CS48	R1	0.000604380540307533	0	14
P06	7	11	CS48	R2	0.000611711783243664	0	14
P06	7	12	CS49	R1	-0.00303528197956189	0	12
P06	7	13	CS49	R2	-0.00390533954665242	0	14
P06	7	14	CS51	R1	0.00272724982507926	0	14
P06	7	15	CS51	R2	-0.000296653906698107	0	12
P06	7	16	CS53	R1	0.00925601861463512	0	12
P06	7	17	CS53	R2	-0.00601378383469442	0	8
P06	7	18	CS54	R1	0.00464214230597998	0	7
P06	7	19	CS54	R2	-0.00328516589535528	0	7
P06	7	20	CS55	R1	0.00243373654338527	0	14
P06	7	21	CS55	R2	-0.00384499678993337	0	14
P06	7	22	CS56	R1	0.00329047688668419	0	12
P06	7	23	CS56	R2	0.00175329093278424	0	12
P06	7	24	CS57	R1	-0.00526596768792061	0	12
P06	7	25	CS57	R2	0.0131717169483824	0	12
P06	7	26	CS58	R1	-0.00412067999541592	0	7
P06	7	27	CS60	R1	-0.00645665810687528	0	14
P06	7	28	CS62	R1	0.0110654192580235	0	7
P06	7	29	CS62	R2	0.00834627861303302	0	7
P06	8	1	CS41	R1	-0.00569360195829364	0	14
P06	8	2	CS41	R2	0.00262168377071664	0	14
P06	8	3	CS42	R1	-0.00236871659372671	0	14
P06	8	4	CS42	R2	0.0048955181181258	0	14
P06	8	5	CS43	R1	0.00531190521474514	0	14
P06	8	6	CS43	R2	-0.00486620401268111	0	14
P06	8	7	CS44	R1	-0.00184972387488618	0	14
P06	8	8	CS47	R1	-0.0104549905071015	0	14
P06	8	9	CS47	R2	0.00681605695181845	0	14
P06	8	10	CS48	R1	0.00215111961780319	0	14
P06	8	11	CS48	R2	0.01029445289247	0	14
P06	8	12	CS49	R1	-0.00122456608718714	0	12
P06	8	13	CS49	R2	0.0085595499200798	0	14
P06	8	14	CS51	R1	0.00404186894262973	0	14
P06	8	15	CS51	R2	0.00813184091995261	0	12
P06	8	16	CS53	R1	0.0110676014123093	0	12
P06	8	17	CS53	R2	-0.00572858941063721	0	8
P06	8	18	CS54	R1	0.00305967999107175	0	7
P06	8	19	CS54	R2	0.00104125299301368	0	7
P06	8	20	CS55	R1	-0.00518798957517077	0	14
P06	8	21	CS55	R2	-0.00202664741755445	0	14
P06	8	22	CS56	R1	-0.0102243307888696	0	12
P06	8	23	CS56	R2	0.00829350928785329	0	12
P06	8	24	CS57	R1	0.00945022518807401	0	12
P06	8	25	CS57	R2	0.000392680653256841	0	12
P06	8	26	CS58	R1	0.00190972979913579	0	7
P06	8	27	CS60	R1	0.000512628944789031	0	14
P06	8	28	CS62	R1	0.0103480252684775	0	7
P06	8	29	CS62	R2	0.0115575090953583	0	7
P06	9	1	CS41	R1	-0.0146745407698762	0	14
P06	9	2	CS41	R2	-0.00506139057616168	0	14
P06	9	3	CS42	R1	-0.00171076129169782	0	14
P06	9	4	CS42	R2	-0.00126726583502871	0	14
P06	9	5	CS43	R1	0.00881746238623721	0	14
P06	9	6	CS43	R2	0.00447391869134763	0	14
P06	9	7	CS44	R1	0.00638096305114698	0	14
P06	9	8	CS47	R1	-0.00518446041966181	0	14
P06	9	9	CS47	R2	0.000320227857896521	0	14
P06	9	10	CS48	R1	-0.0046022361543358	0	14
P06	9	11	CS48	R2	-0.000296347576691041	0	14
P06	9	12	CS49	R1	-0.00733252964779162	0	12
P06	9	13	CS49	R2	-0.00598475154625944	0	14
P06	9	14	CS51	R1	0.0148852607561748	0	14
P06	9	15	CS51	R2	-0.00587806081886174	0	12
P06	9	16	CS53	R1	0.00384247103159469	0	12
P06	9	17	CS53	R2	-0.00041441290954971	0	8
P06	9	18	CS54	R1	0.0203549187214228	0	7
P06	9	19	CS54	R2	0.000393082940660319	0	7
P06	9	20	CS55	R1	0.00126269165187945	0	14
P06	9	21	CS55	R2	-0.00363359779842322	0	14
P06	9	22	CS56	R1	0.0076291483524862	0	12
P06	9	23	CS56	R2	0.00736143768835988	0	12
P06	9	24	CS57	R1	0.00129941147391129	0	12
P06	9	25	CS57	R2	0.00447378193733789	0	12
P06	9	26	CS58	R1	0.00453910893708741	0	7
P06	9	27	CS60	R1	0.00417791165562215	0	14
P06	9	28	CS62	R1	-0.006875265336933	0	7
P06	9	29	CS62	R2	0.0085249625957036	0	7
P06	10	1	CS41	R1	-0.0063528141976899	0	14
P06	10	2	CS41	R2	-0.00595122030531032	0	14
P06	10	3	CS42	R1	0.0115958283858665	0	14
P06	10	4	CS42	R2	0.00520960162356015	0	14
P06	10	5	CS43	R1	0.00965270737248537	0	14
P06	10	6	CS43	R2	0.00222028009191678	0	14
P06	10	7	CS44	R1	0.00453801532491798	0	14
P06	10	8	CS47	R1	-0.00926132238261333	0	14
P06	10	9	CS47	R2	0.00880655173410769	0	14
P06	10	10	CS48	R1	0.00106187641024943	0	14
P06	10	11	CS48	R2	-0.00378519966917834	0	14
P06	10	12	CS49	R1	-0.00972680786109749	0	12
P06	10	13	CS49	R2	-0.00703897820854711	0	14
P06	10	14	CS51	R1	-0.00228953570060874	0	14
P06	10	15	CS51	R2	0.00331647814490928	0	12
P06	10	16	CS53	R1	0.000839886038427262	0	12
P06	10	17	CS53	R2	-0.00519946241779549	0	8
P06	10	18	CS54	R1	0.0015558675636142	0	7
P06	10	19	CS54	R2	-0.00464608974309248	0	7
P06	10	20	CS55	R1	-0.00377532768691213	0	14
P06	10	21	CS55	R2	0.0018548766502667	0	14
P06	10	22	CS56	R1	-0.00102745361044555	0	12
P06	10	23	CS56	R2	-0.00664746482425164	0	12
P06	10	24	CS57	R1	-0.00237381007527747	0	12
P06	10	25	CS57	R2	0.000381563594253464	0	12
P06	10	26	CS58	R1	-0.00529005893368653	0	7
P06	10	27	CS60	R1	0.00325949134985469	0	14
P06	10	28	CS62	R1	-0.00105874647374962	0	7
P06	10	29	CS62	R2	-0.0127240478292027	0	7
P06	11	1	CS41	R1	-0.00406363818812165	0	14
P06	11	2	CS41	R2	-0.00430215215567843	0	14
P06	11	3	CS42	R1	0.0031279117397547	0	14
P06	11	4	CS42	R2	0.0046699652942793	0	14
P06	11	5	CS43	R1	-0.00421201352688393	0	14
P06	11	6	CS43	R2	0.000722545477492264	0	14
P06	11	7	CS44	R1	-0.0029019739174418	0	14
P06	11	8	CS47	R1	-0.00557051987839969	0	14
P06	11	9	CS47	R2	-0.00395478007797478	0	14
P06	11	10	CS48	R1	0.00444239879251078	0	14
P06	11	11	CS48	R2	-0.002535412122321	0	14
P06	11	12	CS49	R1	-0.00885691225931141	0	12
P06	11	13	CS49	R2	0.0119515617304112	0	14
P06	11	14	CS51	R1	0.00899240248549194	0	14
P06	11	15	CS51	R2	0.00267480204100039	0	12
P06	11	16	CS53	R1	-0.0016668548055031	0	12
P06	11	17	CS53	R2	-0.000129881691777177	0	8
P06	11	18	CS54	R1	-0.0120308349569373	0	7
P06	11	19	CS54	R2	-0.00276574665879362	0	7
P06	11	20	CS55	R1	-0.00021615351219335	0	14
P06	11	21	CS55	R2	-0.00241437399101224	0	14
P06	11	22	CS56	R1	0.00262195254516373	0	12
P06	11	23	CS56	R2	-0.0106550892949655	0	12
P06	11	24	CS57	R1	-0.00566505713708042	0	12
P06	11	25	CS57	R2	-0.00898048018980463	0	12
P06	11	26	CS58	R1	0.0105130777563801	0	7
P06	11	27	CS60	R1	0.00202511315478044	0	14
P06	11	28	CS62	R1	0.00384683179099789	0	7
P06	11	29	CS62	R2	-0.00443760695528751	0	7
P06	12	1	CS41	R1	0.00823832067926386	0	14
P06	12	2	CS41	R2	0.00442402756757562	0	14
P06	12	3	CS42	R1	-0.00241491339292565	0	14
P06	12	4	CS42	R2	0.00459622775979154	0	14
P06	12	5	CS43	R1	-0.00412382090646908	0	14
P06	12	6	CS43	R2	0.000605442723414994	0	14
P06	12	7	CS44	R1	0.000565580406547083	0	14
P06	12	8	CS47	R1	-0.00523499884338943	0	14
P06	12	9	CS47	R2	-0.00434781347678017	0	14
P06	12	10	CS48	R1	-0.00169209692629353	0	14
P06	12	11	CS48	R2	0.00266583116107996	0	14
P06	12	12	CS49	R1	-0.00409825719397062	0	12
P06	12	13	CS49	R2	-0.00955580479357636	0	14
P06	12	14	CS51	R1	0.000124939465054877	0	14
P06	12	15	CS51	R2	-0.0102950787539596	0	12
P06	12	16	CS53	R1	0.0064314532501745	0	12
P06	12	17	CS53	R2	-0.0104539432929122	0	8
P06	12	18	CS54	R1	0.0155095390633972	0	7
P06	12	19	CS54	R2	-0.00236694301090505	0	7
P06	12	20	CS55	R1	-0.000208674505928448	0	14
P06	12	21	CS55	R2	-0.00513384777410904	0	14
P06	12	22	CS56	R1	-0.00794590421551807	0	12
P06	12	23	CS56	R2	0.00314686192480927	0	12
P06	12	24	CS57	R1	-0.000696594372120173	0	12
P06	12	25	CS57	R2	0.00418329327209397	0	12
P06	12	26	CS58	R1	0.00571583718337303	0	7
P06	12	27	CS60	R1	-0.000862007654686591	0	14
P06	12	28	CS62	R1	-0.00399574497069369	0	7
P06	12	29	CS62	R2	-0.0161359210951485	0	7
P06	13	1	CS41	R1	-0.00416368089986312	0	14
P06	13	2	CS41	R2	-0.00149804975944113	0	14
P06	13	3	CS42	R1	0.00145244826191737	0	14
P06	13	4	CS42	R2	0.00247857948758252	0	14
P06	13	5	CS43	R1	-0.00072612148740032	0	14
P06	13	6	CS43	R2	0.00303641938841939	0	14
P06	13	7	CS44	R1	0.0174454354726427	0	14
P06	13	8	CS47	R1	0.00742399999272514	0	14
P06	13	9	CS47	R2	0.00922176219533195	0	14
P06	13	10	CS48	R1	-0.0016193784164858	0	14
P06	13	11	CS48	R2	6.53927044098479e-05	0	14
P06	13	12	CS49	R1	0.00147073581143845	0	12
P06	13	13	CS49	R2	0.00297759618227832	0	14
P06	13	14	CS51	R1	0.00104678703310875	0	14
P06	13	15	CS51	R2	0.0048493226910134	0	12
P06	13	16	CS53	R1	-0.00906633864968557	0	12
P06	13	17	CS53	R2	-0.00460557432255649	0	8
P06	13	18	CS54	R1	0.00462482607898018	0	7
P06	13	19	CS54	R2	-0.00590203390535006	0	7
P06	13	20	CS55	R1	-0.00451823291362034	0	14
P06	13	21	CS55	R2	-0.000583116187824634	0	14
P06	13	22	CS56	R1	0.000524030868619825	0	12
P06	13	23	CS56	R2	-0.00176065418263357	0	12
P06	13	24	CS57	R1	0.00401576730084173	0	12
P06	13	25	CS57	R2	0.00867794271824092	0	12
P06	13	26	CS58	R1	0.00206339870927636	0	7
P06	13	27	CS60	R1	0.00162126073946616	0	14
P06	13	28	CS62	R1	0.00108125814586075	0	7
P06	13	29	CS62	R2	-0.0111336610992316	0	7
P06	14	1	CS41	R1	-0.00620446890503152	0	14
P06	14	2	CS41	R2	0.00362531362810429	0	14
P06	14	3	CS42	R1	-0.00558917359781891	0	14
P06	14	4	CS42	R2	-0.000279703918800616	0	14
P06	14	5	CS43	R1	-0.0036838806975837	0	14
P06	14	6	CS43	R2	0.00513523265383496	0	14
P06	14	7	CS44	R1	0.000941731780906057	0	14
P06	14	8	CS47	R1	-0.0064983328272282	0	14
P06	14	9	CS47	R2	0.00545253519755987	0	14
P06	14	10	CS48	R1	0.00450104984833381	0	14
P06	14	11	CS48	R2	-0.00469368294220361	0	14
P06	14	12	CS49	R1	-0.00249848928216555	0	12
P06	14	13	CS49	R2	-0.00845098960722392	0	14
P06	14	14	CS51	R1	-0.0004393527087123	0	14
P06	14	15	CS51	R2	-0.00766420600191941	0	12
P06	14	16	CS53	R1	0.00437687201347523	0	12
P06	14	17	CS53	R2	-0.0119418796437363	0	8
P06	14	18	CS54	R1	0.00564491875210561	0	7
P06	14	19	CS54	R2	-0.0164066244824963	0	7
P06	14	20	CS55	R1	0.00205043389582845	0	14
P06	14	21	CS55	R2	0.00105522620605299	0	14
P06	14	22	CS56	R1	-0.00276528575072772	0	12
P06	14	23	CS56	R2	0.0096732688379853	0	12
P06	14	24	CS57	R1	-0.00502054783977046	0	12
P06	14	25	CS57	R2	0.003006788979139	0	12
P06	14	26	CS58	R1	-0.00537588560561779	0	7
P06	14	27	CS60	R1	0.00682033861405754	0	14
P06	14	28	CS62	R1	-0.0084316138412345	0	7
P06	14	29	CS62	R2	-0.00120698112114255	0	7
P06	15	1	CS41	R1	-0.000880119996386068	0	14
P06	15	2	CS41	R2	-0.00108431183520533	0	14
P06	15	3	CS42	R1	-0.00255203289971507	0	14
P06	15	4	CS42	R2	0.00532412218405944	0	14
P06	15	5	CS43	R1	-0.00398830544573545	0	14
P06	15	6	CS43	R2	-0.00542606253952463	0	14
P06	15	7	CS44	R1	-0.00311433446385945	0	14
P06	15	8	CS47	R1	0.00192866052868352	0	14
P06	15	9	CS47	R2	0.00320518249357104	0	14
P06	15	10	CS48	R1	0.00589953559046633	0	14
P06	15	11	CS48	R2	0.004647829000329	0	14
P06	15	12	CS49	R1	-0.00773651623790476	0	12
P06	15	13	CS49	R2	-0.00170784640419721	0	14
P06	15	14	CS51	R1	-0.000435315970936295	0	14
P06	15	15	CS51	R2	0.00472852643838464	0	12
P06	15	16	CS53	R1	0.00332382848765604	0	12
P06	15	17	CS53	R2	0.00239914695355325	0	8
P06	15	18	CS54	R1	0.00325048235490016	0	7
P06	15	19	CS54	R2	0.00490964920457787	0	7
P06	15	20	CS55	R1	-0.00979960477504896	0	14
P06	15	21	CS55	R2	0.00617514835173362	0	14
P06	15	22	CS56	R1	-0.00140657388800775	0	12
P06	15	23	CS56	R2	-0.00720724894634568	0	12
P06	15	24	CS57	R1	0.000326968139501708	0	12
P06	15	25	CS57	R2	-0.00269884098314877	0	12
P06	15	26	CS58	R1	0.00254126553854291	0	7
P06	15	27	CS60	R1	0.00762802336028829	0	14
P06	15	28	CS62	R1	0.00884319309128335	0	7
P06	15	29	CS62	R2	0.00620469681231336	0	7
P06	16	1	CS41	R1	0.000261088159972618	0	14
P06	16	2	CS41	R2	-0.00401960137002406	0	14
P06	16	3	CS42	R1	-0.00645255268810489	0	14
P06	16	4	CS42	R2	-0.0107181135716046	0	14
P06	16	5	CS43	R1	0.00578550630805296	0	14
P06	16	6	CS43	R2	-0.00989038778478026	0	14
P06	16	7	CS44	R1	0.00173044070238265	0	14
P06	16	8	CS47	R1	-0.00591043649217178	0	14
P06	16	9	CS47	R2	-0.000551646203932401	0	14
P06	16	10	CS48	R1	0.00145122860510899	0	14
P06	16	11	CS48	R2	0.00209226207120044	0	14
P06	16	12	CS49	R1	-0.00687146050498665	0	12
P06	16	13	CS49	R2	-0.00287980363184066	0	14
P06	16	14	CS51	R1	-0.00761803721080673	0	14
P06	16	15	CS51	R2	-0.00339553374356028	0	12
P06	16	16	CS53	R1	-0.000477565746173775	0	12
P06	16	17	CS53	R2	-0.00282941027519013	0	8
P06	16	18	CS54	R1	-0.00463484420286749	0	7
P06	16	19	CS54	R2	0.00124552832535829	0	7
P06	16	20	CS55	R1	-0.00264894499189028	0	14
P06	16	21	CS55	R2	0.00280305553527966	0	14
P06	16	22	CS56	R1	-0.00125466311610642	0	12
P06	16	23	CS56	R2	0.00436858625801595	0	12
P06	16	24	CS57	R1	-0.00445011920670332	0	12
P06	16	25	CS57	R2	0.00059767779036384	0	12
P06	16	26	CS58	R1	0.00695882015406623	0	7
P06	16	27	CS60	R1	-0.000735353197655215	0	14
P06	16	28	CS62	R1	-0.0135800561730693	0	7
P06	16	29	CS62	R2	0.0104632513688673	0	7
P06	17	1	CS41	R1	-0.00371873341064046	0	14
P06	17	2	CS41	R2	-0.00576018036637145	0	14
P06	17	3	CS42	R1	-0.000337277893464002	0	14
P06	17	4	CS42	R2	0.0042269743997248	0	14
P06	17	5	CS43	R1	0.00896978126817274	0	14
P06	17	6	CS43	R2	0.00942097641687646	0	14
P06	17	7	CS44	R1	0.00755708031532663	0	14
P06	17	8	CS47	R1	-0.00457460976676656	0	14
P06	17	9	CS47	R2	0.00137152129816673	0	14
P06	17	10	CS48	R1	-0.00813741409151843	0	14
P06	17	11	CS48	R2	0.0127246158608422	0	14
P06	17	12	CS49	R1	-0.00432649382460149	0	12
P06	17	13	CS49	R2	0.00874295542983035	0	14
P06	17	14	CS51	R1	-0.0126713426188872	0	14
P06	17	15	CS51	R2	-0.00486017449626696	0	12
P06	17	16	CS53	R1	0.00505743000198526	0	12
P06	17	17	CS53	R2	0.00863406056621867	0	8
P06	17	18	CS54	R1	0.00370683754814356	0	7
P06	17	19	CS54	R2	0.000587881670670389	0	7
P06	17	20	CS55	R1	0.00521571865014907	0	14
P06	17	21	CS55	R2	0.00166321883199554	0	14
P06	17	22	CS56	R1	0.00964063515850647	0	12
P06	17	23	CS56	R2	-0.00243639252797949	0	12
P06	17	24	CS57	R1	0.00361552725310461	0	12
P06	17	25	CS57	R2	0.0118581282835624	0	12
P06	17	26	CS58	R1	-0.00273858054133702	0	7
P06	17	27	CS60	R1	0.000721223693290633	0	14
P06	17	28	CS62	R1	-0.000136430953272141	0	7
P06	17	29	CS62	R2	-0.00319943039152518	0	7
P06	18	1	CS41	R1	-0.00702182996749768	0	14
P06	18	2	CS41	R2	0.00272414409954114	0	14
P06	18	3	CS42	R1	-0.00689870216817753	0	14
P06	18	4	CS42	R2	-0.00056918398500711	0	14
P06	18	5	CS43	R1	-0.00439039953407346	0	14
P06	18	6	CS43	R2	-0.00256644952672742	0	14
P06	18	7	CS44	R1	-0.00577795841535387	0	14
P06	18	8	CS47	R1	-0.000122587928994735	0	14
P06	18	9	CS47	R2	-0.000609379420067853	0	14
P06	18	10	CS48	R1	0.00514473437579984	0	14
P06	18	11	CS48	R2	0.0046656833058588	0	14
P06	18	12	CS49	R1	-0.0116968103188877	0	12
P06	18	13	CS49	R2	-0.00404709309474866	0	14
P06	18	14	CS51	R1	-0.0056267423918008	0	14
P06	18	15	CS51	R2	0.00452416194390851	0	12
P06	18	16	CS53	R1	0.000781561780082163	0	12
P06	18	17	CS53	R2	0.0109472502494551	0	8
P06	18	18	CS54	R1	-0.00650117378357415	0	7
P06	18	19	CS54	R2	-0.0105569227745648	0	7
P06	18	20	CS55	R1	-0.00178394129616486	0	14
P06	18	21	CS55	R2	0.00531737945043138	0	14
P06	18	22	CS56	R1	-0.00380531977552506	0	12
P06	18	23	CS56	R2	0.00018253351950131	0	12
P06	18	24	CS57	R1	-0.00548731813812889	0	12
P06	18	25	CS57	R2	-0.0181641460390679	0	12
P06	18	26	CS58	R1	-0.00868581601403074	0	7
P06	18	27	CS60	R1	0.00148881607983927	0	14
P06	18	28	CS62	R1	-0.00443984513104802	0	7
P06	18	29	CS62	R2	0.00723942298646288	0	7
P06	19	1	CS41	R1	0.00276846946381867	0	14
P06	19	2	CS41	R2	0.00179001069455489	0	14
P06	19	3	CS42	R1	0.00466173074907171	0	14
P06	19	4	CS42	R2	-0.00390194163078826	0	14
P06	19	5	CS43	R1	-0.00175924032251573	0	14
P06	19	6	CS43	R2	-0.00431821019700861	0	14
P06	19	7	CS44	R1	0.00190907675222836	0	14
P06	19	8	CS47	R1	-0.00139544206210728	0	14
P06	19	9	CS47	R2	-0.00552600833616035	0	14
P06	19	10	CS48	R1	0.0087375621184386	0	14
P06	19	11	CS48	R2	-0.00237849745398967	0	14
P06	19	12	CS49	R1	-0.0168482982004738	0	12
P06	19	13	CS49	R2	0.00459745708642814	0	14
P06	19	14	CS51	R1	0.00112002247217059	0	14
P06	19	15	CS51	R2	0.00368241074778587	0	12
P06	19	16	CS53	R1	-0.0007326336099822	0	12
P06	19	17	CS53	R2	0.0119655832045515	0	8
P06	19	18	CS54	R1	0.00588531719445103	0	7
P06	19	19	CS54	R2	-0.00305569680842187	0	7
P06	19	20	CS55	R1	0.000369732664026275	0	14
P06	19	21	CS55	R2	0.00106302120409148	0	14
P06	19	22	CS56	R1	-0.000948506348844494	0	12
P06	19	23	CS56	R2	-0.00824370439730994	0	12
P06	19	24	CS57	R1	0.000426451459153475	0	12
P06	19	25	CS57	R2	0.000165270031232674	0	12
P06	19	26	CS58	R1	0.00277372239943187	0	7
P06	19	27	CS60	R1	-0.00251576237244234	0	14
P06	19	28	CS62	R1	-0.0134083641074128	0	7
P06	19	29	CS62	R2	-0.00635059426267348	0	7
P06	20	1	CS41	R1	0.00946653828402612	0	14
P06	20	2	CS41	R2	0.00640039324546796	0	14
P06	20	3	CS42	R1	0.00416274740680878	0	14
P06	20	4	CS42	R2	0.00165502821007387	0	14
P06	20	5	CS43	R1	0.00311714518547373	0	14
P06	20	6	CS43	R2	0.013240805670705	0	14
P06	20	7	CS44	R1	0.0104922566152903	0	14
P06	20	8	CS47	R1	-0.0112471158508128	0	14
P06	20	9	CS47	R2	-0.00789378977261553	0	14
P06	20	10	CS48	R1	-0.00513410381085749	0	14
P06	20	11	CS48	R2	0.00359185307411804	0	14
P06	20	12	CS49	R1	-0.00359747663660086	0	12
P06	20	13	CS49	R2	0.0128895748323079	0	14
P06	20	14	CS51	R1	-0.00611803229224136	0	14
P06	20	15	CS51	R2	0.00315672070629332	0	12
P06	20	16	CS53	R1	4.00921534013984e-05	0	12
P06	20	17	CS53	R2	-0.00274274195226316	0	8
P06	20	18	CS54	R1	-0.000187556240083147	0	7
P06	20	19	CS54	R2	0.00418600152775159	0	7
P06	20	20	CS55	R1	0.00549302748230397	0	14
P06	20	21	CS55	R2	-0.00636338965690264	0	14
P06	20	22	CS56	R1	-0.0119767613524728	0	12
P06	20	23	CS56	R2	-0.00254191372651674	0	12
P06	20	24	CS57	R1	0.00856404692888931	0	12
P06	20	25	CS57	R2	0.00532362729239274	0	12
P06	20	26	CS58	R1	0.0101236861569023	0	7
P06	20	27	CS60	R1	0.0137039207259463	0	14
P06	20	28	CS62	R1	-0.00307643100040211	0	7
P06	20	29	CS62	R2	-0.00497658680454499	0	7
P06	21	1	CS41	R1	0.00626683799814948	0	14
P06	21	2	CS41	R2	-0.00542662276088098	0	14
P06	21	3	CS42	R1	0.00208863501067479	0	14
P06	21	4	CS42	R2	0.0106192991828555	0	14
P06	21	5	CS43	R1	0.0026509665853199	0	14
P06	21	6	CS43	R2	-0.00111680119327572	0	14
P06	21	7	CS44	R1	0.00510122860238692	0	14
P06	21	8	CS47	R1	-0.00238844344437913	0	14
P06	21	9	CS47	R2	-0.00314191005009643	0	14
P06	21	10	CS48	R1	-0.00326278442436497	0	14
P06	21	11	CS48	R2	-0.00323052619764209	0	14
P06	21	12	CS49	R1	-0.0114663263254378	0	12
P06	21	13	CS49	R2	-0.00674308808694385	0	14
P06	21	14	CS51	R1	0.00170710524629291	0	14
P06	21	15	CS51	R2	0.00261283283773091	0	12
P06	21	16	CS53	R1	-0.00498791982177266	0	12
P06	21	17	CS53	R2	0.00519152608205382	0	8
P06	21	18	CS54	R1	-0.0133284712933844	0	7
P06	21	19	CS54	R2	0.00763321408465482	0	7
P06	21	20	CS55	R1	-0.00228744707934878	0	14
P06	21	21	CS55	R2	0.0014779651493016	0	14
P06	21	22	CS56	R1	-0.00259441987093292	0	12
P06	21	23	CS56	R2	0.00390599753008418	0	12
P06	21	24	CS57	R1	-0.0120339858236645	0	12
P06	21	25	CS57	R2	0.00307326166989156	0	12
P06	21	26	CS58	R1	0.0170367172676555	0	7
P06	21	27	CS60	R1	0.000257971169363046	0	14
P06	21	28	CS62	R1	0.0130497414876897	0	7
P06	21	29	CS62	R2	0.0061290679689835	0	7
P06	22	1	CS41	R1	-0.00344019316548746	0	14
P06	22	2	CS41	R2	0.00424080355552544	0	14
P06	22	3	CS42	R1	0.00161492686827914	0	14
P06	22	4	CS42	R2	0.00280440358631387	0	14
P06	22	5	CS43	R1	-0.000705115840031169	0	14
P06	22	6	CS43	R2	-0.00488129900587438	0	14
P06	22	7	CS44	R1	0.00340164054671424	0	14
P06	22	8	CS47	R1	0.0053430963916725	0	14
P06	22	9	CS47	R2	0.00550021975916031	0	14
P06	22	10	CS48	R1	-0.000287287802103104	0	14
P06	22	11	CS48	R2	-0.00485803237398627	0	14
P06	22	12	CS49	R1	-0.0028486182108689	0	12
P06	22	13	CS49	R2	-0.0040453033781924	0	14
P06	22	14	CS51	R1	0.0026918170188287	0	14
P06	22	15	CS51	R2	-0.00426188663443887	0	12
P06	22	16	CS53	R1	-0.00192810657725203	0	12
P06	22	17	CS53	R2	0.0216416375075774	0	8
P06	22	18	CS54	R1	-0.0136855872218052	0	7
P06	22	19	CS54	R2	-0.00620136600474029	0	7
P06	22	20	CS55	R1	-0.00453360320662194	0	14
P06	22	21	CS55	R2	-0.000104030902142828	0	14
P06	22	22	CS56	R1	-0.00197915170933534	0	12
P06	22	23	CS56	R2	-0.0068256329621277	0	12
P06	22	24	CS57	R1	-0.00259547821007959	0	12
P06	22	25	CS57	R2	-0.00618991890262208	0	12
P06	22	26	CS58	R1	-0.00599043828636354	0	7
P06	22	27	CS60	R1	0.00696428638413617	0	14
P06	22	28	CS62	R1	-0.00801767093409803	0	7
P06	22	29	CS62	R2	0.00764764908090003	0	7
P06	23	1	CS41	R1	4.73486314928745e-06	0	14
P06	23	2	CS41	R2	0.00174546502666559	0	14
P06	23	3	CS42	R1	0.0033226132047932	0	14
P06	23	4	CS42	R2	-0.0012873555909366	0	14
P06	23	5	CS43	R1	-0.00155565377168595	0	14
P06	23	6	CS43	R2	0.00400836484377426	0	14
P06	23	7	CS44	R1	-0.000345246614913446	0	14
P06	23	8	CS47	R1	0.00716058976009892	0	14
P06	23	9	CS47	R2	0.00291000738339119	0	14
P06	23	10	CS48	R1	-0.00589533631641236	0	14
P06	23	11	CS48	R2	-0.000152285917875371	0	14
P06	23	12	CS49	R1	0.00742319191674652	0	12
P06	23	13	CS49	R2	0.00343314813177248	0	14
P06	23	14	CS51	R1	0.0123169637508137	0	14
P06	23	15	CS51	R2	-1.1095267165183e-05	0	12
P06	23	16	CS53	R1	-0.0116151664170782	0	12
P06	23	17	CS53	R2	0.0138306838511356	0	8
P06	23	18	CS54	R1	0.00437887785512098	0	7
P06	23	19	CS54	R2	0.00431609622209018	0	7
P06	23	20	CS55	R1	0.00444337805902706	0	14
P06	23	21	CS55	R2	0.00782218267356566	0	14
P06	23	22	CS56	R1	0.00130353646886238	0	12
P06	23	23	CS56	R2	0.00271166299659778	0	12
P06	23	24	CS57	R1	0.00470863019495396	0	12
P06	23	25	CS57	R2	-0.00502055329486716	0	12
P06	23	26	CS58	R1	-0.0152631976046783	0	7
P06	23	27	CS60	R1	-0.00237464887863675	0	14
P06	23	28	CS62	R1	-0.0065400500115117	0	7
P06	23	29	CS62	R2	-0.00275433930278088	0	7
P06	24	1	CS41	R1	0.00494175056048672	0	14
P06	24	2	CS41	R2	0.00769235301755688	0	14
P06	24	3	CS42	R1	0.00789356872555448	0	14
P06	24	4	CS42	R2	0.00392992175773712	0	14
P06	24	5	CS43	R1	0.0125250336782644	0	14
P06	24	6	CS43	R2	0.0082810192667708	0	14
P06	24	7	CS44	R1	-0.00216875291141881	0	14
P06	24	8	CS47	R1	-0.0107555752402623	0	14
P06	24	9	CS47	R2	-0.00151872320789996	0	14
P06	24	10	CS48	R1	0.00582977666748003	0	14
P06	24	11	CS48	R2	-0.00241108909198621	0	14
P06	24	12	CS49	R1	0.00983701711146424	0	12
P06	24	13	CS49	R2	0.000779195798131929	0	14
P06	24	14	CS51	R1	-0.00228148211131788	0	14
P06	24	15	CS51	R2	-0.00390027738601204	0	12
P06	24	16	CS53	R1	0.00541714206445604	0	12
P06	24	17	CS53	R2	-1.4070688211636e-05	0	8
P06	24	18	CS54	R1	-0.0100829859748245	0	7
P06	24	19	CS54	R2	1.11369797170297e-06	0	7
P06	24	20	CS55	R1	-0.00191552771017588	0	14
P06	24	21	CS55	R2	0.00847463937049562	0	14
P06	24	22	CS56	R1	-0.00128363643155174	0	12
P06	24	23	CS56	R2	-0.000872141171859243	0	12
P06	24	24	CS57	R1	0.000686936150268432	0	12
P06	24	25	CS57	R2	0.0134465569680747	0	12
P06	24	26	CS58	R1	0.00777608599031998	0	7
P06	24	27	CS60	R1	-0.00105057469446308	0	14
P06	24	28	CS62	R1	0.00846169364100319	0	7
P06	24	29	CS62	R2	0.00238594474598507	0	7
P06	25	1	CS41	R1	-0.00115589387017957	0	14
P06	25	2	CS41	R2	0.000510377531805947	0	14
P06	25	3	CS42	R1	0.00216549451262694	0	14
P06	25	4	CS42	R2	-0.00364561761454409	0	14
P06	25	5	CS43	R1	0.00716550442824221	0	14
P06	25	6	CS43	R2	0.000567413979824399	0	14
P06	25	7	CS44	R1	0.000462388985939338	0	14
P06	25	8	CS47	R1	-0.00531837577661573	0	14
P06	25	9	CS47	R2	-0.00363675963930917	0	14
P06	25	10	CS48	R1	0.00748533448352804	0	14
P06	25	11	CS48	R2	-0.0012385428178365	0	14
P06	25	12	CS49	R1	0.0063093756627994	0	12
P06	25	13	CS49	R2	-0.0129933207390923	0	14
P06	25	14	CS51	R1	-0.00939927867886002	0	14
P06	25	15	CS51	R2	-0.00897426452270518	0	12
P06	25	16	CS53	R1	-0.0057077434339786	0	12
P06	25	17	CS53	R2	0.00229352924925781	0	8
P06	25	18	CS54	R1	0.00433122191078342	0	7
P06	25	19	CS54	R2	5.041908936525e-05	0	7
P06	25	20	CS55	R1	-0.000592098968382478	0	14
P06	25	21	CS55	R2	-0.0110686053618478	0	14
P06	25	22	CS56	R1	0.00137901280695922	0	12
P06	25	23	CS56	R2	-0.00677484386570663	0	12
P06	25	24	CS57	R1	0.000912482214526121	0	12
P06	25	25	CS57	R2	0.00321342802998558	0	12
P06	25	26	CS58	R1	-0.00291963925757879	0	7
P06	25	27	CS60	R1	0.00025007015990038	0	14
P06	25	28	CS62	R1	-0.00827929949027647	0	7
P06	25	29	CS62	R2	0.00850564907648291	0	7
P06	26	1	CS41	R1	0.000600590594176937	0	14
P06	26	2	CS41	R2	0.00682513363635604	0	14
P06	26	3	CS42	R1	-0.00152936188675032	0	14
P06	26	4	CS42	R2	-0.00375066045693674	0	14
P06	26	5	CS43	R1	0.0023600235359301	0	14
P06	26	6	CS43	R2	0.00451456189454317	0	14
P06	26	7	CS44	R1	-0.00190652658920164	0	14
P06	26	8	CS47	R1	0.00300599109349754	0	14
P06	26	9	CS47	R2	0.0025511462655817	0	14
P06	26	10	CS48	R1	0.00435911082736043	0	14
P06	26	11	CS48	R2	-0.00335135620148106	0	14
P06	26	12	CS49	R1	-0.00175617454977505	0	12
P06	26	13	CS49	R2	0.00275745770546622	0	14
P06	26	14	CS51	R1	0.00154325316304386	0	14
P06	26	15	CS51	R2	0.0136905237160196	0	12
P06	26	16	CS53	R1	-0.00151695764568581	0	12
P06	26	17	CS53	R2	0.000872411447677758	0	8
P06	26	18	CS54	R1	0.00475276734429974	0	7
P06	26	19	CS54	R2	0.00038660336016298	0	7
P06	26	20	CS55	R1	-0.00489192467328375	0	14
P06	26	21	CS55	R2	0.00598630978036259	0	14
P06	26	22	CS56	R1	-0.011811581516341	0	12
P06	26	23	CS56	R2	0.00220222455105513	0	12
P06	26	24	CS57	R1	0.0114741904781114	0	12
P06	26	25	CS57	R2	-0.0019299261297114	0	12
P06	26	26	CS58	R1	0.00529145885900039	0	7
P06	26	27	CS60	R1	0.00428016564254217	0	14
P06	26	28	CS62	R1	-0.00522479915166848	0	7
P06	26	29	CS62	R2	-0.0077685060722852	0	7
P06	27	1	CS41	R1	-0.00470635819613285	0	14
P06	27	2	CS41	R2	-0.00183745593229103	0	14
P06	27	3	CS42	R1	-0.0135943740208048	0	14
P06	27	4	CS42	R2	0.00205468786509932	0	14
P06	27	5	CS43	R1	0.00697219540134857	0	14
P06	27	6	CS43	R2	0.000834716837770322	0	14
P06	27	7	CS44	R1	0.00222158301870232	0	14
P06	27	8	CS47	R1	0.00927940385842333	0	14
P06	27	9	CS47	R2	-0.00973408767834681	0	14
P06	27	10	CS48	R1	-0.00611584881900167	0	14
P06	27	11	CS48	R2	0.0033024208663515	0	14
P06	27	12	CS49	R1	0.00322003694968518	0	12
P06	27	13	CS49	R2	-0.00398661923386429	0	14
P06	27	14	CS51	R1	0.00590156722874596	0	14
P06	27	15	CS51	R2	-0.00200215636987366	0	12
P06	27	16	CS53	R1	0.00124291772471713	0	12
P06	27	17	CS53	R2	-0.00949721228744698	0	8
P06	27	18	CS54	R1	0.00897424738456123	0	7
P06	27	19	CS54	R2	0.00229645022257361	0	7
P06	27	20	CS55	R1	-0.00271608220651319	0	14
P06	27	21	CS55	R2	-0.0079749942854633	0	14
P06	27	22	CS56	R1	0.00325987960959339	0	12
P06	27	23	CS56	R2	0.00455335569116269	0	12
P06	27	24	CS57	R1	0.00303291971689344	0	12
P06	27	25	CS57	R2	0.000577727090607565	0	12
P06	27	26	CS58	R1	0.00698614240228339	0	7
P06	27	27	CS60	R1	-0.0124643466543553	0	14
P06	27	28	CS62	R1	-0.00255399654719687	0	7
P06	27	29	CS62	R2	0.000691799535621377	0	7
P06	28	1	CS41	R1	-0.00681961280129684	0	14
P06	28	2	CS41	R2	0.010117459136491	0	14
P06	28	3	CS42	R1	0.00371751616821535	0	14
P06	28	4	CS42	R2	0.00330841157871323	0	14
P06	28	5	CS43	R1	-0.00375943120918847	0	14
P06	28	6	CS43	R2	-0.0077587413898069	0	14
P06	28	7	CS44	R1	0.00230115445275699	0	14
P06	28	8	CS47	R1	0.00481040064211479	0	14
P06	28	9	CS47	R2	0.00133127780086869	0	14
P06	28	10	CS48	R1	0.00345463775124182	0	14
P06	28	11	CS48	R2	-0.00121563844889616	0	14
P06	28	12	CS49	R1	0.00412013795726182	0	12
P06	28	13	CS49	R2	-0.0056565829956192	0	14
P06	28	14	CS51	R1	0.00263069168538054	0	14
P06	28	15	CS51	R2	0.00304939649560688	0	12
P06	28	16	CS53	R1	0.00376503123220742	0	12
P06	28	17	CS53	R2	-0.00622939350204574	0	8
P06	28	18	CS54	R1	-0.00617992219279898	0	7
P06	28	19	CS54	R2	-0.00426093570162183	0	7
P06	28	20	CS55	R1	0.00464321558984798	0	14
P06	28	21	CS55	R2	-0.00761295976502702	0	14
P06	28	22	CS56	R1	-0.00578529008300979	0	12
P06	28	23	CS56	R2	-0.00815909359991814	0	12
P06	28	24	CS57	R1	-0.000566090107798144	0	12
P06	28	25	CS57	R2	0.00132647870770727	0	12
P06	28	26	CS58	R1	0.00440237760409035	0	7
P06	28	27	CS60	R1	0.00508023524465094	0	14
P06	28	28	CS62	R1	-0.00361086697059293	0	7
P06	28	29	CS62	R2	-0.00107278812667074	0	7
P06	29	1	CS41	R1	0.00129263280604483	0	14
P06	29	2	CS41	R2	0.00460071770822125	0	14
P06	29	3	CS42	R1	0.00693205490657979	0	14
P06	29	4	CS42	R2	0.00815441714093509	0	14
P06	29	5	CS43	R1	-0.00442851397337977	0	14
P06	29	6	CS43	R2	0.00733878709791158	0	14
P06	29	7	CS44	R1	-0.00112667821455038	0	14
P06	29	8	CS47	R1	0.00349641206203332	0	14
P06	29	9	CS47	R2	-0.00958318972466785	0	14
P06	29	10	CS48	R1	-0.00638141767423562	0	14
P06	29	11	CS48	R2	-0.00694668493799207	0	14
P06	29	12	CS49	R1	0.00271178026561009	0	12
P06	29	13	CS49	R2	0.0109566379684014	0	14
P06	29	14	CS51	R1	0.00241008111530089	0	14
P06	29	15	CS51	R2	0.00875911893486471	0	12
P06	29	16	CS53	R1	0.00402457425842539	0	12
P06	29	17	CS53	R2	0.00544703188612501	0	8
P06	29	18	CS54	R1	0.00449490231274367	0	7
P06	29	19	CS54	R2	0.0136823128820585	0	7
P06	29	20	CS55	R1	-0.00706717761947019	0	14
P06	29	21	CS55	R2	-0.000338125459522337	0	14
P06	29	22	CS56	R1	-0.00227326345037883	0	12
P06	29	23	CS56	R2	-0.00612023888647755	0	12
P06	29	24	CS57	R1	0.00435519276301278	0	12
P06	29	25	CS57	R2	-0.00029049965013773	0	12
P06	29	26	CS58	R1	0.000735742100070803	0	7
P06	29	27	CS60	R1	0.00097297676527024	0	14
P06	29	28	CS62	R1	-0.0114438551768819	0	7
P06	29	29	CS62	R2	-0.00329675510348526	0	7
P06	30	1	CS41	R1	0.00598311379690495	0	14
P06	30	2	CS41	R2	0.00153124400399461	0	14
P06	30	3	CS42	R1	-0.00793069408505259	0	14
P06	30	4	CS42	R2	-0.00150006464422815	0	14
P06	30	5	CS43	R1	-0.00913175343743183	0	14
P06	30	6	CS43	R2	0.00795228918165663	0	14
P06	30	7	CS44	R1	-0.00555534454123879	0	14
P06	30	8	CS47	R1	-0.000656229391023463	0	14
P06	30	9	CS47	R2	0.00112834366847664	0	14
P06	30	10	CS48	R1	0.015983652285557	0	14
P06	30	11	CS48	R2	0.00251159926085163	0	14
P06	30	12	CS49	R1	0.00936924203306659	0	12
P06	30	13	CS49	R2	0.00794205136064288	0	14
P06	30	14	CS51	R1	0.00438481358697769	0	14
P06	30	15	CS51	R2	0.00877096929350124	0	12
P06	30	16	CS53	R1	0.00417254242426013	0	12
P06	30	17	CS53	R2	-0.00303280574851818	0	8
P06	30	18	CS54	R1	0.00423279546508706	0	7
P06	30	19	CS54	R2	-0.0052628424453425	0	7
P06	30	20	CS55	R1	-0.00493217224556811	0	14
P06	30	21	CS55	R2	0.00724043109597245	0	14
P06	30	22	CS56	R1	-0.00663522099339259	0	12
P06	30	23	CS56	R2	-0.0126141365907953	0	12
P06	30	24	CS57	R1	0.000415324278560442	0	12
P06	30	25	CS57	R2	-0.00432642301875055	0	12
P06	30	26	CS58	R1	-0.00370230109419319	0	7
P06	30	27	CS60	R1	-0.00732354095831692	0	14
P06	30	28	CS62	R1	-0.0169362473227426	0	7
P06	30	29	CS62	R2	0.00695063164680304	0	7
P06	31	1	CS41	R1	0.00506657769073793	0	14
P06	31	2	CS41	R2	-0.000193016717248375	0	14
P06	31	3	CS42	R1	-0.000815285546064457	0	14
P06	31	4	CS42	R2	-0.000975185171408296	0	14
P06	31	5	CS43	R1	-0.000263038290256299	0	14
P06	31	6	CS43	R2	-0.00238380132797056	0	14
P06	31	7	CS44	R1	-0.000101916705510028	0	14
P06	31	8	CS47	R1	0.00243234875892163	0	14
P06	31	9	CS47	R2	0.00439467315264704	0	14
P06	31	10	CS48	R1	-0.013429811549586	0	14
P06	31	11	CS48	R2	-0.00760351020036499	0	14
P06	31	12	CS49	R1	-0.00407065402433624	0	12
P06	31	13	CS49	R2	0.00168343840023275	0	14
P06	31	14	CS51	R1	-0.00135253914848438	0	14
P06	31	15	CS51	R2	-0.00586208438021241	0	12
P06	31	16	CS53	R1	-0.00196755123411787	0	12
P06	31	17	CS53	R2	-0.00974217953436672	0	8
P06	31	18	CS54	R1	0.00750757478832914	0	7
P06	31	19	CS54	R2	-0.00372755453680526	0	7
P06	31	20	CS55	R1	0.00236836937123807	0	14
P06	31	21	CS55	R2	-0.00516115868876181	0	14
P06	31	22	CS56	R1	-0.0140528985127642	0	12
P06	31	23	CS56	R2	-0.00382702313606894	0	12
P06	31	24	CS57	R1	-0.00564244021459289	0	12
P06	31	25	CS57	R2	-0.00054074766342642	0	12
P06	31	26	CS58	R1	0.00275879654557558	0	7
P06	31	27	CS60	R1	-0.0105280100368858	0	14
P06	31	28	CS62	R1	0.00672853652286216	0	7
P06	31	29	CS62	R2	-0.000221066160605006	0	7
P06	32	1	CS41	R1	-0.00428509385053276	0	14
P06	32	2	CS41	R2	0.00966414158872305	0	14
P06	32	3	CS42	R1	0.00962409163575786	0	14
P06	32	4	CS42	R2	-0.0101785881723513	0	14
P06	32	5	CS43	R1	0.00591008998793308	0	14
P06	32	6	CS43	R2	0.000544532384515538	0	14
P06	32	7	CS44	R1	-0.00235381475659197	0	14
P06	32	8	CS47	R1	0.00119653645193476	0	14
P06	32	9	CS47	R2	0.00219828270805208	0	14
P06	32	10	CS48	R1	0.00241502266105134	0	14
P06	32	11	CS48	R2	0.00222612902625064	0	14
P06	32	12	CS49	R1	0.00543173571208257	0	12
P06	32	13	CS49	R2	-0.00302804653965392	0	14
P06	32	14	CS51	R1	-0.0109216895184981	0	14
P06	32	15	CS51	R2	0.0148611342321027	0	12
P06	32	16	CS53	R1	-4.97223357230282e-05	0	12
P06	32	17	CS53	R2	0.0188732718988305	0	8
P06	32	18	CS54	R1	0.00424019676769584	0	7
P06	32	19	CS54	R2	-0.010396007607224	0	7
P06	32	20	CS55	R1	0.0046143943955989	0	14
P06	32	21	CS55	R2	-0.00441904929270701	0	14
P06	32	22	CS56	R1	-0.0089016213013862	0	12
P06	32	23	CS56	R2	0.014279346679024	0	12
P06	32	24	CS57	R1	0.00292823874010594	0	12
P06	32	25	CS57	R2	-0.00643087761820869	0	12
P06	32	26	CS58	R1	-0.0115804574589675	0	7
P06	32	27	CS60	R1	-0.00529841739022081	0	14
P06	32	28	CS62	R1	-0.00436878732495034	0	7
P06	32	29	CS62	R2	0.00209184926174827	0	7
P06	33	1	CS41	R1	0.00733036844889423	0	14
P06	33	2	CS41	R2	-0.00984707602255064	0	14
P06	33	3	CS42	R1	0.00036307991265485	0	14
P06	33	4	CS42	R2	-0.00714149697584227	0	14
P06	33	5	CS43	R1	0.00357224233476073	0	14
P06	33	6	CS43	R2	-0.00090812082602924	0	14
P06	33	7	CS44	R1	0.00744718777366262	0	14
P06	33	8	CS47	R1	-0.00648721629636991	0	14
P06	33	9	CS47	R2	-0.000324708490519063	0	14
P06	33	10	CS48	R1	0.000644768624375484	0	14
P06	33	11	CS48	R2	-0.00429382938104438	0	14
P06	33	12	CS49	R1	0.00214817492496072	0	12
P06	33	13	CS49	R2	-0.000370133417168286	0	14
P06	33	14	CS51	R1	-0.00272741717301269	0	14
P06	33	15	CS51	R2	0.000902339754769022	0	12
P06	33	16	CS53	R1	0.00317268518466987	0	12
P06	33	17	CS53	R2	0.000614324092139762	0	8
P06	33	18	CS54	R1	0.00318760524367945	0	7
P06	33	19	CS54	R2	-0.00168134765540595	0	7
P06	33	20	CS55	R1	0.000139488032196019	0	14
P06	33	21	CS55	R2	0.0100179300258412	0	14
P06	33	22	CS56	R1	-0.000240788872014875	0	12
P06	33	23	CS56	R2	-0.0044845417317342	0	12
P06	33	24	CS57	R1	0.00662514192917216	0	12
P06	33	25	CS57	R2	-0.0110923736279853	0	12
P06	33	26	CS58	R1	-0.00613777144719853	0	7
P06	33	27	CS60	R1	-0.00439355091649168	0	14
P06	33	28	CS62	R1	-0.0139668146522121	0	7
P06	33	29	CS62	R2	-0.0199326630250475	0	7
P06	34	1	CS41	R1	-0.00224077494558308	0	14
P06	34	2	CS41	R2	-0.00676825280668522	0	14
P06	34	3	CS42	R1	0.0119206326370325	0	14
P06	34	4	CS42	R2	0.00252863709586099	0	14
P06	34	5	CS43	R1	0.00643701751589225	0	14
P06	34	6	CS43	R2	-0.00171153875014226	0	14
P06	34	7	CS44	R1	0.00959440253872913	0	14
P06	34	8	CS47	R1	0.00198467751028742	0	14
P06	34	9	CS47	R2	0.0126078037001908	0	14
P06	34	10	CS48	R1	0.00361706683897063	0	14
P06	34	11	CS48	R2	-0.00253808889622067	0	14
P06	34	12	CS49	R1	0.000386921717356389	0	12
P06	34	13	CS49	R2	-0.000191409567479996	0	14
P06	34	14	CS51	R1	0.00145943230681469	0	14
P06	34	15	CS51	R2	0.00495668411443719	0	12
P06	34	16	CS53	R1	0.000502834156417251	0	12
P06	34	17	CS53	R2	0.0144128073309039	0	8
P06	34	18	CS54	R1	-0.0136621581148247	0	7
P06	34	19	CS54	R2	0.0080131770165661	0	7
P06	34	20	CS55	R1	0.0128461403438813	0	14
P06	34	21	CS55	R2	0.00746701821476102	0	14
P06	34	22	CS56	R1	-0.00187552298656396	0	12
P06	34	23	CS56	R2	-0.01092176216481	0	12
P06	34	24	CS57	R1	-0.00719416575802848	0	12
P06	34	25	CS57	R2	0.00364102373365221	0	12
P06	34	26	CS58	R1	0.00739271701210673	0	7
P06	34	27	CS60	R1	-0.000420397402350177	0	14
P06	34	28	CS62	R1	-0.00686055077109326	0	7
P06	34	29	CS62	R2	-0.00130858452572098	0	7
P06	35	1	CS41	R1	0.0132029223103681	0	14
P06	35	2	CS41	R2	0.00630270981963767	0	14
P06	35	3	CS42	R1	0.000948339696004355	0	14
P06	35	4	CS42	R2	0.00937841277784107	0	14
P06	35	5	CS43	R1	-0.0084062205943831	0	14
P06	35	6	CS43	R2	0.00803021295091895	0	14
P06	35	7	CS44	R1	0.00738693377982617	0	14
P06	35	8	CS47	R1	-0.00851032150443126	0	14
P06	35	9	CS47	R2	0.00181847979975856	0	14
P06	35	10	CS48	R1	-0.000300066009339366	0	14
P06	35	11	CS48	R2	0.00495704354277098	0	14
P06	35	12	CS49	R1	-0.000708946450511746	0	12
P06	35	13	CS49	R2	-0.0100250332595949	0	14
P06	35	14	CS51	R1	0.00299416773214089	0	14
P06	35	15	CS51	R2	0.0159502046287368	0	12
P06	35	16	CS53	R1	-0.00384233290389301	0	12
P06	35	17	CS53	R2	0.00591009230766571	0	8
P06	35	18	CS54	R1	0.00664254333293388	0	7
P06	35	19	CS54	R2	0.00887967559768924	0	7
P06	35	20	CS55	R1	0.0156251105544314	0	14
P06	35	21	CS55	R2	-0.00127410829270726	0	14
P06	35	22	CS56	R1	0.00624147660453328	0	12
P06	35	23	CS56	R2	0.0126831820842644	0	12
P06	35	24	CS57	R1	-0.00970252327695852	0	12
P06	35	25	CS57	R2	0.00829923127612079	0	12
P06	35	26	CS58	R1	0.0054006654716212	0	7
P06	35	27	CS60	R1	-0.00266198944612456	0	14
P06	35	28	CS62	R1	-0.00591905183540597	0	7
P06	35	29	CS62	R2	-0.00257854976727881	0	7
P06	36	1	CS41	R1	-0.00380023018243645	0	14
P06	36	2	CS41	R2	-0.00181574170129477	0	14
P06	36	3	CS42	R1	0.00166908556345914	0	14
P06	36	4	CS42	R2	0.00716697370911611	0	14
P06	36	5	CS43	R1	0.00618247462543326	0	14
P06	36	6	CS43	R2	0.00229086058153505	0	14
P06	36	7	CS44	R1	0.0130271889424712	0	14
P06	36	8	CS47	R1	0.00141834813389011	0	14
P06	36	9	CS47	R2	-0.00295157750289967	0	14
P06	36	10	CS48	R1	0.00333142293317807	0	14
P06	36	11	CS48	R2	0.00653239918008398	0	14
P06	36	12	CS49	R1	0.00867714479749055	0	12
P06	36	13	CS49	R2	0.00117611105592782	0	14
P06	36	14	CS51	R1	-0.012815922802924	0	14
P06	36	15	CS51	R2	0.00567386934301298	0	12
P06	36	16	CS53	R1	0.00287285945171089	0	12
P06	36	17	CS53	R2	0.00502909801473708	0	8
P06	36	18	CS54	R1	-0.00522716609088605	0	7
P06	36	19	CS54	R2	-0.00970148034395109	0	7
P06	36	20	CS55	R1	0.000480004737913782	0	14
P06	36	21	CS55	R2	-0.00090046264896687	0	14
P06	36	22	CS56	R1	0.00438001266039017	0	12
P06	36	23	CS56	R2	0.0108976561202476	0	12
P06	36	24	CS57	R1	-0.00727745060924256	0	12
P06	36	25	CS57	R2	-0.00318242005810163	0	12
P06	36	26	CS58	R1	0.00962731244631281	0	7
P06	36	27	CS60	R1	0.00354805513913631	0	14
P06	36	28	CS62	R1	-0.00391208743616547	0	7
P06	36	29	CS62	R2	-0.00271977752046236	0	7
P06	37	1	CS41	R1	-0.0053834850228292	0	14
P06	37	2	CS41	R2	0.00175275862540721	0	14
P06	37	3	CS42	R1	0.00858663198229138	0	14
P06	37	4	CS42	R2	-0.00464602496088492	0	14
P06	37	5	CS43	R1	0.000203797307301465	0	14
P06	37	6	CS43	R2	0.000387345057210658	0	14
P06	37	7	CS44	R1	0.00699672281996555	0	14
P06	37	8	CS47	R1	0.00426807351447829	0	14
P06	37	9	CS47	R2	0.00421314438481566	0	14
P06	37	10	CS48	R1	0.00930551561498959	0	14
P06	37	11	CS48	R2	-0.00385342448911972	0	14
P06	37	12	CS49	R1	0.00602819208626604	0	12
P06	37	13	CS49	R2	-0.0018161673763486	0	14
P06	37	14	CS51	R1	0.00334630983145531	0	14
P06	37	15	CS51	R2	-0.00762157284743871	0	12
P06	37	16	CS53	R1	0.00464505465213109	0	12
P06	37	17	CS53	R2	-0.0042668917733586	0	8
P06	37	18	CS54	R1	0.00675516054561526	0	7
P06	37	19	CS54	R2	0.00125368530504008	0	7
P06	37	20	CS55	R1	0.00101321075953278	0	14
P06	37	21	CS55	R2	0.00615661203900718	0	14
P06	37	22	CS56	R1	0.00259396276660722	0	12
P06	37	23	CS56	R2	0.00197006701357929	0	12
P06	37	24	CS57	R1	0.00460386602344555	0	12
P06	37	25	CS57	R2	0.0114191770520552	0	12
P06	37	26	CS58	R1	0.0105416356125224	0	7
P06	37	27	CS60	R1	-0.00131342889101768	0	14
P06	37	28	CS62	R1	0.00321804087066992	0	7
P06	37	29	CS62	R2	-0.0108332211685668	0	7
P06	38	1	CS41	R1	0.00747940423885964	0	14
P06	38	2	CS41	R2	0.00333812227443624	0	14
P06	38	3	CS42	R1	-0.006394357473474	0	14
P06	38	4	CS42	R2	-0.00124241338077613	0	14
P06	38	5	CS43	R1	-0.000822855482646326	0	14
P06	38	6	CS43	R2	0.00473701747621658	0	14
P06	38	7	CS44	R1	0.00934228692890797	0	14
P06	38	8	CS47	R1	0.00617112854036707	0	14
P06	38	9	CS47	R2	0.00619623029506712	0	14
P06	38	10	CS48	R1	0.0101566357787893	0	14
P06	38	11	CS48	R2	0.00395363482879346	0	14
P06	38	12	CS49	R1	-0.00233695941012127	0	12
P06	38	13	CS49	R2	0.00172301415485337	0	14
P06	38	14	CS51	R1	-0.00105395697965222	0	14
P06	38	15	CS51	R2	-0.00540237820700746	0	12
P06	38	16	CS53	R1	0.00414118305609103	0	12
P06	38	17	CS53	R2	0.00888877356052895	0	8
P06	38	18	CS54	R1	0.00339539558810239	0	7
P06	38	19	CS54	R2	-0.0101894563149989	0	7
P06	38	20	CS55	R1	-0.000409640203217565	0	14
P06	38	21	CS55	R2	-0.00173575801402641	0	14
P06	38	22	CS56	R1	-0.00782330732424937	0	12
P06	38	23	CS56	R2	-3.9857986616227e-05	0	12
P06	38	24	CS57	R1	0.00944086710408554	0	12
P06	38	25	CS57	R2	0.00782459969120189	0	12
P06	38	26	CS58	R1	-0.00633758396596844	0	7
P06	38	27	CS60	R1	-0.00481738819212529	0	14
P06	38	28	CS62	R1	-0.00312354203658915	0	7
P06	38	29	CS62	R2	0.00433952676367925	0	7
P06	39	1	CS41	R1	0.00442647742805065	0	14
P06	39	2	CS41	R2	0.00675453968287165	0	14
P06	39	3	CS42	R1	0.00707301260749882	0	14
P06	39	4	CS42	R2	-0.000770067921571419	0	14
P06	39	5	CS43	R1	0.00967151795515079	0	14
P06	39	6	CS43	R2	0.00274735801467211	0	14
P06	39	7	CS44	R1	-0.00043758596570801	0	14
P06	39	8	CS47	R1	0.00780163154196539	0	14
P06	39	9	CS47	R2	-0.00317411020911548	0	14
P06	39	10	CS48	R1	-0.011945982543719	0	14
P06	39	11	CS48	R2	-0.00260299013491485	0	14
P06	39	12	CS49	R1	0.00443099197984837	0	12
P06	39	13	CS49	R2	0.00776095293918351	0	14
P06	39	14	CS51	R1	-0.000919763256795551	0	14
P06	39	15	CS51	R2	-0.012204027493417	0	12
P06	39	16	CS53	R1	-0.00653374364863921	0	12
P06	39	17	CS53	R2	-0.0131918610458744	0	8
P06	39	18	CS54	R1	0.00353100782031261	0	7
P06	39	19	CS54	R2	0.0131460623421829	0	7
P06	39	20	CS55	R1	0.0093346984365515	0	14
P06	39	21	CS55	R2	0.000807199474411423	0	14
P06	39	22	CS56	R1	0.00191906214338127	0	12
P06	39	23	CS56	R2	0.00357614327180168	0	12
P06	39	24	CS57	R1	0.00296934576113106	0	12
P06	39	25	CS57	R2	0.00239735734414995	0	12
P06	39	26	CS58	R1	-0.00239767356638177	0	7
P06	39	27	CS60	R1	-0.0134099905298492	0	14
P06	39	28	CS62	R1	0.0232193465186749	0	7
P06	39	29	CS62	R2	-0.000866968429209628	0	7
P06	40	1	CS41	R1	0.00996570489956173	0	14
P06	40	2	CS41	R2	-0.00281169894403346	0	14
P06	40	3	CS42	R1	-0.00691167583038131	0	14
P06	40	4	CS42	R2	-0.00637447024556936	0	14
P06	40	5	CS43	R1	-0.0071704909082311	0	14
P06	40	6	CS43	R2	0.00991029461906942	0	14
P06	40	7	CS44	R1	-0.00485213277029046	0	14
P06	40	8	CS47	R1	-0.00039539870004635	0	14
P06	40	9	CS47	R2	0.00322430981282311	0	14
P06	40	10	CS48	R1	-0.00634486228346042	0	14
P06	40	11	CS48	R2	-0.00818838328363671	0	14
P06	40	12	CS49	R1	-0.00557752833841547	0	12
P06	40	13	CS49	R2	-0.00501735118430174	0	14
P06	40	14	CS51	R1	-0.00135291168853154	0	14
P06	40	15	CS51	R2	0.00738249013108492	0	12
P06	40	16	CS53	R1	0.00137397552762735	0	12
P06	40	17	CS53	R2	0.00478051211010897	0	8
P06	40	18	CS54	R1	0.00175970355037309	0	7
P06	40	19	CS54	R2	0.0052707871117148	0	7
P06	40	20	CS55	R1	0.00343089344646585	0	14
P06	40	21	CS55	R2	-0.00278354573383376	0	14
P06	40	22	CS56	R1	-0.00078224442746836	0	12
P06	40	23	CS56	R2	0.0107866716153294	0	12
P06	40	24	CS57	R1	0.000989238231462969	0	12
P06	40	25	CS57	R2	-0.00456822835461253	0	12
P06	40	26	CS58	R1	-0.01617936254213	0	7
P06	40	27	CS60	R1	0.00583056365218827	0	14
P06	40	28	CS62	R1	0.0148098905117453	0	7
P06	40	29	CS62	R2	0.0086205292598135	0	7
P06	41	1	CS41	R1	0.000419831136784513	0	14
P06	41	2	CS41	R2	0.0123997544415571	0	14
P06	41	3	CS42	R1	-0.00180947897850232	0	14
P06	41	4	CS42	R2	-0.000320129170445554	0	14
P06	41	5	CS43	R1	-0.000475732559754068	0	14
P06	41	6	CS43	R2	0.00740645778406102	0	14
P06	41	7	CS44	R1	-0.00342786598622933	0	14
P06	41	8	CS47	R1	-0.00144190620270874	0	14
P06	41	9	CS47	R2	-0.00798792638963559	0	14
P06	41	10	CS48	R1	-0.00440602552806564	0	14
P06	41	11	CS48	R2	0.00239859361840821	0	14
P06	41	12	CS49	R1	0.00428234681750721	0	12
P06	41	13	CS49	R2	0.00869013254703796	0	14
P06	41	14	CS51	R1	-0.00299252353049696	0	14
P06	41	15	CS51	R2	0.000111704348831642	0	12
P06	41	16	CS53	R1	0.00239363512686261	0	12
P06	41	17	CS53	R2	0.00256992039385477	0	8
P06	41	18	CS54	R1	0.000785175362458032	0	7
P06	41	19	CS54	R2	0.00767631256071292	0	7
P06	41	20	CS55	R1	-0.00921023179001344	0	14
P06	41	21	CS55	R2	-0.00156419956035111	0	14
P06	41	22	CS56	R1	0.000441342773788291	0	12
P06	41	23	CS56	R2	0.00751678495680706	0	12
P06	41	24	CS57	R1	0.00965905655504277	0	12
P06	41	25	CS57	R2	-0.0097381611185551	0	12
P06	41	26	CS58	R1	0.0113968290751685	0	7
P06	41	27	CS60	R1	0.00308121775509438	0	14
P06	41	28	CS62	R1	0.00113750639295231	0	7
P06	41	29	CS62	R2	0.00756173325622173	0	7
P06	42	1	CS41	R1	-0.00110644654380414	0	14
P06	42	2	CS41	R2	-0.00269047520207885	0	14
P06	42	3	CS42	R1	-0.00563358358247997	0	14
P06	42	4	CS42	R2	0.00549638389652784	0	14
P06	42	5	CS43	R1	0.00617931309901695	0	14
P06	42	6	CS43	R2	-0.00117866151499065	0	14
P06	42	7	CS44	R1	0.00222412925848642	0	14
P06	42	8	CS47	R1	-0.0029435264371424	0	14
P06	42	9	CS47	R2	0.0178286821306386	0	14
P06	42	10	CS48	R1	0.00599812860894016	0	14
P06	42	11	CS48	R2	-0.00553164872988017	0	14
P06	42	12	CS49	R1	-0.00133697661843551	0	12
P06	42	13	CS49	R2	0.00100925736117936	0	14
P06	42	14	CS51	R1	-0.000153401933123242	0	14
P06	42	15	CS51	R2	-0.00831759228908595	0	12
P06	42	16	CS53	R1	0.00482804787067552	0	12
P06	42	17	CS53	R2	0.00541011105907394	0	8
P06	42	18	CS54	R1	0.0075109676895592	0	7
P06	42	19	CS54	R2	-0.0100918298735708	0	7
P06	42	20	CS55	R1	0.0049964048050482	0	14
P06	42	21	CS55	R2	0.00386713208334683	0	14
P06	42	22	CS56	R1	0.00951181395293699	0	12
P06	42	23	CS56	R2	-0.00493961142622519	0	12
P06	42	24	CS57	R1	-0.0117171442721412	0	12
P06	42	25	CS57	R2	-0.00551528386220079	0	12
P06	42	26	CS58	R1	-0.00687188944137709	0	7
P06	42	27	CS60	R1	0.000800066066684344	0	14
P06	42	28	CS62	R1	-0.00669868681384558	0	7
P06	42	29	CS62	R2	-0.00642288254243932	0	7
P06	43	1	CS41	R1	-0.00118829521921916	0	14
P06	43	2	CS41	R2	0.0018638988686654	0	14
P06	43	3	CS42	R1	0.00435071998852441	0	14
P06	43	4	CS42	R2	0.00179774592674153	0	14
P06	43	5	CS43	R1	-0.00564821117701812	0	14
P06	43	6	CS43	R2	-0.010861097329043	0	14
P06	43	7	CS44	R1	0.00985655958611788	0	14
P06	43	8	CS47	R1	0.00152486895715733	0	14
P06	43	9	CS47	R2	0.00226893208290624	0	14
P06	43	10	CS48	R1	-0.000438827874673244	0	14
P06	43	11	CS48	R2	-0.00010648191039572	0	14
P06	43	12	CS49	R1	-0.00350977033859819	0	12
P06	43	13	CS49	R2	0.00608542327282536	0	14
P06	43	14	CS51	R1	-0.00846291824935124	0	14
P06	43	15	CS51	R2	0.001607020109266	0	12
P06	43	16	CS53	R1	0.00361030850494295	0	12
P06	43	17	CS53	R2	0.00176509380468063	0	8
P06	43	18	CS54	R1	-0.00126503818279581	0	7
P06	43	19	CS54	R2	-0.00469775616501125	0	7
P06	43	20	CS55	R1	0.00142375589092051	0	14
P06	43	21	CS55	R2	0.00296268827861184	0	14
P06	43	22	CS56	R1	-0.00105371492374512	0	12
P06	43	23	CS56	R2	-0.00349577024204005	0	12
P06	43	24	CS57	R1	-0.00225274837781261	0	12
P06	43	25	CS57	R2	-0.00198329984370652	0	12
P06	43	26	CS58	R1	-0.00218832251421881	0	7
P06	43	27	CS60	R1	0.00182266567245236	0	14
P06	43	28	CS62	R1	0.00301232978055361	0	7
P06	43	29	CS62	R2	-0.00826839192784168	0	7
P06	44	1	CS41	R1	-0.0120170194535927	0	14
P06	44	2	CS41	R2	-0.00629277694188813	0	14
P06	44	3	CS42	R1	0.00670928441636594	0	14
P06	44	4	CS42	R2	-0.000204263396836616	0	14
P06	44	5	CS43	R1	-0.0017475938665628	0	14
P06	44	6	CS43	R2	0.00513742330569084	0	14
P06	44	7	CS44	R1	-0.00618227888370231	0	14
P06	44	8	CS47	R1	0.00306751795777555	0	14
P06	44	9	CS47	R2	-0.00362026187176654	0	14
P06	44	10	CS48	R1	0.00320058607319685	0	14
P06	44	11	CS48	R2	0.0060945822787348	0	14
P06	44	12	CS49	R1	-0.000224674350578067	0	12
P06	44	13	CS49	R2	0.00273724783718797	0	14
P06	44	14	CS51	R1	0.00552527113027954	0	14
P06	44	15	CS51	R2	0.00314326402129009	0	12
P06	44	16	CS53	R1	0.00440894882308529	0	12
P06	44	17	CS53	R2	0.00975382133929747	0	8
P06	44	18	CS54	R1	-0.00528978685712759	0	7
P06	44	19	CS54	R2	0.00323000083476203	0	7
P06	44	20	CS55	R1	0.00373178899807575	0	14
P06	44	21	CS55	R2	-0.00574254994130394	0	14
P06	44	22	CS56	R1	-0.00510154254841456	0	12
P06	44	23	CS56	R2	-0.00238103509747001	0	12
P06	44	24	CS57	R1	0.000528190376149033	0	12
P06	44	25	CS57	R2	0.00357894736878521	0	12
P06	44	26	CS58	R1	0.00282022767274258	0	7
P06	44	27	CS60	R1	0.000804332751629759	0	14
P06	44	28	CS62	R1	-0.0128836441993012	0	7
P06	44	29	CS62	R2	0.0311933086807634	0	7
P06	45	1	CS41	R1	-0.00543887886485547	0	14
P06	45	2	CS41	R2	0.000969079379013708	0	14
P06	45	3	CS42	R1	0.00723679710717094	0	14
P06	45	4	CS42	R2	0.00434440477114502	0	14
P06	45	5	CS43	R1	-0.0132248943003821	0	14
P06	45	6	CS43	R2	0.00183048744388335	0	14
P06	45	7	CS44	R1	0.00729565307660299	0	14
P06	45	8	CS47	R1	-0.0114978206394698	0	14
P06	45	9	CS47	R2	0.0103830362317875	0	14
P06	45	10	CS48	R1	-0.0130987721243878	0	14
P06	45	11	CS48	R2	-0.00880338819412489	0	14
P06	45	12	CS49	R1	-0.00454446669162262	0	12
P06	45	13	CS49	R2	-0.00861561341364329	0	14
P06	45	14	CS51	R1	-0.00442829015838039	0	14
P06	45	15	CS51	R2	-0.00428264585040658	0	12
P06	45	16	CS53	R1	0.000311439988389152	0	12
P06	45	17	CS53	R2	-0.00227247570672036	0	8
P06	45	18	CS54	R1	0.000332752869375239	0	7
P06	45	19	CS54	R2	0.0091176054008415	0	7
P06	45	20	CS55	R1	-0.00158586079633052	0	14
P06	45	21	CS55	R2	-0.000730526145543392	0	14
P06	45	22	CS56	R1	-0.00870410623288181	0	12
P06	45	23	CS56	R2	-0.00336595124886894	0	12
P06	45	24	CS57	R1	0.00754997229478414	0	12
P06	45	25	CS57	R2	-0.00116411011992675	0	12
P06	45	26	CS58	R1	0.0017945826569136	0	7
P06	45	27	CS60	R1	0.0165666082711361	0	14
P06	45	28	CS62	R1	0.0129588686321563	0	7
P06	45	29	CS62	R2	-0.00630546178407525	0	7
P06	46	1	CS41	R1	0.000436448706677147	0	14
P06	46	2	CS41	R2	-0.0019140154289888	0	14
P06	46	3	CS42	R1	0.00113131379543165	0	14
P06	46	4	CS42	R2	0.000430665934745834	0	14
P06	46	5	CS43	R1	-4.60219729287333e-05	0	14
P06	46	6	CS43	R2	-0.0128227843202475	0	14
P06	46	7	CS44	R1	-0.0019333442476809	0	14
P06	46	8	CS47	R1	0.000833288079331968	0	14
P06	46	9	CS47	R2	-0.0132386832307256	0	14
P06	46	10	CS48	R1	-0.0137668981236777	0	14
P06	46	11	CS48	R2	0.000751312514090568	0	14
P06	46	12	CS49	R1	0.000851673829934903	0	12
P06	46	13	CS49	R2	-0.0104625438881462	0	14
P06	46	14	CS51	R1	-0.00399331095734582	0	14
P06	46	15	CS51	R2	-0.00232515679868624	0	12
P06	46	16	CS53	R1	-0.000315104897381051	0	12
P06	46	17	CS53	R2	-0.00777964909745681	0	8
P06	46	18	CS54	R1	0.00526888806913471	0	7
P06	46	19	CS54	R2	-0.000568447163728555	0	7
P06	46	20	CS55	R1	0.00646979383776809	0	14
P06	46	21	CS55	R2	0.0121676879819038	0	14
P06	46	22	CS56	R1	0.00436764944904846	0	12
P06	46	23	CS56	R2	0.00013221962837597	0	12
P06	46	24	CS57	R1	-0.00706882855874373	0	12
P06	46	25	CS57	R2	-0.00598858098076357	0	12
P06	46	26	CS58	R1	-0.00914084241386875	0	7
P06	46	27	CS60	R1	-0.00416626998856143	0	14
P06	46	28	CS62	R1	-0.00359080677527506	0	7
P06	46	29	CS62	R2	0.00187020033514569	0	7
P06	47	1	CS41	R1	0.00645113362764347	0	14
P06	47	2	CS41	R2	-9.77251332156192e-06	0	14
P06	47	3	CS42	R1	0.00269700709024822	0	14
P06	47	4	CS42	R2	0.000382839157992292	0	14
P06	47	5	CS43	R1	0.00885282279759735	0	14
P06	47	6	CS43	R2	0.00108541157068023	0	14
P06	47	7	CS44	R1	-0.00953281077895776	0	14
P06	47	8	CS47	R1	0.0079529382803219	0	14
P06	47	9	CS47	R2	-0.00212427317396414	0	14
P06	47	10	CS48	R1	-0.00649364125415654	0	14
P06	47	11	CS48	R2	-0.00872014277396795	0	14
P06	47	12	CS49	R1	0.00379624008693912	0	12
P06	47	13	CS49	R2	-0.00769269118975629	0	14
P06	47	14	CS51	R1	-0.00220580938328096	0	14
P06	47	15	CS51	R2	0.00283513930635627	0	12
P06	47	16	CS53	R1	-0.000525679003705329	0	12
P06	47	17	CS53	R2	0.00537133292408875	0	8
P06	47	18	CS54	R1	-0.00377707398616358	0	7
P06	47	19	CS54	R2	0.00392800405827415	0	7
P06	47	20	CS55	R1	-0.00292024734540749	0	14
P06	47	21	CS55	R2	0.00614876905094805	0	14
P06	47	22	CS56	R1	-0.012537934462842	0	12
P06	47	23	CS56	R2	0.00889985247071361	0	12
P06	47	24	CS57	R1	-0.00751887753738853	0	12
P06	47	25	CS57	R2	-0.00665606038944101	0	12
P06	47	26	CS58	R1	0.00895101557922735	0	7
P06	47	27	CS60	R1	0.000163738291352292	0	14
P06	47	28	CS62	R1	-0.00681136239066918	0	7
P06	47	29	CS62	R2	-0.00701332391676259	0	7
P06	48	1	CS41	R1	0.00888834107487083	0	14
P06	48	2	CS41	R2	0.00516096803969674	0	14
P06	48	3	CS42	R1	-0.0108030839634796	0	14
P06	48	4	CS42	R2	-0.00434077010274111	0	14
P06	48	5	CS43	R1	-0.000695914510240629	0	14
P06	48	6	CS43	R2	-0.00225293021064728	0	14
P06	48	7	CS44	R1	-0.00968291050978674	0	14
P06	48	8	CS47	R1	-0.003408186794934	0	14
P06	48	9	CS47	R2	0.00343049000383968	0	14
P06	48	10	CS48	R1	0.00103537082850677	0	14
P06	48	11	CS48	R2	0.0111924816914947	0	14
P06	48	12	CS49	R1	-0.0120445173501363	0	12
P06	48	13	CS49	R2	-0.00276426892936634	0	14
P06	48	14	CS51	R1	-0.00843142780063588	0	14
P06	48	15	CS51	R2	0.0125336628069242	0	12
P06	48	16	CS53	R1	0.00896190489608772	0	12
P06	48	17	CS53	R2	-0.00273133839578051	0	8
P06	48	18	CS54	R1	0.00198942690983732	0	7
P06	48	19	CS54	R2	-0.00988660175474905	0	7
P06	48	20	CS55	R1	-0.0120315019794368	0	14
P06	48	21	CS55	R2	0.00921454106639854	0	14
P06	48	22	CS56	R1	0.00845031085240288	0	12
P06	48	23	CS56	R2	0.00405594540482384	0	12
P06	48	24	CS57	R1	0.00795021822310604	0	12
P06	48	25	CS57	R2	0.00517008505538369	0	12
P06	48	26	CS58	R1	0.00849078115418627	0	7
P06	48	27	CS60	R1	-0.000463212802288377	0	14
P06	48	28	CS62	R1	0.00925976980766431	0	7
P06	48	29	CS62	R2	-0.000415958609835142	0	7
P06	49	1	CS41	R1	0.00676740903457074	0	14
P06	49	2	CS41	R2	-0.0113302531409262	0	14
P06	49	3	CS42	R1	-0.00580375626293475	0	14
P06	49	4	CS42	R2	0.00144623230110038	0	14
P06	49	5	CS43	R1	0.00113965450593718	0	14
P06	49	6	CS43	R2	0.00370648477013213	0	14
P06	49	7	CS44	R1	0.00550742568771835	0	14
P06	49	8	CS47	R1	-0.00211570173697056	0	14
P06	49	9	CS47	R2	-0.0114239896283037	0	14
P06	49	10	CS48	R1	0.00376538373056684	0	14
P06	49	11	CS48	R2	0.000196260776622016	0	14
P06	49	12	CS49	R1	0.00530063453328035	0	12
P06	49	13	CS49	R2	-0.000464935005298223	0	14
P06	49	14	CS51	R1	-0.00286779447797865	0	14
P06	49	15	CS51	R2	-0.00891592306912903	0	12
P06	49	16	CS53	R1	-0.00174675253590735	0	12
P06	49	17	CS53	R2	-0.00286371005012651	0	8
P06	49	18	CS54	R1	0.0143662706835015	0	7
P06	49	19	CS54	R2	0.00716835462973311	0	7
P06	49	20	CS55	R1	0.00608884750741063	0	14
P06	49	21	CS55	R2	0.00403486551673847	0	14
P06	49	22	CS56	R1	-0.00539359578244779	0	12
P06	49	23	CS56	R2	-0.0115231068713694	0	12
P06	49	24	CS57	R1	-0.00037760207668049	0	12
P06	49	25	CS57	R2	0.0153375872552475	0	12
P06	49	26	CS58	R1	0.0113869689216167	0	7
P06	49	27	CS60	R1	-0.00310246252176981	0	14
P06	49	28	CS62	R1	0.00590090451349671	0	7
P06	49	29	CS62	R2	0.00825978171197715	0	7
P06	50	1	CS41	R1	0.00359666587529455	0	14
P06	50	2	CS41	R2	-0.0111718925344413	0	14
P06	50	3	CS42	R1	0.00130282348235637	0	14
P06	50	4	CS42	R2	-0.00236683149648474	0	14
P06	50	5	CS43	R1	0.000520738072725107	0	14
P06	50	6	CS43	R2	0.000916387357337334	0	14
P06	50	7	CS44	R1	0.00250736463136165	0	14
P06	50	8	CS47	R1	0.0039788303832401	0	14
P06	50	9	CS47	R2	-0.00620109886371495	0	14
P06	50	10	CS48	R1	0.00898871689515612	0	14
P06	50	11	CS48	R2	0.00246766208063887	0	14
P06	50	12	CS49	R1	0.00509834205952153	0	12
P06	50	13	CS49	R2	-3.37599864523601e-05	0	14
P06	50	14	CS51	R1	-0.0028069428721913	0	14
P06	50	15	CS51	R2	-0.00768792427314407	0	12
P06	50	16	CS53	R1	0.000273816132431708	0	12
P06	50	17	CS53	R2	0.00258700503060206	0	8
P06	50	18	CS54	R1	0.00136227244325696	0	7
P06	50	19	CS54	R2	0.00385326983944784	0	7
P06	50	20	CS55	R1	0.00348451085442244	0	14
P06	50	21	CS55	R2	-0.00336136948139908	0	14
P06	50	22	CS56	R1	-0.0093336288323813	0	12
P06	50	23	CS56	R2	0.0115980664056553	0	12
P06	50	24	CS57	R1	0.0070125646424683	0	12
P06	50	25	CS57	R2	0.00251475402597221	0	12
P06	50	26	CS58	R1	-0.0048077126146	0	7
P06	50	27	CS60	R1	-0.0013040912520773	0	14
P06	50	28	CS62	R1	0.0069075837539084	0	7
P06	50	29	CS62	R2	-0.0060413809185827	0	7
P06	51	1	CS41	R1	0.0137639438945881	0	14
P06	51	2	CS41	R2	0.00552004772195652	0	14
P06	51	3	CS42	R1	-0.00149733390609497	0	14
P06	51	4	CS42	R2	0.00386139011387192	0	14
P06	51	5	CS43	R1	0.00594158599949954	0	14
P06	51	6	CS43	R2	0.00326620922987284	0	14
P06	51	7	CS44	R1	-0.000366357697039975	0	14
P06	51	8	CS47	R1	-0.00561752148712422	0	14
P06	51	9	CS47	R2	0.00499945561645321	0	14
P06	51	10	CS48	R1	0.000892254270572249	0	14
P06	51	11	CS48	R2	-0.000175833708694822	0	14
P06	51	12	CS49	R1	-0.00102453380807559	0	12
P06	51	13	CS49	R2	0.00503582339653516	0	14
P06	51	14	CS51	R1	-0.00651654331952246	0	14
P06	51	15	CS51	R2	0.00734392321202907	0	12
P06	51	16	CS53	R1	-0.00866141411653532	0	12
P06	51	17	CS53	R2	-0.00618894953822108	0	8
P06	51	18	CS54	R1	-0.0133693566645468	0	7
P06	51	19	CS54	R2	-0.00261676810092455	0	7
P06	51	20	CS55	R1	0.00169514132121947	0	14
P06	51	21	CS55	R2	0.00144168599277452	0	14
P06	51	22	CS56	R1	-0.00658001805027817	0	12
P06	51	23	CS56	R2	-0.00650880919614779	0	12
P06	51	24	CS57	R1	-0.00758307763406148	0	12
P06	51	25	CS57	R2	0.0051950344980215	0	12
P06	51	26	CS58	R1	0.00341789629664068	0	7
P06	51	27	CS60	R1	-0.00614881988891157	0	14
P06	51	28	CS62	R1	0.0111216394957046	0	7
P06	51	29	CS62	R2	-0.0100620914575629	0	7
P06	52	1	CS41	R1	0.000929089260733088	0	14
P06	52	2	CS41	R2	-0.00484070914525458	0	14
P06	52	3	CS42	R1	-0.0109283764939913	0	14
P06	52	4	CS42	R2	0.0066866293200674	0	14
P06	52	5	CS43	R1	-0.00349752596425862	0	14
P06	52	6	CS43	R2	0.000907759041870123	0	14
P06	52	7	CS44	R1	-0.0026875910573664	0	14
P06	52	8	CS47	R1	-0.00376834678495771	0	14
P06	52	9	CS47	R2	0.00478261928655496	0	14
P06	52	10	CS48	R1	0.00532467681328491	0	14
P06	52	11	CS48	R2	0.000641593068582689	0	14
P06	52	12	CS49	R1	0.004583982595629	0	12
P06	52	13	CS49	R2	0.00727101341191634	0	14
P06	52	14	CS51	R1	-0.00278466397409618	0	14
P06	52	15	CS51	R2	0.000183693386896969	0	12
P06	52	16	CS53	R1	0.0071830923472649	0	12
P06	52	17	CS53	R2	-0.00992474563657172	0	8
P06	52	18	CS54	R1	-0.00476037780917603	0	7
P06	52	19	CS54	R2	0.000507834363967605	0	7
P06	52	20	CS55	R1	-0.00338156201412684	0	14
P06	52	21	CS55	R2	0.00172153129856597	0	14
P06	52	22	CS56	R1	0.0133150943695836	0	12
P06	52	23	CS56	R2	-0.00256623775794115	0	12
P06	52	24	CS57	R1	-0.000630879648717417	0	12
P06	52	25	CS57	R2	0.011575631303205	0	12
P06	52	26	CS58	R1	-0.0015923198685541	0	7
P06	52	27	CS60	R1	0.00310220823341983	0	14
P06	52	28	CS62	R1	0.0134588010565663	0	7
P06	52	29	CS62	R2	-0.00725364852066049	0	7
P06	53	1	CS41	R1	0.0120281055689262	0	14
P06	53	2	CS41	R2	-0.00186294004069454	0	14
P06	53	3	CS42	R1	-0.00996972069494743	0	14
P06	53	4	CS42	R2	0.00441717727357566	0	14
P06	53	5	CS43	R1	0.000380889477239641	0	14
P06	53	6	CS43	R2	-0.00809178858142931	0	14
P06	53	7	CS44	R1	-0.00507243299405574	0	14
P06	53	8	CS47	R1	-0.00326163969427388	0	14
P06	53	9	CS47	R2	0.00610401491186063	0	14
P06	53	10	CS48	R1	0.00488918258353392	0	14
P06	53	11	CS48	R2	0.00646103415085004	0	14
P06	53	12	CS49	R1	-0.00482948832214764	0	12
P06	53	13	CS49	R2	-0.0089512904925824	0	14
P06	53	14	CS51	R1	0.00293732721928075	0	14
P06	53	15	CS51	R2	0.000846529804325126	0	12
P06	53	16	CS53	R1	-0.00178668450847274	0	12
P06	53	17	CS53	R2	-0.00094082132836354	0	8
P06	53	18	CS54	R1	-0.00791495458151449	0	7
P06	53	19	CS54	R2	0.0065858355142586	0	7
P06	53	20	CS55	R1	0.00677748981980066	0	14
P06	53	21	CS55	R2	-0.000722191374895878	0	14
P06	53	22	CS56	R1	-0.00187964245380273	0	12
P06	53	23	CS56	R2	-0.00608186684282222	0	12
P06	53	24	CS57	R1	-0.00302950756023623	0	12
P06	53	25	CS57	R2	-0.00235000112842841	0	12
P06	53	26	CS58	R1	0.00259603640154638	0	7
P06	53	27	CS60	R1	-0.00364257172954512	0	14
P06	53	28	CS62	R1	-0.0171819456759173	0	7
P06	53	29	CS62	R2	-0.0170064375820721	0	7
P06	54	1	CS41	R1	0.0011140328492752	0	14
P06	54	2	CS41	R2	0.00753330365061099	0	14
P06	54	3	CS42	R1	-0.0121347123303241	0	14
P06	54	4	CS42	R2	-0.00801741712180679	0	14
P06	54	5	CS43	R1	0.00320303779967791	0	14
P06	54	6	CS43	R2	0.00824078500548743	0	14
P06	54	7	CS44	R1	-0.00115993410328876	0	14
P06	54	8	CS47	R1	0.00280752145083229	0	14
P06	54	9	CS47	R2	3.19753995291269e-05	0	14
P06	54	10	CS48	R1	-0.00643806249590914	0	14
P06	54	11	CS48	R2	0.00530680733845403	0	14
P06	54	12	CS49	R1	-0.00807781468800113	0	12
P06	54	13	CS49	R2	0.00598222278594599	0	14
P06	54	14	CS51	R1	-0.000820688544071751	0	14
P06	54	15	CS51	R2	0.0124726624241325	0	12
P06	54	16	CS53	R1	0.00815546766822445	0	12
P06	54	17	CS53	R2	0.00728458954798474	0	8
P06	54	18	CS54	R1	0.0105370792399944	0	7
P06	54	19	CS54	R2	-0.00142559923511084	0	7
P06	54	20	CS55	R1	-0.00263607026084835	0	14
P06	54	21	CS55	R2	0.00439073861740771	0	14
P06	54	22	CS56	R1	0.00214975515402926	0	12
P06	54	23	CS56	R2	-0.00617105135605243	0	12
P06	54	24	CS57	R1	0.00276628691981966	0	12
P06	54	25	CS57	R2	0.00763722233994971	0	12
P06	54	26	CS58	R1	0.0092755390170218	0	7
P06	54	27	CS60	R1	-0.0038471438272155	0	14
P06	54	28	CS62	R1	-0.00843545406706303	0	7
P06	54	29	CS62	R2	0.000758708116540124	0	7
P06	55	1	CS41	R1	-0.00681143149000216	0	14
P06	55	2	CS41	R2	0.00140167923427862	0	14
P06	55	3	CS42	R1	0.0062893454525992	0	14
P06	55	4	CS42	R2	-0.000507757107003519	0	14
P06	55	5	CS43	R1	-0.00505047384634196	0	14
P06	55	6	CS43	R2	0.000829371603576252	0	14
P06	55	7	CS44	R1	-0.0071893340963608	0	14
P06	55	8	CS47	R1	-0.00212862099060335	0	14
P06	55	9	CS47	R2	-0.00631184460300237	0	14
P06	55	10	CS48	R1	0.00448279888391309	0	14
P06	55	11	CS48	R2	0.00354421093134279	0	14
P06	55	12	CS49	R1	-0.0023357139636983	0	12
P06	55	13	CS49	R2	0.00062748882287985	0	14
P06	55	14	CS51	R1	0.000191334703591844	0	14
P06	55	15	CS51	R2	0.00910029943908713	0	12
P06	55	16	CS53	R1	0.00464919469185462	0	12
P06	55	17	CS53	R2	-0.0128534509737173	0	8
P06	55	18	CS54	R1	-0.0146006629371581	0	7
P06	55	19	CS54	R2	0.00134540358242557	0	7
P06	55	20	CS55	R1	-0.006747971487958	0	14
P06	55	21	CS55	R2	0.00441717431520823	0	14
P06	55	22	CS56	R1	0.00385858144994898	0	12
P06	55	23	CS56	R2	-0.00395343565539833	0	12
P06	55	24	CS57	R1	-0.00516183431429532	0	12
P06	55	25	CS57	R2	-6.72432868008622e-05	0	12
P06	55	26	CS58	R1	0.00897254909764362	0	7
P06	55	27	CS60	R1	-0.000131733210670515	0	14
P06	55	28	CS62	R1	-0.00379799738809036	0	7
P06	55	29	CS62	R2	0.00032637554897154	0	7
P06	56	1	CS41	R1	-0.00293915780957152	0	14
P06	56	2	CS41	R2	0.00182481381713587	0	14
P06	56	3	CS42	R1	0.000876944991631596	0	14
P06	56	4	CS42	R2	0.00104635268134056	0	14
P06	56	5	CS43	R1	0.00126851062259672	0	14
P06	56	6	CS43	R2	0.00149881470025841	0	14
P06	56	7	CS44	R1	0.00842059129725512	0	14
P06	56	8	CS47	R1	-0.00274809055504163	0	14
P06	56	9	CS47	R2	0.00456864676900346	0	14
P06	56	10	CS48	R1	0.00755181024206691	0	14
P06	56	11	CS48	R2	-0.000740744211312954	0	14
P06	56	12	CS49	R1	0.00554613422221404	0	12
P06	56	13	CS49	R2	-0.00661167184686579	0	14
P06	56	14	CS51	R1	-0.00350422450793828	0	14
P06	56	15	CS51	R2	0.00351741706141116	0	12
P06	56	16	CS53	R1	-0.00232527391914408	0	12
P06	56	17	CS53	R2	-0.00901161261491487	0	8
P06	56	18	CS54	R1	0.0160128833895799	0	7
P06	56	19	CS54	R2	0.00530232090750885	0	7
P06	56	20	CS55	R1	-0.00115639445526269	0	14
P06	56	21	CS55	R2	0.000887894995011233	0	14
P06	56	22	CS56	R1	0.0144412233402537	0	12
P06	56	23	CS56	R2	0.0124729464353752	0	12
P06	56	24	CS57	R1	0.00923460812179029	0	12
P06	56	25	CS57	R2	-0.00134046100939859	0	12
P06	56	26	CS58	R1	-0.0119142674033299	0	7
P06	56	27	CS60	R1	-0.0015675015341598	0	14
P06	56	28	CS62	R1	-0.0104101523806715	0	7
P06	56	29	CS62	R2	-0.00770113907271959	0	7
P06	57	1	CS41	R1	-0.0074506577969141	0	14
P06	57	2	CS41	R2	-0.00453095649218394	0	14
P06	57	3	CS42	R1	-0.00866571795276596	0	14
P06	57	4	CS42	R2	-0.00096767870127832	0	14
P06	57	5	CS43	R1	0.00415507052678423	0	14
P06	57	6	CS43	R2	-0.0025879582638738	0	14
P06	57	7	CS44	R1	-0.000104900464651404	0	14
P06	57	8	CS47	R1	0.00662222872013049	0	14
P06	57	9	CS47	R2	0.00308185204467678	0	14
P06	57	10	CS48	R1	0.00233150538853543	0	14
P06	57	11	CS48	R2	-0.00950595019269679	0	14
P06	57	12	CS49	R1	0.00302457943816339	0	12
P06	57	13	CS49	R2	-0.00154700065597195	0	14
P06	57	14	CS51	R1	0.000711225398858807	0	14
P06	57	15	CS51	R2	0.00379305855556081	0	12
P06	57	16	CS53	R1	-0.00675879167845537	0	12
P06	57	17	CS53	R2	-0.00269743605215756	0	8
P06	57	18	CS54	R1	-0.0115480653831309	0	7
P06	57	19	CS54	R2	-0.00850963005189503	0	7
P06	57	20	CS55	R1	-0.0030995387438374	0	14
P06	57	21	CS55	R2	-1.41657284937627e-05	0	14
P06	57	22	CS56	R1	-0.00284623603540277	0	12
P06	57	23	CS56	R2	-0.00400496484696352	0	12
P06	57	24	CS57	R1	0.0152302409079865	0	12
P06	57	25	CS57	R2	-0.00343702398902018	0	12
P06	57	26	CS58	R1	0.00715883738757551	0	7
P06	57	27	CS60	R1	0.0022864932014333	0	14
P06	57	28	CS62	R1	0.00345040724225444	0	7
P06	57	29	CS62	R2	-0.00380621691610332	0	7
P06	58	1	CS41	R1	0.00331792791638418	0	14
P06	58	2	CS41	R2	0.0063459200442988	0	14
P06	58	3	CS42	R1	0.00457725901789831	0	14
P06	58	4	CS42	R2	-0.00784517546911768	0	14
P06	58	5	CS43	R1	-0.00620898461355468	0	14
P06	58	6	CS43	R2	-0.00812093716232517	0	14
P06	58	7	CS44	R1	0.0109349542598666	0	14
P06	58	8	CS47	R1	0.00741775323822094	0	14
P06	58	9	CS47	R2	0.00372174834816801	0	14
P06	58	10	CS48	R1	0.00617877888423813	0	14
P06	58	11	CS48	R2	0.00386215758853571	0	14
P06	58	12	CS49	R1	0.00300077928440753	0	12
P06	58	13	CS49	R2	-0.00701292160332342	0	14
P06	58	14	CS51	R1	0.00164196900586915	0	14
P06	58	15	CS51	R2	0.0052981417099093	0	12
P06	58	16	CS53	R1	-0.00299091495917223	0	12
P06	58	17	CS53	R2	-0.00158688084948957	0	8
P06	58	18	CS54	R1	-0.000128561770505042	0	7
P06	58	19	CS54	R2	0.00174187330927082	0	7
P06	58	20	CS55	R1	-0.00528040633851371	0	14
P06	58	21	CS55	R2	0.00864858560773671	0	14
P06	58	22	CS56	R1	0.00134518355658663	0	12
P06	58	23	CS56	R2	-0.00556055801494424	0	12
P06	58	24	CS57	R1	-0.00954680034408092	0	12
P06	58	25	CS57	R2	-0.00349466513992039	0	12
P06	58	26	CS58	R1	-0.00701122566726445	0	7
P06	58	27	CS60	R1	-0.00233972743901855	0	14
P06	58	28	CS62	R1	-0.00164756503565427	0	7
P06	58	29	CS62	R2	0.000191711908497222	0	7
P06	59	1	CS41	R1	0.0011296157455692	0	14
P06	59	2	CS41	R2	-0.00096226885938049	0	14
P06	59	3	CS42	R1	0.00401974979233074	0	14
P06	59	4	CS42	R2	0.00205219330603953	0	14
P06	59	5	CS43	R1	-0.00279596862255721	0	14
P06	59	6	CS43	R2	0.00155128772920726	0	14
P06	59	7	CS44	R1	0.00996232795236122	0	14
P06	59	8	CS47	R1	0.0070746487681003	0	14
P06	59	9	CS47	R2	-0.00237051881992949	0	14
P06	59	10	CS48	R1	-0.00554549407816734	0	14
P06	59	11	CS48	R2	-0.00190551652021269	0	14
P06	59	12	CS49	R1	0.00959130991827222	0	12
P06	59	13	CS49	R2	0.00177086707234691	0	14
P06	59	14	CS51	R1	-0.000801659074352334	0	14
P06	59	15	CS51	R2	0.00287787551164701	0	12
P06	59	16	CS53	R1	-0.00639861468061159	0	12
P06	59	17	CS53	R2	0.00241763146481621	0	8
P06	59	18	CS54	R1	-0.0122959632791944	0	7
P06	59	19	CS54	R2	0.000909409043157356	0	7
P06	59	20	CS55	R1	-0.00896731855968025	0	14
P06	59	21	CS55	R2	-0.00152513800927046	0	14
P06	59	22	CS56	R1	0.0122513279660538	0	12
P06	59	23	CS56	R2	-0.0138789759739547	0	12
P06	59	24	CS57	R1	0.0102298956607487	0	12
P06	59	25	CS57	R2	0.000842920517579399	0	12
P06	59	26	CS58	R1	0.0115721778724221	0	7
P06	59	27	CS60	R1	0.00417490306373851	0	14
P06	59	28	CS62	R1	0.000847062766037502	0	7
P06	59	29	CS62	R2	0.00653550077184846	0	7
P06	60	1	CS41	R1	0.00623135211966758	0	14
P06	60	2	CS41	R2	-0.00710515010062818	0	14
P06	60	3	CS42	R1	0.0029198540168621	0	14
P06	60	4	CS42	R2	0.00495894484649209	0	14
P06	60	5	CS43	R1	0.00850264046732677	0	14
P06	60	6	CS43	R2	-0.00456499653588892	0	14
P06	60	7	CS44	R1	-0.00555117158700024	0	14
P06	60	8	CS47	R1	0.00631898034976372	0	14
P06	60	9	CS47	R2	-0.000323903539337936	0	14
P06	60	10	CS48	R1	0.0139601054176526	0	14
P06	60	11	CS48	R2	-0.00527049608204983	0	14
P06	60	12	CS49	R1	0.0047125861884378	0	12
P06	60	13	CS49	R2	0.00358731090455892	0	14
P06	60	14	CS51	R1	-0.00111448928716	0	14
P06	60	15	CS51	R2	-0.000580223451785927	0	12
P06	60	16	CS53	R1	-0.00521739039898961	0	12
P06	60	17	CS53	R2	0.00628775306247277	0	8
P06	60	18	CS54	R1	-0.00247670418691518	0	7
P06	60	19	CS54	R2	0.0106791522488228	0	7
P06	60	20	CS55	R1	0.0011099897827301	0	14
P06	60	21	CS55	R2	-0.00348727093793318	0	14
P06	60	22	CS56	R1	0.000621080454481485	0	12
P06	60	23	CS56	R2	0.00567003006931265	0	12
P06	60	24	CS57	R1	-0.00442673198930726	0	12
P06	60	25	CS57	R2	-0.00253446149271123	0	12
P06	60	26	CS58	R1	-0.00446939730392991	0	7
P06	60	27	CS60	R1	-0.00507049031215104	0	14
P06	60	28	CS62	R1	0.010805177450228	0	7
P06	60	29	CS62	R2	-0.0091323719128863	0	7
P06	61	1	CS41	R1	0.00248535012480872	0	14
P06	61	2	CS41	R2	-0.00189797800513638	0	14
P06	61	3	CS42	R1	0.00666102689578379	0	14
P06	61	4	CS42	R2	0.00370574276238041	0	14
P06	61	5	CS43	R1	0.00184150782565101	0	14
P06	61	6	CS43	R2	0.00732859163619263	0	14
P06	61	7	CS44	R1	0.00190446198739362	0	14
P06	61	8	CS47	R1	-0.00512592476195247	0	14
P06	61	9	CS47	R2	-0.0040377239587736	0	14
P06	61	10	CS48	R1	0.00272135529706278	0	14
P06	61	11	CS48	R2	-0.00109304016964973	0	14
P06	61	12	CS49	R1	0.00473129397544125	0	12
P06	61	13	CS49	R2	0.0066825076529386	0	14
P06	61	14	CS51	R1	0.00214497916455451	0	14
P06	61	15	CS51	R2	0.012862274788498	0	12
P06	61	16	CS53	R1	0.00417998782623777	0	12
P06	61	17	CS53	R2	0.00528147800177725	0	8
P06	61	18	CS54	R1	-0.0243055929962643	0	7
P06	61	19	CS54	R2	-0.00248645748991992	0	7
P06	61	20	CS55	R1	-0.000209760696929172	0	14
P06	61	21	CS55	R2	-0.00308975229312733	0	14
P06	61	22	CS56	R1	0.0079695597417896	0	12
P06	61	23	CS56	R2	-0.0033365526249598	0	12
P06	61	24	CS57	R1	-0.00251687649672208	0	12
P06	61	25	CS57	R2	0.00724454422076387	0	12
P06	61	26	CS58	R1	-0.000539823924034168	0	7
P06	61	27	CS60	R1	-0.00475580980237969	0	14
P06	61	28	CS62	R1	0.00421978461368096	0	7
P06	61	29	CS62	R2	0.0078592036302727	0	7
P06	62	1	CS41	R1	0.00394142559215976	0	14
P06	62	2	CS41	R2	-0.000711381623386961	0	14
P06	62	3	CS42	R1	0.00227222735767407	0	14
P06	62	4	CS42	R2	-0.00805997109894697	0	14
P06	62	5	CS43	R1	0.00352953467167104	0	14
P06	62	6	CS43	R2	-0.00345267815714034	0	14
P06	62	7	CS44	R1	-0.00949590801561228	0	14
P06	62	8	CS47	R1	-0.00212180009023493	0	14
P06	62	9	CS47	R2	0.00631753046685862	0	14
P06	62	10	CS48	R1	0.0217251281087369	0	14
P06	62	11	CS48	R2	-0.00317678812357478	0	14
P06	62	12	CS49	R1	-0.000533750663118562	0	12
P06	62	13	CS49	R2	-0.000981866370537498	0	14
P06	62	14	CS51	R1	-0.00631541070300567	0	14
P06	62	15	CS51	R2	-0.00592453571701041	0	12
P06	62	16	CS53	R1	0.00620138113143608	0	12
P06	62	17	CS53	R2	-0.0101924612538673	0	8
P06	62	18	CS54	R1	-0.0042364235442897	0	7
P06	62	19	CS54	R2	0.0101083194595356	0	7
P06	62	20	CS55	R1	0.00345682848350248	0	14
P06	62	21	CS55	R2	-0.00423428043799537	0	14
P06	62	22	CS56	R1	-0.00604758044912644	0	12
P06	62	23	CS56	R2	0.00992012194584433	0	12
P06	62	24	CS57	R1	0.000910359872717162	0	12
P06	62	25	CS57	R2	0.00157049142178456	0	12
P06	62	26	CS58	R1	-4.18792067944109e-05	0	7
P06	62	27	CS60	R1	-0.00993544433220505	0	14
P06	62	28	CS62	R1	0.00292111425146277	0	7
P06	62	29	CS62	R2	-0.0043194239777223	0	7
P06	63	1	CS41	R1	0.00268960207778725	0	14
P06	63	2	CS41	R2	-0.00055781949462278	0	14
P06	63	3	CS42	R1	0.00554564960183729	0	14
P06	63	4	CS42	R2	-0.00038089923982943	0	14
P06	63	5	CS43	R1	0.00164690887513445	0	14
P06	63	6	CS43	R2	0.00718457831780135	0	14
P06	63	7	CS44	R1	-0.00283771407004506	0	14
P06	63	8	CS47	R1	0.00462273127777214	0	14
P06	63	9	CS47	R2	-0.00679650615749638	0	14
P06	63	10	CS48	R1	0.00272996776620264	0	14
P06	63	11	CS48	R2	-0.0112499076765408	0	14
P06	63	12	CS49	R1	0.00137226466960621	0	12
P06	63	13	CS49	R2	-0.00950987258976603	0	14
P06	63	14	CS51	R1	-0.0111999786172281	0	14
P06	63	15	CS51	R2	0.00739901896036374	0	12
P06	63	16	CS53	R1	-0.00320440532500021	0	12
P06	63	17	CS53	R2	0.000340589616510989	0	8
P06	63	18	CS54	R1	0.00423390950558461	0	7
P06	63	19	CS54	R2	0.001349574654537	0	7
P06	63	20	CS55	R1	0.0132264056894056	0	14
P06	63	21	CS55	R2	0.00473971117218901	0	14
P06	63	22	CS56	R1	0.000612739281778974	0	12
P06	63	23	CS56	R2	0.005437191509928	0	12
P06	63	24	CS57	R1	0.0027228391922731	0	12
P06	63	25	CS57	R2	0.00758053528478557	0	12
P06	63	26	CS58	R1	-0.0149985847696575	0	7
P06	63	27	CS60	R1	0.0032543350903125	0	14
P06	63	28	CS62	R1	-0.020900460874985	0	7
P06	63	29	CS62	R2	0.00491244905585258	0	7
P06	64	1	CS41	R1	0.00165269866301852	0	14
P06	64	2	CS41	R2	0.0024489699622554	0	14
P06	64	3	CS42	R1	0.00404706634797101	0	14
P06	64	4	CS42	R2	-0.003376735325547	0	14
P06	64	5	CS43	R1	0.0030780727934457	0	14
P06	64	6	CS43	R2	0.0120790555930312	0	14
P06	64	7	CS44	R1	0.0108026446268054	0	14
P06	64	8	CS47	R1	0.00704726440657819	0	14
P06	64	9	CS47	R2	-0.00913985351433876	0	14
P06	64	10	CS48	R1	-0.00452391024819974	0	14
P06	64	11	CS48	R2	0.00043791868493125	0	14
P06	64	12	CS49	R1	0.00424139956933927	0	12
P06	64	13	CS49	R2	-0.000521039096831349	0	14
P06	64	14	CS51	R1	0.0110529965640481	0	14
P06	64	15	CS51	R2	0.00194646020336151	0	12
P06	64	16	CS53	R1	-0.000128602372890664	0	12
P06	64	17	CS53	R2	0.00551476708549882	0	8
P06	64	18	CS54	R1	0.00226647609552855	0	7
P06	64	19	CS54	R2	-0.0107237158594828	0	7
P06	64	20	CS55	R1	0.000222808673933377	0	14
P06	64	21	CS55	R2	0.00791888907299177	0	14
P06	64	22	CS56	R1	0.00500223540870126	0	12
P06	64	23	CS56	R2	-0.00475514582749083	0	12
P06	64	24	CS57	R1	-0.00531456827482745	0	12
P06	64	25	CS57	R2	0.0127411148786468	0	12
P06	64	26	CS58	R1	-0.00299590698447787	0	7
P06	64	27	CS60	R1	0.00449584475553486	0	14
P06	64	28	CS62	R1	-0.00978455194797452	0	7
P06	64	29	CS62	R2	0.0055383145618772	0	7
P07	1	1	CS41	R1	-0.00467445573498145	0	14
P07	1	2	CS41	R2	-0.0137556038700233	0	14
P07	1	3	CS42	R1	-0.00574713315944201	0	14
P07	1	4	CS42	R2	-0.00546276100827274	0	14
P07	1	5	CS43	R1	0.010178081670185	0	14
P07	1	6	CS43	R2	-0.0057047586198588	0	14
P07	1	7	CS44	R1	-0.00362666948801092	0	14
P07	1	8	CS47	R1	-0.00511053725967724	0	14
P07	1	9	CS47	R2	-0.00677571793614288	0	14
P07	1	10	CS48	R1	-0.00311860014999912	0	14
P07	1	11	CS48	R2	0.00419841201035518	0	14
P07	1	12	CS49	R1	1.78383775026954e-05	0	12
P07	1	13	CS49	R2	-0.00906274294480502	0	14
P07	1	14	CS51	R1	0.00392987440513473	0	14
P07	1	15	CS51	R2	0.00299446895646787	0	12
P07	1	16	CS53	R1	0.00207659645091236	0	12
P07	1	17	CS53	R2	0.00343857853803213	0	8
P07	1	18	CS54	R1	-0.0024666763224554	0	7
P07	1	19	CS54	R2	-0.00700546021416038	0	7
P07	1	20	CS55	R1	0.0132220239043647	0	14
P07	1	21	CS55	R2	-0.00247029321120573	0	14
P07	1	22	CS56	R1	-0.00409798978280499	0	12
P07	1	23	CS56	R2	-0.00703805040163589	0	12
P07	1	24	CS57	R1	0.00851419645001542	0	12
P07	1	25	CS57	R2	0.000101453342689515	0	12
P07	1	26	CS58	R1	0.0084279223158662	0	7
P07	1	27	CS60	R1	0.00439198025718785	0	14
P07	1	28	CS62	R1	-0.00503742141004883	0	7
P07	1	29	CS62	R2	0.00959582486946084	0	7
P07	2	1	CS41	R1	-0.00604543079555821	0	14
P07	2	2	CS41	R2	0.000703362453516182	0	14
P07	2	3	CS42	R1	-0.00665132441390931	0	14
P07	2	4	CS42	R2	-0.00771088461166	0	14
P07	2	5	CS43	R1	0.00363395468740486	0	14
P07	2	6	CS43	R2	-0.00157862883072977	0	14
P07	2	7	CS44	R1	0.0119325997859127	0	14
P07	2	8	CS47	R1	-0.00609246333900902	0	14
P07	2	9	CS47	R2	-0.00102257879365504	0	14
P07	2	10	CS48	R1	-0.00192169236015078	0	14
P07	2	11	CS48	R2	0.00114563177010754	0	14
P07	2	12	CS49	R1	0.00123239666766091	0	12
P07	2	13	CS49	R2	0.00430131786018704	0	14
P07	2	14	CS51	R1	-9.61756919830624e-05	0	14
P07	2	15	CS51	R2	0.00221493718093427	0	12
P07	2	16	CS53	R1	-0.0118963139475969	0	12
P07	2	17	CS53	R2	0.0174146166531079	0	8
P07	2	18	CS54	R1	0.00189153035706583	0	7
P07	2	19	CS54	R2	-0.000568646565607149	0	7
P07	2	20	CS55	R1	0.00661307260130909	0	14
P07	2	21	CS55	R2	-0.0030859194001838	0	14
P07	2	22	CS56	R1	-0.0158791644944507	0	12
P07	2	23	CS56	R2	0.000116109429802907	0	12
P07	2	24	CS57	R1	0.00214931664851273	0	12
P07	2	25	CS57	R2	-0.00260671859235974	0	12
P07	2	26	CS58	R1	0.016646010252833	0	7
P07	2	27	CS60	R1	-0.00169945308858911	0	14
P07	2	28	CS62	R1	0.00267184518262314	0	7
P07	2	29	CS62	R2	-0.00322146933385147	0	7
P07	3	1	CS41	R1	0.00470865294115898	0	14
P07	3	2	CS41	R2	0.00630362375087088	0	14
P07	3	3	CS42	R1	0.0104668194895092	0	14
P07	3	4	CS42	R2	-0.00773849694002155	0	14
P07	3	5	CS43	R1	-7.11321879457256e-05	0	14
P07	3	6	CS43	R2	-0.00612002756458353	0	14
P07	3	7	CS44	R1	0.00614308095604877	0	14
P07	3	8	CS47	R1	-0.00258940375768382	0	14
P07	3	9	CS47	R2	-0.00141075104655262	0	14
P07	3	10	CS48	R1	0.00782237706145929	0	14
P07	3	11	CS48	R2	-0.000723175791789299	0	14
P07	3	12	CS49	R1	-0.00140448140709046	0	12
P07	3	13	CS49	R2	-0.00321281224548817	0	14
P07	3	14	CS51	R1	0.00815556083257936	0	14
P07	3	15	CS51	R2	-0.000106544293792615	0	12
P07	3	16	CS53	R1	0.00312446675978198	0	12
P07	3	17	CS53	R2	0.00466748988787846	0	8
P07	3	18	CS54	R1	-0.00292963197484959	0	7
P07	3	19	CS54	R2	0.00196776028933129	0	7
P07	3	20	CS55	R1	0.00263260363496178	0	14
P07	3	21	CS55	R2	0.00907974651690291	0	14
P07	3	22	CS56	R1	-0.00443137091947366	0	12
P07	3	23	CS56	R2	-0.00450000144991669	0	12
P07	3	24	CS57	R1	-0.00257896854849332	0	12
P07	3	25	CS57	R2	-0.00611201219535063	0	12
P07	3	26	CS58	R1	-0.00267289539469323	0	7
P07	3	27	CS60	R1	0.00473756362500894	0	14
P07	3	28	CS62	R1	-0.00529050422237922	0	7
P07	3	29	CS62	R2	-0.0040495964737326	0	7
P07	4	1	CS41	R1	-0.00277121627956987	0	14
P07	4	2	CS41	R2	0.00608904374845182	0	14
P07	4	3	CS42	R1	0.00205832987846183	0	14
P07	4	4	CS42	R2	0.00393104456100654	0	14
P07	4	5	CS43	R1	-0.00642113222808821	0	14
P07	4	6	CS43	R2	-0.00551127170279675	0	14
P07	4	7	CS44	R1	0.00275086313321338	0	14
P07	4	8	CS47	R1	0.00587151446639237	0	14
P07	4	9	CS47	R2	-0.00351029177338394	0	14
P07	4	10	CS48	R1	-0.00192127003326705	0	14
P07	4	11	CS48	R2	-0.00108575219787897	0	14
P07	4	12	CS49	R1	-0.00553014994744503	0	12
P07	4	13	CS49	R2	-0.00869270150432574	0	14
P07	4	14	CS51	R1	0.0092490540173231	0	14
P07	4	15	CS51	R2	0.0110287741834007	0	12
P07	4	16	CS53	R1	-0.00634953613625164	0	12
P07	4	17	CS53	R2	0.00185970946214877	0	8
P07	4	18	CS54	R1	0.00336864563661578	0	7
P07	4	19	CS54	R2	-0.000494558747015763	0	7
P07	4	20	CS55	R1	-0.00653807419329533	0	14
P07	4	21	CS55	R2	-0.0101108484230697	0	14
P07	4	22	CS56	R1	0.0025393380747512	0	12
P07	4	23	CS56	R2	-0.00746199547089984	0	12
P07	4	24	CS57	R1	-0.0138985387592646	0	12
P07	4	25	CS57	R2	-0.0033223551064739	0	12
P07	4	26	CS58	R1	0.00684975221172673	0	7
P07	4	27	CS60	R1	0.00410031463677501	0	14
P07	4	28	CS62	R1	0.00944767660909419	0	7
P07	4	29	CS62	R2	-0.0048547753826507	0	7
P07	5	1	CS41	R1	-2.98139238622116e-06	0	14
P07	5	2	CS41	R2	-0.00363823982330912	0	14
P07	5	3	CS42	R1	0.00815273889784162	0	14
P07	5	4	CS42	R2	0.0033363235051713	0	14
P07	5	5	CS43	R1	-0.0022089054779004	0	14
P07	5	6	CS43	R2	0.00519102506339225	0	14
P07	5	7	CS44	R1	-0.00331977659745649	0	14
P07	5	8	CS47	R1	0.00384924890804115	0	14
P07	5	9	CS47	R2	0.00136709098221469	0	14
P07	5	10	CS48	R1	-0.00650089730919377	0	14
P07	5	11	CS48	R2	-0.00622153641454612	0	14
P07	5	12	CS49	R1	0.00325595650239623	0	12
P07	5	13	CS49	R2	0.0128716765530046	0	14
P07	5	14	CS51	R1	0.0062499752551883	0	14
P07	5	15	CS51	R2	0.000537304765403832	0	12
P07	5	16	CS53	R1	-0.00261446470068209	0	12
P07	5	17	CS53	R2	0.0123925474809274	0	8
P07	5	18	CS54	R1	-0.00131728270565279	0	7
P07	5	19	CS54	R2	0.00134285570890828	0	7
P07	5	20	CS55	R1	0.00153429109725434	0	14
P07	5	21	CS55	R2	0.00749699551758023	0	14
P07	5	22	CS56	R1	0.00859687530839528	0	12
P07	5	23	CS56	R2	-0.00867362483068752	0	12
P07	5	24	CS57	R1	-0.00157944910779742	0	12
P07	5	25	CS57	R2	0.00170353373397977	0	12
P07	5	26	CS58	R1	0.00284803456476702	0	7
P07	5	27	CS60	R1	-0.00336945571144604	0	14
P07	5	28	CS62	R1	0.0139711878826955	0	7
P07	5	29	CS62	R2	-0.0075479281910373	0	7
P07	6	1	CS41	R1	0.00272162112700731	0	14
P07	6	2	CS41	R2	0.00161161545540533	0	14
P07	6	3	CS42	R1	0.00532688305718029	0	14
P07	6	4	CS42	R2	-0.00481891246872973	0	14
P07	6	5	CS43	R1	-9.66582150030586e-05	0	14
P07	6	6	CS43	R2	-0.00821777631401898	0	14
P07	6	7	CS44	R1	0.0028491432336951	0	14
P07	6	8	CS47	R1	-6.33253824866296e-05	0	14
P07	6	9	CS47	R2	0.00334464421031292	0	14
P07	6	10	CS48	R1	0.00517846541584196	0	14
P07	6	11	CS48	R2	0.00212865866651548	0	14
P07	6	12	CS49	R1	0.0113167605588271	0	12
P07	6	13	CS49	R2	-0.000293106171031265	0	14
P07	6	14	CS51	R1	-0.000227821239969854	0	14
P07	6	15	CS51	R2	0.00584008685977895	0	12
P07	6	16	CS53	R1	-0.0045420847245025	0	12
P07	6	17	CS53	R2	-0.000521371474922878	0	8
P07	6	18	CS54	R1	5.01221609198231e-05	0	7
P07	6	19	CS54	R2	0.0144946381535313	0	7
P07	6	20	CS55	R1	-0.00679849976225834	0	14
P07	6	21	CS55	R2	0.00177499683586266	0	14
P07	6	22	CS56	R1	-0.00242782362944258	0	12
P07	6	23	CS56	R2	-0.0084867243319615	0	12
P07	6	24	CS57	R1	0.00295152000343641	0	12
P07	6	25	CS57	R2	-0.00438331162283197	0	12
P07	6	26	CS58	R1	-0.00972587085483636	0	7
P07	6	27	CS60	R1	0.000115559611160301	0	14
P07	6	28	CS62	R1	-0.00890922690806229	0	7
P07	6	29	CS62	R2	-0.00651949219490238	0	7
P07	7	1	CS41	R1	-0.00480960419055468	0	14
P07	7	2	CS41	R2	-0.00427401656996126	0	14
P07	7	3	CS42	R1	-0.00501947144345589	0	14
P07	7	4	CS42	R2	0.000754732867831084	0	14
P07	7	5	CS43	R1	-0.00204023437234793	0	14
P07	7	6	CS43	R2	0.00104745818158643	0	14
P07	7	7	CS44	R1	0.00017166415764827	0	14
P07	7	8	CS47	R1	-0.000555741580661878	0	14
P07	7	9	CS47	R2	0.00203204128325171	0	14
P07	7	10	CS48	R1	-0.0040189215865531	0	14
P07	7	11	CS48	R2	0.00230184307254789	0	14
P07	7	12	CS49	R1	-0.000498332483308522	0	12
P07	7	13	CS49	R2	-0.00725206966368147	0	14
P07	7	14	CS51	R1	0.00762668880775953	0	14
P07	7	15	CS51	R2	0.00151448392931265	0	12
P07	7	16	CS53	R1	0.0126830509596036	0	12
P07	7	17	CS53	R2	-0.0109996631448984	0	8
P07	7	18	CS54	R1	0.0100827102366654	0	7
P07	7	19	CS54	R2	0.00103087191013113	0	7
P07	7	20	CS55	R1	0.00302812097051505	0	14
P07	7	21	CS55	R2	-0.00145353882217138	0	14
P07	7	22	CS56	R1	0.0013988386396448	0	12
P07	7	23	CS56	R2	-0.00180529305320188	0	12
P07	7	24	CS57	R1	-0.00631760825868308	0	12
P07	7	25	CS57	R2	0.0113080873848641	0	12
P07	7	26	CS58	R1	-0.00884411681637128	0	7
P07	7	27	CS60	R1	-0.0137451671037355	0	14
P07	7	28	CS62	R1	0.00288641923133857	0	7
P07	7	29	CS62	R2	0.00467065128364778	0	7
P07	8	1	CS41	R1	-0.0109649990985261	0	14
P07	8	2	CS41	R2	0.00180731724866365	0	14
P07	8	3	CS42	R1	0.00173084553481028	0	14
P07	8	4	CS42	R2	0.0059580128947496	0	14
P07	8	5	CS43	R1	0.00589951804726404	0	14
P07	8	6	CS43	R2	-0.00238195027238328	0	14
P07	8	7	CS44	R1	-0.000841560805106182	0	14
P07	8	8	CS47	R1	-0.00946944435637937	0	14
P07	8	9	CS47	R2	0.00947494489052833	0	14
P07	8	10	CS48	R1	0.00840604831999827	0	14
P07	8	11	CS48	R2	0.00117449416776863	0	14
P07	8	12	CS49	R1	-0.00391490256855931	0	12
P07	8	13	CS49	R2	0.00772384060589638	0	14
P07	8	14	CS51	R1	0.00271676411019812	0	14
P07	8	15	CS51	R2	-0.00468355715677655	0	12
P07	8	16	CS53	R1	0.0115718416277677	0	12
P07	8	17	CS53	R2	-0.00721197694357433	0	8
P07	8	18	CS54	R1	-0.0038172826458447	0	7
P07	8	19	CS54	R2	-0.00312650828275495	0	7
P07	8	20	CS55	R1	-0.00533679967509208	0	14
P07	8	21	CS55	R2	0.00291762283957654	0	14
P07	8	22	CS56	R1	-0.012881721129216	0	12
P07	8	23	CS56	R2	0.013333636105811	0	12
P07	8	24	CS57	R1	0.00519202643031404	0	12
P07	8	25	CS57	R2	0.00105886746430988	0	12
P07	8	26	CS58	R1	0.00127783827187001	0	7
P07	8	27	CS60	R1	0.00253107981123892	0	14
P07	8	28	CS62	R1	0.0102716039572016	0	7
P07	8	29	CS62	R2	0.00484959378135704	0	7
P07	9	1	CS41	R1	-0.0154634815666523	0	14
P07	9	2	CS41	R2	-0.00534261188788974	0	14
P07	9	3	CS42	R1	-0.00343752870823792	0	14
P07	9	4	CS42	R2	0.00198256507122935	0	14
P07	9	5	CS43	R1	0.0126199875943049	0	14
P07	9	6	CS43	R2	-0.000629915379733709	0	14
P07	9	7	CS44	R1	9.2445923103728e-05	0	14
P07	9	8	CS47	R1	-0.00651437613780264	0	14
P07	9	9	CS47	R2	-0.000778178126837405	0	14
P07	9	10	CS48	R1	-0.000949258775946243	0	14
P07	9	11	CS48	R2	-0.00111313283032299	0	14
P07	9	12	CS49	R1	-0.00589000494384547	0	12
P07	9	13	CS49	R2	-0.00692113415369873	0	14
P07	9	14	CS51	R1	0.0137608552738673	0	14
P07	9	15	CS51	R2	-0.00736955516924596	0	12
P07	9	16	CS53	R1	0.000744064594717176	0	12
P07	9	17	CS53	R2	-0.00569125547101516	0	8
P07	9	18	CS54	R1	0.0153897532997868	0	7
P07	9	19	CS54	R2	-0.000448916238974886	0	7
P07	9	20	CS55	R1	0.00379123204607038	0	14
P07	9	21	CS55	R2	-0.00261998449661051	0	14
P07	9	22	CS56	R1	0.00261371640553227	0	12
P07	9	23	CS56	R2	5.3141372461804e-05	0	12
P07	9	24	CS57	R1	-7.66696057163062e-05	0	12
P07	9	25	CS57	R2	-0.000933801548097661	0	12
P07	9	26	CS58	R1	0.00318636878212037	0	7
P07	9	27	CS60	R1	0.00541698108249982	0	14
P07	9	28	CS62	R1	-0.00197548319534983	0	7
P07	9	29	CS62	R2	0.00668919643461371	0	7
P07	10	1	CS41	R1	-0.0072248164403481	0	14
P07	10	2	CS41	R2	0.00313495120053125	0	14
P07	10	3	CS42	R1	0.0104310407031245	0	14
P07	10	4	CS42	R2	0.00314456997926728	0	14
P07	10	5	CS43	R1	-0.00240342994333062	0	14
P07	10	6	CS43	R2	0.00557289172403808	0	14
P07	10	7	CS44	R1	0.00218572558154042	0	14
P07	10	8	CS47	R1	-0.00743414017739245	0	14
P07	10	9	CS47	R2	0.0116748832343832	0	14
P07	10	10	CS48	R1	0.000696454268899681	0	14
P07	10	11	CS48	R2	-0.00470410047398444	0	14
P07	10	12	CS49	R1	-0.00637675178022942	0	12
P07	10	13	CS49	R2	-0.00568858578637259	0	14
P07	10	14	CS51	R1	-0.00611654869789467	0	14
P07	10	15	CS51	R2	0.00210339511478902	0	12
P07	10	16	CS53	R1	-0.00409507028181686	0	12
P07	10	17	CS53	R2	-0.00618690555754352	0	8
P07	10	18	CS54	R1	0.00398877532133932	0	7
P07	10	19	CS54	R2	-0.00689244097481774	0	7
P07	10	20	CS55	R1	0.000163622450141132	0	14
P07	10	21	CS55	R2	0.00773118473912988	0	14
P07	10	22	CS56	R1	-0.00156745095225916	0	12
P07	10	23	CS56	R2	-0.00680643532527273	0	12
P07	10	24	CS57	R1	-0.00188663900186285	0	12
P07	10	25	CS57	R2	0.00444708441930583	0	12
P07	10	26	CS58	R1	-0.00711626537137494	0	7
P07	10	27	CS60	R1	-0.00530098015843814	0	14
P07	10	28	CS62	R1	0.0017810661623174	0	7
P07	10	29	CS62	R2	-0.0123747239964817	0	7
P07	11	1	CS41	R1	-0.00720580208601425	0	14
P07	11	2	CS41	R2	-0.0043159727470264	0	14
P07	11	3	CS42	R1	0.0031513068212381	0	14
P07	11	4	CS42	R2	0.000434592784095153	0	14
P07	11	5	CS43	R1	-0.000846598550359887	0	14
P07	11	6	CS43	R2	-0.00260788187946559	0	14
P07	11	7	CS44	R1	0.00307907282550058	0	14
P07	11	8	CS47	R1	-0.00524221964272878	0	14
P07	11	9	CS47	R2	-0.00691822955284811	0	14
P07	11	10	CS48	R1	0.00263466752812341	0	14
P07	11	11	CS48	R2	0.00245436384412636	0	14
P07	11	12	CS49	R1	-0.00659998812442434	0	12
P07	11	13	CS49	R2	0.00950351361344083	0	14
P07	11	14	CS51	R1	0.00895702027640289	0	14
P07	11	15	CS51	R2	0.0015651846035406	0	12
P07	11	16	CS53	R1	-0.00034545047146097	0	12
P07	11	17	CS53	R2	-0.00234309713610955	0	8
P07	11	18	CS54	R1	-0.00471010855955068	0	7
P07	11	19	CS54	R2	-0.000805062071925349	0	7
P07	11	20	CS55	R1	-9.87381187907204e-05	0	14
P07	11	21	CS55	R2	-0.00415930986182642	0	14
P07	11	22	CS56	R1	-0.00590722568838364	0	12
P07	11	23	CS56	R2	-0.00569735762974349	0	12
P07	11	24	CS57	R1	-0.00389599387697664	0	12
P07	11	25	CS57	R2	-0.0120445779347902	0	12
P07	11	26	CS58	R1	0.0117756434894101	0	7
P07	11	27	CS60	R1	-0.000684216747245975	0	14
P07	11	28	CS62	R1	0.000525768756118382	0	7
P07	11	29	CS62	R2	-0.00750827043960102	0	7
P07	12	1	CS41	R1	0.00199985574735812	0	14
P07	12	2	CS41	R2	0.00416149346355937	0	14
P07	12	3	CS42	R1	-9.20070878494793e-05	0	14
P07	12	4	CS42	R2	0.0105125698820618	0	14
P07	12	5	CS43	R1	-0.00562329539733819	0	14
P07	12	6	CS43	R2	-0.000626370055885317	0	14
P07	12	7	CS44	R1	-0.000928796097375312	0	14
P07	12	8	CS47	R1	-0.00324712934325936	0	14
P07	12	9	CS47	R2	-0.00316017975518288	0	14
P07	12	10	CS48	R1	0.0021610845664527	0	14
P07	12	11	CS48	R2	-0.000265396243178844	0	14
P07	12	12	CS49	R1	-0.00579382192650241	0	12
P07	12	13	CS49	R2	-0.00515659595864455	0	14
P07	12	14	CS51	R1	-0.00024091973587039	0	14
P07	12	15	CS51	R2	-0.00963212174059355	0	12
P07	12	16	CS53	R1	0.00591968934779456	0	12
P07	12	17	CS53	R2	-0.0136942239294504	0	8
P07	12	18	CS54	R1	0.0101309836063644	0	7
P07	12	19	CS54	R2	-0.00246389824002748	0	7
P07	12	20	CS55	R1	0.00380641841937918	0	14
P07	12	21	CS55	R2	-0.0030109434751667	0	14
P07	12	22	CS56	R1	-0.0103215045683866	0	12
P07	12	23	CS56	R2	-0.000327876181465064	0	12
P07	12	24	CS57	R1	-0.000171877707964013	0	12
P07	12	25	CS57	R2	0.00290680502006977	0	12
P07	12	26	CS58	R1	0.00544900807277197	0	7
P07	12	27	CS60	R1	-0.00253384230807688	0	14
P07	12	28	CS62	R1	-0.00119483339167127	0	7
P07	12	29	CS62	R2	-0.00844822802697684	0	7
P07	13	1	CS41	R1	-0.00371540827965517	0	14
P07	13	2	CS41	R2	-0.0141464051908264	0	14
P07	13	3	CS42	R1	0.0027938950283358	0	14
P07	13	4	CS42	R2	0.00252511675418416	0	14
P07	13	5	CS43	R1	-0.00314658310474682	0	14
P07	13	6	CS43	R2	-0.000154295190755374	0	14
P07	13	7	CS44	R1	0.014127573174315	0	14
P07	13	8	CS47	R1	0.00243745269275941	0	14
P07	13	9	CS47	R2	0.000756070289729064	0	14
P07	13	10	CS48	R1	-0.00081135997250941	0	14
P07	13	11	CS48	R2	0.000411137705901362	0	14
P07	13	12	CS49	R1	8.46927127018278e-05	0	12
P07	13	13	CS49	R2	0.00023400545552366	0	14
P07	13	14	CS51	R1	0.00187368900433688	0	14
P07	13	15	CS51	R2	0.00231245795682003	0	12
P07	13	16	CS53	R1	-0.0111612621246445	0	12
P07	13	17	CS53	R2	-0.0040171973228741	0	8
P07	13	18	CS54	R1	0.0151903994871673	0	7
P07	13	19	CS54	R2	-0.00810118808674107	0	7
P07	13	20	CS55	R1	-0.00111578255167202	0	14
P07	13	21	CS55	R2	-0.000793983858145121	0	14
P07	13	22	CS56	R1	0.00136212859687504	0	12
P07	13	23	CS56	R2	-0.00137163539143444	0	12
P07	13	24	CS57	R1	0.00318146964248789	0	12
P07	13	25	CS57	R2	0.00467838600841799	0	12
P07	13	26	CS58	R1	0.000979524812137879	0	7
P07	13	27	CS60	R1	0.00248485507131555	0	14
P07	13	28	CS62	R1	0.00481582573419917	0	7
P07	13	29	CS62	R2	-0.0136576519021324	0	7
P07	14	1	CS41	R1	-0.00649977127325304	0	14
P07	14	2	CS41	R2	-0.000468255809703984	0	14
P07	14	3	CS42	R1	-0.00931246045174148	0	14
P07	14	4	CS42	R2	0.000545340135173171	0	14
P07	14	5	CS43	R1	-0.00626635220764942	0	14
P07	14	6	CS43	R2	0.00232634701148095	0	14
P07	14	7	CS44	R1	0.00206365856712616	0	14
P07	14	8	CS47	R1	-0.0070620059992263	0	14
P07	14	9	CS47	R2	0.00544688405084232	0	14
P07	14	10	CS48	R1	0.00513096817737868	0	14
P07	14	11	CS48	R2	-0.010519682554695	0	14
P07	14	12	CS49	R1	0.00148433021650083	0	12
P07	14	13	CS49	R2	-0.0111924858536409	0	14
P07	14	14	CS51	R1	-0.00158040255957691	0	14
P07	14	15	CS51	R2	0.00642918029448077	0	12
P07	14	16	CS53	R1	0.00117791844669122	0	12
P07	14	17	CS53	R2	-0.0119895230086448	0	8
P07	14	18	CS54	R1	0.0048287702154522	0	7
P07	14	19	CS54	R2	-0.0120396548980813	0	7
P07	14	20	CS55	R1	-0.00109623830531115	0	14
P07	14	21	CS55	R2	0.0023738854556599	0	14
P07	14	22	CS56	R1	-0.00250288563441378	0	12
P07	14	23	CS56	R2	0.00595517659036573	0	12
P07	14	24	CS57	R1	-0.00853853578462239	0	12
P07	14	25	CS57	R2	0.00851025757951906	0	12
P07	14	26	CS58	R1	-0.00403163310160872	0	7
P07	14	27	CS60	R1	-0.000758856464366023	0	14
P07	14	28	CS62	R1	-0.00604511542783884	0	7
P07	14	29	CS62	R2	-0.00783499014827863	0	7
P07	15	1	CS41	R1	-0.00106402697228207	0	14
P07	15	2	CS41	R2	-2.11715164506638e-05	0	14
P07	15	3	CS42	R1	-0.0031368951157179	0	14
P07	15	4	CS42	R2	0.00172482791447157	0	14
P07	15	5	CS43	R1	-0.0016099809508241	0	14
P07	15	6	CS43	R2	0.00527986051526929	0	14
P07	15	7	CS44	R1	-0.00102221324030164	0	14
P07	15	8	CS47	R1	0.00408302377144662	0	14
P07	15	9	CS47	R2	0.00384684522123715	0	14
P07	15	10	CS48	R1	0.00619175917151218	0	14
P07	15	11	CS48	R2	0.00515598711888733	0	14
P07	15	12	CS49	R1	-0.00840481636409212	0	12
P07	15	13	CS49	R2	-0.0025669525934338	0	14
P07	15	14	CS51	R1	-0.00158172920231586	0	14
P07	15	15	CS51	R2	0.00271047172938663	0	12
P07	15	16	CS53	R1	0.00378535248084049	0	12
P07	15	17	CS53	R2	0.00159500400788388	0	8
P07	15	18	CS54	R1	0.0030708666794608	0	7
P07	15	19	CS54	R2	0.0105009781492729	0	7
P07	15	20	CS55	R1	-0.00570792931912442	0	14
P07	15	21	CS55	R2	0.00329639482594892	0	14
P07	15	22	CS56	R1	-0.000971806708853711	0	12
P07	15	23	CS56	R2	-0.00706520783615407	0	12
P07	15	24	CS57	R1	-0.00261990364479356	0	12
P07	15	25	CS57	R2	-0.00290279574501089	0	12
P07	15	26	CS58	R1	0.00970234059609247	0	7
P07	15	27	CS60	R1	0.00670332118734469	0	14
P07	15	28	CS62	R1	0.00918143011516287	0	7
P07	15	29	CS62	R2	0.00639176859525814	0	7
P07	16	1	CS41	R1	-0.00251427670805752	0	14
P07	16	2	CS41	R2	-0.0014494204451662	0	14
P07	16	3	CS42	R1	-0.00236270402921749	0	14
P07	16	4	CS42	R2	-0.00640499328632107	0	14
P07	16	5	CS43	R1	0.00188228136959419	0	14
P07	16	6	CS43	R2	-0.00998873035063277	0	14
P07	16	7	CS44	R1	0.00348287064997336	0	14
P07	16	8	CS47	R1	-0.00238797174161538	0	14
P07	16	9	CS47	R2	-0.00160941797812625	0	14
P07	16	10	CS48	R1	0.00728820059141445	0	14
P07	16	11	CS48	R2	0.0016852928967485	0	14
P07	16	12	CS49	R1	-0.0132097269985787	0	12
P07	16	13	CS49	R2	-0.00609057615749213	0	14
P07	16	14	CS51	R1	-0.0149079705532623	0	14
P07	16	15	CS51	R2	-0.00563360806729542	0	12
P07	16	16	CS53	R1	0.000331388068926191	0	12
P07	16	17	CS53	R2	0.000824520504422925	0	8
P07	16	18	CS54	R1	0.000765529975079084	0	7
P07	16	19	CS54	R2	-0.00234228460751121	0	7
P07	16	20	CS55	R1	-0.00948310076214498	0	14
P07	16	21	CS55	R2	0.00208782807606712	0	14
P07	16	22	CS56	R1	-0.000631729905248848	0	12
P07	16	23	CS56	R2	0.00582958976016646	0	12
P07	16	24	CS57	R1	-0.00662715257195629	0	12
P07	16	25	CS57	R2	0.00201676700056588	0	12
P07	16	26	CS58	R1	0.00694374017138107	0	7
P07	16	27	CS60	R1	0.00128274499495405	0	14
P07	16	28	CS62	R1	-0.0161941358697751	0	7
P07	16	29	CS62	R2	0.00734879908593229	0	7
P07	17	1	CS41	R1	0.00105599111633732	0	14
P07	17	2	CS41	R2	-0.00112408872872857	0	14
P07	17	3	CS42	R1	-0.00135387013929923	0	14
P07	17	4	CS42	R2	0.000971845498707344	0	14
P07	17	5	CS43	R1	0.00684481343197166	0	14
P07	17	6	CS43	R2	0.00133721287337663	0	14
P07	17	7	CS44	R1	-0.00378231163416889	0	14
P07	17	8	CS47	R1	-0.0091504264364917	0	14
P07	17	9	CS47	R2	0.00388959834279747	0	14
P07	17	10	CS48	R1	-0.0112217111069274	0	14
P07	17	11	CS48	R2	0.0124694123385837	0	14
P07	17	12	CS49	R1	-0.00612324337910079	0	12
P07	17	13	CS49	R2	0.00941428707509343	0	14
P07	17	14	CS51	R1	-0.00917196974612121	0	14
P07	17	15	CS51	R2	-0.0100543930087367	0	12
P07	17	16	CS53	R1	-0.00110893774128663	0	12
P07	17	17	CS53	R2	0.0097872709663501	0	8
P07	17	18	CS54	R1	0.00136025094922278	0	7
P07	17	19	CS54	R2	0.00384666293970833	0	7
P07	17	20	CS55	R1	-0.000566577047048953	0	14
P07	17	21	CS55	R2	0.00538147552383192	0	14
P07	17	22	CS56	R1	0.00782092823449897	0	12
P07	17	23	CS56	R2	-0.0063563471293533	0	12
P07	17	24	CS57	R1	-0.00333486367923739	0	12
P07	17	25	CS57	R2	0.0106006019771829	0	12
P07	17	26	CS58	R1	-0.00371591779979543	0	7
P07	17	27	CS60	R1	-0.00122636673486388	0	14
P07	17	28	CS62	R1	-0.000413281184135928	0	7
P07	17	29	CS62	R2	0.00400454501930211	0	7
P07	18	1	CS41	R1	-0.00605967891472291	0	14
P07	18	2	CS41	R2	0.00321720918159649	0	14
P07	18	3	CS42	R1	-0.00594141837280159	0	14
P07	18	4	CS42	R2	-0.00701225060870932	0	14
P07	18	5	CS43	R1	-0.00140461471614091	0	14
P07	18	6	CS43	R2	-0.00291333868675378	0	14
P07	18	7	CS44	R1	-0.00566859992953466	0	14
P07	18	8	CS47	R1	0.000249537319947053	0	14
P07	18	9	CS47	R2	-0.00605113454554011	0	14
P07	18	10	CS48	R1	0.00379778677893033	0	14
P07	18	11	CS48	R2	0.00471907550856508	0	14
P07	18	12	CS49	R1	-0.00676864384828663	0	12
P07	18	13	CS49	R2	-0.006580894546632	0	14
P07	18	14	CS51	R1	-0.00157548578606486	0	14
P07	18	15	CS51	R2	0.0042876807497716	0	12
P07	18	16	CS53	R1	-0.00294934259019706	0	12
P07	18	17	CS53	R2	0.00637207470362691	0	8
P07	18	18	CS54	R1	-0.0118105429053584	0	7
P07	18	19	CS54	R2	-0.0129213851002302	0	7
P07	18	20	CS55	R1	-0.00113700887808387	0	14
P07	18	21	CS55	R2	0.00498715086489095	0	14
P07	18	22	CS56	R1	-0.001798070499652	0	12
P07	18	23	CS56	R2	0.00375719736119777	0	12
P07	18	24	CS57	R1	-0.00676619688479404	0	12
P07	18	25	CS57	R2	-0.0172961166659974	0	12
P07	18	26	CS58	R1	-0.00603457279014458	0	7
P07	18	27	CS60	R1	0.00159044152199767	0	14
P07	18	28	CS62	R1	-0.000341690087546329	0	7
P07	18	29	CS62	R2	0.00235757509104309	0	7
P07	19	1	CS41	R1	0.00555783567809128	0	14
P07	19	2	CS41	R2	0.00197950023954662	0	14
P07	19	3	CS42	R1	0.00364641687502182	0	14
P07	19	4	CS42	R2	-0.00662152098007631	0	14
P07	19	5	CS43	R1	-0.000622163814726481	0	14
P07	19	6	CS43	R2	-0.00778693117658438	0	14
P07	19	7	CS44	R1	0.00190725385502212	0	14
P07	19	8	CS47	R1	-0.00310192331397659	0	14
P07	19	9	CS47	R2	-0.0064481513307116	0	14
P07	19	10	CS48	R1	0.00773290096583928	0	14
P07	19	11	CS48	R2	-0.00226477471305063	0	14
P07	19	12	CS49	R1	-0.0117556488495925	0	12
P07	19	13	CS49	R2	-0.00138125831338347	0	14
P07	19	14	CS51	R1	-0.00348868297772234	0	14
P07	19	15	CS51	R2	0.00443648334965716	0	12
P07	19	16	CS53	R1	-0.00403267052807858	0	12
P07	19	17	CS53	R2	0.0142223124318647	0	8
P07	19	18	CS54	R1	0.00013466532113374	0	7
P07	19	19	CS54	R2	0.000180695309375296	0	7
P07	19	20	CS55	R1	-0.00263227029175326	0	14
P07	19	21	CS55	R2	0.00150720622667129	0	14
P07	19	22	CS56	R1	-0.00191031729489	0	12
P07	19	23	CS56	R2	-0.0116141672519973	0	12
P07	19	24	CS57	R1	-0.000360317726896661	0	12
P07	19	25	CS57	R2	0.00406983622915951	0	12
P07	19	26	CS58	R1	0.00395124494185804	0	7
P07	19	27	CS60	R1	-0.00423059604771196	0	14
P07	19	28	CS62	R1	-0.0141854393871266	0	7
P07	19	29	CS62	R2	-0.0142889647739464	0	7
P07	20	1	CS41	R1	0.000636369378338981	0	14
P07	20	2	CS41	R2	0.00508203807659598	0	14
P07	20	3	CS42	R1	0.00161000127524019	0	14
P07	20	4	CS42	R2	0.00490359920822498	0	14
P07	20	5	CS43	R1	0.00102362910642766	0	14
P07	20	6	CS43	R2	0.00722670126428618	0	14
P07	20	7	CS44	R1	0.00613466849040357	0	14
P07	20	8	CS47	R1	-0.00821182347837171	0	14
P07	20	9	CS47	R2	-0.00596044241311534	0	14
P07	20	10	CS48	R1	-0.00379865510573812	0	14
P07	20	11	CS48	R2	0.000883089250596697	0	14
P07	20	12	CS49	R1	-0.000107874770226987	0	12
P07	20	13	CS49	R2	0.000139435107590373	0	14
P07	20	14	CS51	R1	-0.00420522383652602	0	14
P07	20	15	CS51	R2	0.00745644494134933	0	12
P07	20	16	CS53	R1	-0.000691989557383683	0	12
P07	20	17	CS53	R2	-0.0115635583235469	0	8
P07	20	18	CS54	R1	-0.0073983741733336	0	7
P07	20	19	CS54	R2	-0.00615139506668676	0	7
P07	20	20	CS55	R1	0.00268108148141303	0	14
P07	20	21	CS55	R2	-0.00649624223554512	0	14
P07	20	22	CS56	R1	-0.0140500202135062	0	12
P07	20	23	CS56	R2	-0.0056258243710056	0	12
P07	20	24	CS57	R1	-0.00091854679697168	0	12
P07	20	25	CS57	R2	0.00734836276020932	0	12
P07	20	26	CS58	R1	0.00555024714934443	0	7
P07	20	27	CS60	R1	0.013120883147006	0	14
P07	20	28	CS62	R1	-0.00179078995154754	0	7
P07	20	29	CS62	R2	-0.0047473505786845	0	7
P07	21	1	CS41	R1	0.00668556021587992	0	14
P07	21	2	CS41	R2	-0.00133383692818968	0	14
P07	21	3	CS42	R1	0.000848323075942145	0	14
P07	21	4	CS42	R2	0.00440723622707226	0	14
P07	21	5	CS43	R1	0.000553698467989007	0	14
P07	21	6	CS43	R2	-0.00597779999793718	0	14
P07	21	7	CS44	R1	-0.00226118753928537	0	14
P07	21	8	CS47	R1	-0.00760000984612141	0	14
P07	21	9	CS47	R2	-0.00399729400608436	0	14
P07	21	10	CS48	R1	-0.00481488041491982	0	14
P07	21	11	CS48	R2	-0.00763797213780793	0	14
P07	21	12	CS49	R1	-0.0102123286274237	0	12
P07	21	13	CS49	R2	-0.00183928818359712	0	14
P07	21	14	CS51	R1	-0.000828818839962321	0	14
P07	21	15	CS51	R2	0.00498047397156458	0	12
P07	21	16	CS53	R1	-0.00244000348484986	0	12
P07	21	17	CS53	R2	0.00424786579106526	0	8
P07	21	18	CS54	R1	-0.00766166000673931	0	7
P07	21	19	CS54	R2	0.00812671178973055	0	7
P07	21	20	CS55	R1	-0.00181175998270919	0	14
P07	21	21	CS55	R2	0.00220896745080593	0	14
P07	21	22	CS56	R1	-0.00240384819687956	0	12
P07	21	23	CS56	R2	0.0085086766181952	0	12
P07	21	24	CS57	R1	-0.011601328247306	0	12
P07	21	25	CS57	R2	-0.00905341119447241	0	12
P07	21	26	CS58	R1	0.00330540898003753	0	7
P07	21	27	CS60	R1	0.00175537836499616	0	14
P07	21	28	CS62	R1	0.0130323675177258	0	7
P07	21	29	CS62	R2	0.00374338520476177	0	7
P07	22	1	CS41	R1	-0.0040976908155866	0	14
P07	22	2	CS41	R2	0.0063001396880902	0	14
P07	22	3	CS42	R1	-0.00220876426479004	0	14
P07	22	4	CS42	R2	0.00276053272211312	0	14
P07	22	5	CS43	R1	-0.00564931306363681	0	14
P07	22	6	CS43	R2	-0.00113953855457946	0	14
P07	22	7	CS44	R1	0.00165149978628118	0	14
P07	22	8	CS47	R1	0.00252879309068838	0	14
P07	22	9	CS47	R2	0.00242761223666408	0	14
P07	22	10	CS48	R1	0.00183388470540918	0	14
P07	22	11	CS48	R2	-0.00358406989661897	0	14
P07	22	12	CS49	R1	-0.000364729912082773	0	12
P07	22	13	CS49	R2	-0.00162441807107778	0	14
P07	22	14	CS51	R1	-0.00208095153537681	0	14
P07	22	15	CS51	R2	-0.00321667355223965	0	12
P07	22	16	CS53	R1	0.00391947657061568	0	12
P07	22	17	CS53	R2	0.0243484370603883	0	8
P07	22	18	CS54	R1	-0.0159886981032684	0	7
P07	22	19	CS54	R2	-0.0057331378307571	0	7
P07	22	20	CS55	R1	-0.00413866460494204	0	14
P07	22	21	CS55	R2	0.00177263987662951	0	14
P07	22	22	CS56	R1	-0.00176263969391034	0	12
P07	22	23	CS56	R2	-0.00774717512033153	0	12
P07	22	24	CS57	R1	-0.00607708685231049	0	12
P07	22	25	CS57	R2	-0.00632594037221897	0	12
P07	22	26	CS58	R1	-0.00812858669588835	0	7
P07	22	27	CS60	R1	0.00528298319239958	0	14
P07	22	28	CS62	R1	-0.00694172664472065	0	7
P07	22	29	CS62	R2	0.00794556384515433	0	7
P07	23	1	CS41	R1	-0.000872226243695299	0	14
P07	23	2	CS41	R2	0.00515742387267063	0	14
P07	23	3	CS42	R1	-0.00113912885249716	0	14
P07	23	4	CS42	R2	-0.00325523123316507	0	14
P07	23	5	CS43	R1	0.00327709534741835	0	14
P07	23	6	CS43	R2	0.00130529225668274	0	14
P07	23	7	CS44	R1	-0.0010069216441476	0	14
P07	23	8	CS47	R1	0.0106255903518648	0	14
P07	23	9	CS47	R2	0.00504962799969074	0	14
P07	23	10	CS48	R1	-0.00464706051446109	0	14
P07	23	11	CS48	R2	-0.00345583131437553	0	14
P07	23	12	CS49	R1	0.00890162106381644	0	12
P07	23	13	CS49	R2	0.000142448567740505	0	14
P07	23	14	CS51	R1	0.0115686580935073	0	14
P07	23	15	CS51	R2	0.00471193639134478	0	12
P07	23	16	CS53	R1	-0.0135703097934298	0	12
P07	23	17	CS53	R2	0.0163137331843482	0	8
P07	23	18	CS54	R1	0.0031567531966345	0	7
P07	23	19	CS54	R2	0.0013414163403371	0	7
P07	23	20	CS55	R1	0.00145863149355435	0	14
P07	23	21	CS55	R2	0.00269034207963453	0	14
P07	23	22	CS56	R1	0.00146756572725619	0	12
P07	23	23	CS56	R2	0.00344462530149501	0	12
P07	23	24	CS57	R1	0.0026610802553643	0	12
P07	23	25	CS57	R2	-0.00400237678599212	0	12
P07	23	26	CS58	R1	-0.01347260218022	0	7
P07	23	27	CS60	R1	-0.00232151468883764	0	14
P07	23	28	CS62	R1	-0.00219708831254945	0	7
P07	23	29	CS62	R2	-0.00202684031817969	0	7
P07	24	1	CS41	R1	0.00128239698420124	0	14
P07	24	2	CS41	R2	0.00707521442242411	0	14
P07	24	3	CS42	R1	0.0089572117814821	0	14
P07	24	4	CS42	R2	0.00163080150624605	0	14
P07	24	5	CS43	R1	0.0114576768600842	0	14
P07	24	6	CS43	R2	0.00786157832796389	0	14
P07	24	7	CS44	R1	-0.00098774059688356	0	14
P07	24	8	CS47	R1	-0.00339818385009702	0	14
P07	24	9	CS47	R2	0.00221128103572828	0	14
P07	24	10	CS48	R1	0.00568852806089985	0	14
P07	24	11	CS48	R2	0.00139793927522799	0	14
P07	24	12	CS49	R1	0.00653639905750797	0	12
P07	24	13	CS49	R2	0.00522524747728243	0	14
P07	24	14	CS51	R1	0.000422888286308384	0	14
P07	24	15	CS51	R2	-0.00576088583093362	0	12
P07	24	16	CS53	R1	0.00385716128703213	0	12
P07	24	17	CS53	R2	-0.00390377019420525	0	8
P07	24	18	CS54	R1	-0.00795340400821235	0	7
P07	24	19	CS54	R2	-0.00128754990250218	0	7
P07	24	20	CS55	R1	-0.000226282729849584	0	14
P07	24	21	CS55	R2	0.000696427945808223	0	14
P07	24	22	CS56	R1	-0.00725800083194817	0	12
P07	24	23	CS56	R2	0.000550127124228842	0	12
P07	24	24	CS57	R1	-6.26978682292189e-05	0	12
P07	24	25	CS57	R2	0.0131552640036628	0	12
P07	24	26	CS58	R1	0.00262707975062671	0	7
P07	24	27	CS60	R1	0.00105024923026353	0	14
P07	24	28	CS62	R1	0.00335337584844101	0	7
P07	24	29	CS62	R2	0.00751173181689927	0	7
P07	25	1	CS41	R1	0.000746411431049282	0	14
P07	25	2	CS41	R2	0.00361773946534486	0	14
P07	25	3	CS42	R1	-0.000479721914532097	0	14
P07	25	4	CS42	R2	-0.00286516649482184	0	14
P07	25	5	CS43	R1	0.00275307384360592	0	14
P07	25	6	CS43	R2	-0.002842513616291	0	14
P07	25	7	CS44	R1	0.000656192731321837	0	14
P07	25	8	CS47	R1	-0.000724949125391282	0	14
P07	25	9	CS47	R2	-0.0108201943574711	0	14
P07	25	10	CS48	R1	0.00272918570007256	0	14
P07	25	11	CS48	R2	0.0018577156812088	0	14
P07	25	12	CS49	R1	0.00490110951716983	0	12
P07	25	13	CS49	R2	-0.00768767615535401	0	14
P07	25	14	CS51	R1	-0.00888247144522673	0	14
P07	25	15	CS51	R2	-0.00145721520876918	0	12
P07	25	16	CS53	R1	-0.00346220141779646	0	12
P07	25	17	CS53	R2	-0.000328925907634507	0	8
P07	25	18	CS54	R1	-0.00488916289735834	0	7
P07	25	19	CS54	R2	-0.0063279512226856	0	7
P07	25	20	CS55	R1	-0.000802645209480633	0	14
P07	25	21	CS55	R2	-0.00397553117653801	0	14
P07	25	22	CS56	R1	0.00420184869258625	0	12
P07	25	23	CS56	R2	-0.00655960589146118	0	12
P07	25	24	CS57	R1	0.00150983546061834	0	12
P07	25	25	CS57	R2	0.00090008484409326	0	12
P07	25	26	CS58	R1	-0.0105386915452154	0	7
P07	25	27	CS60	R1	-0.00218065939591786	0	14
P07	25	28	CS62	R1	-0.00624561351578137	0	7
P07	25	29	CS62	R2	0.00482205451331011	0	7
P07	26	1	CS41	R1	-0.00282943171884715	0	14
P07	26	2	CS41	R2	0.00718323557063315	0	14
P07	26	3	CS42	R1	-0.000240888399489901	0	14
P07	26	4	CS42	R2	-0.0020546685626134	0	14
P07	26	5	CS43	R1	0.00121410057856792	0	14
P07	26	6	CS43	R2	0.000666870756838212	0	14
P07	26	7	CS44	R1	-0.000102086409359299	0	14
P07	26	8	CS47	R1	0.0067578943152388	0	14
P07	26	9	CS47	R2	0.00345400265469009	0	14
P07	26	10	CS48	R1	0.000380289354264587	0	14
P07	26	11	CS48	R2	-0.00676218350696451	0	14
P07	26	12	CS49	R1	-0.000179659710448579	0	12
P07	26	13	CS49	R2	-0.00311897593106156	0	14
P07	26	14	CS51	R1	0.00179294339763769	0	14
P07	26	15	CS51	R2	0.00962720448373973	0	12
P07	26	16	CS53	R1	-0.00146903505386807	0	12
P07	26	17	CS53	R2	0.000657237585331405	0	8
P07	26	18	CS54	R1	0.00303214597848758	0	7
P07	26	19	CS54	R2	-0.00281046290845638	0	7
P07	26	20	CS55	R1	-0.00769234461716193	0	14
P07	26	21	CS55	R2	0.00433042581535718	0	14
P07	26	22	CS56	R1	-0.0180777323002795	0	12
P07	26	23	CS56	R2	0.00561792250402762	0	12
P07	26	24	CS57	R1	0.00125955930656626	0	12
P07	26	25	CS57	R2	-0.00179811084172157	0	12
P07	26	26	CS58	R1	-0.000666969461572655	0	7
P07	26	27	CS60	R1	0.00706902156674475	0	14
P07	26	28	CS62	R1	-0.000351632826146319	0	7
P07	26	29	CS62	R2	-0.0153438263970953	0	7
P07	27	1	CS41	R1	-0.00468883681974783	0	14
P07	27	2	CS41	R2	-0.00110629639130653	0	14
P07	27	3	CS42	R1	-0.0107308783009778	0	14
P07	27	4	CS42	R2	-8.12527513591517e-05	0	14
P07	27	5	CS43	R1	0.0102308166785983	0	14
P07	27	6	CS43	R2	0.00577187278466453	0	14
P07	27	7	CS44	R1	-0.000365556130996426	0	14
P07	27	8	CS47	R1	0.0111565856907774	0	14
P07	27	9	CS47	R2	-0.0125695897563155	0	14
P07	27	10	CS48	R1	-0.00810204047265239	0	14
P07	27	11	CS48	R2	0.000953427704297885	0	14
P07	27	12	CS49	R1	0.00369784566646373	0	12
P07	27	13	CS49	R2	-0.0011640411213521	0	14
P07	27	14	CS51	R1	0.00707907403392162	0	14
P07	27	15	CS51	R2	-0.00301267980213464	0	12
P07	27	16	CS53	R1	-0.00150184453203963	0	12
P07	27	17	CS53	R2	-0.00491468614770046	0	8
P07	27	18	CS54	R1	-0.000242459931938472	0	7
P07	27	19	CS54	R2	-0.000471058523585391	0	7
P07	27	20	CS55	R1	-0.00552383923296061	0	14
P07	27	21	CS55	R2	-0.00525141036589654	0	14
P07	27	22	CS56	R1	-0.000404598903231868	0	12
P07	27	23	CS56	R2	0.0029031333185434	0	12
P07	27	24	CS57	R1	0.00247120661806901	0	12
P07	27	25	CS57	R2	0.00116311721857901	0	12
P07	27	26	CS58	R1	-0.000740932003484964	0	7
P07	27	27	CS60	R1	-0.00415113085031799	0	14
P07	27	28	CS62	R1	-0.00650125126045735	0	7
P07	27	29	CS62	R2	-0.000734263105821425	0	7
P07	28	1	CS41	R1	-0.00586301438617264	0	14
P07	28	2	CS41	R2	0.0109687493811528	0	14
P07	28	3	CS42	R1	-0.00437553020576865	0	14
P07	28	4	CS42	R2	0.00706889617321508	0	14
P07	28	5	CS43	R1	-0.00096305534644045	0	14
P07	28	6	CS43	R2	-0.0122814615256447	0	14
P07	28	7	CS44	R1	0.00491169484825384	0	14
P07	28	8	CS47	R1	0.00399860253183697	0	14
P07	28	9	CS47	R2	-0.00256698260047088	0	14
P07	28	10	CS48	R1	0.00360395056549524	0	14
P07	28	11	CS48	R2	0.00355486549646103	0	14
P07	28	12	CS49	R1	0.00185056537433046	0	12
P07	28	13	CS49	R2	-0.0113197160441068	0	14
P07	28	14	CS51	R1	0.000130656133094017	0	14
P07	28	15	CS51	R2	0.00226296384835653	0	12
P07	28	16	CS53	R1	0.00216867630888833	0	12
P07	28	17	CS53	R2	-0.00295606673485081	0	8
P07	28	18	CS54	R1	0.00355210572284552	0	7
P07	28	19	CS54	R2	-0.00216724592659592	0	7
P07	28	20	CS55	R1	0.000804001987050147	0	14
P07	28	21	CS55	R2	-0.00895028145924062	0	14
P07	28	22	CS56	R1	-0.00376664040195014	0	12
P07	28	23	CS56	R2	-0.0124296908031438	0	12
P07	28	24	CS57	R1	-0.00395863781162641	0	12
P07	28	25	CS57	R2	0.000281139497654783	0	12
P07	28	26	CS58	R1	-0.00294964001465657	0	7
P07	28	27	CS60	R1	-0.000162661450560588	0	14
P07	28	28	CS62	R1	0.00330963753257941	0	7
P07	28	29	CS62	R2	-0.00131999912058431	0	7
P07	29	1	CS41	R1	0.00535311544040106	0	14
P07	29	2	CS41	R2	0.00395761493071607	0	14
P07	29	3	CS42	R1	0.0049777127200748	0	14
P07	29	4	CS42	R2	0.0046339583886255	0	14
P07	29	5	CS43	R1	-0.0046278230187523	0	14
P07	29	6	CS43	R2	0.00909861656096451	0	14
P07	29	7	CS44	R1	-0.0030728945839829	0	14
P07	29	8	CS47	R1	0.00868657109616493	0	14
P07	29	9	CS47	R2	-0.00982540016220898	0	14
P07	29	10	CS48	R1	-0.00710606899927757	0	14
P07	29	11	CS48	R2	-0.0092988041632479	0	14
P07	29	12	CS49	R1	0.00588622675559915	0	12
P07	29	13	CS49	R2	0.00962761637684204	0	14
P07	29	14	CS51	R1	-0.000513928420600732	0	14
P07	29	15	CS51	R2	0.00978861255564067	0	12
P07	29	16	CS53	R1	0.00644646768927174	0	12
P07	29	17	CS53	R2	0.00360123309003224	0	8
P07	29	18	CS54	R1	0.00545960837952376	0	7
P07	29	19	CS54	R2	0.0124651173307605	0	7
P07	29	20	CS55	R1	-0.00824462697647864	0	14
P07	29	21	CS55	R2	-0.00242594928139655	0	14
P07	29	22	CS56	R1	-0.00324852893884805	0	12
P07	29	23	CS56	R2	-0.002235361600852	0	12
P07	29	24	CS57	R1	9.67938210625086e-05	0	12
P07	29	25	CS57	R2	0.00141822110787147	0	12
P07	29	26	CS58	R1	-0.0011990317697297	0	7
P07	29	27	CS60	R1	0.00052793515635194	0	14
P07	29	28	CS62	R1	-0.0100459825060234	0	7
P07	29	29	CS62	R2	0.00150644074249631	0	7
P07	30	1	CS41	R1	0.00184862430358666	0	14
P07	30	2	CS41	R2	0.00331744595444605	0	14
P07	30	3	CS42	R1	-0.00598970291670505	0	14
P07	30	4	CS42	R2	0.00015390460162823	0	14
P07	30	5	CS43	R1	-0.0124402176170299	0	14
P07	30	6	CS43	R2	-0.00158963872053422	0	14
P07	30	7	CS44	R1	-0.00236924871081726	0	14
P07	30	8	CS47	R1	-0.00466127019234496	0	14
P07	30	9	CS47	R2	-0.00148020246403286	0	14
P07	30	10	CS48	R1	0.0114289306581672	0	14
P07	30	11	CS48	R2	0.000920133310086855	0	14
P07	30	12	CS49	R1	0.0103125124899404	0	12
P07	30	13	CS49	R2	0.00267724056045632	0	14
P07	30	14	CS51	R1	0.0021109658283566	0	14
P07	30	15	CS51	R2	-0.000301309889803758	0	12
P07	30	16	CS53	R1	-0.00760564937196448	0	12
P07	30	17	CS53	R2	-0.00321568599589511	0	8
P07	30	18	CS54	R1	-0.00175829116621935	0	7
P07	30	19	CS54	R2	-0.00342563984477109	0	7
P07	30	20	CS55	R1	0.00152928111159031	0	14
P07	30	21	CS55	R2	0.00109269293910853	0	14
P07	30	22	CS56	R1	-0.00503320041895961	0	12
P07	30	23	CS56	R2	-0.0127086231065547	0	12
P07	30	24	CS57	R1	-0.000131313117083338	0	12
P07	30	25	CS57	R2	0.000890202295428676	0	12
P07	30	26	CS58	R1	-0.00590360429524264	0	7
P07	30	27	CS60	R1	-0.0083010309737706	0	14
P07	30	28	CS62	R1	-0.00986559075566403	0	7
P07	30	29	CS62	R2	0.00479175455163016	0	7
P07	31	1	CS41	R1	0.00403058335118921	0	14
P07	31	2	CS41	R2	-0.00302430625109358	0	14
P07	31	3	CS42	R1	-0.00664774751106799	0	14
P07	31	4	CS42	R2	-0.00180453634007445	0	14
P07	31	5	CS43	R1	-0.0035562978125917	0	14
P07	31	6	CS43	R2	0.00313077027626825	0	14
P07	31	7	CS44	R1	0.00635609812694449	0	14
P07	31	8	CS47	R1	0.0036866967800032	0	14
P07	31	9	CS47	R2	0.0128495634002042	0	14
P07	31	10	CS48	R1	-0.0135557500437338	0	14
P07	31	11	CS48	R2	-0.0110589609763842	0	14
P07	31	12	CS49	R1	-0.00744756339764988	0	12
P07	31	13	CS49	R2	-0.000964479156626128	0	14
P07	31	14	CS51	R1	-0.00102957960054123	0	14
P07	31	15	CS51	R2	-0.0051902432558241	0	12
P07	31	16	CS53	R1	-0.00289972758418852	0	12
P07	31	17	CS53	R2	-0.0110064001543505	0	8
P07	31	18	CS54	R1	0.0029228568747933	0	7
P07	31	19	CS54	R2	-0.00998178168441271	0	7
P07	31	20	CS55	R1	-0.00210858514579446	0	14
P07	31	21	CS55	R2	-0.00457803600132233	0	14
P07	31	22	CS56	R1	-0.0105189240988301	0	12
P07	31	23	CS56	R2	-0.00376187490209407	0	12
P07	31	24	CS57	R1	-0.00492890391538541	0	12
P07	31	25	CS57	R2	0.000935195621334354	0	12
P07	31	26	CS58	R1	-0.000810748861042031	0	7
P07	31	27	CS60	R1	-0.0115102249489617	0	14
P07	31	28	CS62	R1	0.0100657222012833	0	7
P07	31	29	CS62	R2	-0.00344251315697899	0	7
P07	32	1	CS41	R1	-0.00463823693786333	0	14
P07	32	2	CS41	R2	0.01085609745182	0	14
P07	32	3	CS42	R1	0.0070928331644998	0	14
P07	32	4	CS42	R2	-0.00814501436829085	0	14
P07	32	5	CS43	R1	0.00175705245268009	0	14
P07	32	6	CS43	R2	0.00280296775057653	0	14
P07	32	7	CS44	R1	-0.00429752910394241	0	14
P07	32	8	CS47	R1	-0.00253033014015751	0	14
P07	32	9	CS47	R2	7.1464316413861e-05	0	14
P07	32	10	CS48	R1	0.00281540177548713	0	14
P07	32	11	CS48	R2	-0.00316532043987674	0	14
P07	32	12	CS49	R1	0.00627178825314202	0	12
P07	32	13	CS49	R2	-0.00460142646843321	0	14
P07	32	14	CS51	R1	-0.0127820606344398	0	14
P07	32	15	CS51	R2	0.0110745693299482	0	12
P07	32	16	CS53	R1	-0.00313621219337681	0	12
P07	32	17	CS53	R2	0.0177232427111044	0	8
P07	32	18	CS54	R1	0.000100895481249985	0	7
P07	32	19	CS54	R2	-0.00385189022580222	0	7
P07	32	20	CS55	R1	0.000776727448455926	0	14
P07	32	21	CS55	R2	-0.00228408018021153	0	14
P07	32	22	CS56	R1	-0.00895591062748733	0	12
P07	32	23	CS56	R2	0.0167632166676474	0	12
P07	32	24	CS57	R1	0.000631940761491748	0	12
P07	32	25	CS57	R2	-0.00270989221395672	0	12
P07	32	26	CS58	R1	-0.0125567435038836	0	7
P07	32	27	CS60	R1	-0.00791690602283572	0	14
P07	32	28	CS62	R1	-0.00284296618908498	0	7
P07	32	29	CS62	R2	0.00118464063417801	0	7
P07	33	1	CS41	R1	0.00504191885136365	0	14
P07	33	2	CS41	R2	-0.0107330050167041	0	14
P07	33	3	CS42	R1	0.00203338909248802	0	14
P07	33	4	CS42	R2	-0.0055218256618279	0	14
P07	33	5	CS43	R1	0.0012431476813279	0	14
P07	33	6	CS43	R2	-0.00186551984288873	0	14
P07	33	7	CS44	R1	0.00929424870814664	0	14
P07	33	8	CS47	R1	-0.00877908176855423	0	14
P07	33	9	CS47	R2	-0.000115602390389916	0	14
P07	33	10	CS48	R1	0.00171158598165413	0	14
P07	33	11	CS48	R2	-0.00369832028892761	0	14
P07	33	12	CS49	R1	0.000182994395945823	0	12
P07	33	13	CS49	R2	-0.00355788589499974	0	14
P07	33	14	CS51	R1	-0.000519538343914025	0	14
P07	33	15	CS51	R2	-0.00151221277391755	0	12
P07	33	16	CS53	R1	0.00603786790920524	0	12
P07	33	17	CS53	R2	0.00258931296037983	0	8
P07	33	18	CS54	R1	0.00124554226256353	0	7
P07	33	19	CS54	R2	0.00339385067448493	0	7
P07	33	20	CS55	R1	0.00021757497053145	0	14
P07	33	21	CS55	R2	0.00811077972031449	0	14
P07	33	22	CS56	R1	0.00249895592070299	0	12
P07	33	23	CS56	R2	-0.00825888418276029	0	12
P07	33	24	CS57	R1	0.00182260080822807	0	12
P07	33	25	CS57	R2	-0.00603865075081573	0	12
P07	33	26	CS58	R1	-0.0130553800970375	0	7
P07	33	27	CS60	R1	-0.00195843515400608	0	14
P07	33	28	CS62	R1	-0.0123616622856632	0	7
P07	33	29	CS62	R2	-0.0189280361009604	0	7
P07	34	1	CS41	R1	0.00201899365653617	0	14
P07	34	2	CS41	R2	-0.00400581308428012	0	14
P07	34	3	CS42	R1	0.00692498800421702	0	14
P07	34	4	CS42	R2	-0.00235349769193984	0	14
P07	34	5	CS43	R1	0.00565747706444381	0	14
P07	34	6	CS43	R2	-0.00464748733120064	0	14
P07	34	7	CS44	R1	0.00734691827888596	0	14
P07	34	8	CS47	R1	-0.00144612510344579	0	14
P07	34	9	CS47	R2	0.0121388953436126	0	14
P07	34	10	CS48	R1	-0.00267841928719075	0	14
P07	34	11	CS48	R2	0.0015370481862554	0	14
P07	34	12	CS49	R1	-0.00140299483860398	0	12
P07	34	13	CS49	R2	0.00406883486078459	0	14
P07	34	14	CS51	R1	0.00347626737321408	0	14
P07	34	15	CS51	R2	0.00616758252663493	0	12
P07	34	16	CS53	R1	0.00340034054281119	0	12
P07	34	17	CS53	R2	0.00601338171124545	0	8
P07	34	18	CS54	R1	-0.00996730091628827	0	7
P07	34	19	CS54	R2	0.0124767158521707	0	7
P07	34	20	CS55	R1	0.0141696659329965	0	14
P07	34	21	CS55	R2	0.0078445295865808	0	14
P07	34	22	CS56	R1	-0.00129505288238024	0	12
P07	34	23	CS56	R2	-0.00837852684580457	0	12
P07	34	24	CS57	R1	0.00168733238273777	0	12
P07	34	25	CS57	R2	0.00342777103725732	0	12
P07	34	26	CS58	R1	0.00493819563412392	0	7
P07	34	27	CS60	R1	0.000916882033300226	0	14
P07	34	28	CS62	R1	-0.00633315254600571	0	7
P07	34	29	CS62	R2	-0.00303103043436045	0	7
P07	35	1	CS41	R1	0.00968632594100906	0	14
P07	35	2	CS41	R2	0.00878423687574747	0	14
P07	35	3	CS42	R1	-0.000139253940920645	0	14
P07	35	4	CS42	R2	0.00691291346601124	0	14
P07	35	5	CS43	R1	-0.00825316798694727	0	14
P07	35	6	CS43	R2	0.00867579673608435	0	14
P07	35	7	CS44	R1	0.00653239894603764	0	14
P07	35	8	CS47	R1	-0.00712545075798243	0	14
P07	35	9	CS47	R2	0.000893340722000287	0	14
P07	35	10	CS48	R1	-0.0024951304664627	0	14
P07	35	11	CS48	R2	0.00550767034842045	0	14
P07	35	12	CS49	R1	0.00319571651253053	0	12
P07	35	13	CS49	R2	-0.0123245212129041	0	14
P07	35	14	CS51	R1	0.00351515124972068	0	14
P07	35	15	CS51	R2	0.0148943499593885	0	12
P07	35	16	CS53	R1	-0.00352107368454504	0	12
P07	35	17	CS53	R2	0.00252189725173571	0	8
P07	35	18	CS54	R1	0.00518593690203421	0	7
P07	35	19	CS54	R2	-0.00254266040767717	0	7
P07	35	20	CS55	R1	0.0149216927814893	0	14
P07	35	21	CS55	R2	-0.0050964215867891	0	14
P07	35	22	CS56	R1	0.00480467802273923	0	12
P07	35	23	CS56	R2	0.0127318530423556	0	12
P07	35	24	CS57	R1	-0.00458498991600582	0	12
P07	35	25	CS57	R2	0.0128848273175694	0	12
P07	35	26	CS58	R1	0.00763383522223823	0	7
P07	35	27	CS60	R1	-0.00511777655009586	0	14
P07	35	28	CS62	R1	-0.00156584626420148	0	7
P07	35	29	CS62	R2	-0.00180120802896082	0	7
P07	36	1	CS41	R1	-0.00640291181045536	0	14
P07	36	2	CS41	R2	-0.00296056076544902	0	14
P07	36	3	CS42	R1	0.00326505175516903	0	14
P07	36	4	CS42	R2	0.00831412424495155	0	14
P07	36	5	CS43	R1	0.00949313634864325	0	14
P07	36	6	CS43	R2	0.00463799510548037	0	14
P07	36	7	CS44	R1	0.0111754466695742	0	14
P07	36	8	CS47	R1	0.00344134036116896	0	14
P07	36	9	CS47	R2	-0.00511304933898373	0	14
P07	36	10	CS48	R1	0.00197845965753047	0	14
P07	36	11	CS48	R2	0.0074223022951985	0	14
P07	36	12	CS49	R1	0.00528537441974935	0	12
P07	36	13	CS49	R2	-0.00150500730787743	0	14
P07	36	14	CS51	R1	-0.00277233899196522	0	14
P07	36	15	CS51	R2	0.00685916489999765	0	12
P07	36	16	CS53	R1	-0.00118707792134398	0	12
P07	36	17	CS53	R2	0.00368226111551744	0	8
P07	36	18	CS54	R1	-0.00208308469269234	0	7
P07	36	19	CS54	R2	-0.00747463151217371	0	7
P07	36	20	CS55	R1	-7.49161958812695e-05	0	14
P07	36	21	CS55	R2	-0.00638636228960619	0	14
P07	36	22	CS56	R1	0.00453742991821212	0	12
P07	36	23	CS56	R2	0.00914700649790132	0	12
P07	36	24	CS57	R1	-0.00823037982902787	0	12
P07	36	25	CS57	R2	-0.00886303243493792	0	12
P07	36	26	CS58	R1	0.0183020930144857	0	7
P07	36	27	CS60	R1	0.00628719872796516	0	14
P07	36	28	CS62	R1	-0.00833512241836523	0	7
P07	36	29	CS62	R2	-0.00595735822412723	0	7
P07	37	1	CS41	R1	-0.00455615236166026	0	14
P07	37	2	CS41	R2	-0.00141135140607543	0	14
P07	37	3	CS42	R1	0.00453661140254208	0	14
P07	37	4	CS42	R2	-0.00581331561566335	0	14
P07	37	5	CS43	R1	0.00139383956385765	0	14
P07	37	6	CS43	R2	0.00267885903421526	0	14
P07	37	7	CS44	R1	0.00718310101670932	0	14
P07	37	8	CS47	R1	-0.00416286063423815	0	14
P07	37	9	CS47	R2	0.00500185564449942	0	14
P07	37	10	CS48	R1	0.00663012637821481	0	14
P07	37	11	CS48	R2	-0.00852859410295253	0	14
P07	37	12	CS49	R1	0.00474548512166676	0	12
P07	37	13	CS49	R2	-0.00031222878899837	0	14
P07	37	14	CS51	R1	0.00441446775203986	0	14
P07	37	15	CS51	R2	-0.00407680773849382	0	12
P07	37	16	CS53	R1	0.0018547996290097	0	12
P07	37	17	CS53	R2	-0.00602438503403482	0	8
P07	37	18	CS54	R1	0.00360294725459471	0	7
P07	37	19	CS54	R2	0.0111410133260778	0	7
P07	37	20	CS55	R1	-0.00125416815155486	0	14
P07	37	21	CS55	R2	0.00256158356830126	0	14
P07	37	22	CS56	R1	0.0121217232627782	0	12
P07	37	23	CS56	R2	0.000397373494717037	0	12
P07	37	24	CS57	R1	0.00556823439806041	0	12
P07	37	25	CS57	R2	0.00616455871234502	0	12
P07	37	26	CS58	R1	0.00261155633980031	0	7
P07	37	27	CS60	R1	-0.00273422379714844	0	14
P07	37	28	CS62	R1	0.0105403253570778	0	7
P07	37	29	CS62	R2	-0.0139347610851727	0	7
P07	38	1	CS41	R1	0.00663860584193813	0	14
P07	38	2	CS41	R2	0.00180492135019761	0	14
P07	38	3	CS42	R1	-0.00398329739035792	0	14
P07	38	4	CS42	R2	-0.00159834957632209	0	14
P07	38	5	CS43	R1	0.00207524833522983	0	14
P07	38	6	CS43	R2	0.00382146665145582	0	14
P07	38	7	CS44	R1	0.00661506719336815	0	14
P07	38	8	CS47	R1	0.0076605885997774	0	14
P07	38	9	CS47	R2	0.00934829689412818	0	14
P07	38	10	CS48	R1	0.0107887638209269	0	14
P07	38	11	CS48	R2	0.00100049891976983	0	14
P07	38	12	CS49	R1	0.000456772206096596	0	12
P07	38	13	CS49	R2	-0.00490366188570752	0	14
P07	38	14	CS51	R1	-0.00173086817424276	0	14
P07	38	15	CS51	R2	-0.00621971183880188	0	12
P07	38	16	CS53	R1	0.00467566439702352	0	12
P07	38	17	CS53	R2	0.00643488284602558	0	8
P07	38	18	CS54	R1	0.00949004824049436	0	7
P07	38	19	CS54	R2	-0.0118770109294185	0	7
P07	38	20	CS55	R1	0.00160016714979235	0	14
P07	38	21	CS55	R2	-0.00266304999072276	0	14
P07	38	22	CS56	R1	-0.00785617642160656	0	12
P07	38	23	CS56	R2	-0.00218572263046915	0	12
P07	38	24	CS57	R1	0.00781188924065355	0	12
P07	38	25	CS57	R2	0.004466307959571	0	12
P07	38	26	CS58	R1	-0.00300115153841453	0	7
P07	38	27	CS60	R1	-0.00434127077203313	0	14
P07	38	28	CS62	R1	-0.00400211302766819	0	7
P07	38	29	CS62	R2	0.000472258550154562	0	7
P07	39	1	CS41	R1	0.00356734247343841	0	14
P07	39	2	CS41	R2	0.00570821829687273	0	14
P07	39	3	CS42	R1	0.000433532504711265	0	14
P07	39	4	CS42	R2	0.00109907697105834	0	14
P07	39	5	CS43	R1	0.00819179122686462	0	14
P07	39	6	CS43	R2	-0.00208039287675901	0	14
P07	39	7	CS44	R1	-0.00180271416583724	0	14
P07	39	8	CS47	R1	0.0081919451329181	0	14
P07	39	9	CS47	R2	-0.000975243740057722	0	14
P07	39	10	CS48	R1	-0.00597304660270354	0	14
P07	39	11	CS48	R2	-0.00738420265387911	0	14
P07	39	12	CS49	R1	0.00210678873965591	0	12
P07	39	13	CS49	R2	0.0056966717649633	0	14
P07	39	14	CS51	R1	-0.00393362842574507	0	14
P07	39	15	CS51	R2	-0.0127836547310162	0	12
P07	39	16	CS53	R1	-0.00771393601560587	0	12
P07	39	17	CS53	R2	-0.0112281634335687	0	8
P07	39	18	CS54	R1	0.00460824744512287	0	7
P07	39	19	CS54	R2	0.0101558716230541	0	7
P07	39	20	CS55	R1	0.00848054715190284	0	14
P07	39	21	CS55	R2	-0.00306449372452028	0	14
P07	39	22	CS56	R1	0.00331152983138586	0	12
P07	39	23	CS56	R2	0.000727902416397816	0	12
P07	39	24	CS57	R1	-0.00134257388637648	0	12
P07	39	25	CS57	R2	0.00777081029124177	0	12
P07	39	26	CS58	R1	-0.00469847601503987	0	7
P07	39	27	CS60	R1	-0.0143776976210652	0	14
P07	39	28	CS62	R1	0.0175965041220614	0	7
P07	39	29	CS62	R2	-0.00174109193466347	0	7
P07	40	1	CS41	R1	0.00698748010729659	0	14
P07	40	2	CS41	R2	-0.00348338776516158	0	14
P07	40	3	CS42	R1	-0.00550597786165122	0	14
P07	40	4	CS42	R2	0.000826275263154554	0	14
P07	40	5	CS43	R1	-0.0112933898253701	0	14
P07	40	6	CS43	R2	0.00894989897068233	0	14
P07	40	7	CS44	R1	-0.00227083980151875	0	14
P07	40	8	CS47	R1	0.0014210780446208	0	14
P07	40	9	CS47	R2	0.00341169051099837	0	14
P07	40	10	CS48	R1	-0.00433943456180824	0	14
P07	40	11	CS48	R2	-0.00542726728654569	0	14
P07	40	12	CS49	R1	-0.00540427282127704	0	12
P07	40	13	CS49	R2	-0.00315487613255562	0	14
P07	40	14	CS51	R1	0.000513262452847024	0	14
P07	40	15	CS51	R2	0.00795243345853308	0	12
P07	40	16	CS53	R1	-0.00344642017018871	0	12
P07	40	17	CS53	R2	0.00182771564985322	0	8
P07	40	18	CS54	R1	-0.00341258967222572	0	7
P07	40	19	CS54	R2	-0.0030095475299436	0	7
P07	40	20	CS55	R1	0.00227799305034201	0	14
P07	40	21	CS55	R2	-0.00382075161004096	0	14
P07	40	22	CS56	R1	-0.00105194757270324	0	12
P07	40	23	CS56	R2	0.00649244397741544	0	12
P07	40	24	CS57	R1	-0.00236902208619617	0	12
P07	40	25	CS57	R2	-0.0062096136371227	0	12
P07	40	26	CS58	R1	-0.018643729816881	0	7
P07	40	27	CS60	R1	0.0053840206247781	0	14
P07	40	28	CS62	R1	0.0103992920099206	0	7
P07	40	29	CS62	R2	0.00733669873227745	0	7
P07	41	1	CS41	R1	-6.27987860099828e-05	0	14
P07	41	2	CS41	R2	0.00594429154735152	0	14
P07	41	3	CS42	R1	-0.00292273112004579	0	14
P07	41	4	CS42	R2	-0.000173728451391756	0	14
P07	41	5	CS43	R1	-0.00239090444783049	0	14
P07	41	6	CS43	R2	0.00566469367173152	0	14
P07	41	7	CS44	R1	-0.00176956332701417	0	14
P07	41	8	CS47	R1	0.000689845066953646	0	14
P07	41	9	CS47	R2	-0.00288992905150595	0	14
P07	41	10	CS48	R1	0.00218227040031461	0	14
P07	41	11	CS48	R2	0.00387742322186476	0	14
P07	41	12	CS49	R1	0.00250526568925619	0	12
P07	41	13	CS49	R2	0.010826637023111	0	14
P07	41	14	CS51	R1	-0.000225771626874026	0	14
P07	41	15	CS51	R2	0.00468251432233226	0	12
P07	41	16	CS53	R1	0.0031576678703055	0	12
P07	41	17	CS53	R2	-0.00541387585904158	0	8
P07	41	18	CS54	R1	-0.005134669990226	0	7
P07	41	19	CS54	R2	-0.00389448139674161	0	7
P07	41	20	CS55	R1	-0.00555144712369	0	14
P07	41	21	CS55	R2	-0.00517960529985357	0	14
P07	41	22	CS56	R1	0.00154558040732717	0	12
P07	41	23	CS56	R2	0.0070034392047071	0	12
P07	41	24	CS57	R1	0.00329212204761886	0	12
P07	41	25	CS57	R2	-0.00642852777013399	0	12
P07	41	26	CS58	R1	0.00456950571436083	0	7
P07	41	27	CS60	R1	0.00647765052790974	0	14
P07	41	28	CS62	R1	0.00401420803964487	0	7
P07	41	29	CS62	R2	0.00175387956669048	0	7
P07	42	1	CS41	R1	-0.00210908641770196	0	14
P07	42	2	CS41	R2	-0.00105723616306803	0	14
P07	42	3	CS42	R1	0.000988816166645187	0	14
P07	42	4	CS42	R2	0.00172017878460579	0	14
P07	42	5	CS43	R1	0.00800023263193499	0	14
P07	42	6	CS43	R2	-0.00215872806079812	0	14
P07	42	7	CS44	R1	-0.00114982306144346	0	14
P07	42	8	CS47	R1	-0.0036501718262119	0	14
P07	42	9	CS47	R2	0.0207920934718565	0	14
P07	42	10	CS48	R1	0.00640339383840474	0	14
P07	42	11	CS48	R2	-0.00602201557457561	0	14
P07	42	12	CS49	R1	-0.00413577916618925	0	12
P07	42	13	CS49	R2	0.00196093384914866	0	14
P07	42	14	CS51	R1	-0.00503435707633912	0	14
P07	42	15	CS51	R2	-0.00549051888978254	0	12
P07	42	16	CS53	R1	0.00414501063372037	0	12
P07	42	17	CS53	R2	0.00873571072714335	0	8
P07	42	18	CS54	R1	0.00287911971924743	0	7
P07	42	19	CS54	R2	-0.0100078275952288	0	7
P07	42	20	CS55	R1	0.00261894901440994	0	14
P07	42	21	CS55	R2	0.00288396290275659	0	14
P07	42	22	CS56	R1	0.00451867402470141	0	12
P07	42	23	CS56	R2	-0.010328189428496	0	12
P07	42	24	CS57	R1	-0.00874231488900636	0	12
P07	42	25	CS57	R2	-0.00868156576129193	0	12
P07	42	26	CS58	R1	-0.00594807983806224	0	7
P07	42	27	CS60	R1	0.00121741213847103	0	14
P07	42	28	CS62	R1	-0.0129880503745047	0	7
P07	42	29	CS62	R2	-0.00688888444703067	0	7
P07	43	1	CS41	R1	0.00159724229831976	0	14
P07	43	2	CS41	R2	0.00111869285786582	0	14
P07	43	3	CS42	R1	0.0129559654362816	0	14
P07	43	4	CS42	R2	-0.00382226131075415	0	14
P07	43	5	CS43	R1	-0.00578522002142791	0	14
P07	43	6	CS43	R2	-0.00826600817931821	0	14
P07	43	7	CS44	R1	0.0140688398110932	0	14
P07	43	8	CS47	R1	-0.00277898512916577	0	14
P07	43	9	CS47	R2	-0.00397799327384445	0	14
P07	43	10	CS48	R1	-0.00131341026320714	0	14
P07	43	11	CS48	R2	0.000191022968701074	0	14
P07	43	12	CS49	R1	-0.000953170309139674	0	12
P07	43	13	CS49	R2	0.0058787893010906	0	14
P07	43	14	CS51	R1	-0.005851467978243	0	14
P07	43	15	CS51	R2	0.00373328380125455	0	12
P07	43	16	CS53	R1	5.17220983514913e-05	0	12
P07	43	17	CS53	R2	0.00830349883475485	0	8
P07	43	18	CS54	R1	-0.00531470124539223	0	7
P07	43	19	CS54	R2	-0.00817985485654833	0	7
P07	43	20	CS55	R1	0.00365962302457619	0	14
P07	43	21	CS55	R2	-0.00643727026854924	0	14
P07	43	22	CS56	R1	-0.000598344757779731	0	12
P07	43	23	CS56	R2	-0.00428661771288208	0	12
P07	43	24	CS57	R1	0.000484020984564498	0	12
P07	43	25	CS57	R2	-0.00272181879773975	0	12
P07	43	26	CS58	R1	-0.0120986974615968	0	7
P07	43	27	CS60	R1	0.00395749627035554	0	14
P07	43	28	CS62	R1	0.00163220308851531	0	7
P07	43	29	CS62	R2	-0.00751017336949303	0	7
P07	44	1	CS41	R1	-0.00850520826457251	0	14
P07	44	2	CS41	R2	-0.00353033527641413	0	14
P07	44	3	CS42	R1	0.000451584317354036	0	14
P07	44	4	CS42	R2	0.000299941207975281	0	14
P07	44	5	CS43	R1	0.000322469676128925	0	14
P07	44	6	CS43	R2	0.00309271261138414	0	14
P07	44	7	CS44	R1	-0.00639187147825759	0	14
P07	44	8	CS47	R1	0.00146607667772459	0	14
P07	44	9	CS47	R2	-0.0109296899363187	0	14
P07	44	10	CS48	R1	-0.00579359195349591	0	14
P07	44	11	CS48	R2	0.00142000770611062	0	14
P07	44	12	CS49	R1	-0.00745948356609759	0	12
P07	44	13	CS49	R2	-0.000385670222528939	0	14
P07	44	14	CS51	R1	0.00362651940461714	0	14
P07	44	15	CS51	R2	-0.000999742489085321	0	12
P07	44	16	CS53	R1	0.00262785432697098	0	12
P07	44	17	CS53	R2	0.00851227520068965	0	8
P07	44	18	CS54	R1	-0.0130677131779046	0	7
P07	44	19	CS54	R2	0.00825834722340953	0	7
P07	44	20	CS55	R1	0.0017544961409643	0	14
P07	44	21	CS55	R2	-0.00561609950002291	0	14
P07	44	22	CS56	R1	-0.00570842006286685	0	12
P07	44	23	CS56	R2	-0.000610708957738547	0	12
P07	44	24	CS57	R1	0.00190827412846883	0	12
P07	44	25	CS57	R2	0.00127216181984205	0	12
P07	44	26	CS58	R1	-0.00884287683251768	0	7
P07	44	27	CS60	R1	0.00283221096167911	0	14
P07	44	28	CS62	R1	-0.0087740395044129	0	7
P07	44	29	CS62	R2	0.0227813239546456	0	7
P07	45	1	CS41	R1	-0.0110210649550541	0	14
P07	45	2	CS41	R2	-0.00246411419022119	0	14
P07	45	3	CS42	R1	0.00613065955893136	0	14
P07	45	4	CS42	R2	0.00489443082026926	0	14
P07	45	5	CS43	R1	-0.0136687955321548	0	14
P07	45	6	CS43	R2	0.000919012490586287	0	14
P07	45	7	CS44	R1	0.00269267695771275	0	14
P07	45	8	CS47	R1	-0.0135529795295394	0	14
P07	45	9	CS47	R2	0.00980990355997447	0	14
P07	45	10	CS48	R1	-0.00613426916120237	0	14
P07	45	11	CS48	R2	-0.0106315324146551	0	14
P07	45	12	CS49	R1	-0.00489969870465911	0	12
P07	45	13	CS49	R2	-0.00617862503473735	0	14
P07	45	14	CS51	R1	-0.00408480053743469	0	14
P07	45	15	CS51	R2	-0.00174716760969845	0	12
P07	45	16	CS53	R1	-4.42933529450919e-05	0	12
P07	45	17	CS53	R2	0.000909348651304181	0	8
P07	45	18	CS54	R1	-0.00571694893623672	0	7
P07	45	19	CS54	R2	0.00279321116946214	0	7
P07	45	20	CS55	R1	0.00224040827761675	0	14
P07	45	21	CS55	R2	0.00225255940419889	0	14
P07	45	22	CS56	R1	-0.00804880457876549	0	12
P07	45	23	CS56	R2	-0.00120244516949672	0	12
P07	45	24	CS57	R1	0.00770878604370075	0	12
P07	45	25	CS57	R2	-0.00401878214984592	0	12
P07	45	26	CS58	R1	0.000438856051998963	0	7
P07	45	27	CS60	R1	0.0115693393932654	0	14
P07	45	28	CS62	R1	0.00787099208789378	0	7
P07	45	29	CS62	R2	-0.0183429888430101	0	7
P07	46	1	CS41	R1	-0.00206756325504139	0	14
P07	46	2	CS41	R2	-0.00213730047359573	0	14
P07	46	3	CS42	R1	0.00154408436035388	0	14
P07	46	4	CS42	R2	0.00655046775893832	0	14
P07	46	5	CS43	R1	-0.000832205264622044	0	14
P07	46	6	CS43	R2	-0.0108611593590897	0	14
P07	46	7	CS44	R1	0.00092516590561485	0	14
P07	46	8	CS47	R1	0.00712972428465168	0	14
P07	46	9	CS47	R2	-0.0169847993636432	0	14
P07	46	10	CS48	R1	-0.0134277332044295	0	14
P07	46	11	CS48	R2	0.000553421773874146	0	14
P07	46	12	CS49	R1	9.69120519744596e-05	0	12
P07	46	13	CS49	R2	-0.01114055591838	0	14
P07	46	14	CS51	R1	-0.00134605270954723	0	14
P07	46	15	CS51	R2	-5.14608018588794e-05	0	12
P07	46	16	CS53	R1	-0.00380402855709276	0	12
P07	46	17	CS53	R2	-0.00562425270576677	0	8
P07	46	18	CS54	R1	0.00564176362934779	0	7
P07	46	19	CS54	R2	-0.00144947699065312	0	7
P07	46	20	CS55	R1	0.00280582507504193	0	14
P07	46	21	CS55	R2	0.00461508782792155	0	14
P07	46	22	CS56	R1	0.00345858850491046	0	12
P07	46	23	CS56	R2	0.000669760609108117	0	12
P07	46	24	CS57	R1	-0.00898021984411747	0	12
P07	46	25	CS57	R2	-0.0103421250278527	0	12
P07	46	26	CS58	R1	-0.0115465901769307	0	7
P07	46	27	CS60	R1	-0.00988185146936009	0	14
P07	46	28	CS62	R1	-0.00780046012485622	0	7
P07	46	29	CS62	R2	0.00210021344138014	0	7
P07	47	1	CS41	R1	0.00408139681234841	0	14
P07	47	2	CS41	R2	-0.00310092014728808	0	14
P07	47	3	CS42	R1	0.00687135137023728	0	14
P07	47	4	CS42	R2	0.000985333664921904	0	14
P07	47	5	CS43	R1	0.00970150335993562	0	14
P07	47	6	CS43	R2	-0.00139567544972604	0	14
P07	47	7	CS44	R1	-0.0120768078362228	0	14
P07	47	8	CS47	R1	0.0114851972593576	0	14
P07	47	9	CS47	R2	-0.00639744355755101	0	14
P07	47	10	CS48	R1	-0.00881334155033619	0	14
P07	47	11	CS48	R2	-0.0107357033361925	0	14
P07	47	12	CS49	R1	0.00450251822302559	0	12
P07	47	13	CS49	R2	-0.00523367092543486	0	14
P07	47	14	CS51	R1	-0.00185683251912443	0	14
P07	47	15	CS51	R2	0.00279421239594018	0	12
P07	47	16	CS53	R1	-0.00175838030814386	0	12
P07	47	17	CS53	R2	0.00140872243411397	0	8
P07	47	18	CS54	R1	0.00386042967638869	0	7
P07	47	19	CS54	R2	0.00660612155615754	0	7
P07	47	20	CS55	R1	-0.00661632021022157	0	14
P07	47	21	CS55	R2	0.0108943515686134	0	14
P07	47	22	CS56	R1	-0.0172349060745306	0	12
P07	47	23	CS56	R2	0.00964894242113378	0	12
P07	47	24	CS57	R1	-0.00942988202826425	0	12
P07	47	25	CS57	R2	-0.00533828878224068	0	12
P07	47	26	CS58	R1	0.0053012416176087	0	7
P07	47	27	CS60	R1	-0.0011994610948307	0	14
P07	47	28	CS62	R1	-0.00331938781019764	0	7
P07	47	29	CS62	R2	-0.00208735764458314	0	7
P07	48	1	CS41	R1	0.00680982991818513	0	14
P07	48	2	CS41	R2	0.00669514329179969	0	14
P07	48	3	CS42	R1	-0.00799679823786632	0	14
P07	48	4	CS42	R2	0.00196405549140229	0	14
P07	48	5	CS43	R1	-0.0010022794523105	0	14
P07	48	6	CS43	R2	-0.00623390604917724	0	14
P07	48	7	CS44	R1	-0.00498133093437282	0	14
P07	48	8	CS47	R1	-0.00441030528013402	0	14
P07	48	9	CS47	R2	-0.000187585523212335	0	14
P07	48	10	CS48	R1	-0.00161459454146369	0	14
P07	48	11	CS48	R2	0.00856238964957248	0	14
P07	48	12	CS49	R1	-0.00854164607161542	0	12
P07	48	13	CS49	R2	-0.00199041297196489	0	14
P07	48	14	CS51	R1	-0.00605826708817165	0	14
P07	48	15	CS51	R2	0.0115866220205561	0	12
P07	48	16	CS53	R1	0.0011651790267264	0	12
P07	48	17	CS53	R2	-0.00124430036497739	0	8
P07	48	18	CS54	R1	0.00945787847406946	0	7
P07	48	19	CS54	R2	-0.00941894222584471	0	7
P07	48	20	CS55	R1	-0.0107922118036691	0	14
P07	48	21	CS55	R2	0.00879581274072589	0	14
P07	48	22	CS56	R1	0.00578817470089769	0	12
P07	48	23	CS56	R2	0.000193138039536587	0	12
P07	48	24	CS57	R1	0.00480987219454335	0	12
P07	48	25	CS57	R2	0.00361754857317227	0	12
P07	48	26	CS58	R1	0.00275520324631849	0	7
P07	48	27	CS60	R1	-0.00498896811210519	0	14
P07	48	28	CS62	R1	0.00306309456863708	0	7
P07	48	29	CS62	R2	-0.00212554235325816	0	7
P07	49	1	CS41	R1	0.00297605621369305	0	14
P07	49	2	CS41	R2	-0.00975858789320376	0	14
P07	49	3	CS42	R1	0.000216409623206966	0	14
P07	49	4	CS42	R2	0.00169926421485156	0	14
P07	49	5	CS43	R1	-0.000751464416709401	0	14
P07	49	6	CS43	R2	0.00173371573913234	0	14
P07	49	7	CS44	R1	0.00255902299046987	0	14
P07	49	8	CS47	R1	0.00239849233614246	0	14
P07	49	9	CS47	R2	-0.0117991026607598	0	14
P07	49	10	CS48	R1	0.00903391055230508	0	14
P07	49	11	CS48	R2	0.00023250872618333	0	14
P07	49	12	CS49	R1	0.00518459488161434	0	12
P07	49	13	CS49	R2	-0.00264539181365835	0	14
P07	49	14	CS51	R1	-0.00181641057052582	0	14
P07	49	15	CS51	R2	-0.000485766148260416	0	12
P07	49	16	CS53	R1	-0.00312794833345598	0	12
P07	49	17	CS53	R2	-0.00233394329489435	0	8
P07	49	18	CS54	R1	0.0149975105907444	0	7
P07	49	19	CS54	R2	0.00780155455918321	0	7
P07	49	20	CS55	R1	0.00657711975739352	0	14
P07	49	21	CS55	R2	0.00374554819913605	0	14
P07	49	22	CS56	R1	-0.00836062052819133	0	12
P07	49	23	CS56	R2	-0.0131840891778579	0	12
P07	49	24	CS57	R1	-0.00482661795664064	0	12
P07	49	25	CS57	R2	0.0139856972507145	0	12
P07	49	26	CS58	R1	0.0122490364056542	0	7
P07	49	27	CS60	R1	-0.00705808083535528	0	14
P07	49	28	CS62	R1	0.00448230612008753	0	7
P07	49	29	CS62	R2	0.00478421027711561	0	7
P07	50	1	CS41	R1	0.00416544495689539	0	14
P07	50	2	CS41	R2	-0.00592755565486297	0	14
P07	50	3	CS42	R1	0.00109407925992786	0	14
P07	50	4	CS42	R2	-0.00416278944787709	0	14
P07	50	5	CS43	R1	0.000271260657702395	0	14
P07	50	6	CS43	R2	0.00101589612112032	0	14
P07	50	7	CS44	R1	0.0054530448276056	0	14
P07	50	8	CS47	R1	-0.00323032459163857	0	14
P07	50	9	CS47	R2	-0.00371545665828741	0	14
P07	50	10	CS48	R1	0.00645861940516625	0	14
P07	50	11	CS48	R2	0.00445146488355453	0	14
P07	50	12	CS49	R1	0.000291233174960606	0	12
P07	50	13	CS49	R2	-0.000299086120280531	0	14
P07	50	14	CS51	R1	-0.00207277887639327	0	14
P07	50	15	CS51	R2	-0.00944198343389017	0	12
P07	50	16	CS53	R1	0.00202544911807957	0	12
P07	50	17	CS53	R2	0.00208423898308382	0	8
P07	50	18	CS54	R1	0.00311681986858296	0	7
P07	50	19	CS54	R2	0.00273461770221623	0	7
P07	50	20	CS55	R1	-0.000475849006789563	0	14
P07	50	21	CS55	R2	-0.0034249638605165	0	14
P07	50	22	CS56	R1	-0.00809466504566065	0	12
P07	50	23	CS56	R2	0.00948761690544283	0	12
P07	50	24	CS57	R1	0.00661538269567512	0	12
P07	50	25	CS57	R2	0.0035533486329683	0	12
P07	50	26	CS58	R1	-0.00932654114439491	0	7
P07	50	27	CS60	R1	0.000321717801655135	0	14
P07	50	28	CS62	R1	0.00926191089661466	0	7
P07	50	29	CS62	R2	-0.00392360311499954	0	7
P07	51	1	CS41	R1	0.00394995623830098	0	14
P07	51	2	CS41	R2	0.00131257723859367	0	14
P07	51	3	CS42	R1	-0.000615291272232441	0	14
P07	51	4	CS42	R2	0.00306191877546718	0	14
P07	51	5	CS43	R1	0.00613370553354227	0	14
P07	51	6	CS43	R2	0.0019050314724036	0	14
P07	51	7	CS44	R1	0.00587991333922971	0	14
P07	51	8	CS47	R1	-0.00554523122013741	0	14
P07	51	9	CS47	R2	-0.000148997888822269	0	14
P07	51	10	CS48	R1	-0.000600087886715498	0	14
P07	51	11	CS48	R2	-0.00210388223449692	0	14
P07	51	12	CS49	R1	-0.00231190670630166	0	12
P07	51	13	CS49	R2	0.0038754031016166	0	14
P07	51	14	CS51	R1	-0.00383700514446525	0	14
P07	51	15	CS51	R2	0.00814292843006889	0	12
P07	51	16	CS53	R1	-0.00687413154183216	0	12
P07	51	17	CS53	R2	-0.00808966555366313	0	8
P07	51	18	CS54	R1	-0.0117388530426393	0	7
P07	51	19	CS54	R2	0.00746081924549464	0	7
P07	51	20	CS55	R1	0.0065761422553435	0	14
P07	51	21	CS55	R2	-0.00119200523985136	0	14
P07	51	22	CS56	R1	-0.00606349473345258	0	12
P07	51	23	CS56	R2	-0.0109331766545857	0	12
P07	51	24	CS57	R1	-0.00990985000315954	0	12
P07	51	25	CS57	R2	0.00287686291092674	0	12
P07	51	26	CS58	R1	-0.00272660852823478	0	7
P07	51	27	CS60	R1	-0.00473943228155104	0	14
P07	51	28	CS62	R1	0.0130482385583383	0	7
P07	51	29	CS62	R2	-0.00157339489965919	0	7
P07	52	1	CS41	R1	0.000839621674914908	0	14
P07	52	2	CS41	R2	-0.0117083301787139	0	14
P07	52	3	CS42	R1	-0.0102696309290002	0	14
P07	52	4	CS42	R2	0.00186551894559782	0	14
P07	52	5	CS43	R1	-8.62931881969799e-05	0	14
P07	52	6	CS43	R2	0.00635811441024611	0	14
P07	52	7	CS44	R1	-0.00420477204132929	0	14
P07	52	8	CS47	R1	-0.00457970601504782	0	14
P07	52	9	CS47	R2	0.000239303516458799	0	14
P07	52	10	CS48	R1	-0.00190008635569404	0	14
P07	52	11	CS48	R2	0.00601057317411031	0	14
P07	52	12	CS49	R1	0.00286376943734	0	12
P07	52	13	CS49	R2	0.00107038656746389	0	14
P07	52	14	CS51	R1	-0.00520240393390456	0	14
P07	52	15	CS51	R2	-0.00270965201565878	0	12
P07	52	16	CS53	R1	0.00849833832284045	0	12
P07	52	17	CS53	R2	-0.00881764877930369	0	8
P07	52	18	CS54	R1	-0.00520694949438351	0	7
P07	52	19	CS54	R2	-0.00183504526258975	0	7
P07	52	20	CS55	R1	-0.00378581263930498	0	14
P07	52	21	CS55	R2	-0.00394692889604669	0	14
P07	52	22	CS56	R1	0.00852911520431798	0	12
P07	52	23	CS56	R2	-0.0110555540470487	0	12
P07	52	24	CS57	R1	-0.00356851420941367	0	12
P07	52	25	CS57	R2	0.00834621226140751	0	12
P07	52	26	CS58	R1	-0.0022005535756718	0	7
P07	52	27	CS60	R1	0.00336507004631452	0	14
P07	52	28	CS62	R1	0.0125612417702408	0	7
P07	52	29	CS62	R2	-0.0103133271040629	0	7
P07	53	1	CS41	R1	0.00931050863200094	0	14
P07	53	2	CS41	R2	-0.000842451350268939	0	14
P07	53	3	CS42	R1	-0.0119706236810635	0	14
P07	53	4	CS42	R2	0.0041322408113141	0	14
P07	53	5	CS43	R1	-0.00212938758957654	0	14
P07	53	6	CS43	R2	-0.00555806710359643	0	14
P07	53	7	CS44	R1	-0.00453877209255407	0	14
P07	53	8	CS47	R1	-0.00670068645927008	0	14
P07	53	9	CS47	R2	-0.00536071797816871	0	14
P07	53	10	CS48	R1	0.00319567439575083	0	14
P07	53	11	CS48	R2	0.00629586691623414	0	14
P07	53	12	CS49	R1	-0.00737048151052053	0	12
P07	53	13	CS49	R2	-0.0153228467315581	0	14
P07	53	14	CS51	R1	0.0101772808576351	0	14
P07	53	15	CS51	R2	-0.000563535597739579	0	12
P07	53	16	CS53	R1	-0.000102164220665367	0	12
P07	53	17	CS53	R2	0.00144389945465642	0	8
P07	53	18	CS54	R1	-0.00495560375906135	0	7
P07	53	19	CS54	R2	0.00750374115925026	0	7
P07	53	20	CS55	R1	0.0104812304088561	0	14
P07	53	21	CS55	R2	0.00379254726507354	0	14
P07	53	22	CS56	R1	0.0102661425432574	0	12
P07	53	23	CS56	R2	-0.000852244690163953	0	12
P07	53	24	CS57	R1	-0.00461530945250075	0	12
P07	53	25	CS57	R2	0.00439446420180954	0	12
P07	53	26	CS58	R1	0.000623226303569377	0	7
P07	53	27	CS60	R1	0.00270969916690879	0	14
P07	53	28	CS62	R1	-0.00960137430851365	0	7
P07	53	29	CS62	R2	-0.0079018746186357	0	7
P07	54	1	CS41	R1	-0.00140286180061736	0	14
P07	54	2	CS41	R2	0.00698103131901461	0	14
P07	54	3	CS42	R1	0.000103102584217671	0	14
P07	54	4	CS42	R2	-0.0081693602131293	0	14
P07	54	5	CS43	R1	0.00209100159656189	0	14
P07	54	6	CS43	R2	0.0016224346889725	0	14
P07	54	7	CS44	R1	-0.00291202829630098	0	14
P07	54	8	CS47	R1	-0.00281436210758756	0	14
P07	54	9	CS47	R2	0.00104738094360083	0	14
P07	54	10	CS48	R1	-0.00664625435084662	0	14
P07	54	11	CS48	R2	8.11116077967232e-05	0	14
P07	54	12	CS49	R1	-0.0105822175248661	0	12
P07	54	13	CS49	R2	0.00726478903814708	0	14
P07	54	14	CS51	R1	0.00142049422022964	0	14
P07	54	15	CS51	R2	0.00837806808395791	0	12
P07	54	16	CS53	R1	0.0045552713422648	0	12
P07	54	17	CS53	R2	0.00590196376138404	0	8
P07	54	18	CS54	R1	0.00222412580309764	0	7
P07	54	19	CS54	R2	0.00072685779084197	0	7
P07	54	20	CS55	R1	-0.00722931816218703	0	14
P07	54	21	CS55	R2	-0.000394483842914036	0	14
P07	54	22	CS56	R1	0.00317267599320939	0	12
P07	54	23	CS56	R2	-0.00565558936241309	0	12
P07	54	24	CS57	R1	0.00151369254555537	0	12
P07	54	25	CS57	R2	0.00519623804463671	0	12
P07	54	26	CS58	R1	0.012173521208115	0	7
P07	54	27	CS60	R1	0.000263639839747541	0	14
P07	54	28	CS62	R1	-0.0103051563198595	0	7
P07	54	29	CS62	R2	-0.00084285236666201	0	7
P07	55	1	CS41	R1	-0.00699874580727369	0	14
P07	55	2	CS41	R2	0.001512118742051	0	14
P07	55	3	CS42	R1	0.00435174646207537	0	14
P07	55	4	CS42	R2	-0.00582245981940004	0	14
P07	55	5	CS43	R1	-0.00095140657997581	0	14
P07	55	6	CS43	R2	-0.00489085226736391	0	14
P07	55	7	CS44	R1	-0.00283087939539329	0	14
P07	55	8	CS47	R1	-0.00193592971305469	0	14
P07	55	9	CS47	R2	-0.00914534388419086	0	14
P07	55	10	CS48	R1	0.00229244747228981	0	14
P07	55	11	CS48	R2	0.00157601130480688	0	14
P07	55	12	CS49	R1	-0.000430804893147113	0	12
P07	55	13	CS49	R2	-0.001949448016467	0	14
P07	55	14	CS51	R1	-0.000561883000943021	0	14
P07	55	15	CS51	R2	0.00950571998805105	0	12
P07	55	16	CS53	R1	0.000132692493786696	0	12
P07	55	17	CS53	R2	-0.0108252618669693	0	8
P07	55	18	CS54	R1	-0.0199731045858971	0	7
P07	55	19	CS54	R2	-0.000928317051577472	0	7
P07	55	20	CS55	R1	-0.00601442313217727	0	14
P07	55	21	CS55	R2	0.00225923022702501	0	14
P07	55	22	CS56	R1	0.00677256882474624	0	12
P07	55	23	CS56	R2	0.0011449965430366	0	12
P07	55	24	CS57	R1	-0.00550213039616925	0	12
P07	55	25	CS57	R2	-0.00196876402899197	0	12
P07	55	26	CS58	R1	0.00209026283763767	0	7
P07	55	27	CS60	R1	0.00166485772265515	0	14
P07	55	28	CS62	R1	-0.00446891280239557	0	7
P07	55	29	CS62	R2	0.00148696289089817	0	7
P07	56	1	CS41	R1	0.000638491173513032	0	14
P07	56	2	CS41	R2	0.00226846343336641	0	14
P07	56	3	CS42	R1	-0.00371440680357587	0	14
P07	56	4	CS42	R2	0.00118793673101721	0	14
P07	56	5	CS43	R1	-0.00156659322615053	0	14
P07	56	6	CS43	R2	0.000735582355363863	0	14
P07	56	7	CS44	R1	0.00161478665705702	0	14
P07	56	8	CS47	R1	-0.00619010335032016	0	14
P07	56	9	CS47	R2	0.00102092755138289	0	14
P07	56	10	CS48	R1	0.00574810278242094	0	14
P07	56	11	CS48	R2	-0.00311516448394853	0	14
P07	56	12	CS49	R1	0.000625100338289019	0	12
P07	56	13	CS49	R2	-0.00164638752245276	0	14
P07	56	14	CS51	R1	-0.00764010906587279	0	14
P07	56	15	CS51	R2	0.00123559575274768	0	12
P07	56	16	CS53	R1	-0.00733621196399954	0	12
P07	56	17	CS53	R2	-0.00638962605423198	0	8
P07	56	18	CS54	R1	0.0126052747835779	0	7
P07	56	19	CS54	R2	0.00528549663270478	0	7
P07	56	20	CS55	R1	0.00223277913940646	0	14
P07	56	21	CS55	R2	-0.00248011399288296	0	14
P07	56	22	CS56	R1	0.0115155739332811	0	12
P07	56	23	CS56	R2	0.00599197982325634	0	12
P07	56	24	CS57	R1	0.0136964642005047	0	12
P07	56	25	CS57	R2	0.00906861488116895	0	12
P07	56	26	CS58	R1	-0.00598569728114238	0	7
P07	56	27	CS60	R1	-0.00380172269049721	0	14
P07	56	28	CS62	R1	-0.0129017790771367	0	7
P07	56	29	CS62	R2	-0.00687600933316135	0	7
P07	57	1	CS41	R1	-0.00492069065217897	0	14
P07	57	2	CS41	R2	-0.00317441437353105	0	14
P07	57	3	CS42	R1	-0.00829040844908227	0	14
P07	57	4	CS42	R2	0.00257692879047972	0	14
P07	57	5	CS43	R1	0.00197155611053102	0	14
P07	57	6	CS43	R2	-0.00292068276682507	0	14
P07	57	7	CS44	R1	-0.000954480258620085	0	14
P07	57	8	CS47	R1	0.00568730398874154	0	14
P07	57	9	CS47	R2	0.00137144483176133	0	14
P07	57	10	CS48	R1	0.000951999873180309	0	14
P07	57	11	CS48	R2	-0.0077720599184275	0	14
P07	57	12	CS49	R1	0.00475061389618606	0	12
P07	57	13	CS49	R2	-0.00399279299987616	0	14
P07	57	14	CS51	R1	-0.00401254931815608	0	14
P07	57	15	CS51	R2	0.00200883490861275	0	12
P07	57	16	CS53	R1	-0.00587307812575952	0	12
P07	57	17	CS53	R2	-0.00178740634535928	0	8
P07	57	18	CS54	R1	-0.003145552179257	0	7
P07	57	19	CS54	R2	-0.0104884077780596	0	7
P07	57	20	CS55	R1	-0.0121144149602368	0	14
P07	57	21	CS55	R2	0.000209478252393265	0	14
P07	57	22	CS56	R1	-0.0080136807054032	0	12
P07	57	23	CS56	R2	-0.0062343711329297	0	12
P07	57	24	CS57	R1	0.0128469135574145	0	12
P07	57	25	CS57	R2	-0.00869885766048104	0	12
P07	57	26	CS58	R1	0.0179037660098812	0	7
P07	57	27	CS60	R1	0.00385733058937481	0	14
P07	57	28	CS62	R1	0.0030697448416764	0	7
P07	57	29	CS62	R2	-0.00070251708769164	0	7
P07	58	1	CS41	R1	0.00442943759229474	0	14
P07	58	2	CS41	R2	0.000888054358830664	0	14
P07	58	3	CS42	R1	0.00521956719840328	0	14
P07	58	4	CS42	R2	-0.00609228310424157	0	14
P07	58	5	CS43	R1	-0.00420960479714477	0	14
P07	58	6	CS43	R2	-0.00762296458014012	0	14
P07	58	7	CS44	R1	0.00503943825663528	0	14
P07	58	8	CS47	R1	0.00589520203169513	0	14
P07	58	9	CS47	R2	0.00617202717493345	0	14
P07	58	10	CS48	R1	0.00816537453765192	0	14
P07	58	11	CS48	R2	0.00711546726768349	0	14
P07	58	12	CS49	R1	0.00686609025912676	0	12
P07	58	13	CS49	R2	-0.00261596457758857	0	14
P07	58	14	CS51	R1	0.00111602510047684	0	14
P07	58	15	CS51	R2	0.00235308336476362	0	12
P07	58	16	CS53	R1	-0.00292237157810158	0	12
P07	58	17	CS53	R2	-0.0047727853295729	0	8
P07	58	18	CS54	R1	-0.00445364659741574	0	7
P07	58	19	CS54	R2	-0.00585345060129449	0	7
P07	58	20	CS55	R1	-0.00818542424266894	0	14
P07	58	21	CS55	R2	0.00696625932805168	0	14
P07	58	22	CS56	R1	-0.00124644940505941	0	12
P07	58	23	CS56	R2	-0.00182585672354993	0	12
P07	58	24	CS57	R1	-0.00274986017255036	0	12
P07	58	25	CS57	R2	-0.00933752263814962	0	12
P07	58	26	CS58	R1	-0.00820664944310578	0	7
P07	58	27	CS60	R1	-0.00260729760165613	0	14
P07	58	28	CS62	R1	-0.00558294649225789	0	7
P07	58	29	CS62	R2	0.00407668620215416	0	7
P07	59	1	CS41	R1	-0.000310464233713597	0	14
P07	59	2	CS41	R2	-0.00103006686507795	0	14
P07	59	3	CS42	R1	-0.00387542222232151	0	14
P07	59	4	CS42	R2	0.00334113054630228	0	14
P07	59	5	CS43	R1	-0.00247160496698381	0	14
P07	59	6	CS43	R2	0.000527608921877567	0	14
P07	59	7	CS44	R1	0.00726862961996308	0	14
P07	59	8	CS47	R1	0.00454913912235106	0	14
P07	59	9	CS47	R2	-0.00571596060649688	0	14
P07	59	10	CS48	R1	-0.000896685754585405	0	14
P07	59	11	CS48	R2	-0.00555359957447573	0	14
P07	59	12	CS49	R1	0.0115890342436237	0	12
P07	59	13	CS49	R2	0.000140866214984287	0	14
P07	59	14	CS51	R1	0.00553866831529041	0	14
P07	59	15	CS51	R2	0.00516907670685098	0	12
P07	59	16	CS53	R1	-0.00474266540495194	0	12
P07	59	17	CS53	R2	0.00248510068773226	0	8
P07	59	18	CS54	R1	-0.0206470205704549	0	7
P07	59	19	CS54	R2	0.00281273373816838	0	7
P07	59	20	CS55	R1	-0.00456783504587668	0	14
P07	59	21	CS55	R2	-0.00134739181303999	0	14
P07	59	22	CS56	R1	0.00987054931619864	0	12
P07	59	23	CS56	R2	-0.00658244844678671	0	12
P07	59	24	CS57	R1	0.00422792483651181	0	12
P07	59	25	CS57	R2	-0.00179631562278467	0	12
P07	59	26	CS58	R1	0.00256912723568498	0	7
P07	59	27	CS60	R1	0.00872396367617444	0	14
P07	59	28	CS62	R1	-0.00046933617703352	0	7
P07	59	29	CS62	R2	0.00314737463475081	0	7
P07	60	1	CS41	R1	0.00446259939884634	0	14
P07	60	2	CS41	R2	-0.00934045865855002	0	14
P07	60	3	CS42	R1	0.000233914156387953	0	14
P07	60	4	CS42	R2	0.00468939770655888	0	14
P07	60	5	CS43	R1	0.00972041460304233	0	14
P07	60	6	CS43	R2	-0.0127236140522414	0	14
P07	60	7	CS44	R1	-0.00381387360165207	0	14
P07	60	8	CS47	R1	0.00243074212098729	0	14
P07	60	9	CS47	R2	-0.00226947234246442	0	14
P07	60	10	CS48	R1	0.0107331010401865	0	14
P07	60	11	CS48	R2	-0.00706733783076604	0	14
P07	60	12	CS49	R1	0.000614940667590512	0	12
P07	60	13	CS49	R2	0.00356897864708084	0	14
P07	60	14	CS51	R1	0.00307388183961763	0	14
P07	60	15	CS51	R2	0.000804734160710659	0	12
P07	60	16	CS53	R1	-0.00388059353059115	0	12
P07	60	17	CS53	R2	0.000295785313045627	0	8
P07	60	18	CS54	R1	-0.00555906381988209	0	7
P07	60	19	CS54	R2	0.0121234907974961	0	7
P07	60	20	CS55	R1	0.00370477204518857	0	14
P07	60	21	CS55	R2	-0.00273416192839743	0	14
P07	60	22	CS56	R1	-0.00323974475818153	0	12
P07	60	23	CS56	R2	0.0101890629403259	0	12
P07	60	24	CS57	R1	-0.000188832774078032	0	12
P07	60	25	CS57	R2	-0.00444108306644216	0	12
P07	60	26	CS58	R1	0.00470115848630998	0	7
P07	60	27	CS60	R1	-0.0112144703557301	0	14
P07	60	28	CS62	R1	0.0111577983638001	0	7
P07	60	29	CS62	R2	-0.00754610210403713	0	7
P07	61	1	CS41	R1	0.00383989032016345	0	14
P07	61	2	CS41	R2	0.00397963877430228	0	14
P07	61	3	CS42	R1	0.000132586288309298	0	14
P07	61	4	CS42	R2	-0.0028010316504957	0	14
P07	61	5	CS43	R1	-0.00190413621494983	0	14
P07	61	6	CS43	R2	0.00608367910233229	0	14
P07	61	7	CS44	R1	0.000964159197997987	0	14
P07	61	8	CS47	R1	-0.00691760152790995	0	14
P07	61	9	CS47	R2	-0.00109061121967582	0	14
P07	61	10	CS48	R1	-0.00164755777273781	0	14
P07	61	11	CS48	R2	0.00245819229883628	0	14
P07	61	12	CS49	R1	0.00497566839627363	0	12
P07	61	13	CS49	R2	0.00425889856818573	0	14
P07	61	14	CS51	R1	0.00755758231974072	0	14
P07	61	15	CS51	R2	0.0141267054563971	0	12
P07	61	16	CS53	R1	0.00522445224089489	0	12
P07	61	17	CS53	R2	0.00741287186455125	0	8
P07	61	18	CS54	R1	-0.0278302494536433	0	7
P07	61	19	CS54	R2	-0.0105986514085395	0	7
P07	61	20	CS55	R1	-0.00443744236056258	0	14
P07	61	21	CS55	R2	-0.00546206169227224	0	14
P07	61	22	CS56	R1	0.00686292826071288	0	12
P07	61	23	CS56	R2	-0.0026763516538311	0	12
P07	61	24	CS57	R1	0.000147290146744544	0	12
P07	61	25	CS57	R2	0.00405324043872671	0	12
P07	61	26	CS58	R1	-0.0010557459193057	0	7
P07	61	27	CS60	R1	-0.00358392331388536	0	14
P07	61	28	CS62	R1	0.00152293105865536	0	7
P07	61	29	CS62	R2	0.00813798574304356	0	7
P07	62	1	CS41	R1	0.00465881407228034	0	14
P07	62	2	CS41	R2	-0.00347111977888186	0	14
P07	62	3	CS42	R1	0.000245468273411188	0	14
P07	62	4	CS42	R2	-0.00992539300651826	0	14
P07	62	5	CS43	R1	0.00198363536917391	0	14
P07	62	6	CS43	R2	-0.00538917741244445	0	14
P07	62	7	CS44	R1	-0.0132409907290259	0	14
P07	62	8	CS47	R1	-0.00302810367863354	0	14
P07	62	9	CS47	R2	0.00755204023206934	0	14
P07	62	10	CS48	R1	0.0204931276956415	0	14
P07	62	11	CS48	R2	-0.00558143711876391	0	14
P07	62	12	CS49	R1	-0.000695701587722728	0	12
P07	62	13	CS49	R2	-0.000926150492889854	0	14
P07	62	14	CS51	R1	-0.0122930626724047	0	14
P07	62	15	CS51	R2	-0.0041818796264127	0	12
P07	62	16	CS53	R1	0.00465352522684215	0	12
P07	62	17	CS53	R2	-0.00845133329006013	0	8
P07	62	18	CS54	R1	-0.0115962525771685	0	7
P07	62	19	CS54	R2	0.00575225355727977	0	7
P07	62	20	CS55	R1	-0.00366771305872924	0	14
P07	62	21	CS55	R2	-0.00743335811535123	0	14
P07	62	22	CS56	R1	-0.00654803531146421	0	12
P07	62	23	CS56	R2	0.0107594797189355	0	12
P07	62	24	CS57	R1	-0.00254265878631557	0	12
P07	62	25	CS57	R2	-0.00295940297397346	0	12
P07	62	26	CS58	R1	-0.000543022517388285	0	7
P07	62	27	CS60	R1	-0.0115967436569605	0	14
P07	62	28	CS62	R1	0.000954947785780603	0	7
P07	62	29	CS62	R2	0.00494956837438944	0	7
P07	63	1	CS41	R1	0.00288031479709005	0	14
P07	63	2	CS41	R2	0.00448558682622006	0	14
P07	63	3	CS42	R1	0.00230483445626926	0	14
P07	63	4	CS42	R2	0.00052822153045641	0	14
P07	63	5	CS43	R1	-0.00104545805185034	0	14
P07	63	6	CS43	R2	0.00342986994033269	0	14
P07	63	7	CS44	R1	-0.000147033575510135	0	14
P07	63	8	CS47	R1	0.0039062522097063	0	14
P07	63	9	CS47	R2	-0.00666082893380923	0	14
P07	63	10	CS48	R1	-0.00425783082430568	0	14
P07	63	11	CS48	R2	-0.00776427378307849	0	14
P07	63	12	CS49	R1	0.00332931657288994	0	12
P07	63	13	CS49	R2	-0.00831495760261404	0	14
P07	63	14	CS51	R1	-0.00510077921737715	0	14
P07	63	15	CS51	R2	0.00749856079820335	0	12
P07	63	16	CS53	R1	0.00190249345984587	0	12
P07	63	17	CS53	R2	0.00162474570546983	0	8
P07	63	18	CS54	R1	0.00855487111774033	0	7
P07	63	19	CS54	R2	-0.00989858745996767	0	7
P07	63	20	CS55	R1	0.00985918547345519	0	14
P07	63	21	CS55	R2	0.00225065763141628	0	14
P07	63	22	CS56	R1	0.00161640673574836	0	12
P07	63	23	CS56	R2	0.00530633103592423	0	12
P07	63	24	CS57	R1	0.000519718442751994	0	12
P07	63	25	CS57	R2	0.0060223338756974	0	12
P07	63	26	CS58	R1	-0.0118039345569688	0	7
P07	63	27	CS60	R1	-0.00332719494967556	0	14
P07	63	28	CS62	R1	-0.0257847903699922	0	7
P07	63	29	CS62	R2	0.00607017417027682	0	7
P07	64	1	CS41	R1	0.000734929863659704	0	14
P07	64	2	CS41	R2	0.00239715149754764	0	14
P07	64	3	CS42	R1	0.000421788725752193	0	14
P07	64	4	CS42	R2	-0.00047242516818611	0	14
P07	64	5	CS43	R1	0.00388131659662761	0	14
P07	64	6	CS43	R2	0.00897481775411752	0	14
P07	64	7	CS44	R1	0.00978899854147195	0	14
P07	64	8	CS47	R1	0.00500279984928212	0	14
P07	64	9	CS47	R2	-0.00845351743635179	0	14
P07	64	10	CS48	R1	-0.00303788419400789	0	14
P07	64	11	CS48	R2	-0.00190984551804918	0	14
P07	64	12	CS49	R1	0.00890710518808913	0	12
P07	64	13	CS49	R2	-0.00193017762484652	0	14
P07	64	14	CS51	R1	0.00964891700359523	0	14
P07	64	15	CS51	R2	0.00416463638722248	0	12
P07	64	16	CS53	R1	-0.0027864217320645	0	12
P07	64	17	CS53	R2	0.0103348223932633	0	8
P07	64	18	CS54	R1	-0.00271135876029789	0	7
P07	64	19	CS54	R2	-0.00457430687897324	0	7
P07	64	20	CS55	R1	-0.00109325068840239	0	14
P07	64	21	CS55	R2	0.00954103649306026	0	14
P07	64	22	CS56	R1	0.00399939201412853	0	12
P07	64	23	CS56	R2	-0.00288830496709483	0	12
P07	64	24	CS57	R1	-0.00608019875498221	0	12
P07	64	25	CS57	R2	0.0106288511524203	0	12
P07	64	26	CS58	R1	-0.0019907231247989	0	7
P07	64	27	CS60	R1	0.00136023935637401	0	14
P07	64	28	CS62	R1	-0.00592643632586627	0	7
P07	64	29	CS62	R2	0.00351936926430943	0	7
P08	1	1	CS41	R1	-0.00631909809930143	0	14
P08	1	2	CS41	R2	-0.00714879572545802	0	14
P08	1	3	CS42	R1	-0.00543060930135861	0	14
P08	1	4	CS42	R2	-0.00171580915787242	0	14
P08	1	5	CS43	R1	0.00616463163480294	0	14
P08	1	6	CS43	R2	-0.00464352358343779	0	14
P08	1	7	CS44	R1	0.0039801774515136	0	14
P08	1	8	CS47	R1	-0.00107450135270779	0	14
P08	1	9	CS47	R2	-0.00843840631656849	0	14
P08	1	10	CS48	R1	-0.00227468366776733	0	14
P08	1	11	CS48	R2	0.00166508964319133	0	14
P08	1	12	CS49	R1	-0.000377687853700573	0	12
P08	1	13	CS49	R2	-0.00871739882829396	0	14
P08	1	14	CS51	R1	0.00609177485723066	0	14
P08	1	15	CS51	R2	0.00213920786672377	0	12
P08	1	16	CS53	R1	0.00242703689363439	0	12
P08	1	17	CS53	R2	0.00259152854028528	0	8
P08	1	18	CS54	R1	-0.00968687661981164	0	7
P08	1	19	CS54	R2	-0.0134806905030079	0	7
P08	1	20	CS55	R1	0.0134756030346209	0	14
P08	1	21	CS55	R2	-0.00244373904565868	0	14
P08	1	22	CS56	R1	-0.00102978677903385	0	12
P08	1	23	CS56	R2	-0.00767318424651296	0	12
P08	1	24	CS57	R1	0.00474800367965155	0	12
P08	1	25	CS57	R2	-0.00820863126538409	0	12
P08	1	26	CS58	R1	0.00260035081918264	0	7
P08	1	27	CS60	R1	0.0106921970507948	0	14
P08	1	28	CS62	R1	-0.00629395282058238	0	7
P08	1	29	CS62	R2	0.010512488365003	0	7
P08	2	1	CS41	R1	-0.00641758141143698	0	14
P08	2	2	CS41	R2	-0.00503424921808211	0	14
P08	2	3	CS42	R1	-0.00779895211996943	0	14
P08	2	4	CS42	R2	-0.00335225733974216	0	14
P08	2	5	CS43	R1	0.00595284992602942	0	14
P08	2	6	CS43	R2	-0.00107715850014128	0	14
P08	2	7	CS44	R1	0.00756562953258581	0	14
P08	2	8	CS47	R1	-0.00649493751285105	0	14
P08	2	9	CS47	R2	-0.00134496169354966	0	14
P08	2	10	CS48	R1	0.00158992848174007	0	14
P08	2	11	CS48	R2	0.00421700452259531	0	14
P08	2	12	CS49	R1	4.35816624358076e-05	0	12
P08	2	13	CS49	R2	0.00579544742356999	0	14
P08	2	14	CS51	R1	-0.000121560178614808	0	14
P08	2	15	CS51	R2	0.00423415716458822	0	12
P08	2	16	CS53	R1	-0.0113295875201661	0	12
P08	2	17	CS53	R2	0.0148589394927589	0	8
P08	2	18	CS54	R1	0.00202628921168625	0	7
P08	2	19	CS54	R2	-0.00533378371045961	0	7
P08	2	20	CS55	R1	0.00841068988275273	0	14
P08	2	21	CS55	R2	-0.00685823700670859	0	14
P08	2	22	CS56	R1	-0.00862957489824479	0	12
P08	2	23	CS56	R2	0.00274760232715799	0	12
P08	2	24	CS57	R1	0.00347671639707587	0	12
P08	2	25	CS57	R2	-0.00318121862557556	0	12
P08	2	26	CS58	R1	0.0147473815340162	0	7
P08	2	27	CS60	R1	0.000250063617393197	0	14
P08	2	28	CS62	R1	0.00425585833886807	0	7
P08	2	29	CS62	R2	0.0019018309540666	0	7
P08	3	1	CS41	R1	0.00254081190300551	0	14
P08	3	2	CS41	R2	0.00401212695382415	0	14
P08	3	3	CS42	R1	0.00707100226902549	0	14
P08	3	4	CS42	R2	-0.00908252864683786	0	14
P08	3	5	CS43	R1	-0.00663144171295669	0	14
P08	3	6	CS43	R2	-0.00614013980932831	0	14
P08	3	7	CS44	R1	0.00484650365614266	0	14
P08	3	8	CS47	R1	-0.00420930289409757	0	14
P08	3	9	CS47	R2	0.00127169788505485	0	14
P08	3	10	CS48	R1	0.00260861077565144	0	14
P08	3	11	CS48	R2	0.00437830233941276	0	14
P08	3	12	CS49	R1	-0.00445479773903693	0	12
P08	3	13	CS49	R2	-0.00128820843287554	0	14
P08	3	14	CS51	R1	0.00500614274326977	0	14
P08	3	15	CS51	R2	-0.000848818433633056	0	12
P08	3	16	CS53	R1	0.00408477485279145	0	12
P08	3	17	CS53	R2	0.00654253413829106	0	8
P08	3	18	CS54	R1	-0.00155119241145958	0	7
P08	3	19	CS54	R2	0.00332081311235349	0	7
P08	3	20	CS55	R1	-0.000386210747113336	0	14
P08	3	21	CS55	R2	0.0111510761365138	0	14
P08	3	22	CS56	R1	0.000159973940641038	0	12
P08	3	23	CS56	R2	-0.00591003051528851	0	12
P08	3	24	CS57	R1	-0.00417698751382853	0	12
P08	3	25	CS57	R2	-0.0062748269944678	0	12
P08	3	26	CS58	R1	0.00419274882528307	0	7
P08	3	27	CS60	R1	0.00264864318068857	0	14
P08	3	28	CS62	R1	-0.00288180775843114	0	7
P08	3	29	CS62	R2	-0.00494113177874453	0	7
P08	4	1	CS41	R1	-0.00522569716640639	0	14
P08	4	2	CS41	R2	0.00703844182842721	0	14
P08	4	3	CS42	R1	0.00158172947801146	0	14
P08	4	4	CS42	R2	0.00127944077933721	0	14
P08	4	5	CS43	R1	0.000371122672799552	0	14
P08	4	6	CS43	R2	0.000809735972581215	0	14
P08	4	7	CS44	R1	0.00503915782948407	0	14
P08	4	8	CS47	R1	0.00175972285121866	0	14
P08	4	9	CS47	R2	-0.00575823925515593	0	14
P08	4	10	CS48	R1	-6.22248314276096e-05	0	14
P08	4	11	CS48	R2	-0.00143869809117772	0	14
P08	4	12	CS49	R1	-0.00554660648965216	0	12
P08	4	13	CS49	R2	-0.00649273686580237	0	14
P08	4	14	CS51	R1	0.0152413821843883	0	14
P08	4	15	CS51	R2	0.0131901245338655	0	12
P08	4	16	CS53	R1	-0.00291162036003967	0	12
P08	4	17	CS53	R2	0.0023685148977877	0	8
P08	4	18	CS54	R1	-0.00354724402640268	0	7
P08	4	19	CS54	R2	-0.00432440036205802	0	7
P08	4	20	CS55	R1	-0.00321030075637626	0	14
P08	4	21	CS55	R2	-0.00501724064765713	0	14
P08	4	22	CS56	R1	0.00190907336794894	0	12
P08	4	23	CS56	R2	-0.00775264031956436	0	12
P08	4	24	CS57	R1	-0.00864436786649591	0	12
P08	4	25	CS57	R2	0.00362322793382138	0	12
P08	4	26	CS58	R1	0.00512272168801844	0	7
P08	4	27	CS60	R1	0.00285127439114095	0	14
P08	4	28	CS62	R1	0.00479115450285377	0	7
P08	4	29	CS62	R2	-0.00208139381830978	0	7
P08	5	1	CS41	R1	-0.000950751956460878	0	14
P08	5	2	CS41	R2	-0.007043224740946	0	14
P08	5	3	CS42	R1	0.00513928708753549	0	14
P08	5	4	CS42	R2	0.00583023825212567	0	14
P08	5	5	CS43	R1	0.00364527408274706	0	14
P08	5	6	CS43	R2	0.00818974357989356	0	14
P08	5	7	CS44	R1	-0.00556248670741855	0	14
P08	5	8	CS47	R1	0.00345012123456862	0	14
P08	5	9	CS47	R2	0.00554380302929658	0	14
P08	5	10	CS48	R1	-0.00584427425616894	0	14
P08	5	11	CS48	R2	-0.00340903768462403	0	14
P08	5	12	CS49	R1	0.000532251314806536	0	12
P08	5	13	CS49	R2	0.00943146192205927	0	14
P08	5	14	CS51	R1	0.00456120056809849	0	14
P08	5	15	CS51	R2	0.00463566311190235	0	12
P08	5	16	CS53	R1	-0.00325220658565895	0	12
P08	5	17	CS53	R2	0.0150938530372104	0	8
P08	5	18	CS54	R1	0.00441931326678395	0	7
P08	5	19	CS54	R2	-0.00188052579914125	0	7
P08	5	20	CS55	R1	-0.00291263447521845	0	14
P08	5	21	CS55	R2	0.00497092791519154	0	14
P08	5	22	CS56	R1	0.0112644638137701	0	12
P08	5	23	CS56	R2	-0.00762597443302118	0	12
P08	5	24	CS57	R1	-0.000601695886055453	0	12
P08	5	25	CS57	R2	0.00412178080456971	0	12
P08	5	26	CS58	R1	-0.000723270416883327	0	7
P08	5	27	CS60	R1	0.00236405691802549	0	14
P08	5	28	CS62	R1	0.00802097702542963	0	7
P08	5	29	CS62	R2	-0.00501630012863846	0	7
P08	6	1	CS41	R1	0.00167965259952191	0	14
P08	6	2	CS41	R2	0.00260713525029707	0	14
P08	6	3	CS42	R1	0.011955089503729	0	14
P08	6	4	CS42	R2	-0.00936161429413552	0	14
P08	6	5	CS43	R1	-6.67447128104058e-05	0	14
P08	6	6	CS43	R2	-0.00420189892252848	0	14
P08	6	7	CS44	R1	-0.000109520972061279	0	14
P08	6	8	CS47	R1	0.00248194645518364	0	14
P08	6	9	CS47	R2	0.00270943017853618	0	14
P08	6	10	CS48	R1	0.00321615499534405	0	14
P08	6	11	CS48	R2	0.000622634133877763	0	14
P08	6	12	CS49	R1	0.00923177747928991	0	12
P08	6	13	CS49	R2	-0.00410384035329679	0	14
P08	6	14	CS51	R1	-0.00821656773419576	0	14
P08	6	15	CS51	R2	0.00328665582000616	0	12
P08	6	16	CS53	R1	-0.0036600364805689	0	12
P08	6	17	CS53	R2	-0.00328980445749444	0	8
P08	6	18	CS54	R1	-0.0035809439009304	0	7
P08	6	19	CS54	R2	0.00708491666153375	0	7
P08	6	20	CS55	R1	-0.00467827193515039	0	14
P08	6	21	CS55	R2	0.0005234784484718	0	14
P08	6	22	CS56	R1	0.00239053213912805	0	12
P08	6	23	CS56	R2	-0.00591591240296814	0	12
P08	6	24	CS57	R1	-0.00105069837775392	0	12
P08	6	25	CS57	R2	-0.00996420745471557	0	12
P08	6	26	CS58	R1	0.00411660153619016	0	7
P08	6	27	CS60	R1	-0.000943808109718933	0	14
P08	6	28	CS62	R1	-0.0100182690328955	0	7
P08	6	29	CS62	R2	-0.00529141090866895	0	7
P08	7	1	CS41	R1	-0.00487743660164064	0	14
P08	7	2	CS41	R2	-0.00573234872775174	0	14
P08	7	3	CS42	R1	-0.00263180801358354	0	14
P08	7	4	CS42	R2	-0.0012781798326858	0	14
P08	7	5	CS43	R1	-0.00120864737896996	0	14
P08	7	6	CS43	R2	-0.00135270993040576	0	14
P08	7	7	CS44	R1	-0.00278052434639524	0	14
P08	7	8	CS47	R1	-0.00423456623317118	0	14
P08	7	9	CS47	R2	-0.000719342161371432	0	14
P08	7	10	CS48	R1	-0.00425726370087304	0	14
P08	7	11	CS48	R2	0.00447537783577081	0	14
P08	7	12	CS49	R1	-0.00379514506820615	0	12
P08	7	13	CS49	R2	-0.0056910020383204	0	14
P08	7	14	CS51	R1	0.00543659566873097	0	14
P08	7	15	CS51	R2	0.0045741764579186	0	12
P08	7	16	CS53	R1	0.010692441093316	0	12
P08	7	17	CS53	R2	-0.00603262421263775	0	8
P08	7	18	CS54	R1	0.00287993349878762	0	7
P08	7	19	CS54	R2	-0.00402922945508321	0	7
P08	7	20	CS55	R1	0.00501865999605884	0	14
P08	7	21	CS55	R2	-0.00627449124167321	0	14
P08	7	22	CS56	R1	0.00389462383149033	0	12
P08	7	23	CS56	R2	0.00167051308739967	0	12
P08	7	24	CS57	R1	-0.00534973820305839	0	12
P08	7	25	CS57	R2	0.00887645965023972	0	12
P08	7	26	CS58	R1	-0.0113755900129609	0	7
P08	7	27	CS60	R1	-0.0137614035863011	0	14
P08	7	28	CS62	R1	0.0122812907980614	0	7
P08	7	29	CS62	R2	0.00856831916611697	0	7
P08	8	1	CS41	R1	-0.0110011124325573	0	14
P08	8	2	CS41	R2	-0.000417432438942163	0	14
P08	8	3	CS42	R1	-0.00186508974064485	0	14
P08	8	4	CS42	R2	0.00584818012687209	0	14
P08	8	5	CS43	R1	0.000438393238489022	0	14
P08	8	6	CS43	R2	0.0039624087273629	0	14
P08	8	7	CS44	R1	0.00439367197962768	0	14
P08	8	8	CS47	R1	-0.00815563910762061	0	14
P08	8	9	CS47	R2	0.00775727246501975	0	14
P08	8	10	CS48	R1	0.0071237193678375	0	14
P08	8	11	CS48	R2	0.00447431920083866	0	14
P08	8	12	CS49	R1	-0.00330186863101892	0	12
P08	8	13	CS49	R2	0.00237810743668383	0	14
P08	8	14	CS51	R1	-0.000458065636773627	0	14
P08	8	15	CS51	R2	0.00045131889377711	0	12
P08	8	16	CS53	R1	0.00853976684077744	0	12
P08	8	17	CS53	R2	-0.00721328437278339	0	8
P08	8	18	CS54	R1	0.0040527918715591	0	7
P08	8	19	CS54	R2	0.00570958833559547	0	7
P08	8	20	CS55	R1	-0.00591820916441535	0	14
P08	8	21	CS55	R2	-0.00286918172804063	0	14
P08	8	22	CS56	R1	-0.0124857297618709	0	12
P08	8	23	CS56	R2	0.0131256472531921	0	12
P08	8	24	CS57	R1	0.00735008936279861	0	12
P08	8	25	CS57	R2	-0.00152280911822378	0	12
P08	8	26	CS58	R1	-3.46743146066093e-05	0	7
P08	8	27	CS60	R1	0.00286157349348853	0	14
P08	8	28	CS62	R1	0.0141795207410668	0	7
P08	8	29	CS62	R2	0.013894033127836	0	7
P08	9	1	CS41	R1	-0.0127742216681446	0	14
P08	9	2	CS41	R2	-0.00525666878765268	0	14
P08	9	3	CS42	R1	-0.00189762952808599	0	14
P08	9	4	CS42	R2	0.0026634414695662	0	14
P08	9	5	CS43	R1	0.00815952606059861	0	14
P08	9	6	CS43	R2	0.000759532395053729	0	14
P08	9	7	CS44	R1	0.00250199986312347	0	14
P08	9	8	CS47	R1	-0.0112483333756191	0	14
P08	9	9	CS47	R2	-0.00265065450155729	0	14
P08	9	10	CS48	R1	-0.00242804568435634	0	14
P08	9	11	CS48	R2	-0.00117518365009769	0	14
P08	9	12	CS49	R1	-0.00587288525832024	0	12
P08	9	13	CS49	R2	-0.00752022760235456	0	14
P08	9	14	CS51	R1	0.00911234359765773	0	14
P08	9	15	CS51	R2	-0.00159562473423479	0	12
P08	9	16	CS53	R1	0.0013724478631177	0	12
P08	9	17	CS53	R2	-0.00102141140130101	0	8
P08	9	18	CS54	R1	0.0111014311073007	0	7
P08	9	19	CS54	R2	-0.0015944943122088	0	7
P08	9	20	CS55	R1	0.00110218234482053	0	14
P08	9	21	CS55	R2	0.00172825882526379	0	14
P08	9	22	CS56	R1	0.0028149274751669	0	12
P08	9	23	CS56	R2	0.00109258154029439	0	12
P08	9	24	CS57	R1	0.00207283802059255	0	12
P08	9	25	CS57	R2	-0.00249651429170996	0	12
P08	9	26	CS58	R1	0.00330979734135643	0	7
P08	9	27	CS60	R1	0.00373726023961619	0	14
P08	9	28	CS62	R1	-0.00287323801958207	0	7
P08	9	29	CS62	R2	0.0112731958067189	0	7
P08	10	1	CS41	R1	-0.00814620582778045	0	14
P08	10	2	CS41	R2	-0.00578296029678724	0	14
P08	10	3	CS42	R1	0.00680931287869561	0	14
P08	10	4	CS42	R2	0.000936936077515963	0	14
P08	10	5	CS43	R1	0.00728063559982539	0	14
P08	10	6	CS43	R2	0.000687310180196233	0	14
P08	10	7	CS44	R1	0.00209873147092202	0	14
P08	10	8	CS47	R1	-0.011030596492769	0	14
P08	10	9	CS47	R2	0.00680248716564087	0	14
P08	10	10	CS48	R1	0.000511038561666046	0	14
P08	10	11	CS48	R2	-0.00401839533787387	0	14
P08	10	12	CS49	R1	-0.00984437167528208	0	12
P08	10	13	CS49	R2	-0.0055055408642745	0	14
P08	10	14	CS51	R1	-0.00424800923891101	0	14
P08	10	15	CS51	R2	0.00114370978640196	0	12
P08	10	16	CS53	R1	-0.00181927819230643	0	12
P08	10	17	CS53	R2	-0.0023547362914782	0	8
P08	10	18	CS54	R1	0.00262068333970745	0	7
P08	10	19	CS54	R2	-0.00865084655712234	0	7
P08	10	20	CS55	R1	-0.00311016044945467	0	14
P08	10	21	CS55	R2	0.00407548820075749	0	14
P08	10	22	CS56	R1	-0.00260006486749211	0	12
P08	10	23	CS56	R2	-0.00143846755088931	0	12
P08	10	24	CS57	R1	-0.00585476785223916	0	12
P08	10	25	CS57	R2	0.00790995615706552	0	12
P08	10	26	CS58	R1	-0.00611535881154273	0	7
P08	10	27	CS60	R1	-0.0038017576188391	0	14
P08	10	28	CS62	R1	-0.0129782326833214	0	7
P08	10	29	CS62	R2	-0.00396626626983719	0	7
P08	11	1	CS41	R1	-0.00478334551531735	0	14
P08	11	2	CS41	R2	0.000221341607255286	0	14
P08	11	3	CS42	R1	-0.000430003888215418	0	14
P08	11	4	CS42	R2	-0.000131464406776482	0	14
P08	11	5	CS43	R1	0.00176166718549408	0	14
P08	11	6	CS43	R2	-0.000166216847177627	0	14
P08	11	7	CS44	R1	-0.000478831730368234	0	14
P08	11	8	CS47	R1	-0.000674723179281084	0	14
P08	11	9	CS47	R2	-0.00404853402720473	0	14
P08	11	10	CS48	R1	0.00385759846419136	0	14
P08	11	11	CS48	R2	-0.00255972778080132	0	14
P08	11	12	CS49	R1	-0.00521953175554166	0	12
P08	11	13	CS49	R2	0.00662126860357402	0	14
P08	11	14	CS51	R1	0.0114720915862509	0	14
P08	11	15	CS51	R2	0.00434757548501162	0	12
P08	11	16	CS53	R1	-0.00231920502526899	0	12
P08	11	17	CS53	R2	0.00166872465789981	0	8
P08	11	18	CS54	R1	-0.00579863415130475	0	7
P08	11	19	CS54	R2	0.00239953653589906	0	7
P08	11	20	CS55	R1	-0.00395541183793822	0	14
P08	11	21	CS55	R2	0.00126008164584103	0	14
P08	11	22	CS56	R1	-0.00609984870307969	0	12
P08	11	23	CS56	R2	-0.00600523658839079	0	12
P08	11	24	CS57	R1	0.00197172761400111	0	12
P08	11	25	CS57	R2	-0.00945903083242993	0	12
P08	11	26	CS58	R1	0.0101689172925522	0	7
P08	11	27	CS60	R1	0.000473002889456712	0	14
P08	11	28	CS62	R1	-0.00386839523330175	0	7
P08	11	29	CS62	R2	-0.00454468076126015	0	7
P08	12	1	CS41	R1	-0.000817243510226904	0	14
P08	12	2	CS41	R2	0.00592192105658603	0	14
P08	12	3	CS42	R1	0.0025433743703629	0	14
P08	12	4	CS42	R2	0.00933330522760515	0	14
P08	12	5	CS43	R1	-0.00485676496154559	0	14
P08	12	6	CS43	R2	-0.00487215134629218	0	14
P08	12	7	CS44	R1	-7.67779000771723e-05	0	14
P08	12	8	CS47	R1	-0.0029682783608116	0	14
P08	12	9	CS47	R2	-0.00220510484042289	0	14
P08	12	10	CS48	R1	0.000605016127389879	0	14
P08	12	11	CS48	R2	0.00370117077707312	0	14
P08	12	12	CS49	R1	-0.00501984750679932	0	12
P08	12	13	CS49	R2	-0.00781425406546036	0	14
P08	12	14	CS51	R1	-0.00184354968292993	0	14
P08	12	15	CS51	R2	-0.00923684746947061	0	12
P08	12	16	CS53	R1	0.00727152607888966	0	12
P08	12	17	CS53	R2	-0.0155096382470705	0	8
P08	12	18	CS54	R1	0.00830510807801423	0	7
P08	12	19	CS54	R2	0.00711272372778577	0	7
P08	12	20	CS55	R1	-0.000658867111579304	0	14
P08	12	21	CS55	R2	-0.00724453238522183	0	14
P08	12	22	CS56	R1	-0.00788849992140618	0	12
P08	12	23	CS56	R2	0.00276747344912132	0	12
P08	12	24	CS57	R1	0.000903840455714495	0	12
P08	12	25	CS57	R2	0.00160072463857621	0	12
P08	12	26	CS58	R1	0.00576437672919727	0	7
P08	12	27	CS60	R1	-0.00396904055092766	0	14
P08	12	28	CS62	R1	-0.00114564118363831	0	7
P08	12	29	CS62	R2	-0.0110835611695054	0	7
P08	13	1	CS41	R1	0.003374600742154	0	14
P08	13	2	CS41	R2	-0.00880939991398758	0	14
P08	13	3	CS42	R1	0.000989937907191819	0	14
P08	13	4	CS42	R2	0.00224970690701335	0	14
P08	13	5	CS43	R1	-0.00327738374452582	0	14
P08	13	6	CS43	R2	0.000130329760666566	0	14
P08	13	7	CS44	R1	0.0163066412448221	0	14
P08	13	8	CS47	R1	0.00209691740868491	0	14
P08	13	9	CS47	R2	0.00307489788519603	0	14
P08	13	10	CS48	R1	-0.0023552872307048	0	14
P08	13	11	CS48	R2	-0.000664694542652606	0	14
P08	13	12	CS49	R1	0.00217965656215379	0	12
P08	13	13	CS49	R2	-0.00558644995531009	0	14
P08	13	14	CS51	R1	0.00501983043515936	0	14
P08	13	15	CS51	R2	0.00590927507860037	0	12
P08	13	16	CS53	R1	-0.0066694290871922	0	12
P08	13	17	CS53	R2	0.00207819414379731	0	8
P08	13	18	CS54	R1	0.00071807756493214	0	7
P08	13	19	CS54	R2	-0.0104048857652647	0	7
P08	13	20	CS55	R1	-0.000953473814088919	0	14
P08	13	21	CS55	R2	-0.00305311758250639	0	14
P08	13	22	CS56	R1	-0.00150017888532525	0	12
P08	13	23	CS56	R2	0.000982971458974987	0	12
P08	13	24	CS57	R1	0.00214938539803019	0	12
P08	13	25	CS57	R2	0.00567239566082165	0	12
P08	13	26	CS58	R1	0.00653772986800837	0	7
P08	13	27	CS60	R1	-0.000983249981866046	0	14
P08	13	28	CS62	R1	-0.00126401529539975	0	7
P08	13	29	CS62	R2	-0.00903036289322353	0	7
P08	14	1	CS41	R1	-0.00773870571962671	0	14
P08	14	2	CS41	R2	0.00197318302583645	0	14
P08	14	3	CS42	R1	-0.00910983478454759	0	14
P08	14	4	CS42	R2	0.000359504683146533	0	14
P08	14	5	CS43	R1	-0.00362152374003985	0	14
P08	14	6	CS43	R2	-0.00133439508029255	0	14
P08	14	7	CS44	R1	-0.00349360114397048	0	14
P08	14	8	CS47	R1	-0.00264100533104579	0	14
P08	14	9	CS47	R2	0.00619810390780505	0	14
P08	14	10	CS48	R1	0.00524436648744726	0	14
P08	14	11	CS48	R2	-0.0079260501282614	0	14
P08	14	12	CS49	R1	0.00814090520718646	0	12
P08	14	13	CS49	R2	-0.0122684305269172	0	14
P08	14	14	CS51	R1	-0.000387684900836185	0	14
P08	14	15	CS51	R2	-0.00645022469801174	0	12
P08	14	16	CS53	R1	0.00514190511102679	0	12
P08	14	17	CS53	R2	-0.0143965047308379	0	8
P08	14	18	CS54	R1	0.00585367287777227	0	7
P08	14	19	CS54	R2	-0.0177627984573028	0	7
P08	14	20	CS55	R1	0.00132522370465869	0	14
P08	14	21	CS55	R2	0.00123818889491798	0	14
P08	14	22	CS56	R1	-0.00495168012166467	0	12
P08	14	23	CS56	R2	0.0157941153163695	0	12
P08	14	24	CS57	R1	-0.0068792671296795	0	12
P08	14	25	CS57	R2	0.0047629387484331	0	12
P08	14	26	CS58	R1	-0.00803657282341961	0	7
P08	14	27	CS60	R1	0.00369452461192741	0	14
P08	14	28	CS62	R1	-0.0117777119102939	0	7
P08	14	29	CS62	R2	-0.00214285504499004	0	7
P08	15	1	CS41	R1	-0.000976923717144722	0	14
P08	15	2	CS41	R2	-0.00266546729484721	0	14
P08	15	3	CS42	R1	0.00052568834943165	0	14
P08	15	4	CS42	R2	0.00177787465308161	0	14
P08	15	5	CS43	R1	-0.00245867197345428	0	14
P08	15	6	CS43	R2	0.00152846976388589	0	14
P08	15	7	CS44	R1	-0.00329948274470989	0	14
P08	15	8	CS47	R1	0.00447792696143758	0	14
P08	15	9	CS47	R2	0.00698385344837049	0	14
P08	15	10	CS48	R1	0.00317384039328702	0	14
P08	15	11	CS48	R2	0.00494738023714215	0	14
P08	15	12	CS49	R1	-0.00824669328849188	0	12
P08	15	13	CS49	R2	0.00126363005041127	0	14
P08	15	14	CS51	R1	-0.00551889197636074	0	14
P08	15	15	CS51	R2	0.00714660816208085	0	12
P08	15	16	CS53	R1	0.00545431580509056	0	12
P08	15	17	CS53	R2	0.00392290959225876	0	8
P08	15	18	CS54	R1	0.0105798395350049	0	7
P08	15	19	CS54	R2	-2.24387528197914e-06	0	7
P08	15	20	CS55	R1	-0.00489539670702597	0	14
P08	15	21	CS55	R2	0.000562511624471626	0	14
P08	15	22	CS56	R1	-0.00445003235611349	0	12
P08	15	23	CS56	R2	-0.00145764705072388	0	12
P08	15	24	CS57	R1	-0.00255981683836413	0	12
P08	15	25	CS57	R2	-0.00302648416396171	0	12
P08	15	26	CS58	R1	0.00705258468214372	0	7
P08	15	27	CS60	R1	0.00473692835144494	0	14
P08	15	28	CS62	R1	0.0102718916574309	0	7
P08	15	29	CS62	R2	0.0060338965166945	0	7
P08	16	1	CS41	R1	-0.000382707600310087	0	14
P08	16	2	CS41	R2	-0.000687346135625775	0	14
P08	16	3	CS42	R1	-0.0117740855160904	0	14
P08	16	4	CS42	R2	-0.00933692231148054	0	14
P08	16	5	CS43	R1	0.00247207411642095	0	14
P08	16	6	CS43	R2	-0.0104654525605201	0	14
P08	16	7	CS44	R1	0.00506108949448944	0	14
P08	16	8	CS47	R1	-0.00211112150019484	0	14
P08	16	9	CS47	R2	-0.000648824038579014	0	14
P08	16	10	CS48	R1	0.00673920547968965	0	14
P08	16	11	CS48	R2	0.00370165352674838	0	14
P08	16	12	CS49	R1	-0.0134513028180861	0	12
P08	16	13	CS49	R2	-0.00514544571749503	0	14
P08	16	14	CS51	R1	-0.0145232340287053	0	14
P08	16	15	CS51	R2	-0.000751703597401371	0	12
P08	16	16	CS53	R1	-9.72327504472017e-05	0	12
P08	16	17	CS53	R2	0.00183744117582993	0	8
P08	16	18	CS54	R1	-8.04010123129484e-05	0	7
P08	16	19	CS54	R2	-0.000499698330987373	0	7
P08	16	20	CS55	R1	-0.00207882783709064	0	14
P08	16	21	CS55	R2	-0.00215733550906216	0	14
P08	16	22	CS56	R1	-0.000170731641447776	0	12
P08	16	23	CS56	R2	0.00520136442073662	0	12
P08	16	24	CS57	R1	-0.00516753549010776	0	12
P08	16	25	CS57	R2	1.30410193563022e-05	0	12
P08	16	26	CS58	R1	0.00558121747582277	0	7
P08	16	27	CS60	R1	-0.00209911293919254	0	14
P08	16	28	CS62	R1	-0.0143527653506346	0	7
P08	16	29	CS62	R2	0.00852473273349831	0	7
P08	17	1	CS41	R1	0.00215806142561347	0	14
P08	17	2	CS41	R2	-0.00499716580232028	0	14
P08	17	3	CS42	R1	-0.00276637231460592	0	14
P08	17	4	CS42	R2	0.00366634461420447	0	14
P08	17	5	CS43	R1	0.00490111530663029	0	14
P08	17	6	CS43	R2	0.00254800089440616	0	14
P08	17	7	CS44	R1	0.003780248876261	0	14
P08	17	8	CS47	R1	-0.00544180722606806	0	14
P08	17	9	CS47	R2	-0.00369677224870137	0	14
P08	17	10	CS48	R1	-0.00786056587301319	0	14
P08	17	11	CS48	R2	0.013664429993482	0	14
P08	17	12	CS49	R1	-0.00172320142171025	0	12
P08	17	13	CS49	R2	0.00938212175410605	0	14
P08	17	14	CS51	R1	-0.0100629083186063	0	14
P08	17	15	CS51	R2	-0.0099170904807795	0	12
P08	17	16	CS53	R1	0.00283124595217254	0	12
P08	17	17	CS53	R2	0.00491749595521282	0	8
P08	17	18	CS54	R1	-4.96756255238137e-05	0	7
P08	17	19	CS54	R2	-0.00021150831727979	0	7
P08	17	20	CS55	R1	0.00275319834599781	0	14
P08	17	21	CS55	R2	0.00335086894696564	0	14
P08	17	22	CS56	R1	0.00631252018153566	0	12
P08	17	23	CS56	R2	0.000522453558418152	0	12
P08	17	24	CS57	R1	0.000965704093599188	0	12
P08	17	25	CS57	R2	0.014164395397515	0	12
P08	17	26	CS58	R1	-0.00184763534929755	0	7
P08	17	27	CS60	R1	0.00157513412920403	0	14
P08	17	28	CS62	R1	-0.0114395680015887	0	7
P08	17	29	CS62	R2	0.000300854746771241	0	7
P08	18	1	CS41	R1	-0.00839242344378224	0	14
P08	18	2	CS41	R2	0.00189259677524182	0	14
P08	18	3	CS42	R1	-0.00796260130949595	0	14
P08	18	4	CS42	R2	6.81248076703851e-05	0	14
P08	18	5	CS43	R1	-0.00644466685511344	0	14
P08	18	6	CS43	R2	-0.00452865711129972	0	14
P08	18	7	CS44	R1	-0.00738761913130649	0	14
P08	18	8	CS47	R1	-0.000146552203608041	0	14
P08	18	9	CS47	R2	-0.00157520539736732	0	14
P08	18	10	CS48	R1	0.00290688635137473	0	14
P08	18	11	CS48	R2	0.00487283585671647	0	14
P08	18	12	CS49	R1	-0.00880193536735559	0	12
P08	18	13	CS49	R2	-0.00900419824198796	0	14
P08	18	14	CS51	R1	-0.00406246830423678	0	14
P08	18	15	CS51	R2	0.00156896075203181	0	12
P08	18	16	CS53	R1	-0.00441704375980417	0	12
P08	18	17	CS53	R2	0.00267442264901113	0	8
P08	18	18	CS54	R1	-0.00947881769011659	0	7
P08	18	19	CS54	R2	-0.0114697058614165	0	7
P08	18	20	CS55	R1	-0.00435565353514128	0	14
P08	18	21	CS55	R2	0.00814666578676722	0	14
P08	18	22	CS56	R1	-0.00335692409149407	0	12
P08	18	23	CS56	R2	0.000668045984394801	0	12
P08	18	24	CS57	R1	-0.0102048273183111	0	12
P08	18	25	CS57	R2	-0.0187913028440281	0	12
P08	18	26	CS58	R1	-0.00524137873180073	0	7
P08	18	27	CS60	R1	-0.000373858210162446	0	14
P08	18	28	CS62	R1	-0.0050166099441761	0	7
P08	18	29	CS62	R2	0.00584094872370244	0	7
P08	19	1	CS41	R1	0.00110057498654829	0	14
P08	19	2	CS41	R2	0.00489421303306924	0	14
P08	19	3	CS42	R1	-5.23952853553418e-05	0	14
P08	19	4	CS42	R2	-0.00596477700685861	0	14
P08	19	5	CS43	R1	0.000696167787293382	0	14
P08	19	6	CS43	R2	-0.00982026094916555	0	14
P08	19	7	CS44	R1	0.00154328964744746	0	14
P08	19	8	CS47	R1	-0.00135135786625717	0	14
P08	19	9	CS47	R2	-0.00413253421911344	0	14
P08	19	10	CS48	R1	0.00421610018797309	0	14
P08	19	11	CS48	R2	-0.00329404722940905	0	14
P08	19	12	CS49	R1	-0.0169287705738711	0	12
P08	19	13	CS49	R2	0.0026173167977981	0	14
P08	19	14	CS51	R1	-0.00277746362906878	0	14
P08	19	15	CS51	R2	0.00340923952514708	0	12
P08	19	16	CS53	R1	-0.00634243014788116	0	12
P08	19	17	CS53	R2	0.0132106740205353	0	8
P08	19	18	CS54	R1	0.000365715272143918	0	7
P08	19	19	CS54	R2	0.000500331482259598	0	7
P08	19	20	CS55	R1	0.00154272406641025	0	14
P08	19	21	CS55	R2	-0.00216625287383519	0	14
P08	19	22	CS56	R1	-0.0026241859290989	0	12
P08	19	23	CS56	R2	-0.0125264387833336	0	12
P08	19	24	CS57	R1	0.00381449595971327	0	12
P08	19	25	CS57	R2	-0.00502722189606003	0	12
P08	19	26	CS58	R1	0.00483715755495269	0	7
P08	19	27	CS60	R1	-0.000472271058655461	0	14
P08	19	28	CS62	R1	-0.0169865199890319	0	7
P08	19	29	CS62	R2	-0.00814778170833222	0	7
P08	20	1	CS41	R1	0.000149037426868932	0	14
P08	20	2	CS41	R2	0.0023718238984135	0	14
P08	20	3	CS42	R1	0.00396284333902079	0	14
P08	20	4	CS42	R2	0.00833952910222538	0	14
P08	20	5	CS43	R1	0.00183485526900919	0	14
P08	20	6	CS43	R2	0.0136454863091033	0	14
P08	20	7	CS44	R1	0.00509825430948427	0	14
P08	20	8	CS47	R1	-0.00882497870748362	0	14
P08	20	9	CS47	R2	-0.0106334663429699	0	14
P08	20	10	CS48	R1	-0.00659882969542326	0	14
P08	20	11	CS48	R2	0.0045328150253715	0	14
P08	20	12	CS49	R1	-0.00105027466404898	0	12
P08	20	13	CS49	R2	0.00468411526853166	0	14
P08	20	14	CS51	R1	-0.0072729084472915	0	14
P08	20	15	CS51	R2	0.00630733195828479	0	12
P08	20	16	CS53	R1	0.00351971288718771	0	12
P08	20	17	CS53	R2	-0.00907197060364652	0	8
P08	20	18	CS54	R1	0.00536184384408695	0	7
P08	20	19	CS54	R2	-0.00831463772017427	0	7
P08	20	20	CS55	R1	0.00599754345801483	0	14
P08	20	21	CS55	R2	-0.00715927090273005	0	14
P08	20	22	CS56	R1	-0.0160127937675452	0	12
P08	20	23	CS56	R2	-0.00651221047947942	0	12
P08	20	24	CS57	R1	0.0020844598480169	0	12
P08	20	25	CS57	R2	0.00757015420075162	0	12
P08	20	26	CS58	R1	0.00277842094791005	0	7
P08	20	27	CS60	R1	0.0161226884434087	0	14
P08	20	28	CS62	R1	-0.00257547417619039	0	7
P08	20	29	CS62	R2	-0.00759284387362129	0	7
P08	21	1	CS41	R1	0.00805887268896975	0	14
P08	21	2	CS41	R2	-0.00436482155364763	0	14
P08	21	3	CS42	R1	0.00198393783849875	0	14
P08	21	4	CS42	R2	0.00334853269815916	0	14
P08	21	5	CS43	R1	-0.00161169130204994	0	14
P08	21	6	CS43	R2	-0.0020462513688725	0	14
P08	21	7	CS44	R1	0.00263908124082373	0	14
P08	21	8	CS47	R1	-0.00193113094651638	0	14
P08	21	9	CS47	R2	-0.00360548590049305	0	14
P08	21	10	CS48	R1	-0.00622822425547855	0	14
P08	21	11	CS48	R2	-0.00165394424857461	0	14
P08	21	12	CS49	R1	-0.00925097098559824	0	12
P08	21	13	CS49	R2	-0.00227521453350951	0	14
P08	21	14	CS51	R1	-0.00450749789875226	0	14
P08	21	15	CS51	R2	0.00283946860618261	0	12
P08	21	16	CS53	R1	-0.00198485484587633	0	12
P08	21	17	CS53	R2	0.00366799271751959	0	8
P08	21	18	CS54	R1	-0.0138617241485886	0	7
P08	21	19	CS54	R2	0.00485494436812237	0	7
P08	21	20	CS55	R1	-0.00520812379140356	0	14
P08	21	21	CS55	R2	0.00490324012260583	0	14
P08	21	22	CS56	R1	-6.92566439941106e-05	0	12
P08	21	23	CS56	R2	0.00237446576464582	0	12
P08	21	24	CS57	R1	-0.0109299961952798	0	12
P08	21	25	CS57	R2	0.00157883792000666	0	12
P08	21	26	CS58	R1	0.00695949059637945	0	7
P08	21	27	CS60	R1	-0.000943743432927217	0	14
P08	21	28	CS62	R1	0.0116610250771258	0	7
P08	21	29	CS62	R2	0.00159587250347108	0	7
P08	22	1	CS41	R1	-0.00439788417999783	0	14
P08	22	2	CS41	R2	0.00436831034190277	0	14
P08	22	3	CS42	R1	-0.00699843861248342	0	14
P08	22	4	CS42	R2	0.000696365768257474	0	14
P08	22	5	CS43	R1	-0.00354554089703336	0	14
P08	22	6	CS43	R2	-0.0058510756633853	0	14
P08	22	7	CS44	R1	0.00217460134690316	0	14
P08	22	8	CS47	R1	0.00194831882720132	0	14
P08	22	9	CS47	R2	0.00243058125250877	0	14
P08	22	10	CS48	R1	0.00278955412982906	0	14
P08	22	11	CS48	R2	-0.0040704323212062	0	14
P08	22	12	CS49	R1	-2.3490620493958e-06	0	12
P08	22	13	CS49	R2	-0.000712238313115851	0	14
P08	22	14	CS51	R1	-0.00226058669302408	0	14
P08	22	15	CS51	R2	-0.00694012771322031	0	12
P08	22	16	CS53	R1	0.00167622152050634	0	12
P08	22	17	CS53	R2	0.0226606350690233	0	8
P08	22	18	CS54	R1	-0.0143873421047809	0	7
P08	22	19	CS54	R2	0.00255559186355459	0	7
P08	22	20	CS55	R1	-0.00463136971282627	0	14
P08	22	21	CS55	R2	0.00407095007833712	0	14
P08	22	22	CS56	R1	-0.0029185373130778	0	12
P08	22	23	CS56	R2	-0.00872407886090473	0	12
P08	22	24	CS57	R1	-0.00607617475056796	0	12
P08	22	25	CS57	R2	-0.00690128608407357	0	12
P08	22	26	CS58	R1	-0.014167216856788	0	7
P08	22	27	CS60	R1	0.00435824893569948	0	14
P08	22	28	CS62	R1	-0.0119520750595498	0	7
P08	22	29	CS62	R2	0.0041605803243702	0	7
P08	23	1	CS41	R1	-0.00256823471898547	0	14
P08	23	2	CS41	R2	0.00821755275836968	0	14
P08	23	3	CS42	R1	-0.0030098947738761	0	14
P08	23	4	CS42	R2	1.55411276018517e-05	0	14
P08	23	5	CS43	R1	-0.00126742554467877	0	14
P08	23	6	CS43	R2	0.00357223493908746	0	14
P08	23	7	CS44	R1	3.08761378037329e-05	0	14
P08	23	8	CS47	R1	0.00635922329147389	0	14
P08	23	9	CS47	R2	0.00765045203485188	0	14
P08	23	10	CS48	R1	-0.00734567492060798	0	14
P08	23	11	CS48	R2	-0.000871424864328459	0	14
P08	23	12	CS49	R1	0.00443167166375759	0	12
P08	23	13	CS49	R2	0.000907364280294147	0	14
P08	23	14	CS51	R1	0.0087149801536304	0	14
P08	23	15	CS51	R2	0.00341820973209559	0	12
P08	23	16	CS53	R1	-0.0101198118276013	0	12
P08	23	17	CS53	R2	0.0169566365522757	0	8
P08	23	18	CS54	R1	0.00124053056970557	0	7
P08	23	19	CS54	R2	-0.00201613020439334	0	7
P08	23	20	CS55	R1	0.00671801486318833	0	14
P08	23	21	CS55	R2	-0.00292848165414578	0	14
P08	23	22	CS56	R1	0.000553867029913955	0	12
P08	23	23	CS56	R2	0.00566385399214422	0	12
P08	23	24	CS57	R1	-0.00128935845625378	0	12
P08	23	25	CS57	R2	-0.0026079154414455	0	12
P08	23	26	CS58	R1	-0.0136911236767866	0	7
P08	23	27	CS60	R1	-0.00286180513840357	0	14
P08	23	28	CS62	R1	-0.00591207919391781	0	7
P08	23	29	CS62	R2	-0.00324358626362994	0	7
P08	24	1	CS41	R1	0.00353062875261058	0	14
P08	24	2	CS41	R2	0.00513359720573311	0	14
P08	24	3	CS42	R1	0.0069336425449724	0	14
P08	24	4	CS42	R2	0.00284658033423311	0	14
P08	24	5	CS43	R1	0.0120492388714739	0	14
P08	24	6	CS43	R2	0.00672692750004517	0	14
P08	24	7	CS44	R1	-0.00369779347978222	0	14
P08	24	8	CS47	R1	-0.00629313127448345	0	14
P08	24	9	CS47	R2	-0.00462263542058064	0	14
P08	24	10	CS48	R1	0.00298344045910116	0	14
P08	24	11	CS48	R2	-0.00356731217081916	0	14
P08	24	12	CS49	R1	0.00425280053386419	0	12
P08	24	13	CS49	R2	0.00581421352283788	0	14
P08	24	14	CS51	R1	0.00030951926489509	0	14
P08	24	15	CS51	R2	-0.00721645647265445	0	12
P08	24	16	CS53	R1	0.00862484080092881	0	12
P08	24	17	CS53	R2	-0.00742807492749287	0	8
P08	24	18	CS54	R1	-0.0123468246927929	0	7
P08	24	19	CS54	R2	-0.00404436149873831	0	7
P08	24	20	CS55	R1	-0.000370409059592908	0	14
P08	24	21	CS55	R2	0.00274763256315752	0	14
P08	24	22	CS56	R1	-0.000905361274006601	0	12
P08	24	23	CS56	R2	-0.00745557729998985	0	12
P08	24	24	CS57	R1	-0.000801113959361385	0	12
P08	24	25	CS57	R2	0.00640667240297191	0	12
P08	24	26	CS58	R1	0.00117592659155987	0	7
P08	24	27	CS60	R1	0.000207605614557762	0	14
P08	24	28	CS62	R1	0.00632876773070746	0	7
P08	24	29	CS62	R2	0.00161343234841052	0	7
P08	25	1	CS41	R1	0.000525397651626392	0	14
P08	25	2	CS41	R2	0.00420094188705306	0	14
P08	25	3	CS42	R1	0.001476477543933	0	14
P08	25	4	CS42	R2	-0.00518074780132062	0	14
P08	25	5	CS43	R1	3.81273513920677e-05	0	14
P08	25	6	CS43	R2	0.00535033560405003	0	14
P08	25	7	CS44	R1	0.000308662684365319	0	14
P08	25	8	CS47	R1	-0.000793724988785882	0	14
P08	25	9	CS47	R2	-0.00456350413772006	0	14
P08	25	10	CS48	R1	0.00177279993700759	0	14
P08	25	11	CS48	R2	-0.000997974330465625	0	14
P08	25	12	CS49	R1	0.00699076532170965	0	12
P08	25	13	CS49	R2	-0.00953310019049115	0	14
P08	25	14	CS51	R1	-0.00944386989956943	0	14
P08	25	15	CS51	R2	-0.00715487715006851	0	12
P08	25	16	CS53	R1	-0.000797426526654679	0	12
P08	25	17	CS53	R2	-0.00610621401450067	0	8
P08	25	18	CS54	R1	0.00805405641693102	0	7
P08	25	19	CS54	R2	-0.00137779642861762	0	7
P08	25	20	CS55	R1	-0.00691455648701454	0	14
P08	25	21	CS55	R2	-0.00659951220476159	0	14
P08	25	22	CS56	R1	0.00567567430113683	0	12
P08	25	23	CS56	R2	-0.00619689496120142	0	12
P08	25	24	CS57	R1	0.00323747834664939	0	12
P08	25	25	CS57	R2	0.00351693047776356	0	12
P08	25	26	CS58	R1	-0.00243899667939864	0	7
P08	25	27	CS60	R1	0.00278000926580736	0	14
P08	25	28	CS62	R1	0.00267337794376782	0	7
P08	25	29	CS62	R2	0.00732728492337798	0	7
P08	26	1	CS41	R1	-0.00264249230980928	0	14
P08	26	2	CS41	R2	0.00523342656650129	0	14
P08	26	3	CS42	R1	0.000745497611872745	0	14
P08	26	4	CS42	R2	0.000389558221286511	0	14
P08	26	5	CS43	R1	0.00118150397748773	0	14
P08	26	6	CS43	R2	0.00371389367951402	0	14
P08	26	7	CS44	R1	-0.000147430163240016	0	14
P08	26	8	CS47	R1	0.00615357524813296	0	14
P08	26	9	CS47	R2	0.00280119325450015	0	14
P08	26	10	CS48	R1	0.00298801475062656	0	14
P08	26	11	CS48	R2	-0.00830958711630841	0	14
P08	26	12	CS49	R1	0.000131882844727287	0	12
P08	26	13	CS49	R2	-0.00175116283384546	0	14
P08	26	14	CS51	R1	0.00145464300415009	0	14
P08	26	15	CS51	R2	0.0105144716001391	0	12
P08	26	16	CS53	R1	-0.0039533747194814	0	12
P08	26	17	CS53	R2	0.00393415652309713	0	8
P08	26	18	CS54	R1	0.0011985399006058	0	7
P08	26	19	CS54	R2	-0.000366281023131258	0	7
P08	26	20	CS55	R1	-0.0085196726327809	0	14
P08	26	21	CS55	R2	0.00572150476287929	0	14
P08	26	22	CS56	R1	-0.0129352668377508	0	12
P08	26	23	CS56	R2	0.00583408676594683	0	12
P08	26	24	CS57	R1	0.00390533447463239	0	12
P08	26	25	CS57	R2	-0.00387542186674669	0	12
P08	26	26	CS58	R1	0.00398559841313365	0	7
P08	26	27	CS60	R1	0.00651997541192596	0	14
P08	26	28	CS62	R1	-0.000522797905235368	0	7
P08	26	29	CS62	R2	-0.0133125809610555	0	7
P08	27	1	CS41	R1	-0.0094264183578654	0	14
P08	27	2	CS41	R2	-0.000974844746750159	0	14
P08	27	3	CS42	R1	-0.0186245956342699	0	14
P08	27	4	CS42	R2	0.000678917580208575	0	14
P08	27	5	CS43	R1	0.0134259148551295	0	14
P08	27	6	CS43	R2	0.00937242860290048	0	14
P08	27	7	CS44	R1	0.00153044726803328	0	14
P08	27	8	CS47	R1	0.00676639798280621	0	14
P08	27	9	CS47	R2	-0.00627059309350758	0	14
P08	27	10	CS48	R1	-0.0117253406097868	0	14
P08	27	11	CS48	R2	0.000235094203454509	0	14
P08	27	12	CS49	R1	0.0026818433941197	0	12
P08	27	13	CS49	R2	-0.00366556286203826	0	14
P08	27	14	CS51	R1	0.00329081011462496	0	14
P08	27	15	CS51	R2	-0.0064625548242364	0	12
P08	27	16	CS53	R1	-0.00412552944182585	0	12
P08	27	17	CS53	R2	-0.00336612279227632	0	8
P08	27	18	CS54	R1	-0.000255225891690575	0	7
P08	27	19	CS54	R2	-0.0033616231684522	0	7
P08	27	20	CS55	R1	0.00172453297641321	0	14
P08	27	21	CS55	R2	-0.00159453355466907	0	14
P08	27	22	CS56	R1	-0.00160579416223216	0	12
P08	27	23	CS56	R2	0.00645636208603289	0	12
P08	27	24	CS57	R1	0.00352732432505337	0	12
P08	27	25	CS57	R2	-0.00250629521353148	0	12
P08	27	26	CS58	R1	0.00958642898247663	0	7
P08	27	27	CS60	R1	-0.00775757533739513	0	14
P08	27	28	CS62	R1	0.000980661552581214	0	7
P08	27	29	CS62	R2	0.00197955902157126	0	7
P08	28	1	CS41	R1	-0.00948360212823347	0	14
P08	28	2	CS41	R2	0.0028875982944964	0	14
P08	28	3	CS42	R1	-0.00636630022349794	0	14
P08	28	4	CS42	R2	0.00285475597809609	0	14
P08	28	5	CS43	R1	0.00226786410946452	0	14
P08	28	6	CS43	R2	-0.0100622423712376	0	14
P08	28	7	CS44	R1	-0.00150523516282108	0	14
P08	28	8	CS47	R1	0.00399010446968725	0	14
P08	28	9	CS47	R2	-0.00780204256777701	0	14
P08	28	10	CS48	R1	0.00184651290572091	0	14
P08	28	11	CS48	R2	-0.00308240008508979	0	14
P08	28	12	CS49	R1	0.00632655534299491	0	12
P08	28	13	CS49	R2	-0.00910234664209237	0	14
P08	28	14	CS51	R1	0.00111632825138367	0	14
P08	28	15	CS51	R2	0.00283585402621371	0	12
P08	28	16	CS53	R1	0.00394507085529257	0	12
P08	28	17	CS53	R2	0.00101415070435804	0	8
P08	28	18	CS54	R1	-0.00436084230202286	0	7
P08	28	19	CS54	R2	-0.00472623006095313	0	7
P08	28	20	CS55	R1	-0.000950416457944881	0	14
P08	28	21	CS55	R2	-0.00459515457308353	0	14
P08	28	22	CS56	R1	-0.00944904962727507	0	12
P08	28	23	CS56	R2	-0.00895937233781385	0	12
P08	28	24	CS57	R1	-0.00406541589534954	0	12
P08	28	25	CS57	R2	-0.000274221958625314	0	12
P08	28	26	CS58	R1	-0.00441856760527974	0	7
P08	28	27	CS60	R1	0.000365075607946999	0	14
P08	28	28	CS62	R1	0.00110128683275836	0	7
P08	28	29	CS62	R2	-0.00252837816271226	0	7
P08	29	1	CS41	R1	0.00375864329321446	0	14
P08	29	2	CS41	R2	0.00419989780504247	0	14
P08	29	3	CS42	R1	0.00240483795152574	0	14
P08	29	4	CS42	R2	0.00225536348391041	0	14
P08	29	5	CS43	R1	-0.00327500843774193	0	14
P08	29	6	CS43	R2	0.00459007705161068	0	14
P08	29	7	CS44	R1	-0.00480878104498264	0	14
P08	29	8	CS47	R1	0.0045609036203933	0	14
P08	29	9	CS47	R2	-0.0107491685260786	0	14
P08	29	10	CS48	R1	-0.00998172815948802	0	14
P08	29	11	CS48	R2	-0.00962247986778169	0	14
P08	29	12	CS49	R1	0.000587741206825751	0	12
P08	29	13	CS49	R2	0.00985812558909926	0	14
P08	29	14	CS51	R1	-0.00510500506209241	0	14
P08	29	15	CS51	R2	0.00828798935788811	0	12
P08	29	16	CS53	R1	0.00931331226016136	0	12
P08	29	17	CS53	R2	0.00112556347081447	0	8
P08	29	18	CS54	R1	0.00274422854398664	0	7
P08	29	19	CS54	R2	0.0114385071887565	0	7
P08	29	20	CS55	R1	-0.00936372415725688	0	14
P08	29	21	CS55	R2	-0.00244190245292602	0	14
P08	29	22	CS56	R1	-0.00209100908441864	0	12
P08	29	23	CS56	R2	-0.00125189744291538	0	12
P08	29	24	CS57	R1	-0.00109442406593814	0	12
P08	29	25	CS57	R2	0.00213154155120424	0	12
P08	29	26	CS58	R1	0.000801718535072251	0	7
P08	29	27	CS60	R1	-0.00157527307697649	0	14
P08	29	28	CS62	R1	-0.000864246295838751	0	7
P08	29	29	CS62	R2	-0.000933765542012477	0	7
P08	30	1	CS41	R1	-0.000534371421159437	0	14
P08	30	2	CS41	R2	0.00530245580007852	0	14
P08	30	3	CS42	R1	-0.0015978646388357	0	14
P08	30	4	CS42	R2	0.00236366217184851	0	14
P08	30	5	CS43	R1	-0.0104046090820499	0	14
P08	30	6	CS43	R2	0.000600526202385905	0	14
P08	30	7	CS44	R1	-0.00240254846853389	0	14
P08	30	8	CS47	R1	-0.000793657726470866	0	14
P08	30	9	CS47	R2	-0.00327138382762832	0	14
P08	30	10	CS48	R1	0.0105827776050574	0	14
P08	30	11	CS48	R2	0.00238302284675076	0	14
P08	30	12	CS49	R1	0.00583630373081302	0	12
P08	30	13	CS49	R2	0.000991447854934393	0	14
P08	30	14	CS51	R1	0.00445798544390182	0	14
P08	30	15	CS51	R2	0.00196766088157573	0	12
P08	30	16	CS53	R1	-0.000639587071506025	0	12
P08	30	17	CS53	R2	-0.00139018676392634	0	8
P08	30	18	CS54	R1	0.00408539905840852	0	7
P08	30	19	CS54	R2	0.00126246604804681	0	7
P08	30	20	CS55	R1	-0.00656074545722534	0	14
P08	30	21	CS55	R2	0.00305197943800074	0	14
P08	30	22	CS56	R1	-0.00198387438523868	0	12
P08	30	23	CS56	R2	-0.0121609938784209	0	12
P08	30	24	CS57	R1	-0.00309855762034645	0	12
P08	30	25	CS57	R2	0.00132105352598477	0	12
P08	30	26	CS58	R1	-0.00202154180199421	0	7
P08	30	27	CS60	R1	-0.00692032269784717	0	14
P08	30	28	CS62	R1	-0.0166039417414466	0	7
P08	30	29	CS62	R2	0.00402945616091414	0	7
P08	31	1	CS41	R1	0.00618486284748992	0	14
P08	31	2	CS41	R2	-0.00163020569933179	0	14
P08	31	3	CS42	R1	-0.00227219523891837	0	14
P08	31	4	CS42	R2	-0.00320473558501527	0	14
P08	31	5	CS43	R1	-0.00562329377552771	0	14
P08	31	6	CS43	R2	-0.000418046007265756	0	14
P08	31	7	CS44	R1	0.0026536903654256	0	14
P08	31	8	CS47	R1	0.00171767434919095	0	14
P08	31	9	CS47	R2	0.00433391609863674	0	14
P08	31	10	CS48	R1	-0.0112585095258894	0	14
P08	31	11	CS48	R2	-0.0105115069176122	0	14
P08	31	12	CS49	R1	-0.00621607062480316	0	12
P08	31	13	CS49	R2	0.0039834438717294	0	14
P08	31	14	CS51	R1	-0.00261330660301056	0	14
P08	31	15	CS51	R2	-0.0061778912373782	0	12
P08	31	16	CS53	R1	-0.000399225548428014	0	12
P08	31	17	CS53	R2	-0.0149508379136752	0	8
P08	31	18	CS54	R1	0.00691795038069009	0	7
P08	31	19	CS54	R2	-0.00692511355512538	0	7
P08	31	20	CS55	R1	0.0018670943144265	0	14
P08	31	21	CS55	R2	-0.00119795422088837	0	14
P08	31	22	CS56	R1	-0.0122149290253259	0	12
P08	31	23	CS56	R2	-0.000333904346249809	0	12
P08	31	24	CS57	R1	-0.00127891442498628	0	12
P08	31	25	CS57	R2	0.0023548850049235	0	12
P08	31	26	CS58	R1	0.00483408062805647	0	7
P08	31	27	CS60	R1	-0.00902771057864578	0	14
P08	31	28	CS62	R1	0.00752626736782011	0	7
P08	31	29	CS62	R2	-0.00357099018670425	0	7
P08	32	1	CS41	R1	-0.00571659355981952	0	14
P08	32	2	CS41	R2	0.00673271730011269	0	14
P08	32	3	CS42	R1	0.0119062799644244	0	14
P08	32	4	CS42	R2	-0.0091025026287308	0	14
P08	32	5	CS43	R1	0.00283862369221191	0	14
P08	32	6	CS43	R2	0.00285139432657857	0	14
P08	32	7	CS44	R1	-0.00390525293559718	0	14
P08	32	8	CS47	R1	-0.00230301461139146	0	14
P08	32	9	CS47	R2	0.00191130944496824	0	14
P08	32	10	CS48	R1	-0.00144277976378376	0	14
P08	32	11	CS48	R2	-0.00472668148507078	0	14
P08	32	12	CS49	R1	0.0056897446735851	0	12
P08	32	13	CS49	R2	-0.0080688464513791	0	14
P08	32	14	CS51	R1	-0.00973380237881689	0	14
P08	32	15	CS51	R2	0.0108332317815641	0	12
P08	32	16	CS53	R1	0.000336839530299884	0	12
P08	32	17	CS53	R2	0.0205366707470214	0	8
P08	32	18	CS54	R1	-0.00166413534352062	0	7
P08	32	19	CS54	R2	-0.00842582554171439	0	7
P08	32	20	CS55	R1	-0.000111150900743486	0	14
P08	32	21	CS55	R2	-0.00383588571503128	0	14
P08	32	22	CS56	R1	-0.00774847695209959	0	12
P08	32	23	CS56	R2	0.0158830469575202	0	12
P08	32	24	CS57	R1	0.00190909070234021	0	12
P08	32	25	CS57	R2	-0.00249756032995224	0	12
P08	32	26	CS58	R1	-0.0083110348211217	0	7
P08	32	27	CS60	R1	-0.00752354152631739	0	14
P08	32	28	CS62	R1	-0.00329381786919754	0	7
P08	32	29	CS62	R2	-0.00167674829475298	0	7
P08	33	1	CS41	R1	0.00445410885575303	0	14
P08	33	2	CS41	R2	-0.009094105255214	0	14
P08	33	3	CS42	R1	-0.00255546904220613	0	14
P08	33	4	CS42	R2	0.00172487575150993	0	14
P08	33	5	CS43	R1	0.0011338395034046	0	14
P08	33	6	CS43	R2	-0.00258877301155624	0	14
P08	33	7	CS44	R1	0.00578238756856596	0	14
P08	33	8	CS47	R1	-0.00786872382692575	0	14
P08	33	9	CS47	R2	0.000858257680576966	0	14
P08	33	10	CS48	R1	-0.00112990152191261	0	14
P08	33	11	CS48	R2	-0.00245637591092255	0	14
P08	33	12	CS49	R1	-0.00530568327309777	0	12
P08	33	13	CS49	R2	-0.000988259818123311	0	14
P08	33	14	CS51	R1	0.00123585144453023	0	14
P08	33	15	CS51	R2	0.000398310006906082	0	12
P08	33	16	CS53	R1	0.00698136532563555	0	12
P08	33	17	CS53	R2	0.000599937472366161	0	8
P08	33	18	CS54	R1	0.00593079259826822	0	7
P08	33	19	CS54	R2	-0.00225273056970697	0	7
P08	33	20	CS55	R1	-0.00260263826336466	0	14
P08	33	21	CS55	R2	0.00551372030466663	0	14
P08	33	22	CS56	R1	0.0019151235478649	0	12
P08	33	23	CS56	R2	-0.00968218013870018	0	12
P08	33	24	CS57	R1	0.00189035026826116	0	12
P08	33	25	CS57	R2	-0.00583764999210886	0	12
P08	33	26	CS58	R1	-0.00448539979614964	0	7
P08	33	27	CS60	R1	-0.00395829239792536	0	14
P08	33	28	CS62	R1	-0.0169764121761982	0	7
P08	33	29	CS62	R2	-0.0241122653557962	0	7
P08	34	1	CS41	R1	0.00179371588832835	0	14
P08	34	2	CS41	R2	-0.00445517590767494	0	14
P08	34	3	CS42	R1	0.00652736529158074	0	14
P08	34	4	CS42	R2	0.00355451579606727	0	14
P08	34	5	CS43	R1	0.00737129204757184	0	14
P08	34	6	CS43	R2	-0.00758506055482046	0	14
P08	34	7	CS44	R1	0.00510952391379812	0	14
P08	34	8	CS47	R1	0.00043532665854914	0	14
P08	34	9	CS47	R2	0.0189104030655483	0	14
P08	34	10	CS48	R1	0.000604863865142657	0	14
P08	34	11	CS48	R2	-0.000607280634177312	0	14
P08	34	12	CS49	R1	0.00281555936236806	0	12
P08	34	13	CS49	R2	0.00569826062014693	0	14
P08	34	14	CS51	R1	0.0051535563451208	0	14
P08	34	15	CS51	R2	0.000276485896111831	0	12
P08	34	16	CS53	R1	-0.0045722080695234	0	12
P08	34	17	CS53	R2	0.00665765514256788	0	8
P08	34	18	CS54	R1	-0.0132739912338551	0	7
P08	34	19	CS54	R2	0.0110720763926819	0	7
P08	34	20	CS55	R1	0.0143035602790989	0	14
P08	34	21	CS55	R2	0.00506402779862899	0	14
P08	34	22	CS56	R1	-0.00405672546307213	0	12
P08	34	23	CS56	R2	-0.00625571411930894	0	12
P08	34	24	CS57	R1	0.000857845290642929	0	12
P08	34	25	CS57	R2	-0.000923800851548222	0	12
P08	34	26	CS58	R1	8.29128204318986e-05	0	7
P08	34	27	CS60	R1	0.000883008819718913	0	14
P08	34	28	CS62	R1	-0.00896179071263479	0	7
P08	34	29	CS62	R2	0.00249787585382195	0	7
P08	35	1	CS41	R1	0.012760617020221	0	14
P08	35	2	CS41	R2	0.00748000649633744	0	14
P08	35	3	CS42	R1	0.00888429990612569	0	14
P08	35	4	CS42	R2	0.00600995144777488	0	14
P08	35	5	CS43	R1	-0.00367084186096477	0	14
P08	35	6	CS43	R2	-0.00163369588572537	0	14
P08	35	7	CS44	R1	0.00828271007315626	0	14
P08	35	8	CS47	R1	-0.00787527787056417	0	14
P08	35	9	CS47	R2	-0.000935689684486603	0	14
P08	35	10	CS48	R1	0.000301000483524983	0	14
P08	35	11	CS48	R2	0.00681738025526876	0	14
P08	35	12	CS49	R1	0.000485670162632483	0	12
P08	35	13	CS49	R2	-0.0119720946340257	0	14
P08	35	14	CS51	R1	-0.000514349397939654	0	14
P08	35	15	CS51	R2	0.0216602143168959	0	12
P08	35	16	CS53	R1	-0.00343216027611447	0	12
P08	35	17	CS53	R2	-0.00172118513861382	0	8
P08	35	18	CS54	R1	0.00562026303294863	0	7
P08	35	19	CS54	R2	-0.0024003298060041	0	7
P08	35	20	CS55	R1	0.0142549016461671	0	14
P08	35	21	CS55	R2	-0.00332754463319638	0	14
P08	35	22	CS56	R1	0.00199073316505443	0	12
P08	35	23	CS56	R2	0.017746700833042	0	12
P08	35	24	CS57	R1	-0.00718946751261378	0	12
P08	35	25	CS57	R2	0.00950418998033018	0	12
P08	35	26	CS58	R1	0.00958586782466219	0	7
P08	35	27	CS60	R1	-0.00439906097886374	0	14
P08	35	28	CS62	R1	0.0024680492928384	0	7
P08	35	29	CS62	R2	-0.001964997300321	0	7
P08	36	1	CS41	R1	-0.00600084089463167	0	14
P08	36	2	CS41	R2	-0.00184896783156446	0	14
P08	36	3	CS42	R1	-0.00385105107388439	0	14
P08	36	4	CS42	R2	0.00649044726352076	0	14
P08	36	5	CS43	R1	0.00740652669297557	0	14
P08	36	6	CS43	R2	0.00355782149490351	0	14
P08	36	7	CS44	R1	0.0127530986176542	0	14
P08	36	8	CS47	R1	0.00634535541519537	0	14
P08	36	9	CS47	R2	-0.00177189644994993	0	14
P08	36	10	CS48	R1	0.00458100295442514	0	14
P08	36	11	CS48	R2	0.0108294128536996	0	14
P08	36	12	CS49	R1	0.0100494544869857	0	12
P08	36	13	CS49	R2	-0.000363337333469501	0	14
P08	36	14	CS51	R1	0.00128668465053097	0	14
P08	36	15	CS51	R2	0.00727677940575861	0	12
P08	36	16	CS53	R1	0.00280431798695331	0	12
P08	36	17	CS53	R2	0.00277170597844758	0	8
P08	36	18	CS54	R1	-0.00333703210868169	0	7
P08	36	19	CS54	R2	0.00227642117561495	0	7
P08	36	20	CS55	R1	-0.000794664565004547	0	14
P08	36	21	CS55	R2	-0.00101173634946576	0	14
P08	36	22	CS56	R1	0.00296089059572578	0	12
P08	36	23	CS56	R2	0.014403400346147	0	12
P08	36	24	CS57	R1	-0.00999782044375936	0	12
P08	36	25	CS57	R2	-0.00206401031852114	0	12
P08	36	26	CS58	R1	0.00997880173224692	0	7
P08	36	27	CS60	R1	0.00430595316143914	0	14
P08	36	28	CS62	R1	-0.00396178230771096	0	7
P08	36	29	CS62	R2	-0.0105865289163224	0	7
P08	37	1	CS41	R1	-0.00771250704025797	0	14
P08	37	2	CS41	R2	-0.00100456133779838	0	14
P08	37	3	CS42	R1	0.00668042488329039	0	14
P08	37	4	CS42	R2	-0.00396156778106876	0	14
P08	37	5	CS43	R1	0.00229814068004652	0	14
P08	37	6	CS43	R2	-0.00160031388062247	0	14
P08	37	7	CS44	R1	0.00890471800049319	0	14
P08	37	8	CS47	R1	0.00493602397265446	0	14
P08	37	9	CS47	R2	0.00146693056916071	0	14
P08	37	10	CS48	R1	0.00755060203380985	0	14
P08	37	11	CS48	R2	-0.00334617909278217	0	14
P08	37	12	CS49	R1	0.00900838101196493	0	12
P08	37	13	CS49	R2	-0.000117890991971256	0	14
P08	37	14	CS51	R1	-0.0010149095720907	0	14
P08	37	15	CS51	R2	-0.00253014389141595	0	12
P08	37	16	CS53	R1	-0.000680810171684401	0	12
P08	37	17	CS53	R2	-0.00726190164875305	0	8
P08	37	18	CS54	R1	0.00836235538915682	0	7
P08	37	19	CS54	R2	0.00189546984855586	0	7
P08	37	20	CS55	R1	-0.00136659876015607	0	14
P08	37	21	CS55	R2	0.0080107393615877	0	14
P08	37	22	CS56	R1	0.00423310688089071	0	12
P08	37	23	CS56	R2	0.00571357754845999	0	12
P08	37	24	CS57	R1	-0.00151028544706039	0	12
P08	37	25	CS57	R2	0.00925924741706375	0	12
P08	37	26	CS58	R1	0.00126366716897409	0	7
P08	37	27	CS60	R1	-0.00378062823018871	0	14
P08	37	28	CS62	R1	0.00975400636601215	0	7
P08	37	29	CS62	R2	-0.00512950468124137	0	7
P08	38	1	CS41	R1	0.00844661853447564	0	14
P08	38	2	CS41	R2	0.00603678922016521	0	14
P08	38	3	CS42	R1	-0.00716883923404747	0	14
P08	38	4	CS42	R2	-0.00668169523236196	0	14
P08	38	5	CS43	R1	0.0044842846787986	0	14
P08	38	6	CS43	R2	0.00178430018718746	0	14
P08	38	7	CS44	R1	0.00758421260263214	0	14
P08	38	8	CS47	R1	0.00802284830193091	0	14
P08	38	9	CS47	R2	0.0115933152736458	0	14
P08	38	10	CS48	R1	0.0118139294630807	0	14
P08	38	11	CS48	R2	0.00421604097495995	0	14
P08	38	12	CS49	R1	0.00024158751333253	0	12
P08	38	13	CS49	R2	-0.000348451480293021	0	14
P08	38	14	CS51	R1	-0.00181204462098775	0	14
P08	38	15	CS51	R2	-0.00598956571370264	0	12
P08	38	16	CS53	R1	0.00193732298802589	0	12
P08	38	17	CS53	R2	0.0049609700336354	0	8
P08	38	18	CS54	R1	0.00940357679011035	0	7
P08	38	19	CS54	R2	-0.00978770257011309	0	7
P08	38	20	CS55	R1	-0.00179117301517256	0	14
P08	38	21	CS55	R2	0.000426299451887704	0	14
P08	38	22	CS56	R1	-0.00726795933428376	0	12
P08	38	23	CS56	R2	0.00117585065195861	0	12
P08	38	24	CS57	R1	0.0083019752410185	0	12
P08	38	25	CS57	R2	0.00968954776270841	0	12
P08	38	26	CS58	R1	-0.0100575199483111	0	7
P08	38	27	CS60	R1	-0.00856031364313341	0	14
P08	38	28	CS62	R1	-0.0039298860952847	0	7
P08	38	29	CS62	R2	0.00542831884703528	0	7
P08	39	1	CS41	R1	-0.00263292894416702	0	14
P08	39	2	CS41	R2	0.00111554900491352	0	14
P08	39	3	CS42	R1	0.00228899122261911	0	14
P08	39	4	CS42	R2	-0.000947253840987206	0	14
P08	39	5	CS43	R1	0.00921205477939676	0	14
P08	39	6	CS43	R2	-0.00352577369120071	0	14
P08	39	7	CS44	R1	-8.97170906686135e-05	0	14
P08	39	8	CS47	R1	0.00771813175524595	0	14
P08	39	9	CS47	R2	-0.000227785163962602	0	14
P08	39	10	CS48	R1	-0.00360523749377196	0	14
P08	39	11	CS48	R2	0.000587147118925085	0	14
P08	39	12	CS49	R1	0.00248697108900565	0	12
P08	39	13	CS49	R2	0.00387681874112756	0	14
P08	39	14	CS51	R1	-0.00132586051690857	0	14
P08	39	15	CS51	R2	-0.00866780440042407	0	12
P08	39	16	CS53	R1	-0.00880993931842872	0	12
P08	39	17	CS53	R2	-0.0104505870251033	0	8
P08	39	18	CS54	R1	0.00486871558964587	0	7
P08	39	19	CS54	R2	0.00569127558596045	0	7
P08	39	20	CS55	R1	0.0117760542329966	0	14
P08	39	21	CS55	R2	-0.00104875171260596	0	14
P08	39	22	CS56	R1	0.00758396882146589	0	12
P08	39	23	CS56	R2	5.69559559184118e-05	0	12
P08	39	24	CS57	R1	-0.00184647311790396	0	12
P08	39	25	CS57	R2	-4.83323135517038e-05	0	12
P08	39	26	CS58	R1	0.00431998925133672	0	7
P08	39	27	CS60	R1	-0.0145052856249529	0	14
P08	39	28	CS62	R1	0.020363160055588	0	7
P08	39	29	CS62	R2	0.00134004297864569	0	7
P08	40	1	CS41	R1	0.00803549236849696	0	14
P08	40	2	CS41	R2	-0.00526316266128405	0	14
P08	40	3	CS42	R1	-0.000684997056243853	0	14
P08	40	4	CS42	R2	0.00115768389925154	0	14
P08	40	5	CS43	R1	-0.0085224344153138	0	14
P08	40	6	CS43	R2	0.00863739309206608	0	14
P08	40	7	CS44	R1	-0.0059592315659343	0	14
P08	40	8	CS47	R1	-0.00247427823767777	0	14
P08	40	9	CS47	R2	0.00161889897781672	0	14
P08	40	10	CS48	R1	-0.00913430102382278	0	14
P08	40	11	CS48	R2	-0.0105097965291316	0	14
P08	40	12	CS49	R1	-0.00285796089252667	0	12
P08	40	13	CS49	R2	-0.00379323902559941	0	14
P08	40	14	CS51	R1	0.000514480851435151	0	14
P08	40	15	CS51	R2	0.00750050601610729	0	12
P08	40	16	CS53	R1	-0.00135620284140661	0	12
P08	40	17	CS53	R2	-0.00196067900154089	0	8
P08	40	18	CS54	R1	0.00122496782468155	0	7
P08	40	19	CS54	R2	-0.00476445271108545	0	7
P08	40	20	CS55	R1	-1.8830634243247e-05	0	14
P08	40	21	CS55	R2	-0.00336484816388862	0	14
P08	40	22	CS56	R1	0.000620941711909097	0	12
P08	40	23	CS56	R2	0.00628267436427343	0	12
P08	40	24	CS57	R1	0.000357305681737551	0	12
P08	40	25	CS57	R2	-0.0043386011863425	0	12
P08	40	26	CS58	R1	-0.017015142891139	0	7
P08	40	27	CS60	R1	0.00137116157478249	0	14
P08	40	28	CS62	R1	0.0136992424695086	0	7
P08	40	29	CS62	R2	0.0110217968875156	0	7
P08	41	1	CS41	R1	-0.00430456480808549	0	14
P08	41	2	CS41	R2	0.0119613904024792	0	14
P08	41	3	CS42	R1	-0.000655081535150044	0	14
P08	41	4	CS42	R2	0.00327573891700606	0	14
P08	41	5	CS43	R1	-0.00232199155318538	0	14
P08	41	6	CS43	R2	0.00190623399160497	0	14
P08	41	7	CS44	R1	-0.00326375109134929	0	14
P08	41	8	CS47	R1	0.0020718783533357	0	14
P08	41	9	CS47	R2	-0.00846520112925089	0	14
P08	41	10	CS48	R1	0.0010486167198102	0	14
P08	41	11	CS48	R2	0.00188051168756004	0	14
P08	41	12	CS49	R1	0.00259617996557216	0	12
P08	41	13	CS49	R2	0.00755961134610379	0	14
P08	41	14	CS51	R1	-0.00211430304056134	0	14
P08	41	15	CS51	R2	0.000109319629298125	0	12
P08	41	16	CS53	R1	0.000353176347185505	0	12
P08	41	17	CS53	R2	-0.000330035752903912	0	8
P08	41	18	CS54	R1	-0.00459650592240743	0	7
P08	41	19	CS54	R2	0.000173679041863436	0	7
P08	41	20	CS55	R1	-0.00660941941247878	0	14
P08	41	21	CS55	R2	-0.00108300665513798	0	14
P08	41	22	CS56	R1	-0.000808628883280567	0	12
P08	41	23	CS56	R2	0.00409200150483328	0	12
P08	41	24	CS57	R1	0.00803785487673694	0	12
P08	41	25	CS57	R2	-0.00890948939433391	0	12
P08	41	26	CS58	R1	0.0100946170067316	0	7
P08	41	27	CS60	R1	0.00326712989734109	0	14
P08	41	28	CS62	R1	0.00508631668543992	0	7
P08	41	29	CS62	R2	-0.00353136032638095	0	7
P08	42	1	CS41	R1	-0.00143883683543658	0	14
P08	42	2	CS41	R2	-0.00172026268814762	0	14
P08	42	3	CS42	R1	-0.00223419739497816	0	14
P08	42	4	CS42	R2	0.00238849366923847	0	14
P08	42	5	CS43	R1	0.00675773145430067	0	14
P08	42	6	CS43	R2	-0.000898492190307586	0	14
P08	42	7	CS44	R1	0.00361333451045713	0	14
P08	42	8	CS47	R1	0.000127887567155181	0	14
P08	42	9	CS47	R2	0.0169144073876876	0	14
P08	42	10	CS48	R1	0.00427138541551257	0	14
P08	42	11	CS48	R2	-0.00277660915995507	0	14
P08	42	12	CS49	R1	0.00122232977971572	0	12
P08	42	13	CS49	R2	0.00242815883449144	0	14
P08	42	14	CS51	R1	-0.00463548865883615	0	14
P08	42	15	CS51	R2	-0.00665960726399904	0	12
P08	42	16	CS53	R1	0.00243000074737631	0	12
P08	42	17	CS53	R2	0.00715708890336464	0	8
P08	42	18	CS54	R1	0.00645460418599596	0	7
P08	42	19	CS54	R2	-0.00305305273707076	0	7
P08	42	20	CS55	R1	0.0029070510446996	0	14
P08	42	21	CS55	R2	0.00312885354147558	0	14
P08	42	22	CS56	R1	0.00593525461411013	0	12
P08	42	23	CS56	R2	-0.00758566234368508	0	12
P08	42	24	CS57	R1	-0.00838063362694028	0	12
P08	42	25	CS57	R2	-0.00524058536680079	0	12
P08	42	26	CS58	R1	-0.00676047935671336	0	7
P08	42	27	CS60	R1	-0.00224709109073055	0	14
P08	42	28	CS62	R1	-0.0088223562148343	0	7
P08	42	29	CS62	R2	-0.00473662018218663	0	7
P08	43	1	CS41	R1	-0.000966389327327696	0	14
P08	43	2	CS41	R2	0.00252950881270013	0	14
P08	43	3	CS42	R1	0.0114399087657232	0	14
P08	43	4	CS42	R2	-0.000675914707140913	0	14
P08	43	5	CS43	R1	-0.00723379832375497	0	14
P08	43	6	CS43	R2	-0.0100384800323836	0	14
P08	43	7	CS44	R1	0.0110142253851935	0	14
P08	43	8	CS47	R1	0.000614126177244226	0	14
P08	43	9	CS47	R2	-0.000903457630722668	0	14
P08	43	10	CS48	R1	0.00114715185902192	0	14
P08	43	11	CS48	R2	0.000309222656523512	0	14
P08	43	12	CS49	R1	-0.00262620616848577	0	12
P08	43	13	CS49	R2	0.00256411902207188	0	14
P08	43	14	CS51	R1	-0.00653306008151548	0	14
P08	43	15	CS51	R2	-0.00120148470727493	0	12
P08	43	16	CS53	R1	0.000336558316004072	0	12
P08	43	17	CS53	R2	0.0055777573591238	0	8
P08	43	18	CS54	R1	0.00209049061001161	0	7
P08	43	19	CS54	R2	-0.0106569063657372	0	7
P08	43	20	CS55	R1	0.00173259073384383	0	14
P08	43	21	CS55	R2	-0.00182924930921133	0	14
P08	43	22	CS56	R1	-0.00625737849029571	0	12
P08	43	23	CS56	R2	-0.0083797424966284	0	12
P08	43	24	CS57	R1	0.000716072957502259	0	12
P08	43	25	CS57	R2	-0.000336653855510219	0	12
P08	43	26	CS58	R1	-0.011966395188432	0	7
P08	43	27	CS60	R1	0.00315432068108771	0	14
P08	43	28	CS62	R1	-0.00217577379908954	0	7
P08	43	29	CS62	R2	-0.00761789364905371	0	7
P08	44	1	CS41	R1	-0.0138640468245694	0	14
P08	44	2	CS41	R2	-0.00937638236166487	0	14
P08	44	3	CS42	R1	0.00336710983319334	0	14
P08	44	4	CS42	R2	-0.00119326836183977	0	14
P08	44	5	CS43	R1	-0.00681296936894973	0	14
P08	44	6	CS43	R2	0.0049386171270793	0	14
P08	44	7	CS44	R1	-0.00793124277498753	0	14
P08	44	8	CS47	R1	0.000286221021221918	0	14
P08	44	9	CS47	R2	-0.00467445969457372	0	14
P08	44	10	CS48	R1	-0.00784424070370888	0	14
P08	44	11	CS48	R2	0.00355097314267554	0	14
P08	44	12	CS49	R1	-0.00737342267259676	0	12
P08	44	13	CS49	R2	0.00445237559384012	0	14
P08	44	14	CS51	R1	0.00336640647592149	0	14
P08	44	15	CS51	R2	-0.000651281290359224	0	12
P08	44	16	CS53	R1	0.00155696289251613	0	12
P08	44	17	CS53	R2	0.00861528271176036	0	8
P08	44	18	CS54	R1	-0.00820493677688772	0	7
P08	44	19	CS54	R2	0.00684082355678164	0	7
P08	44	20	CS55	R1	0.0054730214281556	0	14
P08	44	21	CS55	R2	-0.00736512028320828	0	14
P08	44	22	CS56	R1	-0.00731405000477181	0	12
P08	44	23	CS56	R2	-0.000768899649032444	0	12
P08	44	24	CS57	R1	-0.00385486265624229	0	12
P08	44	25	CS57	R2	0.00526054016232869	0	12
P08	44	26	CS58	R1	-0.00131665462335312	0	7
P08	44	27	CS60	R1	-0.00189483831133672	0	14
P08	44	28	CS62	R1	-0.012299635059557	0	7
P08	44	29	CS62	R2	0.023184759562556	0	7
P08	45	1	CS41	R1	-0.00579588176867313	0	14
P08	45	2	CS41	R2	-0.0015409730828391	0	14
P08	45	3	CS42	R1	0.00433671418477871	0	14
P08	45	4	CS42	R2	0.00309916012108273	0	14
P08	45	5	CS43	R1	-0.0137175538119761	0	14
P08	45	6	CS43	R2	0.00146294165973462	0	14
P08	45	7	CS44	R1	0.00572747663092457	0	14
P08	45	8	CS47	R1	-0.0103497390073307	0	14
P08	45	9	CS47	R2	0.00729437767119056	0	14
P08	45	10	CS48	R1	-0.00788476499017353	0	14
P08	45	11	CS48	R2	-0.00611179795789049	0	14
P08	45	12	CS49	R1	-0.00389890588215025	0	12
P08	45	13	CS49	R2	-0.00806697141330002	0	14
P08	45	14	CS51	R1	-0.00306122598420019	0	14
P08	45	15	CS51	R2	-0.000926392438584297	0	12
P08	45	16	CS53	R1	0.000588583653113349	0	12
P08	45	17	CS53	R2	-0.00624945592367034	0	8
P08	45	18	CS54	R1	-0.00794525658901772	0	7
P08	45	19	CS54	R2	0.00524163084883637	0	7
P08	45	20	CS55	R1	-0.00357173808877757	0	14
P08	45	21	CS55	R2	0.0037615345499974	0	14
P08	45	22	CS56	R1	-0.00937570668670914	0	12
P08	45	23	CS56	R2	0.00170309092128351	0	12
P08	45	24	CS57	R1	0.00756596573644239	0	12
P08	45	25	CS57	R2	-0.00501159313675697	0	12
P08	45	26	CS58	R1	0.00142469864556391	0	7
P08	45	27	CS60	R1	0.0096946685169348	0	14
P08	45	28	CS62	R1	0.00654299161278252	0	7
P08	45	29	CS62	R2	-0.0186907630973373	0	7
P08	46	1	CS41	R1	-0.002326292717233	0	14
P08	46	2	CS41	R2	-0.00136704477891451	0	14
P08	46	3	CS42	R1	0.00331947704471096	0	14
P08	46	4	CS42	R2	0.000172233866975573	0	14
P08	46	5	CS43	R1	-0.00466229819748419	0	14
P08	46	6	CS43	R2	-0.0133297184277244	0	14
P08	46	7	CS44	R1	0.00195677625587961	0	14
P08	46	8	CS47	R1	0.0036841263610483	0	14
P08	46	9	CS47	R2	-0.0156811569185408	0	14
P08	46	10	CS48	R1	-0.0119906446213947	0	14
P08	46	11	CS48	R2	-0.00186870078619515	0	14
P08	46	12	CS49	R1	0.000712761887531146	0	12
P08	46	13	CS49	R2	-0.0122223203562213	0	14
P08	46	14	CS51	R1	-0.000667323356138331	0	14
P08	46	15	CS51	R2	-0.00194704576416254	0	12
P08	46	16	CS53	R1	-0.00381663883051015	0	12
P08	46	17	CS53	R2	-0.000290586389723303	0	8
P08	46	18	CS54	R1	0.0137599840336858	0	7
P08	46	19	CS54	R2	-0.000882578711275921	0	7
P08	46	20	CS55	R1	0.00547330614404081	0	14
P08	46	21	CS55	R2	0.00630602188828784	0	14
P08	46	22	CS56	R1	0.00138457592153181	0	12
P08	46	23	CS56	R2	0.00085133370574754	0	12
P08	46	24	CS57	R1	-0.00977399971529903	0	12
P08	46	25	CS57	R2	-0.00967191752116572	0	12
P08	46	26	CS58	R1	-0.00903486971730745	0	7
P08	46	27	CS60	R1	-0.00452309622579928	0	14
P08	46	28	CS62	R1	-0.00323127326022342	0	7
P08	46	29	CS62	R2	0.00118151058753879	0	7
P08	47	1	CS41	R1	0.00105334273647599	0	14
P08	47	2	CS41	R2	-0.0031410042226666	0	14
P08	47	3	CS42	R1	0.00859787597365459	0	14
P08	47	4	CS42	R2	-0.00478060732512218	0	14
P08	47	5	CS43	R1	0.00519132798710528	0	14
P08	47	6	CS43	R2	-0.00223006413715582	0	14
P08	47	7	CS44	R1	-0.0113820392045292	0	14
P08	47	8	CS47	R1	0.00772301594631656	0	14
P08	47	9	CS47	R2	-0.00531477570990286	0	14
P08	47	10	CS48	R1	-0.00696412024464672	0	14
P08	47	11	CS48	R2	-0.0112625025045294	0	14
P08	47	12	CS49	R1	0.00315556116385784	0	12
P08	47	13	CS49	R2	-0.00425342313930775	0	14
P08	47	14	CS51	R1	0.00183639582745003	0	14
P08	47	15	CS51	R2	0.00131720950279514	0	12
P08	47	16	CS53	R1	-0.000555900656333846	0	12
P08	47	17	CS53	R2	0.00605445885857186	0	8
P08	47	18	CS54	R1	-0.000681930724902183	0	7
P08	47	19	CS54	R2	0.0115728455296809	0	7
P08	47	20	CS55	R1	-0.00107763632359595	0	14
P08	47	21	CS55	R2	0.00877150587828192	0	14
P08	47	22	CS56	R1	-0.00916426555045099	0	12
P08	47	23	CS56	R2	0.00775778988593645	0	12
P08	47	24	CS57	R1	-0.0113991775764758	0	12
P08	47	25	CS57	R2	-0.000756737827265984	0	12
P08	47	26	CS58	R1	0.00584557315898886	0	7
P08	47	27	CS60	R1	-0.000573271280415991	0	14
P08	47	28	CS62	R1	-0.00232279900347722	0	7
P08	47	29	CS62	R2	-0.000118608898521736	0	7
P08	48	1	CS41	R1	0.00997981547628878	0	14
P08	48	2	CS41	R2	0.00481742817596882	0	14
P08	48	3	CS42	R1	-0.00525855553585942	0	14
P08	48	4	CS42	R2	-0.00502387244469058	0	14
P08	48	5	CS43	R1	-0.000612229012237183	0	14
P08	48	6	CS43	R2	-0.00308572494404866	0	14
P08	48	7	CS44	R1	-0.00617368479420953	0	14
P08	48	8	CS47	R1	-0.00562567955050257	0	14
P08	48	9	CS47	R2	0.00142959462338521	0	14
P08	48	10	CS48	R1	0.000411136769715711	0	14
P08	48	11	CS48	R2	0.00615010863161737	0	14
P08	48	12	CS49	R1	-0.0104738872081714	0	12
P08	48	13	CS49	R2	-0.00234106267557411	0	14
P08	48	14	CS51	R1	-0.0045785196158112	0	14
P08	48	15	CS51	R2	0.00863781943510785	0	12
P08	48	16	CS53	R1	0.00302151253419045	0	12
P08	48	17	CS53	R2	0.00647277376260543	0	8
P08	48	18	CS54	R1	0.00879949018268669	0	7
P08	48	19	CS54	R2	-0.00977624057649861	0	7
P08	48	20	CS55	R1	-0.0175562407870954	0	14
P08	48	21	CS55	R2	0.011147455108992	0	14
P08	48	22	CS56	R1	0.00410224997230813	0	12
P08	48	23	CS56	R2	0.00295313612554584	0	12
P08	48	24	CS57	R1	0.00800924953262251	0	12
P08	48	25	CS57	R2	0.00409582256087639	0	12
P08	48	26	CS58	R1	-0.00276658201766336	0	7
P08	48	27	CS60	R1	-0.00911544544378856	0	14
P08	48	28	CS62	R1	0.00534329833717681	0	7
P08	48	29	CS62	R2	-0.00594119381494727	0	7
P08	49	1	CS41	R1	0.00366413365541252	0	14
P08	49	2	CS41	R2	-0.0109548242716895	0	14
P08	49	3	CS42	R1	-0.00481523288216298	0	14
P08	49	4	CS42	R2	0.00328836066049793	0	14
P08	49	5	CS43	R1	-0.00321430226421723	0	14
P08	49	6	CS43	R2	-0.000198323454753998	0	14
P08	49	7	CS44	R1	0.00146603361958733	0	14
P08	49	8	CS47	R1	-0.00125178141796275	0	14
P08	49	9	CS47	R2	-0.011206305712988	0	14
P08	49	10	CS48	R1	0.00136299133421303	0	14
P08	49	11	CS48	R2	-0.00196812306723555	0	14
P08	49	12	CS49	R1	0.00712448276173724	0	12
P08	49	13	CS49	R2	-0.000936665693192657	0	14
P08	49	14	CS51	R1	0.000391172500050304	0	14
P08	49	15	CS51	R2	-0.00643139874354179	0	12
P08	49	16	CS53	R1	-0.00140350862316028	0	12
P08	49	17	CS53	R2	-0.00673268769823753	0	8
P08	49	18	CS54	R1	0.0109847955736253	0	7
P08	49	19	CS54	R2	0.00430422007802433	0	7
P08	49	20	CS55	R1	0.00410298638773395	0	14
P08	49	21	CS55	R2	0.000255244373202429	0	14
P08	49	22	CS56	R1	-0.00499467322669629	0	12
P08	49	23	CS56	R2	-0.00996045657181824	0	12
P08	49	24	CS57	R1	-0.00756593892163576	0	12
P08	49	25	CS57	R2	0.0139667181133383	0	12
P08	49	26	CS58	R1	0.00887410352200391	0	7
P08	49	27	CS60	R1	-0.00709221180373518	0	14
P08	49	28	CS62	R1	0.0026138441023822	0	7
P08	49	29	CS62	R2	0.00828893098304216	0	7
P08	50	1	CS41	R1	0.00402241609888136	0	14
P08	50	2	CS41	R2	-0.00722997165117886	0	14
P08	50	3	CS42	R1	-0.00206712178774629	0	14
P08	50	4	CS42	R2	0.0012841108765602	0	14
P08	50	5	CS43	R1	0.00186428829323333	0	14
P08	50	6	CS43	R2	-0.00184376663230125	0	14
P08	50	7	CS44	R1	0.000589822845075345	0	14
P08	50	8	CS47	R1	-0.00286652824130608	0	14
P08	50	9	CS47	R2	-0.00338560101000276	0	14
P08	50	10	CS48	R1	0.00337131291497647	0	14
P08	50	11	CS48	R2	0.00192783954475199	0	14
P08	50	12	CS49	R1	0.00204372844996073	0	12
P08	50	13	CS49	R2	0.00378967857592906	0	14
P08	50	14	CS51	R1	-0.000976546737755152	0	14
P08	50	15	CS51	R2	-0.00886655496901407	0	12
P08	50	16	CS53	R1	0.00235921381596074	0	12
P08	50	17	CS53	R2	0.000728564373526859	0	8
P08	50	18	CS54	R1	0.00174620182143611	0	7
P08	50	19	CS54	R2	0.00539599574244269	0	7
P08	50	20	CS55	R1	0.00226433903142908	0	14
P08	50	21	CS55	R2	-0.000699379526287064	0	14
P08	50	22	CS56	R1	-0.00272458696806328	0	12
P08	50	23	CS56	R2	0.00984575393431462	0	12
P08	50	24	CS57	R1	0.00750682110237214	0	12
P08	50	25	CS57	R2	0.00123582441408004	0	12
P08	50	26	CS58	R1	-0.00928181854043712	0	7
P08	50	27	CS60	R1	-0.00170615382819855	0	14
P08	50	28	CS62	R1	0.00968268349873496	0	7
P08	50	29	CS62	R2	-0.00593360204712366	0	7
P08	51	1	CS41	R1	0.0114278832193491	0	14
P08	51	2	CS41	R2	0.00155739256067452	0	14
P08	51	3	CS42	R1	-0.000999864455892488	0	14
P08	51	4	CS42	R2	0.0048675094181638	0	14
P08	51	5	CS43	R1	0.00682210921985814	0	14
P08	51	6	CS43	R2	0.00136739914846945	0	14
P08	51	7	CS44	R1	-0.000772355346417328	0	14
P08	51	8	CS47	R1	-0.00651156606297713	0	14
P08	51	9	CS47	R2	0.00140691855210699	0	14
P08	51	10	CS48	R1	-0.000658210984055754	0	14
P08	51	11	CS48	R2	0.00105849338243952	0	14
P08	51	12	CS49	R1	5.63365974358212e-05	0	12
P08	51	13	CS49	R2	0.00284337722694322	0	14
P08	51	14	CS51	R1	-0.00416475306734566	0	14
P08	51	15	CS51	R2	0.00824456734760728	0	12
P08	51	16	CS53	R1	-0.00718768009994876	0	12
P08	51	17	CS53	R2	-0.00869744981799351	0	8
P08	51	18	CS54	R1	-0.00899099440722032	0	7
P08	51	19	CS54	R2	-0.000693257562629049	0	7
P08	51	20	CS55	R1	0.000685836180438577	0	14
P08	51	21	CS55	R2	-0.00217484178458632	0	14
P08	51	22	CS56	R1	-0.00957256075723959	0	12
P08	51	23	CS56	R2	-0.00646657801812778	0	12
P08	51	24	CS57	R1	-0.0100426038670806	0	12
P08	51	25	CS57	R2	0.00247807309342374	0	12
P08	51	26	CS58	R1	0.00110288060996939	0	7
P08	51	27	CS60	R1	-0.00790917339798972	0	14
P08	51	28	CS62	R1	0.0140060184992354	0	7
P08	51	29	CS62	R2	-0.00347247850262856	0	7
P08	52	1	CS41	R1	-0.000392914307456441	0	14
P08	52	2	CS41	R2	-0.0115025246971529	0	14
P08	52	3	CS42	R1	-0.0120519513214888	0	14
P08	52	4	CS42	R2	0.00669139067656961	0	14
P08	52	5	CS43	R1	-0.00220933389248091	0	14
P08	52	6	CS43	R2	0.00218999227342162	0	14
P08	52	7	CS44	R1	0.00177055204328966	0	14
P08	52	8	CS47	R1	-0.00463162880590515	0	14
P08	52	9	CS47	R2	0.00610016088321281	0	14
P08	52	10	CS48	R1	-0.00118353976025473	0	14
P08	52	11	CS48	R2	-0.000198190839567586	0	14
P08	52	12	CS49	R1	0.00510456888499332	0	12
P08	52	13	CS49	R2	0.00338164979434994	0	14
P08	52	14	CS51	R1	-0.00286230215110385	0	14
P08	52	15	CS51	R2	-0.00211488068641556	0	12
P08	52	16	CS53	R1	0.00790720354421887	0	12
P08	52	17	CS53	R2	-0.0114017213020388	0	8
P08	52	18	CS54	R1	-0.00519032188282469	0	7
P08	52	19	CS54	R2	0.000510636523805714	0	7
P08	52	20	CS55	R1	-0.00270671998686176	0	14
P08	52	21	CS55	R2	-0.00295660826138629	0	14
P08	52	22	CS56	R1	0.00696405831129388	0	12
P08	52	23	CS56	R2	-0.000248996099673818	0	12
P08	52	24	CS57	R1	-0.0041469595321365	0	12
P08	52	25	CS57	R2	0.0104713200234251	0	12
P08	52	26	CS58	R1	-0.00123705818362374	0	7
P08	52	27	CS60	R1	0.00301977038387283	0	14
P08	52	28	CS62	R1	0.0159329349964296	0	7
P08	52	29	CS62	R2	0.00244721621073103	0	7
P08	53	1	CS41	R1	0.00920393392603664	0	14
P08	53	2	CS41	R2	-0.00559176035427169	0	14
P08	53	3	CS42	R1	-0.0125609510384468	0	14
P08	53	4	CS42	R2	0.00347263622757804	0	14
P08	53	5	CS43	R1	-0.00321743622676774	0	14
P08	53	6	CS43	R2	-0.00418962926768859	0	14
P08	53	7	CS44	R1	-0.00454052912943226	0	14
P08	53	8	CS47	R1	-0.00753739747625565	0	14
P08	53	9	CS47	R2	-0.0079257543598025	0	14
P08	53	10	CS48	R1	0.00336305303935434	0	14
P08	53	11	CS48	R2	0.00926183286301093	0	14
P08	53	12	CS49	R1	0.000978238401157656	0	12
P08	53	13	CS49	R2	-0.0115009855098038	0	14
P08	53	14	CS51	R1	0.00768948730784048	0	14
P08	53	15	CS51	R2	0.00259981974364239	0	12
P08	53	16	CS53	R1	-0.00465876958718215	0	12
P08	53	17	CS53	R2	0.000197886767930517	0	8
P08	53	18	CS54	R1	0.0018834815704333	0	7
P08	53	19	CS54	R2	0.006276914294836	0	7
P08	53	20	CS55	R1	0.00578760575420862	0	14
P08	53	21	CS55	R2	-0.00194014462516065	0	14
P08	53	22	CS56	R1	0.00248572062086283	0	12
P08	53	23	CS56	R2	0.000399622702515929	0	12
P08	53	24	CS57	R1	-0.00966247946106012	0	12
P08	53	25	CS57	R2	0.00123183812452979	0	12
P08	53	26	CS58	R1	-0.00184289499190164	0	7
P08	53	27	CS60	R1	-0.000986117341395353	0	14
P08	53	28	CS62	R1	-0.0148698354198489	0	7
P08	53	29	CS62	R2	-0.0154217182415677	0	7
P08	54	1	CS41	R1	-0.00116657107063144	0	14
P08	54	2	CS41	R2	0.00659504512497188	0	14
P08	54	3	CS42	R1	-0.00709271804095746	0	14
P08	54	4	CS42	R2	-0.00659342229202311	0	14
P08	54	5	CS43	R1	-0.000984323416103117	0	14
P08	54	6	CS43	R2	0.0028511127149647	0	14
P08	54	7	CS44	R1	-0.000848310377652751	0	14
P08	54	8	CS47	R1	-0.00128720980404033	0	14
P08	54	9	CS47	R2	0.00672446840306754	0	14
P08	54	10	CS48	R1	-0.0082314445140441	0	14
P08	54	11	CS48	R2	0.000724737978487404	0	14
P08	54	12	CS49	R1	-0.0132471663177067	0	12
P08	54	13	CS49	R2	0.00626419503453734	0	14
P08	54	14	CS51	R1	-0.000953331000780892	0	14
P08	54	15	CS51	R2	0.010229089796641	0	12
P08	54	16	CS53	R1	0.00489124546262725	0	12
P08	54	17	CS53	R2	0.00481678108770444	0	8
P08	54	18	CS54	R1	0.000145244579383875	0	7
P08	54	19	CS54	R2	0.00609898029205379	0	7
P08	54	20	CS55	R1	-0.0072153733902361	0	14
P08	54	21	CS55	R2	0.0034832651180048	0	14
P08	54	22	CS56	R1	5.52214276474184e-05	0	12
P08	54	23	CS56	R2	-0.00602645718006072	0	12
P08	54	24	CS57	R1	0.00046571773666251	0	12
P08	54	25	CS57	R2	0.00329566278103667	0	12
P08	54	26	CS58	R1	0.0112595946480672	0	7
P08	54	27	CS60	R1	-0.000850580352989153	0	14
P08	54	28	CS62	R1	-0.0046119878162244	0	7
P08	54	29	CS62	R2	-0.00657477085808051	0	7
P08	55	1	CS41	R1	-0.00579856538734087	0	14
P08	55	2	CS41	R2	0.00381820982395412	0	14
P08	55	3	CS42	R1	0.0032430406800207	0	14
P08	55	4	CS42	R2	0.00184927083010749	0	14
P08	55	5	CS43	R1	-0.00503561078412212	0	14
P08	55	6	CS43	R2	-0.000817853016226393	0	14
P08	55	7	CS44	R1	-0.00479980896983291	0	14
P08	55	8	CS47	R1	-0.00450476853313059	0	14
P08	55	9	CS47	R2	-0.0094487649288358	0	14
P08	55	10	CS48	R1	-0.000218060797957713	0	14
P08	55	11	CS48	R2	0.00411861173675585	0	14
P08	55	12	CS49	R1	0.000763437226515173	0	12
P08	55	13	CS49	R2	-0.00688448186844485	0	14
P08	55	14	CS51	R1	-0.00403926574153938	0	14
P08	55	15	CS51	R2	0.00939630255172235	0	12
P08	55	16	CS53	R1	0.00470211773108408	0	12
P08	55	17	CS53	R2	-0.0108484779161913	0	8
P08	55	18	CS54	R1	-0.0109149282813761	0	7
P08	55	19	CS54	R2	0.00289123499285362	0	7
P08	55	20	CS55	R1	-0.00700439730918381	0	14
P08	55	21	CS55	R2	0.00350531686297039	0	14
P08	55	22	CS56	R1	0.0055116130255439	0	12
P08	55	23	CS56	R2	-8.9054782823235e-05	0	12
P08	55	24	CS57	R1	-0.00163596127815259	0	12
P08	55	25	CS57	R2	-0.00117241478657053	0	12
P08	55	26	CS58	R1	0.0145803545278642	0	7
P08	55	27	CS60	R1	-0.00292641764834624	0	14
P08	55	28	CS62	R1	-0.00828263921096041	0	7
P08	55	29	CS62	R2	0.00355845353662863	0	7
P08	56	1	CS41	R1	0.00115834191910998	0	14
P08	56	2	CS41	R2	0.00242419801525606	0	14
P08	56	3	CS42	R1	-0.00358258505324043	0	14
P08	56	4	CS42	R2	0.000304343563717422	0	14
P08	56	5	CS43	R1	-0.00113017531297111	0	14
P08	56	6	CS43	R2	0.000343433332126189	0	14
P08	56	7	CS44	R1	0.00283710461823143	0	14
P08	56	8	CS47	R1	-0.010158833186823	0	14
P08	56	9	CS47	R2	-0.00191112637077751	0	14
P08	56	10	CS48	R1	0.00651028510226488	0	14
P08	56	11	CS48	R2	-0.000734709306937168	0	14
P08	56	12	CS49	R1	0.00383408252205722	0	12
P08	56	13	CS49	R2	-0.00639117007087705	0	14
P08	56	14	CS51	R1	-0.00618404802306951	0	14
P08	56	15	CS51	R2	-0.000808875284674919	0	12
P08	56	16	CS53	R1	-0.00424517695921727	0	12
P08	56	17	CS53	R2	-0.0147772755089432	0	8
P08	56	18	CS54	R1	0.00899685663998041	0	7
P08	56	19	CS54	R2	0.00437072316603043	0	7
P08	56	20	CS55	R1	-0.000439651307078892	0	14
P08	56	21	CS55	R2	-0.00093756053127621	0	14
P08	56	22	CS56	R1	0.0152697567815353	0	12
P08	56	23	CS56	R2	0.0126927925884395	0	12
P08	56	24	CS57	R1	0.0107658333645589	0	12
P08	56	25	CS57	R2	-0.00264342124083576	0	12
P08	56	26	CS58	R1	-0.00766562817962987	0	7
P08	56	27	CS60	R1	-0.000211609255281808	0	14
P08	56	28	CS62	R1	-0.00839050064635276	0	7
P08	56	29	CS62	R2	-0.00818164049327324	0	7
P08	57	1	CS41	R1	-0.00740287313457361	0	14
P08	57	2	CS41	R2	-0.00617216677375859	0	14
P08	57	3	CS42	R1	-0.00743973508935638	0	14
P08	57	4	CS42	R2	0.00180899375770683	0	14
P08	57	5	CS43	R1	0.00547994306639772	0	14
P08	57	6	CS43	R2	-0.00392330152986739	0	14
P08	57	7	CS44	R1	0.000575414247995239	0	14
P08	57	8	CS47	R1	0.00611894473091597	0	14
P08	57	9	CS47	R2	-0.00295314966849931	0	14
P08	57	10	CS48	R1	-0.00165948322798028	0	14
P08	57	11	CS48	R2	-0.00741983587149496	0	14
P08	57	12	CS49	R1	3.92735952068548e-05	0	12
P08	57	13	CS49	R2	-0.00351697634332407	0	14
P08	57	14	CS51	R1	-0.00346468638317247	0	14
P08	57	15	CS51	R2	0.00381941974359665	0	12
P08	57	16	CS53	R1	-0.00646067109185809	0	12
P08	57	17	CS53	R2	-0.000252648654606298	0	8
P08	57	18	CS54	R1	-0.00376058924249283	0	7
P08	57	19	CS54	R2	-0.00565903503474611	0	7
P08	57	20	CS55	R1	-0.00482363858685518	0	14
P08	57	21	CS55	R2	0.00346864515255669	0	14
P08	57	22	CS56	R1	-0.00376391984194403	0	12
P08	57	23	CS56	R2	-0.00673165793260886	0	12
P08	57	24	CS57	R1	0.0140844071173128	0	12
P08	57	25	CS57	R2	-0.00410099269690284	0	12
P08	57	26	CS58	R1	0.0108903384020022	0	7
P08	57	27	CS60	R1	-0.000113214552646435	0	14
P08	57	28	CS62	R1	0.00266423799230366	0	7
P08	57	29	CS62	R2	-0.00221921558505349	0	7
P08	58	1	CS41	R1	0.00132216213211869	0	14
P08	58	2	CS41	R2	0.00256597109702123	0	14
P08	58	3	CS42	R1	0.00244591625687514	0	14
P08	58	4	CS42	R2	-0.0098254908289527	0	14
P08	58	5	CS43	R1	-0.000696172404215089	0	14
P08	58	6	CS43	R2	-0.0106645247342367	0	14
P08	58	7	CS44	R1	0.00410570154785074	0	14
P08	58	8	CS47	R1	0.0111421155025694	0	14
P08	58	9	CS47	R2	0.00601547600279558	0	14
P08	58	10	CS48	R1	0.00875347847316372	0	14
P08	58	11	CS48	R2	0.000269278235648336	0	14
P08	58	12	CS49	R1	0.00597689390771276	0	12
P08	58	13	CS49	R2	-0.00732343787742453	0	14
P08	58	14	CS51	R1	0.000663774435700005	0	14
P08	58	15	CS51	R2	0.0074633959762936	0	12
P08	58	16	CS53	R1	-0.00342142777993124	0	12
P08	58	17	CS53	R2	-0.0041027162758611	0	8
P08	58	18	CS54	R1	-0.00236488364989529	0	7
P08	58	19	CS54	R2	-0.00960943229485652	0	7
P08	58	20	CS55	R1	-0.00429223473498143	0	14
P08	58	21	CS55	R2	0.00913184652035872	0	14
P08	58	22	CS56	R1	-0.000580740513524601	0	12
P08	58	23	CS56	R2	-0.000388279120807529	0	12
P08	58	24	CS57	R1	-0.00610022618630567	0	12
P08	58	25	CS57	R2	-0.00814188833068831	0	12
P08	58	26	CS58	R1	-0.00876409205531532	0	7
P08	58	27	CS60	R1	-0.00525204126782473	0	14
P08	58	28	CS62	R1	-0.00584180651315897	0	7
P08	58	29	CS62	R2	0.00561458628422925	0	7
P08	59	1	CS41	R1	-0.0013282450420217	0	14
P08	59	2	CS41	R2	-0.0041160995542473	0	14
P08	59	3	CS42	R1	0.00446626784888933	0	14
P08	59	4	CS42	R2	0.00582671449054317	0	14
P08	59	5	CS43	R1	-0.00118477675843454	0	14
P08	59	6	CS43	R2	-0.00329415557563499	0	14
P08	59	7	CS44	R1	0.0121135372393968	0	14
P08	59	8	CS47	R1	0.0030897499335293	0	14
P08	59	9	CS47	R2	-0.00633016585976093	0	14
P08	59	10	CS48	R1	-0.00572481753947336	0	14
P08	59	11	CS48	R2	-0.010908621542896	0	14
P08	59	12	CS49	R1	0.0128730595500742	0	12
P08	59	13	CS49	R2	0.00296210881790976	0	14
P08	59	14	CS51	R1	0.00258774368386373	0	14
P08	59	15	CS51	R2	0.00307317506614996	0	12
P08	59	16	CS53	R1	-0.00612943485879353	0	12
P08	59	17	CS53	R2	0.00155211559978254	0	8
P08	59	18	CS54	R1	-0.0165035822659395	0	7
P08	59	19	CS54	R2	-0.00161283664703631	0	7
P08	59	20	CS55	R1	-0.00256086165250736	0	14
P08	59	21	CS55	R2	-0.000583054183515093	0	14
P08	59	22	CS56	R1	0.015345743601454	0	12
P08	59	23	CS56	R2	-0.00788435131745864	0	12
P08	59	24	CS57	R1	0.00140993606489674	0	12
P08	59	25	CS57	R2	-0.00211082213841446	0	12
P08	59	26	CS58	R1	0.00765120437185268	0	7
P08	59	27	CS60	R1	0.00273650032665376	0	14
P08	59	28	CS62	R1	0.000434480320715941	0	7
P08	59	29	CS62	R2	0.00434997801934579	0	7
P08	60	1	CS41	R1	0.00873459777346043	0	14
P08	60	2	CS41	R2	-0.00969431743891438	0	14
P08	60	3	CS42	R1	0.00166520081720873	0	14
P08	60	4	CS42	R2	-0.0013640453805865	0	14
P08	60	5	CS43	R1	0.00867327477129332	0	14
P08	60	6	CS43	R2	-0.00290349798850301	0	14
P08	60	7	CS44	R1	0.00254258746908083	0	14
P08	60	8	CS47	R1	0.000398854699842338	0	14
P08	60	9	CS47	R2	-0.00175786634820383	0	14
P08	60	10	CS48	R1	0.00971620033916779	0	14
P08	60	11	CS48	R2	-0.00438936905696099	0	14
P08	60	12	CS49	R1	0.00171485917211708	0	12
P08	60	13	CS49	R2	0.00646102401368531	0	14
P08	60	14	CS51	R1	-0.00168626329348916	0	14
P08	60	15	CS51	R2	-0.00162532208381845	0	12
P08	60	16	CS53	R1	-0.00988770311819094	0	12
P08	60	17	CS53	R2	0.00498977861833631	0	8
P08	60	18	CS54	R1	0.00195462466705188	0	7
P08	60	19	CS54	R2	0.0132633598307833	0	7
P08	60	20	CS55	R1	0.004605978880813	0	14
P08	60	21	CS55	R2	-0.0041093062394151	0	14
P08	60	22	CS56	R1	0.000834309089403898	0	12
P08	60	23	CS56	R2	0.0119408826763356	0	12
P08	60	24	CS57	R1	0.00259385093530599	0	12
P08	60	25	CS57	R2	-0.00470463713418635	0	12
P08	60	26	CS58	R1	0.00247451829011212	0	7
P08	60	27	CS60	R1	-0.00790848836346963	0	14
P08	60	28	CS62	R1	0.00973446266098959	0	7
P08	60	29	CS62	R2	-0.00866940463533361	0	7
P08	61	1	CS41	R1	0.000792869271600618	0	14
P08	61	2	CS41	R2	0.0066029605393284	0	14
P08	61	3	CS42	R1	0.00179320735280511	0	14
P08	61	4	CS42	R2	0.00136963844342416	0	14
P08	61	5	CS43	R1	0.00219720482175813	0	14
P08	61	6	CS43	R2	0.00647988832544486	0	14
P08	61	7	CS44	R1	0.00282059988429166	0	14
P08	61	8	CS47	R1	-0.00444724759202156	0	14
P08	61	9	CS47	R2	-0.00389319099781657	0	14
P08	61	10	CS48	R1	-0.00445399316063934	0	14
P08	61	11	CS48	R2	-0.00101725134082461	0	14
P08	61	12	CS49	R1	0.00486544847868903	0	12
P08	61	13	CS49	R2	0.00586090201417796	0	14
P08	61	14	CS51	R1	0.00369909236043343	0	14
P08	61	15	CS51	R2	0.0152032495400183	0	12
P08	61	16	CS53	R1	0.0042361462194387	0	12
P08	61	17	CS53	R2	0.00119176232531324	0	8
P08	61	18	CS54	R1	-0.0322393684661131	0	7
P08	61	19	CS54	R2	-0.0091830988479423	0	7
P08	61	20	CS55	R1	-0.0011814607064239	0	14
P08	61	21	CS55	R2	-0.0052562028763656	0	14
P08	61	22	CS56	R1	0.00926809658295722	0	12
P08	61	23	CS56	R2	-0.00229479604644788	0	12
P08	61	24	CS57	R1	-0.000455005976117804	0	12
P08	61	25	CS57	R2	0.00303685682007038	0	12
P08	61	26	CS58	R1	-0.00797634271773883	0	7
P08	61	27	CS60	R1	-0.00349858048728906	0	14
P08	61	28	CS62	R1	0.00393535786884216	0	7
P08	61	29	CS62	R2	0.00623056395628394	0	7
P08	62	1	CS41	R1	0.0051833860050436	0	14
P08	62	2	CS41	R2	0.00285864989937195	0	14
P08	62	3	CS42	R1	0.00154981820939639	0	14
P08	62	4	CS42	R2	-0.00815333522257311	0	14
P08	62	5	CS43	R1	0.00095515809283672	0	14
P08	62	6	CS43	R2	-0.0013541840143546	0	14
P08	62	7	CS44	R1	-0.00724040985082951	0	14
P08	62	8	CS47	R1	-0.00437062429092474	0	14
P08	62	9	CS47	R2	0.0045486141861458	0	14
P08	62	10	CS48	R1	0.0185421303201455	0	14
P08	62	11	CS48	R2	-0.00199925595805882	0	14
P08	62	12	CS49	R1	0.000379906676604558	0	12
P08	62	13	CS49	R2	0.000966836871671285	0	14
P08	62	14	CS51	R1	-0.00503464815778906	0	14
P08	62	15	CS51	R2	-0.00459221380944005	0	12
P08	62	16	CS53	R1	0.0117948968943798	0	12
P08	62	17	CS53	R2	-0.00968269082432317	0	8
P08	62	18	CS54	R1	-0.0103468986266608	0	7
P08	62	19	CS54	R2	0.0139684152648859	0	7
P08	62	20	CS55	R1	-0.00166287116424098	0	14
P08	62	21	CS55	R2	-0.00906147434859255	0	14
P08	62	22	CS56	R1	-0.00872486691779721	0	12
P08	62	23	CS56	R2	0.0130513240189948	0	12
P08	62	24	CS57	R1	-0.00060485667500048	0	12
P08	62	25	CS57	R2	-0.000224575069881566	0	12
P08	62	26	CS58	R1	0.000281866407524772	0	7
P08	62	27	CS60	R1	-0.0109687686669901	0	14
P08	62	28	CS62	R1	-0.00657849538252838	0	7
P08	62	29	CS62	R2	0.00441203319214055	0	7
P08	63	1	CS41	R1	0.00214808203424659	0	14
P08	63	2	CS41	R2	-0.00670210404207138	0	14
P08	63	3	CS42	R1	0.00282495997820321	0	14
P08	63	4	CS42	R2	-0.00152304420319011	0	14
P08	63	5	CS43	R1	-0.00158791159130678	0	14
P08	63	6	CS43	R2	0.000888002212157213	0	14
P08	63	7	CS44	R1	-0.0054158873448294	0	14
P08	63	8	CS47	R1	0.00033092913137481	0	14
P08	63	9	CS47	R2	-0.00334850045576802	0	14
P08	63	10	CS48	R1	-0.00192992538738345	0	14
P08	63	11	CS48	R2	-0.0131099401646737	0	14
P08	63	12	CS49	R1	-0.000912959680096977	0	12
P08	63	13	CS49	R2	-0.00914365362672244	0	14
P08	63	14	CS51	R1	-0.00814761667924305	0	14
P08	63	15	CS51	R2	0.00904615611306689	0	12
P08	63	16	CS53	R1	-0.00146059380818058	0	12
P08	63	17	CS53	R2	-0.00152100872623798	0	8
P08	63	18	CS54	R1	0.00664528930727375	0	7
P08	63	19	CS54	R2	-0.00660030867226378	0	7
P08	63	20	CS55	R1	0.0110419240407025	0	14
P08	63	21	CS55	R2	0.00180891373117167	0	14
P08	63	22	CS56	R1	0.00229898432325047	0	12
P08	63	23	CS56	R2	0.00498215754798447	0	12
P08	63	24	CS57	R1	-0.00320198846517796	0	12
P08	63	25	CS57	R2	0.0102211720940591	0	12
P08	63	26	CS58	R1	-0.017536061996865	0	7
P08	63	27	CS60	R1	-0.00421345352418303	0	14
P08	63	28	CS62	R1	-0.0162008300586321	0	7
P08	63	29	CS62	R2	-0.00265780383476844	0	7
P08	64	1	CS41	R1	0.000597958419569867	0	14
P08	64	2	CS41	R2	0.00228684875803091	0	14
P08	64	3	CS42	R1	-0.000791614104736585	0	14
P08	64	4	CS42	R2	-0.00194303239120639	0	14
P08	64	5	CS43	R1	0.00490554961359978	0	14
P08	64	6	CS43	R2	0.00954032419741093	0	14
P08	64	7	CS44	R1	0.00974697331578103	0	14
P08	64	8	CS47	R1	0.00562531385995403	0	14
P08	64	9	CS47	R2	-0.00507434210480946	0	14
P08	64	10	CS48	R1	-0.000347777124139	0	14
P08	64	11	CS48	R2	0.00116845597189813	0	14
P08	64	12	CS49	R1	0.00641089421603654	0	12
P08	64	13	CS49	R2	-0.000385689784007439	0	14
P08	64	14	CS51	R1	0.00927913833115013	0	14
P08	64	15	CS51	R2	0.00385405025405753	0	12
P08	64	16	CS53	R1	-0.00060112044392808	0	12
P08	64	17	CS53	R2	0.00233227828007147	0	8
P08	64	18	CS54	R1	-0.00406692017748938	0	7
P08	64	19	CS54	R2	-0.00475436320143555	0	7
P08	64	20	CS55	R1	-0.0023778528071926	0	14
P08	64	21	CS55	R2	0.00942522969344878	0	14
P08	64	22	CS56	R1	0.00432595934387088	0	12
P08	64	23	CS56	R2	-0.00373238307122348	0	12
P08	64	24	CS57	R1	-0.00441485228730945	0	12
P08	64	25	CS57	R2	0.0125634979795246	0	12
P08	64	26	CS58	R1	-0.00184288210951507	0	7
P08	64	27	CS60	R1	0.0126688951421358	0	14
P08	64	28	CS62	R1	-0.00330072060867208	0	7
P08	64	29	CS62	R2	0.000986081347829811	0	7
P09	1	1	CS41	R1	-0.00442181627357912	0	14
P09	1	2	CS41	R2	-0.0120705602496219	0	14
P09	1	3	CS42	R1	-0.00495275426941073	0	14
P09	1	4	CS42	R2	0.000294623938440548	0	14
P09	1	5	CS43	R1	0.00715369687060915	0	14
P09	1	6	CS43	R2	-0.00381521252608337	0	14
P09	1	7	CS44	R1	0.00061247567147848	0	14
P09	1	8	CS47	R1	-0.00111920187120758	0	14
P09	1	9	CS47	R2	-0.00315741833777631	0	14
P09	1	10	CS48	R1	-0.00313782856506595	0	14
P09	1	11	CS48	R2	0.000459673020843491	0	14
P09	1	12	CS49	R1	-0.00553560428012543	0	12
P09	1	13	CS49	R2	-0.00601845532806411	0	14
P09	1	14	CS51	R1	0.0064163526157444	0	14
P09	1	15	CS51	R2	-0.000206110457152903	0	12
P09	1	16	CS53	R1	0.00108169276120781	0	12
P09	1	17	CS53	R2	0.00209469805550203	0	8
P09	1	18	CS54	R1	-0.0121822977212825	0	7
P09	1	19	CS54	R2	-0.0158781050906426	0	7
P09	1	20	CS55	R1	0.0111788388237636	0	14
P09	1	21	CS55	R2	-0.00297594980757809	0	14
P09	1	22	CS56	R1	0.00289804183061885	0	12
P09	1	23	CS56	R2	-0.00408832998807451	0	12
P09	1	24	CS57	R1	0.00458784186675433	0	12
P09	1	25	CS57	R2	-0.00255916757521565	0	12
P09	1	26	CS58	R1	0.0111821906095728	0	7
P09	1	27	CS60	R1	0.00900459308475995	0	14
P09	1	28	CS62	R1	-0.00656517741548023	0	7
P09	1	29	CS62	R2	0.00778385780302052	0	7
P09	2	1	CS41	R1	-0.0079060390774672	0	14
P09	2	2	CS41	R2	-0.00384002153961275	0	14
P09	2	3	CS42	R1	-0.00357804868977466	0	14
P09	2	4	CS42	R2	-0.00534143963457889	0	14
P09	2	5	CS43	R1	0.00766865262068931	0	14
P09	2	6	CS43	R2	0.000571734795812333	0	14
P09	2	7	CS44	R1	0.0105836383876239	0	14
P09	2	8	CS47	R1	-0.00298113124970721	0	14
P09	2	9	CS47	R2	-0.00101726958173706	0	14
P09	2	10	CS48	R1	-0.000689933879597559	0	14
P09	2	11	CS48	R2	0.00244739666662185	0	14
P09	2	12	CS49	R1	0.00189055922603069	0	12
P09	2	13	CS49	R2	0.00567589819903617	0	14
P09	2	14	CS51	R1	-0.00348243430780195	0	14
P09	2	15	CS51	R2	0.000922019953613303	0	12
P09	2	16	CS53	R1	-0.00778835845807223	0	12
P09	2	17	CS53	R2	0.0167131709381333	0	8
P09	2	18	CS54	R1	-0.00141505406648431	0	7
P09	2	19	CS54	R2	-0.00288772288172596	0	7
P09	2	20	CS55	R1	0.00734563899068562	0	14
P09	2	21	CS55	R2	-0.00125809111013824	0	14
P09	2	22	CS56	R1	-0.00963917532153328	0	12
P09	2	23	CS56	R2	0.00433020526163911	0	12
P09	2	24	CS57	R1	0.00327200968730376	0	12
P09	2	25	CS57	R2	-0.00185311515267433	0	12
P09	2	26	CS58	R1	0.0141520336602342	0	7
P09	2	27	CS60	R1	4.49218212091539e-05	0	14
P09	2	28	CS62	R1	0.00168065584816565	0	7
P09	2	29	CS62	R2	0.00251597733013644	0	7
P09	3	1	CS41	R1	0.0057312995618704	0	14
P09	3	2	CS41	R2	0.0078886870458746	0	14
P09	3	3	CS42	R1	0.00693606342868749	0	14
P09	3	4	CS42	R2	-0.00481983329482808	0	14
P09	3	5	CS43	R1	-0.00391923708975863	0	14
P09	3	6	CS43	R2	-0.00733040964821637	0	14
P09	3	7	CS44	R1	0.00236128603006689	0	14
P09	3	8	CS47	R1	-0.000101749659463731	0	14
P09	3	9	CS47	R2	0.00333042962192167	0	14
P09	3	10	CS48	R1	0.00770753924073991	0	14
P09	3	11	CS48	R2	0.00239746716901387	0	14
P09	3	12	CS49	R1	-0.000819263828579488	0	12
P09	3	13	CS49	R2	-0.00367012975813384	0	14
P09	3	14	CS51	R1	0.00452226702222578	0	14
P09	3	15	CS51	R2	-0.000963069170665245	0	12
P09	3	16	CS53	R1	0.00272454437023321	0	12
P09	3	17	CS53	R2	0.00279775210070263	0	8
P09	3	18	CS54	R1	-0.000304780612999924	0	7
P09	3	19	CS54	R2	0.00909260318570781	0	7
P09	3	20	CS55	R1	0.00222892486258171	0	14
P09	3	21	CS55	R2	0.00490412557524856	0	14
P09	3	22	CS56	R1	-0.00660870758181386	0	12
P09	3	23	CS56	R2	-0.00294853298131816	0	12
P09	3	24	CS57	R1	-0.00105733796137102	0	12
P09	3	25	CS57	R2	-0.00256912341330349	0	12
P09	3	26	CS58	R1	0.00360850984952433	0	7
P09	3	27	CS60	R1	0.000166513779581138	0	14
P09	3	28	CS62	R1	-0.00293261939240118	0	7
P09	3	29	CS62	R2	-0.00574233615107981	0	7
P09	4	1	CS41	R1	-0.00452028304375452	0	14
P09	4	2	CS41	R2	0.00633093920676022	0	14
P09	4	3	CS42	R1	0.00784767746422692	0	14
P09	4	4	CS42	R2	0.00105041507456675	0	14
P09	4	5	CS43	R1	0.000404709617296217	0	14
P09	4	6	CS43	R2	-0.00218476532470019	0	14
P09	4	7	CS44	R1	0.0127724818007999	0	14
P09	4	8	CS47	R1	0.00128369234134523	0	14
P09	4	9	CS47	R2	-0.00462799484068689	0	14
P09	4	10	CS48	R1	-0.00843615717130627	0	14
P09	4	11	CS48	R2	0.000413048504690071	0	14
P09	4	12	CS49	R1	-0.00316617756160192	0	12
P09	4	13	CS49	R2	-0.00946358807938148	0	14
P09	4	14	CS51	R1	0.00766229343182131	0	14
P09	4	15	CS51	R2	0.0146950807816616	0	12
P09	4	16	CS53	R1	-0.00284116909173102	0	12
P09	4	17	CS53	R2	0.00225098602932865	0	8
P09	4	18	CS54	R1	0.00272286206539343	0	7
P09	4	19	CS54	R2	-0.00443050996174663	0	7
P09	4	20	CS55	R1	-0.00426046541250063	0	14
P09	4	21	CS55	R2	-0.00676922844148319	0	14
P09	4	22	CS56	R1	0.00253863562273387	0	12
P09	4	23	CS56	R2	-0.00554259161428289	0	12
P09	4	24	CS57	R1	-0.00949940722947007	0	12
P09	4	25	CS57	R2	-0.00214930823278931	0	12
P09	4	26	CS58	R1	0.00658609723745927	0	7
P09	4	27	CS60	R1	0.00476717518538975	0	14
P09	4	28	CS62	R1	0.00685644926710904	0	7
P09	4	29	CS62	R2	-0.00500329858237396	0	7
P09	5	1	CS41	R1	-0.00152887672875333	0	14
P09	5	2	CS41	R2	-0.00306913495990301	0	14
P09	5	3	CS42	R1	0.00791372089172429	0	14
P09	5	4	CS42	R2	-0.00254997810303033	0	14
P09	5	5	CS43	R1	-0.00284462799446859	0	14
P09	5	6	CS43	R2	0.00299788780789454	0	14
P09	5	7	CS44	R1	-0.00354754218448245	0	14
P09	5	8	CS47	R1	0.00483271923301262	0	14
P09	5	9	CS47	R2	0.00123607188807097	0	14
P09	5	10	CS48	R1	-0.00603623117562599	0	14
P09	5	11	CS48	R2	-0.00294645034823301	0	14
P09	5	12	CS49	R1	0.000762038911500057	0	12
P09	5	13	CS49	R2	0.00998347298283982	0	14
P09	5	14	CS51	R1	0.00661448811264089	0	14
P09	5	15	CS51	R2	0.00124664550904112	0	12
P09	5	16	CS53	R1	0.00135093555541644	0	12
P09	5	17	CS53	R2	0.0133433228568733	0	8
P09	5	18	CS54	R1	-0.000551686134013092	0	7
P09	5	19	CS54	R2	-0.00169862947362893	0	7
P09	5	20	CS55	R1	0.00259982808207645	0	14
P09	5	21	CS55	R2	0.00399011095786696	0	14
P09	5	22	CS56	R1	0.0172232339933005	0	12
P09	5	23	CS56	R2	-0.00911174606015772	0	12
P09	5	24	CS57	R1	0.00199244910237678	0	12
P09	5	25	CS57	R2	0.00549205540987083	0	12
P09	5	26	CS58	R1	0.0155758122206168	0	7
P09	5	27	CS60	R1	-0.00127200060331462	0	14
P09	5	28	CS62	R1	0.00880314710979293	0	7
P09	5	29	CS62	R2	-0.00968055173629623	0	7
P09	6	1	CS41	R1	0.00246092590378811	0	14
P09	6	2	CS41	R2	0.0040090083769305	0	14
P09	6	3	CS42	R1	0.0123180852850468	0	14
P09	6	4	CS42	R2	-0.00565287324343837	0	14
P09	6	5	CS43	R1	-0.00352532286996643	0	14
P09	6	6	CS43	R2	-0.00109645983749974	0	14
P09	6	7	CS44	R1	0.00535087943983783	0	14
P09	6	8	CS47	R1	0.00290330292758077	0	14
P09	6	9	CS47	R2	0.00285557539268821	0	14
P09	6	10	CS48	R1	0.00475002727746538	0	14
P09	6	11	CS48	R2	0.000784629716347382	0	14
P09	6	12	CS49	R1	0.00954262706921704	0	12
P09	6	13	CS49	R2	-0.00192440650332203	0	14
P09	6	14	CS51	R1	-0.00120099105870007	0	14
P09	6	15	CS51	R2	0.00222108749737611	0	12
P09	6	16	CS53	R1	-0.00632246026126061	0	12
P09	6	17	CS53	R2	0.00122189394947696	0	8
P09	6	18	CS54	R1	0.00218107578015816	0	7
P09	6	19	CS54	R2	0.00722744584871449	0	7
P09	6	20	CS55	R1	-0.00373994516032028	0	14
P09	6	21	CS55	R2	-0.001288830887682	0	14
P09	6	22	CS56	R1	0.00428258218429263	0	12
P09	6	23	CS56	R2	0.00565753318641936	0	12
P09	6	24	CS57	R1	0.00374663872007589	0	12
P09	6	25	CS57	R2	-0.00493944136740269	0	12
P09	6	26	CS58	R1	-0.00616652067924846	0	7
P09	6	27	CS60	R1	0.00247258222160188	0	14
P09	6	28	CS62	R1	-0.0100806064564911	0	7
P09	6	29	CS62	R2	-0.00284366881742701	0	7
P09	7	1	CS41	R1	-0.00172880781532085	0	14
P09	7	2	CS41	R2	-0.00556786638053944	0	14
P09	7	3	CS42	R1	-0.00526093762371834	0	14
P09	7	4	CS42	R2	-0.00266381042566077	0	14
P09	7	5	CS43	R1	-0.00343250217769658	0	14
P09	7	6	CS43	R2	0.000634530492379222	0	14
P09	7	7	CS44	R1	-0.00247188664079208	0	14
P09	7	8	CS47	R1	-0.00183349353293259	0	14
P09	7	9	CS47	R2	-0.00106436716645547	0	14
P09	7	10	CS48	R1	0.000499510671818325	0	14
P09	7	11	CS48	R2	0.0007848127284206	0	14
P09	7	12	CS49	R1	-0.00547409564531773	0	12
P09	7	13	CS49	R2	-0.00419126976510665	0	14
P09	7	14	CS51	R1	0.00148725763063873	0	14
P09	7	15	CS51	R2	0.00355892546589952	0	12
P09	7	16	CS53	R1	0.0101754417670968	0	12
P09	7	17	CS53	R2	-0.00631883909519119	0	8
P09	7	18	CS54	R1	0.00206806348815256	0	7
P09	7	19	CS54	R2	0.00123591260306135	0	7
P09	7	20	CS55	R1	0.00415356506734795	0	14
P09	7	21	CS55	R2	-0.00315356432900473	0	14
P09	7	22	CS56	R1	0.00188091555888226	0	12
P09	7	23	CS56	R2	0.000625685333834202	0	12
P09	7	24	CS57	R1	-0.00823399385081145	0	12
P09	7	25	CS57	R2	0.012259989093418	0	12
P09	7	26	CS58	R1	-0.00677886149723701	0	7
P09	7	27	CS60	R1	-0.00814897321508225	0	14
P09	7	28	CS62	R1	0.0147953048922224	0	7
P09	7	29	CS62	R2	0.00664426042196912	0	7
P09	8	1	CS41	R1	-0.00985456429142388	0	14
P09	8	2	CS41	R2	0.00263412397455868	0	14
P09	8	3	CS42	R1	0.00171162072926765	0	14
P09	8	4	CS42	R2	0.00486145904795277	0	14
P09	8	5	CS43	R1	0.00391561351838266	0	14
P09	8	6	CS43	R2	-0.00241873418537883	0	14
P09	8	7	CS44	R1	0.00138682141734168	0	14
P09	8	8	CS47	R1	-0.0105862588618381	0	14
P09	8	9	CS47	R2	0.00987061177073512	0	14
P09	8	10	CS48	R1	0.00715224227481233	0	14
P09	8	11	CS48	R2	0.00770805849872026	0	14
P09	8	12	CS49	R1	0.00220363779462882	0	12
P09	8	13	CS49	R2	0.00574566938564851	0	14
P09	8	14	CS51	R1	0.00602284067733569	0	14
P09	8	15	CS51	R2	0.00636386924640682	0	12
P09	8	16	CS53	R1	0.0103374495266106	0	12
P09	8	17	CS53	R2	-0.00268079338518618	0	8
P09	8	18	CS54	R1	0.00316209536944321	0	7
P09	8	19	CS54	R2	0.00187528871393011	0	7
P09	8	20	CS55	R1	-0.00689622777062078	0	14
P09	8	21	CS55	R2	-0.00169169686272057	0	14
P09	8	22	CS56	R1	-0.011420344218502	0	12
P09	8	23	CS56	R2	0.0100363844004221	0	12
P09	8	24	CS57	R1	0.00922187753881002	0	12
P09	8	25	CS57	R2	0.00100170422138451	0	12
P09	8	26	CS58	R1	0.00204523442731576	0	7
P09	8	27	CS60	R1	0.00250473966366359	0	14
P09	8	28	CS62	R1	0.00757917668925181	0	7
P09	8	29	CS62	R2	0.0114922823326308	0	7
P09	9	1	CS41	R1	-0.0121644461054686	0	14
P09	9	2	CS41	R2	-0.00599183969514268	0	14
P09	9	3	CS42	R1	-0.00340189615554728	0	14
P09	9	4	CS42	R2	-0.00438390058297002	0	14
P09	9	5	CS43	R1	0.00972006397135253	0	14
P09	9	6	CS43	R2	0.00281848004845557	0	14
P09	9	7	CS44	R1	0.00185118470992962	0	14
P09	9	8	CS47	R1	-0.00742288006631035	0	14
P09	9	9	CS47	R2	-0.00285403486116321	0	14
P09	9	10	CS48	R1	-0.00814525797598718	0	14
P09	9	11	CS48	R2	-0.00459830242420141	0	14
P09	9	12	CS49	R1	-0.0100058508435676	0	12
P09	9	13	CS49	R2	-0.00454553485319576	0	14
P09	9	14	CS51	R1	0.0142268080831186	0	14
P09	9	15	CS51	R2	-0.00701240012678691	0	12
P09	9	16	CS53	R1	0.000426072124435413	0	12
P09	9	17	CS53	R2	-0.00398269913512165	0	8
P09	9	18	CS54	R1	0.0193062313892617	0	7
P09	9	19	CS54	R2	0.00158771063943161	0	7
P09	9	20	CS55	R1	0.00331902594533881	0	14
P09	9	21	CS55	R2	-0.000949316163770618	0	14
P09	9	22	CS56	R1	0.00393009818586757	0	12
P09	9	23	CS56	R2	0.00689553442513087	0	12
P09	9	24	CS57	R1	0.00257658174672722	0	12
P09	9	25	CS57	R2	0.000852049412562745	0	12
P09	9	26	CS58	R1	0.00275980764068159	0	7
P09	9	27	CS60	R1	0.002280551984629	0	14
P09	9	28	CS62	R1	-0.00400054696705378	0	7
P09	9	29	CS62	R2	0.0167547295927392	0	7
P09	10	1	CS41	R1	-0.00825852897765189	0	14
P09	10	2	CS41	R2	-0.00341498799672147	0	14
P09	10	3	CS42	R1	0.00707102320631274	0	14
P09	10	4	CS42	R2	0.00331434134727748	0	14
P09	10	5	CS43	R1	0.00923002618058962	0	14
P09	10	6	CS43	R2	0.00130994831478363	0	14
P09	10	7	CS44	R1	0.00260717224522866	0	14
P09	10	8	CS47	R1	-0.00444674573737829	0	14
P09	10	9	CS47	R2	0.00630326386115045	0	14
P09	10	10	CS48	R1	0.000558052079591771	0	14
P09	10	11	CS48	R2	-0.00466254389325775	0	14
P09	10	12	CS49	R1	-0.0100409008097402	0	12
P09	10	13	CS49	R2	-0.00589226446420449	0	14
P09	10	14	CS51	R1	-0.00166782933112156	0	14
P09	10	15	CS51	R2	0.00199573806740822	0	12
P09	10	16	CS53	R1	-0.00291686741806135	0	12
P09	10	17	CS53	R2	-0.00637639941482772	0	8
P09	10	18	CS54	R1	0.000146031529304056	0	7
P09	10	19	CS54	R2	-0.00334448628520095	0	7
P09	10	20	CS55	R1	-0.00413072756417219	0	14
P09	10	21	CS55	R2	0.00365484320768186	0	14
P09	10	22	CS56	R1	-0.00123589455616697	0	12
P09	10	23	CS56	R2	-0.00659454955619961	0	12
P09	10	24	CS57	R1	-0.0074773195660638	0	12
P09	10	25	CS57	R2	0.00252382623452249	0	12
P09	10	26	CS58	R1	-0.00619066960101586	0	7
P09	10	27	CS60	R1	0.00193449635929523	0	14
P09	10	28	CS62	R1	-0.00436273071535777	0	7
P09	10	29	CS62	R2	-0.00841671679210321	0	7
P09	11	1	CS41	R1	-0.00374541312530925	0	14
P09	11	2	CS41	R2	-0.00870913614532662	0	14
P09	11	3	CS42	R1	0.00376297485814193	0	14
P09	11	4	CS42	R2	0.00706756547499384	0	14
P09	11	5	CS43	R1	-0.00314508268554655	0	14
P09	11	6	CS43	R2	0.00246986504417904	0	14
P09	11	7	CS44	R1	-0.00355133696044163	0	14
P09	11	8	CS47	R1	-0.00624730069182195	0	14
P09	11	9	CS47	R2	-0.00339472743653568	0	14
P09	11	10	CS48	R1	0.00413019570658052	0	14
P09	11	11	CS48	R2	5.85089895455829e-05	0	14
P09	11	12	CS49	R1	-0.00695670668291039	0	12
P09	11	13	CS49	R2	0.011332736866002	0	14
P09	11	14	CS51	R1	0.00600560065317758	0	14
P09	11	15	CS51	R2	0.000666934143444051	0	12
P09	11	16	CS53	R1	-0.00363496676690533	0	12
P09	11	17	CS53	R2	-0.00144550344486483	0	8
P09	11	18	CS54	R1	-0.00488998435909216	0	7
P09	11	19	CS54	R2	0.000253794091850546	0	7
P09	11	20	CS55	R1	0.00238434886577774	0	14
P09	11	21	CS55	R2	-0.00281590812344744	0	14
P09	11	22	CS56	R1	0.000390575166675282	0	12
P09	11	23	CS56	R2	-0.00981500722946897	0	12
P09	11	24	CS57	R1	-0.00728974543198388	0	12
P09	11	25	CS57	R2	-0.00850889866170852	0	12
P09	11	26	CS58	R1	0.0121287612385804	0	7
P09	11	27	CS60	R1	0.00347155072003836	0	14
P09	11	28	CS62	R1	0.00465971050613976	0	7
P09	11	29	CS62	R2	-0.0100273109360652	0	7
P09	12	1	CS41	R1	0.0044032556845013	0	14
P09	12	2	CS41	R2	0.00429784974598966	0	14
P09	12	3	CS42	R1	-0.00392823907070685	0	14
P09	12	4	CS42	R2	0.00547858677418638	0	14
P09	12	5	CS43	R1	-0.00513803556975601	0	14
P09	12	6	CS43	R2	-0.000378582961785768	0	14
P09	12	7	CS44	R1	-0.00137510433129343	0	14
P09	12	8	CS47	R1	-0.00949836252358809	0	14
P09	12	9	CS47	R2	-0.00482335022418643	0	14
P09	12	10	CS48	R1	-0.00339940971997967	0	14
P09	12	11	CS48	R2	-0.000905168779949258	0	14
P09	12	12	CS49	R1	-0.00677025337772114	0	12
P09	12	13	CS49	R2	-0.0100212068702449	0	14
P09	12	14	CS51	R1	0.000595606510268302	0	14
P09	12	15	CS51	R2	-0.00924067662187522	0	12
P09	12	16	CS53	R1	0.00891801553179991	0	12
P09	12	17	CS53	R2	-0.013727750840765	0	8
P09	12	18	CS54	R1	0.00771216618742703	0	7
P09	12	19	CS54	R2	-0.000417886328083723	0	7
P09	12	20	CS55	R1	0.000910580703291252	0	14
P09	12	21	CS55	R2	-0.00329811590188322	0	14
P09	12	22	CS56	R1	-0.00863377902132263	0	12
P09	12	23	CS56	R2	-0.000567739456528561	0	12
P09	12	24	CS57	R1	-0.00274330502840998	0	12
P09	12	25	CS57	R2	0.00463950532506545	0	12
P09	12	26	CS58	R1	0.00202411468126844	0	7
P09	12	27	CS60	R1	-0.00115517959583304	0	14
P09	12	28	CS62	R1	-0.00713409117298485	0	7
P09	12	29	CS62	R2	-0.0171315465931916	0	7
P09	13	1	CS41	R1	-0.00526832978693499	0	14
P09	13	2	CS41	R2	-0.00610909384152053	0	14
P09	13	3	CS42	R1	-0.00351576800029819	0	14
P09	13	4	CS42	R2	0.00466360346836181	0	14
P09	13	5	CS43	R1	-0.000141404153963944	0	14
P09	13	6	CS43	R2	0.00022682828155263	0	14
P09	13	7	CS44	R1	0.0136509024379497	0	14
P09	13	8	CS47	R1	0.00806805635591296	0	14
P09	13	9	CS47	R2	0.00902157505788262	0	14
P09	13	10	CS48	R1	0.00078096170789635	0	14
P09	13	11	CS48	R2	0.00200313915535626	0	14
P09	13	12	CS49	R1	-0.000106378843604061	0	12
P09	13	13	CS49	R2	0.00135277194399555	0	14
P09	13	14	CS51	R1	0.00130205870612562	0	14
P09	13	15	CS51	R2	0.00200239792023205	0	12
P09	13	16	CS53	R1	-0.011040148922117	0	12
P09	13	17	CS53	R2	-0.00243186876329263	0	8
P09	13	18	CS54	R1	0.00777354193575889	0	7
P09	13	19	CS54	R2	-0.00447316332823968	0	7
P09	13	20	CS55	R1	-0.00774607924357421	0	14
P09	13	21	CS55	R2	-2.6571579754209e-05	0	14
P09	13	22	CS56	R1	-0.00141624210135519	0	12
P09	13	23	CS56	R2	-0.0013698439949903	0	12
P09	13	24	CS57	R1	0.00468427637151343	0	12
P09	13	25	CS57	R2	0.00596175830346371	0	12
P09	13	26	CS58	R1	0.00361140323380975	0	7
P09	13	27	CS60	R1	0.00266255173654508	0	14
P09	13	28	CS62	R1	-0.000630529570876938	0	7
P09	13	29	CS62	R2	-0.00880314700326296	0	7
P09	14	1	CS41	R1	-0.00532396806315085	0	14
P09	14	2	CS41	R2	0.00242482821776298	0	14
P09	14	3	CS42	R1	-0.00857213630430341	0	14
P09	14	4	CS42	R2	-0.00207397366964014	0	14
P09	14	5	CS43	R1	-0.0010905792646814	0	14
P09	14	6	CS43	R2	0.00325453392081376	0	14
P09	14	7	CS44	R1	9.48428269552067e-05	0	14
P09	14	8	CS47	R1	-0.00525765291653709	0	14
P09	14	9	CS47	R2	0.00386172786501754	0	14
P09	14	10	CS48	R1	0.0078107708415535	0	14
P09	14	11	CS48	R2	-0.00339013210869644	0	14
P09	14	12	CS49	R1	0.00317936748265836	0	12
P09	14	13	CS49	R2	-0.00890373033695011	0	14
P09	14	14	CS51	R1	-0.00187640869381922	0	14
P09	14	15	CS51	R2	-0.00309456841410167	0	12
P09	14	16	CS53	R1	0.00480738637170763	0	12
P09	14	17	CS53	R2	-0.0126736137769352	0	8
P09	14	18	CS54	R1	0.000102522150864113	0	7
P09	14	19	CS54	R2	-0.0147039957593386	0	7
P09	14	20	CS55	R1	-0.000692696559154342	0	14
P09	14	21	CS55	R2	0.00113534493766629	0	14
P09	14	22	CS56	R1	-0.00441086262694967	0	12
P09	14	23	CS56	R2	0.0115516308809819	0	12
P09	14	24	CS57	R1	-0.00701131205979934	0	12
P09	14	25	CS57	R2	0.000293484303837356	0	12
P09	14	26	CS58	R1	-0.00679259719499533	0	7
P09	14	27	CS60	R1	0.00555647322149893	0	14
P09	14	28	CS62	R1	-0.0111100785484596	0	7
P09	14	29	CS62	R2	-0.000370856832151203	0	7
P09	15	1	CS41	R1	-0.00113371258446104	0	14
P09	15	2	CS41	R2	-0.00137605059753488	0	14
P09	15	3	CS42	R1	-0.000534428980511359	0	14
P09	15	4	CS42	R2	0.00578898229230346	0	14
P09	15	5	CS43	R1	-0.00638075111293458	0	14
P09	15	6	CS43	R2	-0.00796140653882832	0	14
P09	15	7	CS44	R1	-0.00191194305101168	0	14
P09	15	8	CS47	R1	0.00343711297668581	0	14
P09	15	9	CS47	R2	0.0023877767042643	0	14
P09	15	10	CS48	R1	0.00688853436166878	0	14
P09	15	11	CS48	R2	0.00242955886161286	0	14
P09	15	12	CS49	R1	-0.0051499151099164	0	12
P09	15	13	CS49	R2	-0.00171626554188251	0	14
P09	15	14	CS51	R1	-0.00351172480893952	0	14
P09	15	15	CS51	R2	0.00572602029517632	0	12
P09	15	16	CS53	R1	0.00299147856258224	0	12
P09	15	17	CS53	R2	0.00221719910192027	0	8
P09	15	18	CS54	R1	0.0047270405156806	0	7
P09	15	19	CS54	R2	0.00283935276088053	0	7
P09	15	20	CS55	R1	-0.0048373894223885	0	14
P09	15	21	CS55	R2	0.00427832753945762	0	14
P09	15	22	CS56	R1	-0.00496324883540383	0	12
P09	15	23	CS56	R2	-0.00576163383300597	0	12
P09	15	24	CS57	R1	0.00210597568933616	0	12
P09	15	25	CS57	R2	-0.00329462614374443	0	12
P09	15	26	CS58	R1	-0.000286810097542216	0	7
P09	15	27	CS60	R1	0.00429030353984169	0	14
P09	15	28	CS62	R1	0.0105692386858253	0	7
P09	15	29	CS62	R2	0.00613640283474504	0	7
P09	16	1	CS41	R1	-0.00117076256409374	0	14
P09	16	2	CS41	R2	-0.002300981215858	0	14
P09	16	3	CS42	R1	-0.00250936117959291	0	14
P09	16	4	CS42	R2	-0.000313749506654312	0	14
P09	16	5	CS43	R1	0.0002300813368231	0	14
P09	16	6	CS43	R2	-0.00770036413877788	0	14
P09	16	7	CS44	R1	0.00688637851211308	0	14
P09	16	8	CS47	R1	-0.00583127271987273	0	14
P09	16	9	CS47	R2	-0.00109773187393813	0	14
P09	16	10	CS48	R1	0.00252735643445828	0	14
P09	16	11	CS48	R2	0.00130565581934003	0	14
P09	16	12	CS49	R1	-0.00964469997655321	0	12
P09	16	13	CS49	R2	0.0010236367322783	0	14
P09	16	14	CS51	R1	-0.00784283725107331	0	14
P09	16	15	CS51	R2	-0.00439600109162442	0	12
P09	16	16	CS53	R1	0.00178007711507751	0	12
P09	16	17	CS53	R2	-0.00529343928544575	0	8
P09	16	18	CS54	R1	-0.00773364987010802	0	7
P09	16	19	CS54	R2	-6.87448005988964e-05	0	7
P09	16	20	CS55	R1	0.000259240665050418	0	14
P09	16	21	CS55	R2	0.003530211498769	0	14
P09	16	22	CS56	R1	0.000186101839832164	0	12
P09	16	23	CS56	R2	0.00533627518866487	0	12
P09	16	24	CS57	R1	-0.00948496807436836	0	12
P09	16	25	CS57	R2	0.00435596047787318	0	12
P09	16	26	CS58	R1	0.00244295841269315	0	7
P09	16	27	CS60	R1	0.000800567925660598	0	14
P09	16	28	CS62	R1	-0.0128659939084425	0	7
P09	16	29	CS62	R2	0.0120986068972403	0	7
P09	17	1	CS41	R1	-0.00583567182564748	0	14
P09	17	2	CS41	R2	-0.00344179943505742	0	14
P09	17	3	CS42	R1	3.53262950079512e-05	0	14
P09	17	4	CS42	R2	0.00502499762552922	0	14
P09	17	5	CS43	R1	0.00658269835964713	0	14
P09	17	6	CS43	R2	0.00585494338342893	0	14
P09	17	7	CS44	R1	0.0069338683452717	0	14
P09	17	8	CS47	R1	-0.00471436337692781	0	14
P09	17	9	CS47	R2	0.00309661677318009	0	14
P09	17	10	CS48	R1	-0.00566583187443506	0	14
P09	17	11	CS48	R2	0.0125527896967046	0	14
P09	17	12	CS49	R1	-0.00550589228525937	0	12
P09	17	13	CS49	R2	0.00992523509743758	0	14
P09	17	14	CS51	R1	-0.0147158689001489	0	14
P09	17	15	CS51	R2	-0.00601946422875058	0	12
P09	17	16	CS53	R1	0.00530280916613009	0	12
P09	17	17	CS53	R2	0.0114449378892846	0	8
P09	17	18	CS54	R1	0.00869329737030372	0	7
P09	17	19	CS54	R2	-0.000953528529230399	0	7
P09	17	20	CS55	R1	0.003079701806367	0	14
P09	17	21	CS55	R2	0.00343801899743941	0	14
P09	17	22	CS56	R1	0.00871764574968973	0	12
P09	17	23	CS56	R2	-0.00240997518860086	0	12
P09	17	24	CS57	R1	0.000761576779579131	0	12
P09	17	25	CS57	R2	0.0104920001403081	0	12
P09	17	26	CS58	R1	-0.00146377628187342	0	7
P09	17	27	CS60	R1	0.0025906063175612	0	14
P09	17	28	CS62	R1	0.00265681077073483	0	7
P09	17	29	CS62	R2	-0.00420021147247764	0	7
P09	18	1	CS41	R1	-0.00637049713935402	0	14
P09	18	2	CS41	R2	0.000848989646176192	0	14
P09	18	3	CS42	R1	-0.00852855612631468	0	14
P09	18	4	CS42	R2	-0.00238302759160911	0	14
P09	18	5	CS43	R1	-0.00295496657980782	0	14
P09	18	6	CS43	R2	-0.000483925141217783	0	14
P09	18	7	CS44	R1	-0.00690506211512228	0	14
P09	18	8	CS47	R1	0.00319610991942993	0	14
P09	18	9	CS47	R2	-0.00232489812316056	0	14
P09	18	10	CS48	R1	0.00684507352871143	0	14
P09	18	11	CS48	R2	0.00503807262790905	0	14
P09	18	12	CS49	R1	-0.0102898728972115	0	12
P09	18	13	CS49	R2	-0.00776562449186729	0	14
P09	18	14	CS51	R1	-0.00785508828278826	0	14
P09	18	15	CS51	R2	0.00280964751238848	0	12
P09	18	16	CS53	R1	0.00215860515005811	0	12
P09	18	17	CS53	R2	0.00939269445159907	0	8
P09	18	18	CS54	R1	-0.00886569336537675	0	7
P09	18	19	CS54	R2	-0.0109844377841752	0	7
P09	18	20	CS55	R1	0.000996121001888648	0	14
P09	18	21	CS55	R2	0.00540110583148743	0	14
P09	18	22	CS56	R1	-0.00361772173756436	0	12
P09	18	23	CS56	R2	-0.000940145978890047	0	12
P09	18	24	CS57	R1	-0.00807680368526323	0	12
P09	18	25	CS57	R2	-0.0156699730369633	0	12
P09	18	26	CS58	R1	-0.00318444296602312	0	7
P09	18	27	CS60	R1	-0.00053785835031194	0	14
P09	18	28	CS62	R1	-0.00120931944168365	0	7
P09	18	29	CS62	R2	0.00120486749510625	0	7
P09	19	1	CS41	R1	0.00292360956662089	0	14
P09	19	2	CS41	R2	0.00329672923282712	0	14
P09	19	3	CS42	R1	0.00254597346589131	0	14
P09	19	4	CS42	R2	8.74423213789331e-06	0	14
P09	19	5	CS43	R1	0.000404084070738309	0	14
P09	19	6	CS43	R2	-0.00427979386230616	0	14
P09	19	7	CS44	R1	0.00133036525809144	0	14
P09	19	8	CS47	R1	-0.00239953633017987	0	14
P09	19	9	CS47	R2	-0.00604094491457408	0	14
P09	19	10	CS48	R1	0.00961342178395731	0	14
P09	19	11	CS48	R2	-0.0022709527844522	0	14
P09	19	12	CS49	R1	-0.016290982161827	0	12
P09	19	13	CS49	R2	-4.65960273036975e-05	0	14
P09	19	14	CS51	R1	-0.000876644944420537	0	14
P09	19	15	CS51	R2	0.00311386616468968	0	12
P09	19	16	CS53	R1	-0.00308364022517193	0	12
P09	19	17	CS53	R2	0.0110225974121058	0	8
P09	19	18	CS54	R1	0.00533743542696076	0	7
P09	19	19	CS54	R2	-0.00290246823440762	0	7
P09	19	20	CS55	R1	-0.00152074205076574	0	14
P09	19	21	CS55	R2	-0.00128757413009197	0	14
P09	19	22	CS56	R1	-0.00472072847374366	0	12
P09	19	23	CS56	R2	-0.0131074444422804	0	12
P09	19	24	CS57	R1	-0.00125713466659307	0	12
P09	19	25	CS57	R2	0.000156647612538655	0	12
P09	19	26	CS58	R1	-0.000277955918595383	0	7
P09	19	27	CS60	R1	-0.00410814949799889	0	14
P09	19	28	CS62	R1	-0.0103842904019964	0	7
P09	19	29	CS62	R2	-0.00891021667441574	0	7
P09	20	1	CS41	R1	0.00987382045952801	0	14
P09	20	2	CS41	R2	0.00469527910913001	0	14
P09	20	3	CS42	R1	-0.000340398950556052	0	14
P09	20	4	CS42	R2	0.00112912146514738	0	14
P09	20	5	CS43	R1	0.000629321901913857	0	14
P09	20	6	CS43	R2	0.00890900128647033	0	14
P09	20	7	CS44	R1	0.00728041803293441	0	14
P09	20	8	CS47	R1	-0.00466380608261342	0	14
P09	20	9	CS47	R2	-0.00725420246830605	0	14
P09	20	10	CS48	R1	-0.00615371303467957	0	14
P09	20	11	CS48	R2	0.00339581958674305	0	14
P09	20	12	CS49	R1	0.00297588106244835	0	12
P09	20	13	CS49	R2	0.00764182275876486	0	14
P09	20	14	CS51	R1	-0.00353394448896007	0	14
P09	20	15	CS51	R2	0.00603222040829778	0	12
P09	20	16	CS53	R1	-0.00270568636539396	0	12
P09	20	17	CS53	R2	-0.00317501519355684	0	8
P09	20	18	CS54	R1	-0.00303506607740735	0	7
P09	20	19	CS54	R2	-0.00209437660673278	0	7
P09	20	20	CS55	R1	0.010367112890408	0	14
P09	20	21	CS55	R2	-0.00856072102660352	0	14
P09	20	22	CS56	R1	-0.0165240792181021	0	12
P09	20	23	CS56	R2	-0.00260051294053748	0	12
P09	20	24	CS57	R1	0.00860109382293071	0	12
P09	20	25	CS57	R2	0.0048719967446528	0	12
P09	20	26	CS58	R1	0.0062278001519948	0	7
P09	20	27	CS60	R1	0.0130173710689281	0	14
P09	20	28	CS62	R1	-0.00362463548591267	0	7
P09	20	29	CS62	R2	-0.00672915351639462	0	7
P09	21	1	CS41	R1	0.00442028827908097	0	14
P09	21	2	CS41	R2	-0.00553494772268284	0	14
P09	21	3	CS42	R1	-0.000171095586412397	0	14
P09	21	4	CS42	R2	0.00954363248751156	0	14
P09	21	5	CS43	R1	0.00309378568064565	0	14
P09	21	6	CS43	R2	-0.00138365083680096	0	14
P09	21	7	CS44	R1	0.00287308368093456	0	14
P09	21	8	CS47	R1	-0.00132954386121037	0	14
P09	21	9	CS47	R2	-0.00449924146945294	0	14
P09	21	10	CS48	R1	-0.00393317901648842	0	14
P09	21	11	CS48	R2	-0.00408475437148863	0	14
P09	21	12	CS49	R1	-0.0145432101394956	0	12
P09	21	13	CS49	R2	-0.00475247447721608	0	14
P09	21	14	CS51	R1	-0.00191466703206825	0	14
P09	21	15	CS51	R2	0.00386523710702024	0	12
P09	21	16	CS53	R1	-0.00780010739401533	0	12
P09	21	17	CS53	R2	0.00229293543951617	0	8
P09	21	18	CS54	R1	-0.0105076291169767	0	7
P09	21	19	CS54	R2	0.00363664314191154	0	7
P09	21	20	CS55	R1	-0.000720427216134767	0	14
P09	21	21	CS55	R2	0.00132694605401127	0	14
P09	21	22	CS56	R1	-0.000460365794931411	0	12
P09	21	23	CS56	R2	0.00453857421520662	0	12
P09	21	24	CS57	R1	-0.0107669228990092	0	12
P09	21	25	CS57	R2	0.000566660928877792	0	12
P09	21	26	CS58	R1	0.0120637758509364	0	7
P09	21	27	CS60	R1	0.000281411908296552	0	14
P09	21	28	CS62	R1	0.0127715434617226	0	7
P09	21	29	CS62	R2	0.00433080366932962	0	7
P09	22	1	CS41	R1	-0.00582208612911259	0	14
P09	22	2	CS41	R2	0.00129379543417366	0	14
P09	22	3	CS42	R1	0.000812071904062459	0	14
P09	22	4	CS42	R2	0.00236759958068635	0	14
P09	22	5	CS43	R1	-0.000767544131584894	0	14
P09	22	6	CS43	R2	-0.00175693614802255	0	14
P09	22	7	CS44	R1	0.0027475885023774	0	14
P09	22	8	CS47	R1	0.00335985051907702	0	14
P09	22	9	CS47	R2	0.00347152757078449	0	14
P09	22	10	CS48	R1	0.000148243146986334	0	14
P09	22	11	CS48	R2	-0.00623141437227203	0	14
P09	22	12	CS49	R1	-0.00625791689073087	0	12
P09	22	13	CS49	R2	-0.0065028006096239	0	14
P09	22	14	CS51	R1	-9.65106744442745e-05	0	14
P09	22	15	CS51	R2	-0.00333848022746273	0	12
P09	22	16	CS53	R1	-0.00078770826254056	0	12
P09	22	17	CS53	R2	0.0217520644057543	0	8
P09	22	18	CS54	R1	-0.0179630656422456	0	7
P09	22	19	CS54	R2	-0.00617450845174812	0	7
P09	22	20	CS55	R1	-0.00258239226672594	0	14
P09	22	21	CS55	R2	-0.00433379252929156	0	14
P09	22	22	CS56	R1	-0.00304607063074797	0	12
P09	22	23	CS56	R2	-0.00569220436852105	0	12
P09	22	24	CS57	R1	-0.00348357891553689	0	12
P09	22	25	CS57	R2	-0.00549178791104861	0	12
P09	22	26	CS58	R1	-0.0110368392433588	0	7
P09	22	27	CS60	R1	0.00830037269232487	0	14
P09	22	28	CS62	R1	-0.0100048648474761	0	7
P09	22	29	CS62	R2	0.00236038939388829	0	7
P09	23	1	CS41	R1	-0.00218690364549911	0	14
P09	23	2	CS41	R2	0.00550311247992289	0	14
P09	23	3	CS42	R1	0.00019485740085889	0	14
P09	23	4	CS42	R2	-0.00340816262693357	0	14
P09	23	5	CS43	R1	-0.00172004851122776	0	14
P09	23	6	CS43	R2	0.00364496930229719	0	14
P09	23	7	CS44	R1	0.00220110449013683	0	14
P09	23	8	CS47	R1	0.00332800195616136	0	14
P09	23	9	CS47	R2	0.00121682212752335	0	14
P09	23	10	CS48	R1	-0.00574926158048097	0	14
P09	23	11	CS48	R2	0.000226001589569261	0	14
P09	23	12	CS49	R1	0.00853462933253242	0	12
P09	23	13	CS49	R2	0.00512854179284416	0	14
P09	23	14	CS51	R1	0.0110352433017915	0	14
P09	23	15	CS51	R2	-0.000373897842645879	0	12
P09	23	16	CS53	R1	-0.0116208496169792	0	12
P09	23	17	CS53	R2	0.0135078925421763	0	8
P09	23	18	CS54	R1	0.00223595804024104	0	7
P09	23	19	CS54	R2	0.00263039685295193	0	7
P09	23	20	CS55	R1	0.00387351465226787	0	14
P09	23	21	CS55	R2	0.00607650366583664	0	14
P09	23	22	CS56	R1	-0.000709787278756083	0	12
P09	23	23	CS56	R2	0.00526372807423021	0	12
P09	23	24	CS57	R1	-0.00312427510574478	0	12
P09	23	25	CS57	R2	-0.00342140381001129	0	12
P09	23	26	CS58	R1	-0.0159898714966166	0	7
P09	23	27	CS60	R1	-0.00567644564990296	0	14
P09	23	28	CS62	R1	-0.00491880390115065	0	7
P09	23	29	CS62	R2	-0.00245541372444988	0	7
P09	24	1	CS41	R1	0.0052838601587978	0	14
P09	24	2	CS41	R2	0.00671479564390006	0	14
P09	24	3	CS42	R1	0.00820391025567374	0	14
P09	24	4	CS42	R2	0.00014729503489423	0	14
P09	24	5	CS43	R1	0.0139544629652796	0	14
P09	24	6	CS43	R2	0.00642228452083027	0	14
P09	24	7	CS44	R1	-0.000589986374948145	0	14
P09	24	8	CS47	R1	-0.00810583806245278	0	14
P09	24	9	CS47	R2	5.34011391432678e-05	0	14
P09	24	10	CS48	R1	0.00517070077552823	0	14
P09	24	11	CS48	R2	-0.00414054418802711	0	14
P09	24	12	CS49	R1	0.00439361455007733	0	12
P09	24	13	CS49	R2	-0.000537287218269079	0	14
P09	24	14	CS51	R1	-0.00158591133547859	0	14
P09	24	15	CS51	R2	0.00060622705153131	0	12
P09	24	16	CS53	R1	0.00667137670816215	0	12
P09	24	17	CS53	R2	-0.00111018607979441	0	8
P09	24	18	CS54	R1	-0.00903978245635995	0	7
P09	24	19	CS54	R2	-0.00101391542883438	0	7
P09	24	20	CS55	R1	0.000887052153267308	0	14
P09	24	21	CS55	R2	0.00967926824659641	0	14
P09	24	22	CS56	R1	0.000138695208695988	0	12
P09	24	23	CS56	R2	-0.00167851171749797	0	12
P09	24	24	CS57	R1	-0.00175237667841595	0	12
P09	24	25	CS57	R2	0.0145437580868965	0	12
P09	24	26	CS58	R1	0.00871181554691041	0	7
P09	24	27	CS60	R1	-0.00320793209205288	0	14
P09	24	28	CS62	R1	0.0051439446987389	0	7
P09	24	29	CS62	R2	0.00265847635797621	0	7
P09	25	1	CS41	R1	0.00302159135021074	0	14
P09	25	2	CS41	R2	-0.00130169421411567	0	14
P09	25	3	CS42	R1	0.0022660314443467	0	14
P09	25	4	CS42	R2	-0.00523164853383882	0	14
P09	25	5	CS43	R1	0.00363584274968765	0	14
P09	25	6	CS43	R2	-0.000773133550416266	0	14
P09	25	7	CS44	R1	0.00105841227086549	0	14
P09	25	8	CS47	R1	-0.00408813084939096	0	14
P09	25	9	CS47	R2	-0.00122693965300518	0	14
P09	25	10	CS48	R1	0.00333908777005224	0	14
P09	25	11	CS48	R2	-0.00266373017299888	0	14
P09	25	12	CS49	R1	0.00594299659797262	0	12
P09	25	13	CS49	R2	-0.00988677855095564	0	14
P09	25	14	CS51	R1	-0.00775906734367228	0	14
P09	25	15	CS51	R2	-0.00128048217791217	0	12
P09	25	16	CS53	R1	-0.0014172379283494	0	12
P09	25	17	CS53	R2	0.00324672512760699	0	8
P09	25	18	CS54	R1	0.0015480276382572	0	7
P09	25	19	CS54	R2	0.00333280462861597	0	7
P09	25	20	CS55	R1	-0.000431321790403812	0	14
P09	25	21	CS55	R2	-0.00967251512824955	0	14
P09	25	22	CS56	R1	-2.21940806128249e-05	0	12
P09	25	23	CS56	R2	-0.00907251051640816	0	12
P09	25	24	CS57	R1	0.0018583141280183	0	12
P09	25	25	CS57	R2	0.00535590650106131	0	12
P09	25	26	CS58	R1	-0.00144208299549371	0	7
P09	25	27	CS60	R1	0.00148748445701685	0	14
P09	25	28	CS62	R1	-0.00616342112533978	0	7
P09	25	29	CS62	R2	0.00310754173780181	0	7
P09	26	1	CS41	R1	-0.00378782090113646	0	14
P09	26	2	CS41	R2	0.0065120653539472	0	14
P09	26	3	CS42	R1	-0.00132275704328642	0	14
P09	26	4	CS42	R2	-0.0050954316270396	0	14
P09	26	5	CS43	R1	0.0038324178140253	0	14
P09	26	6	CS43	R2	0.00457178784715407	0	14
P09	26	7	CS44	R1	-0.0059344530641803	0	14
P09	26	8	CS47	R1	0.00236901669312597	0	14
P09	26	9	CS47	R2	0.000827023726760016	0	14
P09	26	10	CS48	R1	0.00539502935662098	0	14
P09	26	11	CS48	R2	-0.00513383137902545	0	14
P09	26	12	CS49	R1	0.000354506841759596	0	12
P09	26	13	CS49	R2	-0.00033229754665529	0	14
P09	26	14	CS51	R1	0.00203883049236399	0	14
P09	26	15	CS51	R2	0.0120553501710459	0	12
P09	26	16	CS53	R1	-0.00249755204536044	0	12
P09	26	17	CS53	R2	0.000134924927811025	0	8
P09	26	18	CS54	R1	0.00577335090287539	0	7
P09	26	19	CS54	R2	-0.00446675542357589	0	7
P09	26	20	CS55	R1	-0.00606553668903509	0	14
P09	26	21	CS55	R2	0.00625190765791599	0	14
P09	26	22	CS56	R1	-0.0148609556526636	0	12
P09	26	23	CS56	R2	0.00432452465404606	0	12
P09	26	24	CS57	R1	0.00477020646868749	0	12
P09	26	25	CS57	R2	-0.001346156359892	0	12
P09	26	26	CS58	R1	0.00424184924661074	0	7
P09	26	27	CS60	R1	0.00477928461431281	0	14
P09	26	28	CS62	R1	-0.00519191324695959	0	7
P09	26	29	CS62	R2	-0.0153199226692077	0	7
P09	27	1	CS41	R1	-0.00502536499135607	0	14
P09	27	2	CS41	R2	-0.000348720623268977	0	14
P09	27	3	CS42	R1	-0.00966327205069168	0	14
P09	27	4	CS42	R2	0.00441914915252529	0	14
P09	27	5	CS43	R1	0.00859069788752696	0	14
P09	27	6	CS43	R2	0.00303695072809981	0	14
P09	27	7	CS44	R1	0.00265781561455123	0	14
P09	27	8	CS47	R1	0.0130046990071249	0	14
P09	27	9	CS47	R2	-0.00574849144628025	0	14
P09	27	10	CS48	R1	-0.00786676368471716	0	14
P09	27	11	CS48	R2	0.000442041080224782	0	14
P09	27	12	CS49	R1	0.00571336099787553	0	12
P09	27	13	CS49	R2	-0.00357868302561178	0	14
P09	27	14	CS51	R1	0.00494668029599955	0	14
P09	27	15	CS51	R2	-0.00665993511631928	0	12
P09	27	16	CS53	R1	0.00365174481010331	0	12
P09	27	17	CS53	R2	-0.00561093265458286	0	8
P09	27	18	CS54	R1	0.0071911137845159	0	7
P09	27	19	CS54	R2	-0.000636384784635157	0	7
P09	27	20	CS55	R1	-0.00491595903991636	0	14
P09	27	21	CS55	R2	-0.0089148534059359	0	14
P09	27	22	CS56	R1	1.59918204144957e-05	0	12
P09	27	23	CS56	R2	0.00641293900996718	0	12
P09	27	24	CS57	R1	0.00431063499324563	0	12
P09	27	25	CS57	R2	0.00254313877978318	0	12
P09	27	26	CS58	R1	0.00253249692531446	0	7
P09	27	27	CS60	R1	-0.0090809351488044	0	14
P09	27	28	CS62	R1	-0.00636585944731086	0	7
P09	27	29	CS62	R2	0.00597031504122639	0	7
P09	28	1	CS41	R1	-0.00421357948489373	0	14
P09	28	2	CS41	R2	0.00554450260906601	0	14
P09	28	3	CS42	R1	0.00480586051828583	0	14
P09	28	4	CS42	R2	0.0089350924977779	0	14
P09	28	5	CS43	R1	-0.00281484846252576	0	14
P09	28	6	CS43	R2	-0.00776414595411845	0	14
P09	28	7	CS44	R1	0.00485555884022511	0	14
P09	28	8	CS47	R1	0.0035071991163416	0	14
P09	28	9	CS47	R2	-0.00080627866184753	0	14
P09	28	10	CS48	R1	0.00688005827270033	0	14
P09	28	11	CS48	R2	-0.00207087499131703	0	14
P09	28	12	CS49	R1	0.00585154281960072	0	12
P09	28	13	CS49	R2	-0.00717098874073951	0	14
P09	28	14	CS51	R1	0.00185233487532623	0	14
P09	28	15	CS51	R2	0.00112022920847745	0	12
P09	28	16	CS53	R1	0.003036031716409	0	12
P09	28	17	CS53	R2	-0.00328089112857931	0	8
P09	28	18	CS54	R1	-0.000677523370151259	0	7
P09	28	19	CS54	R2	-0.000440788603336998	0	7
P09	28	20	CS55	R1	0.000153356036902817	0	14
P09	28	21	CS55	R2	-0.00895040923645864	0	14
P09	28	22	CS56	R1	-0.00540906619493176	0	12
P09	28	23	CS56	R2	-0.00910294293402907	0	12
P09	28	24	CS57	R1	-0.00143025450584671	0	12
P09	28	25	CS57	R2	0.00042773873742738	0	12
P09	28	26	CS58	R1	0.00188903154717019	0	7
P09	28	27	CS60	R1	0.00438866381625416	0	14
P09	28	28	CS62	R1	-0.000207313300225992	0	7
P09	28	29	CS62	R2	-0.00325606358776736	0	7
P09	29	1	CS41	R1	0.000824217710929008	0	14
P09	29	2	CS41	R2	0.00794725031066596	0	14
P09	29	3	CS42	R1	0.00632624686627823	0	14
P09	29	4	CS42	R2	0.00572748764171186	0	14
P09	29	5	CS43	R1	-0.00504468983356312	0	14
P09	29	6	CS43	R2	0.0085768833151032	0	14
P09	29	7	CS44	R1	-0.00356397365215598	0	14
P09	29	8	CS47	R1	0.00485047486955785	0	14
P09	29	9	CS47	R2	-0.00889619605956942	0	14
P09	29	10	CS48	R1	-0.00771002422659003	0	14
P09	29	11	CS48	R2	-0.00680780044108857	0	14
P09	29	12	CS49	R1	0.00323436082066776	0	12
P09	29	13	CS49	R2	0.00877475010408975	0	14
P09	29	14	CS51	R1	0.00046035686108219	0	14
P09	29	15	CS51	R2	0.00885233455418009	0	12
P09	29	16	CS53	R1	-0.000793186093815712	0	12
P09	29	17	CS53	R2	0.002201559271478	0	8
P09	29	18	CS54	R1	0.00609418609286794	0	7
P09	29	19	CS54	R2	0.011121129769256	0	7
P09	29	20	CS55	R1	-0.0106823790761139	0	14
P09	29	21	CS55	R2	-9.04493657500411e-05	0	14
P09	29	22	CS56	R1	-0.000739559631445808	0	12
P09	29	23	CS56	R2	-0.00265609524157326	0	12
P09	29	24	CS57	R1	0.000905509111766215	0	12
P09	29	25	CS57	R2	-0.000784196082295833	0	12
P09	29	26	CS58	R1	0.000371988255910165	0	7
P09	29	27	CS60	R1	0.0027123560155734	0	14
P09	29	28	CS62	R1	-0.00253284603683758	0	7
P09	29	29	CS62	R2	-0.00355097655638466	0	7
P09	30	1	CS41	R1	0.00576213063063695	0	14
P09	30	2	CS41	R2	0.00328422111290836	0	14
P09	30	3	CS42	R1	-0.00784758063867251	0	14
P09	30	4	CS42	R2	0.0017790904481802	0	14
P09	30	5	CS43	R1	-0.00972787051376314	0	14
P09	30	6	CS43	R2	0.00338014554751261	0	14
P09	30	7	CS44	R1	-0.00373132689773213	0	14
P09	30	8	CS47	R1	-0.00121080470728179	0	14
P09	30	9	CS47	R2	0.00139844568113238	0	14
P09	30	10	CS48	R1	0.0135636949487765	0	14
P09	30	11	CS48	R2	0.00159102739828229	0	14
P09	30	12	CS49	R1	0.00613797879614077	0	12
P09	30	13	CS49	R2	0.0056629760099291	0	14
P09	30	14	CS51	R1	0.00574328710408683	0	14
P09	30	15	CS51	R2	0.00559670401635978	0	12
P09	30	16	CS53	R1	0.00287384416369887	0	12
P09	30	17	CS53	R2	-0.0022462421707711	0	8
P09	30	18	CS54	R1	0.00290978612486237	0	7
P09	30	19	CS54	R2	-0.0041081167314863	0	7
P09	30	20	CS55	R1	-0.00792811879331407	0	14
P09	30	21	CS55	R2	0.00575988071939352	0	14
P09	30	22	CS56	R1	-0.00532998759158823	0	12
P09	30	23	CS56	R2	-0.0159449741612144	0	12
P09	30	24	CS57	R1	0.000585700685487964	0	12
P09	30	25	CS57	R2	-0.00777871484748825	0	12
P09	30	26	CS58	R1	-0.00556729246428277	0	7
P09	30	27	CS60	R1	-0.0087559255425898	0	14
P09	30	28	CS62	R1	-0.0125507980321275	0	7
P09	30	29	CS62	R2	0.00530348822394963	0	7
P09	31	1	CS41	R1	0.00020990466435228	0	14
P09	31	2	CS41	R2	0.000759412743542947	0	14
P09	31	3	CS42	R1	0.000423137426886734	0	14
P09	31	4	CS42	R2	-0.00316150304400897	0	14
P09	31	5	CS43	R1	-0.00120394303984206	0	14
P09	31	6	CS43	R2	-0.00150167927224591	0	14
P09	31	7	CS44	R1	-0.000529127125861297	0	14
P09	31	8	CS47	R1	0.00277786860989317	0	14
P09	31	9	CS47	R2	0.00390734918661966	0	14
P09	31	10	CS48	R1	-0.0134508006993084	0	14
P09	31	11	CS48	R2	-0.00884377406662737	0	14
P09	31	12	CS49	R1	-0.00653895086834851	0	12
P09	31	13	CS49	R2	-0.000892720138192825	0	14
P09	31	14	CS51	R1	-0.00119279563018865	0	14
P09	31	15	CS51	R2	-0.00391854198778865	0	12
P09	31	16	CS53	R1	6.96669856483948e-05	0	12
P09	31	17	CS53	R2	-0.0109309699959357	0	8
P09	31	18	CS54	R1	0.00501720409917995	0	7
P09	31	19	CS54	R2	-0.00323233325157212	0	7
P09	31	20	CS55	R1	-0.000323625795018147	0	14
P09	31	21	CS55	R2	-0.00544341719200047	0	14
P09	31	22	CS56	R1	-0.0132606891437978	0	12
P09	31	23	CS56	R2	-0.00266703796114343	0	12
P09	31	24	CS57	R1	-0.0076342134219954	0	12
P09	31	25	CS57	R2	-0.000889999166720337	0	12
P09	31	26	CS58	R1	0.00246877007257906	0	7
P09	31	27	CS60	R1	-0.00947369378218962	0	14
P09	31	28	CS62	R1	0.0101732086675082	0	7
P09	31	29	CS62	R2	0.00183535354304528	0	7
P09	32	1	CS41	R1	-0.00342923833199709	0	14
P09	32	2	CS41	R2	0.0112986633491803	0	14
P09	32	3	CS42	R1	0.00827881458148122	0	14
P09	32	4	CS42	R2	-0.00872279248886917	0	14
P09	32	5	CS43	R1	0.00212497848069367	0	14
P09	32	6	CS43	R2	-0.00208339136858555	0	14
P09	32	7	CS44	R1	-0.00203104030168328	0	14
P09	32	8	CS47	R1	0.00186921962476896	0	14
P09	32	9	CS47	R2	0.00466383695932088	0	14
P09	32	10	CS48	R1	-0.00277625240246059	0	14
P09	32	11	CS48	R2	-4.18765830788856e-05	0	14
P09	32	12	CS49	R1	0.00465441444701878	0	12
P09	32	13	CS49	R2	-0.00442080941493357	0	14
P09	32	14	CS51	R1	-0.0140373765906047	0	14
P09	32	15	CS51	R2	0.012888271735607	0	12
P09	32	16	CS53	R1	0.000482357933502385	0	12
P09	32	17	CS53	R2	0.014187839875279	0	8
P09	32	18	CS54	R1	0.00541967179007268	0	7
P09	32	19	CS54	R2	-0.0129239057157035	0	7
P09	32	20	CS55	R1	0.00461555640960364	0	14
P09	32	21	CS55	R2	-0.00358439768722751	0	14
P09	32	22	CS56	R1	-0.0102729832562518	0	12
P09	32	23	CS56	R2	0.0162842932446319	0	12
P09	32	24	CS57	R1	0.00174609251055854	0	12
P09	32	25	CS57	R2	-0.00569892671931027	0	12
P09	32	26	CS58	R1	-0.00744530078796324	0	7
P09	32	27	CS60	R1	-0.00524541187806826	0	14
P09	32	28	CS62	R1	-0.00835584012076483	0	7
P09	32	29	CS62	R2	0.00339302334441741	0	7
P09	33	1	CS41	R1	0.00435825520457732	0	14
P09	33	2	CS41	R2	-0.00824671869085843	0	14
P09	33	3	CS42	R1	-0.00234565710080686	0	14
P09	33	4	CS42	R2	-0.00268017365192769	0	14
P09	33	5	CS43	R1	0.00224314986484408	0	14
P09	33	6	CS43	R2	0.000232547026610052	0	14
P09	33	7	CS44	R1	0.0027987424275699	0	14
P09	33	8	CS47	R1	-0.00831052201634638	0	14
P09	33	9	CS47	R2	-0.00171251028565174	0	14
P09	33	10	CS48	R1	0.00195352170833346	0	14
P09	33	11	CS48	R2	-0.00365450252733225	0	14
P09	33	12	CS49	R1	0.00233461833159228	0	12
P09	33	13	CS49	R2	0.000334367138777405	0	14
P09	33	14	CS51	R1	-0.00344834087544271	0	14
P09	33	15	CS51	R2	0.000703778046715137	0	12
P09	33	16	CS53	R1	0.00480521171232084	0	12
P09	33	17	CS53	R2	-0.000631230268595618	0	8
P09	33	18	CS54	R1	0.00395000781911714	0	7
P09	33	19	CS54	R2	0.001379910141758	0	7
P09	33	20	CS55	R1	0.000497041222041471	0	14
P09	33	21	CS55	R2	0.00611982804015879	0	14
P09	33	22	CS56	R1	-0.0006253200482084	0	12
P09	33	23	CS56	R2	-0.00962902969007755	0	12
P09	33	24	CS57	R1	-0.000559666878176251	0	12
P09	33	25	CS57	R2	-0.00883078904032827	0	12
P09	33	26	CS58	R1	0.00269603399477591	0	7
P09	33	27	CS60	R1	-0.00149620726364008	0	14
P09	33	28	CS62	R1	-0.00940052810613216	0	7
P09	33	29	CS62	R2	-0.0179594583714097	0	7
P09	34	1	CS41	R1	0.00131882436550466	0	14
P09	34	2	CS41	R2	-0.00375790572765922	0	14
P09	34	3	CS42	R1	0.0126579303233872	0	14
P09	34	4	CS42	R2	0.00220359580023576	0	14
P09	34	5	CS43	R1	0.00621911699307879	0	14
P09	34	6	CS43	R2	-0.00354992408154291	0	14
P09	34	7	CS44	R1	0.00970897789699092	0	14
P09	34	8	CS47	R1	0.000917129969572357	0	14
P09	34	9	CS47	R2	0.0132796387444101	0	14
P09	34	10	CS48	R1	0.00317007695951039	0	14
P09	34	11	CS48	R2	0.000831536782950196	0	14
P09	34	12	CS49	R1	0.000455494906671631	0	12
P09	34	13	CS49	R2	0.00417121896679633	0	14
P09	34	14	CS51	R1	0.00201000987925831	0	14
P09	34	15	CS51	R2	0.00422614049278022	0	12
P09	34	16	CS53	R1	0.000266872994416393	0	12
P09	34	17	CS53	R2	0.00872558708273661	0	8
P09	34	18	CS54	R1	-0.0131468609522767	0	7
P09	34	19	CS54	R2	0.00881670547829108	0	7
P09	34	20	CS55	R1	0.0114585632565438	0	14
P09	34	21	CS55	R2	0.00454016293910932	0	14
P09	34	22	CS56	R1	-0.00248243206604875	0	12
P09	34	23	CS56	R2	-0.00682370889768538	0	12
P09	34	24	CS57	R1	-0.00147799884895986	0	12
P09	34	25	CS57	R2	0.00307875034923329	0	12
P09	34	26	CS58	R1	0.00685739951542854	0	7
P09	34	27	CS60	R1	-0.000491064867465798	0	14
P09	34	28	CS62	R1	-0.00825762024799455	0	7
P09	34	29	CS62	R2	-0.00276014825621771	0	7
P09	35	1	CS41	R1	0.0109230209958331	0	14
P09	35	2	CS41	R2	0.00751115086926088	0	14
P09	35	3	CS42	R1	0.0054646627635497	0	14
P09	35	4	CS42	R2	0.00770061302216771	0	14
P09	35	5	CS43	R1	-0.012926590114317	0	14
P09	35	6	CS43	R2	0.00806605504444415	0	14
P09	35	7	CS44	R1	0.00287151011452528	0	14
P09	35	8	CS47	R1	-0.0109380792961044	0	14
P09	35	9	CS47	R2	0.00511809876478604	0	14
P09	35	10	CS48	R1	-0.000705099606214116	0	14
P09	35	11	CS48	R2	0.00976535313396251	0	14
P09	35	12	CS49	R1	-0.000492300207550918	0	12
P09	35	13	CS49	R2	-0.010786852262046	0	14
P09	35	14	CS51	R1	-0.000583096403088164	0	14
P09	35	15	CS51	R2	0.0132804562000518	0	12
P09	35	16	CS53	R1	-0.00313740629808173	0	12
P09	35	17	CS53	R2	0.00110849587680028	0	8
P09	35	18	CS54	R1	0.00629267140674122	0	7
P09	35	19	CS54	R2	0.00574090446904522	0	7
P09	35	20	CS55	R1	0.0168879408395643	0	14
P09	35	21	CS55	R2	-0.00511756405850512	0	14
P09	35	22	CS56	R1	0.00160777918125612	0	12
P09	35	23	CS56	R2	0.00910258213544551	0	12
P09	35	24	CS57	R1	-0.0100035501135294	0	12
P09	35	25	CS57	R2	0.00680604337994106	0	12
P09	35	26	CS58	R1	0.0085120601014419	0	7
P09	35	27	CS60	R1	-0.00212404301261244	0	14
P09	35	28	CS62	R1	-0.00465678072580719	0	7
P09	35	29	CS62	R2	-0.00635036675907456	0	7
P09	36	1	CS41	R1	-0.00509391130869487	0	14
P09	36	2	CS41	R2	-0.00541559843488106	0	14
P09	36	3	CS42	R1	-0.000808079713102382	0	14
P09	36	4	CS42	R2	0.0076417241546199	0	14
P09	36	5	CS43	R1	0.0106958356738239	0	14
P09	36	6	CS43	R2	0.00334317311469589	0	14
P09	36	7	CS44	R1	0.0125390971833228	0	14
P09	36	8	CS47	R1	0.00226239276939648	0	14
P09	36	9	CS47	R2	-0.000616045591113377	0	14
P09	36	10	CS48	R1	0.00345377665617103	0	14
P09	36	11	CS48	R2	0.00842293783571955	0	14
P09	36	12	CS49	R1	0.0112660999037728	0	12
P09	36	13	CS49	R2	-0.00331088241780413	0	14
P09	36	14	CS51	R1	-0.00881543469570454	0	14
P09	36	15	CS51	R2	0.00945092741721141	0	12
P09	36	16	CS53	R1	0.00415573044529716	0	12
P09	36	17	CS53	R2	0.00430734866846715	0	8
P09	36	18	CS54	R1	-0.00773000254729811	0	7
P09	36	19	CS54	R2	-0.000967805930772833	0	7
P09	36	20	CS55	R1	0.000517070169542662	0	14
P09	36	21	CS55	R2	-0.00399209477403574	0	14
P09	36	22	CS56	R1	0.00326066917012134	0	12
P09	36	23	CS56	R2	0.00908690249837454	0	12
P09	36	24	CS57	R1	-0.00680502129900549	0	12
P09	36	25	CS57	R2	-0.0030382825054776	0	12
P09	36	26	CS58	R1	0.0148899527178507	0	7
P09	36	27	CS60	R1	0.00373721750347892	0	14
P09	36	28	CS62	R1	-0.00895964591471497	0	7
P09	36	29	CS62	R2	-0.00391304189231054	0	7
P09	37	1	CS41	R1	-0.00604841282039825	0	14
P09	37	2	CS41	R2	-0.00151015736610215	0	14
P09	37	3	CS42	R1	0.00540571614097853	0	14
P09	37	4	CS42	R2	-0.00384627224193035	0	14
P09	37	5	CS43	R1	0.000733604564760125	0	14
P09	37	6	CS43	R2	-0.00157334233192463	0	14
P09	37	7	CS44	R1	0.00762660460721958	0	14
P09	37	8	CS47	R1	0.00420924597048565	0	14
P09	37	9	CS47	R2	0.00195289694390134	0	14
P09	37	10	CS48	R1	0.0113255999817191	0	14
P09	37	11	CS48	R2	-0.00492297716717531	0	14
P09	37	12	CS49	R1	0.00421315189213518	0	12
P09	37	13	CS49	R2	0.00114201073631359	0	14
P09	37	14	CS51	R1	0.00157680700188573	0	14
P09	37	15	CS51	R2	-0.00877528154753934	0	12
P09	37	16	CS53	R1	4.549925523676e-06	0	12
P09	37	17	CS53	R2	-0.00584961503534081	0	8
P09	37	18	CS54	R1	0.0107133259658616	0	7
P09	37	19	CS54	R2	0.00445076844627687	0	7
P09	37	20	CS55	R1	-0.00525518472629796	0	14
P09	37	21	CS55	R2	0.00220227803831725	0	14
P09	37	22	CS56	R1	0.00736588822184334	0	12
P09	37	23	CS56	R2	0.00239163987820533	0	12
P09	37	24	CS57	R1	0.00795299541187633	0	12
P09	37	25	CS57	R2	0.00515410093409318	0	12
P09	37	26	CS58	R1	0.00765914697365531	0	7
P09	37	27	CS60	R1	-0.00137854381464453	0	14
P09	37	28	CS62	R1	0.00646336851092565	0	7
P09	37	29	CS62	R2	-0.0127058040113322	0	7
P09	38	1	CS41	R1	0.00826912393773384	0	14
P09	38	2	CS41	R2	0.0020330582840103	0	14
P09	38	3	CS42	R1	-0.00896965278598792	0	14
P09	38	4	CS42	R2	-0.00209173297079495	0	14
P09	38	5	CS43	R1	-0.00221297844531793	0	14
P09	38	6	CS43	R2	0.00189211481691253	0	14
P09	38	7	CS44	R1	0.00780882645059769	0	14
P09	38	8	CS47	R1	0.00769402067826586	0	14
P09	38	9	CS47	R2	0.00479172102900154	0	14
P09	38	10	CS48	R1	0.00570375768408482	0	14
P09	38	11	CS48	R2	0.00100023382970698	0	14
P09	38	12	CS49	R1	0.000395954319096143	0	12
P09	38	13	CS49	R2	0.000961350554841721	0	14
P09	38	14	CS51	R1	0.00225544652496635	0	14
P09	38	15	CS51	R2	-0.00841513920239817	0	12
P09	38	16	CS53	R1	0.00431987554698702	0	12
P09	38	17	CS53	R2	0.00632789272739812	0	8
P09	38	18	CS54	R1	0.00893289115612907	0	7
P09	38	19	CS54	R2	-0.0134126251967235	0	7
P09	38	20	CS55	R1	0.00360524927413146	0	14
P09	38	21	CS55	R2	-0.00440910882327242	0	14
P09	38	22	CS56	R1	-0.00884282739518697	0	12
P09	38	23	CS56	R2	0.000317984701762164	0	12
P09	38	24	CS57	R1	0.00877972151173275	0	12
P09	38	25	CS57	R2	0.00741178435470141	0	12
P09	38	26	CS58	R1	-0.00480525599358647	0	7
P09	38	27	CS60	R1	-0.00918300547263349	0	14
P09	38	28	CS62	R1	-0.00214846170907047	0	7
P09	38	29	CS62	R2	0.00451948424424599	0	7
P09	39	1	CS41	R1	0.00162026303707305	0	14
P09	39	2	CS41	R2	0.00492524501782764	0	14
P09	39	3	CS42	R1	0.00677750915613535	0	14
P09	39	4	CS42	R2	0.00163693343189664	0	14
P09	39	5	CS43	R1	0.00950154972783236	0	14
P09	39	6	CS43	R2	0.00161291338813679	0	14
P09	39	7	CS44	R1	-0.00351358985817531	0	14
P09	39	8	CS47	R1	0.00780915112107792	0	14
P09	39	9	CS47	R2	-0.00404430150177628	0	14
P09	39	10	CS48	R1	-0.0108765911473077	0	14
P09	39	11	CS48	R2	-0.000525871867606781	0	14
P09	39	12	CS49	R1	0.00759668256740823	0	12
P09	39	13	CS49	R2	0.00111343052919659	0	14
P09	39	14	CS51	R1	-0.00057289515645074	0	14
P09	39	15	CS51	R2	-0.013441386662063	0	12
P09	39	16	CS53	R1	-0.00815996959224508	0	12
P09	39	17	CS53	R2	-0.0115326644368579	0	8
P09	39	18	CS54	R1	-0.00312561711230976	0	7
P09	39	19	CS54	R2	0.0100936570366482	0	7
P09	39	20	CS55	R1	0.00800052379822163	0	14
P09	39	21	CS55	R2	-0.0034282401924566	0	14
P09	39	22	CS56	R1	0.00485653981683122	0	12
P09	39	23	CS56	R2	0.00101489966825497	0	12
P09	39	24	CS57	R1	-0.00208667151974317	0	12
P09	39	25	CS57	R2	0.00476600049231203	0	12
P09	39	26	CS58	R1	-0.00639669190416623	0	7
P09	39	27	CS60	R1	-0.0131869121303795	0	14
P09	39	28	CS62	R1	0.0193809835656402	0	7
P09	39	29	CS62	R2	-0.000928492723653839	0	7
P09	40	1	CS41	R1	0.00969278006720888	0	14
P09	40	2	CS41	R2	-0.00527074782202632	0	14
P09	40	3	CS42	R1	-0.003934539415319	0	14
P09	40	4	CS42	R2	-0.00304361344752566	0	14
P09	40	5	CS43	R1	-0.00753790331318732	0	14
P09	40	6	CS43	R2	0.00934114191713488	0	14
P09	40	7	CS44	R1	-0.00366348587715586	0	14
P09	40	8	CS47	R1	-0.00159002102629349	0	14
P09	40	9	CS47	R2	0.00423897929021653	0	14
P09	40	10	CS48	R1	-0.00538674307895376	0	14
P09	40	11	CS48	R2	-0.00682977794884826	0	14
P09	40	12	CS49	R1	-0.00427600043052903	0	12
P09	40	13	CS49	R2	-0.00631236685457238	0	14
P09	40	14	CS51	R1	0.000189533562418943	0	14
P09	40	15	CS51	R2	0.00286621158584385	0	12
P09	40	16	CS53	R1	-0.00156646237236214	0	12
P09	40	17	CS53	R2	0.00140823216741601	0	8
P09	40	18	CS54	R1	-0.000498908310575212	0	7
P09	40	19	CS54	R2	0.00460535349343827	0	7
P09	40	20	CS55	R1	0.000586567517615457	0	14
P09	40	21	CS55	R2	0.00105314677065547	0	14
P09	40	22	CS56	R1	-0.00110280110760066	0	12
P09	40	23	CS56	R2	0.00534363165859834	0	12
P09	40	24	CS57	R1	-0.002705562078074	0	12
P09	40	25	CS57	R2	-0.00342999560261773	0	12
P09	40	26	CS58	R1	-0.0191059498718126	0	7
P09	40	27	CS60	R1	0.0070414688718226	0	14
P09	40	28	CS62	R1	0.0152211434170609	0	7
P09	40	29	CS62	R2	0.00757761646949529	0	7
P09	41	1	CS41	R1	0.0028925328207111	0	14
P09	41	2	CS41	R2	0.0130296715374246	0	14
P09	41	3	CS42	R1	-0.00291297167435111	0	14
P09	41	4	CS42	R2	0.000745028500468618	0	14
P09	41	5	CS43	R1	-0.001176337418467	0	14
P09	41	6	CS43	R2	0.00717121096198524	0	14
P09	41	7	CS44	R1	-9.89514914805815e-05	0	14
P09	41	8	CS47	R1	-0.000236190077649722	0	14
P09	41	9	CS47	R2	-0.00668983972157056	0	14
P09	41	10	CS48	R1	0.00128694228336984	0	14
P09	41	11	CS48	R2	0.00131233269003855	0	14
P09	41	12	CS49	R1	0.00754918562647394	0	12
P09	41	13	CS49	R2	0.00702227972638819	0	14
P09	41	14	CS51	R1	-0.0005405669061179	0	14
P09	41	15	CS51	R2	-9.79759351372937e-05	0	12
P09	41	16	CS53	R1	0.00335786836797327	0	12
P09	41	17	CS53	R2	0.00478401489533397	0	8
P09	41	18	CS54	R1	-0.00131705246651522	0	7
P09	41	19	CS54	R2	0.00454365249028958	0	7
P09	41	20	CS55	R1	-0.00420310573626896	0	14
P09	41	21	CS55	R2	-0.00426901881319796	0	14
P09	41	22	CS56	R1	-0.00169159108818229	0	12
P09	41	23	CS56	R2	0.00713416596359401	0	12
P09	41	24	CS57	R1	0.0058040126156403	0	12
P09	41	25	CS57	R2	-0.0107997749235886	0	12
P09	41	26	CS58	R1	0.0073414925201678	0	7
P09	41	27	CS60	R1	0.00516118678897939	0	14
P09	41	28	CS62	R1	0.000224765529374056	0	7
P09	41	29	CS62	R2	0.0012886854576177	0	7
P09	42	1	CS41	R1	-7.14302281689684e-05	0	14
P09	42	2	CS41	R2	-0.000890052645303489	0	14
P09	42	3	CS42	R1	-0.00512061547518684	0	14
P09	42	4	CS42	R2	0.0067678252987223	0	14
P09	42	5	CS43	R1	0.00924747523131296	0	14
P09	42	6	CS43	R2	-0.00249393970244035	0	14
P09	42	7	CS44	R1	0.00138468811784297	0	14
P09	42	8	CS47	R1	-0.00562283341395023	0	14
P09	42	9	CS47	R2	0.0158367806047657	0	14
P09	42	10	CS48	R1	0.00783188637068345	0	14
P09	42	11	CS48	R2	-0.00930371047365353	0	14
P09	42	12	CS49	R1	0.00205932224163547	0	12
P09	42	13	CS49	R2	0.0049930705770164	0	14
P09	42	14	CS51	R1	-0.00078016106250263	0	14
P09	42	15	CS51	R2	-0.00743229067175637	0	12
P09	42	16	CS53	R1	-0.000384706989490569	0	12
P09	42	17	CS53	R2	0.00861337656125966	0	8
P09	42	18	CS54	R1	0.00777447565669773	0	7
P09	42	19	CS54	R2	-0.0084950567881044	0	7
P09	42	20	CS55	R1	0.00275501383584941	0	14
P09	42	21	CS55	R2	0.00399782959899079	0	14
P09	42	22	CS56	R1	0.00624327889366218	0	12
P09	42	23	CS56	R2	-0.00554932484516235	0	12
P09	42	24	CS57	R1	-0.0101154267438676	0	12
P09	42	25	CS57	R2	-0.0071387437108065	0	12
P09	42	26	CS58	R1	-0.0118935962991635	0	7
P09	42	27	CS60	R1	0.00242219244627089	0	14
P09	42	28	CS62	R1	-0.00466943903499038	0	7
P09	42	29	CS62	R2	-0.00413448298558707	0	7
P09	43	1	CS41	R1	-0.000103983215487796	0	14
P09	43	2	CS41	R2	-0.00317749533332973	0	14
P09	43	3	CS42	R1	0.00644313897982479	0	14
P09	43	4	CS42	R2	-0.00385897815974256	0	14
P09	43	5	CS43	R1	-0.00608499453943846	0	14
P09	43	6	CS43	R2	-0.0129634088776362	0	14
P09	43	7	CS44	R1	0.0118165962201169	0	14
P09	43	8	CS47	R1	0.00523476228679621	0	14
P09	43	9	CS47	R2	-0.00360453311331125	0	14
P09	43	10	CS48	R1	0.00174407557037306	0	14
P09	43	11	CS48	R2	0.000303239927054706	0	14
P09	43	12	CS49	R1	-0.00124650315832239	0	12
P09	43	13	CS49	R2	0.00612291292340865	0	14
P09	43	14	CS51	R1	-0.00674018993455713	0	14
P09	43	15	CS51	R2	-0.00331655979434065	0	12
P09	43	16	CS53	R1	0.00453373167447073	0	12
P09	43	17	CS53	R2	0.0025417347110733	0	8
P09	43	18	CS54	R1	-0.00218196612487895	0	7
P09	43	19	CS54	R2	-0.00583447874777013	0	7
P09	43	20	CS55	R1	0.00213727872758705	0	14
P09	43	21	CS55	R2	0.000522018373845393	0	14
P09	43	22	CS56	R1	-0.00590936803703597	0	12
P09	43	23	CS56	R2	-0.00757626190162585	0	12
P09	43	24	CS57	R1	-0.00147051010374943	0	12
P09	43	25	CS57	R2	0.00332482773268114	0	12
P09	43	26	CS58	R1	-0.008079654475074	0	7
P09	43	27	CS60	R1	0.00570113235165158	0	14
P09	43	28	CS62	R1	0.000754758461416823	0	7
P09	43	29	CS62	R2	-0.00799147169757553	0	7
P09	44	1	CS41	R1	-0.0112641322037658	0	14
P09	44	2	CS41	R2	-0.0078775739729619	0	14
P09	44	3	CS42	R1	0.00448450095409258	0	14
P09	44	4	CS42	R2	0.00250605546955019	0	14
P09	44	5	CS43	R1	0.000720524220885162	0	14
P09	44	6	CS43	R2	0.00599053898107526	0	14
P09	44	7	CS44	R1	-0.00533935168768579	0	14
P09	44	8	CS47	R1	-0.000541437496610173	0	14
P09	44	9	CS47	R2	-0.00255444733256606	0	14
P09	44	10	CS48	R1	0.0044599851904272	0	14
P09	44	11	CS48	R2	0.00231050198813963	0	14
P09	44	12	CS49	R1	-0.00513853215570416	0	12
P09	44	13	CS49	R2	0.0033310485929176	0	14
P09	44	14	CS51	R1	0.00481295188514629	0	14
P09	44	15	CS51	R2	0.00434895929707365	0	12
P09	44	16	CS53	R1	0.00213516738321317	0	12
P09	44	17	CS53	R2	0.00683952472052596	0	8
P09	44	18	CS54	R1	-0.0086716981894172	0	7
P09	44	19	CS54	R2	0.0046947261563304	0	7
P09	44	20	CS55	R1	0.00244636414046192	0	14
P09	44	21	CS55	R2	-0.00660683538391295	0	14
P09	44	22	CS56	R1	-0.00762149755199871	0	12
P09	44	23	CS56	R2	-0.00179175390497039	0	12
P09	44	24	CS57	R1	-0.00404301897017094	0	12
P09	44	25	CS57	R2	0.00132559984311327	0	12
P09	44	26	CS58	R1	0.00410386479810911	0	7
P09	44	27	CS60	R1	0.000984914759989294	0	14
P09	44	28	CS62	R1	-0.0121821825432076	0	7
P09	44	29	CS62	R2	0.0298855150795265	0	7
P09	45	1	CS41	R1	-0.00571833918010371	0	14
P09	45	2	CS41	R2	-0.000461085716184831	0	14
P09	45	3	CS42	R1	0.00558734537200063	0	14
P09	45	4	CS42	R2	0.00257280908000138	0	14
P09	45	5	CS43	R1	-0.00997626019587979	0	14
P09	45	6	CS43	R2	0.00393864064566473	0	14
P09	45	7	CS44	R1	0.00658799946315121	0	14
P09	45	8	CS47	R1	-0.0146824524948926	0	14
P09	45	9	CS47	R2	0.00914814864339126	0	14
P09	45	10	CS48	R1	-0.0137483522323452	0	14
P09	45	11	CS48	R2	-0.00985368895744144	0	14
P09	45	12	CS49	R1	-0.00154201925907731	0	12
P09	45	13	CS49	R2	-0.00679364605816387	0	14
P09	45	14	CS51	R1	-0.00385717820930521	0	14
P09	45	15	CS51	R2	-0.00765982003120796	0	12
P09	45	16	CS53	R1	0.0017347924862652	0	12
P09	45	17	CS53	R2	-0.00512663091544901	0	8
P09	45	18	CS54	R1	0.000712297629782838	0	7
P09	45	19	CS54	R2	0.00691159576416519	0	7
P09	45	20	CS55	R1	-0.00186351301050607	0	14
P09	45	21	CS55	R2	0.00239362476816365	0	14
P09	45	22	CS56	R1	-0.0132955980722695	0	12
P09	45	23	CS56	R2	-0.00206054890251944	0	12
P09	45	24	CS57	R1	0.00592938226277926	0	12
P09	45	25	CS57	R2	-0.00254028739490711	0	12
P09	45	26	CS58	R1	0.005153694645988	0	7
P09	45	27	CS60	R1	0.0127046894386234	0	14
P09	45	28	CS62	R1	0.0144849061886016	0	7
P09	45	29	CS62	R2	-0.0104127079064604	0	7
P09	46	1	CS41	R1	0.000458561928974619	0	14
P09	46	2	CS41	R2	-0.00243341245175694	0	14
P09	46	3	CS42	R1	-0.000360612535875696	0	14
P09	46	4	CS42	R2	-0.000839007941401727	0	14
P09	46	5	CS43	R1	-0.000910253455597382	0	14
P09	46	6	CS43	R2	-0.0114016278882925	0	14
P09	46	7	CS44	R1	-0.000262539117551739	0	14
P09	46	8	CS47	R1	0.000393247172540473	0	14
P09	46	9	CS47	R2	-0.0124452708189944	0	14
P09	46	10	CS48	R1	-0.014892496138152	0	14
P09	46	11	CS48	R2	0.00104733872284481	0	14
P09	46	12	CS49	R1	0.00168821008389365	0	12
P09	46	13	CS49	R2	-0.0107391644163416	0	14
P09	46	14	CS51	R1	0.000292166209555602	0	14
P09	46	15	CS51	R2	-0.00224237412435491	0	12
P09	46	16	CS53	R1	-0.000830378101518769	0	12
P09	46	17	CS53	R2	-0.00629465914353581	0	8
P09	46	18	CS54	R1	0.00496122896085265	0	7
P09	46	19	CS54	R2	0.000970244912383219	0	7
P09	46	20	CS55	R1	0.00556542359620216	0	14
P09	46	21	CS55	R2	0.0110158546472393	0	14
P09	46	22	CS56	R1	0.00221384623303192	0	12
P09	46	23	CS56	R2	-0.000706698064533241	0	12
P09	46	24	CS57	R1	-0.00796087784186136	0	12
P09	46	25	CS57	R2	-0.00550640149302232	0	12
P09	46	26	CS58	R1	-0.0064538764329791	0	7
P09	46	27	CS60	R1	-4.67503412758115e-05	0	14
P09	46	28	CS62	R1	-0.00440828333675128	0	7
P09	46	29	CS62	R2	0.000203063377209221	0	7
P09	47	1	CS41	R1	0.00224612587792803	0	14
P09	47	2	CS41	R2	-0.000305125048568681	0	14
P09	47	3	CS42	R1	0.0104183354945835	0	14
P09	47	4	CS42	R2	-0.000472475696560864	0	14
P09	47	5	CS43	R1	0.0080211809206169	0	14
P09	47	6	CS43	R2	-0.00250242060859767	0	14
P09	47	7	CS44	R1	-0.0121832840704495	0	14
P09	47	8	CS47	R1	0.00630841605600725	0	14
P09	47	9	CS47	R2	-0.0067829613917301	0	14
P09	47	10	CS48	R1	-0.00538717457440891	0	14
P09	47	11	CS48	R2	-0.00571987890637331	0	14
P09	47	12	CS49	R1	0.00284441477264277	0	12
P09	47	13	CS49	R2	-0.00489024210361745	0	14
P09	47	14	CS51	R1	-1.62509167671147e-05	0	14
P09	47	15	CS51	R2	0.00153357146973648	0	12
P09	47	16	CS53	R1	-0.00086806600906706	0	12
P09	47	17	CS53	R2	0.000353611513941406	0	8
P09	47	18	CS54	R1	-0.00222269393753652	0	7
P09	47	19	CS54	R2	0.00806189995879684	0	7
P09	47	20	CS55	R1	-0.00562290256145257	0	14
P09	47	21	CS55	R2	0.00756388164060296	0	14
P09	47	22	CS56	R1	-0.00938699785593113	0	12
P09	47	23	CS56	R2	0.00683838370313389	0	12
P09	47	24	CS57	R1	-0.00857357268591915	0	12
P09	47	25	CS57	R2	-0.00422227318198824	0	12
P09	47	26	CS58	R1	0.00727979393608038	0	7
P09	47	27	CS60	R1	-0.000273749239258617	0	14
P09	47	28	CS62	R1	-0.00337808969046244	0	7
P09	47	29	CS62	R2	-0.00609520137837827	0	7
P09	48	1	CS41	R1	0.00906545758122166	0	14
P09	48	2	CS41	R2	0.00425849588988508	0	14
P09	48	3	CS42	R1	-0.0110156930889857	0	14
P09	48	4	CS42	R2	-0.0053667593256952	0	14
P09	48	5	CS43	R1	0.000854696729687322	0	14
P09	48	6	CS43	R2	-0.00185942151849118	0	14
P09	48	7	CS44	R1	-0.00889658428662695	0	14
P09	48	8	CS47	R1	-0.00639250042933893	0	14
P09	48	9	CS47	R2	0.00280764839779554	0	14
P09	48	10	CS48	R1	-0.000299699958813219	0	14
P09	48	11	CS48	R2	0.0128919989565621	0	14
P09	48	12	CS49	R1	-0.0150225860702618	0	12
P09	48	13	CS49	R2	-0.00375258420649019	0	14
P09	48	14	CS51	R1	-0.00940965756121701	0	14
P09	48	15	CS51	R2	0.00961732443411525	0	12
P09	48	16	CS53	R1	0.00640240869469604	0	12
P09	48	17	CS53	R2	-0.00184893783735273	0	8
P09	48	18	CS54	R1	0.00749508616596556	0	7
P09	48	19	CS54	R2	-0.00811287425223208	0	7
P09	48	20	CS55	R1	-0.0110996381349283	0	14
P09	48	21	CS55	R2	0.0069358191003563	0	14
P09	48	22	CS56	R1	0.0077559343511686	0	12
P09	48	23	CS56	R2	0.00425233582274134	0	12
P09	48	24	CS57	R1	0.00598739577744434	0	12
P09	48	25	CS57	R2	0.00449675117191048	0	12
P09	48	26	CS58	R1	0.00398381405718416	0	7
P09	48	27	CS60	R1	-0.00271308401447256	0	14
P09	48	28	CS62	R1	0.000730529137824041	0	7
P09	48	29	CS62	R2	-0.00475071430901869	0	7
P09	49	1	CS41	R1	0.0064066854995982	0	14
P09	49	2	CS41	R2	-0.0127234795779143	0	14
P09	49	3	CS42	R1	-0.00305851158624142	0	14
P09	49	4	CS42	R2	-0.000279276962157834	0	14
P09	49	5	CS43	R1	2.2451997914615e-05	0	14
P09	49	6	CS43	R2	0.00434866743815722	0	14
P09	49	7	CS44	R1	0.00827580216084158	0	14
P09	49	8	CS47	R1	-0.00215107871806644	0	14
P09	49	9	CS47	R2	-0.0126094531122899	0	14
P09	49	10	CS48	R1	0.00326794613691348	0	14
P09	49	11	CS48	R2	-0.00289604834032197	0	14
P09	49	12	CS49	R1	0.00291434437561943	0	12
P09	49	13	CS49	R2	-0.00324315852655314	0	14
P09	49	14	CS51	R1	-0.00221511710241176	0	14
P09	49	15	CS51	R2	-0.00371131480748829	0	12
P09	49	16	CS53	R1	-0.00404372114861235	0	12
P09	49	17	CS53	R2	-0.00595290663301108	0	8
P09	49	18	CS54	R1	0.0137449297994033	0	7
P09	49	19	CS54	R2	0.00444310056793864	0	7
P09	49	20	CS55	R1	0.00658690966746344	0	14
P09	49	21	CS55	R2	0.0069349909956563	0	14
P09	49	22	CS56	R1	-0.00779882928368778	0	12
P09	49	23	CS56	R2	-0.0105315928383819	0	12
P09	49	24	CS57	R1	-0.00333030852142487	0	12
P09	49	25	CS57	R2	0.013981606332323	0	12
P09	49	26	CS58	R1	0.0117917750975592	0	7
P09	49	27	CS60	R1	-0.00634354091834498	0	14
P09	49	28	CS62	R1	0.00483619837481812	0	7
P09	49	29	CS62	R2	0.00635586932458718	0	7
P09	50	1	CS41	R1	0.00202813397773246	0	14
P09	50	2	CS41	R2	-0.00559497617877883	0	14
P09	50	3	CS42	R1	0.000591074717279451	0	14
P09	50	4	CS42	R2	-0.00245183547629933	0	14
P09	50	5	CS43	R1	0.000261036666802408	0	14
P09	50	6	CS43	R2	0.00158766326983787	0	14
P09	50	7	CS44	R1	0.00325218393108388	0	14
P09	50	8	CS47	R1	0.000270067847557043	0	14
P09	50	9	CS47	R2	-0.00412750648218901	0	14
P09	50	10	CS48	R1	0.00329553073254864	0	14
P09	50	11	CS48	R2	0.00213737781163037	0	14
P09	50	12	CS49	R1	0.00168143300054023	0	12
P09	50	13	CS49	R2	0.00254740997289441	0	14
P09	50	14	CS51	R1	-0.00274427601552221	0	14
P09	50	15	CS51	R2	-0.00537745973250871	0	12
P09	50	16	CS53	R1	-0.000355831837913566	0	12
P09	50	17	CS53	R2	-0.000405217345312745	0	8
P09	50	18	CS54	R1	0.000753016160444086	0	7
P09	50	19	CS54	R2	0.00353292396929864	0	7
P09	50	20	CS55	R1	5.52982008797803e-05	0	14
P09	50	21	CS55	R2	-0.00216017063843879	0	14
P09	50	22	CS56	R1	-0.0120737460138088	0	12
P09	50	23	CS56	R2	0.0115681415526842	0	12
P09	50	24	CS57	R1	0.00601045902430486	0	12
P09	50	25	CS57	R2	-0.0024899454501632	0	12
P09	50	26	CS58	R1	-0.00867927861421386	0	7
P09	50	27	CS60	R1	-0.000916052956511434	0	14
P09	50	28	CS62	R1	0.0127605643506899	0	7
P09	50	29	CS62	R2	-0.00434325915912153	0	7
P09	51	1	CS41	R1	0.0147444707742181	0	14
P09	51	2	CS41	R2	0.00364960496054991	0	14
P09	51	3	CS42	R1	-0.00103355445460713	0	14
P09	51	4	CS42	R2	0.0014881306825491	0	14
P09	51	5	CS43	R1	0.00301617108149368	0	14
P09	51	6	CS43	R2	-0.000159783896112412	0	14
P09	51	7	CS44	R1	-0.000365289585091465	0	14
P09	51	8	CS47	R1	-0.00790438459217481	0	14
P09	51	9	CS47	R2	0.00545618293299823	0	14
P09	51	10	CS48	R1	0.00194397238341588	0	14
P09	51	11	CS48	R2	0.00022935161533565	0	14
P09	51	12	CS49	R1	0.00117797161583711	0	12
P09	51	13	CS49	R2	0.00425676909608349	0	14
P09	51	14	CS51	R1	-0.00428852373515169	0	14
P09	51	15	CS51	R2	0.0100682891866978	0	12
P09	51	16	CS53	R1	-0.00539079078862242	0	12
P09	51	17	CS53	R2	-0.00629130605096606	0	8
P09	51	18	CS54	R1	-0.0130742187536381	0	7
P09	51	19	CS54	R2	-0.00146462134741278	0	7
P09	51	20	CS55	R1	0.000810710294735917	0	14
P09	51	21	CS55	R2	0.00118984208062867	0	14
P09	51	22	CS56	R1	-0.00590380955653278	0	12
P09	51	23	CS56	R2	-0.00753244545280099	0	12
P09	51	24	CS57	R1	-0.00644144844880245	0	12
P09	51	25	CS57	R2	0.00548697009352237	0	12
P09	51	26	CS58	R1	0.00141212667018215	0	7
P09	51	27	CS60	R1	-0.00796172081433799	0	14
P09	51	28	CS62	R1	0.0109032721243052	0	7
P09	51	29	CS62	R2	-0.00546201036589314	0	7
P09	52	1	CS41	R1	-0.000510474959871892	0	14
P09	52	2	CS41	R2	-0.0112521424356901	0	14
P09	52	3	CS42	R1	-0.0100307082739768	0	14
P09	52	4	CS42	R2	0.00467414260493849	0	14
P09	52	5	CS43	R1	-0.00378309533820412	0	14
P09	52	6	CS43	R2	0.00511966010993031	0	14
P09	52	7	CS44	R1	-0.00221194691472241	0	14
P09	52	8	CS47	R1	-0.0114218092801152	0	14
P09	52	9	CS47	R2	0.00188491390220686	0	14
P09	52	10	CS48	R1	0.00647784468387744	0	14
P09	52	11	CS48	R2	0.000561709770441972	0	14
P09	52	12	CS49	R1	0.00493630514503855	0	12
P09	52	13	CS49	R2	0.00549358511408755	0	14
P09	52	14	CS51	R1	-0.00363036320564057	0	14
P09	52	15	CS51	R2	-0.0056677553915137	0	12
P09	52	16	CS53	R1	0.00807306086988337	0	12
P09	52	17	CS53	R2	-0.00808615035711541	0	8
P09	52	18	CS54	R1	-0.00484522817632107	0	7
P09	52	19	CS54	R2	0.00272565130229729	0	7
P09	52	20	CS55	R1	-0.00255457466535373	0	14
P09	52	21	CS55	R2	-0.0012212145173452	0	14
P09	52	22	CS56	R1	0.0164229514230835	0	12
P09	52	23	CS56	R2	-0.00500487793677561	0	12
P09	52	24	CS57	R1	-0.00435042297505851	0	12
P09	52	25	CS57	R2	0.013483391739599	0	12
P09	52	26	CS58	R1	-0.00340609677197137	0	7
P09	52	27	CS60	R1	0.00361361371677457	0	14
P09	52	28	CS62	R1	0.0118891948397935	0	7
P09	52	29	CS62	R2	-0.011522564784055	0	7
P09	53	1	CS41	R1	0.00858964661376674	0	14
P09	53	2	CS41	R2	-0.00562473428134364	0	14
P09	53	3	CS42	R1	-0.0131774003742268	0	14
P09	53	4	CS42	R2	0.00208811742875911	0	14
P09	53	5	CS43	R1	0.000985267257991422	0	14
P09	53	6	CS43	R2	-0.0054657668829879	0	14
P09	53	7	CS44	R1	-0.00736020876090528	0	14
P09	53	8	CS47	R1	-0.00701531376670966	0	14
P09	53	9	CS47	R2	-0.000456158759450674	0	14
P09	53	10	CS48	R1	0.00690448205167246	0	14
P09	53	11	CS48	R2	0.00418107648732172	0	14
P09	53	12	CS49	R1	-0.00454043866357877	0	12
P09	53	13	CS49	R2	-0.00828548708019895	0	14
P09	53	14	CS51	R1	0.00451466494562138	0	14
P09	53	15	CS51	R2	-0.00208688995230991	0	12
P09	53	16	CS53	R1	-0.000826411070615153	0	12
P09	53	17	CS53	R2	-0.00408211071999966	0	8
P09	53	18	CS54	R1	-0.00453046980936894	0	7
P09	53	19	CS54	R2	0.0116431865746606	0	7
P09	53	20	CS55	R1	0.00676669176021318	0	14
P09	53	21	CS55	R2	0.00331575699487031	0	14
P09	53	22	CS56	R1	0.00247326718050894	0	12
P09	53	23	CS56	R2	-0.00262561488876028	0	12
P09	53	24	CS57	R1	-0.0025463450412311	0	12
P09	53	25	CS57	R2	-0.000114399529778006	0	12
P09	53	26	CS58	R1	0.00162114925243714	0	7
P09	53	27	CS60	R1	-0.00255133895492466	0	14
P09	53	28	CS62	R1	-0.0134548831583473	0	7
P09	53	29	CS62	R2	-0.0166640234039225	0	7
P09	54	1	CS41	R1	-0.00271266942237802	0	14
P09	54	2	CS41	R2	0.0107506004489526	0	14
P09	54	3	CS42	R1	-0.00973911395518858	0	14
P09	54	4	CS42	R2	-0.00802301751773505	0	14
P09	54	5	CS43	R1	0.00308225579650923	0	14
P09	54	6	CS43	R2	0.00705479655231377	0	14
P09	54	7	CS44	R1	-0.0020001495608734	0	14
P09	54	8	CS47	R1	0.00157654016324573	0	14
P09	54	9	CS47	R2	-0.000304131659238746	0	14
P09	54	10	CS48	R1	-0.00736265036998748	0	14
P09	54	11	CS48	R2	0.00529857084659441	0	14
P09	54	12	CS49	R1	-0.0100480224090028	0	12
P09	54	13	CS49	R2	0.00783452508368355	0	14
P09	54	14	CS51	R1	-0.00140307003784742	0	14
P09	54	15	CS51	R2	0.0107381392193857	0	12
P09	54	16	CS53	R1	0.00718851031341203	0	12
P09	54	17	CS53	R2	0.00544051901469343	0	8
P09	54	18	CS54	R1	0.0105042337775775	0	7
P09	54	19	CS54	R2	0.00161388189720422	0	7
P09	54	20	CS55	R1	-0.00588791213955045	0	14
P09	54	21	CS55	R2	0.00538784116962788	0	14
P09	54	22	CS56	R1	0.00169015297220532	0	12
P09	54	23	CS56	R2	-0.00750899699345999	0	12
P09	54	24	CS57	R1	0.000878198216057987	0	12
P09	54	25	CS57	R2	0.00645536237759498	0	12
P09	54	26	CS58	R1	0.0121891739556689	0	7
P09	54	27	CS60	R1	-0.00569597314755204	0	14
P09	54	28	CS62	R1	-0.000243276012949221	0	7
P09	54	29	CS62	R2	0.00255321376129803	0	7
P09	55	1	CS41	R1	-0.00411449980826808	0	14
P09	55	2	CS41	R2	0.00039802175240959	0	14
P09	55	3	CS42	R1	0.00534562683698207	0	14
P09	55	4	CS42	R2	-0.00328690671233152	0	14
P09	55	5	CS43	R1	-0.00154671458993725	0	14
P09	55	6	CS43	R2	-0.00200498468457184	0	14
P09	55	7	CS44	R1	-0.00528075294120766	0	14
P09	55	8	CS47	R1	-0.0013292419508913	0	14
P09	55	9	CS47	R2	-0.0109413301684769	0	14
P09	55	10	CS48	R1	0.0041367937204445	0	14
P09	55	11	CS48	R2	0.00161196743518288	0	14
P09	55	12	CS49	R1	-0.00401385864301431	0	12
P09	55	13	CS49	R2	-0.0035785686784812	0	14
P09	55	14	CS51	R1	8.03383684427495e-05	0	14
P09	55	15	CS51	R2	0.00960917242497462	0	12
P09	55	16	CS53	R1	0.00493112017938924	0	12
P09	55	17	CS53	R2	-0.0117419581708718	0	8
P09	55	18	CS54	R1	-0.0150699511933707	0	7
P09	55	19	CS54	R2	-0.000301187577802936	0	7
P09	55	20	CS55	R1	-0.00452353117357503	0	14
P09	55	21	CS55	R2	0.00511283422724872	0	14
P09	55	22	CS56	R1	0.00788929195547797	0	12
P09	55	23	CS56	R2	-0.00149014123280921	0	12
P09	55	24	CS57	R1	-0.00561867847443851	0	12
P09	55	25	CS57	R2	-0.00224393824518083	0	12
P09	55	26	CS58	R1	0.0104773698238408	0	7
P09	55	27	CS60	R1	-0.000745757648235405	0	14
P09	55	28	CS62	R1	-0.00575312941935773	0	7
P09	55	29	CS62	R2	0.00259992330330035	0	7
P09	56	1	CS41	R1	-0.00343244024136331	0	14
P09	56	2	CS41	R2	0.000662704925693013	0	14
P09	56	3	CS42	R1	-0.000685535771981094	0	14
P09	56	4	CS42	R2	0.00244484212797343	0	14
P09	56	5	CS43	R1	0.00231605374565007	0	14
P09	56	6	CS43	R2	0.00202338957795268	0	14
P09	56	7	CS44	R1	0.00411272899999244	0	14
P09	56	8	CS47	R1	-0.00349345857647574	0	14
P09	56	9	CS47	R2	0.00390171211058999	0	14
P09	56	10	CS48	R1	0.00669877560454826	0	14
P09	56	11	CS48	R2	-0.000578445413587793	0	14
P09	56	12	CS49	R1	0.00657355866460219	0	12
P09	56	13	CS49	R2	-0.00278530692616477	0	14
P09	56	14	CS51	R1	-0.00707287203477989	0	14
P09	56	15	CS51	R2	0.00333828408349342	0	12
P09	56	16	CS53	R1	-0.00923766052648135	0	12
P09	56	17	CS53	R2	-0.00859162064877486	0	8
P09	56	18	CS54	R1	0.0129064407533349	0	7
P09	56	19	CS54	R2	0.00590566779080949	0	7
P09	56	20	CS55	R1	-0.000214266719042045	0	14
P09	56	21	CS55	R2	-0.000795628743277439	0	14
P09	56	22	CS56	R1	0.0141849361507258	0	12
P09	56	23	CS56	R2	0.0133141286000847	0	12
P09	56	24	CS57	R1	0.0103602889651638	0	12
P09	56	25	CS57	R2	0.00267406068133531	0	12
P09	56	26	CS58	R1	-0.0112121840407239	0	7
P09	56	27	CS60	R1	-0.00329226392738252	0	14
P09	56	28	CS62	R1	-0.0139868432379098	0	7
P09	56	29	CS62	R2	-0.00691363725290787	0	7
P09	57	1	CS41	R1	-0.00726554637213903	0	14
P09	57	2	CS41	R2	-0.00654581515148166	0	14
P09	57	3	CS42	R1	-0.00735435942514095	0	14
P09	57	4	CS42	R2	-0.00239067813440003	0	14
P09	57	5	CS43	R1	0.00251048562939858	0	14
P09	57	6	CS43	R2	-0.00399222063735166	0	14
P09	57	7	CS44	R1	-0.00359076853992557	0	14
P09	57	8	CS47	R1	0.0077327557683197	0	14
P09	57	9	CS47	R2	-0.000228673151835044	0	14
P09	57	10	CS48	R1	0.00144843520159018	0	14
P09	57	11	CS48	R2	-0.00921517666868791	0	14
P09	57	12	CS49	R1	0.00377837764741585	0	12
P09	57	13	CS49	R2	-0.00110174644937091	0	14
P09	57	14	CS51	R1	-0.00165511891317747	0	14
P09	57	15	CS51	R2	0.00235358865810996	0	12
P09	57	16	CS53	R1	-0.00799274104039284	0	12
P09	57	17	CS53	R2	-0.00235413005889937	0	8
P09	57	18	CS54	R1	-0.00859413295362414	0	7
P09	57	19	CS54	R2	-0.00985561516762906	0	7
P09	57	20	CS55	R1	-0.00640313984107966	0	14
P09	57	21	CS55	R2	-3.82283534865846e-05	0	14
P09	57	22	CS56	R1	-0.00501334772286072	0	12
P09	57	23	CS56	R2	-0.00321245228390541	0	12
P09	57	24	CS57	R1	0.0122920703823603	0	12
P09	57	25	CS57	R2	-0.00960808980423106	0	12
P09	57	26	CS58	R1	0.0062736058141357	0	7
P09	57	27	CS60	R1	0.00308211191493828	0	14
P09	57	28	CS62	R1	0.00320673169767274	0	7
P09	57	29	CS62	R2	0.000362887025828907	0	7
P09	58	1	CS41	R1	0.00222386923134889	0	14
P09	58	2	CS41	R2	0.0049292117079035	0	14
P09	58	3	CS42	R1	0.00150047856427421	0	14
P09	58	4	CS42	R2	-0.00752581638154483	0	14
P09	58	5	CS43	R1	-0.0044165897848726	0	14
P09	58	6	CS43	R2	-0.0106010771361103	0	14
P09	58	7	CS44	R1	0.00977180055751916	0	14
P09	58	8	CS47	R1	0.00844827481671159	0	14
P09	58	9	CS47	R2	0.00824514563626003	0	14
P09	58	10	CS48	R1	0.00474709913314419	0	14
P09	58	11	CS48	R2	0.00461366238966281	0	14
P09	58	12	CS49	R1	0.0039644953507132	0	12
P09	58	13	CS49	R2	-0.00546954596778845	0	14
P09	58	14	CS51	R1	0.00165829080724151	0	14
P09	58	15	CS51	R2	0.00446557973487286	0	12
P09	58	16	CS53	R1	-0.00263514149927101	0	12
P09	58	17	CS53	R2	-0.00438746120324914	0	8
P09	58	18	CS54	R1	0.0028348942080965	0	7
P09	58	19	CS54	R2	-0.00227017536958817	0	7
P09	58	20	CS55	R1	-0.00628633541589292	0	14
P09	58	21	CS55	R2	0.00796596641992455	0	14
P09	58	22	CS56	R1	-0.00181271250477649	0	12
P09	58	23	CS56	R2	-0.00324323737525799	0	12
P09	58	24	CS57	R1	-0.00642706455138594	0	12
P09	58	25	CS57	R2	-0.00253668538898655	0	12
P09	58	26	CS58	R1	-0.00814901919578045	0	7
P09	58	27	CS60	R1	-0.00365613855777749	0	14
P09	58	28	CS62	R1	-0.00532795093236396	0	7
P09	58	29	CS62	R2	-0.00209096450411373	0	7
P09	59	1	CS41	R1	-0.0011779824414398	0	14
P09	59	2	CS41	R2	-0.00101765309507603	0	14
P09	59	3	CS42	R1	0.00112167592540294	0	14
P09	59	4	CS42	R2	0.00276972215397833	0	14
P09	59	5	CS43	R1	-0.00406344814271781	0	14
P09	59	6	CS43	R2	0.00304832882143156	0	14
P09	59	7	CS44	R1	0.0108716626576997	0	14
P09	59	8	CS47	R1	0.00433897440303068	0	14
P09	59	9	CS47	R2	-0.00159213800260556	0	14
P09	59	10	CS48	R1	-0.0030704562537458	0	14
P09	59	11	CS48	R2	-0.00482026661525384	0	14
P09	59	12	CS49	R1	0.0112872916930718	0	12
P09	59	13	CS49	R2	0.00339318917920965	0	14
P09	59	14	CS51	R1	-0.00138768294615444	0	14
P09	59	15	CS51	R2	0.00226764687740964	0	12
P09	59	16	CS53	R1	-0.00604207627101049	0	12
P09	59	17	CS53	R2	-0.00106173941572297	0	8
P09	59	18	CS54	R1	-0.0164366725006631	0	7
P09	59	19	CS54	R2	-5.11228131098946e-05	0	7
P09	59	20	CS55	R1	-0.00652229939379022	0	14
P09	59	21	CS55	R2	-0.00116248077269625	0	14
P09	59	22	CS56	R1	0.0103943269441864	0	12
P09	59	23	CS56	R2	-0.0149376953127368	0	12
P09	59	24	CS57	R1	0.00963787440230249	0	12
P09	59	25	CS57	R2	0.00138348057209719	0	12
P09	59	26	CS58	R1	0.0123124674193653	0	7
P09	59	27	CS60	R1	0.00624375895176492	0	14
P09	59	28	CS62	R1	0.000375619889761657	0	7
P09	59	29	CS62	R2	0.00615964309010607	0	7
P09	60	1	CS41	R1	0.00517622761437611	0	14
P09	60	2	CS41	R2	-0.0106155702073992	0	14
P09	60	3	CS42	R1	0.00454896387788862	0	14
P09	60	4	CS42	R2	0.00518392064970519	0	14
P09	60	5	CS43	R1	0.00321128539271117	0	14
P09	60	6	CS43	R2	-0.00839221639922227	0	14
P09	60	7	CS44	R1	-0.00251269780002674	0	14
P09	60	8	CS47	R1	0.00377078329136231	0	14
P09	60	9	CS47	R2	0.00136545206295228	0	14
P09	60	10	CS48	R1	0.0144104303294683	0	14
P09	60	11	CS48	R2	-0.00256687001596109	0	14
P09	60	12	CS49	R1	0.00503748133009088	0	12
P09	60	13	CS49	R2	0.00439002732415388	0	14
P09	60	14	CS51	R1	0.00203876014819484	0	14
P09	60	15	CS51	R2	0.00127471088469532	0	12
P09	60	16	CS53	R1	-0.00139171538171043	0	12
P09	60	17	CS53	R2	0.004971717455898	0	8
P09	60	18	CS54	R1	-0.00321547764342927	0	7
P09	60	19	CS54	R2	0.00850494260630288	0	7
P09	60	20	CS55	R1	0.00299043650236047	0	14
P09	60	21	CS55	R2	-0.00424631636928745	0	14
P09	60	22	CS56	R1	-0.00191416761570668	0	12
P09	60	23	CS56	R2	0.00702856648932054	0	12
P09	60	24	CS57	R1	-0.00488672155595584	0	12
P09	60	25	CS57	R2	-0.00407922544119207	0	12
P09	60	26	CS58	R1	-0.00716943944938986	0	7
P09	60	27	CS60	R1	-0.012814075511883	0	14
P09	60	28	CS62	R1	0.0122568415429338	0	7
P09	60	29	CS62	R2	-0.00836191212435487	0	7
P09	61	1	CS41	R1	0.00244209477036403	0	14
P09	61	2	CS41	R2	-0.00214438601049783	0	14
P09	61	3	CS42	R1	0.00547403249448146	0	14
P09	61	4	CS42	R2	0.00145020353829259	0	14
P09	61	5	CS43	R1	0.00239052997273529	0	14
P09	61	6	CS43	R2	0.000402292537904823	0	14
P09	61	7	CS44	R1	0.00362698798875518	0	14
P09	61	8	CS47	R1	-0.00553734324432651	0	14
P09	61	9	CS47	R2	-0.00300490171727905	0	14
P09	61	10	CS48	R1	-0.00244105421199523	0	14
P09	61	11	CS48	R2	0.000481590447804013	0	14
P09	61	12	CS49	R1	0.00538838212740446	0	12
P09	61	13	CS49	R2	0.00733305480763436	0	14
P09	61	14	CS51	R1	0.00269359885769868	0	14
P09	61	15	CS51	R2	0.0109988956844573	0	12
P09	61	16	CS53	R1	0.00190692310204251	0	12
P09	61	17	CS53	R2	0.00604717805370486	0	8
P09	61	18	CS54	R1	-0.0271707775106963	0	7
P09	61	19	CS54	R2	-0.00612921489148978	0	7
P09	61	20	CS55	R1	-0.00128910379583681	0	14
P09	61	21	CS55	R2	0.00162943868621461	0	14
P09	61	22	CS56	R1	0.00571986648442564	0	12
P09	61	23	CS56	R2	-0.00303827326088313	0	12
P09	61	24	CS57	R1	-0.000565083775135476	0	12
P09	61	25	CS57	R2	0.00382201327450898	0	12
P09	61	26	CS58	R1	-0.00152552178291661	0	7
P09	61	27	CS60	R1	-0.00467664643946662	0	14
P09	61	28	CS62	R1	0.0021699288547394	0	7
P09	61	29	CS62	R2	0.0102996581136276	0	7
P09	62	1	CS41	R1	0.00783934326609927	0	14
P09	62	2	CS41	R2	0.000917423338040541	0	14
P09	62	3	CS42	R1	0.00236718322691158	0	14
P09	62	4	CS42	R2	-0.00764423197173321	0	14
P09	62	5	CS43	R1	0.00346531141500679	0	14
P09	62	6	CS43	R2	-0.00457624399192323	0	14
P09	62	7	CS44	R1	-0.0119213004801744	0	14
P09	62	8	CS47	R1	-0.000454900708111665	0	14
P09	62	9	CS47	R2	0.00453329665870812	0	14
P09	62	10	CS48	R1	0.0160937740503287	0	14
P09	62	11	CS48	R2	-0.00427629098912062	0	14
P09	62	12	CS49	R1	-0.000513006529623684	0	12
P09	62	13	CS49	R2	-0.00332373110917214	0	14
P09	62	14	CS51	R1	-0.00748581592048694	0	14
P09	62	15	CS51	R2	-0.0102903332057187	0	12
P09	62	16	CS53	R1	0.00697196610072299	0	12
P09	62	17	CS53	R2	-0.00857998191817539	0	8
P09	62	18	CS54	R1	-0.0116754279363102	0	7
P09	62	19	CS54	R2	0.00883730959152233	0	7
P09	62	20	CS55	R1	0.00251990306082046	0	14
P09	62	21	CS55	R2	-0.00656679819235731	0	14
P09	62	22	CS56	R1	-0.00504205910067353	0	12
P09	62	23	CS56	R2	0.0095327249285513	0	12
P09	62	24	CS57	R1	0.00143910064586195	0	12
P09	62	25	CS57	R2	0.00167515881316408	0	12
P09	62	26	CS58	R1	0.00247591029723433	0	7
P09	62	27	CS60	R1	-0.00927625383233229	0	14
P09	62	28	CS62	R1	0.000237195363244721	0	7
P09	62	29	CS62	R2	-0.00148497242995239	0	7
P09	63	1	CS41	R1	-0.000564689569199768	0	14
P09	63	2	CS41	R2	-0.000743674387763698	0	14
P09	63	3	CS42	R1	0.00163143730091978	0	14
P09	63	4	CS42	R2	-0.000270755684180634	0	14
P09	63	5	CS43	R1	-0.0015576913402646	0	14
P09	63	6	CS43	R2	0.00620225017909022	0	14
P09	63	7	CS44	R1	-0.00348752000031843	0	14
P09	63	8	CS47	R1	0.00333762923454819	0	14
P09	63	9	CS47	R2	-0.006050077502551	0	14
P09	63	10	CS48	R1	0.00191746066306683	0	14
P09	63	11	CS48	R2	-0.00959260267971712	0	14
P09	63	12	CS49	R1	-0.00134345550132663	0	12
P09	63	13	CS49	R2	-0.00699593090379311	0	14
P09	63	14	CS51	R1	-0.00830448638916017	0	14
P09	63	15	CS51	R2	0.0066337132113074	0	12
P09	63	16	CS53	R1	-0.000724569388656541	0	12
P09	63	17	CS53	R2	-0.00342454439901742	0	8
P09	63	18	CS54	R1	0.00562730873683507	0	7
P09	63	19	CS54	R2	0.00262021408942356	0	7
P09	63	20	CS55	R1	0.00805890588736381	0	14
P09	63	21	CS55	R2	0.00267017800944699	0	14
P09	63	22	CS56	R1	0.00189615399475557	0	12
P09	63	23	CS56	R2	0.00693044598305885	0	12
P09	63	24	CS57	R1	0.00226787918101963	0	12
P09	63	25	CS57	R2	0.00908039786232884	0	12
P09	63	26	CS58	R1	-0.0165457424152471	0	7
P09	63	27	CS60	R1	-0.00169715960331597	0	14
P09	63	28	CS62	R1	-0.0186843760580707	0	7
P09	63	29	CS62	R2	0.0034304509433826	0	7
P09	64	1	CS41	R1	0.000335012273588255	0	14
P09	64	2	CS41	R2	0.00273172349046426	0	14
P09	64	3	CS42	R1	0.00315039529266111	0	14
P09	64	4	CS42	R2	0.00108598942039749	0	14
P09	64	5	CS43	R1	0.00143604967229613	0	14
P09	64	6	CS43	R2	0.0104556148764951	0	14
P09	64	7	CS44	R1	0.0109722980566645	0	14
P09	64	8	CS47	R1	0.0069192261424585	0	14
P09	64	9	CS47	R2	-0.00715890074528527	0	14
P09	64	10	CS48	R1	-0.00437075932607294	0	14
P09	64	11	CS48	R2	0.000378032387401897	0	14
P09	64	12	CS49	R1	0.00352956494320639	0	12
P09	64	13	CS49	R2	0.000854466529978601	0	14
P09	64	14	CS51	R1	0.0118344130893684	0	14
P09	64	15	CS51	R2	0.00168480172765486	0	12
P09	64	16	CS53	R1	-0.00230364622259365	0	12
P09	64	17	CS53	R2	0.00610070967486308	0	8
P09	64	18	CS54	R1	-0.00284003977726218	0	7
P09	64	19	CS54	R2	-0.0121577310167929	0	7
P09	64	20	CS55	R1	-0.00359876270146364	0	14
P09	64	21	CS55	R2	0.00903170590427421	0	14
P09	64	22	CS56	R1	0.00481528039575371	0	12
P09	64	23	CS56	R2	-0.00251756951777282	0	12
P09	64	24	CS57	R1	-0.00474335751979023	0	12
P09	64	25	CS57	R2	0.0109236039748961	0	12
P09	64	26	CS58	R1	-0.00349827552180434	0	7
P09	64	27	CS60	R1	0.00618124738074985	0	14
P09	64	28	CS62	R1	-0.00859218986214664	0	7
P09	64	29	CS62	R2	0.00281820564944608	0	7
P10	1	1	CS41	R1	0.122611536216766	0	14
P10	1	2	CS41	R2	0.0808973437999704	0	14
P10	1	3	CS42	R1	0.112000169123829	0	14
P10	1	4	CS42	R2	0.117608959166822	0	14
P10	1	5	CS43	R1	0.078103093854386	0	14
P10	1	6	CS43	R2	0.0880512800406246	0	14
P10	1	7	CS44	R1	0.115997777499615	0	14
P10	1	8	CS47	R1	0.110425040882119	0	14
P10	1	9	CS47	R2	0.106934018922104	0	14
P10	1	10	CS48	R1	0.122742755214033	0	14
P10	1	11	CS48	R2	0.105983296462356	0	14
P10	1	12	CS49	R1	0.115485062629654	0	12
P10	1	13	CS49	R2	0.129943330991478	0	14
P10	1	14	CS51	R1	0.116828349885755	0	14
P10	1	15	CS51	R2	0.115949346358746	0	12
P10	1	16	CS53	R1	0.130069858949463	0	12
P10	1	17	CS53	R2	0.130968172263729	0	8
P10	1	18	CS54	R1	0.111918064644082	0	7
P10	1	19	CS54	R2	0.127811094877107	0	7
P10	1	20	CS55	R1	0.0757411064154054	0	14
P10	1	21	CS55	R2	0.0970865453313099	0	14
P10	1	22	CS56	R1	0.122403560297529	0	12
P10	1	23	CS56	R2	0.0994525735074422	0	12
P10	1	24	CS57	R1	0.129057774990061	0	12
P10	1	25	CS57	R2	0.108271084256642	0	12
P10	1	26	CS58	R1	0.125422219870664	0	7
P10	1	27	CS60	R1	0.119377407807444	0	14
P10	1	28	CS62	R1	0.0943319082262988	0	7
P10	1	29	CS62	R2	0.0850250576569561	0	7
P10	2	1	CS41	R1	0.0929813399055654	0	14
P10	2	2	CS41	R2	0.106695538570906	0	14
P10	2	3	CS42	R1	0.0999208323865269	0	14
P10	2	4	CS42	R2	0.109176841581209	0	14
P10	2	5	CS43	R1	0.10716817140635	0	14
P10	2	6	CS43	R2	0.0973508195046044	0	14
P10	2	7	CS44	R1	0.0950653603622651	0	14
P10	2	8	CS47	R1	0.117257697988123	0	14
P10	2	9	CS47	R2	0.066297978668941	0	14
P10	2	10	CS48	R1	0.0904938633268385	0	14
P10	2	11	CS48	R2	0.0778423758671518	0	14
P10	2	12	CS49	R1	0.121021507717532	0	12
P10	2	13	CS49	R2	0.119259051971004	0	14
P10	2	14	CS51	R1	0.0945802384208171	0	14
P10	2	15	CS51	R2	0.0409704682493124	0	12
P10	2	16	CS53	R1	0.0502631558214965	0	12
P10	2	17	CS53	R2	0.0864966064958497	0	8
P10	2	18	CS54	R1	0.0643791104517139	0	7
P10	2	19	CS54	R2	0.114965405003524	0	7
P10	2	20	CS55	R1	0.106210380545113	0	14
P10	2	21	CS55	R2	0.105423726625576	0	14
P10	2	22	CS56	R1	0.0996104657640484	0	12
P10	2	23	CS56	R2	0.129365875620403	0	12
P10	2	24	CS57	R1	0.0743628330515443	0	12
P10	2	25	CS57	R2	0.0539398692993449	0	12
P10	2	26	CS58	R1	0.0909208256269345	0	7
P10	2	27	CS60	R1	0.0762076953630341	0	14
P10	2	28	CS62	R1	0.116954391242145	0	7
P10	2	29	CS62	R2	0.107130048291631	0	7
P10	3	1	CS41	R1	0.148343724702958	0	14
P10	3	2	CS41	R2	0.137456116767472	0	14
P10	3	3	CS42	R1	0.0800986991121301	0	14
P10	3	4	CS42	R2	0.116882035825866	0	14
P10	3	5	CS43	R1	0.102776178745891	0	14
P10	3	6	CS43	R2	0.109291808092254	0	14
P10	3	7	CS44	R1	0.128381052446333	0	14
P10	3	8	CS47	R1	0.100108855758867	0	14
P10	3	9	CS47	R2	0.108018347120127	0	14
P10	3	10	CS48	R1	0.117163624116708	0	14
P10	3	11	CS48	R2	0.123933877496516	0	14
P10	3	12	CS49	R1	0.120833455535362	0	12
P10	3	13	CS49	R2	0.113874231112289	0	14
P10	3	14	CS51	R1	0.0365125524456702	0	14
P10	3	15	CS51	R2	0.0707204643933853	0	12
P10	3	16	CS53	R1	0.104418222781781	0	12
P10	3	17	CS53	R2	0.0883292702903576	0	8
P10	3	18	CS54	R1	0.0393117672842122	0	7
P10	3	19	CS54	R2	0.0990986872266279	0	7
P10	3	20	CS55	R1	0.108238093235729	0	14
P10	3	21	CS55	R2	0.098528875645049	0	14
P10	3	22	CS56	R1	0.124945052683145	0	12
P10	3	23	CS56	R2	0.124946175512091	0	12
P10	3	24	CS57	R1	0.130438839661225	0	12
P10	3	25	CS57	R2	0.125242857426585	0	12
P10	3	26	CS58	R1	0.106081846870039	0	7
P10	3	27	CS60	R1	0.122389546065732	0	14
P10	3	28	CS62	R1	0.109176942808993	0	7
P10	3	29	CS62	R2	0.10349477894016	0	7
P10	4	1	CS41	R1	0.0893341381103046	0	14
P10	4	2	CS41	R2	0.071297998568291	0	14
P10	4	3	CS42	R1	0.119212295543807	0	14
P10	4	4	CS42	R2	0.105507035114606	0	14
P10	4	5	CS43	R1	0.0972678085134616	0	14
P10	4	6	CS43	R2	0.116055656897766	0	14
P10	4	7	CS44	R1	0.130365104018225	0	14
P10	4	8	CS47	R1	0.137368005794193	0	14
P10	4	9	CS47	R2	0.120055844361977	0	14
P10	4	10	CS48	R1	0.111968571210338	0	14
P10	4	11	CS48	R2	0.106881862137555	0	14
P10	4	12	CS49	R1	0.0440725404460593	0	12
P10	4	13	CS49	R2	0.0647846130846731	0	14
P10	4	14	CS51	R1	0.0868725051334561	0	14
P10	4	15	CS51	R2	0.0955503852668022	0	12
P10	4	16	CS53	R1	0.126118984057115	0	12
P10	4	17	CS53	R2	0.0750374921648921	0	8
P10	4	18	CS54	R1	0.136610172320313	0	7
P10	4	19	CS54	R2	0.139055926824337	0	7
P10	4	20	CS55	R1	0.122648090419784	0	14
P10	4	21	CS55	R2	0.0973734223635102	0	14
P10	4	22	CS56	R1	0.14302402976662	0	12
P10	4	23	CS56	R2	0.111971682657516	0	12
P10	4	24	CS57	R1	0.103410626420175	0	12
P10	4	25	CS57	R2	0.10094888372926	0	12
P10	4	26	CS58	R1	0.0970514544595771	0	7
P10	4	27	CS60	R1	0.111693412909644	0	14
P10	4	28	CS62	R1	0.100016131417529	0	7
P10	4	29	CS62	R2	0.0742402262331493	0	7
P10	5	1	CS41	R1	0.0813245235997328	0	14
P10	5	2	CS41	R2	0.0770652270332402	0	14
P10	5	3	CS42	R1	0.130489344524459	0	14
P10	5	4	CS42	R2	0.125514563665659	0	14
P10	5	5	CS43	R1	0.0966345262758813	0	14
P10	5	6	CS43	R2	0.0743605905163489	0	14
P10	5	7	CS44	R1	0.0664834515602856	0	14
P10	5	8	CS47	R1	0.0975906380929602	0	14
P10	5	9	CS47	R2	0.133625628255543	0	14
P10	5	10	CS48	R1	0.125044619789803	0	14
P10	5	11	CS48	R2	0.122903961556719	0	14
P10	5	12	CS49	R1	0.120214964709284	0	12
P10	5	13	CS49	R2	0.127886806442896	0	14
P10	5	14	CS51	R1	0.142004119469621	0	14
P10	5	15	CS51	R2	0.141767118685937	0	12
P10	5	16	CS53	R1	0.127537002117994	0	12
P10	5	17	CS53	R2	0.0933157070702059	0	8
P10	5	18	CS54	R1	0.083817511246706	0	7
P10	5	19	CS54	R2	0.132520213227933	0	7
P10	5	20	CS55	R1	0.122659760363459	0	14
P10	5	21	CS55	R2	0.11922873225748	0	14
P10	5	22	CS56	R1	0.120347407253021	0	12
P10	5	23	CS56	R2	0.110430081789624	0	12
P10	5	24	CS57	R1	0.108773096072018	0	12
P10	5	25	CS57	R2	0.102953950839094	0	12
P10	5	26	CS58	R1	0.145637942944866	0	7
P10	5	27	CS60	R1	0.130001461761196	0	14
P10	5	28	CS62	R1	0.116372731459614	0	7
P10	5	29	CS62	R2	0.0929351915143166	0	7
P10	6	1	CS41	R1	0.114568523434076	0	14
P10	6	2	CS41	R2	0.0791821681581955	0	14
P10	6	3	CS42	R1	0.0983377021468192	0	14
P10	6	4	CS42	R2	0.113524246100768	0	14
P10	6	5	CS43	R1	0.0680254722493549	0	14
P10	6	6	CS43	R2	0.112726161930092	0	14
P10	6	7	CS44	R1	0.0811549444500409	0	14
P10	6	8	CS47	R1	0.125983030817738	0	14
P10	6	9	CS47	R2	0.142217334010995	0	14
P10	6	10	CS48	R1	0.122608619212303	0	14
P10	6	11	CS48	R2	0.112208088713631	0	14
P10	6	12	CS49	R1	0.0823101234730082	0	12
P10	6	13	CS49	R2	0.107298701717114	0	14
P10	6	14	CS51	R1	0.140813695332143	0	14
P10	6	15	CS51	R2	0.151795382912609	0	12
P10	6	16	CS53	R1	0.111565232344329	0	12
P10	6	17	CS53	R2	0.0962775279613935	0	8
P10	6	18	CS54	R1	0.118134655369706	0	7
P10	6	19	CS54	R2	0.135768947099984	0	7
P10	6	20	CS55	R1	0.131194254564035	0	14
P10	6	21	CS55	R2	0.137830445789046	0	14
P10	6	22	CS56	R1	0.143552837984685	0	12
P10	6	23	CS56	R2	0.149729345834806	0	12
P10	6	24	CS57	R1	0.126720755497545	0	12
P10	6	25	CS57	R2	0.120998881076179	0	12
P10	6	26	CS58	R1	0.136672594493266	0	7
P10	6	27	CS60	R1	0.0953366613712108	0	14
P10	6	28	CS62	R1	0.136147269219356	0	7
P10	6	29	CS62	R2	0.119429341278856	0	7
P10	7	1	CS41	R1	0.0858932049852053	0	14
P10	7	2	CS41	R2	0.122724364598	0	14
P10	7	3	CS42	R1	0.118967635685036	0	14
P10	7	4	CS42	R2	0.128095438906248	0	14
P10	7	5	CS43	R1	0.115407744063263	0	14
P10	7	6	CS43	R2	0.10667681482455	0	14
P10	7	7	CS44	R1	0.093958000155628	0	14
P10	7	8	CS47	R1	0.103105067228723	0	14
P10	7	9	CS47	R2	0.098056963460888	0	14
P10	7	10	CS48	R1	0.0891629832611341	0	14
P10	7	11	CS48	R2	0.0910626837227136	0	14
P10	7	12	CS49	R1	0.0807905334381495	0	12
P10	7	13	CS49	R2	0.123295640239184	0	14
P10	7	14	CS51	R1	0.100483806782799	0	14
P10	7	15	CS51	R2	0.123600936943918	0	12
P10	7	16	CS53	R1	0.126918188161257	0	12
P10	7	17	CS53	R2	0.114664968532416	0	8
P10	7	18	CS54	R1	0.116065771971028	0	7
P10	7	19	CS54	R2	0.133397253734406	0	7
P10	7	20	CS55	R1	0.0796390267589026	0	14
P10	7	21	CS55	R2	0.070629975873628	0	14
P10	7	22	CS56	R1	0.125817829435357	0	12
P10	7	23	CS56	R2	0.0796631870017285	0	12
P10	7	24	CS57	R1	0.119544446121622	0	12
P10	7	25	CS57	R2	0.107046993144637	0	12
P10	7	26	CS58	R1	0.11196147975274	0	7
P10	7	27	CS60	R1	0.0760114509782361	0	14
P10	7	28	CS62	R1	0.11487020863434	0	7
P10	7	29	CS62	R2	0.126751551113095	0	7
P10	8	1	CS41	R1	0.0711605288424718	0	14
P10	8	2	CS41	R2	0.102779920223254	0	14
P10	8	3	CS42	R1	0.128614407001478	0	14
P10	8	4	CS42	R2	0.0804618498119148	0	14
P10	8	5	CS43	R1	0.13978670072545	0	14
P10	8	6	CS43	R2	0.117138118753251	0	14
P10	8	7	CS44	R1	0.135485521460466	0	14
P10	8	8	CS47	R1	0.0846932976909624	0	14
P10	8	9	CS47	R2	0.111469631169921	0	14
P10	8	10	CS48	R1	0.1457821733887	0	14
P10	8	11	CS48	R2	0.14718773754807	0	14
P10	8	12	CS49	R1	0.10215369561305	0	12
P10	8	13	CS49	R2	0.106193757248332	0	14
P10	8	14	CS51	R1	0.137439906299252	0	14
P10	8	15	CS51	R2	0.140678421362252	0	12
P10	8	16	CS53	R1	0.140672251890329	0	12
P10	8	17	CS53	R2	0.126966380282918	0	8
P10	8	18	CS54	R1	0.122336968638248	0	7
P10	8	19	CS54	R2	0.145110760534139	0	7
P10	8	20	CS55	R1	0.0834078158072553	0	14
P10	8	21	CS55	R2	0.0756541224672727	0	14
P10	8	22	CS56	R1	0.107419658216682	0	12
P10	8	23	CS56	R2	0.121126195253386	0	12
P10	8	24	CS57	R1	0.141978635142317	0	12
P10	8	25	CS57	R2	0.132643024002873	0	12
P10	8	26	CS58	R1	0.0496047289561095	0	7
P10	8	27	CS60	R1	0.0695004792301934	0	14
P10	8	28	CS62	R1	0.14560041231397	0	7
P10	8	29	CS62	R2	0.135751875896555	0	7
P10	9	1	CS41	R1	0.0842722593093166	0	14
P10	9	2	CS41	R2	0.122453741936008	0	14
P10	9	3	CS42	R1	0.143852712778629	0	14
P10	9	4	CS42	R2	0.121978424445607	0	14
P10	9	5	CS43	R1	0.109194949508721	0	14
P10	9	6	CS43	R2	0.124223842417783	0	14
P10	9	7	CS44	R1	0.0907009810139828	0	14
P10	9	8	CS47	R1	0.112891508209987	0	14
P10	9	9	CS47	R2	0.134668053235622	0	14
P10	9	10	CS48	R1	0.0987119642431593	0	14
P10	9	11	CS48	R2	0.0772110713410209	0	14
P10	9	12	CS49	R1	0.100997122247203	0	12
P10	9	13	CS49	R2	0.125120980178836	0	14
P10	9	14	CS51	R1	0.108681155089609	0	14
P10	9	15	CS51	R2	0.121241961857324	0	12
P10	9	16	CS53	R1	0.0858482427407479	0	12
P10	9	17	CS53	R2	0.0582835656019639	0	8
P10	9	18	CS54	R1	0.135539549945249	0	7
P10	9	19	CS54	R2	0.147200585940954	0	7
P10	9	20	CS55	R1	0.103377826421308	0	14
P10	9	21	CS55	R2	0.10577425561757	0	14
P10	9	22	CS56	R1	0.143896644238816	0	12
P10	9	23	CS56	R2	0.147607645878258	0	12
P10	9	24	CS57	R1	0.138283669070935	0	12
P10	9	25	CS57	R2	0.131050947826168	0	12
P10	9	26	CS58	R1	0.0858987994520413	0	7
P10	9	27	CS60	R1	0.123813199444208	0	14
P10	9	28	CS62	R1	0.133747494633837	0	7
P10	9	29	CS62	R2	0.131669813224345	0	7
P10	10	1	CS41	R1	0.0547667389076055	0	14
P10	10	2	CS41	R2	0.107281729679252	0	14
P10	10	3	CS42	R1	0.113276654949665	0	14
P10	10	4	CS42	R2	0.124920156827889	0	14
P10	10	5	CS43	R1	0.127285100549149	0	14
P10	10	6	CS43	R2	0.123673449026017	0	14
P10	10	7	CS44	R1	0.135829787712894	0	14
P10	10	8	CS47	R1	0.086719579592019	0	14
P10	10	9	CS47	R2	0.1083859557381	0	14
P10	10	10	CS48	R1	0.0767072345245981	0	14
P10	10	11	CS48	R2	0.109781084286989	0	14
P10	10	12	CS49	R1	0.115985115757363	0	12
P10	10	13	CS49	R2	0.103609856322439	0	14
P10	10	14	CS51	R1	0.0705982210113415	0	14
P10	10	15	CS51	R2	0.0793082122342784	0	12
P10	10	16	CS53	R1	0.122509590385534	0	12
P10	10	17	CS53	R2	0.127451124108779	0	8
P10	10	18	CS54	R1	0.114223601087363	0	7
P10	10	19	CS54	R2	0.0444189067957019	0	7
P10	10	20	CS55	R1	0.0877255930428123	0	14
P10	10	21	CS55	R2	0.103951511615005	0	14
P10	10	22	CS56	R1	0.111493715561638	0	12
P10	10	23	CS56	R2	0.102068537355427	0	12
P10	10	24	CS57	R1	0.131731381827477	0	12
P10	10	25	CS57	R2	0.128868339387973	0	12
P10	10	26	CS58	R1	0.0570427815772481	0	7
P10	10	27	CS60	R1	0.13369451577068	0	14
P10	10	28	CS62	R1	0.0884725661673456	0	7
P10	10	29	CS62	R2	0.0921926102253247	0	7
P10	11	1	CS41	R1	0.125003074095671	0	14
P10	11	2	CS41	R2	0.138876751962487	0	14
P10	11	3	CS42	R1	0.107724847755473	0	14
P10	11	4	CS42	R2	0.12014098689572	0	14
P10	11	5	CS43	R1	0.099044329986745	0	14
P10	11	6	CS43	R2	0.110064860137457	0	14
P10	11	7	CS44	R1	0.121009382722802	0	14
P10	11	8	CS47	R1	0.0846439889724905	0	14
P10	11	9	CS47	R2	0.0770455520882494	0	14
P10	11	10	CS48	R1	0.103438397725607	0	14
P10	11	11	CS48	R2	0.105973418187231	0	14
P10	11	12	CS49	R1	0.129550806562631	0	12
P10	11	13	CS49	R2	0.0983112938043989	0	14
P10	11	14	CS51	R1	0.102242243738947	0	14
P10	11	15	CS51	R2	0.0993559177062036	0	12
P10	11	16	CS53	R1	0.0899884488595068	0	12
P10	11	17	CS53	R2	0.0872868407704998	0	8
P10	11	18	CS54	R1	0.139123477705832	0	7
P10	11	19	CS54	R2	0.1471457957143	0	7
P10	11	20	CS55	R1	0.0704855291654773	0	14
P10	11	21	CS55	R2	0.117582394664468	0	14
P10	11	22	CS56	R1	0.129899614959415	0	12
P10	11	23	CS56	R2	0.05694089292463	0	12
P10	11	24	CS57	R1	0.135019779760624	0	12
P10	11	25	CS57	R2	0.0931973184179955	0	12
P10	11	26	CS58	R1	0.0672225995539629	0	7
P10	11	27	CS60	R1	0.110096933977517	0	14
P10	11	28	CS62	R1	0.118813104956282	0	7
P10	11	29	CS62	R2	0.112953353615067	0	7
P10	12	1	CS41	R1	0.12023470021844	0	14
P10	12	2	CS41	R2	0.107913234697968	0	14
P10	12	3	CS42	R1	0.124847741416921	0	14
P10	12	4	CS42	R2	0.112841503188097	0	14
P10	12	5	CS43	R1	0.0753435770747178	0	14
P10	12	6	CS43	R2	0.0810635029962925	0	14
P10	12	7	CS44	R1	0.0779410694770906	0	14
P10	12	8	CS47	R1	0.0962315804507607	0	14
P10	12	9	CS47	R2	0.0712370472738406	0	14
P10	12	10	CS48	R1	0.10095459379973	0	14
P10	12	11	CS48	R2	0.11007886916268	0	14
P10	12	12	CS49	R1	0.123108417878255	0	12
P10	12	13	CS49	R2	0.118261967549018	0	14
P10	12	14	CS51	R1	0.0692111423176319	0	14
P10	12	15	CS51	R2	0.067255621020908	0	12
P10	12	16	CS53	R1	0.1034485951122	0	12
P10	12	17	CS53	R2	0.113182500498691	0	8
P10	12	18	CS54	R1	0.125405459219973	0	7
P10	12	19	CS54	R2	0.132904132257155	0	7
P10	12	20	CS55	R1	0.106590407768411	0	14
P10	12	21	CS55	R2	0.0563321697073958	0	14
P10	12	22	CS56	R1	0.133046703475254	0	12
P10	12	23	CS56	R2	0.127242527971474	0	12
P10	12	24	CS57	R1	0.0814977291870444	0	12
P10	12	25	CS57	R2	0.0796291028130234	0	12
P10	12	26	CS58	R1	0.0965882163839094	0	7
P10	12	27	CS60	R1	0.0562573133369424	0	14
P10	12	28	CS62	R1	0.0977638641165758	0	7
P10	12	29	CS62	R2	0.0904899025430483	0	7
P10	13	1	CS41	R1	0.137885743141543	0	14
P10	13	2	CS41	R2	0.141937864964036	0	14
P10	13	3	CS42	R1	0.120280342345925	0	14
P10	13	4	CS42	R2	0.106985063635699	0	14
P10	13	5	CS43	R1	0.120818344568051	0	14
P10	13	6	CS43	R2	0.131828231893727	0	14
P10	13	7	CS44	R1	0.109426426252412	0	14
P10	13	8	CS47	R1	0.106535750860709	0	14
P10	13	9	CS47	R2	0.100564453507929	0	14
P10	13	10	CS48	R1	0.138372004625416	0	14
P10	13	11	CS48	R2	0.128683684593232	0	14
P10	13	12	CS49	R1	0.102385708099924	0	12
P10	13	13	CS49	R2	0.116925965528915	0	14
P10	13	14	CS51	R1	0.0686890708501199	0	14
P10	13	15	CS51	R2	0.138190127767751	0	12
P10	13	16	CS53	R1	0.13488307816976	0	12
P10	13	17	CS53	R2	0.106003826304701	0	8
P10	13	18	CS54	R1	0.130899399696749	0	7
P10	13	19	CS54	R2	0.081676609673718	0	7
P10	13	20	CS55	R1	0.130936221879137	0	14
P10	13	21	CS55	R2	0.100151551511567	0	14
P10	13	22	CS56	R1	0.10472736902024	0	12
P10	13	23	CS56	R2	0.109487238375176	0	12
P10	13	24	CS57	R1	0.0743915252771532	0	12
P10	13	25	CS57	R2	0.0854818641183588	0	12
P10	13	26	CS58	R1	0.0981413454854834	0	7
P10	13	27	CS60	R1	0.131107181832833	0	14
P10	13	28	CS62	R1	0.124128609564263	0	7
P10	13	29	CS62	R2	0.113676128294918	0	7
P10	14	1	CS41	R1	0.111661129829652	0	14
P10	14	2	CS41	R2	0.0845959921465466	0	14
P10	14	3	CS42	R1	0.116691411641064	0	14
P10	14	4	CS42	R2	0.104003281960332	0	14
P10	14	5	CS43	R1	0.109935067183232	0	14
P10	14	6	CS43	R2	0.11194303943832	0	14
P10	14	7	CS44	R1	0.132372065831711	0	14
P10	14	8	CS47	R1	0.120542433072861	0	14
P10	14	9	CS47	R2	0.126564561221696	0	14
P10	14	10	CS48	R1	0.110610806739897	0	14
P10	14	11	CS48	R2	0.105744584441853	0	14
P10	14	12	CS49	R1	0.12470494543346	0	12
P10	14	13	CS49	R2	0.0923934665318894	0	14
P10	14	14	CS51	R1	0.101736834515492	0	14
P10	14	15	CS51	R2	0.101981136698553	0	12
P10	14	16	CS53	R1	0.0865441194561202	0	12
P10	14	17	CS53	R2	0.0269541887457785	0	8
P10	14	18	CS54	R1	0.108929933219958	0	7
P10	14	19	CS54	R2	0.0620877760547655	0	7
P10	14	20	CS55	R1	0.103185137096782	0	14
P10	14	21	CS55	R2	0.0565997188995464	0	14
P10	14	22	CS56	R1	0.140062534793739	0	12
P10	14	23	CS56	R2	0.124408931755687	0	12
P10	14	24	CS57	R1	0.121491797067536	0	12
P10	14	25	CS57	R2	0.133912282190355	0	12
P10	14	26	CS58	R1	0.129649738249753	0	7
P10	14	27	CS60	R1	0.106576075366548	0	14
P10	14	28	CS62	R1	0.1241031476096	0	7
P10	14	29	CS62	R2	0.0919748767549918	0	7
P10	15	1	CS41	R1	0.110871292009527	0	14
P10	15	2	CS41	R2	0.128059820102153	0	14
P10	15	3	CS42	R1	0.0554196544659281	0	14
P10	15	4	CS42	R2	0.0624199898696267	0	14
P10	15	5	CS43	R1	0.134996045341266	0	14
P10	15	6	CS43	R2	0.135280741693881	0	14
P10	15	7	CS44	R1	0.136864440329308	0	14
P10	15	8	CS47	R1	0.0638203122068775	0	14
P10	15	9	CS47	R2	0.110478188836233	0	14
P10	15	10	CS48	R1	0.0961427757305874	0	14
P10	15	11	CS48	R2	0.106578206335788	0	14
P10	15	12	CS49	R1	0.108199722499978	0	12
P10	15	13	CS49	R2	0.134420924472395	0	14
P10	15	14	CS51	R1	0.107581642963791	0	14
P10	15	15	CS51	R2	0.0534708379000008	0	12
P10	15	16	CS53	R1	0.136593082820788	0	12
P10	15	17	CS53	R2	0.124985580431877	0	8
P10	15	18	CS54	R1	0.114015725160348	0	7
P10	15	19	CS54	R2	0.0924674432505913	0	7
P10	15	20	CS55	R1	0.0999451554451233	0	14
P10	15	21	CS55	R2	0.110143760470086	0	14
P10	15	22	CS56	R1	0.149351431002402	0	12
P10	15	23	CS56	R2	0.132414769448023	0	12
P10	15	24	CS57	R1	0.0601087320303876	0	12
P10	15	25	CS57	R2	0.0367507128902592	0	12
P10	15	26	CS58	R1	0.12338952946597	0	7
P10	15	27	CS60	R1	0.106517568152524	0	14
P10	15	28	CS62	R1	0.0568516783018675	0	7
P10	15	29	CS62	R2	0.0611659506772169	0	7
P10	16	1	CS41	R1	0.117566782812497	0	14
P10	16	2	CS41	R2	0.112867742112045	0	14
P10	16	3	CS42	R1	0.127058297960688	0	14
P10	16	4	CS42	R2	0.126184730614703	0	14
P10	16	5	CS43	R1	0.105058449005854	0	14
P10	16	6	CS43	R2	0.112501212468708	0	14
P10	16	7	CS44	R1	0.114882942715904	0	14
P10	16	8	CS47	R1	0.106714200484355	0	14
P10	16	9	CS47	R2	0.106589542236688	0	14
P10	16	10	CS48	R1	0.111966975339884	0	14
P10	16	11	CS48	R2	0.102155994603399	0	14
P10	16	12	CS49	R1	0.126722927137513	0	12
P10	16	13	CS49	R2	0.119081347179495	0	14
P10	16	14	CS51	R1	0.0472996647415685	0	14
P10	16	15	CS51	R2	0.0430998858295645	0	12
P10	16	16	CS53	R1	0.0998235295186866	0	12
P10	16	17	CS53	R2	0.0974047804559093	0	8
P10	16	18	CS54	R1	0.116647897820393	0	7
P10	16	19	CS54	R2	0.12606618347475	0	7
P10	16	20	CS55	R1	0.126770819507869	0	14
P10	16	21	CS55	R2	0.120195823205819	0	14
P10	16	22	CS56	R1	0.102659557705908	0	12
P10	16	23	CS56	R2	0.0846060362419064	0	12
P10	16	24	CS57	R1	0.0789620084791592	0	12
P10	16	25	CS57	R2	0.0972307527767606	0	12
P10	16	26	CS58	R1	0.124577217795665	0	7
P10	16	27	CS60	R1	0.0761910657983424	0	14
P10	16	28	CS62	R1	0.100936984039524	0	7
P10	16	29	CS62	R2	0.0790737761445647	0	7
P10	17	1	CS41	R1	0.105619429305143	0	14
P10	17	2	CS41	R2	0.116464500729354	0	14
P10	17	3	CS42	R1	0.10138466765755	0	14
P10	17	4	CS42	R2	0.0998239006660958	0	14
P10	17	5	CS43	R1	0.133392092691239	0	14
P10	17	6	CS43	R2	0.126465513416612	0	14
P10	17	7	CS44	R1	0.120733026403445	0	14
P10	17	8	CS47	R1	0.130032138482119	0	14
P10	17	9	CS47	R2	0.120006879034681	0	14
P10	17	10	CS48	R1	0.0614681267750866	0	14
P10	17	11	CS48	R2	0.0945312004294157	0	14
P10	17	12	CS49	R1	0.0763626049734174	0	12
P10	17	13	CS49	R2	0.0879451086249117	0	14
P10	17	14	CS51	R1	0.118743198012771	0	14
P10	17	15	CS51	R2	0.126366662234495	0	12
P10	17	16	CS53	R1	0.132018375301398	0	12
P10	17	17	CS53	R2	0.138408698736911	0	8
P10	17	18	CS54	R1	0.140960250956751	0	7
P10	17	19	CS54	R2	0.122964496079922	0	7
P10	17	20	CS55	R1	0.131515524170827	0	14
P10	17	21	CS55	R2	0.128819527413282	0	14
P10	17	22	CS56	R1	0.0764250222633958	0	12
P10	17	23	CS56	R2	0.118132001249408	0	12
P10	17	24	CS57	R1	0.118076187829664	0	12
P10	17	25	CS57	R2	0.159856392260865	0	12
P10	17	26	CS58	R1	0.0719248694402429	0	7
P10	17	27	CS60	R1	0.100513640055468	0	14
P10	17	28	CS62	R1	0.0993955056875461	0	7
P10	17	29	CS62	R2	0.106617274718196	0	7
P10	18	1	CS41	R1	0.0841882422208038	0	14
P10	18	2	CS41	R2	0.107059957297374	0	14
P10	18	3	CS42	R1	0.133608993316678	0	14
P10	18	4	CS42	R2	0.137118961958873	0	14
P10	18	5	CS43	R1	0.114467136406361	0	14
P10	18	6	CS43	R2	0.10550779808229	0	14
P10	18	7	CS44	R1	0.0753217853564817	0	14
P10	18	8	CS47	R1	0.110998515667585	0	14
P10	18	9	CS47	R2	0.130278818778325	0	14
P10	18	10	CS48	R1	0.0816903924484986	0	14
P10	18	11	CS48	R2	0.0797086521882476	0	14
P10	18	12	CS49	R1	0.113873667272691	0	12
P10	18	13	CS49	R2	0.0966131837286618	0	14
P10	18	14	CS51	R1	0.123140367103835	0	14
P10	18	15	CS51	R2	0.124841582779346	0	12
P10	18	16	CS53	R1	0.0908128360393283	0	12
P10	18	17	CS53	R2	0.133457505723064	0	8
P10	18	18	CS54	R1	0.106833951399807	0	7
P10	18	19	CS54	R2	0.083567806377797	0	7
P10	18	20	CS55	R1	0.0622956576076754	0	14
P10	18	21	CS55	R2	0.0788868539483198	0	14
P10	18	22	CS56	R1	0.1299768411202	0	12
P10	18	23	CS56	R2	0.120610719327037	0	12
P10	18	24	CS57	R1	0.121351470338229	0	12
P10	18	25	CS57	R2	0.125874069366607	0	12
P10	18	26	CS58	R1	0.108192350587189	0	7
P10	18	27	CS60	R1	0.127876431971776	0	14
P10	18	28	CS62	R1	0.106825768212903	0	7
P10	18	29	CS62	R2	0.143117281719891	0	7
P10	19	1	CS41	R1	0.111675945850239	0	14
P10	19	2	CS41	R2	0.107808758450421	0	14
P10	19	3	CS42	R1	0.0795461435489174	0	14
P10	19	4	CS42	R2	0.108584448754795	0	14
P10	19	5	CS43	R1	0.137610302008061	0	14
P10	19	6	CS43	R2	0.130287403353836	0	14
P10	19	7	CS44	R1	0.103391100902151	0	14
P10	19	8	CS47	R1	0.0913117992313587	0	14
P10	19	9	CS47	R2	0.098386870990728	0	14
P10	19	10	CS48	R1	0.13179260125532	0	14
P10	19	11	CS48	R2	0.0870756566872604	0	14
P10	19	12	CS49	R1	0.100172241510545	0	12
P10	19	13	CS49	R2	0.0691072083581407	0	14
P10	19	14	CS51	R1	0.106692273058508	0	14
P10	19	15	CS51	R2	0.0927280674842537	0	12
P10	19	16	CS53	R1	0.0623519578550561	0	12
P10	19	17	CS53	R2	0.1150046097272	0	8
P10	19	18	CS54	R1	0.126524534026784	0	7
P10	19	19	CS54	R2	0.135205627691626	0	7
P10	19	20	CS55	R1	0.125835786638139	0	14
P10	19	21	CS55	R2	0.0941110091237921	0	14
P10	19	22	CS56	R1	0.128086853783081	0	12
P10	19	23	CS56	R2	0.119072008675693	0	12
P10	19	24	CS57	R1	0.128630241991851	0	12
P10	19	25	CS57	R2	0.148305851371336	0	12
P10	19	26	CS58	R1	0.1040006855304	0	7
P10	19	27	CS60	R1	0.134909169139028	0	14
P10	19	28	CS62	R1	0.126987803031517	0	7
P10	19	29	CS62	R2	0.100278213742331	0	7
P10	20	1	CS41	R1	0.115269196830701	0	14
P10	20	2	CS41	R2	0.0822120395766804	0	14
P10	20	3	CS42	R1	0.126614213875323	0	14
P10	20	4	CS42	R2	0.134442540391814	0	14
P10	20	5	CS43	R1	0.135244801587841	0	14
P10	20	6	CS43	R2	0.137367878956379	0	14
P10	20	7	CS44	R1	0.128680473679776	0	14
P10	20	8	CS47	R1	0.112509343766343	0	14
P10	20	9	CS47	R2	0.122629748782698	0	14
P10	20	10	CS48	R1	0.0525003853829724	0	14
P10	20	11	CS48	R2	0.106639703585166	0	14
P10	20	12	CS49	R1	0.117363188051427	0	12
P10	20	13	CS49	R2	0.119914571303468	0	14
P10	20	14	CS51	R1	0.115174660818097	0	14
P10	20	15	CS51	R2	0.0983624421633668	0	12
P10	20	16	CS53	R1	0.127592936406971	0	12
P10	20	17	CS53	R2	0.108793845113644	0	8
P10	20	18	CS54	R1	0.117298724876856	0	7
P10	20	19	CS54	R2	0.104685542579236	0	7
P10	20	20	CS55	R1	0.104930730236885	0	14
P10	20	21	CS55	R2	0.101192777796477	0	14
P10	20	22	CS56	R1	0.0804972410422245	0	12
P10	20	23	CS56	R2	0.0919755352935184	0	12
P10	20	24	CS57	R1	0.0952517612120276	0	12
P10	20	25	CS57	R2	0.103177075199928	0	12
P10	20	26	CS58	R1	0.118948560015529	0	7
P10	20	27	CS60	R1	0.0672326305871203	0	14
P10	20	28	CS62	R1	0.0409316253163109	0	7
P10	20	29	CS62	R2	0.0535368249169887	0	7
P10	21	1	CS41	R1	0.0758632815771838	0	14
P10	21	2	CS41	R2	0.0890898751739619	0	14
P10	21	3	CS42	R1	0.107444739755629	0	14
P10	21	4	CS42	R2	0.112557851517667	0	14
P10	21	5	CS43	R1	0.12356522815035	0	14
P10	21	6	CS43	R2	0.13221061958313	0	14
P10	21	7	CS44	R1	0.128442864168852	0	14
P10	21	8	CS47	R1	0.121889556072571	0	14
P10	21	9	CS47	R2	0.101177403336653	0	14
P10	21	10	CS48	R1	0.130131229643134	0	14
P10	21	11	CS48	R2	0.103633641275633	0	14
P10	21	12	CS49	R1	0.136633034600235	0	12
P10	21	13	CS49	R2	0.124778088744455	0	14
P10	21	14	CS51	R1	0.109573439944264	0	14
P10	21	15	CS51	R2	0.127182499691643	0	12
P10	21	16	CS53	R1	0.078755125221675	0	12
P10	21	17	CS53	R2	0.101908982413383	0	8
P10	21	18	CS54	R1	0.0853862568092922	0	7
P10	21	19	CS54	R2	0.111859360458908	0	7
P10	21	20	CS55	R1	0.0858449057966991	0	14
P10	21	21	CS55	R2	0.0832039755206897	0	14
P10	21	22	CS56	R1	0.111776948395738	0	12
P10	21	23	CS56	R2	0.116957597042721	0	12
P10	21	24	CS57	R1	0.13182046361752	0	12
P10	21	25	CS57	R2	0.133449313025662	0	12
P10	21	26	CS58	R1	0.133680602157439	0	7
P10	21	27	CS60	R1	0.0997165518791297	0	14
P10	21	28	CS62	R1	0.130175984397159	0	7
P10	21	29	CS62	R2	0.110193010843389	0	7
P10	22	1	CS41	R1	0.0886075755992407	0	14
P10	22	2	CS41	R2	0.0878367821805698	0	14
P10	22	3	CS42	R1	0.121078798214258	0	14
P10	22	4	CS42	R2	0.11202699996286	0	14
P10	22	5	CS43	R1	0.127389930662727	0	14
P10	22	6	CS43	R2	0.116485319079763	0	14
P10	22	7	CS44	R1	0.0984706240394205	0	14
P10	22	8	CS47	R1	0.0771525045682717	0	14
P10	22	9	CS47	R2	0.112868680028334	0	14
P10	22	10	CS48	R1	0.0865609792226213	0	14
P10	22	11	CS48	R2	0.0978972189200394	0	14
P10	22	12	CS49	R1	0.119453181022844	0	12
P10	22	13	CS49	R2	0.131702072856782	0	14
P10	22	14	CS51	R1	0.108898738415243	0	14
P10	22	15	CS51	R2	0.101945839835465	0	12
P10	22	16	CS53	R1	0.145488427559503	0	12
P10	22	17	CS53	R2	0.109254942998176	0	8
P10	22	18	CS54	R1	0.0939254723938401	0	7
P10	22	19	CS54	R2	0.0775985405888483	0	7
P10	22	20	CS55	R1	0.12901667768335	0	14
P10	22	21	CS55	R2	0.120405997798564	0	14
P10	22	22	CS56	R1	0.0558853273011358	0	12
P10	22	23	CS56	R2	0.111771725062059	0	12
P10	22	24	CS57	R1	0.09891858371073	0	12
P10	22	25	CS57	R2	0.0964244309466677	0	12
P10	22	26	CS58	R1	0.113266388498376	0	7
P10	22	27	CS60	R1	0.119867875770891	0	14
P10	22	28	CS62	R1	0.13171388265746	0	7
P10	22	29	CS62	R2	0.12203798104941	0	7
P10	23	1	CS41	R1	0.128833192388417	0	14
P10	23	2	CS41	R2	0.137627738319756	0	14
P10	23	3	CS42	R1	0.13897840243327	0	14
P10	23	4	CS42	R2	0.116711639290406	0	14
P10	23	5	CS43	R1	0.123081603605396	0	14
P10	23	6	CS43	R2	0.108223990797747	0	14
P10	23	7	CS44	R1	0.134713667623035	0	14
P10	23	8	CS47	R1	0.117692434066934	0	14
P10	23	9	CS47	R2	0.097352406285235	0	14
P10	23	10	CS48	R1	0.118429830626273	0	14
P10	23	11	CS48	R2	0.138756403395192	0	14
P10	23	12	CS49	R1	0.100050613820867	0	12
P10	23	13	CS49	R2	0.125111218181686	0	14
P10	23	14	CS51	R1	0.125690110425562	0	14
P10	23	15	CS51	R2	0.139098851277047	0	12
P10	23	16	CS53	R1	0.115023035263598	0	12
P10	23	17	CS53	R2	0.126313523756544	0	8
P10	23	18	CS54	R1	0.128011419910466	0	7
P10	23	19	CS54	R2	0.0942084342848811	0	7
P10	23	20	CS55	R1	0.132392657548099	0	14
P10	23	21	CS55	R2	0.128734583885855	0	14
P10	23	22	CS56	R1	0.0904998366016513	0	12
P10	23	23	CS56	R2	0.127686462398785	0	12
P10	23	24	CS57	R1	0.148125551213862	0	12
P10	23	25	CS57	R2	0.144347722761879	0	12
P10	23	26	CS58	R1	0.0501699431363046	0	7
P10	23	27	CS60	R1	0.124037346815612	0	14
P10	23	28	CS62	R1	0.0738447362036502	0	7
P10	23	29	CS62	R2	0.100141521315993	0	7
P10	24	1	CS41	R1	0.0718776859092001	0	14
P10	24	2	CS41	R2	0.0832306889374081	0	14
P10	24	3	CS42	R1	0.120888003295055	0	14
P10	24	4	CS42	R2	0.116890980198004	0	14
P10	24	5	CS43	R1	0.0749297646096498	0	14
P10	24	6	CS43	R2	0.0359224878980806	0	14
P10	24	7	CS44	R1	0.118048140021989	0	14
P10	24	8	CS47	R1	0.111888879493954	0	14
P10	24	9	CS47	R2	0.11298222748076	0	14
P10	24	10	CS48	R1	0.0647858086721174	0	14
P10	24	11	CS48	R2	0.0835248695421004	0	14
P10	24	12	CS49	R1	0.14837722575316	0	12
P10	24	13	CS49	R2	0.142411771174539	0	14
P10	24	14	CS51	R1	0.114262063298025	0	14
P10	24	15	CS51	R2	0.100452220616837	0	12
P10	24	16	CS53	R1	0.151350665258932	0	12
P10	24	17	CS53	R2	0.10212825007379	0	8
P10	24	18	CS54	R1	0.126040078839787	0	7
P10	24	19	CS54	R2	0.137968531283962	0	7
P10	24	20	CS55	R1	0.0938255548410662	0	14
P10	24	21	CS55	R2	0.0747206568324661	0	14
P10	24	22	CS56	R1	0.105495313172645	0	12
P10	24	23	CS56	R2	0.0914722458647856	0	12
P10	24	24	CS57	R1	0.128639141862387	0	12
P10	24	25	CS57	R2	0.110883128610273	0	12
P10	24	26	CS58	R1	0.106817389012235	0	7
P10	24	27	CS60	R1	0.101686460331264	0	14
P10	24	28	CS62	R1	0.130759171468512	0	7
P10	24	29	CS62	R2	0.103305126418125	0	7
P10	25	1	CS41	R1	0.103265192885911	0	14
P10	25	2	CS41	R2	0.109725167807361	0	14
P10	25	3	CS42	R1	0.119321753338149	0	14
P10	25	4	CS42	R2	0.128302492986564	0	14
P10	25	5	CS43	R1	0.124004124042148	0	14
P10	25	6	CS43	R2	0.098504744716628	0	14
P10	25	7	CS44	R1	0.0851242390447446	0	14
P10	25	8	CS47	R1	0.125705984189901	0	14
P10	25	9	CS47	R2	0.108344679109814	0	14
P10	25	10	CS48	R1	0.135720171965977	0	14
P10	25	11	CS48	R2	0.119965597498649	0	14
P10	25	12	CS49	R1	0.129971726904576	0	12
P10	25	13	CS49	R2	0.11795710999799	0	14
P10	25	14	CS51	R1	0.134162369419286	0	14
P10	25	15	CS51	R2	0.13818697169473	0	12
P10	25	16	CS53	R1	0.124459770882228	0	12
P10	25	17	CS53	R2	0.11685115794851	0	8
P10	25	18	CS54	R1	0.12957048969739	0	7
P10	25	19	CS54	R2	0.119061447309303	0	7
P10	25	20	CS55	R1	0.128000103797497	0	14
P10	25	21	CS55	R2	0.125511723053085	0	14
P10	25	22	CS56	R1	0.11197071327578	0	12
P10	25	23	CS56	R2	0.119395818824245	0	12
P10	25	24	CS57	R1	0.0973458845364118	0	12
P10	25	25	CS57	R2	0.0767324144687778	0	12
P10	25	26	CS58	R1	0.134304551969392	0	7
P10	25	27	CS60	R1	0.117482802981337	0	14
P10	25	28	CS62	R1	0.109722828207376	0	7
P10	25	29	CS62	R2	0.136451934213915	0	7
P10	26	1	CS41	R1	0.115820382664611	0	14
P10	26	2	CS41	R2	0.0938718887312464	0	14
P10	26	3	CS42	R1	0.06430654319121	0	14
P10	26	4	CS42	R2	0.0998893735009945	0	14
P10	26	5	CS43	R1	0.110285496004785	0	14
P10	26	6	CS43	R2	0.113240330144856	0	14
P10	26	7	CS44	R1	0.118542166834739	0	14
P10	26	8	CS47	R1	0.11451551277395	0	14
P10	26	9	CS47	R2	0.114531303969283	0	14
P10	26	10	CS48	R1	0.102702622984409	0	14
P10	26	11	CS48	R2	0.129839213954856	0	14
P10	26	12	CS49	R1	0.076395694527929	0	12
P10	26	13	CS49	R2	0.085979328595009	0	14
P10	26	14	CS51	R1	0.0756990035642468	0	14
P10	26	15	CS51	R2	0.109178517010848	0	12
P10	26	16	CS53	R1	0.123003504749896	0	12
P10	26	17	CS53	R2	0.121116595254805	0	8
P10	26	18	CS54	R1	0.103872201171131	0	7
P10	26	19	CS54	R2	0.105910869892571	0	7
P10	26	20	CS55	R1	0.113549070353478	0	14
P10	26	21	CS55	R2	0.0809589732594738	0	14
P10	26	22	CS56	R1	0.111981806596084	0	12
P10	26	23	CS56	R2	0.136985082926093	0	12
P10	26	24	CS57	R1	0.133682593515324	0	12
P10	26	25	CS57	R2	0.144226590467404	0	12
P10	26	26	CS58	R1	0.101544097066599	0	7
P10	26	27	CS60	R1	0.0790009164647873	0	14
P10	26	28	CS62	R1	0.130564840773038	0	7
P10	26	29	CS62	R2	0.118754085902567	0	7
P10	27	1	CS41	R1	0.08033737417149	0	14
P10	27	2	CS41	R2	0.109799358576842	0	14
P10	27	3	CS42	R1	0.139946522454892	0	14
P10	27	4	CS42	R2	0.103008668969784	0	14
P10	27	5	CS43	R1	0.145529800174561	0	14
P10	27	6	CS43	R2	0.147308108491926	0	14
P10	27	7	CS44	R1	0.151711920058505	0	14
P10	27	8	CS47	R1	0.113567859852619	0	14
P10	27	9	CS47	R2	0.12915447418659	0	14
P10	27	10	CS48	R1	0.0966765661252042	0	14
P10	27	11	CS48	R2	0.0721524507354844	0	14
P10	27	12	CS49	R1	0.0885026468568299	0	12
P10	27	13	CS49	R2	0.11983095238678	0	14
P10	27	14	CS51	R1	0.141486240066218	0	14
P10	27	15	CS51	R2	0.134980138002724	0	12
P10	27	16	CS53	R1	0.132317317267602	0	12
P10	27	17	CS53	R2	0.114697200339408	0	8
P10	27	18	CS54	R1	0.106027329266949	0	7
P10	27	19	CS54	R2	0.147488443218989	0	7
P10	27	20	CS55	R1	0.143269605996351	0	14
P10	27	21	CS55	R2	0.125506610321351	0	14
P10	27	22	CS56	R1	0.0691330463454488	0	12
P10	27	23	CS56	R2	0.0794486068694208	0	12
P10	27	24	CS57	R1	0.0825068545596689	0	12
P10	27	25	CS57	R2	0.0831563398334492	0	12
P10	27	26	CS58	R1	0.147868234218682	0	7
P10	27	27	CS60	R1	0.110624573611598	0	14
P10	27	28	CS62	R1	0.118156529751823	0	7
P10	27	29	CS62	R2	0.0967118272023243	0	7
P10	28	1	CS41	R1	0.0986691744572857	0	14
P10	28	2	CS41	R2	0.117442495464806	0	14
P10	28	3	CS42	R1	0.112805778311953	0	14
P10	28	4	CS42	R2	0.099511766221173	0	14
P10	28	5	CS43	R1	0.0865107100430137	0	14
P10	28	6	CS43	R2	0.116077612536679	0	14
P10	28	7	CS44	R1	0.0738146476991366	0	14
P10	28	8	CS47	R1	0.110653780926128	0	14
P10	28	9	CS47	R2	0.0965216595495727	0	14
P10	28	10	CS48	R1	0.125916934987354	0	14
P10	28	11	CS48	R2	0.136341302741026	0	14
P10	28	12	CS49	R1	0.0952872629861849	0	12
P10	28	13	CS49	R2	0.0822133421328909	0	14
P10	28	14	CS51	R1	0.0735023167883508	0	14
P10	28	15	CS51	R2	0.0724487953985024	0	12
P10	28	16	CS53	R1	0.111857711532023	0	12
P10	28	17	CS53	R2	0.115263474117024	0	8
P10	28	18	CS54	R1	0.129140200379974	0	7
P10	28	19	CS54	R2	0.107533599142432	0	7
P10	28	20	CS55	R1	0.124479962403041	0	14
P10	28	21	CS55	R2	0.0877787437818301	0	14
P10	28	22	CS56	R1	0.113535002356026	0	12
P10	28	23	CS56	R2	0.0985496574917258	0	12
P10	28	24	CS57	R1	0.112955108342175	0	12
P10	28	25	CS57	R2	0.118272018294071	0	12
P10	28	26	CS58	R1	0.117122695710416	0	7
P10	28	27	CS60	R1	0.12008615870594	0	14
P10	28	28	CS62	R1	0.117182420339842	0	7
P10	28	29	CS62	R2	0.0892742876838113	0	7
P10	29	1	CS41	R1	0.0860146373163249	0	14
P10	29	2	CS41	R2	0.113063200262995	0	14
P10	29	3	CS42	R1	0.0957846381007327	0	14
P10	29	4	CS42	R2	0.0868921858715266	0	14
P10	29	5	CS43	R1	0.124979463828471	0	14
P10	29	6	CS43	R2	0.067319940958402	0	14
P10	29	7	CS44	R1	0.0834513326095666	0	14
P10	29	8	CS47	R1	0.0763310782865658	0	14
P10	29	9	CS47	R2	0.114642586781376	0	14
P10	29	10	CS48	R1	0.0676680927916714	0	14
P10	29	11	CS48	R2	0.0980669093776815	0	14
P10	29	12	CS49	R1	0.0861482424681322	0	12
P10	29	13	CS49	R2	0.114704464188449	0	14
P10	29	14	CS51	R1	0.115607258450573	0	14
P10	29	15	CS51	R2	0.109967155396319	0	12
P10	29	16	CS53	R1	0.113389578464637	0	12
P10	29	17	CS53	R2	0.111010270946125	0	8
P10	29	18	CS54	R1	0.0950444286275528	0	7
P10	29	19	CS54	R2	0.136295218995604	0	7
P10	29	20	CS55	R1	0.115940014958381	0	14
P10	29	21	CS55	R2	0.133348286667416	0	14
P10	29	22	CS56	R1	0.10679946985503	0	12
P10	29	23	CS56	R2	0.132438922913874	0	12
P10	29	24	CS57	R1	0.0890943045907244	0	12
P10	29	25	CS57	R2	0.0640824832832272	0	12
P10	29	26	CS58	R1	0.0993724935589329	0	7
P10	29	27	CS60	R1	0.151439101850926	0	14
P10	29	28	CS62	R1	0.142775156106814	0	7
P10	29	29	CS62	R2	0.120669677240795	0	7
P10	30	1	CS41	R1	0.132404815159278	0	14
P10	30	2	CS41	R2	0.11406399335284	0	14
P10	30	3	CS42	R1	0.134898411554589	0	14
P10	30	4	CS42	R2	0.126084335884108	0	14
P10	30	5	CS43	R1	0.0885677969893807	0	14
P10	30	6	CS43	R2	0.142378879059228	0	14
P10	30	7	CS44	R1	0.0744906347326356	0	14
P10	30	8	CS47	R1	0.129745905173928	0	14
P10	30	9	CS47	R2	0.130226502816537	0	14
P10	30	10	CS48	R1	0.122916812406068	0	14
P10	30	11	CS48	R2	0.120177416181729	0	14
P10	30	12	CS49	R1	0.133033783569279	0	12
P10	30	13	CS49	R2	0.135326718962398	0	14
P10	30	14	CS51	R1	0.129291117986213	0	14
P10	30	15	CS51	R2	0.109935310278672	0	12
P10	30	16	CS53	R1	0.145837996366436	0	12
P10	30	17	CS53	R2	0.140500530198647	0	8
P10	30	18	CS54	R1	0.109961813444832	0	7
P10	30	19	CS54	R2	0.0970503045207995	0	7
P10	30	20	CS55	R1	0.13020531199762	0	14
P10	30	21	CS55	R2	0.12847904743649	0	14
P10	30	22	CS56	R1	0.145443290722273	0	12
P10	30	23	CS56	R2	0.120471506488739	0	12
P10	30	24	CS57	R1	0.127355200564543	0	12
P10	30	25	CS57	R2	0.126438603494379	0	12
P10	30	26	CS58	R1	0.0617454514585399	0	7
P10	30	27	CS60	R1	0.121692596633369	0	14
P10	30	28	CS62	R1	0.102179810491008	0	7
P10	30	29	CS62	R2	0.113237153565261	0	7
P10	31	1	CS41	R1	0.0962519728409973	0	14
P10	31	2	CS41	R2	0.113167359430963	0	14
P10	31	3	CS42	R1	0.118053281487767	0	14
P10	31	4	CS42	R2	0.068240995939302	0	14
P10	31	5	CS43	R1	0.117378354920239	0	14
P10	31	6	CS43	R2	0.0837349802150383	0	14
P10	31	7	CS44	R1	0.130560655484456	0	14
P10	31	8	CS47	R1	0.143976221179316	0	14
P10	31	9	CS47	R2	0.127671637957761	0	14
P10	31	10	CS48	R1	0.114246502160426	0	14
P10	31	11	CS48	R2	0.12859496737213	0	14
P10	31	12	CS49	R1	0.140082530550679	0	12
P10	31	13	CS49	R2	0.122857937386528	0	14
P10	31	14	CS51	R1	0.109588299480703	0	14
P10	31	15	CS51	R2	0.091342744927926	0	12
P10	31	16	CS53	R1	0.133549730805435	0	12
P10	31	17	CS53	R2	0.127187580351127	0	8
P10	31	18	CS54	R1	0.134133226392763	0	7
P10	31	19	CS54	R2	0.110329638131076	0	7
P10	31	20	CS55	R1	0.136881463635026	0	14
P10	31	21	CS55	R2	0.11371783723645	0	14
P10	31	22	CS56	R1	0.0659849833238266	0	12
P10	31	23	CS56	R2	0.0868470254087657	0	12
P10	31	24	CS57	R1	0.114114145394008	0	12
P10	31	25	CS57	R2	0.0864849391549862	0	12
P10	31	26	CS58	R1	0.0690616377292719	0	7
P10	31	27	CS60	R1	0.125754549772996	0	14
P10	31	28	CS62	R1	0.0927393081196552	0	7
P10	31	29	CS62	R2	0.113746200585159	0	7
P10	32	1	CS41	R1	0.0856435557816485	0	14
P10	32	2	CS41	R2	0.0897031385660288	0	14
P10	32	3	CS42	R1	0.104766509917608	0	14
P10	32	4	CS42	R2	0.130174658195195	0	14
P10	32	5	CS43	R1	0.112804509877496	0	14
P10	32	6	CS43	R2	0.13099338623174	0	14
P10	32	7	CS44	R1	0.126776346414273	0	14
P10	32	8	CS47	R1	0.142124706083154	0	14
P10	32	9	CS47	R2	0.151433743147896	0	14
P10	32	10	CS48	R1	0.108162743522746	0	14
P10	32	11	CS48	R2	0.12465858814993	0	14
P10	32	12	CS49	R1	0.0788616642235402	0	12
P10	32	13	CS49	R2	0.0584406311736949	0	14
P10	32	14	CS51	R1	0.0962643275321958	0	14
P10	32	15	CS51	R2	0.10539528528513	0	12
P10	32	16	CS53	R1	0.0401738353426786	0	12
P10	32	17	CS53	R2	0.0870316292674682	0	8
P10	32	18	CS54	R1	0.108464571851894	0	7
P10	32	19	CS54	R2	0.12937583025677	0	7
P10	32	20	CS55	R1	0.119283325651676	0	14
P10	32	21	CS55	R2	0.109375030116512	0	14
P10	32	22	CS56	R1	0.124302896111418	0	12
P10	32	23	CS56	R2	0.135977371193338	0	12
P10	32	24	CS57	R1	0.0923013263478039	0	12
P10	32	25	CS57	R2	0.108543690339907	0	12
P10	32	26	CS58	R1	0.133535321179052	0	7
P10	32	27	CS60	R1	0.0839513704282089	0	14
P10	32	28	CS62	R1	0.129979236718877	0	7
P10	32	29	CS62	R2	0.138204672375158	0	7
P10	33	1	CS41	R1	0.124981758779266	0	14
P10	33	2	CS41	R2	0.112335573055409	0	14
P10	33	3	CS42	R1	0.122998716884093	0	14
P10	33	4	CS42	R2	0.136937133868518	0	14
P10	33	5	CS43	R1	0.132276489985441	0	14
P10	33	6	CS43	R2	0.122026719021094	0	14
P10	33	7	CS44	R1	0.131869870934695	0	14
P10	33	8	CS47	R1	0.0661231665239757	0	14
P10	33	9	CS47	R2	0.0462880062605093	0	14
P10	33	10	CS48	R1	0.0849289760284751	0	14
P10	33	11	CS48	R2	0.101585970593237	0	14
P10	33	12	CS49	R1	0.116185065110889	0	12
P10	33	13	CS49	R2	0.117906061753111	0	14
P10	33	14	CS51	R1	0.0927233198860452	0	14
P10	33	15	CS51	R2	0.0725436457782201	0	12
P10	33	16	CS53	R1	0.124674889576803	0	12
P10	33	17	CS53	R2	0.0971209973847229	0	8
P10	33	18	CS54	R1	0.102400678066335	0	7
P10	33	19	CS54	R2	0.0970058650230741	0	7
P10	33	20	CS55	R1	0.105276772765071	0	14
P10	33	21	CS55	R2	0.0897938375395394	0	14
P10	33	22	CS56	R1	0.0941543513461715	0	12
P10	33	23	CS56	R2	0.120763285669274	0	12
P10	33	24	CS57	R1	0.140816374669065	0	12
P10	33	25	CS57	R2	0.12106392529238	0	12
P10	33	26	CS58	R1	0.120558269105447	0	7
P10	33	27	CS60	R1	0.108599366087907	0	14
P10	33	28	CS62	R1	0.121019467744188	0	7
P10	33	29	CS62	R2	0.125661367995474	0	7
P10	34	1	CS41	R1	0.0848744248568458	0	14
P10	34	2	CS41	R2	0.0914012769533502	0	14
P10	34	3	CS42	R1	0.12636619493018	0	14
P10	34	4	CS42	R2	0.135608623407237	0	14
P10	34	5	CS43	R1	0.121594873703104	0	14
P10	34	6	CS43	R2	0.117052483522664	0	14
P10	34	7	CS44	R1	0.112436421325638	0	14
P10	34	8	CS47	R1	0.109026482464499	0	14
P10	34	9	CS47	R2	0.0992325737348857	0	14
P10	34	10	CS48	R1	0.0947197277574188	0	14
P10	34	11	CS48	R2	0.115402370069801	0	14
P10	34	12	CS49	R1	0.113804878265871	0	12
P10	34	13	CS49	R2	0.0997100310171305	0	14
P10	34	14	CS51	R1	0.100494763723721	0	14
P10	34	15	CS51	R2	0.108969379776938	0	12
P10	34	16	CS53	R1	0.142227790358671	0	12
P10	34	17	CS53	R2	0.141762519582766	0	8
P10	34	18	CS54	R1	0.0863067102654716	0	7
P10	34	19	CS54	R2	0.082860865069737	0	7
P10	34	20	CS55	R1	0.0941076552298052	0	14
P10	34	21	CS55	R2	0.126485984472342	0	14
P10	34	22	CS56	R1	0.109288098835239	0	12
P10	34	23	CS56	R2	0.119277788035147	0	12
P10	34	24	CS57	R1	0.0777311650720218	0	12
P10	34	25	CS57	R2	0.100382212317983	0	12
P10	34	26	CS58	R1	0.104554740209534	0	7
P10	34	27	CS60	R1	0.0554305700308259	0	14
P10	34	28	CS62	R1	0.10864978656183	0	7
P10	34	29	CS62	R2	0.0835841250805665	0	7
P10	35	1	CS41	R1	0.0996849934316611	0	14
P10	35	2	CS41	R2	0.0817718509570914	0	14
P10	35	3	CS42	R1	0.126982550920899	0	14
P10	35	4	CS42	R2	0.125641922447342	0	14
P10	35	5	CS43	R1	0.108736257235885	0	14
P10	35	6	CS43	R2	0.137948990784348	0	14
P10	35	7	CS44	R1	0.124508672164581	0	14
P10	35	8	CS47	R1	0.13582020979672	0	14
P10	35	9	CS47	R2	0.0888414746517775	0	14
P10	35	10	CS48	R1	0.122215100613388	0	14
P10	35	11	CS48	R2	0.0784011004061226	0	14
P10	35	12	CS49	R1	0.0610231692278239	0	12
P10	35	13	CS49	R2	0.0551288990399332	0	14
P10	35	14	CS51	R1	0.119815329798974	0	14
P10	35	15	CS51	R2	0.145412641639995	0	12
P10	35	16	CS53	R1	0.122678487384202	0	12
P10	35	17	CS53	R2	0.138933987151019	0	8
P10	35	18	CS54	R1	0.0575220724883303	0	7
P10	35	19	CS54	R2	0.0918194509637371	0	7
P10	35	20	CS55	R1	0.103322245004724	0	14
P10	35	21	CS55	R2	0.0730964697709224	0	14
P10	35	22	CS56	R1	0.114851830335115	0	12
P10	35	23	CS56	R2	0.143327384170964	0	12
P10	35	24	CS57	R1	0.0502245813830686	0	12
P10	35	25	CS57	R2	0.0746588131686885	0	12
P10	35	26	CS58	R1	0.0855630438343969	0	7
P10	35	27	CS60	R1	0.114635830016649	0	14
P10	35	28	CS62	R1	0.0639701830913053	0	7
P10	35	29	CS62	R2	0.0857134379710448	0	7
P10	36	1	CS41	R1	0.143077943608028	0	14
P10	36	2	CS41	R2	0.136961949020436	0	14
P10	36	3	CS42	R1	0.125978862796472	0	14
P10	36	4	CS42	R2	0.104441681368597	0	14
P10	36	5	CS43	R1	0.0637281751104909	0	14
P10	36	6	CS43	R2	0.051527841859584	0	14
P10	36	7	CS44	R1	0.0998801924017082	0	14
P10	36	8	CS47	R1	0.118550625247875	0	14
P10	36	9	CS47	R2	0.081094074269966	0	14
P10	36	10	CS48	R1	0.122923103868493	0	14
P10	36	11	CS48	R2	0.126194686285566	0	14
P10	36	12	CS49	R1	0.103525954651347	0	12
P10	36	13	CS49	R2	0.132455638450827	0	14
P10	36	14	CS51	R1	0.130629333873147	0	14
P10	36	15	CS51	R2	0.13385240251967	0	12
P10	36	16	CS53	R1	0.103258832557133	0	12
P10	36	17	CS53	R2	0.118603926349477	0	8
P10	36	18	CS54	R1	0.0737334588738342	0	7
P10	36	19	CS54	R2	0.123947088795982	0	7
P10	36	20	CS55	R1	0.0807536837152523	0	14
P10	36	21	CS55	R2	0.109831429666212	0	14
P10	36	22	CS56	R1	0.123433835600368	0	12
P10	36	23	CS56	R2	0.129266597203477	0	12
P10	36	24	CS57	R1	0.124251964669834	0	12
P10	36	25	CS57	R2	0.138052252316801	0	12
P10	36	26	CS58	R1	0.087716632060169	0	7
P10	36	27	CS60	R1	0.119797394343597	0	14
P10	36	28	CS62	R1	0.0883019143942613	0	7
P10	36	29	CS62	R2	0.104151049615193	0	7
P10	37	1	CS41	R1	0.060312130688485	0	14
P10	37	2	CS41	R2	0.0954888042697968	0	14
P10	37	3	CS42	R1	0.11770205601816	0	14
P10	37	4	CS42	R2	0.114651282285456	0	14
P10	37	5	CS43	R1	0.13601511735303	0	14
P10	37	6	CS43	R2	0.125237994497125	0	14
P10	37	7	CS44	R1	0.088026428694883	0	14
P10	37	8	CS47	R1	0.128907730501547	0	14
P10	37	9	CS47	R2	0.115876263346956	0	14
P10	37	10	CS48	R1	0.0639553879394179	0	14
P10	37	11	CS48	R2	0.067376910750334	0	14
P10	37	12	CS49	R1	0.110570093705267	0	12
P10	37	13	CS49	R2	0.0971545989135185	0	14
P10	37	14	CS51	R1	0.104894553425273	0	14
P10	37	15	CS51	R2	0.11990358826133	0	12
P10	37	16	CS53	R1	0.131826665269766	0	12
P10	37	17	CS53	R2	0.118921381414812	0	8
P10	37	18	CS54	R1	0.124070438685804	0	7
P10	37	19	CS54	R2	0.136603542401432	0	7
P10	37	20	CS55	R1	0.11838389923673	0	14
P10	37	21	CS55	R2	0.112634307511465	0	14
P10	37	22	CS56	R1	0.0898551386485321	0	12
P10	37	23	CS56	R2	0.093149143921296	0	12
P10	37	24	CS57	R1	0.143780851055927	0	12
P10	37	25	CS57	R2	0.134829630603131	0	12
P10	37	26	CS58	R1	0.117719710575062	0	7
P10	37	27	CS60	R1	0.12032957820706	0	14
P10	37	28	CS62	R1	0.135926450882222	0	7
P10	37	29	CS62	R2	0.0941748970891064	0	7
P10	38	1	CS41	R1	0.107510591767946	0	14
P10	38	2	CS41	R2	0.102806433022595	0	14
P10	38	3	CS42	R1	0.118838800336328	0	14
P10	38	4	CS42	R2	0.126862882133241	0	14
P10	38	5	CS43	R1	0.0881157029063661	0	14
P10	38	6	CS43	R2	0.12569320401256	0	14
P10	38	7	CS44	R1	0.124858605036046	0	14
P10	38	8	CS47	R1	0.111133454569143	0	14
P10	38	9	CS47	R2	0.122981545922467	0	14
P10	38	10	CS48	R1	0.119616552908877	0	14
P10	38	11	CS48	R2	0.12756001361443	0	14
P10	38	12	CS49	R1	0.0712106672669143	0	12
P10	38	13	CS49	R2	0.0812932486511418	0	14
P10	38	14	CS51	R1	0.0844955529573184	0	14
P10	38	15	CS51	R2	0.134093098507938	0	12
P10	38	16	CS53	R1	0.0722407003884869	0	12
P10	38	17	CS53	R2	0.0707453076435013	0	8
P10	38	18	CS54	R1	0.108853467747815	0	7
P10	38	19	CS54	R2	0.0922996167152002	0	7
P10	38	20	CS55	R1	0.129958648812752	0	14
P10	38	21	CS55	R2	0.137257892779785	0	14
P10	38	22	CS56	R1	0.122336355972316	0	12
P10	38	23	CS56	R2	0.12341388857567	0	12
P10	38	24	CS57	R1	0.0734127007846058	0	12
P10	38	25	CS57	R2	0.103791996223593	0	12
P10	38	26	CS58	R1	0.115285164455803	0	7
P10	38	27	CS60	R1	0.125202234671384	0	14
P10	38	28	CS62	R1	0.0691708779143295	0	7
P10	38	29	CS62	R2	0.11509214009597	0	7
P10	39	1	CS41	R1	0.136732872714678	0	14
P10	39	2	CS41	R2	0.119012432486374	0	14
P10	39	3	CS42	R1	0.128647744636696	0	14
P10	39	4	CS42	R2	0.0905409600900071	0	14
P10	39	5	CS43	R1	0.106010710210293	0	14
P10	39	6	CS43	R2	0.0731298938448976	0	14
P10	39	7	CS44	R1	0.12335592507983	0	14
P10	39	8	CS47	R1	0.125940333778149	0	14
P10	39	9	CS47	R2	0.105137824697478	0	14
P10	39	10	CS48	R1	0.135651000518704	0	14
P10	39	11	CS48	R2	0.145945263112734	0	14
P10	39	12	CS49	R1	0.136424542000724	0	12
P10	39	13	CS49	R2	0.119272543144751	0	14
P10	39	14	CS51	R1	0.115147305935335	0	14
P10	39	15	CS51	R2	0.102889080613299	0	12
P10	39	16	CS53	R1	0.13474653307139	0	12
P10	39	17	CS53	R2	0.136282326843468	0	8
P10	39	18	CS54	R1	0.143659473556989	0	7
P10	39	19	CS54	R2	0.132471484981067	0	7
P10	39	20	CS55	R1	0.126750433727689	0	14
P10	39	21	CS55	R2	0.118439001413605	0	14
P10	39	22	CS56	R1	0.0862990291431601	0	12
P10	39	23	CS56	R2	0.0554520363860913	0	12
P10	39	24	CS57	R1	0.0567543760856407	0	12
P10	39	25	CS57	R2	0.098741643229084	0	12
P10	39	26	CS58	R1	0.109338462114665	0	7
P10	39	27	CS60	R1	0.101420519718687	0	14
P10	39	28	CS62	R1	0.141611678776793	0	7
P10	39	29	CS62	R2	0.156813201792365	0	7
P10	40	1	CS41	R1	0.103728426872796	0	14
P10	40	2	CS41	R2	0.113821113158418	0	14
P10	40	3	CS42	R1	0.0952241392287266	0	14
P10	40	4	CS42	R2	0.0763574534017067	0	14
P10	40	5	CS43	R1	0.0729431850501322	0	14
P10	40	6	CS43	R2	0.10321192371098	0	14
P10	40	7	CS44	R1	0.108469416028135	0	14
P10	40	8	CS47	R1	0.0964698161339347	0	14
P10	40	9	CS47	R2	0.0585679999430552	0	14
P10	40	10	CS48	R1	0.0948972355346823	0	14
P10	40	11	CS48	R2	0.0829436564555672	0	14
P10	40	12	CS49	R1	0.0621787013897997	0	12
P10	40	13	CS49	R2	0.045881937993729	0	14
P10	40	14	CS51	R1	0.119939276705252	0	14
P10	40	15	CS51	R2	0.142537296387049	0	12
P10	40	16	CS53	R1	0.113451482168572	0	12
P10	40	17	CS53	R2	0.105111846163961	0	8
P10	40	18	CS54	R1	0.0692934801573186	0	7
P10	40	19	CS54	R2	0.0860048328206192	0	7
P10	40	20	CS55	R1	0.103782094274494	0	14
P10	40	21	CS55	R2	0.145874646055244	0	14
P10	40	22	CS56	R1	0.10828114834927	0	12
P10	40	23	CS56	R2	0.09489132097377	0	12
P10	40	24	CS57	R1	0.0841093368205306	0	12
P10	40	25	CS57	R2	0.103207246586961	0	12
P10	40	26	CS58	R1	0.079928739274394	0	7
P10	40	27	CS60	R1	0.080760656568355	0	14
P10	40	28	CS62	R1	0.138995239462959	0	7
P10	40	29	CS62	R2	0.122695128329577	0	7
P10	41	1	CS41	R1	0.113136260734785	0	14
P10	41	2	CS41	R2	0.137674448431591	0	14
P10	41	3	CS42	R1	0.0847342868512595	0	14
P10	41	4	CS42	R2	0.050134172934732	0	14
P10	41	5	CS43	R1	0.0464551475106814	0	14
P10	41	6	CS43	R2	0.111185273542212	0	14
P10	41	7	CS44	R1	0.125695746849798	0	14
P10	41	8	CS47	R1	0.103892448932304	0	14
P10	41	9	CS47	R2	0.0598215806316331	0	14
P10	41	10	CS48	R1	0.105276478415156	0	14
P10	41	11	CS48	R2	0.0983377048467921	0	14
P10	41	12	CS49	R1	0.135686978621928	0	12
P10	41	13	CS49	R2	0.138410447122099	0	14
P10	41	14	CS51	R1	0.107256029441541	0	14
P10	41	15	CS51	R2	0.0887418220871459	0	12
P10	41	16	CS53	R1	0.113984687026876	0	12
P10	41	17	CS53	R2	0.111504028028686	0	8
P10	41	18	CS54	R1	0.0852312445052695	0	7
P10	41	19	CS54	R2	0.101137070500235	0	7
P10	41	20	CS55	R1	0.131377714858034	0	14
P10	41	21	CS55	R2	0.139237205189789	0	14
P10	41	22	CS56	R1	0.127079627922864	0	12
P10	41	23	CS56	R2	0.109143840018169	0	12
P10	41	24	CS57	R1	0.105582475642704	0	12
P10	41	25	CS57	R2	0.124418949541319	0	12
P10	41	26	CS58	R1	0.0932135246141308	0	7
P10	41	27	CS60	R1	0.128209136584247	0	14
P10	41	28	CS62	R1	0.0571810465472023	0	7
P10	41	29	CS62	R2	0.120485501575288	0	7
P10	42	1	CS41	R1	0.118927691749053	0	14
P10	42	2	CS41	R2	0.122229851886099	0	14
P10	42	3	CS42	R1	0.114740566104708	0	14
P10	42	4	CS42	R2	0.131826304151549	0	14
P10	42	5	CS43	R1	0.0951723410178296	0	14
P10	42	6	CS43	R2	0.0727701753087205	0	14
P10	42	7	CS44	R1	0.143513915533647	0	14
P10	42	8	CS47	R1	0.107411419668503	0	14
P10	42	9	CS47	R2	0.124051619102121	0	14
P10	42	10	CS48	R1	0.096824945493103	0	14
P10	42	11	CS48	R2	0.120857923196898	0	14
P10	42	12	CS49	R1	0.102377474634146	0	12
P10	42	13	CS49	R2	0.140721552698327	0	14
P10	42	14	CS51	R1	0.111118953109847	0	14
P10	42	15	CS51	R2	0.0710359140112017	0	12
P10	42	16	CS53	R1	0.135651589684551	0	12
P10	42	17	CS53	R2	0.12428278306084	0	8
P10	42	18	CS54	R1	0.112291613011668	0	7
P10	42	19	CS54	R2	0.0719778133217411	0	7
P10	42	20	CS55	R1	0.0629932963514136	0	14
P10	42	21	CS55	R2	0.0667468289808033	0	14
P10	42	22	CS56	R1	0.123394211847073	0	12
P10	42	23	CS56	R2	0.124042005455866	0	12
P10	42	24	CS57	R1	0.118408794335604	0	12
P10	42	25	CS57	R2	0.13592549907686	0	12
P10	42	26	CS58	R1	0.127368765500946	0	7
P10	42	27	CS60	R1	0.0728204495091694	0	14
P10	42	28	CS62	R1	0.054079410888438	0	7
P10	42	29	CS62	R2	0.104303776820708	0	7
P10	43	1	CS41	R1	0.0867997336729509	0	14
P10	43	2	CS41	R2	0.10930972329833	0	14
P10	43	3	CS42	R1	0.112564714614	0	14
P10	43	4	CS42	R2	0.0947923586412488	0	14
P10	43	5	CS43	R1	0.0954785976597115	0	14
P10	43	6	CS43	R2	0.076790540215274	0	14
P10	43	7	CS44	R1	0.141192139851006	0	14
P10	43	8	CS47	R1	0.113395485080904	0	14
P10	43	9	CS47	R2	0.130877420374265	0	14
P10	43	10	CS48	R1	0.0798406906332506	0	14
P10	43	11	CS48	R2	0.0612297068021963	0	14
P10	43	12	CS49	R1	0.0559176207587475	0	12
P10	43	13	CS49	R2	0.0803271938481153	0	14
P10	43	14	CS51	R1	0.104705217121716	0	14
P10	43	15	CS51	R2	0.104109307689849	0	12
P10	43	16	CS53	R1	0.125481040301967	0	12
P10	43	17	CS53	R2	0.0724309439679389	0	8
P10	43	18	CS54	R1	0.131058707175147	0	7
P10	43	19	CS54	R2	0.123525923235594	0	7
P10	43	20	CS55	R1	0.117586778464214	0	14
P10	43	21	CS55	R2	0.134676768209603	0	14
P10	43	22	CS56	R1	0.117471464776649	0	12
P10	43	23	CS56	R2	0.101651683834465	0	12
P10	43	24	CS57	R1	0.116804442247639	0	12
P10	43	25	CS57	R2	0.124383628350669	0	12
P10	43	26	CS58	R1	0.125945249788844	0	7
P10	43	27	CS60	R1	0.116762407515524	0	14
P10	43	28	CS62	R1	0.113213911518926	0	7
P10	43	29	CS62	R2	0.0738721686897767	0	7
P10	44	1	CS41	R1	0.0951564447956381	0	14
P10	44	2	CS41	R2	0.0854853444605013	0	14
P10	44	3	CS42	R1	0.039791141306296	0	14
P10	44	4	CS42	R2	0.101781564074721	0	14
P10	44	5	CS43	R1	0.107759809677791	0	14
P10	44	6	CS43	R2	0.0625218791219158	0	14
P10	44	7	CS44	R1	0.0925097802252968	0	14
P10	44	8	CS47	R1	0.130440362609123	0	14
P10	44	9	CS47	R2	0.150389300092725	0	14
P10	44	10	CS48	R1	0.101306334548241	0	14
P10	44	11	CS48	R2	0.0885132610177145	0	14
P10	44	12	CS49	R1	0.0968580301633358	0	12
P10	44	13	CS49	R2	0.0656466980510769	0	14
P10	44	14	CS51	R1	0.0855643768304712	0	14
P10	44	15	CS51	R2	0.0978779447976896	0	12
P10	44	16	CS53	R1	0.0789258305648198	0	12
P10	44	17	CS53	R2	0.060783602069735	0	8
P10	44	18	CS54	R1	0.0862366585778441	0	7
P10	44	19	CS54	R2	0.13028929083868	0	7
P10	44	20	CS55	R1	0.13414919226886	0	14
P10	44	21	CS55	R2	0.114634221468917	0	14
P10	44	22	CS56	R1	0.136099922158	0	12
P10	44	23	CS56	R2	0.133221515732094	0	12
P10	44	24	CS57	R1	0.145007478906649	0	12
P10	44	25	CS57	R2	0.141313025647973	0	12
P10	44	26	CS58	R1	0.144481337061859	0	7
P10	44	27	CS60	R1	0.0756331838076039	0	14
P10	44	28	CS62	R1	0.0702685807467471	0	7
P10	44	29	CS62	R2	0.0909742060757988	0	7
P10	45	1	CS41	R1	0.104101309127717	0	14
P10	45	2	CS41	R2	0.100376052520673	0	14
P10	45	3	CS42	R1	0.10753587694249	0	14
P10	45	4	CS42	R2	0.0929059986447005	0	14
P10	45	5	CS43	R1	0.104715752336749	0	14
P10	45	6	CS43	R2	0.100566715896788	0	14
P10	45	7	CS44	R1	0.0753995211568477	0	14
P10	45	8	CS47	R1	0.0726989310016839	0	14
P10	45	9	CS47	R2	0.0988035026830828	0	14
P10	45	10	CS48	R1	0.0873410514335231	0	14
P10	45	11	CS48	R2	0.0868706331135678	0	14
P10	45	12	CS49	R1	0.0906711634084234	0	12
P10	45	13	CS49	R2	0.0564439426849207	0	14
P10	45	14	CS51	R1	0.0591329324976043	0	14
P10	45	15	CS51	R2	0.121447740401627	0	12
P10	45	16	CS53	R1	0.0948045884540521	0	12
P10	45	17	CS53	R2	0.089681385895043	0	8
P10	45	18	CS54	R1	0.127720425817272	0	7
P10	45	19	CS54	R2	0.123181597677837	0	7
P10	45	20	CS55	R1	0.11737354323473	0	14
P10	45	21	CS55	R2	0.104904252052652	0	14
P10	45	22	CS56	R1	0.137349752777946	0	12
P10	45	23	CS56	R2	0.110075124715394	0	12
P10	45	24	CS57	R1	0.0821876340795705	0	12
P10	45	25	CS57	R2	0.0761515205564603	0	12
P10	45	26	CS58	R1	0.0994275559212632	0	7
P10	45	27	CS60	R1	0.106149807808686	0	14
P10	45	28	CS62	R1	0.131396975608958	0	7
P10	45	29	CS62	R2	0.118334443122589	0	7
P10	46	1	CS41	R1	0.0684269143055856	0	14
P10	46	2	CS41	R2	0.0793327499152129	0	14
P10	46	3	CS42	R1	0.0814460706396207	0	14
P10	46	4	CS42	R2	0.116386000114671	0	14
P10	46	5	CS43	R1	0.113987887035607	0	14
P10	46	6	CS43	R2	0.0606362086185381	0	14
P10	46	7	CS44	R1	0.101615533107734	0	14
P10	46	8	CS47	R1	0.126815768621649	0	14
P10	46	9	CS47	R2	0.0871371490109035	0	14
P10	46	10	CS48	R1	0.0671855725618417	0	14
P10	46	11	CS48	R2	0.0801265381788127	0	14
P10	46	12	CS49	R1	0.104727862202041	0	12
P10	46	13	CS49	R2	0.0964021617677682	0	14
P10	46	14	CS51	R1	0.117415013069625	0	14
P10	46	15	CS51	R2	0.118388190478409	0	12
P10	46	16	CS53	R1	0.109791746985629	0	12
P10	46	17	CS53	R2	0.123498381907771	0	8
P10	46	18	CS54	R1	0.0667075143256675	0	7
P10	46	19	CS54	R2	0.0528762919475975	0	7
P10	46	20	CS55	R1	0.118261320370296	0	14
P10	46	21	CS55	R2	0.0848911235885602	0	14
P10	46	22	CS56	R1	0.0522885383027749	0	12
P10	46	23	CS56	R2	0.0652698561263144	0	12
P10	46	24	CS57	R1	0.115395719712047	0	12
P10	46	25	CS57	R2	0.107046974063226	0	12
P10	46	26	CS58	R1	0.108822908608508	0	7
P10	46	27	CS60	R1	0.133984484563552	0	14
P10	46	28	CS62	R1	0.0660682398434493	0	7
P10	46	29	CS62	R2	0.0905341758922631	0	7
P10	47	1	CS41	R1	0.147093163280406	0	14
P10	47	2	CS41	R2	0.129742514700753	0	14
P10	47	3	CS42	R1	0.138462736858093	0	14
P10	47	4	CS42	R2	0.136784674824689	0	14
P10	47	5	CS43	R1	0.0973169537054268	0	14
P10	47	6	CS43	R2	0.0954909639190318	0	14
P10	47	7	CS44	R1	0.0953616744913401	0	14
P10	47	8	CS47	R1	0.133648823209663	0	14
P10	47	9	CS47	R2	0.127523633423238	0	14
P10	47	10	CS48	R1	0.0813312823872414	0	14
P10	47	11	CS48	R2	0.0706668366944096	0	14
P10	47	12	CS49	R1	0.060822841496593	0	12
P10	47	13	CS49	R2	0.0919305638109596	0	14
P10	47	14	CS51	R1	0.0657937445919059	0	14
P10	47	15	CS51	R2	0.0496970601102588	0	12
P10	47	16	CS53	R1	0.0952164187240633	0	12
P10	47	17	CS53	R2	0.114122471992735	0	8
P10	47	18	CS54	R1	0.121867979303046	0	7
P10	47	19	CS54	R2	0.0889539151241934	0	7
P10	47	20	CS55	R1	0.119975953583795	0	14
P10	47	21	CS55	R2	0.139949479465229	0	14
P10	47	22	CS56	R1	0.101931060424462	0	12
P10	47	23	CS56	R2	0.0840859742678414	0	12
P10	47	24	CS57	R1	0.0929816470871935	0	12
P10	47	25	CS57	R2	0.0967704156465835	0	12
P10	47	26	CS58	R1	0.128653515741293	0	7
P10	47	27	CS60	R1	0.0736884846625587	0	14
P10	47	28	CS62	R1	0.0816572845814215	0	7
P10	47	29	CS62	R2	0.128701086839821	0	7
P10	48	1	CS41	R1	0.0378152079341634	0	14
P10	48	2	CS41	R2	0.0568656072168081	0	14
P10	48	3	CS42	R1	0.106470470409099	0	14
P10	48	4	CS42	R2	0.131159510347864	0	14
P10	48	5	CS43	R1	0.0539737821135359	0	14
P10	48	6	CS43	R2	0.0590058792673001	0	14
P10	48	7	CS44	R1	0.0901696246353003	0	14
P10	48	8	CS47	R1	0.143466889575434	0	14
P10	48	9	CS47	R2	0.122203200181	0	14
P10	48	10	CS48	R1	0.119981194332015	0	14
P10	48	11	CS48	R2	0.133088722111867	0	14
P10	48	12	CS49	R1	0.102937759235041	0	12
P10	48	13	CS49	R2	0.0972711521111627	0	14
P10	48	14	CS51	R1	0.122341359224942	0	14
P10	48	15	CS51	R2	0.0970485817853375	0	12
P10	48	16	CS53	R1	0.114287296300324	0	12
P10	48	17	CS53	R2	0.123722398991158	0	8
P10	48	18	CS54	R1	0.117666395605727	0	7
P10	48	19	CS54	R2	0.110102340563791	0	7
P10	48	20	CS55	R1	0.115617842457952	0	14
P10	48	21	CS55	R2	0.13436932036284	0	14
P10	48	22	CS56	R1	0.110604905825322	0	12
P10	48	23	CS56	R2	0.106716754084653	0	12
P10	48	24	CS57	R1	0.102265728411928	0	12
P10	48	25	CS57	R2	0.0879928326212912	0	12
P10	48	26	CS58	R1	0.107482953224902	0	7
P10	48	27	CS60	R1	0.0654453656341565	0	14
P10	48	28	CS62	R1	0.132967694736929	0	7
P10	48	29	CS62	R2	0.11344311317034	0	7
P10	49	1	CS41	R1	0.118403792170372	0	14
P10	49	2	CS41	R2	0.0815416182321312	0	14
P10	49	3	CS42	R1	0.128493159094053	0	14
P10	49	4	CS42	R2	0.13482749950502	0	14
P10	49	5	CS43	R1	0.119765033313597	0	14
P10	49	6	CS43	R2	0.122191835332065	0	14
P10	49	7	CS44	R1	0.132857306757131	0	14
P10	49	8	CS47	R1	0.0866170801062161	0	14
P10	49	9	CS47	R2	0.110833954008309	0	14
P10	49	10	CS48	R1	0.132936012795299	0	14
P10	49	11	CS48	R2	0.118992811537996	0	14
P10	49	12	CS49	R1	0.09221000265212	0	12
P10	49	13	CS49	R2	0.0939378390939935	0	14
P10	49	14	CS51	R1	0.123879089442991	0	14
P10	49	15	CS51	R2	0.134675089042088	0	12
P10	49	16	CS53	R1	0.0858000865754571	0	12
P10	49	17	CS53	R2	0.0506805696739101	0	8
P10	49	18	CS54	R1	0.142465252496516	0	7
P10	49	19	CS54	R2	0.109030551793444	0	7
P10	49	20	CS55	R1	0.109049194039955	0	14
P10	49	21	CS55	R2	0.106439518413364	0	14
P10	49	22	CS56	R1	0.130419470910883	0	12
P10	49	23	CS56	R2	0.111653290803388	0	12
P10	49	24	CS57	R1	0.100824681237232	0	12
P10	49	25	CS57	R2	0.10857425963629	0	12
P10	49	26	CS58	R1	0.129243470412075	0	7
P10	49	27	CS60	R1	0.0895592103880468	0	14
P10	49	28	CS62	R1	0.115452781587773	0	7
P10	49	29	CS62	R2	0.0848530533791982	0	7
P10	50	1	CS41	R1	0.124202937897836	0	14
P10	50	2	CS41	R2	0.1158750868205	0	14
P10	50	3	CS42	R1	0.132299633003084	0	14
P10	50	4	CS42	R2	0.114872702081991	0	14
P10	50	5	CS43	R1	0.113792170700269	0	14
P10	50	6	CS43	R2	0.129206965289873	0	14
P10	50	7	CS44	R1	0.122507016379704	0	14
P10	50	8	CS47	R1	0.123057047967403	0	14
P10	50	9	CS47	R2	0.126110933235829	0	14
P10	50	10	CS48	R1	0.11591726412859	0	14
P10	50	11	CS48	R2	0.0725504821260903	0	14
P10	50	12	CS49	R1	0.105407299268139	0	12
P10	50	13	CS49	R2	0.125462811963952	0	14
P10	50	14	CS51	R1	0.10121647057953	0	14
P10	50	15	CS51	R2	0.100761401396432	0	12
P10	50	16	CS53	R1	0.0635405269508629	0	12
P10	50	17	CS53	R2	0.0755063682455875	0	8
P10	50	18	CS54	R1	0.110464662952142	0	7
P10	50	19	CS54	R2	0.108895660324069	0	7
P10	50	20	CS55	R1	0.105000214117061	0	14
P10	50	21	CS55	R2	0.087495202641611	0	14
P10	50	22	CS56	R1	0.117370131469507	0	12
P10	50	23	CS56	R2	0.0852067058863441	0	12
P10	50	24	CS57	R1	0.116327401714451	0	12
P10	50	25	CS57	R2	0.10156919145228	0	12
P10	50	26	CS58	R1	0.0917830886473544	0	7
P10	50	27	CS60	R1	0.0850897615304383	0	14
P10	50	28	CS62	R1	0.112451737550424	0	7
P10	50	29	CS62	R2	0.10377169501558	0	7
P10	51	1	CS41	R1	0.126635491163442	0	14
P10	51	2	CS41	R2	0.147781553696908	0	14
P10	51	3	CS42	R1	0.103054530783848	0	14
P10	51	4	CS42	R2	0.111935631314649	0	14
P10	51	5	CS43	R1	0.137065078257041	0	14
P10	51	6	CS43	R2	0.0960259163639004	0	14
P10	51	7	CS44	R1	0.134479122423359	0	14
P10	51	8	CS47	R1	0.11528720117046	0	14
P10	51	9	CS47	R2	0.0901147297165367	0	14
P10	51	10	CS48	R1	0.137564512526862	0	14
P10	51	11	CS48	R2	0.122356432414658	0	14
P10	51	12	CS49	R1	0.113427350301441	0	12
P10	51	13	CS49	R2	0.100858864314607	0	14
P10	51	14	CS51	R1	0.0779598331553389	0	14
P10	51	15	CS51	R2	0.0899361922159453	0	12
P10	51	16	CS53	R1	0.141342674900335	0	12
P10	51	17	CS53	R2	0.136466045285005	0	8
P10	51	18	CS54	R1	0.107475739004998	0	7
P10	51	19	CS54	R2	0.120630166814962	0	7
P10	51	20	CS55	R1	0.123217603755416	0	14
P10	51	21	CS55	R2	0.0728770646703775	0	14
P10	51	22	CS56	R1	0.0869203177826237	0	12
P10	51	23	CS56	R2	0.127179242894176	0	12
P10	51	24	CS57	R1	0.120647337812428	0	12
P10	51	25	CS57	R2	0.129165391499	0	12
P10	51	26	CS58	R1	0.0393031435066552	0	7
P10	51	27	CS60	R1	0.0943479023102607	0	14
P10	51	28	CS62	R1	0.116926677694231	0	7
P10	51	29	CS62	R2	0.125221595747529	0	7
P10	52	1	CS41	R1	0.104503072713557	0	14
P10	52	2	CS41	R2	0.121929092000986	0	14
P10	52	3	CS42	R1	0.0813545192689788	0	14
P10	52	4	CS42	R2	0.0893058733982898	0	14
P10	52	5	CS43	R1	0.122319980622657	0	14
P10	52	6	CS43	R2	0.0960497518221909	0	14
P10	52	7	CS44	R1	0.120738170520818	0	14
P10	52	8	CS47	R1	0.115045785647451	0	14
P10	52	9	CS47	R2	0.134355746000011	0	14
P10	52	10	CS48	R1	0.125116237244542	0	14
P10	52	11	CS48	R2	0.13452876512111	0	14
P10	52	12	CS49	R1	0.0621963708354355	0	12
P10	52	13	CS49	R2	0.0886591521710772	0	14
P10	52	14	CS51	R1	0.113392444032687	0	14
P10	52	15	CS51	R2	0.107693819492261	0	12
P10	52	16	CS53	R1	0.0948743483567634	0	12
P10	52	17	CS53	R2	0.114547040984563	0	8
P10	52	18	CS54	R1	0.0493482299629404	0	7
P10	52	19	CS54	R2	0.0904815793037458	0	7
P10	52	20	CS55	R1	0.120481336613645	0	14
P10	52	21	CS55	R2	0.121258934038503	0	14
P10	52	22	CS56	R1	0.11857253482713	0	12
P10	52	23	CS56	R2	0.12639583612285	0	12
P10	52	24	CS57	R1	0.142753587818407	0	12
P10	52	25	CS57	R2	0.142615294002682	0	12
P10	52	26	CS58	R1	0.141463165959054	0	7
P10	52	27	CS60	R1	0.117513740865549	0	14
P10	52	28	CS62	R1	0.11637030095431	0	7
P10	52	29	CS62	R2	0.0695136107482811	0	7
P10	53	1	CS41	R1	0.115708377032957	0	14
P10	53	2	CS41	R2	0.130916416825606	0	14
P10	53	3	CS42	R1	0.120083566751969	0	14
P10	53	4	CS42	R2	0.119899057550598	0	14
P10	53	5	CS43	R1	0.0916004092326041	0	14
P10	53	6	CS43	R2	0.110169424460287	0	14
P10	53	7	CS44	R1	0.116840329989686	0	14
P10	53	8	CS47	R1	0.129551057135375	0	14
P10	53	9	CS47	R2	0.134781760741402	0	14
P10	53	10	CS48	R1	0.127036962048322	0	14
P10	53	11	CS48	R2	0.126866024323185	0	14
P10	53	12	CS49	R1	0.146811806138849	0	12
P10	53	13	CS49	R2	0.103111758378612	0	14
P10	53	14	CS51	R1	0.110224150745051	0	14
P10	53	15	CS51	R2	0.0835692288387661	0	12
P10	53	16	CS53	R1	0.127613941423233	0	12
P10	53	17	CS53	R2	0.129902805357312	0	8
P10	53	18	CS54	R1	0.109713325830795	0	7
P10	53	19	CS54	R2	0.107569722933786	0	7
P10	53	20	CS55	R1	0.112147565819634	0	14
P10	53	21	CS55	R2	0.081768388478188	0	14
P10	53	22	CS56	R1	0.122176976826562	0	12
P10	53	23	CS56	R2	0.0963070241985533	0	12
P10	53	24	CS57	R1	0.133330394172721	0	12
P10	53	25	CS57	R2	0.138506893707707	0	12
P10	53	26	CS58	R1	0.0700306190779166	0	7
P10	53	27	CS60	R1	0.0784542806314584	0	14
P10	53	28	CS62	R1	0.128143844327614	0	7
P10	53	29	CS62	R2	0.125619007075997	0	7
P10	54	1	CS41	R1	0.132104892565333	0	14
P10	54	2	CS41	R2	0.081714465338236	0	14
P10	54	3	CS42	R1	0.132999592635019	0	14
P10	54	4	CS42	R2	0.098685245053531	0	14
P10	54	5	CS43	R1	0.137941448719077	0	14
P10	54	6	CS43	R2	0.109789098797138	0	14
P10	54	7	CS44	R1	0.12490752574599	0	14
P10	54	8	CS47	R1	0.112673996855605	0	14
P10	54	9	CS47	R2	0.0929052462738784	0	14
P10	54	10	CS48	R1	0.138259899015637	0	14
P10	54	11	CS48	R2	0.12240777574169	0	14
P10	54	12	CS49	R1	0.143975098981091	0	12
P10	54	13	CS49	R2	0.137065772073977	0	14
P10	54	14	CS51	R1	0.126941551081808	0	14
P10	54	15	CS51	R2	0.13149281198886	0	12
P10	54	16	CS53	R1	0.0505608338203728	0	12
P10	54	17	CS53	R2	0.0693559487011113	0	8
P10	54	18	CS54	R1	0.127051312938478	0	7
P10	54	19	CS54	R2	0.0835718753074652	0	7
P10	54	20	CS55	R1	0.10359812455771	0	14
P10	54	21	CS55	R2	0.1020231165501	0	14
P10	54	22	CS56	R1	0.0558019014877985	0	12
P10	54	23	CS56	R2	0.100291173675822	0	12
P10	54	24	CS57	R1	0.0940051729682506	0	12
P10	54	25	CS57	R2	0.0569137609852825	0	12
P10	54	26	CS58	R1	0.12241109420017	0	7
P10	54	27	CS60	R1	0.0910919726278211	0	14
P10	54	28	CS62	R1	0.124172260878709	0	7
P10	54	29	CS62	R2	0.120254778966755	0	7
P10	55	1	CS41	R1	0.114946545697581	0	14
P10	55	2	CS41	R2	0.114048041195255	0	14
P10	55	3	CS42	R1	0.0706603546049125	0	14
P10	55	4	CS42	R2	0.108998783796181	0	14
P10	55	5	CS43	R1	0.0905120379034891	0	14
P10	55	6	CS43	R2	0.102525253493121	0	14
P10	55	7	CS44	R1	0.103793310795822	0	14
P10	55	8	CS47	R1	0.12147555797557	0	14
P10	55	9	CS47	R2	0.103003033875766	0	14
P10	55	10	CS48	R1	0.0257793572870567	0	14
P10	55	11	CS48	R2	0.049586768659703	0	14
P10	55	12	CS49	R1	0.114959236832856	0	12
P10	55	13	CS49	R2	0.13261184733059	0	14
P10	55	14	CS51	R1	0.080060924927704	0	14
P10	55	15	CS51	R2	0.0680956094780499	0	12
P10	55	16	CS53	R1	0.123715168760472	0	12
P10	55	17	CS53	R2	0.0945196153191517	0	8
P10	55	18	CS54	R1	0.113695751979551	0	7
P10	55	19	CS54	R2	0.118734887079432	0	7
P10	55	20	CS55	R1	0.0499433987340416	0	14
P10	55	21	CS55	R2	0.0771086992062078	0	14
P10	55	22	CS56	R1	0.133289409282101	0	12
P10	55	23	CS56	R2	0.0883078277726722	0	12
P10	55	24	CS57	R1	0.120164425904815	0	12
P10	55	25	CS57	R2	0.114587555873629	0	12
P10	55	26	CS58	R1	0.100100072614094	0	7
P10	55	27	CS60	R1	0.130785486985482	0	14
P10	55	28	CS62	R1	0.107827823008879	0	7
P10	55	29	CS62	R2	0.0872434856501167	0	7
P10	56	1	CS41	R1	0.0836929595747411	0	14
P10	56	2	CS41	R2	0.103508490161433	0	14
P10	56	3	CS42	R1	0.0884605591071601	0	14
P10	56	4	CS42	R2	0.126894333912805	0	14
P10	56	5	CS43	R1	0.0787115792342458	0	14
P10	56	6	CS43	R2	0.0808983479510485	0	14
P10	56	7	CS44	R1	0.0993803148050123	0	14
P10	56	8	CS47	R1	0.133846521043393	0	14
P10	56	9	CS47	R2	0.140329816876651	0	14
P10	56	10	CS48	R1	0.0768258145300567	0	14
P10	56	11	CS48	R2	0.0875398301507482	0	14
P10	56	12	CS49	R1	0.126890673051136	0	12
P10	56	13	CS49	R2	0.119357005757784	0	14
P10	56	14	CS51	R1	0.134380061406478	0	14
P10	56	15	CS51	R2	0.091882945606785	0	12
P10	56	16	CS53	R1	0.10953935260751	0	12
P10	56	17	CS53	R2	0.126585456552911	0	8
P10	56	18	CS54	R1	0.08421379390025	0	7
P10	56	19	CS54	R2	0.0901379203790852	0	7
P10	56	20	CS55	R1	0.0719365945067942	0	14
P10	56	21	CS55	R2	0.0676779896333863	0	14
P10	56	22	CS56	R1	0.091017449538637	0	12
P10	56	23	CS56	R2	0.103162437541144	0	12
P10	56	24	CS57	R1	0.0969825531461884	0	12
P10	56	25	CS57	R2	0.0851142226772501	0	12
P10	56	26	CS58	R1	0.0738042001488261	0	7
P10	56	27	CS60	R1	0.120519730049716	0	14
P10	56	28	CS62	R1	0.0804957783150466	0	7
P10	56	29	CS62	R2	0.0645428098010654	0	7
P10	57	1	CS41	R1	0.0642675287360715	0	14
P10	57	2	CS41	R2	0.0830639262669677	0	14
P10	57	3	CS42	R1	0.115924428510599	0	14
P10	57	4	CS42	R2	0.0908430482228066	0	14
P10	57	5	CS43	R1	0.105829098716215	0	14
P10	57	6	CS43	R2	0.113373272884507	0	14
P10	57	7	CS44	R1	0.0841490158898224	0	14
P10	57	8	CS47	R1	0.11910953972603	0	14
P10	57	9	CS47	R2	0.133335770112522	0	14
P10	57	10	CS48	R1	0.063217725092741	0	14
P10	57	11	CS48	R2	0.104359867084593	0	14
P10	57	12	CS49	R1	0.134945116910404	0	12
P10	57	13	CS49	R2	0.150277464635918	0	14
P10	57	14	CS51	R1	0.103867516931858	0	14
P10	57	15	CS51	R2	0.108890129503004	0	12
P10	57	16	CS53	R1	0.107522675813203	0	12
P10	57	17	CS53	R2	0.112397622388398	0	8
P10	57	18	CS54	R1	0.155326696476313	0	7
P10	57	19	CS54	R2	0.115875047486908	0	7
P10	57	20	CS55	R1	0.120907461735085	0	14
P10	57	21	CS55	R2	0.13707804699966	0	14
P10	57	22	CS56	R1	0.101453380498057	0	12
P10	57	23	CS56	R2	0.133335926857441	0	12
P10	57	24	CS57	R1	0.0921010612586897	0	12
P10	57	25	CS57	R2	0.115603483267162	0	12
P10	57	26	CS58	R1	0.137883355636318	0	7
P10	57	27	CS60	R1	0.141321257034079	0	14
P10	57	28	CS62	R1	0.127412366972279	0	7
P10	57	29	CS62	R2	0.13608917818254	0	7
P10	58	1	CS41	R1	0.100441593124925	0	14
P10	58	2	CS41	R2	0.117964931423893	0	14
P10	58	3	CS42	R1	0.14605703844814	0	14
P10	58	4	CS42	R2	0.14622888353907	0	14
P10	58	5	CS43	R1	0.12909827672881	0	14
P10	58	6	CS43	R2	0.119982974070237	0	14
P10	58	7	CS44	R1	0.11275655934721	0	14
P10	58	8	CS47	R1	0.0677988924531206	0	14
P10	58	9	CS47	R2	0.0502932318816852	0	14
P10	58	10	CS48	R1	0.0916121179959486	0	14
P10	58	11	CS48	R2	0.0826926209655791	0	14
P10	58	12	CS49	R1	0.0588407988446715	0	12
P10	58	13	CS49	R2	0.052728419033762	0	14
P10	58	14	CS51	R1	0.104446912520637	0	14
P10	58	15	CS51	R2	0.111955689290734	0	12
P10	58	16	CS53	R1	0.0838675491077888	0	12
P10	58	17	CS53	R2	0.0930051074623041	0	8
P10	58	18	CS54	R1	0.107039724222751	0	7
P10	58	19	CS54	R2	0.0731971753530276	0	7
P10	58	20	CS55	R1	0.135916072991066	0	14
P10	58	21	CS55	R2	0.129959260396405	0	14
P10	58	22	CS56	R1	0.0866772532305003	0	12
P10	58	23	CS56	R2	0.085280037161235	0	12
P10	58	24	CS57	R1	0.137273911428898	0	12
P10	58	25	CS57	R2	0.137055177819365	0	12
P10	58	26	CS58	R1	0.0779378208689248	0	7
P10	58	27	CS60	R1	0.0723233834242243	0	14
P10	58	28	CS62	R1	0.152890288590756	0	7
P10	58	29	CS62	R2	0.135217542432391	0	7
P10	59	1	CS41	R1	0.104997765156945	0	14
P10	59	2	CS41	R2	0.0767316007478443	0	14
P10	59	3	CS42	R1	0.102159554523737	0	14
P10	59	4	CS42	R2	0.129610578201334	0	14
P10	59	5	CS43	R1	0.108305410487218	0	14
P10	59	6	CS43	R2	0.0957771451030789	0	14
P10	59	7	CS44	R1	0.121670668611433	0	14
P10	59	8	CS47	R1	0.12834829382879	0	14
P10	59	9	CS47	R2	0.113030492166723	0	14
P10	59	10	CS48	R1	0.139946793995702	0	14
P10	59	11	CS48	R2	0.131539208632816	0	14
P10	59	12	CS49	R1	0.108801526096015	0	12
P10	59	13	CS49	R2	0.124699134954104	0	14
P10	59	14	CS51	R1	0.117569404768558	0	14
P10	59	15	CS51	R2	0.104072317900502	0	12
P10	59	16	CS53	R1	0.106442857816871	0	12
P10	59	17	CS53	R2	0.10882494986698	0	8
P10	59	18	CS54	R1	0.063666786729041	0	7
P10	59	19	CS54	R2	0.0867484953174453	0	7
P10	59	20	CS55	R1	0.0860474859585749	0	14
P10	59	21	CS55	R2	0.102983382112781	0	14
P10	59	22	CS56	R1	0.136747422727694	0	12
P10	59	23	CS56	R2	0.120954064545246	0	12
P10	59	24	CS57	R1	0.0821880012503626	0	12
P10	59	25	CS57	R2	0.101016292857809	0	12
P10	59	26	CS58	R1	0.107111963634642	0	7
P10	59	27	CS60	R1	0.128316313179796	0	14
P10	59	28	CS62	R1	0.0477675812919917	0	7
P10	59	29	CS62	R2	0.0606199785213562	0	7
P10	60	1	CS41	R1	0.0780034320570822	0	14
P10	60	2	CS41	R2	0.0744923595301967	0	14
P10	60	3	CS42	R1	0.0902409700544154	0	14
P10	60	4	CS42	R2	0.102102743707453	0	14
P10	60	5	CS43	R1	0.110122140771917	0	14
P10	60	6	CS43	R2	0.132789857649123	0	14
P10	60	7	CS44	R1	0.0907724213501059	0	14
P10	60	8	CS47	R1	0.104057338094922	0	14
P10	60	9	CS47	R2	0.106697029362525	0	14
P10	60	10	CS48	R1	0.0820152217569139	0	14
P10	60	11	CS48	R2	0.0695722833927638	0	14
P10	60	12	CS49	R1	0.0395439259331317	0	12
P10	60	13	CS49	R2	0.0799843669643303	0	14
P10	60	14	CS51	R1	0.132346136664613	0	14
P10	60	15	CS51	R2	0.0966612441751379	0	12
P10	60	16	CS53	R1	0.111124231554262	0	12
P10	60	17	CS53	R2	0.124094451698816	0	8
P10	60	18	CS54	R1	0.118020460900264	0	7
P10	60	19	CS54	R2	0.148460223914501	0	7
P10	60	20	CS55	R1	0.133927264189625	0	14
P10	60	21	CS55	R2	0.134526557700013	0	14
P10	60	22	CS56	R1	0.0860301118115753	0	12
P10	60	23	CS56	R2	0.120768101875774	0	12
P10	60	24	CS57	R1	0.105418804780582	0	12
P10	60	25	CS57	R2	0.140612151334815	0	12
P10	60	26	CS58	R1	0.108112919010941	0	7
P10	60	27	CS60	R1	0.139127859261689	0	14
P10	60	28	CS62	R1	0.0753220610111329	0	7
P10	60	29	CS62	R2	0.120124228472317	0	7
P10	61	1	CS41	R1	0.144076006817927	0	14
P10	61	2	CS41	R2	0.105173747796357	0	14
P10	61	3	CS42	R1	0.0907337523811169	0	14
P10	61	4	CS42	R2	0.108887016642788	0	14
P10	61	5	CS43	R1	0.102688731874337	0	14
P10	61	6	CS43	R2	0.0944198229358759	0	14
P10	61	7	CS44	R1	0.0886369550148558	0	14
P10	61	8	CS47	R1	0.0803787857014739	0	14
P10	61	9	CS47	R2	0.10151058278559	0	14
P10	61	10	CS48	R1	0.113980299725553	0	14
P10	61	11	CS48	R2	0.126363639672717	0	14
P10	61	12	CS49	R1	0.127190835128351	0	12
P10	61	13	CS49	R2	0.12068696574937	0	14
P10	61	14	CS51	R1	0.11404801885709	0	14
P10	61	15	CS51	R2	0.120768028818519	0	12
P10	61	16	CS53	R1	0.120225573672688	0	12
P10	61	17	CS53	R2	0.114222196027685	0	8
P10	61	18	CS54	R1	0.12379807051061	0	7
P10	61	19	CS54	R2	0.0792764406611125	0	7
P10	61	20	CS55	R1	0.128790429854449	0	14
P10	61	21	CS55	R2	0.119066340407058	0	14
P10	61	22	CS56	R1	0.114379825866969	0	12
P10	61	23	CS56	R2	0.107487372012977	0	12
P10	61	24	CS57	R1	0.0716681410072525	0	12
P10	61	25	CS57	R2	0.105533873148539	0	12
P10	61	26	CS58	R1	0.100606568560874	0	7
P10	61	27	CS60	R1	0.0483035433773658	0	14
P10	61	28	CS62	R1	0.0818603388295179	0	7
P10	61	29	CS62	R2	0.116480701381328	0	7
P10	62	1	CS41	R1	0.0829857616881341	0	14
P10	62	2	CS41	R2	0.121403749944662	0	14
P10	62	3	CS42	R1	0.0898411655589007	0	14
P10	62	4	CS42	R2	0.0723143272613577	0	14
P10	62	5	CS43	R1	0.0998891627441	0	14
P10	62	6	CS43	R2	0.116178057883931	0	14
P10	62	7	CS44	R1	0.0985979864037186	0	14
P10	62	8	CS47	R1	0.0823883832682246	0	14
P10	62	9	CS47	R2	0.0883725378010175	0	14
P10	62	10	CS48	R1	0.103624863021316	0	14
P10	62	11	CS48	R2	0.0980911855402027	0	14
P10	62	12	CS49	R1	0.0798831971370342	0	12
P10	62	13	CS49	R2	0.0903469153510663	0	14
P10	62	14	CS51	R1	0.104454007781978	0	14
P10	62	15	CS51	R2	0.114027502006066	0	12
P10	62	16	CS53	R1	0.0965725938454627	0	12
P10	62	17	CS53	R2	0.0785926378439779	0	8
P10	62	18	CS54	R1	0.100554541987778	0	7
P10	62	19	CS54	R2	0.126263960705188	0	7
P10	62	20	CS55	R1	0.0920406884936747	0	14
P10	62	21	CS55	R2	0.0521713839769967	0	14
P10	62	22	CS56	R1	0.104425459059816	0	12
P10	62	23	CS56	R2	0.092440250022519	0	12
P10	62	24	CS57	R1	0.0944720260005288	0	12
P10	62	25	CS57	R2	0.117294750059337	0	12
P10	62	26	CS58	R1	0.0949623515433242	0	7
P10	62	27	CS60	R1	0.0277701037971351	0	14
P10	62	28	CS62	R1	0.117243284412383	0	7
P10	62	29	CS62	R2	0.107913776766844	0	7
P10	63	1	CS41	R1	0.130779563461158	0	14
P10	63	2	CS41	R2	0.135290520865064	0	14
P10	63	3	CS42	R1	0.0872488449162389	0	14
P10	63	4	CS42	R2	0.127094934582685	0	14
P10	63	5	CS43	R1	0.140720030038879	0	14
P10	63	6	CS43	R2	0.129159376951884	0	14
P10	63	7	CS44	R1	0.0941939245593663	0	14
P10	63	8	CS47	R1	0.101122804414432	0	14
P10	63	9	CS47	R2	0.112863079832356	0	14
P10	63	10	CS48	R1	0.129534962102085	0	14
P10	63	11	CS48	R2	0.133100864741128	0	14
P10	63	12	CS49	R1	0.108272528090674	0	12
P10	63	13	CS49	R2	0.0536118626350338	0	14
P10	63	14	CS51	R1	0.0925054771608959	0	14
P10	63	15	CS51	R2	0.104865565878911	0	12
P10	63	16	CS53	R1	0.0974143604008626	0	12
P10	63	17	CS53	R2	0.121770636218736	0	8
P10	63	18	CS54	R1	0.13299252827325	0	7
P10	63	19	CS54	R2	0.134899630823562	0	7
P10	63	20	CS55	R1	0.0942740366417509	0	14
P10	63	21	CS55	R2	0.100210891175538	0	14
P10	63	22	CS56	R1	0.112619364180407	0	12
P10	63	23	CS56	R2	0.120584039190357	0	12
P10	63	24	CS57	R1	0.0799252529327769	0	12
P10	63	25	CS57	R2	0.111872961489973	0	12
P10	63	26	CS58	R1	0.0701038809415274	0	7
P10	63	27	CS60	R1	0.134812069691898	0	14
P10	63	28	CS62	R1	0.106563361162975	0	7
P10	63	29	CS62	R2	0.0548496345858264	0	7
P10	64	1	CS41	R1	0.067836524830163	0	14
P10	64	2	CS41	R2	0.0902852427409905	0	14
P10	64	3	CS42	R1	0.0840994129824372	0	14
P10	64	4	CS42	R2	0.0931503076758573	0	14
P10	64	5	CS43	R1	0.077360962868102	0	14
P10	64	6	CS43	R2	0.0898537581361602	0	14
P10	64	7	CS44	R1	0.10200611914799	0	14
P10	64	8	CS47	R1	0.105746118824037	0	14
P10	64	9	CS47	R2	0.0869519423542977	0	14
P10	64	10	CS48	R1	0.0503486884776752	0	14
P10	64	11	CS48	R2	0.051968084083908	0	14
P10	64	12	CS49	R1	0.0422088740092979	0	12
P10	64	13	CS49	R2	0.0875920893651931	0	14
P10	64	14	CS51	R1	0.145024317329251	0	14
P10	64	15	CS51	R2	0.115182345005539	0	12
P10	64	16	CS53	R1	0.127154227246804	0	12
P10	64	17	CS53	R2	0.139201116353034	0	8
P10	64	18	CS54	R1	0.0869560991930164	0	7
P10	64	19	CS54	R2	0.1315626351231	0	7
P10	64	20	CS55	R1	0.102136858182505	0	14
P10	64	21	CS55	R2	0.12318173282598	0	14
P10	64	22	CS56	R1	0.0605341080407874	0	12
P10	64	23	CS56	R2	0.0383002847300598	0	12
P10	64	24	CS57	R1	0.113179508880282	0	12
P10	64	25	CS57	R2	0.108778331749073	0	12
P10	64	26	CS58	R1	0.115725272104204	0	7
P10	64	27	CS60	R1	0.144142625289089	0	14
P10	64	28	CS62	R1	0.115916106922572	0	7
P10	64	29	CS62	R2	0.139472447465442	0	7
