cell_id	seed_index	world_seed	checkpoint_sha256	run	subject_mean	subject_sample_sd	subject_MAD_about_median	subject_skewness_bias_corrected	subject_excess_kurtosis_bias_corrected	subject_max_abs_over_rms	orbit_n	orbit_mean	orbit_sample_sd	orbit_q0_5	orbit_q2_5	orbit_q25	orbit_q50	orbit_q75	orbit_q97_5	orbit_q99_5	orbit_skewness_bias_corrected	orbit_excess_kurtosis_bias_corrected	observed	studentization_sd	observed_standardized_score	p_two_sided	p_maxstat
M01	1	20360828.0	712F1F0537F469AE9C7413BEDD14ABACA7D4E4FCE6B7104050622F834FB78EBE	R1	-0.00015191809010719438	0.0004959583996178272	0.0003501076035490956	0.33588281218545907	-0.03986782054343996	2.0454210671366218	65536	-5.268544931921748e-19	0.00012591770384955312	-0.0003080237842523176	-0.00024396156009564172	-8.778805584019379e-05	0	8.778805584019379e-05	0.00024396156009564172	0.00030802378425231737	1.2796476938734381e-14	-0.2937929247379305	-0.00015191809010719438	0.00012591770384955312	-1.2064871377316932	0.237823486328125	0.237823486328125
M01	1	20360828.0	712F1F0537F469AE9C7413BEDD14ABACA7D4E4FCE6B7104050622F834FB78EBE	R2	-0.0002862961840011362	0.0004147328596535125	0.0003059329285127262	0.16769742231616988	-1.8599180827467543	1.63496474212552	8192	-2.371692252312041e-20	0.00013609024546801357	-0.000333389920905358	-0.00026455418447904534	-9.443148398635646e-05	0	9.443148398635646e-05	0.00026455418447904507	0.0003333899209053581	-8.015275717091368e-17	-0.2867340313777458	-0.0002862961840011362	0.00013609024546801357	-2.1037230333192896	0.03076171875	0.03076171875
M01	2	20360829.0	DEF4F33683F5D13B01D8539CB175D768058F1EF4F05FD888B99FB8BD88E51959	R1	-0.00030029845096860356	0.00035434093873686924	0.000297970845752951	-0.06777383885807674	-1.2011605753856007	2.0619862903817547	65536	2.710505431213761e-20	0.00011398807199183355	-0.0002790423905648257	-0.0002210224726420978	-7.945932267074132e-05	0	7.945932267074132e-05	0.0002210224726420978	0.00027904239056482567	-3.408961247190062e-16	-0.2879811842373017	-0.00030029845096860356	0.00011398807199183355	-2.634472587536333	0.00482177734375	0.00482177734375
M01	2	20360829.0	DEF4F33683F5D13B01D8539CB175D768058F1EF4F05FD888B99FB8BD88E51959	R2	-4.024972576327126e-05	0.0004632204490605623	0.00012527311142687068	1.9520672837195738	3.811114892037219	2.6766810563803842	8192	2.202285662861181e-20	0.00012394538939623976	-0.0002767562093561611	-0.0002292279301186885	-9.369851609709493e-05	0	9.369851609709493e-05	0.00022922793011868848	0.0002767562093561613	-1.6975724266849882e-15	-0.6798965549877289	-4.024972576327126e-05	0.00012394538939623976	-0.32473757966581007	0.782958984375	0.782958984375
M01	3	20360830.0	1582BE55B3F31E117CAF569A4FB470D485F265853A6DA7CCE734BFB7C85EEC21	R1	-0.00022994052143540116	0.0004201691625885858	0.00023734482085468502	-0.0509471081911129	0.07832730496836549	2.418063002556646	65536	2.879912020664621e-20	0.00011682899309532927	-0.00028263211585619074	-0.00022449655214516675	-8.267686092778537e-05	0	8.267686092778537e-05	0.00022449655214516675	0.00028263211585619036	1.6464620723639506e-15	-0.3464268417707461	-0.00022994052143540116	0.00011682899309532927	-1.9681802893548521	0.043792724609375	0.043792724609375
M01	3	20360830.0	1582BE55B3F31E117CAF569A4FB470D485F265853A6DA7CCE734BFB7C85EEC21	R2	-0.00029743060743154577	0.00033354038252727327	0.00030648064782845265	0.2612616900069064	-1.1964752441928541	1.721754734041025	8192	1.3552527156068805e-20	0.00012126888771106857	-0.00029669233408973833	-0.00023498216117139248	-8.459621509376489e-05	0	8.459621509376489e-05	0.00023498216117139235	0.0002966923340897384	6.230371817804911e-16	-0.30335252694893056	-0.00029743060743154577	0.00012126888771106857	-2.4526538755776714	0.010009765625	0.010009765625
M01	4	20360831.0	34F2710D90AC972414D94082739F756054902F8F32B3D5FE4A71B28C7929BE32	R1	-0.00017387533010253822	0.0004738258598876087	0.00037888350394664526	0.345038337112439	-0.6350244741754261	1.8031890245454825	65536	-4.743384504624082e-20	0.0001226568676346417	-0.0003025486513028792	-0.00023814331019374917	-8.503282151243372e-05	0	8.503282151243372e-05	0.00023814331019374917	0.00030254865130287885	7.387346051230347e-16	-0.248758671395108	-0.00017387533010253822	0.0001226568676346417	-1.4175751709269235	0.1610107421875	0.1610107421875
M01	4	20360831.0	34F2710D90AC972414D94082739F756054902F8F32B3D5FE4A71B28C7929BE32	R2	-0.00017663857481441567	0.000423322356270867	0.0003251500864433187	0.10534084418857828	-0.7128755279258923	2.0315206291707493	8192	-3.5575383784680614e-20	0.00012298913411480677	-0.00029441274673323024	-0.00023941667349475703	-8.633412335191839e-05	0	8.633412335191839e-05	0.00023941667349475684	0.0002944127467332303	5.158136566281812e-16	-0.33821828427576106	-0.00017663857481441567	0.00012298913411480677	-1.4362128499053315	0.157470703125	0.157470703125
M01	5	20360832.0	34EC86DBD3CCABB031CA9DC8C1A77451046A69CB3DD30DD52406CF1113DF60AE	R1	-0.0002754370994387148	0.00033635293432722344	0.00013185561653955005	0.4638012569760449	-0.20726992490400553	1.8718709724132891	65536	-5.6645328347631335e-21	0.00010663337809848355	-0.00026173813676452074	-0.0002067893381577334	-7.370087643570052e-05	0	7.370087643570052e-05	0.0002067893381577334	0.0002617381367645206	3.6175588326193706e-15	-0.24993314647978027	-0.0002754370994387148	0.00010663337809848355	-2.5830289197471448	0.0064697265625	0.0064697265625
M01	5	20360832.0	34EC86DBD3CCABB031CA9DC8C1A77451046A69CB3DD30DD52406CF1113DF60AE	R2	-0.00019492833628084532	0.0003813089170677591	0.00027663226516076305	-0.6519521168333514	-0.29021050108463786	2.3007219415870326	8192	7.623296525288703e-21	0.00011510203677784527	-0.00026667659596458295	-0.00021937626117956422	-8.256070895627636e-05	0	8.256070895627636e-05	0.00021937626117956416	0.00026667659596458306	-1.5897604132477427e-15	-0.5025225554183734	-0.00019492833628084532	0.00011510203677784527	-1.693526385263453	0.091552734375	0.091552734375
M01	6	20360833.0	AF090DB9F788DBD8987B4A673B62A4FABFE4FF2750955BF7A7FAD24C784367E1	R1	-0.0001765985046047559	0.0002617010075255014	0.0001769382021150169	-0.494179693836013	0.5544653306370604	2.5344230884751813	65536	1.0164395367051604e-20	7.721538107935157e-05	-0.00018379856238343048	-0.0001475931399240002	-5.5201240178239644e-05	0	5.5201240178239644e-05	0.0001475931399240002	0.00018379856238343034	1.4805483659241143e-15	-0.4211444051332416	-0.0001765985046047559	7.721538107935157e-05	-2.287089724044381	0.01446533203125	0.01446533203125
M01	6	20360833.0	AF090DB9F788DBD8987B4A673B62A4FABFE4FF2750955BF7A7FAD24C784367E1	R2	-0.0001954568252334544	0.0003608640659961517	0.0002027106376861335	0.42819881473419324	-0.23301835089674894	1.676134582749873	8192	7.623296525288703e-21	0.0001103938543102508	-0.000272615767078263	-0.00021470194579304398	-7.813729273198512e-05	0	7.813729273198512e-05	0.00021470194579304398	0.00027261576707826303	-3.190977213523854e-16	-0.31628477639902997	-0.0001954568252334544	0.0001103938543102508	-1.7705408190943557	0.0732421875	0.0732421875
M01	7	20360834.0	F1229EE0ECD25A6D3CDA2F6CCF59AC8ABC926869805D8A5D65D6A250C976A035	R1	-0.00045876587852289384	0.0003764532721395817	0.00025346110984235946	0.19161397954588372	-0.7181856838800011	1.713034190815688	65536	3.3881317890172014e-20	0.00014648615966770452	-0.0003624538925445098	-0.00028444894816350547	-0.00010162443452312801	0	0.00010162443452312801	0.00028444894816350547	0.00036245389254450976	-4.2404742909266095e-15	-0.24845792182147486	-0.00045876587852289384	0.00014648615966770452	-3.13180357491505	0.000396728515625	0.000396728515625
M01	7	20360834.0	F1229EE0ECD25A6D3CDA2F6CCF59AC8ABC926869805D8A5D65D6A250C976A035	R2	-0.00024754532740786303	0.000419025562681913	0.0002425863027540924	1.7782181452047512	4.327688624574766	1.906564891633994	8192	1.2366681029912785e-19	0.00013108483437775394	-0.0003189250673095777	-0.0002527871581958479	-9.181924040195813e-05	0	9.181924040195813e-05	0.00025278715819584784	0.00031892506730957774	-2.2646625162418283e-15	-0.32063519476818714	-0.00024754532740786303	0.00013108483437775394	-1.888436054276873	0.056884765625	0.056884765625
M01	8	20360835.0	6D2639DCBB758D265F41AFCCF4271572683757F748E6FCDEC9E4A8C1F9FD1537	R1	-0.00037554493272810884	0.0005478205211154524	0.0003646146088854754	-0.14908485034062746	-0.808988765904302	2.063736547177536	65536	3.3881317890172014e-21	0.00016247904813377316	-0.00039620533923875455	-0.00031370156198795584	-0.00011404233002227085	0	0.00011404233002227085	0.00031370156198795584	0.0003962053392387539	2.5425057337880047e-15	-0.31662409781184	-0.00037554493272810884	0.00016247904813377316	-2.311343751958179	0.01611328125	0.01611328125
M01	8	20360835.0	6D2639DCBB758D265F41AFCCF4271572683757F748E6FCDEC9E4A8C1F9FD1537	R2	-8.076761925038764e-05	0.00040955313148899986	0.00025579879876922704	0.2587005979788197	-0.22664770212194396	1.9169038847672297	8192	1.5246593050577406e-20	0.00011141546548473019	-0.00026727490141463376	-0.00021491573216756278	-7.790486428706065e-05	0	7.790486428706065e-05	0.00021491573216756246	0.0002672749014146338	1.8258833749526169e-16	-0.3522861327899114	-8.076761925038764e-05	0.00011141546548473019	-0.7249228722331827	0.484619140625	0.484619140625
M01	9	20360836.0	2014C48619768C7DBD7CBF9C895661664D0D0FA1E761C19CF2FDE0FA886E06F3	R1	-0.00030609144934164027	0.0003925251128004687	0.0002044232724955453	0.5947758780370072	1.1929212097688051	1.9872303485365246	65536	-2.541098841762901e-20	0.00012199944301455341	-0.0002993124640434434	-0.0002365248874235893	-8.49801585042528e-05	0	8.49801585042528e-05	0.0002365248874235893	0.00029931246404344303	1.6683147706188065e-16	-0.2795230188247211	-0.00030609144934164027	0.00012199944301455341	-2.5089577606114677	0.008209228515625	0.008209228515625
M01	9	20360836.0	2014C48619768C7DBD7CBF9C895661664D0D0FA1E761C19CF2FDE0FA886E06F3	R2	-0.00011558716491865104	0.0005431825273754646	0.00013971161276472665	1.975948442823433	3.60232875187903	2.446229780894565	8192	5.759824041329242e-20	0.00014825824376838787	-0.00034307132456195405	-0.0002797727062336858	-0.0001082242288675727	0	0.0001082242288675727	0.00027977270623368575	0.00034307132456195416	-9.608920557854502e-16	-0.5147375568956436	-0.00011558716491865104	0.00014825824376838787	-0.7796339817651134	0.469970703125	0.469970703125
M01	10	20360837.0	64D54302A92F6E4B7BD206E8F872DE1171F715A1FF161FA2C72BC54DDD439393	R1	-0.00017571697377094555	0.0004166351033293366	0.00023159336240308073	0.48617526981829584	0.2657379802077995	1.9539977586219048	65536	2.456395547037471e-20	0.00011000430899162067	-0.0002681658611801969	-0.00021322755643106263	-7.670947339940255e-05	0	7.670947339940255e-05	0.00021322755643106263	0.00026816586118019655	-3.413608457298965e-16	-0.28655139282606523	-0.00017571697377094555	0.00011000430899162067	-1.5973644612806066	0.112213134765625	0.112213134765625
M01	10	20360837.0	64D54302A92F6E4B7BD206E8F872DE1171F715A1FF161FA2C72BC54DDD439393	R2	-0.00012251609184090877	0.0005172835817228637	0.0005191488273370461	-0.0014846078085671071	-1.307097739861881	1.6424632792864682	8192	-1.1858461261560205e-20	0.00014197541227733277	-0.00034583171959719764	-0.00027796575069673034	-9.883265403575849e-05	0	9.883265403575849e-05	0.0002779657506967303	0.00034583171959719813	3.8826007357980494e-16	-0.2845369377993401	-0.00012251609184090877	0.00014197541227733277	-0.8629387995830402	0.406005859375	0.406005859375
M01	11	20360838.0	21E9A079122B4C8BE242D4BFEF7CDCF0809642F2F1CFB0BA316186129A3162BD	R1	-0.00021833017470852622	0.0004896698396027906	0.0002839999218818889	0.38138150622318306	-0.35191048459858276	2.0746780877076723	65536	6.437450399132683e-20	0.00013049490889681658	-0.00032102924673764916	-0.0002527836111532364	-9.053270675876288e-05	0	9.053270675876288e-05	0.0002527836111532364	0.0003210292467376489	-3.3626471489218425e-15	-0.26185691702324965	-0.00021833017470852622	0.00013049490889681658	-1.6730934298836266	0.094757080078125	0.094757080078125
M01	11	20360838.0	21E9A079122B4C8BE242D4BFEF7CDCF0809642F2F1CFB0BA316186129A3162BD	R2	-0.0003266556411159951	0.00032351501527228937	0.0001018297155893145	-1.254613313171138	2.6608845718965224	2.5384226655756432	8192	5.082197683525802e-21	0.0001250660669518655	-0.00028453404045169925	-0.0002348212999969882	-9.260570437646857e-05	0	9.260570437646857e-05	0.00023482129999698824	0.00028453404045169936	-5.163580896717317e-16	-0.5834000133148827	-0.0003266556411159951	0.0001250660669518655	-2.611864665430919	0.001220703125	0.001220703125
M01	12	20360839.0	0C14B9B78F730D728CA66F8BEEF2CF85BE1F5C55AF0DD2AECC1F29DF63DD7EDF	R1	-0.0001874984866460317	0.00040273654756832716	0.0002512485049256176	-0.37845420416635456	-1.1453623256090781	1.9222973975374342	65536	-9.317362419797304e-21	0.00010817172994237706	-0.00026219426113579386	-0.00020880284540185533	-7.573756528627746e-05	0	7.573756528627746e-05	0.00020880284540185533	0.00026219426113579375	5.185639416891592e-16	-0.3238453293252026	-0.0001874984866460317	0.00010817172994237706	-1.7333409269308342	0.0841064453125	0.0841064453125
M01	12	20360839.0	0C14B9B78F730D728CA66F8BEEF2CF85BE1F5C55AF0DD2AECC1F29DF63DD7EDF	R2	-7.779410896894196e-05	0.00041897423122708416	0.0002587984541891046	0.3834934096392189	0.16949936605384242	1.9024859619803647	8192	1.6940658945086007e-20	0.00011371652327497455	-0.0002722877742819604	-0.00021895722769483698	-8.02726909243487e-05	0	8.02726909243487e-05	0.00021895722769483682	0.00027228777428196045	-7.555990934070839e-16	-0.377905731770392	-7.779410896894196e-05	0.00011371652327497455	-0.6841055875479972	0.513427734375	0.513427734375
M01	13	20360840.0	02217D58B7AF96D687830824D864C47AA688C5070B010279EB68298BB35D05B5	R1	-0.000272801912946993	0.0003961064783350077	0.00016884266899935835	-0.020296558060848187	-0.036367545533074974	2.169443594523948	65536	6.437450399132683e-20	0.00011766433577178791	-0.0002852460864950072	-0.00022734556048522453	-8.249698529893306e-05	0	8.249698529893306e-05	0.00022734556048522453	0.0002852460864950069	1.2397260786998338e-15	-0.32870798048894434	-0.000272801912946993	0.00011766433577178791	-2.318475782467316	0.014801025390625	0.014801025390625
M01	13	20360840.0	02217D58B7AF96D687830824D864C47AA688C5070B010279EB68298BB35D05B5	R2	-0.00020233610485525453	0.0003155337734455089	0.00018866856531380498	0.22319616350650395	-0.09794811721424335	1.9436904333650273	8192	-1.2705494208814505e-20	0.00010109367246342315	-0.0002446988431540204	-0.00019559784611792677	-7.113831704297198e-05	0	7.113831704297198e-05	0.0001955978461179267	0.00024469884315402046	-3.6663068460767437e-17	-0.3568797193822357	-0.00020233610485525453	0.00010109367246342315	-2.001471505830022	0.040283203125	0.040283203125
M01	14	20360841.0	F66D30D847EFB435462CBFD4F471241B6B6E3509DF360ED45B9D595EAD797D66	R1	-0.00019939262227020626	0.00023735297832431582	0.0001216015647138733	-0.43955709477546173	0.3411717996014181	2.288444861005195	65536	-9.147955830346444e-20	7.606503772925197e-05	-0.00018190854955967188	-0.0001465861753605299	-5.3733459777312586e-05	0	5.3733459777312586e-05	0.0001465861753605299	0.0001819085495596718	3.441646714750503e-15	-0.3804638531337914	-0.00019939262227020626	7.606503772925197e-05	-2.6213438949432977	0.003265380859375	0.003265380859375
M01	14	20360841.0	F66D30D847EFB435462CBFD4F471241B6B6E3509DF360ED45B9D595EAD797D66	R2	-0.0003686760765771256	0.0005634679343463495	0.0002585396470359901	0.3355190283922339	0.4756717785914213	2.0734602437294107	8192	1.3552527156068805e-20	0.00018166913258510535	-0.0004405664136449432	-0.00035137052301913944	-0.00012778708747606348	0	0.00012778708747606348	0.0003513705230191393	0.0004405664136449432	-5.391082940907611e-16	-0.36393466323723	-0.0003686760765771256	0.00018166913258510535	-2.0293820492835475	0.037841796875	0.037841796875
M01	15	20360842.0	D39F084658DD75E6DE456F8222E15AD4FA1691A70A38B9812AF60E2F4AD1AE46	R1	-3.280166809532142e-05	0.00034576834628601146	0.00015105002053803613	0.5189037421539697	-0.13191311125484173	1.899016560605197	65536	-2.202285662861181e-20	8.409859953319251e-05	-0.00020678031605890368	-0.00016355610938728285	-5.813197897316469e-05	0	5.813197897316469e-05	0.00016355610938728285	0.0002067803160589036	-2.5890106476468028e-15	-0.2975423793801566	-3.280166809532142e-05	8.409859953319251e-05	-0.39003822034367025	0.70782470703125	0.70782470703125
M01	15	20360842.0	D39F084658DD75E6DE456F8222E15AD4FA1691A70A38B9812AF60E2F4AD1AE46	R2	-0.0003116917809040304	0.0004631024977838843	0.00036130109821101453	-0.02111751373857448	-0.652435459447362	2.122148120958479	8192	4.235164736271502e-21	0.00015067910233777283	-0.00036241737604000856	-0.0002895794761828966	-0.00010688261931367728	0	0.00010688261931367728	0.0002895794761828965	0.00036241737604000856	5.167118704654864e-16	-0.3720542275614487	-0.0003116917809040304	0.00015067910233777283	-2.068580022499207	0.0322265625	0.0322265625
M01	16	20360843.0	D30EC85CA9084C1DDE9136DBC63AA5962BB3F7DF835CC81A2F3FB60004573186	R1	-0.0004215252513817035	0.00036518291306054745	0.00023031849240422652	-1.1088643402728393	1.1566213044110683	2.401616206912209	65536	-3.8624702394796095e-19	0.00013754812943110508	-0.0003284840212225439	-0.0002637817942847603	-9.756848998947387e-05	0	9.756848998947387e-05	0.0002637817942847603	0.00032848402122254383	6.751736213568508e-15	-0.40077011599030543	-0.0004215252513817035	0.00013754812943110508	-3.064565495184262	6.103515625e-05	6.103515625e-05
M01	16	20360843.0	D30EC85CA9084C1DDE9136DBC63AA5962BB3F7DF835CC81A2F3FB60004573186	R2	-0.00046099186767045307	0.00038541759701152945	0.00024843973224634584	0.2935425899321828	-1.3451283092163906	1.727355116466707	8192	4.0657581468206416e-20	0.00016400662279047752	-0.0003954280890368809	-0.00032055449806615697	-0.00011376117877314734	0	0.00011376117877314734	0.0003205544980661569	0.00039542808903688124	-9.158941748751005e-17	-0.28586170733826766	-0.00046099186767045307	0.00016400662279047752	-2.8108125137079463	0.002197265625	0.002197265625
M01	17	20360844.0	A6B90280A396881E24DB657ED5FF5E17CBA851357238191D0C62AA322E06527E	R1	-0.0005352924599216152	0.0005041371517111109	0.00035167781693580254	0.7238853070074701	-0.4369898048855543	1.5610528372928782	65536	2.710505431213761e-20	0.00018111040343223497	-0.0004520736693384652	-0.0003523877991421975	-0.0001249931831800226	0	0.0001249931831800226	0.0003523877991421975	0.00045207366933846453	2.6517018299170558e-15	-0.2093329617377031	-0.0005352924599216152	0.00018111040343223497	-2.9556140882978177	0.00152587890625	0.00152587890625
M01	17	20360844.0	A6B90280A396881E24DB657ED5FF5E17CBA851357238191D0C62AA322E06527E	R2	-0.0004355758926084715	0.0003552755098296375	0.00021243802529105464	0.38847840299877096	-0.42724066797043525	1.7451922669807762	8192	2.710505431213761e-20	0.00015349145541894812	-0.00037615796217675045	-0.00029678540509067925	-0.00010680288277519421	0	0.00010680288277519421	0.00029678540509067914	0.00037615796217675045	-4.469272478064251e-16	-0.28821671760488865	-0.0004355758926084715	0.00015349145541894812	-2.83778593029551	0.001708984375	0.001708984375
M01	18	20360845.0	FA308A875E380F4E40FB532A3BC0335536DE26263012D259CEF3C0E0C486B235	R1	-0.00021373143356977924	0.000300914479255669	0.00025213804274105804	-0.08568292215997209	-1.1926743584997415	1.9419214894530925	65536	-5.505714157152952e-21	9.033731810303663e-05	-0.00022162002575691644	-0.00017511095102038383	-6.298819437087534e-05	0	6.298819437087534e-05	0.00017511095102038383	0.00022162002575691625	8.303868359979351e-16	-0.2927114076557573	-0.00021373143356977924	9.033731810303663e-05	-2.3659262645588193	0.0135498046875	0.0135498046875
M01	18	20360845.0	FA308A875E380F4E40FB532A3BC0335536DE26263012D259CEF3C0E0C486B235	R2	-0.00010285089181127281	0.0003856087004836919	0.00025725910303851416	-0.2492672294789622	-0.0407176446424895	2.2517153207472225	8192	-8.470329472543003e-21	0.00010664550149191734	-0.000253203270324903	-0.00020429926754994763	-7.60895628834329e-05	0	7.60895628834329e-05	0.0002042992675499476	0.0002532032703249031	5.829615086023758e-16	-0.43145189641628745	-0.00010285089181127281	0.00010664550149191734	-0.9644184740325674	0.3564453125	0.3564453125
M01	19	20360846.0	A1AB220BEF0B52ACD490B9D5C3B6C72461036370ACB3CB9A4B48CF4FBD36CDE6	R1	-0.000336693155682032	0.00033032336949307675	0.00029034406610652504	0.4257749374973016	-1.0474556216060644	1.711841499624438	65536	-4.404571325722362e-20	0.00011609788561064452	-0.0002879410375339379	-0.00022492611644417545	-8.018454827319421e-05	0	8.018454827319421e-05	0.00022492611644417545	0.0002879410375339378	-7.098229517652964e-16	-0.22932592352878833	-0.000336693155682032	0.00011609788561064452	-2.900079996385068	0.0018310546875	0.0018310546875
M01	19	20360846.0	A1AB220BEF0B52ACD490B9D5C3B6C72461036370ACB3CB9A4B48CF4FBD36CDE6	R2	-0.00019505973044579435	0.00037348716715570614	0.00014188074406500705	-0.42560374669365797	0.08910514837927286	2.2901904336189185	8192	-8.830980219616123e-21	0.00011328355256865425	-0.0002633806403129456	-0.00021658747479340334	-8.157693165883793e-05	0	8.157693165883793e-05	0.00021658747479340332	0.00026338064031294564	-1.6149009245537335e-17	-0.4858677073469253	-0.00019505973044579435	0.00011328355256865425	-1.7218715870300814	0.08642578125	0.08642578125
M01	20	20360847.0	3AF4B7FE4AC9CE5B9897D256201B6D55C011C571528FAE30E39EF449AC526346	R1	-0.0002929180251827791	0.00033372935265226135	0.0002696123224976198	-0.32693787468471214	-1.3140866716797162	2.0688515337802205	65536	2.456395547037471e-20	0.00010903502812934597	-0.00026678029656711764	-0.00021166900975666173	-7.614499615969075e-05	0	7.614499615969075e-05	0.00021166900975666173	0.00026678029656711753	-4.089700150404908e-16	-0.31579714954235305	-0.0002929180251827791	0.00010903502812934597	-2.6864580145317762	0.003936767578125	0.003936767578125
M01	20	20360847.0	3AF4B7FE4AC9CE5B9897D256201B6D55C011C571528FAE30E39EF449AC526346	R2	-0.0003134267965258652	0.0002823962472963614	0.00016608477648091732	0.743880292197424	-0.4898519222968205	1.6217621660552146	8192	-4.404571325722362e-20	0.00011498178573980555	-0.0002838411692828374	-0.0002231969200862695	-7.99580384305003e-05	0	7.99580384305003e-05	0.00022319692008626943	0.00028384116928283743	1.993441842287938e-15	-0.25380460332479204	-0.0003134267965258652	0.00011498178573980555	-2.725882143065029	0.003662109375	0.003662109375
M01	21	20360848.0	A3AD0516248A2032E884B7984C20787204914019F9272B49FE26BD40232A7E79	R1	-0.00043474575902206547	0.00034237707316257115	0.00030188365230452764	-0.10955783225251954	-1.352369863039009	1.7391083150341606	65536	-5.929230630780102e-21	0.00013668031070844348	-0.0003364009056805572	-0.0002653491437345128	-9.493764322534305e-05	0	9.493764322534305e-05	0.0002653491437345128	0.0003364009056805568	-8.898051804315811e-17	-0.2614696743375262	-0.00043474575902206547	0.00013668031070844348	-3.180748981098189	0.00018310546875	0.00018310546875
M01	21	20360848.0	A3AD0516248A2032E884B7984C20787204914019F9272B49FE26BD40232A7E79	R2	-0.00016379870176495804	0.00035104462879494917	0.00012692721942596846	0.4342142933237155	1.788726211802433	1.9334460000348577	8192	-3.3881317890172014e-21	0.00010399707802683917	-0.00024035477300668456	-0.00020248713116485263	-7.30512990579128e-05	0	7.30512990579128e-05	0.00020248713116485253	0.0002403547730066846	2.2451536082575745e-16	-0.44984632982827666	-0.00016379870176495804	0.00010399707802683917	-1.5750317688991753	0.12255859375	0.12255859375
M01	22	20360849.0	3CF77C5213C1F9F9713C5C854B1BC5B7577AECF0A2E8D20B476C696F5E3A1BC1	R1	-0.00027266051798825833	0.00039271016968566537	0.00023075010616619503	1.2275258810030643	1.5233806086525599	1.5374878972825037	65536	9.280304728354928e-20	0.00011697476923679562	-0.00029007925096880493	-0.00022754659435518136	-8.109190845014722e-05	0	8.109190845014722e-05	0.00022754659435518136	0.00029007925096880433	-3.1687439589784693e-15	-0.21266085708444038	-0.00027266051798825833	0.00011697476923679562	-2.3309344379752805	0.01678466796875	0.01678466796875
M01	22	20360849.0	3CF77C5213C1F9F9713C5C854B1BC5B7577AECF0A2E8D20B476C696F5E3A1BC1	R2	-3.247414466304329e-05	0.0004994966575275863	0.0003689377711441759	0.5914448059099467	-1.1895639883146303	1.7267578598937692	8192	-3.8116482626443515e-20	0.00013341308217728855	-0.00032781607423413867	-0.00025819459211425525	-9.258843026335088e-05	0	9.258843026335088e-05	0.00025819459211425514	0.00032781607423413867	1.0634430045494427e-15	-0.2553896445131487	-3.247414466304329e-05	0.00013341308217728855	-0.24341049717964988	0.81494140625	0.81494140625
M01	23	20360850.0	949C249B37515A3AD7BBD7EAC5B53E0F0D1E4FE360054F947BC777E667A527B5	R1	-0.0002603191457442029	0.00045107258004786153	0.0003315830377552335	0.5514580074561188	-0.3860829037816189	1.7493264914946687	65536	-1.0164395367051604e-20	0.00012711211101867724	-0.0003131477443538546	-0.00024638795341309124	-8.77963675817917e-05	0	8.77963675817917e-05	0.00024638795341309124	0.00031314774435385416	-4.424987002083637e-16	-0.23411497485298582	-0.0002603191457442029	0.00012711211101867724	-2.0479491974289754	0.037841796875	0.037841796875
M01	23	20360850.0	949C249B37515A3AD7BBD7EAC5B53E0F0D1E4FE360054F947BC777E667A527B5	R2	-0.00014682603276819952	0.0002984431874054675	8.294218054865745e-05	0.6177270038350735	0.42398174691246915	1.850763555486417	8192	-5.082197683525802e-21	8.935128551753315e-05	-0.0002167419614405316	-0.00017281040288822812	-6.245980735393683e-05	0	6.245980735393683e-05	0.00017281040288822757	0.0002167419614405316	2.8320247399755253e-16	-0.32554281874244007	-0.00014682603276819952	8.935128551753315e-05	-1.6432447716646255	0.1005859375	0.1005859375
M01	24	20360851.0	6DD2181CF832E8032B82602B5D5599F196C29D8CD483DC44BC85C62247BC82DF	R1	-0.0002267910062925952	0.00038806660291260543	0.00020900890033825068	0.4694825397802737	0.9404696368540808	2.221369834050606	65536	-1.3552527156068805e-20	0.00010972139646318004	-0.00026763134191720326	-0.0002119898967574998	-7.684993988572286e-05	0	7.684993988572286e-05	0.0002119898967574998	0.0002676313419172031	2.828512021162962e-15	-0.3096923263690874	-0.0002267910062925952	0.00010972139646318004	-2.066971562549343	0.0341796875	0.0341796875
M01	24	20360851.0	6DD2181CF832E8032B82602B5D5599F196C29D8CD483DC44BC85C62247BC82DF	R2	-0.00016308321634576946	0.0004702097462694576	0.0003931913068445387	0.08045465439377746	-0.5999427025428812	1.9548460162738348	8192	1.1011428314305904e-20	0.00013321874057605027	-0.00032241936279408146	-0.0002569731562896938	-9.344871252270379e-05	0	9.344871252270379e-05	0.0002569731562896935	0.00032241936279408156	-3.6315532587910716e-16	-0.34569747259862016	-0.00016308321634576946	0.00013321874057605027	-1.2241762355700287	0.233642578125	0.233642578125
M01	25	20360852.0	C7AE534EB2821FC3FA7DA6B265E563F1E3F14B7CF82969E84E57C3E81263AC32	R1	-0.00017098718798749771	0.0003218751888883559	0.0002496155351368963	0.6606817174469722	0.026889113891193528	1.6428156127281777	65536	-8.216219588366713e-20	8.887032567108367e-05	-0.00021964807193950272	-0.00017220461582356382	-6.149366403337566e-05	0	6.149366403337566e-05	0.00017220461582356382	0.00021964807193950255	1.924215725682393e-15	-0.24013283051606127	-0.00017098718798749771	8.887032567108367e-05	-1.924007667309955	0.0526123046875	0.0526123046875
M01	25	20360852.0	C7AE534EB2821FC3FA7DA6B265E563F1E3F14B7CF82969E84E57C3E81263AC32	R2	-0.00026650844062838175	0.0003632991909823554	0.0002779950173170748	0.5843626929961776	-0.9395696207353437	1.5746240168038486	8192	5.082197683525802e-21	0.0001218081101273455	-0.000298944872454603	-0.00023591080071758459	-8.450922314624798e-05	0	8.450922314624798e-05	0.0002359108007175844	0.000298944872454603	0	-0.25864742732587676	-0.00026650844062838175	0.0001218081101273455	-2.187936750268581	0.0244140625	0.0244140625
M01	26	20360853.0	7A5FDB114BB94D2FF44DB5718C21C0C55A38258D73B37824E623B12E5CBAB5BA	R1	-0.0002786617412403491	0.0004994315722611565	0.00040577759462495525	0.6900653939857816	0.05691494266562103	1.6987042899833082	65536	-7.115076756936123e-20	0.00013953035535483333	-0.00034486639197945637	-0.0002718450417341572	-9.6798324763605e-05	0	9.6798324763605e-05	0.0002718450417341572	0.0003448663919794558	1.8586353264968054e-15	-0.23612728183898213	-0.0002786617412403491	0.00013953035535483333	-1.9971406260071296	0.043701171875	0.043701171875
M01	26	20360853.0	7A5FDB114BB94D2FF44DB5718C21C0C55A38258D73B37824E623B12E5CBAB5BA	R2	-8.516711379184474e-05	0.00039057768210704866	0.00022756088572504254	-0.06833843834461444	-0.875713749196052	1.8042299420623709	8192	-2.541098841762901e-20	0.00010673034084990134	-0.000260989448661073	-0.00020563737586662151	-7.503038358237554e-05	0	7.503038358237554e-05	0.0002056373758666213	0.000260989448661073	-4.1540888193741684e-17	-0.3284561736545766	-8.516711379184474e-05	0.00010673034084990134	-0.7979653499993808	0.442138671875	0.442138671875
M01	27	20360854.0	0F2141AB03E47DBF36E5B7C35E254BF93FB68373BD54AB4B0B24F51196DC3F71	R1	-8.104621359005928e-05	0.0003906418678449991	0.00035496572185879133	-0.02504607825787225	-1.474871228241214	1.885886493390142	65536	-2.0328790734103208e-20	9.670647408571312e-05	-0.00023942260363035928	-0.00018781024588984706	-6.688547921412182e-05	0	6.688547921412182e-05	0.00018781024588984706	0.00023942260363035922	-1.2839895129499137e-15	-0.2160475873092187	-8.104621359005928e-05	9.670647408571312e-05	-0.8380639906096277	0.412933349609375	0.412933349609375
M01	27	20360854.0	0F2141AB03E47DBF36E5B7C35E254BF93FB68373BD54AB4B0B24F51196DC3F71	R2	-0.00031898790748077717	0.0004394863527410504	0.0003337636288857292	0.9534630664299286	1.0614908805427126	1.6110671485455306	8192	-1.1519648082658485e-19	0.0001467803619686722	-0.00035880190752848575	-0.0002870689304549556	-0.00010265863541219449	0	0.00010265863541219449	0.00028706893045495557	0.00035880190752848575	2.3637270188090176e-15	-0.27873717872395254	-0.00031898790748077717	0.0001467803619686722	-2.173232871226055	0.025146484375	0.025146484375
M01	28	20360855.0	182B3CC4958A0B79FB94468B089CA808F4E1B0F26D55196FCA2E5EC1A3886D7A	R1	-0.00033488685786672097	0.0002701165976505242	0.0001288314685723629	-0.2045811506956269	-0.46035758499347956	1.8348798006746019	65536	3.3881317890172014e-21	0.00010622933708627658	-0.00026026070970059875	-0.00020612571071020952	-7.399613170140196e-05	0	7.399613170140196e-05	0.00020612571071020952	0.00026026070970059853	1.4320091447328017e-15	-0.28323600189183606	-0.00033488685786672097	0.00010622933708627658	-3.1524893880749247	0.000213623046875	0.000213623046875
M01	28	20360855.0	182B3CC4958A0B79FB94468B089CA808F4E1B0F26D55196FCA2E5EC1A3886D7A	R2	-5.14561850680936e-05	0.0003549310897342942	0.00019610482303631104	-0.5142491399335951	0.7964832451037096	2.279638811466059	8192	4.235164736271502e-21	9.565477585549216e-05	-0.00021749205220648608	-0.0001836941022242513	-6.882634651805892e-05	0	6.882634651805892e-05	0.0001836941022242513	0.0002174920522064861	-4.327935257231029e-16	-0.5148401107304572	-5.14561850680936e-05	9.565477585549216e-05	-0.5379363926985687	0.6162109375	0.6162109375
M01	29	20360856.0	B24C2C8C26DC3DE521233C061BA2D4BA4BCA1BA73787B71B531576FDB2D9319F	R1	-0.0001718648231085978	0.00040398118029295145	0.00036541314675552796	0.27247242673352695	-0.8848608559131259	1.742458841468197	65536	-4.129285617864714e-20	0.00010681205666421732	-0.00026430737507387905	-0.00020736457332546187	-7.401860931981697e-05	0	7.401860931981697e-05	0.00020736457332546187	0.00026430737507387894	3.4466527354557975e-15	-0.2439195530935363	-0.0001718648231085978	0.00010681205666421732	-1.6090395454970539	0.1092529296875	0.1092529296875
M01	29	20360856.0	B24C2C8C26DC3DE521233C061BA2D4BA4BCA1BA73787B71B531576FDB2D9319F	R2	-0.00019052562944242015	0.0003761752251211128	0.0002803969401228319	0.15461620374002602	-0.8322149892227975	1.858675270948776	8192	4.235164736271502e-21	0.00011332152313277803	-0.000274466202981239	-0.00021970689011989648	-7.911944706330199e-05	0	7.911944706330199e-05	0.00021970689011989637	0.00027446620298123925	8.676453954786122e-17	-0.32769378195956955	-0.00019052562944242015	0.00011332152313277803	-1.681283697706592	0.094482421875	0.094482421875
M01	30	20360857.0	2A5EBEA50F618658CE8D330055965D73FBAD0E5CBD1A99BCEFB0F903E133DF2C	R1	-0.00020275122271263076	0.00048572912127196725	0.0003498958471182837	0.2245474892082898	0.09923301260261574	1.981046408995708	65536	-1.6940658945086007e-20	0.00012803784626664553	-0.00031306875589920153	-0.0002477309929553385	-8.957577699972622e-05	0	8.957577699972622e-05	0.0002477309929553385	0.00031306875589920153	2.309172839018089e-15	-0.31261008285800695	-0.00020275122271263076	0.00012803784626664553	-1.5835257201248973	0.116607666015625	0.116607666015625
M01	30	20360857.0	2A5EBEA50F618658CE8D330055965D73FBAD0E5CBD1A99BCEFB0F903E133DF2C	R2	-0.00018408148104065412	0.0004141958570450636	0.00026511160763464394	0.394189801733307	-1.8035221298580615	1.47509087274835	8192	-1.6940658945086007e-20	0.00012161442380047424	-0.0003001228034261523	-0.00023654931171048177	-8.388744031591104e-05	0	8.388744031591104e-05	0.00023654931171048166	0.00030012280342615243	1.5162749756013398e-15	-0.21630886845721387	-0.00018408148104065412	0.00012161442380047424	-1.5136484249817765	0.1318359375	0.1318359375
M01	31	20360858.0	40E9B03B3D902B679299028A14016D7A5A83EE084060AB8F1FD068E7C9F2F303	R1	-9.060583017247126e-05	0.0003024190449589513	0.0001972241985113485	1.046998162086475	0.6804503507580195	2.0621454749717087	65536	2.964615315390051e-20	7.662899617944288e-05	-0.00018840782011513127	-0.00014836172784216036	-5.326117530737629e-05	0	5.326117530737629e-05	0.00014836172784216036	0.00018840782011513122	-2.1038857447495413e-15	-0.2649152760978719	-9.060583017247126e-05	7.662899617944288e-05	-1.1823961514554973	0.245635986328125	0.245635986328125
M01	31	20360858.0	40E9B03B3D902B679299028A14016D7A5A83EE084060AB8F1FD068E7C9F2F303	R2	-0.0002965083460719768	0.00047740156378587586	0.00036729360258741555	0.24869737397838823	-0.7834909633092524	1.7196558256740242	8192	6.776263578034403e-21	0.00015148855208389046	-0.0003728633771221701	-0.0002952070913365938	-0.00010822983927877763	0	0.00010822983927877763	0.0002952070913365937	0.0003728633771221701	5.811122285092026e-17	-0.3188795402142044	-0.0002965083460719768	0.00015148855208389046	-1.9572987000877673	0.048095703125	0.048095703125
M01	32	20360859.0	59E412A0B092CA8DF675272F5D04ACBB399DB4E05E43FACE5A51F19640AC479A	R1	-0.00029012771994817903	0.00023703621855338281	0.00018864313802788974	-0.11053026285319269	-0.6102216256984434	1.8585557620654618	65536	-3.6422416731934915e-20	9.248334830118916e-05	-0.0002261585619553492	-0.00017960150562420303	-6.423151907651605e-05	0	6.423151907651605e-05	0.00017960150562420303	0.00022615856195534916	-1.595694186411239e-16	-0.2750973405007944	-0.00029012771994817903	9.248334830118916e-05	-3.137080623458013	0.000274658203125	0.000274658203125
M01	32	20360859.0	59E412A0B092CA8DF675272F5D04ACBB399DB4E05E43FACE5A51F19640AC479A	R2	-0.00017162937708379018	0.0003929899870339221	0.0003560585160397389	-0.040473326063283285	-1.4839450873455013	1.7715874776913096	8192	-5.082197683525802e-20	0.00011503801608675399	-0.0002813090347124982	-0.00022258889998318183	-8.036520651310351e-05	0	8.036520651310351e-05	0.0002225888999831818	0.0002813090347124982	1.4597147400077306e-15	-0.310865470034452	-0.00017162937708379018	0.00011503801608675399	-1.491936169642901	0.140869140625	0.140869140625
M01	33	20360860.0	C588DF5555B6DBD07FFAFE3CCB52D44C667D34D804C3D29503A529ED5A338D3C	R1	-0.000343965937651066	0.00041666616758325196	0.00031715482705302464	0.420233285635395	-0.24028021526362586	1.9446008214564445	65536	-2.0328790734103208e-20	0.00013254171086751586	-0.0003264827997564178	-0.0002569931451462394	-9.21598822726252e-05	0	9.21598822726252e-05	0.0002569931451462394	0.0003264827997564175	-1.1275762380861088e-15	-0.2543647861620224	-0.000343965937651066	0.00013254171086751586	-2.595152389385426	0.006072998046875	0.006072998046875
M01	33	20360860.0	C588DF5555B6DBD07FFAFE3CCB52D44C667D34D804C3D29503A529ED5A338D3C	R2	-4.3766544980169276e-05	0.0006496973211063189	0.0003656630142549548	-0.03541235194312978	-0.0881418440083519	1.9185995610168183	8192	-8.809142651444724e-20	0.00017356005015136002	-0.0004127348149600684	-0.00033568438825643134	-0.00012218805372235706	0	0.00012218805372235706	0.00033568438825643134	0.00041273481496006855	3.632269058916372e-15	-0.38828563704546015	-4.3766544980169276e-05	0.00017356005015136002	-0.25216946493159514	0.810546875	0.810546875
M01	34	20360861.0	0748DC45C78F9BC6DA6305BBE3A23D7545569B1FA2055FB776F8AB764BB54F4A	R1	-0.00022308195979031212	0.0002540072515421724	0.000204518427987913	0.4159434790812129	-0.9853345963978573	1.7419518579648874	65536	3.9810548520952116e-20	8.301146258555585e-05	-0.0002055666025961698	-0.0001614925553248408	-5.742559741757503e-05	0	5.742559741757503e-05	0.0001614925553248408	0.0002055666025961696	5.737192836942496e-16	-0.2329424577149095	-0.00022308195979031212	8.301146258555585e-05	-2.6873633211846193	0.004364013671875	0.004364013671875
M01	34	20360861.0	0748DC45C78F9BC6DA6305BBE3A23D7545569B1FA2055FB776F8AB764BB54F4A	R2	-4.051079177218299e-05	0.00043207154203736726	0.00012334357017781898	0.030308598771329354	0.4788398449947646	1.8607516556819637	8192	-8.470329472543003e-21	0.00011568782029177775	-0.0002692818049268373	-0.00022857586020215954	-8.47512631862485e-05	0	8.47512631862485e-05	0.00022857586020215952	0.0002692818049268373	-3.58813881948901e-16	-0.4421087005643285	-4.051079177218299e-05	0.00011568782029177775	-0.35017335161134683	0.724853515625	0.724853515625
M01	35	20360862.0	B00FABBB56F12F105ECE612D8B610473DC973562584F6BA0C801EDF4240EDEDB	R1	-0.0001766025773571768	0.00019045137303139582	0.00012384664281466003	-0.20134823842213406	0.04307813951166972	2.1412998516286974	65536	-5.929230630780102e-21	6.383289109087362e-05	-0.00015468965360833153	-0.00012342941878033326	-4.468254283786699e-05	0	4.468254283786699e-05	0.00012342941878033326	0.00015468965360833153	-1.7470657648819442e-15	-0.3304646883340139	-0.0001766025773571768	6.383289109087362e-05	-2.766639178315804	0.002044677734375	0.002044677734375
M01	35	20360862.0	B00FABBB56F12F105ECE612D8B610473DC973562584F6BA0C801EDF4240EDEDB	R2	-0.00016318912811163163	0.0005530015049518822	0.0003284766087873741	-0.0420483981892597	0.6737430798376729	2.1775420343756813	8192	2.0667603913004928e-19	0.00015416154688651938	-0.00035820112768348677	-0.0002973371305783377	-0.00010950820690059917	0	0.00010950820690059917	0.0002973371305783376	0.0003582011276834868	-3.777129296392789e-15	-0.4662635979878047	-0.00016318912811163163	0.00015416154688651938	-1.0585592283382936	0.308349609375	0.308349609375
M01	36	20360863.0	93B243D71E11FBBA64CF78F2F946C3804BE498C5E878AE7DCB34921B7CCE6CE8	R1	-0.0002738794559229831	0.00034631022593285116	0.00020126674459882595	0.3129619264733511	-0.05576581700287697	1.8388767755402098	65536	-5.759824041329242e-20	0.0001082381390453293	-0.00026495336383003344	-0.00020979418617523974	-7.536764310018638e-05	0	7.536764310018638e-05	0.00020979418617523974	0.0002649533638300333	1.3935654878025192e-15	-0.2756746253808138	-0.0002738794559229831	0.0001082381390453293	-2.5303415075187545	0.00787353515625	0.00787353515625
M01	36	20360863.0	93B243D71E11FBBA64CF78F2F946C3804BE498C5E878AE7DCB34921B7CCE6CE8	R2	-0.00011720898536849899	0.00043019098237940547	0.0002577361799694598	0.3654644236886819	-1.1299861555577813	1.7762392821147368	8192	9.317362419797304e-21	0.00011916021744064453	-0.0002955909447184452	-0.00023076307301817745	-8.288302455936124e-05	0	8.288302455936124e-05	0.00023076307301817705	0.00029559094471844527	2.0895061131364743e-16	-0.25714316128402626	-0.00011720898536849899	0.00011916021744064453	-0.9836251383720621	0.336181640625	0.336181640625
M01	37	20360864.0	8EA191F6F381C3D56D1634A137DE576D5FAFB3121EBE88B3FC8406F18F18BBF0	R1	-0.00034828410079828967	0.0003026214816983411	0.00016920509364200741	-0.4215939654088557	0.06292714446152647	2.0732147906250162	65536	-2.0328790734103208e-20	0.0001137873570542117	-0.00027648930391902	-0.0002201825104629702	-7.964788638777559e-05	0	7.964788638777559e-05	0.0002201825104629702	0.0002764893039190199	3.495573429679927e-15	-0.32149460198675905	-0.00034828410079828967	0.0001137873570542117	-3.060833029387937	0.000274658203125	0.000274658203125
M01	37	20360864.0	8EA191F6F381C3D56D1634A137DE576D5FAFB3121EBE88B3FC8406F18F18BBF0	R2	-0.0001378949562096128	0.0003360005821447392	0.0003672724533398156	0.09460994834226971	-1.4807045084738264	1.7175127107233237	8192	-4.235164736271502e-22	9.736612764698573e-05	-0.00023710686880172626	-0.00018975515079391224	-6.760201999743354e-05	0	6.760201999743354e-05	0.00018975515079391214	0.0002371068688017263	4.78766578931903e-16	-0.2841576526455807	-0.0001378949562096128	9.736612764698573e-05	-1.4162518274278084	0.162109375	0.162109375
M01	38	20360865.0	78DD835659181DE7AF47F15B0E54DD345CFB56D5B2F7FE7BFBEA72C40373F451	R1	-0.00017284099630089628	0.00038108268880971915	0.0003509745379424436	0.009505630959206578	-1.031681235174602	1.9349994711717948	65536	1.7787691892340307e-20	0.00010186512469219717	-0.0002502009156216343	-0.00019761355835386292	-7.089822737589514e-05	0	7.089822737589514e-05	0.00019761355835386292	0.0002502009156216342	-1.098630270300372e-15	-0.2739145520814166	-0.00017284099630089628	0.00010186512469219717	-1.6967632133486783	0.090179443359375	0.090179443359375
M01	38	20360865.0	78DD835659181DE7AF47F15B0E54DD345CFB56D5B2F7FE7BFBEA72C40373F451	R2	-0.00021329054861708174	0.0005340092820066977	0.00021558008977096168	1.4759926111288797	4.2603328241992156	2.2097319050032502	8192	1.1858461261560205e-20	0.00015411300110435868	-0.00036041567822608955	-0.00029609261714706416	-0.0001103593743350302	0	0.0001103593743350302	0.0002960926171470641	0.00036041567822608955	1.6557809438528097e-16	-0.4767084336568841	-0.00021329054861708174	0.00015411300110435868	-1.383988028840283	0.17919921875	0.17919921875
M01	39	20360866.0	FA7332EA0DF118532AA09F9B3F3B748A40EFA78749535F6231EB05FC100F423F	R1	-0.00018610009633621217	0.0004081583852856085	0.00024762642934260235	0.7235576886409322	0.13500221852767824	1.7954436272303527	65536	4.404571325722362e-20	0.00010920661202495273	-0.00027016626752423704	-0.00021187415656586593	-7.576494192858025e-05	0	7.576494192858025e-05	0.00021187415656586593	0.000270166267524237	-3.3726613752956655e-15	-0.24206263724047883	-0.00018610009633621217	0.00010920661202495273	-1.7041101530893565	0.08831787109375	0.08831787109375
M01	39	20360866.0	FA7332EA0DF118532AA09F9B3F3B748A40EFA78749535F6231EB05FC100F423F	R2	-0.00016629419438958222	0.00025943221964826565	0.00011339859836256378	0.16200721219645065	-0.6568406965894846	2.0939098580074003	8192	-1.8634724839594607e-20	8.310904935074806e-05	-0.00020221995924884503	-0.00016045581591572923	-5.858746716831094e-05	0	5.858746716831094e-05	0.00016045581591572915	0.00020221995924884503	2.639464212805585e-16	-0.3405166482739035	-0.00016629419438958222	8.310904935074806e-05	-2.000915612543767	0.038818359375	0.038818359375
M01	40	20360867.0	9DAD13B058C9AC22E99C88A29CC7BAB1EC8E441EA3A2C9DFCDDBACDCABFD97FE	R1	-0.00027442079550939327	0.00031119677998126997	0.00022204211549701558	-0.4623646778979326	-0.5109552108778681	2.128224363526833	65536	-5.759824041329242e-20	0.00010188842814020262	-0.00024592706180929364	-0.0001964988969712637	-7.171151583293623e-05	0	7.171151583293623e-05	0.0001964988969712637	0.0002459270618092936	1.5752142835396942e-15	-0.3535932424423063	-0.00027442079550939327	0.00010188842814020262	-2.6933460503657893	0.00262451171875	0.00262451171875
M01	40	20360867.0	9DAD13B058C9AC22E99C88A29CC7BAB1EC8E441EA3A2C9DFCDDBACDCABFD97FE	R2	-9.106951821200971e-05	0.00036954498027246696	0.00024749554565910495	-0.07661491247892364	-0.8612161152459956	1.945078803793784	8192	-8.470329472543003e-20	0.00010166637292296127	-0.0002453503676472216	-0.00019764142310535249	-7.07367861009353e-05	0	7.07367861009353e-05	0.00019764142310535243	0.0002453503676472217	2.8837574404376973e-15	-0.33479668827404474	-9.106951821200971e-05	0.00010166637292296127	-0.8957683410326693	0.385986328125	0.385986328125
M01	41	20360868.0	D3A88D6D27BD4AAB594A7D7C0BF0E7316ADC6A217492BB53AADCAC40189F566C	R1	-0.00036111112141522163	0.0003351549841159685	0.00020560355516067988	-0.5967005292557516	0.020648942662863767	2.192504127914778	65536	0	0.0001213757461675389	-0.00029305562979847516	-0.0002343509995534663	-8.533915284124871e-05	0	8.533915284124871e-05	0.0002343509995534663	0.00029305562979847505	-3.162442024688361e-15	-0.34986786942296	-0.00036111112141522163	0.0001213757461675389	-2.975150578409365	0.000396728515625	0.000396728515625
M01	41	20360868.0	D3A88D6D27BD4AAB594A7D7C0BF0E7316ADC6A217492BB53AADCAC40189F566C	R2	-0.0001945119968503529	0.00047974307012921215	0.00023165212992624988	0.7927086854637085	1.4553009205692131	1.8684695211785107	8192	8.470329472543003e-21	0.000138762325174157	-0.00033548784034120643	-0.0002689812700649957	-9.72763162803336e-05	0	9.72763162803336e-05	0.00026898127006499565	0.00033548784034120643	-1.2853863225033221e-15	-0.38149299199710063	-0.0001945119968503529	0.000138762325174157	-1.4017637467967328	0.169921875	0.169921875
M01	42	20360869.0	FCB89574D44DC61D9AC0AE300E7097F6188DB4FFFD47739EA24900819F1DF5C7	R1	-7.195152162830305e-05	0.0005061233730777567	0.00020108349191391876	1.6851461866075965	4.467788538102173	2.8651567041070254	65536	-7.792703114739563e-20	0.00012382739483969676	-0.00028149022573875583	-0.00023144658295457795	-9.235860566793189e-05	0	9.235860566793189e-05	0.00023144658295457795	0.0002814902257387554	-2.7921540722781213e-15	-0.6073918619371179	-7.195152162830305e-05	0.00012382739483969676	-0.5810630331151627	0.60406494140625	0.60406494140625
M01	42	20360869.0	FCB89574D44DC61D9AC0AE300E7097F6188DB4FFFD47739EA24900819F1DF5C7	R2	-0.00019226856893324792	0.0003452895566721491	0.00018735116404422977	-0.14000759741999577	0.13682173855911417	2.2033241189822754	8192	-8.470329472543003e-21	0.00010635169709386978	-0.00024617157211290365	-0.00020160841786496492	-7.591001052912465e-05	0	7.591001052912465e-05	0.00020160841786496465	0.0002461715721129037	2.519169815976495e-16	-0.43703953771726667	-0.00019226856893324792	0.00010635169709386978	-1.807856143222095	0.067626953125	0.067626953125
M01	43	20360870.0	970641202BDA0285237D392BCCFBFE55E1D7F0165D40FC1F317BAA9A50393E29	R1	-0.00015439752441328547	0.0002583294411918155	0.00021659785730909658	0.12480254569460726	-1.2660794401019675	1.9354171521064087	65536	3.3881317890172014e-21	7.348602455439695e-05	-0.00018098279954126137	-0.00014252015615660537	-5.1022093644348346e-05	0	5.1022093644348346e-05	0.00014252015615660537	0.00018098279954126097	-2.226507058462504e-16	-0.2552909578409901	-0.00015439752441328547	7.348602455439695e-05	-2.101046088008135	0.032470703125	0.032470703125
M01	43	20360870.0	970641202BDA0285237D392BCCFBFE55E1D7F0165D40FC1F317BAA9A50393E29	R2	-0.00026114358546101	0.00046595961864843446	0.0003721121428520671	0.3888256242145358	-0.3935633053024663	1.90040317918212	8192	0	0.0001437534532882533	-0.00035443366362826353	-0.0002833644512543786	-9.497204722904026e-05	0	9.497204722904026e-05	0.00028336445125437857	0.00035443366362826364	-2.0401676387860612e-15	-0.31395826344469846	-0.00026114358546101	0.0001437534532882533	-1.8166073891621017	0.07275390625	0.07275390625
M01	44	20360871.0	B9BB3D323B5D0B6A97C7B7A03CB89C18F739FAD1B6DE454A6D9474C365209A95	R1	-0.00031934726953388755	0.0001933615073081791	0.00012010795989280526	0.6838704973223664	-0.4040003462884938	1.531049080092927	65536	1.1858461261560205e-20	9.254615404245492e-05	-0.0002302585403464129	-0.00017998321451377823	-6.370887590868236e-05	0	6.370887590868236e-05	0.00017998321451377823	0.0002302585403464128	1.7198434874649282e-15	-0.1967305861101991	-0.00031934726953388755	9.254615404245492e-05	-3.4506811529670824	9.1552734375e-05	9.1552734375e-05
M01	44	20360871.0	B9BB3D323B5D0B6A97C7B7A03CB89C18F739FAD1B6DE454A6D9474C365209A95	R2	-0.0003228102442031707	0.00039018907211016955	0.00030457067030192225	-0.8441502544704161	0.07945777617222616	2.3045003799350647	8192	-1.1858461261560205e-20	0.0001372175415270803	-0.0003144618039798809	-0.00026201246580119086	-9.875273450319564e-05	0	9.875273450319564e-05	0.00026201246580119075	0.0003144618039798811	-4.496125252440965e-16	-0.5161381980695885	-0.0003228102442031707	0.0001372175415270803	-2.352543564114673	0.00732421875	0.00732421875
M01	45	20360872.0	D864A81299C3BE94B39C814E0B825603E55E5D4357980ED35B66887D1756FA03	R1	-0.0002383767456156362	0.0004206245783664018	0.00030333865534159545	1.1982906300622111	1.9962384379060492	1.8778652569632175	65536	-5.082197683525802e-20	0.00011797618723523786	-0.00029432015206248195	-0.00022979325513167382	-8.239650674736769e-05	0	8.239650674736769e-05	0.00022979325513167382	0.00029432015206248157	1.7218893733521496e-15	-0.25716346895345676	-0.0002383767456156362	0.00011797618723523786	-2.0205496651652797	0.040771484375	0.040771484375
M01	45	20360872.0	D864A81299C3BE94B39C814E0B825603E55E5D4357980ED35B66887D1756FA03	R2	-0.0002762811426160255	0.0003433005236765297	0.00020611740205671167	0.5354326541893576	0.5412515108918017	1.9976646808493925	8192	-6.776263578034403e-21	0.00011933899079083924	-0.0002907220629352587	-0.00023067256576015416	-8.342005897477709e-05	0	8.342005897477709e-05	0.00023067256576015405	0.00029072206293525877	-1.4858069619480442e-15	-0.32080073834157785	-0.0002762811426160255	0.00011933899079083924	-2.3150953496854405	0.014892578125	0.014892578125
M01	46	20360873.0	3F1DC69D229D3F486A83E6F54768DC2120D4248EED382D759B83D0501DF6DB66	R1	-0.0002783352797854392	0.0003970029334082103	0.00023593783049763258	-0.3298978904754212	0.15714638855435714	2.408969595247936	65536	-3.7269449679189215e-20	0.00011864721494942407	-0.0002846409947129324	-0.00022794913807469395	-8.412293381452194e-05	0	8.412293381452194e-05	0.00022794913807469395	0.000284640994712932	9.673366036772714e-16	-0.3788603192245166	-0.0002783352797854392	0.00011864721494942407	-2.3459065592402286	0.012176513671875	0.012176513671875
M01	46	20360873.0	3F1DC69D229D3F486A83E6F54768DC2120D4248EED382D759B83D0501DF6DB66	R2	-0.00029647040180119546	0.0002949568814876693	0.00023580690196700865	0.13534237382333017	-0.7884151814250204	1.741071782779285	8192	3.3881317890172014e-21	0.00011375497353853373	-0.00027792961821929954	-0.00022022299718094478	-7.958454894960856e-05	0	7.958454894960856e-05	0.00022022299718094462	0.00027792961821929954	-5.489695660426921e-16	-0.326359057973705	-0.00029647040180119546	0.00011375497353853373	-2.606219249840255	0.00439453125	0.00439453125
M01	47	20360874.0	10E93791F7060EF061F05F346FF5068C6ECC0403987C7D3A0C20B936DC4B9B4D	R1	-0.00020920311583875852	0.00033166769892412567	0.0001272833837137156	0.5390818530242579	1.0685398913408468	2.2661839372895862	65536	2.964615315390051e-20	9.581767557485036e-05	-0.0002338134920057318	-0.0001847980831738537	-6.70565386634169e-05	0	6.70565386634169e-05	0.0001847980831738537	0.00023381349200573117	-2.4105308010694453e-15	-0.29976920855867384	-0.00020920311583875852	9.581767557485036e-05	-2.1833457614543605	0.024322509765625	0.024322509765625
M01	47	20360874.0	10E93791F7060EF061F05F346FF5068C6ECC0403987C7D3A0C20B936DC4B9B4D	R2	-0.000149758420913771	0.000495962684057073	0.00031435741447160886	0.7145619607663821	-0.504184511240179	1.6113827375453786	8192	0	0.00013854062629617092	-0.00034056814319205513	-0.0002682933069716013	-9.623453192680683e-05	0	9.623453192680683e-05	0.00026829330697160126	0.00034056814319205524	9.876688822076568e-16	-0.2609848333938891	-0.000149758420913771	0.00013854062629617092	-1.0809711556638901	0.290771484375	0.290771484375
M01	48	20360875.0	EB42AB9AEDD54B8E9FCB4C88B68BB6BA2CE8113E8653EF239E3B052B7077E98E	R1	-0.00028494045451517535	0.0002591204629639512	0.0001222584202366627	1.2027250662536122	0.8872669565835727	1.4607725412154118	65536	-5.505714157152952e-21	9.491450526515161e-05	-0.00023678103555197064	-0.00018496361104079225	-6.533359091795678e-05	0	6.533359091795678e-05	0.00018496361104079225	0.00023678103555197058	2.066667298518175e-15	-0.1845711184859442	-0.00028494045451517535	9.491450526515161e-05	-3.0020749064557664	0.0013427734375	0.0013427734375
M01	48	20360875.0	EB42AB9AEDD54B8E9FCB4C88B68BB6BA2CE8113E8653EF239E3B052B7077E98E	R2	-0.00012061812571953533	0.00036368724550250257	0.00022202805890151613	0.45631546848347476	-0.4781746324327907	1.8960592304573014	8192	3.3881317890172014e-21	0.00010252929546398929	-0.0002511483691832048	-0.00019857734594811552	-7.160310288342068e-05	0	7.160310288342068e-05	0.00019857734594811544	0.0002511483691832049	-6.326001875513492e-16	-0.29824312031849276	-0.00012061812571953533	0.00010252929546398929	-1.1764259685359808	0.249755859375	0.249755859375
M01	49	20360876.0	6522D2DDC54C2BFB11B0729126A55F1B9BCB3E80D58ABC692DE0D1419E6BA580	R1	-0.0003129907093548228	0.0003344635458986472	0.00019599942077462167	-0.511546770009702	0.4554353853710782	2.3992478197087688	65536	8.470329472543003e-21	0.00011259455090816785	-0.0002699855241475834	-0.0002161613854499288	-7.980302031592652e-05	0	7.980302031592652e-05	0.0002161613854499288	0.00026998552414758263	-6.225307910233817e-15	-0.37541123280587874	-0.0003129907093548228	0.00011259455090816785	-2.779803345990501	0.001617431640625	0.001617431640625
M01	49	20360876.0	6522D2DDC54C2BFB11B0729126A55F1B9BCB3E80D58ABC692DE0D1419E6BA580	R2	-0.00023280463511207635	0.00042133523147832745	0.0002614718298605831	0.6242809701857753	-0.7656329441609904	1.687146949129915	8192	-9.740878893424454e-21	0.0001295234916648747	-0.0003191020139977101	-0.0002517033049869122	-8.979377702423024e-05	0	8.979377702423024e-05	0.00025170330498691174	0.0003191020139977102	-2.9053860677490163e-16	-0.25128993611630923	-0.00023280463511207635	0.0001295234916648747	-1.7973931378751606	0.07080078125	0.07080078125
M01	50	20360877.0	D7AE737B87EF838E65F95FB4EC062EED2E8E31F43629EEF4905A93B0575F2E12	R1	-0.00023253205703305284	0.000359976530847	0.00024821790007939785	-0.1601823876910903	-0.5418466374876343	2.190138536534	65536	-4.743384504624082e-20	0.00010474910357269791	-0.00025339471388715696	-0.00020349104804769525	-7.367545788583045e-05	0	7.367545788583045e-05	0.00020349104804769525	0.00025339471388715674	7.907184060956787e-16	-0.3300652479985491	-0.00023253205703305284	0.00010474910357269791	-2.2198954368298827	0.020111083984375	0.020111083984375
M01	50	20360877.0	D7AE737B87EF838E65F95FB4EC062EED2E8E31F43629EEF4905A93B0575F2E12	R2	-0.00017642381711927121	0.0005521698149270492	0.0004527743362122945	0.1786093496068901	-1.0895318750157363	1.8201891228730098	8192	3.7269449679189215e-20	0.0001550686782121472	-0.000373799288803165	-0.0002964405197037975	-0.00010834630343234656	0	0.00010834630343234656	0.00029644051970379706	0.00037379928880316505	-1.6253558477996218e-15	-0.2893940187211772	-0.00017642381711927121	0.0001550686782121472	-1.1377140706513815	0.264892578125	0.264892578125
M01	51	20360878.0	5680E6B220D98BEB5201A03D9E43A492B398F4F1549B6EB288483DB0DFE1C325	R1	-0.0004155347517792511	0.00047639057279756425	0.0002939056237871504	0.14652062761370974	-0.7490642646943142	1.9360490548553801	65536	1.7957098481791167e-19	0.00015520928220056298	-0.000380543684296786	-0.00030079462071116964	-0.00010783066933999757	0	0.00010783066933999757	0.00030079462071116964	0.0003805436842967859	-4.753241502367951e-15	-0.272774980914817	-0.0004155347517792511	0.00015520928220056298	-2.677254516532671	0.004150390625	0.004150390625
M01	51	20360878.0	5680E6B220D98BEB5201A03D9E43A492B398F4F1549B6EB288483DB0DFE1C325	R2	-0.0003635550921660059	0.0003682087481543629	0.0002621011370250581	0.06353443679474659	-0.9969647775537891	1.8565891622972115	8192	2.710505431213761e-20	0.00014069944777671533	-0.00033960305963176145	-0.0002720602769770219	-9.8480811853543e-05	0	9.8480811853543e-05	0.0002720602769770217	0.0003396030596317615	-4.3518461173002227e-16	-0.3321079620059324	-0.0003635550921660059	0.00014069944777671533	-2.583912715442594	0.005615234375	0.005615234375
M01	52	20360879.0	73B31FA2A66CAB9C3B7861B9A59183ED650B61A1650F69657293FDD92A729958	R1	-0.00022816219108275565	0.00041485406356680653	0.00020514184239607102	1.151706373294424	1.9476586366932924	1.9487192855123219	65536	-5.039846036163087e-20	0.00011549043317425065	-0.0002840084492363533	-0.00022368249663355349	-8.032185955005946e-05	0	8.032185955005946e-05	0.00022368249663355349	0.00028400844923635307	5.080353772511679e-16	-0.26519000813191873	-0.00022816219108275565	0.00011549043317425065	-1.9755938635930745	0.045562744140625	0.045562744140625
M01	52	20360879.0	73B31FA2A66CAB9C3B7861B9A59183ED650B61A1650F69657293FDD92A729958	R2	-0.00018096945570786436	0.0003832720087108293	0.00030584973954906973	-0.33885578673358235	-1.4186736647075293	1.7852167595629473	8192	1.2705494208814505e-20	0.00011380419310846201	-0.00027311848543292447	-0.00021967244961770927	-7.994392771162228e-05	0	7.994392771162228e-05	0.00021967244961770916	0.0002731184854329246	-1.0279829940045385e-16	-0.37245398843263855	-0.00018096945570786436	0.00011380419310846201	-1.590182670469707	0.115966796875	0.115966796875
M01	53	20360880.0	FD57EEFA9C0D596828DEAA72C5D80717E390EAF890B93EB1DC8889843AAB854D	R1	-0.00036662640463136324	0.0004558061490376489	0.0003209050286159459	-0.38126531199458336	-0.23207299105364765	2.271717486089968	65536	-1.0333801956502464e-19	0.00014343862719275646	-0.0003451949909136757	-0.00027698422936255307	-0.00010078740648813327	0	0.00010078740648813327	0.00027698422936255307	0.00034519499091367496	8.554052913412164e-16	-0.3606626007587792	-0.00036662640463136324	0.00014343862719275646	-2.5559809920564938	0.005584716796875	0.005584716796875
M01	53	20360880.0	FD57EEFA9C0D596828DEAA72C5D80717E390EAF890B93EB1DC8889843AAB854D	R2	-0.00024403188048927892	0.00048614920666843	0.00041228619153471554	-0.4111473528158061	-1.0162252407535055	2.027194054436681	8192	-1.3552527156068805e-20	0.00014616808911349101	-0.00034436458379897373	-0.00028114841174231	-0.00010320812710801218	0	0.00010320812710801218	0.0002811484117423098	0.00034436458379897384	9.703602761468598e-16	-0.4148952132717927	-0.00024403188048927892	0.00014616808911349101	-1.669529115207919	0.09716796875	0.09716796875
M01	54	20360881.0	E6BB0A23452A3EEA5D09CC83C567756D062E4F54C6E8F92225CA1C9C5813D959	R1	-0.00013286802029556142	0.0003552538324462132	0.0002494271058490435	0.18637144247176288	-0.8318520980700521	1.8051670410244625	65536	-3.218725199566341e-20	9.218644176792668e-05	-0.00022719880828709341	-0.0001789456036232205	-6.396993418533206e-05	0	6.396993418533206e-05	0.0001789456036232205	0.0002271988082870933	6.12241460918334e-16	-0.25648406347234287	-0.00013286802029556142	9.218644176792668e-05	-1.441296764984681	0.154144287109375	0.154144287109375
M01	54	20360881.0	E6BB0A23452A3EEA5D09CC83C567756D062E4F54C6E8F92225CA1C9C5813D959	R2	-0.00015294309446539273	0.0003592737735613442	0.00026759384634230104	-0.4763595482517106	-0.3957937029506273	2.2495149472038967	8192	1.8634724839594607e-20	0.0001047185190425358	-0.00024402197971356814	-0.00020065895889907415	-7.462103412090464e-05	0	7.462103412090464e-05	0.00020065895889907412	0.00024402197971356825	-3.078697592926877e-16	-0.4588011299393271	-0.00015294309446539273	0.0001047185190425358	-1.4605162092033455	0.153076171875	0.153076171875
M01	55	20360882.0	778A0D0E0DFEC16EF17538157F406D8C0E86822BA39F5FA94C3F1C80681336CD	R1	-0.00014059105655626607	0.0004927509867551478	0.00035861857821149973	0.4942691344980833	-0.07022029525371298	1.8985041713887092	65536	-3.112846081159554e-20	0.00012434778199429494	-0.0003055644293291202	-0.00024097463408433707	-8.645039826016367e-05	0	8.645039826016367e-05	0.00024097463408433707	0.00030556442932912014	1.3129741122876628e-17	-0.27496503070305467	-0.00014059105655626607	0.00012434778199429494	-1.1306277788108545	0.267791748046875	0.267791748046875
M01	55	20360882.0	778A0D0E0DFEC16EF17538157F406D8C0E86822BA39F5FA94C3F1C80681336CD	R2	-0.00017284913882065165	0.0003907880658780132	0.00019755273239570206	-0.5770255888035941	0.9547352077393185	2.467073748198304	8192	-5.421010862427522e-20	0.00011464515928692643	-0.00025906204343531877	-0.00021556751945371383	-8.297699171255496e-05	0	8.297699171255496e-05	0.00021556751945371377	0.00025906204343531877	2.681404216743413e-16	-0.570352237533855	-0.00017284913882065165	0.00011464515928692643	-1.5076880689576793	0.141845703125	0.141845703125
M01	56	20360883.0	D362FD5F8D500ED2E1F7E544E8979DC71841C7A9085D78BDEDA7778E7796AB90	R1	-0.0002102616661489652	0.00036674164638269635	0.00029250307376026846	-1.1141713328340044	1.6841559366519556	2.831250526315937	65536	-8.470329472543003e-22	0.0001031703044133364	-0.00023669778612342765	-0.0001934838287081012	-7.652490372969882e-05	0	7.652490372969882e-05	0.0001934838287081012	0.0002366977861234275	1.839061038319983e-16	-0.5797052618394383	-0.0002102616661489652	0.0001031703044133364	-2.0380056775502307	0.028839111328125	0.028839111328125
M01	56	20360883.0	D362FD5F8D500ED2E1F7E544E8979DC71841C7A9085D78BDEDA7778E7796AB90	R2	-0.00017963387369139197	0.000256652863999193	0.00014403945439048075	1.2704957751007193	1.246552933612464	1.4489884312376402	8192	0	8.461833204874074e-05	-0.0002093058470194035	-0.0001643218961573456	-5.8696945402214666e-05	0	5.8696945402214666e-05	0.00016432189615734556	0.0002093058470194035	-1.500439852609249e-15	-0.23532670532808986	-0.00017963387369139197	8.461833204874074e-05	-2.1228718333507404	0.031494140625	0.031494140625
M01	57	20360884.0	36AFE738A6993781ECDE505C1E73FFD41C647DF40CEBFC954B787C3635F4F8CC	R1	-0.00024263970928270376	0.0002915878902411141	0.00019671613565318572	0.2713743191554066	0.8610075703232107	2.189303859107972	65536	-7.623296525288703e-21	9.306774155727417e-05	-0.00022625297651828832	-0.00017912200147618548	-6.48489105488799e-05	0	6.48489105488799e-05	0.00017912200147618548	0.0002262529765182883	2.5053173965477734e-16	-0.30576647197493667	-0.00024263970928270376	9.306774155727417e-05	-2.6071300884999187	0.0047607421875	0.0047607421875
M01	57	20360884.0	36AFE738A6993781ECDE505C1E73FFD41C647DF40CEBFC954B787C3635F4F8CC	R2	-0.00024719194562714805	0.0005400726955158641	0.00014374338481516573	1.3455816464142705	1.0529852850908075	1.767513737539274	8192	1.5246593050577406e-20	0.00015941863026374447	-0.0003899901471325208	-0.0003088855008745952	-0.00011074195787149562	0	0.00011074195787149562	0.00030888550087459506	0.0003899901471325211	-1.9945376093230807e-16	-0.24631051602992482	-0.00024719194562714805	0.00015941863026374447	-1.5505838007652566	0.123046875	0.123046875
M01	58	20360885.0	2287064A889F130EAA713A10AA22AA6B545A1B17A97AC2C5ABB6EB2CE547D2C5	R1	-7.859511644618379e-05	0.000671556651930326	0.0002912325044072493	2.077220085274908	5.402944269610858	3.0118696797408955	65536	-2.064642808932357e-20	0.0001637424242198567	-0.00036706054235405094	-0.0003013423167782794	-0.00012556006933102083	0	0.00012556006933102083	0.0003013423167782794	0.00036706054235405083	8.503180588888196e-16	-0.6900925679000647	-7.859511644618379e-05	0.0001637424242198567	-0.47999238328519095	0.68585205078125	0.68585205078125
M01	58	20360885.0	2287064A889F130EAA713A10AA22AA6B545A1B17A97AC2C5ABB6EB2CE547D2C5	R2	-0.0002973032806559722	0.0005044260278749711	0.0004428380352309636	-0.5109457924296784	-0.5603086828235186	2.3220090476001616	8192	-1.3552527156068805e-20	0.0001577001985259728	-0.00037280375778663515	-0.00029993959897752024	-0.0001136208069636248	0	0.0001136208069636248	0.00029993959897752013	0.0003728037577866352	-1.0302265406974222e-16	-0.46316109411014095	-0.0002973032806559722	0.0001577001985259728	-1.8852435408127097	0.05322265625	0.05322265625
M01	59	20360886.0	5E532A92CCAE8CACD243D4271C2F407E87B1A9349EAE4C1924CA20DA5CD41C1A	R1	-0.0003191132459600069	0.000303785032342881	0.00020955166195877793	0.44289107594902477	-0.22837769957572052	1.8148022009723122	65536	1.1858461261560205e-20	0.00010849932302613727	-0.0002676079729195493	-0.0002104098411755897	-7.53585340378078e-05	0	7.53585340378078e-05	0.0002104098411755897	0.0002676079729195492	-1.5021136738446838e-15	-0.2424321902765345	-0.0003191132459600069	0.00010849932302613727	-2.941154258475264	0.0013427734375	0.0013427734375
M01	59	20360886.0	5E532A92CCAE8CACD243D4271C2F407E87B1A9349EAE4C1924CA20DA5CD41C1A	R2	-0.0002658165212036999	0.0003916678455235445	0.0003841803849058843	0.08062141120108052	-1.2648332582364965	1.7069629003369449	8192	-1.8634724839594607e-20	0.00012778821225440396	-0.00030984733510088674	-0.0002468448115713396	-8.9630640410911e-05	0	8.9630640410911e-05	0.0002468448115713395	0.0003098473351008868	2.662317022503754e-16	-0.32712674909188344	-0.0002658165212036999	0.00012778821225440396	-2.08013334339873	0.033935546875	0.033935546875
M01	60	20360887.0	7407B58C16942959628ABA7046A3A2FB5FED8094F3F667772339410D00D53456	R1	-0.0003320783303066965	0.00038669277783850476	0.00022690360243004496	0.2473465231012981	0.5602805095653918	2.074809310783642	65536	-2.879912020664621e-20	0.0001251163051834141	-0.0003061579098349456	-0.00024235127176225958	-8.745440194695762e-05	0	8.745440194695762e-05	0.00024235127176225958	0.00030615790983494555	-1.8044987937549126e-16	-0.2972518410489631	-0.0003320783303066965	0.0001251163051834141	-2.6541571046226684	0.004241943359375	0.004241943359375
M01	60	20360887.0	7407B58C16942959628ABA7046A3A2FB5FED8094F3F667772339410D00D53456	R2	-0.00038676052783994205	0.0004729832535986551	0.0003648944887413733	0.1248906984378429	-0.9595171908247337	1.7051616123919373	8192	-1.0164395367051604e-20	0.0001655135673508703	-0.00039862125118256427	-0.0003201533113730773	-0.00011601341454676564	0	0.00011601341454676564	0.00032015331137307673	0.00039862125118256427	1.3589344239949953e-15	-0.3326577218427209	-0.00038676052783994205	0.0001655135673508703	-2.3367300580263177	0.013671875	0.013671875
M01	61	20360888.0	913070ECCA12845886478C434F3541A65A673429C0DE1C242C847C90D4947F1E	R1	-0.0003806062110423017	0.000349320886767433	0.00029076457052534403	0.05592367634166925	-0.8742126712143512	1.8471133895604053	65536	2.0328790734103208e-20	0.00012729482467955063	-0.0003129012102160176	-0.0002469683279211912	-8.84501611987236e-05	0	8.84501611987236e-05	0.0002469683279211912	0.00031290121021601753	-7.343266692727172e-16	-0.26756701854683973	-0.0003806062110423017	0.00012729482467955063	-2.9899582485024974	0.0008544921875	0.0008544921875
M01	61	20360888.0	913070ECCA12845886478C434F3541A65A673429C0DE1C242C847C90D4947F1E	R2	-0.00036966549882615576	0.0002814886307839644	0.0001721990132101226	-0.4976842797700724	-1.1512627908067996	1.8220944635979335	8192	2.541098841762901e-21	0.00012704299018698284	-0.0003098258810927782	-0.0002448494256514298	-8.955145771184187e-05	0	8.955145771184187e-05	0.0002448494256514296	0.00030982588109277823	3.448382095459028e-16	-0.3531768035964804	-0.00036966549882615576	0.00012704299018698284	-2.909766987395993	0.000244140625	0.000244140625
M01	62	20360889.0	9489E0D12C98E0C37BDA7E4B44C02079B453DBE963781BEC35B8F52755413258	R1	-0.0001643310864819606	0.0005429900133047984	0.0003117133296101341	0.02638590528787391	-0.05751348365753106	2.007528665008817	65536	1.6940658945086007e-20	0.00013770895615781037	-0.0003343267784390472	-0.0002666836235379104	-9.635923131963157e-05	0	9.635923131963157e-05	0.0002666836235379104	0.00033432677843904713	-4.060065350689185e-16	-0.3289881093119291	-0.0001643310864819606	0.00013770895615781037	-1.193321705914625	0.243438720703125	0.243438720703125
M01	62	20360889.0	9489E0D12C98E0C37BDA7E4B44C02079B453DBE963781BEC35B8F52755413258	R2	-0.00014070015393546797	0.00030349862583333744	0.00022097800849072777	0.2754683709544711	-0.5748153197918913	1.8065954485489895	8192	-7.623296525288703e-21	8.980117051782793e-05	-0.00021809827022818758	-0.0001741053375602068	-6.286849694132841e-05	0	6.286849694132841e-05	0.00017410533756020676	0.0002180982702281876	5.143461568769619e-16	-0.32115080952583996	-0.00014070015393546797	8.980117051782793e-05	-1.5667964362172233	0.12060546875	0.12060546875
M01	63	20360890.0	04C2105EEB4C9680585DFC9EE8A89A9EBCF990F210BA2E64D18C284A9761C745	R1	-0.000161341691353017	0.0004285478234579864	0.000308037640900197	-0.47823509576135015	-0.6507099339647007	2.063089887095418	65536	2.0328790734103208e-20	0.0001113016945844131	-0.0002681632943810584	-0.0002150485515913439	-7.821414163986087e-05	0	7.821414163986087e-05	0.0002150485515913439	0.00026816329438105797	-1.0253047983872404e-15	-0.356928882047006	-0.000161341691353017	0.0001113016945844131	-1.4495888131393428	0.154083251953125	0.154083251953125
M01	63	20360890.0	04C2105EEB4C9680585DFC9EE8A89A9EBCF990F210BA2E64D18C284A9761C745	R2	-9.22064778849616e-05	0.0002367280673309031	9.930686089829077e-05	-0.9005291322380377	0.2336370956253746	2.3309460949272847	8192	-8.470329472543003e-21	6.807167200303069e-05	-0.000153110474853407	-0.00012918051285745752	-4.900531415400696e-05	0	4.900531415400696e-05	0.00012918051285745746	0.00015311047485340698	-1.280944165849519e-15	-0.5696960820726402	-9.22064778849616e-05	6.807167200303069e-05	-1.3545499202789728	0.19873046875	0.19873046875
M01	64	20360891.0	3F4EE5719702BEE1F5BF1304F591796C9BCC0B4A8BDD3E2C45E2E7E4FF8630B2	R1	-0.00029643436938271	0.00038835011737061906	0.00029091897642734646	-0.29194321968035997	-0.369434322091307	2.255916637347975	65536	-5.293955920339377e-21	0.00011970449526616206	-0.0002888622148421681	-0.00023080702821307817	-8.420706208086894e-05	0	8.420706208086894e-05	0.00023080702821307817	0.0002888622148421681	-1.228925027070883e-15	-0.3484457141820938	-0.00029643436938271	0.00011970449526616206	-2.4763846063056394	0.007415771484375	0.007415771484375
M01	64	20360891.0	3F4EE5719702BEE1F5BF1304F591796C9BCC0B4A8BDD3E2C45E2E7E4FF8630B2	R2	-0.0002860796001761727	0.00029881403071214843	0.00021770418522552647	0.5531475579480841	-0.8343188677549711	1.6650213577987103	8192	3.3881317890172014e-21	0.00011241508541924252	-0.00027609016870047324	-0.0002174496280066188	-7.823248601731653e-05	0	7.823248601731653e-05	0.00021744962800661875	0.00027609016870047324	1.4220853879621491e-16	-0.2716197066622965	-0.0002860796001761727	0.00011241508541924252	-2.5448506231104404	0.00634765625	0.00634765625
M02	1	20360828.0	71FF0527292CECC14145AC028C4A6EC6AE167D937A8C1B460F4FD706189748F0	R1	-6.358372356028138e-05	0.00039722788391492904	0.00016053933201268703	1.8937423739247	3.9317929887103613	2.7820249471603615	65536	8.470329472543003e-21	9.74593909358143e-05	-0.00022654500200430924	-0.00018329599178312957	-7.178534225849188e-05	0	7.178534225849188e-05	0.00018329599178312957	0.0002265450020043086	1.82714921808508e-15	-0.5312992115031001	-6.358372356028138e-05	9.74593909358143e-05	-0.6524124863673418	0.552337646484375	0.552337646484375
M02	1	20360828.0	71FF0527292CECC14145AC028C4A6EC6AE167D937A8C1B460F4FD706189748F0	R2	-0.00027879550342292566	0.00033763623151755636	0.0002600208844409176	0.3251851618003757	-1.0380415123598958	1.7180965890905096	8192	6.776263578034403e-21	0.00011863920728724106	-0.000291897841330109	-0.000230269019683565	-8.294125732409734e-05	0	8.294125732409734e-05	0.00023026901968356482	0.0002918978413301091	-2.1171557022575474e-15	-0.2989433819243841	-0.00027879550342292566	0.00011863920728724106	-2.3499440850774165	0.014404296875	0.014404296875
M02	2	20360829.0	1BF319A45EB3A690EADAD4CA58DF104366099A111997CD9B9131D93D112CD1A3	R1	-0.00011957648289794766	0.00037683207047486836	0.0003850808108708841	0.11713865243953041	-1.1249264434191428	1.681026106854169	65536	-6.352747104407253e-20	9.599089917486644e-05	-0.0002373609083891601	-0.00018699650850500973	-6.634277720113041e-05	0	6.634277720113041e-05	0.00018699650850500973	0.0002373609083891599	3.025422122977983e-15	-0.24061811029610913	-0.00011957648289794766	9.599089917486644e-05	-1.2457064568185303	0.22064208984375	0.22064208984375
M02	2	20360829.0	1BF319A45EB3A690EADAD4CA58DF104366099A111997CD9B9131D93D112CD1A3	R2	1.307124057269069e-06	0.00043686170532301156	0.0003451290057178444	0.3693454005066421	0.41886000032606097	2.1980589642883315	8192	8.470329472543003e-22	0.00011641792715471132	-0.0002738420227176474	-0.00022193920366606894	-8.247284720168034e-05	0	8.247284720168034e-05	0.00022193920366606886	0.0002738420227176474	-8.642584698331258e-16	-0.43795602556083324	1.307124057269069e-06	0.00011641792715471132	0.011227858880634356	0.989990234375	0.989990234375
M02	3	20360830.0	AA4AA86CBFF248560FC903E2582303BE23A09EA9A33989C0DFBD51FA51392BD0	R1	-0.00017376883669045166	0.0003325028983919012	0.00021886534905001247	0.3019487207839619	-0.5916550485857432	2.0218924338521647	65536	-1.1858461261560205e-20	9.146240425744252e-05	-0.00022531735889065512	-0.00017739532651543037	-6.35866893053578e-05	0	6.35866893053578e-05	0.00017739532651543037	0.00022531735889065482	-3.299456844350616e-17	-0.2599310689985632	-0.00017376883669045166	9.146240425744252e-05	-1.8998936021989785	0.055023193359375	0.055023193359375
M02	3	20360830.0	AA4AA86CBFF248560FC903E2582303BE23A09EA9A33989C0DFBD51FA51392BD0	R2	-0.00021220553202274067	0.00043572190088048764	0.00028299891174811723	0.44641102086549134	-1.1850792805460186	1.6666064982495696	8192	6.776263578034403e-21	0.00013017961987218577	-0.00031576356022788025	-0.0002513197723136071	-9.051268750237388e-05	0	9.051268750237388e-05	0.00025131977231360707	0.00031576356022788035	-1.6025386403180688e-15	-0.25318751149775665	-0.00021220553202274067	0.00013017961987218577	-1.6300979541274616	0.10595703125	0.10595703125
M02	4	20360831.0	015A34CAB0EF7923DED00749C5FAFE6C2B413EB186B9E0E7D2E433CFA59BA4BF	R1	-0.00018638155118992864	0.0003819540305034657	0.0003148783772003088	0.43229445179139037	-1.1357810830274309	1.7383508357131217	65536	-2.022291161569642e-20	0.00010353487516635058	-0.00025742707863690066	-0.0002012550518396482	-7.14934850429083e-05	0	7.14934850429083e-05	0.0002012550518396482	0.00025742707863690034	1.0548585385501184e-15	-0.2095708018985718	-0.00018638155118992864	0.00010353487516635058	-1.8001813484631863	0.070953369140625	0.070953369140625
M02	4	20360831.0	015A34CAB0EF7923DED00749C5FAFE6C2B413EB186B9E0E7D2E433CFA59BA4BF	R2	-0.00014435319560725062	0.000436029755383484	0.00019159474029543667	0.08678460914678991	-0.5929988033606293	1.8117285515685608	8192	1.1350241493207625e-19	0.00012290052170744103	-0.000297884135106103	-0.00023808953438552815	-8.579158595090408e-05	0	8.579158595090408e-05	0.0002380895343855281	0.000297884135106103	-2.6662714570462054e-15	-0.344192045444649	-0.00014435319560725062	0.00012290052170744103	-1.1745531556886037	0.255859375	0.255859375
M02	5	20360832.0	E7E6C94F6BAA0A5BD708FB64A671193693DDC8A61972FB7C0D54F1D75D5CBD4F	R1	-0.0001975898250979362	0.00022857225421035084	0.00012897675405359929	0.2170974555368566	0.2006848947271882	2.1106119257344456	65536	-3.7269449679189215e-20	7.417168756914292e-05	-0.00018148950949773795	-0.0001434703307820681	-5.1775895499989196e-05	0	5.1775895499989196e-05	0.0001434703307820681	0.00018148950949773793	-1.6085299799168276e-15	-0.29051230737713407	-0.0001975898250979362	7.417168756914292e-05	-2.6639521301674955	0.004180908203125	0.004180908203125
M02	5	20360832.0	E7E6C94F6BAA0A5BD708FB64A671193693DDC8A61972FB7C0D54F1D75D5CBD4F	R2	-0.00021219600874040946	0.0003043425448773303	0.00014300531355078037	0.9144050665755322	0.6087308505265208	1.610263349753574	8192	-3.3881317890172014e-21	0.0001002084417793227	-0.00024613239422920563	-0.00019428190047270677	-6.966312981589131e-05	0	6.966312981589131e-05	0.00019428190047270677	0.0002461323942292056	-5.521018791667157e-16	-0.2680617894227244	-0.00021219600874040946	0.0001002084417793227	-2.1175462363510635	0.030517578125	0.030517578125
M02	6	20360833.0	C3514914552D5F7701E05DE8EAA6A849B07ED6493C1F7B2598F27B0A10C20922	R1	-3.229856317595191e-05	0.00044729356507334876	0.0002978457880051039	0.21901768759015197	-0.6196008125374193	1.839105297471219	65536	8.131516293641283e-20	0.0001085740351420945	-0.0002665892251162919	-0.00021097476578533448	-7.534214612692685e-05	0	7.534214612692685e-05	0.00021097476578533448	0.00026658922511629184	3.5502984414731587e-15	-0.26932313047986023	-3.229856317595191e-05	0.0001085740351420945	-0.2974796242368785	0.773468017578125	0.773468017578125
M02	6	20360833.0	C3514914552D5F7701E05DE8EAA6A849B07ED6493C1F7B2598F27B0A10C20922	R2	-0.00026822120547221635	0.00043881486938986917	0.0002495170393046988	-1.1222894753100479	2.229036815457862	2.7269993059350415	8192	-5.082197683525802e-21	0.00013859720179211932	-0.00030922716129738574	-0.0002545259836144595	-0.00010662268515091488	0	0.00010662268515091488	0.00025452598361445927	0.00030922716129738574	-9.485191096351529e-18	-0.7121700322398894	-0.00026822120547221635	0.00013859720179211932	-1.9352570037778893	0.03564453125	0.03564453125
M02	7	20360834.0	6EE23FCB3530BB99A73EEA9ADD55F4CA9B5803BA72F7E6760D46A31A5E86708D	R1	-0.00033799321808725916	0.0002823591512430213	0.0001595775732100893	0.05006210533735222	0.4623932028773856	2.073920689924993	65536	-4.743384504624082e-20	0.00010868132064638902	-0.0002667054571830757	-0.0002104961163427634	-7.575081155145676e-05	0	7.575081155145676e-05	0.0002104961163427634	0.0002667054571830756	-3.0678220849656177e-15	-0.278753511522996	-0.00033799321808725916	0.00010868132064638902	-3.1099476531663686	0.000396728515625	0.000396728515625
M02	7	20360834.0	6EE23FCB3530BB99A73EEA9ADD55F4CA9B5803BA72F7E6760D46A31A5E86708D	R2	-0.000284701028003368	0.0003841956888698302	0.00019739332277834076	0.7991715023407786	1.1164198720765572	1.641581026221908	8192	-8.470329472543003e-22	0.00012929786712238302	-0.0003172461847819113	-0.00025026659080675277	-9.045988344421909e-05	0	9.045988344421909e-05	0.0002502665908067527	0.0003172461847819115	4.08887122592364e-16	-0.30514189573521744	-0.000284701028003368	0.00012929786712238302	-2.2019004206302397	0.02294921875	0.02294921875
M02	8	20360835.0	2E6A13B5C23C88C73AB7F579D173B81B6DAB92AB5EEDE9EB0FD5540A29CF8737	R1	-0.00024761161395791474	0.0004613594759812213	0.0002442368727335551	0.40466168969703237	0.2779741124778674	2.046586438843806	65536	-1.6940658945086007e-20	0.00012768730666779142	-0.00031278195197081586	-0.00024745781154576486	-8.895616724401945e-05	0	8.895616724401945e-05	0.00024745781154576486	0.000312781951970815	2.667778659736142e-15	-0.2905078947690125	-0.00024761161395791474	0.00012768730666779142	-1.939203045468996	0.04986572265625	0.04986572265625
M02	8	20360835.0	2E6A13B5C23C88C73AB7F579D173B81B6DAB92AB5EEDE9EB0FD5540A29CF8737	R2	-0.0001681603245944453	0.00032229141285798315	0.0002528578141193299	0.761365396014964	-0.273032425282695	1.653222680791518	8192	-7.623296525288703e-21	9.77338114181055e-05	-0.0002407542199988556	-0.00019072505011427467	-6.715027551572596e-05	0	6.715027551572596e-05	0.0001907250501142747	0.00024075421999885565	2.7050479284703366e-17	-0.2556388250637651	-0.0001681603245944453	9.77338114181055e-05	-1.7205951773952108	0.0859375	0.0859375
M02	9	20360836.0	F67DF845B44DA5C26CC54D00943968EC4DB149779AD640DA5A4060ECBFDB065C	R1	-0.0003575602341257143	0.0004587094758302434	0.0002835680516660927	1.0391642203764009	0.8967830697907773	1.6283966799869276	65536	-6.776263578034403e-21	0.00014254774774546556	-0.00035413408615842483	-0.0002770138797316754	-9.838385600589714e-05	0	9.838385600589714e-05	0.0002770138797316754	0.0003541340861584248	3.834792678612995e-16	-0.2103123446628561	-0.0003575602341257143	0.00014254774774546556	-2.508354146458889	0.00927734375	0.00927734375
M02	9	20360836.0	F67DF845B44DA5C26CC54D00943968EC4DB149779AD640DA5A4060ECBFDB065C	R2	-3.583081431403479e-05	0.0005391288777802693	0.00018330513130542845	1.687330719761708	2.3165153390118185	2.426459141995328	8192	3.7269449679189215e-20	0.00014401342059374114	-0.00032685870675133657	-0.0002726176694439014	-0.0001043359060932672	0	0.0001043359060932672	0.00027261766944390126	0.00032685870675133673	-1.6233112658951297e-15	-0.5643093823071332	-3.583081431403479e-05	0.00014401342059374114	-0.2488019114212471	0.816650390625	0.816650390625
M02	10	20360837.0	204E8E36881A4CF79118A931C7786DA5276816377874660A2B861F61345A435E	R1	-8.225762811605989e-05	0.0003799773885299652	0.00017251711483639535	1.9460107530511006	5.156675012645177	2.83360190840387	65536	-1.6940658945086007e-21	9.42494614977496e-05	-0.00021695716775125995	-0.0001765900195461147	-6.987692274880787e-05	0	6.987692274880787e-05	0.0001765900195461147	0.0002169571677512599	1.5076608740390078e-17	-0.5733421015426154	-8.225762811605989e-05	9.42494614977496e-05	-0.8727649665990289	0.421844482421875	0.421844482421875
M02	10	20360837.0	204E8E36881A4CF79118A931C7786DA5276816377874660A2B861F61345A435E	R2	-0.00011562520264608012	0.0003768782138773606	0.00025251476048969413	0.22007692168586618	-0.1408999385237344	2.0700550356475387	8192	-2.0328790734103208e-20	0.00010542882285874485	-0.00025186443641924045	-0.00020351920728675893	-7.521912192450065e-05	0	7.521912192450065e-05	0.0002035192072867589	0.0002518644364192406	-4.3098424512298694e-16	-0.36104230271979754	-0.00011562520264608012	0.00010542882285874485	-1.0967133987732798	0.283203125	0.283203125
M02	11	20360838.0	CE3999D745EA208A3A49BFD34FE32FCB3976359EC5D6545BE64A7ABDF7CA320F	R1	-0.00010238710160108882	0.00036876745032370746	0.0002477645733725	0.01383386093279139	-0.38015075441444246	1.983386902880206	65536	4.2351647362715017e-20	9.286257211689031e-05	-0.0002251943790780005	-0.00017984592747770123	-6.491453338640909e-05	0	6.491453338640909e-05	0.00017984592747770123	0.0002251943790779999	-6.304899413734996e-16	-0.30533239668758094	-0.00010238710160108882	9.286257211689031e-05	-1.1025658590654752	0.28216552734375	0.28216552734375
M02	11	20360838.0	CE3999D745EA208A3A49BFD34FE32FCB3976359EC5D6545BE64A7ABDF7CA320F	R2	-0.0002858055278975776	0.00030819838997619135	0.00017278982696151805	-0.6363624156590749	-0.015497804526316994	2.2332631939522054	8192	7.792703114739563e-20	0.00011414737094652449	-0.0002667971769623383	-0.0002177832397732254	-8.142583319730455e-05	0	8.142583319730455e-05	0.00021778323977322532	0.0002667971769623383	-8.149912934224521e-16	-0.46064252183332144	-0.0002858055278975776	0.00011414737094652449	-2.503829264990003	0.00439453125	0.00439453125
M02	12	20360839.0	8A4D2A6DEF1B2FC92CA0775AD2F863F26295498591316068332D48DE129B9E80	R1	-8.134373319688826e-05	0.00040206993013376115	0.00029375486600402036	-0.28653254027353753	-0.5327599472326248	2.223010460060119	65536	-3.8116482626443515e-21	9.942826588886306e-05	-0.0002417985227367869	-0.0001917846823463696	-6.981338193694494e-05	0	6.981338193694494e-05	0.0001917846823463696	0.0002417985227367866	9.053152140241887e-16	-0.31519044756314196	-8.134373319688826e-05	9.942826588886306e-05	-0.8181147731954919	0.430023193359375	0.430023193359375
M02	12	20360839.0	8A4D2A6DEF1B2FC92CA0775AD2F863F26295498591316068332D48DE129B9E80	R2	-8.902304753589059e-05	0.00024366456925152942	0.00016752184394723267	0.5173825796340386	-0.014548908079201617	1.9148516560175586	8192	-5.082197683525802e-21	6.946945889498357e-05	-0.00016865743943018718	-0.00013400321393907053	-4.857074205528478e-05	0	4.857074205528478e-05	0.00013400321393907042	0.00016865743943018723	7.90891707883301e-16	-0.3232574058505935	-8.902304753589059e-05	6.946945889498357e-05	-1.2814702885546587	0.2099609375	0.2099609375
M02	13	20360840.0	0815865491AE25E8CFCF3BEB9BA82F717775F76FC557C45C5C012E24501D6EBC	R1	-0.0001376359280975187	0.0003209599679275321	0.00025926808199857145	-0.2808522785500742	-0.3963008510622261	2.3697145491574365	65536	1.1858461261560205e-20	8.497141288831852e-05	-0.0002053303490064586	-0.00016343662955967513	-6.002551557361261e-05	0	6.002551557361261e-05	0.00016343662955967513	0.0002053303490064585	1.892821259898953e-15	-0.3519485589099558	-0.0001376359280975187	8.497141288831852e-05	-1.6197909793311236	0.106414794921875	0.106414794921875
M02	13	20360840.0	0815865491AE25E8CFCF3BEB9BA82F717775F76FC557C45C5C012E24501D6EBC	R2	-0.00018532596845651905	0.000347844616598463	0.00024977687598323777	-0.24554213261654187	-1.2383573407757429	1.7972593351385509	8192	-1.6940658945086007e-21	0.0001059942107718936	-0.0002576148415168653	-0.00020559385332064007	-7.458094090139845e-05	0	7.458094090139845e-05	0.00020559385332064004	0.0002576148415168654	2.1206208890727493e-16	-0.3756480571580729	-0.00018532596845651905	0.0001059942107718936	-1.7484536854126167	0.077392578125	0.077392578125
M02	14	20360841.0	52BEFC0B4D75FE1F95A57CC4611246D774D5B66B78F7BA3387F0D4FB2D77F789	R1	-0.00013548217303343486	0.00031421647094580365	0.00018518029062940383	-0.07650964089005041	-0.2821388024740057	2.208657454324653	65536	-3.3881317890172014e-21	8.326101762300526e-05	-0.00020060133771964686	-0.0001618773778286949	-5.8913417311666394e-05	0	5.8913417311666394e-05	0.0001618773778286949	0.00020060133771964659	-8.7473226206496195e-16	-0.33055477945809963	-0.00013548217303343486	8.326101762300526e-05	-1.6271981402735192	0.103363037109375	0.103363037109375
M02	14	20360841.0	52BEFC0B4D75FE1F95A57CC4611246D774D5B66B78F7BA3387F0D4FB2D77F789	R2	-0.0001593723964085664	0.0005242763886188266	0.00022908201202458491	0.6534704017769536	0.28258076851763825	1.791227579167498	8192	-6.776263578034403e-21	0.00014653848305845677	-0.0003559022951203988	-0.00028192634372402336	-0.00010369379673644467	0	0.00010369379673644467	0.00028192634372402325	0.0003559022951203988	1.1556248952503637e-15	-0.33491210477489686	-0.0001593723964085664	0.00014653848305845677	-1.0875804981889292	0.28466796875	0.28466796875
M02	15	20360842.0	DE9E1FC0596D78F6704A50FF2163FACE48E75F00DDD3286C42A0DA59C01DAC4D	R1	-2.858533629819401e-05	0.0002004161577568316	0.00012001646302278674	0.340535598934086	1.0807277406359264	2.2347787518529634	65536	-4.573977915173222e-20	4.903693126024325e-05	-0.00011663102534133929	-9.436385373348277e-05	-3.465902701324017e-05	0	3.465902701324017e-05	9.436385373348277e-05	0.00011663102534133929	1.7127360036439302e-15	-0.4032149978384232	-2.858533629819401e-05	4.903693126024325e-05	-0.5829348526417599	0.578857421875	0.578857421875
M02	15	20360842.0	DE9E1FC0596D78F6704A50FF2163FACE48E75F00DDD3286C42A0DA59C01DAC4D	R2	-0.00023126395484594021	0.0005977399077374895	0.0002875198335648252	0.5458440132641423	-0.5747517934224944	1.8039524561094673	8192	-1.4399560103323106e-20	0.0001717195234803715	-0.0004220417552198192	-0.000332318605010704	-0.00012007072391468054	0	0.00012007072391468054	0.00033231860501070355	0.0004220417552198192	1.655726238869278e-15	-0.27509550116139625	-0.00023126395484594021	0.0001717195234803715	-1.3467539983732542	0.18359375	0.18359375
M02	16	20360843.0	BD97B5A46B1DBB08A745F6C9E105C26687FC83A2E2DFF7779B660FDD1A49DF54	R1	-0.00037087323574812493	0.00018034909670861137	0.00014148437792239218	-0.40906740372661415	1.2855326081304712	1.9507257608384916	65536	-1.6940658945086007e-20	0.0001024824544463443	-0.00025404227512499045	-0.00019955857449503712	-7.095977708930054e-05	0	7.095977708930054e-05	0.00019955857449503712	0.0002540422751249904	2.3454260156082824e-16	-0.22267503177983272	-0.00037087323574812493	0.0001024824544463443	-3.618894939155651	3.0517578125e-05	3.0517578125e-05
M02	16	20360843.0	BD97B5A46B1DBB08A745F6C9E105C26687FC83A2E2DFF7779B660FDD1A49DF54	R2	-0.00027540899154206844	0.00036559270307591333	0.00034913292065117725	-0.4200417620553889	-0.8857899263113884	2.1567366285483165	8192	3.3881317890172014e-21	0.00012380228446447555	-0.00030364372174246953	-0.0002361735510528897	-8.821836502398153e-05	0	8.821836502398153e-05	0.00023617355105288968	0.00030364372174246953	3.72633183729698e-16	-0.4254149650012593	-0.00027540899154206844	0.00012380228446447555	-2.2245873146314654	0.01904296875	0.01904296875
M02	17	20360844.0	B82DB130A013A647198822BE3064590849100119A93F336B0ED03806F30FCCDD	R1	-0.00047294722177156485	0.00035621953255251404	0.00011739130366009664	1.3981929896823857	1.7709996576791731	1.5759404441464377	65536	4.404571325722362e-20	0.00014633990529413173	-0.00036613598334645815	-0.00028461599424964713	-0.00010052888386349293	0	0.00010052888386349293	0.00028461599424964713	0.0003661359833464572	1.933273176936814e-16	-0.17768456967322077	-0.00047294722177156485	0.00014633990529413173	-3.2318404253506796	0.00042724609375	0.00042724609375
M02	17	20360844.0	B82DB130A013A647198822BE3064590849100119A93F336B0ED03806F30FCCDD	R2	-0.00030762474628356917	0.00033106799422273376	0.00019101195706194173	0.46342067560461514	0.2900062587934502	1.896081774314511	8192	1.1858461261560205e-20	0.00012273538593781652	-0.0002984554813342822	-0.00023798537799347828	-8.5774721566787e-05	0	8.5774721566787e-05	0.00023798537799347814	0.00029845548133428215	-5.463363351991678e-16	-0.3144732492978992	-0.00030762474628356917	0.00012273538593781652	-2.5064063141450195	0.007080078125	0.007080078125
M02	18	20360845.0	9F93C118DD21CB8E58748A8572F0985F289E9773268F76A3D40724ADBD96303B	R1	-0.00021157353689470572	0.0002430435608279468	0.00015133888733610145	-0.3019895672805812	-0.5370169612458326	2.1335439764454796	65536	5.590417451878382e-20	7.911351664654102e-05	-0.00019289383731327175	-0.00015286884211104064	-5.551403319426816e-05	0	5.551403319426816e-05	0.00015286884211104064	0.00019289383731327134	-2.1157596018014116e-15	-0.33435544310544296	-0.00021157353689470572	7.911351664654102e-05	-2.674303277908404	0.003204345703125	0.003204345703125
M02	18	20360845.0	9F93C118DD21CB8E58748A8572F0985F289E9773268F76A3D40724ADBD96303B	R2	-9.651006626055101e-05	0.00037491935537223715	0.000323668513402844	-0.017896431076585895	-1.1812476931530929	1.7571038845535478	8192	8.470329472543003e-21	0.00010343449737520083	-0.00025011346841052163	-0.00020125404791699787	-7.268754982398791e-05	0	7.268754982398791e-05	0.00020125404791699773	0.0002501134684105217	1.3691924531179693e-16	-0.30088922187279366	-9.651006626055101e-05	0.00010343449737520083	-0.9330549160060984	0.362548828125	0.362548828125
M02	19	20360846.0	D72E13D6FF7E9DE9C719BAC72226FD7110E71E666F1ED3C3F79A2B70F6C2F594	R1	-0.0002734763203262377	0.00032137003848675287	0.00020467256999131704	-0.5543898765794951	0.8616279896736727	2.51623925059249	65536	-2.710505431213761e-20	0.00010356631305943522	-0.00024675107635692244	-0.00019826786067289983	-7.399002146233182e-05	0	7.399002146233182e-05	0.00019826786067289983	0.00024675107635692244	6.363159020920619e-16	-0.4079656180024047	-0.0002734763203262377	0.00010356631305943522	-2.64059144568846	0.00311279296875	0.00311279296875
M02	19	20360846.0	D72E13D6FF7E9DE9C719BAC72226FD7110E71E666F1ED3C3F79A2B70F6C2F594	R2	-0.0002098971366279014	0.0003705270432017044	0.00023705643936670093	-0.7188959185173034	-0.14004491356151227	2.19034770762039	8192	-9.317362419797304e-21	0.00011462552966831009	-0.0002611381081713332	-0.00021927942093938254	-8.194402704145531e-05	0	8.194402704145531e-05	0.00021927942093938243	0.0002611381081713332	-1.5090648884144477e-16	-0.5230688587071368	-0.0002098971366279014	0.00011462552966831009	-1.8311552167765515	0.06494140625	0.06494140625
M02	20	20360847.0	9232B614554E1DE7137ED7E9359C7294C986CEE52C2ABF60412EA550658CB40F	R1	-0.00033286561474947995	0.00026424183440922365	0.00012372862974025314	0.5331542637694693	0.9915177788184275	1.743931650757153	65536	-3.3881317890172014e-21	0.00010495891157018673	-0.0002595119609821552	-0.00020371900508111247	-7.27300236581607e-05	0	7.27300236581607e-05	0.00020371900508111247	0.00025951196098215456	-1.3536426419862935e-15	-0.23902408960544408	-0.00033286561474947995	0.00010495891157018673	-3.1713897349906346	0.0003662109375	0.0003662109375
M02	20	20360847.0	9232B614554E1DE7137ED7E9359C7294C986CEE52C2ABF60412EA550658CB40F	R2	-0.0004109716730230803	0.0003517746089043891	0.000279779435007127	-0.2521645243567169	-0.6544648754150759	1.911566419287042	8192	-5.421010862427522e-20	0.0001475853812184294	-0.0003559956163299369	-0.0002852597191972839	-0.00010395522573353962	0	0.00010395522573353962	0.00028525971919728387	0.00035599561632993686	2.4509476839412597e-15	-0.35711205414185176	-0.0004109716730230803	0.0001475853812184294	-2.784636727772067	0.001708984375	0.001708984375
M02	21	20360848.0	40CD8D02B18B161DD2573FC00502F61ABC986CE26B50DB3112AC3A43F1B12BBD	R1	-0.0003878695183566346	0.0002552822047473178	0.00016639207314519256	0.7718155161405734	-0.537358512786529	1.468919749732687	65536	3.8116482626443515e-20	0.00011498421969198469	-0.00028614894313783027	-0.00022393160324831162	-7.920976024041602e-05	0	7.920976024041602e-05	0.00022393160324831162	0.00028614894313783027	-2.6070851624894766e-15	-0.19514998308353126	-0.0003878695183566346	0.00011498421969198469	-3.3732412968983443	0.000244140625	0.000244140625
M02	21	20360848.0	40CD8D02B18B161DD2573FC00502F61ABC986CE26B50DB3112AC3A43F1B12BBD	R2	-0.00011636415811901479	0.00031697661111203035	0.0002653704246197921	0.28627141872199163	-0.6593705603533078	1.8615397181734148	8192	1.6940658945086007e-21	9.042590795185774e-05	-0.00021500283228139517	-0.0001768731767363564	-6.415609500681799e-05	0	6.415609500681799e-05	0.00017687317673635615	0.00021500283228139517	1.024594668779496e-15	-0.31008252231111033	-0.00011636415811901479	9.042590795185774e-05	-1.2868453384064047	0.208984375	0.208984375
M02	22	20360849.0	79FE3DFBFD6C93326B7B00B4B95BD2B339E0BA22EE1B9C71C5A68CAFCA86B107	R1	-0.00018867238666278428	0.0003732255974640881	0.0002040767626414921	1.2240213525853139	1.6842083501065286	1.8898293915076843	65536	2.0328790734103208e-20	0.00010191634676391853	-0.00025076963762382117	-0.00019784946043929397	-7.07562064989514e-05	0	7.07562064989514e-05	0.00019784946043929397	0.0002507696376238209	-1.907781953094451e-15	-0.2506942049799905	-0.00018867238666278428	0.00010191634676391853	-1.8512475442220229	0.06268310546875	0.06268310546875
M02	22	20360849.0	79FE3DFBFD6C93326B7B00B4B95BD2B339E0BA22EE1B9C71C5A68CAFCA86B107	R2	8.126908556289891e-06	0.00044033459481801344	0.000316687371226284	-0.5609083589831259	-0.6633732446127669	2.0000343633781146	8192	3.5575383784680614e-20	0.00011736448652408374	-0.00028471403340493126	-0.00022746163804427896	-8.198763550254722e-05	0	8.198763550254722e-05	0.00022746163804427888	0.00028471403340493126	-3.74895825092698e-16	-0.32250802460122685	8.126908556289891e-06	0.00011736448652408374	0.06924503993482059	0.947265625	0.947265625
M02	23	20360850.0	341D6D933D6C8400F220F57444F5B1AB4A6ECB46AA8D1917ADABE8A5A9AD50A0	R1	-0.00019129795669288322	0.0003557571379984898	0.00018242628043362827	1.0804174390230759	1.1498073939886728	1.7468136300315686	65536	0	9.850451197623965e-05	-0.00024345865908970035	-0.00019130671083295616	-6.8195081448065e-05	0	6.8195081448065e-05	0.00019130671083295616	0.0002434586590897002	-1.1357176549947683e-15	-0.236819827173131	-0.00019129795669288322	9.850451197623965e-05	-1.9420222775077183	0.050048828125	0.050048828125
M02	23	20360850.0	341D6D933D6C8400F220F57444F5B1AB4A6ECB46AA8D1917ADABE8A5A9AD50A0	R2	-0.00022292256940399842	0.00019016641194771273	0.00011494368878837361	0.041510294680849796	-0.03856193581715761	1.9591236297662606	8192	-4.235164736271502e-21	7.994521632448974e-05	-0.0001946914111192894	-0.00015356525581684642	-5.642078442341604e-05	0	5.642078442341604e-05	0.00015356525581684623	0.00019469141111928942	-4.942333249187094e-17	-0.3352072589768338	-0.00022292256940399842	7.994521632448974e-05	-2.788441631068677	0.001953125	0.001953125
M02	24	20360851.0	54FD7EFBAD1BDA302F464E3DE8DC3C6340DB9D77223CD0BF735C2A09EAB8EEEF	R1	-0.00010759155141469602	0.0003698020271210125	0.00017050681758680808	0.5200518759302261	1.7918842847243113	2.1891789823679346	65536	-2.0328790734103208e-20	9.346941944333293e-05	-0.00022263586392114886	-0.00018063124928309075	-6.599630333838906e-05	0	6.599630333838906e-05	0.00018063124928309075	0.00022263586392114884	-9.274337831863053e-16	-0.4111960257532825	-0.00010759155141469602	9.346941944333293e-05	-1.1510882602616872	0.265869140625	0.265869140625
M02	24	20360851.0	54FD7EFBAD1BDA302F464E3DE8DC3C6340DB9D77223CD0BF735C2A09EAB8EEEF	R2	-0.00019512042471401308	0.00047266352896050074	0.00019288344176473238	-0.012251624871262568	0.04100405810542673	2.1299319380924127	8192	1.6940658945086007e-21	0.00013709266091478867	-0.0003247219192677391	-0.00026377159463664927	-9.710455853542292e-05	0	9.710455853542292e-05	0.0002637715946366492	0.00032472191926773917	-1.1369067441402433e-15	-0.4115760853299917	-0.00019512042471401308	0.00013709266091478867	-1.423274035327771	0.16357421875	0.16357421875
M02	25	20360852.0	592F85D3974ACCA22CB4215E1128D1D157E8D84E271E65F5A9A22CFEBA92B803	R1	-9.24827766835216e-05	0.0002824028796758236	0.0001986284239274065	0.2804376907971364	0.04762394547157989	2.0982960681808063	65536	6.839791049078475e-20	7.21635556222591e-05	-0.00017602584739319317	-0.00013966992735868678	-5.044848709045887e-05	0	5.044848709045887e-05	0.00013966992735868678	0.0001760258473931931	-2.225217204402543e-15	-0.3056828695635154	-9.24827766835216e-05	7.21635556222591e-05	-1.281571783513879	0.208892822265625	0.208892822265625
M02	25	20360852.0	592F85D3974ACCA22CB4215E1128D1D157E8D84E271E65F5A9A22CFEBA92B803	R2	-0.00018501424822400063	0.00030089170878056	0.00022187883733891116	0.03477001911858973	-1.145149154804843	2.0168659958712865	8192	7.940933880509066e-21	9.519865078182037e-05	-0.00023022054060289977	-0.00018343344484242355	-6.688027455953975e-05	0	6.688027455953975e-05	0.00018343344484242352	0.0002302205406028998	4.46361712602495e-16	-0.3377235655196942	-0.00018501424822400063	9.519865078182037e-05	-1.9434545206740674	0.048095703125	0.048095703125
M02	26	20360853.0	EC4BC592EFD308C3B52EDCB1DD75CD8373905121F30D8957138BFAE41BDD358C	R1	-0.00018581400693820746	0.00040949202222530847	0.0003100652113765098	0.47393583464880357	-1.1114060902440728	1.5902290695403425	65536	-2.7740329022578336e-20	0.00010946839006970812	-0.0002727338419523781	-0.00021305254134505394	-7.544180368347017e-05	0	7.544180368347017e-05	0.00021305254134505394	0.00027273384195237803	1.0416024885419588e-15	-0.2030304858555234	-0.00018581400693820746	0.00010946839006970812	-1.6974215736605187	0.089996337890625	0.089996337890625
M02	26	20360853.0	EC4BC592EFD308C3B52EDCB1DD75CD8373905121F30D8957138BFAE41BDD358C	R2	-7.949855633261189e-05	0.00038723765337028503	0.0002554886052226348	0.1871382570507021	-0.9649172817927609	1.9016850628241944	8192	1.3552527156068805e-20	0.00010552281739022763	-0.0002570098987600424	-0.00020370501926343475	-7.360080534762744e-05	0	7.360080534762744e-05	0.00020370501926343472	0.00025700989876004246	-1.2895007161272347e-15	-0.29137914398559195	-7.949855633261189e-05	0.00010552281739022763	-0.7533778788204927	0.467041015625	0.467041015625
M02	27	20360854.0	EB77E1565D0FBA9DAABC5C5F91C2C70CF056FDDCE7A371013F15BCB1E4CF7059	R1	1.2790259391575647e-05	0.0003163380167269802	0.00025752763708188607	0.06688166913475521	-0.8603680835065166	1.844028859432301	65536	-6.776263578034403e-21	7.664055991591262e-05	-0.00018878277164376041	-0.00014880530315851994	-5.317932840551353e-05	0	5.317932840551353e-05	0.00014880530315851994	0.0001887827716437602	5.21527524961412e-15	-0.25572924011338305	1.2790259391575647e-05	7.664055991591262e-05	0.1668862989206848	0.87200927734375	0.87200927734375
M02	27	20360854.0	EB77E1565D0FBA9DAABC5C5F91C2C70CF056FDDCE7A371013F15BCB1E4CF7059	R2	-0.0002707334817364562	0.00041974302168585763	0.0002949041537942922	0.6228805644005518	-0.2832262083723762	1.7710468341396453	8192	2.710505431213761e-20	0.0001347239327247591	-0.0003303347841032582	-0.00026021251961890753	-9.377730287235814e-05	0	9.377730287235814e-05	0.0002602125196189075	0.0003303347841032583	-1.074010569429687e-15	-0.27870270702935374	-0.0002707334817364562	0.0001347239327247591	-2.0095425976731582	0.041015625	0.041015625
M02	28	20360855.0	0516A81D18B9D20C6C4BC5D52293DB3B1C568CE88136CA0C95E9ADA6A3449104	R1	-0.00023865784185624035	0.00026694701320615103	0.00010870335846523333	1.2073576762382923	3.8322382246109026	1.9363000318659085	65536	1.6940658945086007e-20	8.795111128591166e-05	-0.00021656472138645123	-0.00017083615066714096	-6.0960692296605065e-05	0	6.0960692296605065e-05	0.00017083615066714096	0.00021656472138645123	-4.6753792381646165e-15	-0.2619727630936177	-0.00023865784185624035	8.795111128591166e-05	-2.713528440594809	0.00372314453125	0.00372314453125
M02	28	20360855.0	0516A81D18B9D20C6C4BC5D52293DB3B1C568CE88136CA0C95E9ADA6A3449104	R2	-2.871840617202405e-06	0.0002806943759669786	0.0001926157837543258	0.03215231635747874	-1.2639360597948848	1.7562370255539643	8192	0	7.480525606973624e-05	-0.0001827353522989589	-0.0001449907424687223	-5.192669491351325e-05	0	5.192669491351325e-05	0.00014499074246872228	0.00018273535229895894	5.429447513216806e-16	-0.26757407845316594	-2.871840617202405e-06	7.480525606973624e-05	-0.03839089347578956	0.970458984375	0.970458984375
M02	29	20360856.0	68621FF3193F6636E514CD938727388E4692CFF1C3D4350CF3FF7387FE07222F	R1	-0.00015948118695054532	0.00028750557298082947	0.0002127919082226441	-0.2699312415710772	-0.741022259348445	2.143360409850894	65536	-7.623296525288703e-21	8.020639709253129e-05	-0.00019409640865195108	-0.00015492366775017312	-5.6247486790943525e-05	0	5.6247486790943525e-05	0.00015492366775017312	0.00019409640865195073	-8.562120133804571e-17	-0.3367944349851353	-0.00015948118695054532	8.020639709253129e-05	-1.9883848761658938	0.042694091796875	0.042694091796875
M02	29	20360856.0	68621FF3193F6636E514CD938727388E4692CFF1C3D4350CF3FF7387FE07222F	R2	-0.00015086916941356996	0.00042692422083405674	0.00023977375793615441	-0.24261334335246465	-0.32699894357353054	2.0403064239058137	8192	-1.4823076576950256e-21	0.00012122096338508386	-0.0002894842168820227	-0.00023392668599065517	-8.606104037865364e-05	0	8.606104037865364e-05	0.00023392668599065512	0.0002894842168820227	-6.379531581687741e-17	-0.4175027998665821	-0.00015086916941356996	0.00012122096338508386	-1.2445798581413872	0.230712890625	0.230712890625
M02	30	20360857.0	65BB2F4D1267AF2F6869BB6727A6E4571D10BE733B55B2A534F347143ED53A54	R1	-0.0001294836808903555	0.00046271476470670066	0.00035989523238386844	-0.25272926784445987	-0.9849398544949479	2.143270953641422	65536	1.1858461261560205e-20	0.00011659029123868125	-0.00028554354088410614	-0.00022562327345550156	-8.14066448344467e-05	0	8.14066448344467e-05	0.00022562327345550156	0.0002855435408841058	-2.707896447552831e-15	-0.2891320960105812	-0.0001294836808903555	0.00011659029123868125	-1.1105871639455738	0.2781982421875	0.2781982421875
M02	30	20360857.0	65BB2F4D1267AF2F6869BB6727A6E4571D10BE733B55B2A534F347143ED53A54	R2	-0.00011013225369630085	0.000473975101632037	0.0002219902420382778	1.2089618190101867	1.5191985680920528	2.224283692524613	8192	1.3552527156068805e-20	0.0001299489113907196	-0.0003113829090282047	-0.0002483582346518387	-9.226114409435509e-05	0	9.226114409435509e-05	0.0002483582346518386	0.0003113829090282047	-1.3809335484599163e-16	-0.39641265430439	-0.00011013225369630085	0.0001299489113907196	-0.8475042423800252	0.418701171875	0.418701171875
M02	31	20360858.0	146C83C63E7A7F1714AB703A8015CFFCEC0513E9122B7CDEB0349EB844B9E277	R1	-9.66886865462846e-05	0.0003424752140242069	0.0002500794582922825	-0.10453510701425174	-0.34931321691592565	2.3102224063781667	65536	-2.2234614865425384e-20	8.635291516768334e-05	-0.00020956008924429543	-0.00016669149834638869	-6.080895731041202e-05	0	6.080895731041202e-05	0.00016669149834638869	0.0002095600892442954	2.499306228638538e-15	-0.3211505067032725	-9.66886865462846e-05	8.635291516768334e-05	-1.1196922114155716	0.2762451171875	0.2762451171875
M02	31	20360858.0	146C83C63E7A7F1714AB703A8015CFFCEC0513E9122B7CDEB0349EB844B9E277	R2	-0.0001284688578301462	0.0003224841704940688	0.00025486722125120815	-0.1100535203199444	-0.9350937125841927	1.9904050185943045	8192	-1.3552527156068805e-20	9.303197420117939e-05	-0.0002247485518958554	-0.00018005540430455244	-6.564628984557788e-05	0	6.564628984557788e-05	0.00018005540430455244	0.00022474855189585544	6.586156633601931e-16	-0.3558166337451647	-0.0001284688578301462	9.303197420117939e-05	-1.3809107990370646	0.176025390625	0.176025390625
M02	32	20360859.0	EC86D2F2758DE57585B8ECC126FF4472D0A7975325116FFB744DED05836256C7	R1	-0.0002176671016774209	0.0002855696645157728	0.00015157918989531886	0.27077141007900946	-0.20501117142874659	1.9541423468596577	65536	1.8380614955418317e-19	8.797514312316199e-05	-0.00021587445094891706	-0.00017083860621813638	-6.115471193393604e-05	0	6.115471193393604e-05	0.00017083860621813638	0.00021587445094891684	-3.503661613263054e-15	-0.2778318735037164	-0.0002176671016774209	8.797514312316199e-05	-2.474188662275831	0.009124755859375	0.009124755859375
M02	32	20360859.0	EC86D2F2758DE57585B8ECC126FF4472D0A7975325116FFB744DED05836256C7	R2	-0.00012179214312201386	0.00039459085147713874	0.000327216099318406	0.19505226143024343	-1.0077559899714106	1.8742830225359948	8192	-4.404571325722362e-20	0.00011044579300200342	-0.0002670071076193241	-0.00021531791037143646	-7.775754398495555e-05	0	7.775754398495555e-05	0.0002153179103714364	0.0002670071076193241	-1.4995188348803855e-16	-0.29280437351388144	-0.00012179214312201386	0.00011044579300200342	-1.102732298004367	0.27978515625	0.27978515625
M02	33	20360860.0	F3F19214713458CA2BD67379C8A0F37B1806408C0E7261B95F212EC5C50373AA	R1	-0.00020460028017442564	0.00032747525923960236	0.000183639266289325	0.7171240943740802	-0.46419810300168285	1.7649794217073056	65536	6.098637220230962e-20	9.43401392865832e-05	-0.00023587027690205755	-0.00018336355719871309	-6.497096614502745e-05	0	6.497096614502745e-05	0.00018336355719871309	0.00023587027690205755	-5.592341673132119e-15	-0.2064588385352133	-0.00020460028017442564	9.43401392865832e-05	-2.1687510928184874	0.02783203125	0.02783203125
M02	33	20360860.0	F3F19214713458CA2BD67379C8A0F37B1806408C0E7261B95F212EC5C50373AA	R2	4.163658189594088e-05	0.0004522433283277951	0.00031401766016339816	-0.3691021667051057	-0.6576517722211204	1.711913346154693	8192	2.710505431213761e-20	0.0001210684090525724	-0.000296130549102575	-0.00023390556570682735	-8.441166480395829e-05	0	8.441166480395829e-05	0.00023390556570682716	0.0002961305491025751	-1.2522747889080026e-15	-0.31236264725749585	4.163658189594088e-05	0.0001210684090525724	0.34390954850873384	0.740478515625	0.740478515625
M02	34	20360861.0	20849618FE3C59C21DEC04DF25047088945F47A3DD20FB976DD70AE453AB5746	R1	-0.00023575307404660124	0.00030134813964729856	0.00018375349329982258	0.9100231194595665	0.3414738203922969	1.7270313534763226	65536	1.6940658945086007e-21	9.378055886227112e-05	-0.00023411882330403244	-0.00018241337077535156	-6.477060294617817e-05	0	6.477060294617817e-05	0.00018241337077535156	0.00023411882330403216	-6.121556169742164e-17	-0.20930953388222173	-0.00023575307404660124	9.378055886227112e-05	-2.5138800291522587	0.009368896484375	0.009368896484375
M02	34	20360861.0	20849618FE3C59C21DEC04DF25047088945F47A3DD20FB976DD70AE453AB5746	R2	5.403111475481313e-05	0.000391932258350181	0.00018323579278071848	-0.32020180594949604	0.43443716951087596	1.9746266802240242	8192	1.0587911840678754e-21	0.00010551401701939194	-0.00025211785317636864	-0.00020322367914050765	-7.46836333212721e-05	0	7.46836333212721e-05	0.00020322367914050755	0.00025211785317636864	-5.159293578064459e-16	-0.4157417291351715	5.403111475481313e-05	0.00010551401701939194	0.5120752320981486	0.626708984375	0.626708984375
M02	35	20360862.0	AF41D405053013B4372BC107DC02F9442B73ADDF4F03F167F8EFB09A3E6C076D	R1	1.1047706257538139e-05	0.00031982921026923246	0.00010647804197785388	-0.9581777061952502	1.6787918820046919	2.4875687645696467	65536	1.1011428314305904e-20	7.746816704557344e-05	-0.00018177332074177318	-0.00014868815019058036	-5.539352138339473e-05	0	5.539352138339473e-05	0.00014868815019058036	0.0001817733207417728	-6.380259136903723e-16	-0.46492557308960736	1.1047706257538139e-05	7.746816704557344e-05	0.1426096250739859	0.894287109375	0.894287109375
M02	35	20360862.0	AF41D405053013B4372BC107DC02F9442B73ADDF4F03F167F8EFB09A3E6C076D	R2	-1.094181587051128e-05	0.0004365603100009148	0.00019695518234749945	0.9645575435337587	1.3917426099313497	2.267757152174092	8192	6.776263578034403e-21	0.00011637662425586671	-0.0002642330184195962	-0.00022342608309639715	-8.333438960275617e-05	0	8.333438960275617e-05	0.00022342608309639713	0.00026423301841959615	7.370043257084551e-16	-0.5216642967420766	-1.094181587051128e-05	0.00011637662425586671	-0.094020736041067	0.934814453125	0.934814453125
M02	36	20360863.0	A1769A88531AE1F683E51F368C7D10D459A46C8707EDBFF4E1F3C4328CFCEBE6	R1	-0.0002299180689467092	0.0002973050805055294	0.00019924066648003563	-0.37939888086399526	-0.7980309773798986	2.098271443731821	65536	5.082197683525802e-21	9.210398538194201e-05	-0.0002234771021821277	-0.00017717566298959542	-6.463152894700619e-05	0	6.463152894700619e-05	0.00017717566298959542	0.00022347710218212764	8.723661159794388e-16	-0.3450668193731645	-0.0002299180689467092	9.210398538194201e-05	-2.4962879509857467	0.00665283203125	0.00665283203125
M02	36	20360863.0	A1769A88531AE1F683E51F368C7D10D459A46C8707EDBFF4E1F3C4328CFCEBE6	R2	3.6201177226684335e-06	0.00033271208688162807	0.0002419665592117002	0.2687276117255462	-1.7978261850902848	1.4923067591383081	8192	-2.371692252312041e-20	8.86686724214456e-05	-0.0002200544083096348	-0.00017258403159120108	-6.118642810736756e-05	0	6.118642810736756e-05	0.00017258403159120075	0.0002200544083096349	1.3402955548887252e-15	-0.21561625514068394	3.6201177226684335e-06	8.86686724214456e-05	0.04082747179817777	0.96826171875	0.96826171875
M02	37	20360864.0	758BA7D561529F800E98AB539211BC25C0C7E21829198BF02265679315BFCF56	R1	-0.0002687470827487795	0.00043811777823953517	0.00020706832881604015	-0.32682314263128037	0.1498068107302739	2.324107534662767	65536	0	0.00012554365048190013	-0.0003005519599049192	-0.00024188206351292326	-8.845998936130138e-05	0	8.845998936130138e-05	0.00024188206351292326	0.0003005519599049189	-9.696156731287984e-16	-0.38641108574936034	-0.0002687470827487795	0.00012554365048190013	-2.140666467138657	0.02545166015625	0.02545166015625
M02	37	20360864.0	758BA7D561529F800E98AB539211BC25C0C7E21829198BF02265679315BFCF56	R2	-0.00019424961868825275	0.00037668043859860124	0.00025706125749608055	0.7957542627621504	0.11424985200310012	1.5181038978507087	8192	7.623296525288703e-21	0.00011392547850042817	-0.00027623887957350246	-0.00022069512405305228	-7.929203844795837e-05	0	7.929203844795837e-05	0.00022069512405305223	0.0002762388795735025	0	-0.2732612546786899	-0.00019424961868825275	0.00011392547850042817	-1.7050586159049812	0.08984375	0.08984375
M02	38	20360865.0	75023992B5C3C6299103D3ED8486B97D58BF006BBE44951B046468F09AC876E9	R1	-0.00014391249808713214	0.0003686064347098022	0.0002816124277952002	-0.35480323664866387	-1.2831427961010764	1.9952616776027103	65536	-6.776263578034403e-21	9.620676026650655e-05	-0.00023474418202199145	-0.00018638685263610826	-6.714778273431242e-05	0	6.714778273431242e-05	0.00018638685263610826	0.00023474418202199145	4.110754343571399e-16	-0.30053261364561035	-0.00014391249808713214	9.620676026650655e-05	-1.4958667944796586	0.1390380859375	0.1390380859375
M02	38	20360865.0	75023992B5C3C6299103D3ED8486B97D58BF006BBE44951B046468F09AC876E9	R2	-0.00022349628827682134	0.0004913428846571549	0.00019844322064890905	2.321332921163633	6.255634990854537	2.3121740458593028	8192	-3.3881317890172014e-21	0.00014486893902532688	-0.0003436936581871184	-0.00027635813636591654	-0.00010408050754486188	0	0.00010408050754486188	0.00027635813636591643	0.0003436936581871186	8.638075036208314e-16	-0.4297825146962979	-0.00022349628827682134	0.00014486893902532688	-1.542748154162628	0.126953125	0.126953125
M02	39	20360866.0	29438AF91B944AD35FA0D00111BB20276B6412AC0271B6238C2907DE73DB3C6E	R1	-0.00023186875279114933	0.00029946213333810245	0.00016097565817502424	1.120322306943345	2.44125236909076	1.8049865754219376	65536	-1.0164395367051604e-20	9.281633173334995e-05	-0.0002289941697567875	-0.00018036035916955327	-6.432622369169054e-05	0	6.432622369169054e-05	0.00018036035916955327	0.00022899416975678707	1.8942981799313316e-15	-0.2509041568997321	-0.00023186875279114933	9.281633173334995e-05	-2.4981460531890023	0.009002685546875	0.009002685546875
M02	39	20360866.0	29438AF91B944AD35FA0D00111BB20276B6412AC0271B6238C2907DE73DB3C6E	R2	-0.00014597141229949633	0.00030105173662689966	0.00020367306691491745	0.41567112406734136	-1.3856989565457143	1.6064434088164397	8192	-5.082197683525802e-21	8.986353443955333e-05	-0.00022236440863925656	-0.00017454729590908716	-6.192733658173781e-05	0	6.192733658173781e-05	0.00017454729590908713	0.00022236440863925656	-1.5311285699554084e-15	-0.24550651140374535	-0.00014597141229949633	8.986353443955333e-05	-1.6243675836908458	0.105224609375	0.105224609375
M02	40	20360867.0	BB3F5E51218E5C3B51BBB1115AF8110B9349F8E0B50649C1684E9C169190B908	R1	-0.0002961839662378738	0.00032568366790184847	0.0002128714026039601	-1.2578835145013583	2.8408953134653814	2.761440352067085	65536	-1.3552527156068805e-19	0.00010815737481635099	-0.0002512694227935853	-0.00020396949740651238	-7.938984156074235e-05	0	7.938984156074235e-05	0.00020396949740651238	0.0002512694227935852	3.072717265412536e-15	-0.5298099000238952	-0.0002961839662378738	0.00010815737481635099	-2.7384537276425958	0.000946044921875	0.000946044921875
M02	40	20360867.0	BB3F5E51218E5C3B51BBB1115AF8110B9349F8E0B50649C1684E9C169190B908	R2	-8.026728972130254e-05	0.00037506692515970114	0.00033305929860475173	0.37475079779715165	-0.6935504952444287	1.7032680102669429	8192	-1.3552527156068805e-20	0.00010239948425222754	-0.0002505283744835278	-0.00019772244839812348	-7.177546930649908e-05	0	7.177546930649908e-05	0.00019772244839812338	0.00025052837448352787	1.0348295940608782e-15	-0.29597220124244217	-8.026728972130254e-05	0.00010239948425222754	-0.7838641991945038	0.449462890625	0.449462890625
M02	41	20360868.0	6D8B5804951F0AB9D81B431622E4C673EE39848CDDE1CFB413D872802675A618	R1	-0.00022162366212938507	0.0003185879397363903	0.00024003594751856986	-0.02175126649485392	-1.417519205102099	1.7809854529465365	65536	-3.218725199566341e-20	9.495850481814448e-05	-0.00023325029015850638	-0.0001844233449664515	-6.602863193608457e-05	0	6.602863193608457e-05	0.0001844233449664515	0.00023325029015850563	2.594486178710334e-15	-0.2748199629879666	-0.00022162366212938507	9.495850481814448e-05	-2.3339000814494466	0.015380859375	0.015380859375
M02	41	20360868.0	6D8B5804951F0AB9D81B431622E4C673EE39848CDDE1CFB413D872802675A618	R2	-0.00016050263047743746	0.0004650082112594411	0.00027880996026454364	0.1500849196784407	-0.01576187718298705	2.052304099114951	8192	1.8634724839594607e-20	0.0001316720764669038	-0.00031509201699309183	-0.0002533644534626752	-9.291773588723954e-05	0	9.291773588723954e-05	0.0002533644534626751	0.00031509201699309194	-7.743306644398662e-16	-0.38112751015926616	-0.00016050263047743746	0.0001316720764669038	-1.218957236675616	0.2373046875	0.2373046875
M02	42	20360869.0	C0654E91E406F39C1CBF94502C9598B07DCAA4FF44DE7AAD9A7BF8F91BE37DBA	R1	1.2706067786161134e-05	0.00039257132799737886	0.0002436232772697613	0.5609991069415744	-0.5371476975330611	1.9752460996714378	65536	-9.402065714522734e-20	9.508019093831584e-05	-0.00023158253544298426	-0.0001843688240319659	-6.63970838050374e-05	0	6.63970838050374e-05	0.0001843688240319659	0.0002315825354429841	5.286553870925897e-15	-0.29155065092066	1.2706067786161134e-05	9.508019093831584e-05	0.1336352783978349	0.89752197265625	0.89752197265625
M02	42	20360869.0	C0654E91E406F39C1CBF94502C9598B07DCAA4FF44DE7AAD9A7BF8F91BE37DBA	R2	-5.7794716379635343e-05	0.00030809700389499155	0.00016536207590944763	0.4815239869557137	-0.7118359461570845	1.742492713226647	8192	3.3881317890172014e-21	8.365371397368414e-05	-0.00020432326152708795	-0.00016220232072652785	-5.83898486782836e-05	0	5.83898486782836e-05	0.00016220232072652782	0.00020432326152708795	-8.627476516982093e-17	-0.2855689006238742	-5.7794716379635343e-05	8.365371397368414e-05	-0.6908804598659715	0.505859375	0.505859375
M02	43	20360870.0	B7DC488DF52610ACDA98831319A73E82E308CFBF8616E7B9F7B3F8A97A4DAD19	R1	-7.908369954349461e-05	0.00037460226410925793	0.0002181028434370894	0.6583411197336692	1.853352341837657	2.269275717028011	65536	-1.9989977555201488e-19	9.280785330048156e-05	-0.00021890988031020886	-0.00017844676421794285	-6.588512145564265e-05	0	6.588512145564265e-05	0.00017844676421794285	0.0002189098803102086	1.8948173864416606e-15	-0.4257964465508124	-7.908369954349461e-05	9.280785330048156e-05	-0.8521229263589083	0.416015625	0.416015625
M02	43	20360870.0	B7DC488DF52610ACDA98831319A73E82E308CFBF8616E7B9F7B3F8A97A4DAD19	R2	-0.00015664113287919068	0.00031439637983872237	0.00020052373978457876	0.4221983031528728	-0.6982851220297515	1.8284696715686615	8192	0	9.437739094527396e-05	-0.00023095106755017768	-0.00018268890571407156	-6.573844489489184e-05	0	6.573844489489184e-05	0.00018268890571407153	0.00023095106755017776	-3.604846828774216e-16	-0.2888339639965358	-0.00015664113287919068	9.437739094527396e-05	-1.6597315449207661	0.097900390625	0.097900390625
M02	44	20360871.0	051336EAA4E20C4AB5654D43022DC6E19C334D3824176E5B6F5496E43A29ECEC	R1	-0.00022237259451676373	0.0001768508635829004	5.849231332072315e-05	1.6924453171255711	5.082407033957558	1.8211476895865515	65536	-4.235164736271502e-21	7.016598021129916e-05	-0.00017500861064795255	-0.00013649889998096088	-4.83968216471303e-05	0	4.83968216471303e-05	0.00013649889998096088	0.00017500861064795233	-4.019325627505395e-16	-0.19551123414860827	-0.00022237259451676373	7.016598021129916e-05	-3.169236627880159	0.000640869140625	0.000640869140625
M02	44	20360871.0	051336EAA4E20C4AB5654D43022DC6E19C334D3824176E5B6F5496E43A29ECEC	R2	-0.0001285870818414711	0.0003638955089906154	0.00020072259894137164	0.02000250395484966	0.38538712253532825	2.248164871595083	8192	-9.317362419797304e-21	0.00010332375231815374	-0.000246255092504603	-0.00019748250178731183	-7.31821317954834e-05	0	7.31821317954834e-05	0.00019748250178731178	0.000246255092504603	1.1446664839706233e-16	-0.4325713088982055	-0.0001285870818414711	0.00010332375231815374	-1.2445065046178994	0.226318359375	0.226318359375
M02	45	20360872.0	E350F6837BB3F25C7D6DA3F7F9639AC3F35EE91695E343297B1536FC57AE721A	R1	-0.00019006375032798925	0.0003744490238290058	0.0002909821333508443	0.21907850406049736	0.1154315082570041	2.0299213030304157	65536	-3.3881317890172014e-21	0.00010233999803675564	-0.00025117173405204816	-0.00019718923951468262	-7.191901004626888e-05	0	7.191901004626888e-05	0.00019718923951468262	0.0002511717340520481	-1.6015591846651194e-15	-0.31057288278186546	-0.00019006375032798925	0.00010233999803675564	-1.8571795385390513	0.060638427734375	0.060638427734375
M02	45	20360872.0	E350F6837BB3F25C7D6DA3F7F9639AC3F35EE91695E343297B1536FC57AE721A	R2	-0.00025698307760610147	0.0002634354699949151	0.00019989224320570277	0.3125200425610907	-0.45780863379554537	1.7432304270885006	8192	1.6940658945086007e-20	0.0001000446460567805	-0.000240739670926784	-0.00019369909250209415	-6.980098436993846e-05	0	6.980098436993846e-05	0.00019369909250209412	0.00024073967092678403	-6.052560746526052e-16	-0.31285314719733126	-0.00025698307760610147	0.0001000446460567805	-2.5686839599617386	0.006591796875	0.006591796875
M02	46	20360873.0	34CDAEA5116565C87FA9C29141AB797DCFA9639F21AE72DFECB380D87B574F99	R1	-0.00016238855353584682	0.00030960652882517156	0.0002492320023145416	-0.13528418078001897	-0.6303136848101945	2.063118657132508	65536	-3.218725199566341e-20	8.523387163358001e-05	-0.00020696542647493396	-0.00016475137119369244	-5.969025252679563e-05	0	5.969025252679563e-05	0.00016475137119369244	0.00020696542647493385	4.036164319207149e-15	-0.32187507462361076	-0.00016238855353584682	8.523387163358001e-05	-1.9052115130233014	0.053985595703125	0.053985595703125
M02	46	20360873.0	34CDAEA5116565C87FA9C29141AB797DCFA9639F21AE72DFECB380D87B574F99	R2	-0.00028484896053619413	0.0003293821383210059	0.0003275936636256073	0.03623158866562245	-1.7126145571188354	1.729464415368427	8192	-8.470329472543003e-21	0.0001180964637052957	-0.0002913289409721007	-0.00022408847163722748	-8.508287485119615e-05	0	8.508287485119615e-05	0.00022408847163722743	0.0002913289409721008	7.359359681149051e-16	-0.3212015769117258	-0.00028484896053619413	0.0001180964637052957	-2.412002456288798	0.01318359375	0.01318359375
M02	47	20360874.0	95416B5EC3F7C257791C9A4E135621DEDE5E96BC04B8C887AA10BDA14733C995	R1	-0.00015414444021358202	0.00038473783840625486	0.0002454655367008263	-0.44040405593280957	0.3338015554850142	2.393591328079575	65536	-8.639736061993863e-20	0.00010078899448996867	-0.00023938343234609157	-0.00019367293014496922	-7.152385507263745e-05	0	7.152385507263745e-05	0.00019367293014496922	0.00023938343234609132	4.6354169475793066e-15	-0.41917243714107677	-0.00015414444021358202	0.00010078899448996867	-1.5293776963805679	0.131500244140625	0.131500244140625
M02	47	20360874.0	95416B5EC3F7C257791C9A4E135621DEDE5E96BC04B8C887AA10BDA14733C995	R2	-7.579278668007016e-05	0.00045613757305047715	0.0003029574492568245	0.25545010383583633	-0.30224500439498003	1.9231699240009026	8192	1.6940658945086007e-20	0.00012335859267198599	-0.00029927507841957937	-0.00023908182144303985	-8.608729712911231e-05	0	8.608729712911231e-05	0.0002390818214430397	0.00029927507841957937	-6.99527185137863e-16	-0.3473220118386475	-7.579278668007016e-05	0.00012335859267198599	-0.6144102736451067	0.5576171875	0.5576171875
M02	48	20360875.0	7B5ECE6D578C31FAF22CF672D7004F838F46AEDAD61FDFA14DB7A0DE9FA6A614	R1	-0.00011407606849340302	0.00022717464437928942	0.00022732754279682137	-0.3085154074124188	-1.03681211540199	2.0938838454369546	65536	4.0234064994579266e-21	6.194608813132847e-05	-0.00015055305739386247	-0.00011990665935819646	-4.331262085943381e-05	0	4.331262085943381e-05	0.00011990665935819646	0.00015055305739386217	3.7170352418902876e-16	-0.32375768495775725	-0.00011407606849340302	6.194608813132847e-05	-1.8415378910054283	0.063507080078125	0.063507080078125
M02	48	20360875.0	7B5ECE6D578C31FAF22CF672D7004F838F46AEDAD61FDFA14DB7A0DE9FA6A614	R2	-0.00016236642760667833	0.000305703886188314	0.00026498178357443143	0.5135614239253857	-0.15991188709901172	1.8187761663741688	8192	8.470329472543003e-21	9.308500553374273e-05	-0.00023095779596464584	-0.00018137342155928864	-6.386803225746362e-05	0	6.386803225746362e-05	0.00018137342155928853	0.00023095779596464592	6.261815689709555e-16	-0.3057382477505257	-0.00016236642760667833	9.308500553374273e-05	-1.7442812263444678	0.086181640625	0.086181640625
M02	49	20360876.0	1D598B3175481C8DD7A18F681792D6E17938E74B18D5ECDBEB71671CCCABFF40	R1	-0.0002436568804134666	0.00034856263037713993	0.00017516273747466998	0.519301605929652	1.1268284077010762	1.8702050755672022	65536	-1.1858461261560205e-20	0.000104065403836248	-0.00025475778006225615	-0.00020174134534660544	-7.264470527999656e-05	0	7.264470527999656e-05	0.00020174134534660544	0.000254757780062256	2.4640178865481337e-16	-0.29675469747891636	-0.0002436568804134666	0.000104065403836248	-2.3413821638252865	0.01434326171875	0.01434326171875
M02	49	20360876.0	1D598B3175481C8DD7A18F681792D6E17938E74B18D5ECDBEB71671CCCABFF40	R2	-0.0001701564910393849	0.0005084927679478135	0.0002867683579677344	0.3254219989648778	0.4427175968197439	2.137745445376695	8192	-1.8211208365967457e-20	0.00014348979933499374	-0.00034208350966748175	-0.00027453421021425507	-0.00010197017096742701	0	0.00010197017096742701	0.0002745342102142545	0.00034208350966748185	1.324884700319958e-16	-0.3916169804775649	-0.0001701564910393849	0.00014348979933499374	-1.1858438148772839	0.2529296875	0.2529296875
M02	50	20360877.0	98DD520569607445F83ED361BD5AA1E8791551730A2DC474A391C20534CFDEE6	R1	-3.573977484166855e-05	0.00031052070825007437	0.00020411430152843395	0.990239977140038	1.4040391621342803	2.5209238995074426	65536	-5.929230630780102e-21	7.569486286343853e-05	-0.00018077869807002868	-0.00014473333977305176	-5.4059784087516545e-05	0	5.4059784087516545e-05	0.00014473333977305176	0.00018077869807002863	-3.492386682582842e-16	-0.4020742399337105	-3.573977484166855e-05	7.569486286343853e-05	-0.4721558833674994	0.658233642578125	0.658233642578125
M02	50	20360877.0	98DD520569607445F83ED361BD5AA1E8791551730A2DC474A391C20534CFDEE6	R2	-9.862494662003738e-05	0.0005401099732254704	0.00023539202222073118	1.610521527108616	4.35492987201606	2.5932913064077434	8192	3.3881317890172014e-21	0.00014650802533888542	-0.00032745689214548135	-0.00027344852551182164	-0.00010943580914646893	0	0.00010943580914646893	0.00027344852551182153	0.0003274568921454813	6.424143208919628e-17	-0.6535152010732279	-9.862494662003738e-05	0.00014650802533888542	-0.6731709501367558	0.54296875	0.54296875
M02	51	20360878.0	3EC9C8FFEA89FE950D5F6A822698D2B10B5867CD5222945BF8699AC70941143B	R1	-0.00034487016407349383	0.0003706975989376878	0.0002355350301208877	-0.3253473297456043	-0.5157676225411585	2.146536993611063	65536	-2.0328790734103208e-20	0.00012444059229965913	-0.0003008965848066067	-0.00024010126779311505	-8.712456522443514e-05	0	8.712456522443514e-05	0.00024010126779311505	0.0003008965848066063	-1.9388570909706687e-15	-0.3311455520868085	-0.00034487016407349383	0.00012444059229965913	-2.7713638909965113	0.002288818359375	0.002288818359375
M02	51	20360878.0	3EC9C8FFEA89FE950D5F6A822698D2B10B5867CD5222945BF8699AC70941143B	R2	-0.0002486916293101046	0.0003458336033937984	0.0002218502824696974	-0.3193919616004042	0.4255032296798471	2.2799316022059704	8192	-3.3881317890172014e-21	0.00011511511593368695	-0.0002710193038741449	-0.00021953933160460596	-8.161743831143824e-05	0	8.161743831143824e-05	0.00021953933160460585	0.0002710193038741449	-9.270441823667754e-16	-0.46516729113368216	-0.0002486916293101046	0.00011511511593368695	-2.160373355775149	0.02099609375	0.02099609375
M02	52	20360879.0	A1AFB1A25AC7239F87F92A110F8373FBB3539844F3293895CF79653D45FEE50E	R1	-0.00016218510139582318	0.00048661039995955203	0.00027866503083940415	0.6751973723477805	-0.059880604487378974	1.8710922925610347	65536	8.470329472543003e-21	0.00012457380395470858	-0.00030756258409461886	-0.0002418346906661616	-8.632982667783314e-05	0	8.632982667783314e-05	0.0002418346906661616	0.0003075625840946185	2.246045557670873e-15	-0.2486397835768348	-0.00016218510139582318	0.00012457380395470858	-1.3019197957123392	0.1998291015625	0.1998291015625
M02	52	20360879.0	A1AFB1A25AC7239F87F92A110F8373FBB3539844F3293895CF79653D45FEE50E	R2	-0.00012968423580736756	0.00034773245154712143	0.00028128708173141007	-0.264167866971719	-1.1258083457285182	1.9065615236382483	8192	-4.912791094074942e-20	9.940212238341363e-05	-0.00023717883528472458	-0.00019220682648307533	-6.998884389642043e-05	0	6.998884389642043e-05	0.00019220682648307514	0.00023717883528472463	1.3369828706328757e-15	-0.3622774593819402	-0.00012968423580736756	9.940212238341363e-05	-1.3046425236993415	0.2021484375	0.2021484375
M02	53	20360880.0	B1BC13B5DD3702E1C6EF85D155E60E8F56D804595A99B7CD3E4BF9ED3397CDCB	R1	-0.00030796723695638027	0.00028605033647599966	0.00013064485354538692	0.10832795441930143	-0.13499444132738603	1.8311489475506966	65536	2.0328790734103208e-20	0.00010354865465810518	-0.0002540569225747112	-0.00020090310252045127	-7.201944712435252e-05	0	7.201944712435252e-05	0.00020090310252045127	0.00025405692257471113	2.0008732701799817e-15	-0.27640764393124106	-0.00030796723695638027	0.00010354865465810518	-2.9741307405028117	0.000762939453125	0.000762939453125
M02	53	20360880.0	B1BC13B5DD3702E1C6EF85D155E60E8F56D804595A99B7CD3E4BF9ED3397CDCB	R2	-0.0002472994063114352	0.00036946818396382667	0.00017299129175733742	-0.20971288789442627	-0.33766020215556747	1.948487653739926	8192	-7.623296525288703e-21	0.00011999553414880156	-0.0002838394619837474	-0.00023279523648346277	-8.477753417107096e-05	0	8.477753417107096e-05	0.00023279523648346275	0.00028383946198374746	5.84620732759326e-17	-0.4187974091859026	-0.0002472994063114352	0.00011999553414880156	-2.060905083390598	0.033447265625	0.033447265625
M02	54	20360881.0	4A804C3459CAD46DD61193D201FB646C3B49DFBCF781DA4DB081C5376CDFEAA9	R1	-0.00012493351564895933	0.000262931336572448	0.00017605241477580222	-0.17635429683443324	-0.3628620845370363	2.29458387832233	65536	3.3881317890172014e-21	7.089679679706189e-05	-0.00017166747498842733	-0.0001367720195327314	-4.990010861304588e-05	0	4.990010861304588e-05	0.0001367720195327314	0.0001716674749884271	1.7356275530684544e-15	-0.34123514577442515	-0.00012493351564895933	7.089679679706189e-05	-1.7621884385915842	0.076141357421875	0.076141357421875
M02	54	20360881.0	4A804C3459CAD46DD61193D201FB646C3B49DFBCF781DA4DB081C5376CDFEAA9	R2	-0.00013412522935116826	0.0003981369227684987	0.00032481788250064236	-0.5844019274566145	0.12540375700648543	2.403205394130324	8192	-6.776263578034403e-21	0.00011243094897901335	-0.0002611210056678972	-0.00021328504321771287	-8.146745488007528e-05	0	8.146745488007528e-05	0.0002132850432177128	0.00026112100566789737	2.3099107218086867e-16	-0.5032259448281224	-0.00013412522935116826	0.00011243094897901335	-1.1929564819043235	0.25244140625	0.25244140625
M02	55	20360882.0	E4CC658349C3BD396C4539482D34F17C42C77549D4AF9308F482A450E8AB6B02	R1	-0.00012190656792118708	0.00044263800767808286	0.0003918678610898338	0.3002787671966335	-0.7749510243743467	1.7426944928683392	65536	-3.8116482626443515e-21	0.00011139656675788776	-0.0002753518739566291	-0.00021653122881022836	-7.714993708323347e-05	0	7.714993708323347e-05	0.00021653122881022836	0.00027535187395662903	-2.748472362657599e-15	-0.24355907333665217	-0.00012190656792118708	0.00011139656675788776	-1.0943476219167692	0.282928466796875	0.282928466796875
M02	55	20360882.0	E4CC658349C3BD396C4539482D34F17C42C77549D4AF9308F482A450E8AB6B02	R2	-0.00011539052327425158	0.00034406100801498386	0.00021149029288669357	-0.010432827018793498	-0.5144123997936871	1.9724982875709007	8192	3.3034284942917713e-20	9.711290728729458e-05	-0.0002338284029236116	-0.0001872145448212861	-6.86583122455524e-05	0	6.86583122455524e-05	0.000187214544821286	0.00023382840292361163	-1.2131968677223945e-15	-0.3654056976207616	-0.00011539052327425158	9.711290728729458e-05	-1.1882099557877028	0.248779296875	0.248779296875
M02	56	20360883.0	A72C964BAB778C07917D5BC8C9CEBB180D21F3905A943D160CF8880DE34C86A7	R1	-0.00011937477714514147	0.0003228232686722197	0.00031028940021787045	-0.505404468702317	-0.7392871810600448	2.317019109392643	65536	-1.8317087484374245e-20	8.364862505012945e-05	-0.00020185808638731849	-0.00016089775511115222	-5.896066432107147e-05	0	5.896066432107147e-05	0.00016089775511115222	0.00020185808638731832	-4.528800307488314e-16	-0.35347542491599615	-0.00011937477714514147	8.364862505012945e-05	-1.4270978999786528	0.160369873046875	0.160369873046875
M02	56	20360883.0	A72C964BAB778C07917D5BC8C9CEBB180D21F3905A943D160CF8880DE34C86A7	R2	-5.93350122787901e-05	0.00035113492542322787	0.00015413539664310105	1.984538896936074	5.061372079107704	2.7111393461373168	8192	8.470329472543003e-21	9.500867032281652e-05	-0.00021152183937015682	-0.0001740595135246655	-7.234241976308165e-05	0	7.234241976308165e-05	0.0001740595135246653	0.00021152183937015682	5.889111093583494e-17	-0.7006387037964439	-5.93350122787901e-05	9.500867032281652e-05	-0.6245220786396026	0.5908203125	0.5908203125
M02	57	20360884.0	EB07FCA431C7EDDB111A2BE1B71F401B2DF1DCBB0C1BE94D7B40B71C50E71696	R1	-0.00021226371167698595	0.00037594490594498517	0.00018442687740524643	0.21990434613051543	-0.019500038773014428	1.9871350925076274	65536	-6.1409888675936775e-21	0.0001053445994636724	-0.0002559514330615786	-0.0002045559960864795	-7.330228581890893e-05	0	7.330228581890893e-05	0.0002045559960864795	0.00025595143306157854	4.588728876631855e-16	-0.3010296461564721	-0.00021226371167698595	0.0001053445994636724	-2.0149463072398324	0.040557861328125	0.040557861328125
M02	57	20360884.0	EB07FCA431C7EDDB111A2BE1B71F401B2DF1DCBB0C1BE94D7B40B71C50E71696	R2	-0.00026462140671326006	0.00033743987128874827	0.00015903304627067712	1.1020818879169756	1.66213494210995	1.8933631516178075	8192	0	0.00011607445857077537	-0.00028452638293782436	-0.00022367446111300912	-8.068440754333143e-05	0	8.068440754333143e-05	0.00022367446111300882	0.0002845263829378244	8.396587448107456e-16	-0.2727355473869624	-0.00026462140671326006	0.00011607445857077537	-2.2797556841663793	0.01806640625	0.01806640625
M02	58	20360885.0	1219452C32CECAE0048E8CB07ACBCDC0557D0008308A461FEC13B1553AAF75ED	R1	2.6282423954869092e-05	0.0005457651099243175	0.00021444279981112924	1.9134135128606677	4.31434598073062	3.0817402722560874	65536	-1.7787691892340307e-20	0.00013227300611318992	-0.00029172651057059575	-0.0002409743687945651	-0.00010309398143023464	0	0.00010309398143023464	0.0002409743687945651	0.00029172651057059564	3.2724865951494066e-16	-0.7568632875296801	2.6282423954869092e-05	0.00013227300611318992	0.1986983189327265	0.874176025390625	0.874176025390625
M02	58	20360885.0	1219452C32CECAE0048E8CB07ACBCDC0557D0008308A461FEC13B1553AAF75ED	R2	-0.00030394266599512225	0.0004152412163911991	0.00019249320989873561	0.6389815925852581	0.7332225258069212	1.8878738260121588	8192	-3.3881317890172014e-21	0.00013911081347598803	-0.0003384390718709327	-0.00026849984821912206	-9.758929609105733e-05	0	9.758929609105733e-05	0.00026849984821912206	0.0003384390718709328	3.001765619208085e-16	-0.3170406561850294	-0.00030394266599512225	0.00013911081347598803	-2.184896043667992	0.0244140625	0.0244140625
M02	59	20360886.0	A12DC76B91A6DFCFD49E9D10621324602F454AB10397012599E6F6CAE44F3B5E	R1	-0.00026705770251639566	0.00029397997069608686	0.00018782236749674186	0.3538135922193839	-0.34678433600592573	1.9906049899732545	65536	5.082197683525802e-20	9.757844610030075e-05	-0.00024029706291844676	-0.00018922558475922081	-6.779946304040033e-05	0	6.779946304040033e-05	0.00018922558475922081	0.0002402970629184467	-7.607932143040006e-16	-0.2564787352422937	-0.00026705770251639566	9.757844610030075e-05	-2.7368513559017678	0.0032958984375	0.0032958984375
M02	59	20360886.0	A12DC76B91A6DFCFD49E9D10621324602F454AB10397012599E6F6CAE44F3B5E	R2	-0.00010171309763423024	0.000313945108431129	0.0002098549953249397	0.3788589710625148	-1.273210823460291	1.6557553937154235	8192	4.235164736271502e-21	8.829051671175152e-05	-0.00021958620695408803	-0.00017172072908907374	-6.120342757003002e-05	0	6.120342757003002e-05	0.00017172072908907364	0.00021958620695408806	1.3025537365762202e-15	-0.24536704462631986	-0.00010171309763423024	8.829051671175152e-05	-1.152027436494685	0.25830078125	0.25830078125
M02	60	20360887.0	7F6A490FE0C66094BE503B57159EBF2E1705F27304933E450F8A587E8BA2F1F8	R1	-0.0001873521042650145	0.00040110399536872596	0.00023289980646779495	-0.3802500420173301	0.9793386659588794	2.577000402656947	65536	6.776263578034403e-21	0.00010779981077171103	-0.00025431035730947237	-0.00020562464124496247	-7.743631191208581e-05	0	7.743631191208581e-05	0.00020562464124496247	0.0002543103573094721	-1.9748875537100196e-15	-0.4490416754597524	-0.0001873521042650145	0.00010779981077171103	-1.737963201640236	0.079132080078125	0.079132080078125
M02	60	20360887.0	7F6A490FE0C66094BE503B57159EBF2E1705F27304933E450F8A587E8BA2F1F8	R2	-0.00017073566273500168	0.0003955672772081805	0.00035557136064296097	0.2014823932830505	-1.3151518191853286	1.7101181050235057	8192	-1.4399560103323106e-20	0.0001155618079679308	-0.0002818213437081417	-0.0002239636658046808	-8.072091057523991e-05	0	8.072091057523991e-05	0.00022396366580468077	0.00028182134370814183	2.1272074262017073e-16	-0.2809674992243325	-0.00017073566273500168	0.0001155618079679308	-1.477440217812982	0.1435546875	0.1435546875
M02	61	20360888.0	C87A1721E877CC446616D0422BB0BE6A45113D949A19265D30AA8A5D2EB42C88	R1	-0.00026828939859144203	0.00028712293829466083	0.0002020467288215095	-0.30117557842131015	-0.8440397452678359	1.9678329465866988	65536	2.752857078576476e-21	9.65882326209641e-05	-0.0002342336614095828	-0.00018749238019911046	-6.752469030567512e-05	0	6.752469030567512e-05	0.00018749238019911046	0.0002342336614095828	-7.564172052087848e-16	-0.31999191228692414	-0.00026828939859144203	9.65882326209641e-05	-2.7776613290386565	0.00177001953125	0.00177001953125
M02	61	20360888.0	C87A1721E877CC446616D0422BB0BE6A45113D949A19265D30AA8A5D2EB42C88	R2	-0.00026939917197630004	0.00037707026752684954	0.00028576636274605906	0.3519059503522437	-1.1694037692144692	1.7393612094566595	8192	-1.1858461261560205e-20	0.0001252215599915151	-0.00030413185039956063	-0.00024213831365462178	-8.761275901735748e-05	0	8.761275901735748e-05	0.0002421383136546217	0.00030413185039956074	2.5721846228323876e-17	-0.28698033800814304	-0.00026939917197630004	0.0001252215599915151	-2.151380097760755	0.028564453125	0.028564453125
M02	62	20360889.0	76B76396A9AA60F420ACB8BC5322B9B9F14C881A45BE62EBC6BAA80ADA75843A	R1	-9.073992039194498e-05	0.00042949083168239443	0.0003429777158555378	0.21979651770230427	-0.22422894184691833	1.8840655425377952	65536	-3.3881317890172014e-21	0.00010641016565634783	-0.0002599301984636252	-0.0002065970958983415	-7.430641552626488e-05	0	7.430641552626488e-05	0.0002065970958983415	0.000259930198463625	-1.6866183269381422e-15	-0.2962426990457008	-9.073992039194498e-05	0.00010641016565634783	-0.8527373285461279	0.40875244140625	0.40875244140625
M02	62	20360889.0	76B76396A9AA60F420ACB8BC5322B9B9F14C881A45BE62EBC6BAA80ADA75843A	R2	-5.353306470001927e-05	0.0003421909690852249	0.00026889901027479665	-0.06972586405642948	-0.9837887789280182	1.7640143720170278	8192	5.082197683525802e-21	9.238993975974596e-05	-0.00022597847386287502	-0.000178612934721771	-6.457596630547927e-05	0	6.457596630547927e-05	0.0001786129347217708	0.00022597847386287502	3.442261693503907e-16	-0.31001103022623244	-5.353306470001927e-05	9.238993975974596e-05	-0.5794252581961686	0.57666015625	0.57666015625
M02	63	20360890.0	540AC2537CB7890B6667DC15D82A611B5D1BCBEED50CF42A53B995EAE19721B8	R1	-8.808430526808592e-05	0.00034046052301613014	0.0002579974272384438	-0.3569284063102533	-0.9307029588982303	2.0364051180105753	65536	-5.421010862427522e-20	8.53043828209508e-05	-0.00020811218074533844	-0.00016505874190644832	-5.9662927534858285e-05	0	5.9662927534858285e-05	0.00016505874190644832	0.00020811218074533842	2.4807676620716764e-15	-0.3005943931833266	-8.808430526808592e-05	8.53043828209508e-05	-1.0325882721989799	0.315032958984375	0.315032958984375
M02	63	20360890.0	540AC2537CB7890B6667DC15D82A611B5D1BCBEED50CF42A53B995EAE19721B8	R2	-6.952756143775458e-05	0.00024246794101348334	0.00011454880800831914	-0.4749752254569215	-0.8048052770235188	2.1155889520797095	8192	-8.893845946170154e-21	6.7430669823058e-05	-0.00016185209380872154	-0.00013001193553908107	-4.743881879556116e-05	0	4.743881879556116e-05	0.000130011935539081	0.00016185209380872157	3.706376759258018e-16	-0.3998275012941441	-6.952756143775458e-05	6.7430669823058e-05	-1.0310970011153522	0.321044921875	0.321044921875
M02	64	20360891.0	F3DF325DED93CA0CBA1CCD3DB3BB1FD6625E2DAC34AD5C1A13877D6FA5907C51	R1	-0.00022518286967422683	0.000260727990593042	0.0001652220176688761	-0.352683251097332	-0.694670277042142	2.0626405627011075	65536	1.6940658945086007e-21	8.45722558170001e-05	-0.0002048528685513958	-0.0001636595384470783	-5.928334099435944e-05	0	5.928334099435944e-05	0.0001636595384470783	0.0002048528685513956	1.1685426808660002e-15	-0.3370316459817184	-0.00022518286967422683	8.45722558170001e-05	-2.66260923867851	0.003204345703125	0.003204345703125
M02	64	20360891.0	F3DF325DED93CA0CBA1CCD3DB3BB1FD6625E2DAC34AD5C1A13877D6FA5907C51	R2	-0.00021368488866239005	0.00023663612618430736	0.00023094103863364557	0.1633879725541757	-1.4641581050258392	1.7696224027113676	8192	5.082197683525802e-21	8.65413808602901e-05	-0.0002116399218633125	-0.00016754340141384862	-6.022160192422977e-05	0	6.022160192422977e-05	0.0001675434014138486	0.00021163992186331253	7.013107805781781e-16	-0.3096718910004759	-0.00021368488866239005	8.65413808602901e-05	-2.4691643065801867	0.009033203125	0.009033203125
